param,mean_cal_loss,crc_bound,passes,trial,method
1.0,0.23775,0.2379405,False,0,crc
2.0,0.13725,0.13746564,False,0,crc
3.0,0.09875,0.09897526,True,0,crc
4.0,0.0765,0.07673082,True,0,crc
5.0,0.0595,0.059735067,True,0,crc
6.0,0.04825,0.04848788,True,0,crc
7.0,0.03575,0.035991006,True,0,crc
8.0,0.027,0.02724319,True,0,crc
9.0,0.02125,0.021494627,True,0,crc
10.0,0.0175,0.017745564,True,0,crc
11.0,0.0145,0.014746313,True,0,crc
12.0,0.01075,0.010997251,True,0,crc
13.0,0.00925,0.009497626,True,0,crc
14.0,0.0065,0.006748313,True,0,crc
15.0,0.005,0.0052486877,True,0,crc
16.0,0.0035,0.0037490628,True,0,crc
17.0,0.0025,0.0027493127,True,0,crc
18.0,0.00125,0.001499625,True,0,crc
19.0,0.001,0.0012496876,True,0,crc
20.0,0.0005,0.0007498126,True,0,crc
21.0,0.00025,0.00049987505,True,0,crc
22.0,0.00025,0.00049987505,True,0,crc
23.0,0.0,0.00024993753,True,0,crc
24.0,0.0,0.00024993753,True,0,crc
25.0,0.0,0.00024993753,True,0,crc
26.0,0.0,0.00024993753,True,0,crc
-6.0,0.23775,0.2379405,False,0,aa_crc_style
-5.9,0.23775,0.2379405,False,0,aa_crc_style
-5.8,0.23775,0.2379405,False,0,aa_crc_style
-5.7,0.23775,0.2379405,False,0,aa_crc_style
-5.6,0.23775,0.2379405,False,0,aa_crc_style
-5.5,0.23775,0.2379405,False,0,aa_crc_style
-5.4,0.23775,0.2379405,False,0,aa_crc_style
-5.3,0.23775,0.2379405,False,0,aa_crc_style
-5.2,0.23775,0.2379405,False,0,aa_crc_style
-5.1,0.23775,0.2379405,False,0,aa_crc_style
-5.0,0.23775,0.2379405,False,0,aa_crc_style
-4.9,0.23775,0.2379405,False,0,aa_crc_style
-4.8,0.23775,0.2379405,False,0,aa_crc_style
-4.7,0.23775,0.2379405,False,0,aa_crc_style
-4.6,0.23775,0.2379405,False,0,aa_crc_style
-4.5,0.23775,0.2379405,False,0,aa_crc_style
-4.4,0.23775,0.2379405,False,0,aa_crc_style
-4.3,0.23775,0.2379405,False,0,aa_crc_style
-4.2,0.23775,0.2379405,False,0,aa_crc_style
-4.1,0.23775,0.2379405,False,0,aa_crc_style
-4.0,0.23775,0.2379405,False,0,aa_crc_style
-3.9,0.23775,0.2379405,False,0,aa_crc_style
-3.8,0.23775,0.2379405,False,0,aa_crc_style
-3.6999999999999997,0.23775,0.2379405,False,0,aa_crc_style
-3.5999999999999996,0.23775,0.2379405,False,0,aa_crc_style
-3.5,0.23775,0.2379405,False,0,aa_crc_style
-3.4,0.23775,0.2379405,False,0,aa_crc_style
-3.3,0.23775,0.2379405,False,0,aa_crc_style
-3.1999999999999997,0.23775,0.2379405,False,0,aa_crc_style
-3.0999999999999996,0.23775,0.2379405,False,0,aa_crc_style
-3.0,0.23775,0.2379405,False,0,aa_crc_style
-2.9,0.23775,0.2379405,False,0,aa_crc_style
-2.8,0.23775,0.2379405,False,0,aa_crc_style
-2.6999999999999997,0.23775,0.2379405,False,0,aa_crc_style
-2.5999999999999996,0.23775,0.2379405,False,0,aa_crc_style
-2.5,0.23775,0.2379405,False,0,aa_crc_style
-2.4,0.23775,0.2379405,False,0,aa_crc_style
-2.3,0.23775,0.2379405,False,0,aa_crc_style
-2.1999999999999997,0.23775,0.2379405,False,0,aa_crc_style
-2.0999999999999996,0.23775,0.2379405,False,0,aa_crc_style
-2.0,0.23775,0.2379405,False,0,aa_crc_style
-1.8999999999999995,0.23775,0.2379405,False,0,aa_crc_style
-1.7999999999999998,0.23775,0.2379405,False,0,aa_crc_style
-1.7000000000000002,0.23775,0.2379405,False,0,aa_crc_style
-1.5999999999999996,0.23775,0.2379405,False,0,aa_crc_style
-1.5,0.23775,0.2379405,False,0,aa_crc_style
-1.3999999999999995,0.23775,0.2379405,False,0,aa_crc_style
-1.2999999999999998,0.2375,0.23769058,False,0,aa_crc_style
-1.1999999999999993,0.23725,0.23744065,False,0,aa_crc_style
-1.0999999999999996,0.23675,0.23694077,False,0,aa_crc_style
-1.0,0.23575,0.23594102,False,0,aa_crc_style
-0.8999999999999995,0.233,0.2331917,False,0,aa_crc_style
-0.7999999999999998,0.23075,0.23094226,False,0,aa_crc_style
-0.6999999999999993,0.22725,0.22744314,False,0,aa_crc_style
-0.5999999999999996,0.2245,0.22469383,False,0,aa_crc_style
-0.5,0.21925,0.21944514,False,0,aa_crc_style
-0.39999999999999947,0.213,0.21319671,False,0,aa_crc_style
-0.2999999999999998,0.20525,0.20544864,False,0,aa_crc_style
-0.1999999999999993,0.199,0.1992002,False,0,aa_crc_style
-0.09999999999999964,0.189,0.1892027,False,0,aa_crc_style
0.0,0.1765,0.17670582,False,0,aa_crc_style
0.10000000000000053,0.16425,0.16445889,False,0,aa_crc_style
0.20000000000000018,0.1495,0.14971258,False,0,aa_crc_style
0.3000000000000007,0.13725,0.13746564,False,0,aa_crc_style
0.40000000000000036,0.12575,0.12596852,False,0,aa_crc_style
0.5,0.1135,0.11372157,False,0,aa_crc_style
0.6000000000000005,0.10375,0.10397401,False,0,aa_crc_style
0.7000000000000002,0.09625,0.09647588,True,0,aa_crc_style
0.8000000000000007,0.09025,0.090477385,True,0,aa_crc_style
0.9000000000000004,0.08325,0.08347913,True,0,aa_crc_style
1.0,0.075,0.075231194,True,0,aa_crc_style
1.1000000000000005,0.06825,0.06848288,True,0,aa_crc_style
1.2000000000000002,0.0625,0.06273432,True,0,aa_crc_style
1.3000000000000007,0.0565,0.056735817,True,0,aa_crc_style
1.4000000000000004,0.05025,0.05048738,True,0,aa_crc_style
1.5,0.04475,0.044988755,True,0,aa_crc_style
1.6000000000000005,0.04,0.040239938,True,0,aa_crc_style
1.7000000000000002,0.03475,0.034991253,True,0,aa_crc_style
1.8000000000000007,0.03225,0.032491874,True,0,aa_crc_style
1.9000000000000004,0.02925,0.029492626,True,0,aa_crc_style
2.0,0.025,0.02524369,True,0,aa_crc_style
2.0999999999999996,0.0225,0.022744315,True,0,aa_crc_style
2.200000000000001,0.0185,0.018745314,True,0,aa_crc_style
2.3000000000000007,0.01575,0.015996002,True,0,aa_crc_style
2.4000000000000004,0.0135,0.013746563,True,0,aa_crc_style
2.5,0.012,0.012246938,True,0,aa_crc_style
2.5999999999999996,0.0105,0.010747313,True,0,aa_crc_style
2.700000000000001,0.009,0.009247688,True,0,aa_crc_style
2.8000000000000007,0.0075,0.007748063,True,0,aa_crc_style
2.9000000000000004,0.0055,0.005748563,True,0,aa_crc_style
3.0,0.0045,0.004748813,True,0,aa_crc_style
3.0999999999999996,0.0035,0.0037490628,True,0,aa_crc_style
3.200000000000001,0.00325,0.0034991251,True,0,aa_crc_style
3.3000000000000007,0.003,0.003249188,True,0,aa_crc_style
3.4000000000000004,0.00225,0.002499375,True,0,aa_crc_style
3.5,0.002,0.0022494378,True,0,aa_crc_style
3.6000000000000014,0.0015,0.0017495627,True,0,aa_crc_style
3.700000000000001,0.00125,0.001499625,True,0,aa_crc_style
3.8000000000000007,0.001,0.0012496876,True,0,aa_crc_style
3.9000000000000004,0.0005,0.0007498126,True,0,aa_crc_style
4.0,0.00025,0.00049987505,True,0,aa_crc_style
4.100000000000001,0.00025,0.00049987505,True,0,aa_crc_style
4.200000000000001,0.0,0.00024993753,True,0,aa_crc_style
4.300000000000001,0.0,0.00024993753,True,0,aa_crc_style
4.4,0.0,0.00024993753,True,0,aa_crc_style
4.5,0.0,0.00024993753,True,0,aa_crc_style
4.600000000000001,0.0,0.00024993753,True,0,aa_crc_style
4.700000000000001,0.0,0.00024993753,True,0,aa_crc_style
4.800000000000001,0.0,0.00024993753,True,0,aa_crc_style
4.9,0.0,0.00024993753,True,0,aa_crc_style
5.0,0.0,0.00024993753,True,0,aa_crc_style
5.100000000000001,0.0,0.00024993753,True,0,aa_crc_style
5.200000000000001,0.0,0.00024993753,True,0,aa_crc_style
5.300000000000001,0.0,0.00024993753,True,0,aa_crc_style
5.4,0.0,0.00024993753,True,0,aa_crc_style
5.5,0.0,0.00024993753,True,0,aa_crc_style
5.600000000000001,0.0,0.00024993753,True,0,aa_crc_style
5.700000000000001,0.0,0.00024993753,True,0,aa_crc_style
5.800000000000001,0.0,0.00024993753,True,0,aa_crc_style
5.9,0.0,0.00024993753,True,0,aa_crc_style
6.0,0.0,0.00024993753,True,0,aa_crc_style
0.0,0.00025,0.00049987505,True,0,recirc_tabicl
0.0125,0.00775,0.007998001,True,0,recirc_tabicl
0.025,0.01525,0.015496126,True,0,recirc_tabicl
0.037500000000000006,0.0205,0.020744814,True,0,recirc_tabicl
0.05,0.02675,0.026993252,True,0,recirc_tabicl
0.0625,0.03525,0.035491128,True,0,recirc_tabicl
0.07500000000000001,0.0435,0.043739066,True,0,recirc_tabicl
0.08750000000000001,0.05225,0.05248688,True,0,recirc_tabicl
0.1,0.06175,0.0619845,True,0,recirc_tabicl
0.1125,0.067,0.0672332,True,0,recirc_tabicl
0.125,0.07325,0.073481634,True,0,recirc_tabicl
0.1375,0.08,0.08022994,True,0,recirc_tabicl
0.15000000000000002,0.08675,0.08697826,True,0,recirc_tabicl
0.1625,0.093,0.09322669,True,0,recirc_tabicl
0.17500000000000002,0.09925,0.09947514,True,0,recirc_tabicl
0.1875,0.10175,0.10197451,False,0,recirc_tabicl
0.2,0.1055,0.10572357,False,0,recirc_tabicl
0.21250000000000002,0.111,0.1112222,False,0,recirc_tabicl
0.225,0.11675,0.11697076,False,0,recirc_tabicl
0.23750000000000002,0.1215,0.12171957,False,0,recirc_tabicl
0.25,0.1265,0.12671831,False,0,recirc_tabicl
0.2625,0.1325,0.13271682,False,0,recirc_tabicl
0.275,0.136,0.13621596,False,0,recirc_tabicl
0.28750000000000003,0.142,0.14221445,False,0,recirc_tabicl
0.30000000000000004,0.14725,0.14746313,False,0,recirc_tabicl
0.3125,0.15025,0.15046239,False,0,recirc_tabicl
0.325,0.1535,0.15371157,False,0,recirc_tabicl
0.3375,0.1575,0.15771057,False,0,recirc_tabicl
0.35000000000000003,0.1595,0.15971008,False,0,recirc_tabicl
0.36250000000000004,0.1635,0.16370907,False,0,recirc_tabicl
0.375,0.16775,0.167958,False,0,recirc_tabicl
0.3875,0.172,0.17220695,False,0,recirc_tabicl
0.4,0.17575,0.17595601,False,0,recirc_tabicl
0.41250000000000003,0.1775,0.17770557,False,0,recirc_tabicl
0.42500000000000004,0.18075,0.18095475,False,0,recirc_tabicl
0.4375,0.18275,0.18295427,False,0,recirc_tabicl
0.45,0.1865,0.18670332,False,0,recirc_tabicl
0.4625,0.1895,0.18970259,False,0,recirc_tabicl
0.47500000000000003,0.19275,0.19295177,False,0,recirc_tabicl
0.48750000000000004,0.1965,0.19670083,False,0,recirc_tabicl
0.5,0.2015,0.20169957,False,0,recirc_tabicl
0.5125000000000001,0.20375,0.20394902,False,0,recirc_tabicl
0.525,0.209,0.20919771,False,0,recirc_tabicl
0.5375,0.215,0.2151962,False,0,recirc_tabicl
0.55,0.2185,0.21869533,False,0,recirc_tabicl
0.5625,0.22075,0.22094478,False,0,recirc_tabicl
0.5750000000000001,0.2245,0.22469383,False,0,recirc_tabicl
0.5875,0.2265,0.22669333,False,0,recirc_tabicl
0.6000000000000001,0.22875,0.22894277,False,0,recirc_tabicl
0.6125,0.23125,0.23144214,False,0,recirc_tabicl
0.625,0.233,0.2331917,False,0,recirc_tabicl
0.6375000000000001,0.2345,0.23469134,False,0,recirc_tabicl
0.65,0.23475,0.23494127,False,0,recirc_tabicl
0.6625000000000001,0.23475,0.23494127,False,0,recirc_tabicl
0.675,0.2355,0.23569107,False,0,recirc_tabicl
0.6875,0.2365,0.23669082,False,0,recirc_tabicl
0.7000000000000001,0.2365,0.23669082,False,0,recirc_tabicl
0.7125,0.23675,0.23694077,False,0,recirc_tabicl
0.7250000000000001,0.2375,0.23769058,False,0,recirc_tabicl
0.7375,0.23775,0.2379405,False,0,recirc_tabicl
0.75,0.23775,0.2379405,False,0,recirc_tabicl
0.7625000000000001,0.23775,0.2379405,False,0,recirc_tabicl
0.775,0.23775,0.2379405,False,0,recirc_tabicl
0.7875000000000001,0.23775,0.2379405,False,0,recirc_tabicl
0.8,0.23775,0.2379405,False,0,recirc_tabicl
0.8125,0.23775,0.2379405,False,0,recirc_tabicl
0.8250000000000001,0.23775,0.2379405,False,0,recirc_tabicl
0.8375,0.23775,0.2379405,False,0,recirc_tabicl
0.8500000000000001,0.23775,0.2379405,False,0,recirc_tabicl
0.8625,0.23775,0.2379405,False,0,recirc_tabicl
0.875,0.23775,0.2379405,False,0,recirc_tabicl
0.8875000000000001,0.23775,0.2379405,False,0,recirc_tabicl
0.9,0.23775,0.2379405,False,0,recirc_tabicl
0.9125000000000001,0.23775,0.2379405,False,0,recirc_tabicl
0.925,0.23775,0.2379405,False,0,recirc_tabicl
0.9375,0.23775,0.2379405,False,0,recirc_tabicl
0.9500000000000001,0.23775,0.2379405,False,0,recirc_tabicl
0.9625,0.23775,0.2379405,False,0,recirc_tabicl
0.9750000000000001,0.23775,0.2379405,False,0,recirc_tabicl
0.9875,0.23775,0.2379405,False,0,recirc_tabicl
1.0,0.23775,0.2379405,False,0,recirc_tabicl
1.0,0.2355,0.23569107,False,1,crc
2.0,0.136,0.13621596,False,1,crc
3.0,0.09825,0.09847538,True,1,crc
4.0,0.077,0.07723069,True,1,crc
5.0,0.062,0.062234443,True,1,crc
6.0,0.0475,0.047738064,True,1,crc
7.0,0.04025,0.04048988,True,1,crc
8.0,0.03075,0.030992253,True,1,crc
9.0,0.0255,0.025743565,True,1,crc
10.0,0.021,0.021244688,True,1,crc
11.0,0.01775,0.017995501,True,1,crc
12.0,0.013,0.013246688,True,1,crc
13.0,0.0105,0.010747313,True,1,crc
14.0,0.00775,0.007998001,True,1,crc
15.0,0.00625,0.006498376,True,1,crc
16.0,0.005,0.0052486877,True,1,crc
17.0,0.004,0.004248938,True,1,crc
18.0,0.0025,0.0027493127,True,1,crc
19.0,0.0025,0.0027493127,True,1,crc
20.0,0.002,0.0022494378,True,1,crc
21.0,0.0015,0.0017495627,True,1,crc
22.0,0.00125,0.001499625,True,1,crc
23.0,0.00075,0.0009997501,True,1,crc
24.0,0.00025,0.00049987505,True,1,crc
25.0,0.00025,0.00049987505,True,1,crc
26.0,0.0,0.00024993753,True,1,crc
-6.0,0.2355,0.23569107,False,1,aa_crc_style
-5.9,0.2355,0.23569107,False,1,aa_crc_style
-5.8,0.2355,0.23569107,False,1,aa_crc_style
-5.7,0.2355,0.23569107,False,1,aa_crc_style
-5.6,0.2355,0.23569107,False,1,aa_crc_style
-5.5,0.2355,0.23569107,False,1,aa_crc_style
-5.4,0.2355,0.23569107,False,1,aa_crc_style
-5.3,0.2355,0.23569107,False,1,aa_crc_style
-5.2,0.2355,0.23569107,False,1,aa_crc_style
-5.1,0.2355,0.23569107,False,1,aa_crc_style
-5.0,0.2355,0.23569107,False,1,aa_crc_style
-4.9,0.2355,0.23569107,False,1,aa_crc_style
-4.8,0.2355,0.23569107,False,1,aa_crc_style
-4.7,0.2355,0.23569107,False,1,aa_crc_style
-4.6,0.2355,0.23569107,False,1,aa_crc_style
-4.5,0.2355,0.23569107,False,1,aa_crc_style
-4.4,0.2355,0.23569107,False,1,aa_crc_style
-4.3,0.2355,0.23569107,False,1,aa_crc_style
-4.2,0.2355,0.23569107,False,1,aa_crc_style
-4.1,0.2355,0.23569107,False,1,aa_crc_style
-4.0,0.2355,0.23569107,False,1,aa_crc_style
-3.9,0.2355,0.23569107,False,1,aa_crc_style
-3.8,0.2355,0.23569107,False,1,aa_crc_style
-3.6999999999999997,0.2355,0.23569107,False,1,aa_crc_style
-3.5999999999999996,0.2355,0.23569107,False,1,aa_crc_style
-3.5,0.2355,0.23569107,False,1,aa_crc_style
-3.4,0.2355,0.23569107,False,1,aa_crc_style
-3.3,0.2355,0.23569107,False,1,aa_crc_style
-3.1999999999999997,0.2355,0.23569107,False,1,aa_crc_style
-3.0999999999999996,0.2355,0.23569107,False,1,aa_crc_style
-3.0,0.2355,0.23569107,False,1,aa_crc_style
-2.9,0.2355,0.23569107,False,1,aa_crc_style
-2.8,0.2355,0.23569107,False,1,aa_crc_style
-2.6999999999999997,0.2355,0.23569107,False,1,aa_crc_style
-2.5999999999999996,0.2355,0.23569107,False,1,aa_crc_style
-2.5,0.2355,0.23569107,False,1,aa_crc_style
-2.4,0.2355,0.23569107,False,1,aa_crc_style
-2.3,0.2355,0.23569107,False,1,aa_crc_style
-2.1999999999999997,0.2355,0.23569107,False,1,aa_crc_style
-2.0999999999999996,0.2355,0.23569107,False,1,aa_crc_style
-2.0,0.2355,0.23569107,False,1,aa_crc_style
-1.8999999999999995,0.2355,0.23569107,False,1,aa_crc_style
-1.7999999999999998,0.2355,0.23569107,False,1,aa_crc_style
-1.7000000000000002,0.2355,0.23569107,False,1,aa_crc_style
-1.5999999999999996,0.23525,0.23544113,False,1,aa_crc_style
-1.5,0.23525,0.23544113,False,1,aa_crc_style
-1.3999999999999995,0.235,0.23519121,False,1,aa_crc_style
-1.2999999999999998,0.2345,0.23469134,False,1,aa_crc_style
-1.1999999999999993,0.23425,0.23444138,False,1,aa_crc_style
-1.0999999999999996,0.23325,0.23344165,False,1,aa_crc_style
-1.0,0.2325,0.23269184,False,1,aa_crc_style
-0.8999999999999995,0.23125,0.23144214,False,1,aa_crc_style
-0.7999999999999998,0.22975,0.22994253,False,1,aa_crc_style
-0.6999999999999993,0.2265,0.22669333,False,1,aa_crc_style
-0.5999999999999996,0.22325,0.22344415,False,1,aa_crc_style
-0.5,0.2205,0.22069484,False,1,aa_crc_style
-0.39999999999999947,0.2135,0.21369657,False,1,aa_crc_style
-0.2999999999999998,0.20525,0.20544864,False,1,aa_crc_style
-0.1999999999999993,0.1965,0.19670083,False,1,aa_crc_style
-0.09999999999999964,0.18825,0.1884529,False,1,aa_crc_style
0.0,0.175,0.1752062,False,1,aa_crc_style
0.10000000000000053,0.16425,0.16445889,False,1,aa_crc_style
0.20000000000000018,0.15225,0.15246189,False,1,aa_crc_style
0.3000000000000007,0.13825,0.13846537,False,1,aa_crc_style
0.40000000000000036,0.1265,0.12671831,False,1,aa_crc_style
0.5,0.114,0.114221446,False,1,aa_crc_style
0.6000000000000005,0.10325,0.10347413,False,1,aa_crc_style
0.7000000000000002,0.09525,0.095476136,True,1,aa_crc_style
0.8000000000000007,0.08625,0.08647838,True,1,aa_crc_style
0.9000000000000004,0.08,0.08022994,True,1,aa_crc_style
1.0,0.07375,0.0739815,True,1,aa_crc_style
1.1000000000000005,0.0675,0.06773307,True,1,aa_crc_style
1.2000000000000002,0.0615,0.06173457,True,1,aa_crc_style
1.3000000000000007,0.0565,0.056735817,True,1,aa_crc_style
1.4000000000000004,0.0525,0.052736815,True,1,aa_crc_style
1.5,0.047,0.04723819,True,1,aa_crc_style
1.6000000000000005,0.0435,0.043739066,True,1,aa_crc_style
1.7000000000000002,0.03975,0.03999,True,1,aa_crc_style
1.8000000000000007,0.03625,0.036490876,True,1,aa_crc_style
1.9000000000000004,0.03075,0.030992253,True,1,aa_crc_style
2.0,0.02775,0.027993003,True,1,aa_crc_style
2.0999999999999996,0.0245,0.024743814,True,1,aa_crc_style
2.200000000000001,0.022,0.022244439,True,1,aa_crc_style
2.3000000000000007,0.0185,0.018745314,True,1,aa_crc_style
2.4000000000000004,0.0155,0.015746064,True,1,aa_crc_style
2.5,0.01375,0.0139965005,True,1,aa_crc_style
2.5999999999999996,0.01225,0.012496876,True,1,aa_crc_style
2.700000000000001,0.01025,0.010497375,True,1,aa_crc_style
2.8000000000000007,0.008,0.008247938,True,1,aa_crc_style
2.9000000000000004,0.006,0.0062484383,True,1,aa_crc_style
3.0,0.00475,0.0049987505,True,1,aa_crc_style
3.0999999999999996,0.0045,0.004748813,True,1,aa_crc_style
3.200000000000001,0.004,0.004248938,True,1,aa_crc_style
3.3000000000000007,0.00375,0.0039990004,True,1,aa_crc_style
3.4000000000000004,0.00325,0.0034991251,True,1,aa_crc_style
3.5,0.00325,0.0034991251,True,1,aa_crc_style
3.6000000000000014,0.00225,0.002499375,True,1,aa_crc_style
3.700000000000001,0.0015,0.0017495627,True,1,aa_crc_style
3.8000000000000007,0.0015,0.0017495627,True,1,aa_crc_style
3.9000000000000004,0.00125,0.001499625,True,1,aa_crc_style
4.0,0.001,0.0012496876,True,1,aa_crc_style
4.100000000000001,0.00075,0.0009997501,True,1,aa_crc_style
4.200000000000001,0.00075,0.0009997501,True,1,aa_crc_style
4.300000000000001,0.00075,0.0009997501,True,1,aa_crc_style
4.4,0.00075,0.0009997501,True,1,aa_crc_style
4.5,0.00075,0.0009997501,True,1,aa_crc_style
4.600000000000001,0.00075,0.0009997501,True,1,aa_crc_style
4.700000000000001,0.00075,0.0009997501,True,1,aa_crc_style
4.800000000000001,0.00075,0.0009997501,True,1,aa_crc_style
4.9,0.00075,0.0009997501,True,1,aa_crc_style
5.0,0.0005,0.0007498126,True,1,aa_crc_style
5.100000000000001,0.00025,0.00049987505,True,1,aa_crc_style
5.200000000000001,0.00025,0.00049987505,True,1,aa_crc_style
5.300000000000001,0.00025,0.00049987505,True,1,aa_crc_style
5.4,0.00025,0.00049987505,True,1,aa_crc_style
5.5,0.0,0.00024993753,True,1,aa_crc_style
5.600000000000001,0.0,0.00024993753,True,1,aa_crc_style
5.700000000000001,0.0,0.00024993753,True,1,aa_crc_style
5.800000000000001,0.0,0.00024993753,True,1,aa_crc_style
5.9,0.0,0.00024993753,True,1,aa_crc_style
6.0,0.0,0.00024993753,True,1,aa_crc_style
0.0,0.0,0.00024993753,True,1,recirc_tabicl
0.0125,0.00725,0.0074981255,True,1,recirc_tabicl
0.025,0.01275,0.012996751,True,1,recirc_tabicl
0.037500000000000006,0.02175,0.021994501,True,1,recirc_tabicl
0.05,0.02875,0.028992752,True,1,recirc_tabicl
0.0625,0.0355,0.035741065,True,1,recirc_tabicl
0.07500000000000001,0.0415,0.041739564,True,1,recirc_tabicl
0.08750000000000001,0.0505,0.050737318,True,1,recirc_tabicl
0.1,0.059,0.059235193,True,1,recirc_tabicl
0.1125,0.065,0.06523369,True,1,recirc_tabicl
0.125,0.07025,0.07048238,True,1,recirc_tabicl
0.1375,0.07525,0.07548113,True,1,recirc_tabicl
0.15000000000000002,0.081,0.081229694,True,1,recirc_tabicl
0.1625,0.08475,0.08497875,True,1,recirc_tabicl
0.17500000000000002,0.08925,0.08947763,True,1,recirc_tabicl
0.1875,0.0955,0.09572607,True,1,recirc_tabicl
0.2,0.10175,0.10197451,False,1,recirc_tabicl
0.21250000000000002,0.10725,0.10747313,False,1,recirc_tabicl
0.225,0.11025,0.11047239,False,1,recirc_tabicl
0.23750000000000002,0.1155,0.11572108,False,1,recirc_tabicl
0.25,0.12025,0.12046988,False,1,recirc_tabicl
0.2625,0.12375,0.12396901,False,1,recirc_tabicl
0.275,0.129,0.12921768,False,1,recirc_tabicl
0.28750000000000003,0.13375,0.13396652,False,1,recirc_tabicl
0.30000000000000004,0.13825,0.13846537,False,1,recirc_tabicl
0.3125,0.141,0.1412147,False,1,recirc_tabicl
0.325,0.1455,0.14571358,False,1,recirc_tabicl
0.3375,0.149,0.1492127,False,1,recirc_tabicl
0.35000000000000003,0.152,0.15221195,False,1,recirc_tabicl
0.36250000000000004,0.1565,0.15671082,False,1,recirc_tabicl
0.375,0.16025,0.16045988,False,1,recirc_tabicl
0.3875,0.162,0.16220945,False,1,recirc_tabicl
0.4,0.165,0.16520871,False,1,recirc_tabicl
0.41250000000000003,0.1685,0.16870783,False,1,recirc_tabicl
0.42500000000000004,0.17,0.17020746,False,1,recirc_tabicl
0.4375,0.17125,0.17145714,False,1,recirc_tabicl
0.45,0.17425,0.17445639,False,1,recirc_tabicl
0.4625,0.1765,0.17670582,False,1,recirc_tabicl
0.47500000000000003,0.17925,0.17945515,False,1,recirc_tabicl
0.48750000000000004,0.1815,0.18170458,False,1,recirc_tabicl
0.5,0.18375,0.18395402,False,1,recirc_tabicl
0.5125000000000001,0.188,0.18820295,False,1,recirc_tabicl
0.525,0.19175,0.19195202,False,1,recirc_tabicl
0.5375,0.194,0.19420145,False,1,recirc_tabicl
0.55,0.196,0.19620095,False,1,recirc_tabicl
0.5625,0.19925,0.19945014,False,1,recirc_tabicl
0.5750000000000001,0.20125,0.20144965,False,1,recirc_tabicl
0.5875,0.20425,0.20444888,False,1,recirc_tabicl
0.6000000000000001,0.2065,0.20669833,False,1,recirc_tabicl
0.6125,0.208,0.20819795,False,1,recirc_tabicl
0.625,0.2095,0.20969757,False,1,recirc_tabicl
0.6375000000000001,0.2105,0.21069732,False,1,recirc_tabicl
0.65,0.211,0.2111972,False,1,recirc_tabicl
0.6625000000000001,0.2115,0.21169709,False,1,recirc_tabicl
0.675,0.215,0.2151962,False,1,recirc_tabicl
0.6875,0.21775,0.21794552,False,1,recirc_tabicl
0.7000000000000001,0.21975,0.21994501,False,1,recirc_tabicl
0.7125,0.221,0.2211947,False,1,recirc_tabicl
0.7250000000000001,0.222,0.22219446,False,1,recirc_tabicl
0.7375,0.22325,0.22344415,False,1,recirc_tabicl
0.75,0.225,0.2251937,False,1,recirc_tabicl
0.7625000000000001,0.226,0.22619346,False,1,recirc_tabicl
0.775,0.22725,0.22744314,False,1,recirc_tabicl
0.7875000000000001,0.22775,0.22794302,False,1,recirc_tabicl
0.8,0.22875,0.22894277,False,1,recirc_tabicl
0.8125,0.22925,0.22944264,False,1,recirc_tabicl
0.8250000000000001,0.23025,0.23044239,False,1,recirc_tabicl
0.8375,0.231,0.23119222,False,1,recirc_tabicl
0.8500000000000001,0.232,0.23219195,False,1,recirc_tabicl
0.8625,0.2325,0.23269184,False,1,recirc_tabicl
0.875,0.23325,0.23344165,False,1,recirc_tabicl
0.8875000000000001,0.2335,0.23369159,False,1,recirc_tabicl
0.9,0.23375,0.23394153,False,1,recirc_tabicl
0.9125000000000001,0.23425,0.23444138,False,1,recirc_tabicl
0.925,0.235,0.23519121,False,1,recirc_tabicl
0.9375,0.23525,0.23544113,False,1,recirc_tabicl
0.9500000000000001,0.2355,0.23569107,False,1,recirc_tabicl
0.9625,0.2355,0.23569107,False,1,recirc_tabicl
0.9750000000000001,0.2355,0.23569107,False,1,recirc_tabicl
0.9875,0.2355,0.23569107,False,1,recirc_tabicl
1.0,0.2355,0.23569107,False,1,recirc_tabicl
1.0,0.23825,0.2384404,False,2,crc
2.0,0.134,0.13421646,False,2,crc
3.0,0.0915,0.09172707,True,2,crc
4.0,0.072,0.07223194,True,2,crc
5.0,0.05675,0.056985755,True,2,crc
6.0,0.04775,0.047988005,True,2,crc
7.0,0.03875,0.03899025,True,2,crc
8.0,0.031,0.03124219,True,2,crc
9.0,0.02325,0.023494126,True,2,crc
10.0,0.01775,0.017995501,True,2,crc
11.0,0.0145,0.014746313,True,2,crc
12.0,0.01075,0.010997251,True,2,crc
13.0,0.008,0.008247938,True,2,crc
14.0,0.006,0.0062484383,True,2,crc
15.0,0.0045,0.004748813,True,2,crc
16.0,0.00325,0.0034991251,True,2,crc
17.0,0.0025,0.0027493127,True,2,crc
18.0,0.002,0.0022494378,True,2,crc
19.0,0.00125,0.001499625,True,2,crc
20.0,0.001,0.0012496876,True,2,crc
21.0,0.00025,0.00049987505,True,2,crc
22.0,0.00025,0.00049987505,True,2,crc
23.0,0.0,0.00024993753,True,2,crc
24.0,0.0,0.00024993753,True,2,crc
25.0,0.0,0.00024993753,True,2,crc
26.0,0.0,0.00024993753,True,2,crc
-6.0,0.23825,0.2384404,False,2,aa_crc_style
-5.9,0.23825,0.2384404,False,2,aa_crc_style
-5.8,0.23825,0.2384404,False,2,aa_crc_style
-5.7,0.23825,0.2384404,False,2,aa_crc_style
-5.6,0.23825,0.2384404,False,2,aa_crc_style
-5.5,0.23825,0.2384404,False,2,aa_crc_style
-5.4,0.23825,0.2384404,False,2,aa_crc_style
-5.3,0.23825,0.2384404,False,2,aa_crc_style
-5.2,0.23825,0.2384404,False,2,aa_crc_style
-5.1,0.23825,0.2384404,False,2,aa_crc_style
-5.0,0.23825,0.2384404,False,2,aa_crc_style
-4.9,0.23825,0.2384404,False,2,aa_crc_style
-4.8,0.23825,0.2384404,False,2,aa_crc_style
-4.7,0.23825,0.2384404,False,2,aa_crc_style
-4.6,0.23825,0.2384404,False,2,aa_crc_style
-4.5,0.23825,0.2384404,False,2,aa_crc_style
-4.4,0.23825,0.2384404,False,2,aa_crc_style
-4.3,0.23825,0.2384404,False,2,aa_crc_style
-4.2,0.23825,0.2384404,False,2,aa_crc_style
-4.1,0.23825,0.2384404,False,2,aa_crc_style
-4.0,0.23825,0.2384404,False,2,aa_crc_style
-3.9,0.23825,0.2384404,False,2,aa_crc_style
-3.8,0.23825,0.2384404,False,2,aa_crc_style
-3.6999999999999997,0.23825,0.2384404,False,2,aa_crc_style
-3.5999999999999996,0.23825,0.2384404,False,2,aa_crc_style
-3.5,0.23825,0.2384404,False,2,aa_crc_style
-3.4,0.23825,0.2384404,False,2,aa_crc_style
-3.3,0.23825,0.2384404,False,2,aa_crc_style
-3.1999999999999997,0.23825,0.2384404,False,2,aa_crc_style
-3.0999999999999996,0.23825,0.2384404,False,2,aa_crc_style
-3.0,0.23825,0.2384404,False,2,aa_crc_style
-2.9,0.23825,0.2384404,False,2,aa_crc_style
-2.8,0.23825,0.2384404,False,2,aa_crc_style
-2.6999999999999997,0.23825,0.2384404,False,2,aa_crc_style
-2.5999999999999996,0.23825,0.2384404,False,2,aa_crc_style
-2.5,0.23825,0.2384404,False,2,aa_crc_style
-2.4,0.23825,0.2384404,False,2,aa_crc_style
-2.3,0.23825,0.2384404,False,2,aa_crc_style
-2.1999999999999997,0.23825,0.2384404,False,2,aa_crc_style
-2.0999999999999996,0.23825,0.2384404,False,2,aa_crc_style
-2.0,0.23825,0.2384404,False,2,aa_crc_style
-1.8999999999999995,0.23825,0.2384404,False,2,aa_crc_style
-1.7999999999999998,0.23825,0.2384404,False,2,aa_crc_style
-1.7000000000000002,0.23825,0.2384404,False,2,aa_crc_style
-1.5999999999999996,0.23825,0.2384404,False,2,aa_crc_style
-1.5,0.23775,0.2379405,False,2,aa_crc_style
-1.3999999999999995,0.2375,0.23769058,False,2,aa_crc_style
-1.2999999999999998,0.2375,0.23769058,False,2,aa_crc_style
-1.1999999999999993,0.237,0.23719071,False,2,aa_crc_style
-1.0999999999999996,0.23575,0.23594102,False,2,aa_crc_style
-1.0,0.23475,0.23494127,False,2,aa_crc_style
-0.8999999999999995,0.2335,0.23369159,False,2,aa_crc_style
-0.7999999999999998,0.2295,0.22969258,False,2,aa_crc_style
-0.6999999999999993,0.226,0.22619346,False,2,aa_crc_style
-0.5999999999999996,0.2215,0.22169457,False,2,aa_crc_style
-0.5,0.2175,0.21769558,False,2,aa_crc_style
-0.39999999999999947,0.21075,0.21094726,False,2,aa_crc_style
-0.2999999999999998,0.20275,0.20294926,False,2,aa_crc_style
-0.1999999999999993,0.1915,0.19170207,False,2,aa_crc_style
-0.09999999999999964,0.17925,0.17945515,False,2,aa_crc_style
0.0,0.16725,0.16745815,False,2,aa_crc_style
0.10000000000000053,0.1555,0.15571107,False,2,aa_crc_style
0.20000000000000018,0.1405,0.14071482,False,2,aa_crc_style
0.3000000000000007,0.12975,0.12996751,False,2,aa_crc_style
0.40000000000000036,0.11825,0.11847038,False,2,aa_crc_style
0.5,0.10575,0.10597351,False,2,aa_crc_style
0.6000000000000005,0.097,0.097225696,True,2,aa_crc_style
0.7000000000000002,0.09125,0.09147713,True,2,aa_crc_style
0.8000000000000007,0.08325,0.08347913,True,2,aa_crc_style
0.9000000000000004,0.077,0.07723069,True,2,aa_crc_style
1.0,0.07025,0.07048238,True,2,aa_crc_style
1.1000000000000005,0.06575,0.065983504,True,2,aa_crc_style
1.2000000000000002,0.06075,0.060984753,True,2,aa_crc_style
1.3000000000000007,0.05625,0.056485876,True,2,aa_crc_style
1.4000000000000004,0.051,0.051237192,True,2,aa_crc_style
1.5,0.04575,0.045988504,True,2,aa_crc_style
1.6000000000000005,0.04225,0.04248938,True,2,aa_crc_style
1.7000000000000002,0.038,0.03824044,True,2,aa_crc_style
1.8000000000000007,0.03325,0.033491626,True,2,aa_crc_style
1.9000000000000004,0.0295,0.029742565,True,2,aa_crc_style
2.0,0.02575,0.025993502,True,2,aa_crc_style
2.0999999999999996,0.02225,0.022494378,True,2,aa_crc_style
2.200000000000001,0.02,0.020244937,True,2,aa_crc_style
2.3000000000000007,0.0175,0.017745564,True,2,aa_crc_style
2.4000000000000004,0.016,0.016245939,True,2,aa_crc_style
2.5,0.01425,0.014496376,True,2,aa_crc_style
2.5999999999999996,0.0125,0.012746814,True,2,aa_crc_style
2.700000000000001,0.00975,0.009997501,True,2,aa_crc_style
2.8000000000000007,0.00825,0.008497875,True,2,aa_crc_style
2.9000000000000004,0.00725,0.0074981255,True,2,aa_crc_style
3.0,0.00625,0.006498376,True,2,aa_crc_style
3.0999999999999996,0.005,0.0052486877,True,2,aa_crc_style
3.200000000000001,0.004,0.004248938,True,2,aa_crc_style
3.3000000000000007,0.0035,0.0037490628,True,2,aa_crc_style
3.4000000000000004,0.00275,0.0029992503,True,2,aa_crc_style
3.5,0.0025,0.0027493127,True,2,aa_crc_style
3.6000000000000014,0.00175,0.0019995002,True,2,aa_crc_style
3.700000000000001,0.00075,0.0009997501,True,2,aa_crc_style
3.8000000000000007,0.00075,0.0009997501,True,2,aa_crc_style
3.9000000000000004,0.0005,0.0007498126,True,2,aa_crc_style
4.0,0.0005,0.0007498126,True,2,aa_crc_style
4.100000000000001,0.00025,0.00049987505,True,2,aa_crc_style
4.200000000000001,0.0,0.00024993753,True,2,aa_crc_style
4.300000000000001,0.0,0.00024993753,True,2,aa_crc_style
4.4,0.0,0.00024993753,True,2,aa_crc_style
4.5,0.0,0.00024993753,True,2,aa_crc_style
4.600000000000001,0.0,0.00024993753,True,2,aa_crc_style
4.700000000000001,0.0,0.00024993753,True,2,aa_crc_style
4.800000000000001,0.0,0.00024993753,True,2,aa_crc_style
4.9,0.0,0.00024993753,True,2,aa_crc_style
5.0,0.0,0.00024993753,True,2,aa_crc_style
5.100000000000001,0.0,0.00024993753,True,2,aa_crc_style
5.200000000000001,0.0,0.00024993753,True,2,aa_crc_style
5.300000000000001,0.0,0.00024993753,True,2,aa_crc_style
5.4,0.0,0.00024993753,True,2,aa_crc_style
5.5,0.0,0.00024993753,True,2,aa_crc_style
5.600000000000001,0.0,0.00024993753,True,2,aa_crc_style
5.700000000000001,0.0,0.00024993753,True,2,aa_crc_style
5.800000000000001,0.0,0.00024993753,True,2,aa_crc_style
5.9,0.0,0.00024993753,True,2,aa_crc_style
6.0,0.0,0.00024993753,True,2,aa_crc_style
0.0,0.0,0.00024993753,True,2,recirc_tabicl
0.0125,0.00825,0.008497875,True,2,recirc_tabicl
0.025,0.0145,0.014746313,True,2,recirc_tabicl
0.037500000000000006,0.0205,0.020744814,True,2,recirc_tabicl
0.05,0.02675,0.026993252,True,2,recirc_tabicl
0.0625,0.03375,0.033991504,True,2,recirc_tabicl
0.07500000000000001,0.03975,0.03999,True,2,recirc_tabicl
0.08750000000000001,0.0475,0.047738064,True,2,recirc_tabicl
0.1,0.0535,0.053736567,True,2,recirc_tabicl
0.1125,0.06075,0.060984753,True,2,recirc_tabicl
0.125,0.0675,0.06773307,True,2,recirc_tabicl
0.1375,0.074,0.074231446,True,2,recirc_tabicl
0.15000000000000002,0.07825,0.07848038,True,2,recirc_tabicl
0.1625,0.08425,0.084478885,True,2,recirc_tabicl
0.17500000000000002,0.08725,0.08747813,True,2,recirc_tabicl
0.1875,0.0925,0.09272682,True,2,recirc_tabicl
0.2,0.0965,0.09672582,True,2,recirc_tabicl
0.21250000000000002,0.10075,0.10097475,False,2,recirc_tabicl
0.225,0.1045,0.104723826,False,2,recirc_tabicl
0.23750000000000002,0.1105,0.11072232,False,2,recirc_tabicl
0.25,0.114,0.114221446,False,2,recirc_tabicl
0.2625,0.1175,0.117720574,False,2,recirc_tabicl
0.275,0.122,0.12221945,False,2,recirc_tabicl
0.28750000000000003,0.1245,0.12471882,False,2,recirc_tabicl
0.30000000000000004,0.1295,0.12971757,False,2,recirc_tabicl
0.3125,0.13375,0.13396652,False,2,recirc_tabicl
0.325,0.13775,0.13796552,False,2,recirc_tabicl
0.3375,0.13975,0.13996501,False,2,recirc_tabicl
0.35000000000000003,0.14325,0.14346413,False,2,recirc_tabicl
0.36250000000000004,0.14575,0.1459635,False,2,recirc_tabicl
0.375,0.14875,0.14896277,False,2,recirc_tabicl
0.3875,0.153,0.1532117,False,2,recirc_tabicl
0.4,0.15525,0.15546113,False,2,recirc_tabicl
0.41250000000000003,0.1585,0.15871033,False,2,recirc_tabicl
0.42500000000000004,0.162,0.16220945,False,2,recirc_tabicl
0.4375,0.16575,0.16595851,False,2,recirc_tabicl
0.45,0.1675,0.16770808,False,2,recirc_tabicl
0.4625,0.1715,0.17170708,False,2,recirc_tabicl
0.47500000000000003,0.174,0.17420645,False,2,recirc_tabicl
0.48750000000000004,0.17725,0.17745563,False,2,recirc_tabicl
0.5,0.1815,0.18170458,False,2,recirc_tabicl
0.5125000000000001,0.1865,0.18670332,False,2,recirc_tabicl
0.525,0.18975,0.18995252,False,2,recirc_tabicl
0.5375,0.19225,0.1924519,False,2,recirc_tabicl
0.55,0.196,0.19620095,False,2,recirc_tabicl
0.5625,0.19925,0.19945014,False,2,recirc_tabicl
0.5750000000000001,0.2025,0.20269933,False,2,recirc_tabicl
0.5875,0.20325,0.20344914,False,2,recirc_tabicl
0.6000000000000001,0.206,0.20619845,False,2,recirc_tabicl
0.6125,0.20725,0.20744814,False,2,recirc_tabicl
0.625,0.21075,0.21094726,False,2,recirc_tabicl
0.6375000000000001,0.21175,0.21194702,False,2,recirc_tabicl
0.65,0.21325,0.21344663,False,2,recirc_tabicl
0.6625000000000001,0.2145,0.21469632,False,2,recirc_tabicl
0.675,0.21575,0.215946,False,2,recirc_tabicl
0.6875,0.21725,0.21744564,False,2,recirc_tabicl
0.7000000000000001,0.21975,0.21994501,False,2,recirc_tabicl
0.7125,0.221,0.2211947,False,2,recirc_tabicl
0.7250000000000001,0.22275,0.22294426,False,2,recirc_tabicl
0.7375,0.22375,0.22394401,False,2,recirc_tabicl
0.75,0.2255,0.22569358,False,2,recirc_tabicl
0.7625000000000001,0.22775,0.22794302,False,2,recirc_tabicl
0.775,0.22975,0.22994253,False,2,recirc_tabicl
0.7875000000000001,0.23225,0.2324419,False,2,recirc_tabicl
0.8,0.234,0.23419145,False,2,recirc_tabicl
0.8125,0.235,0.23519121,False,2,recirc_tabicl
0.8250000000000001,0.2355,0.23569107,False,2,recirc_tabicl
0.8375,0.236,0.23619096,False,2,recirc_tabicl
0.8500000000000001,0.23625,0.2364409,False,2,recirc_tabicl
0.8625,0.23625,0.2364409,False,2,recirc_tabicl
0.875,0.2375,0.23769058,False,2,recirc_tabicl
0.8875000000000001,0.2375,0.23769058,False,2,recirc_tabicl
0.9,0.23775,0.2379405,False,2,recirc_tabicl
0.9125000000000001,0.23775,0.2379405,False,2,recirc_tabicl
0.925,0.23775,0.2379405,False,2,recirc_tabicl
0.9375,0.238,0.23819046,False,2,recirc_tabicl
0.9500000000000001,0.23825,0.2384404,False,2,recirc_tabicl
0.9625,0.23825,0.2384404,False,2,recirc_tabicl
0.9750000000000001,0.23825,0.2384404,False,2,recirc_tabicl
0.9875,0.23825,0.2384404,False,2,recirc_tabicl
1.0,0.23825,0.2384404,False,2,recirc_tabicl
1.0,0.241,0.2411897,False,3,crc
2.0,0.1315,0.13171707,False,3,crc
3.0,0.08675,0.08697826,True,3,crc
4.0,0.06475,0.064983755,True,3,crc
5.0,0.0515,0.051737066,True,3,crc
6.0,0.04125,0.04148963,True,3,crc
7.0,0.0355,0.035741065,True,3,crc
8.0,0.027,0.02724319,True,3,crc
9.0,0.02125,0.021494627,True,3,crc
10.0,0.01725,0.017495625,True,3,crc
11.0,0.0155,0.015746064,True,3,crc
12.0,0.0125,0.012746814,True,3,crc
13.0,0.009,0.009247688,True,3,crc
14.0,0.007,0.0072481884,True,3,crc
15.0,0.006,0.0062484383,True,3,crc
16.0,0.00525,0.0054986253,True,3,crc
17.0,0.0035,0.0037490628,True,3,crc
18.0,0.003,0.003249188,True,3,crc
19.0,0.00275,0.0029992503,True,3,crc
20.0,0.00175,0.0019995002,True,3,crc
21.0,0.0015,0.0017495627,True,3,crc
22.0,0.001,0.0012496876,True,3,crc
23.0,0.00025,0.00049987505,True,3,crc
24.0,0.00025,0.00049987505,True,3,crc
25.0,0.0,0.00024993753,True,3,crc
26.0,0.0,0.00024993753,True,3,crc
-6.0,0.241,0.2411897,False,3,aa_crc_style
-5.9,0.241,0.2411897,False,3,aa_crc_style
-5.8,0.241,0.2411897,False,3,aa_crc_style
-5.7,0.241,0.2411897,False,3,aa_crc_style
-5.6,0.241,0.2411897,False,3,aa_crc_style
-5.5,0.241,0.2411897,False,3,aa_crc_style
-5.4,0.241,0.2411897,False,3,aa_crc_style
-5.3,0.241,0.2411897,False,3,aa_crc_style
-5.2,0.241,0.2411897,False,3,aa_crc_style
-5.1,0.241,0.2411897,False,3,aa_crc_style
-5.0,0.241,0.2411897,False,3,aa_crc_style
-4.9,0.241,0.2411897,False,3,aa_crc_style
-4.8,0.241,0.2411897,False,3,aa_crc_style
-4.7,0.241,0.2411897,False,3,aa_crc_style
-4.6,0.241,0.2411897,False,3,aa_crc_style
-4.5,0.241,0.2411897,False,3,aa_crc_style
-4.4,0.241,0.2411897,False,3,aa_crc_style
-4.3,0.241,0.2411897,False,3,aa_crc_style
-4.2,0.241,0.2411897,False,3,aa_crc_style
-4.1,0.241,0.2411897,False,3,aa_crc_style
-4.0,0.241,0.2411897,False,3,aa_crc_style
-3.9,0.241,0.2411897,False,3,aa_crc_style
-3.8,0.241,0.2411897,False,3,aa_crc_style
-3.6999999999999997,0.241,0.2411897,False,3,aa_crc_style
-3.5999999999999996,0.241,0.2411897,False,3,aa_crc_style
-3.5,0.241,0.2411897,False,3,aa_crc_style
-3.4,0.241,0.2411897,False,3,aa_crc_style
-3.3,0.241,0.2411897,False,3,aa_crc_style
-3.1999999999999997,0.241,0.2411897,False,3,aa_crc_style
-3.0999999999999996,0.241,0.2411897,False,3,aa_crc_style
-3.0,0.241,0.2411897,False,3,aa_crc_style
-2.9,0.241,0.2411897,False,3,aa_crc_style
-2.8,0.241,0.2411897,False,3,aa_crc_style
-2.6999999999999997,0.241,0.2411897,False,3,aa_crc_style
-2.5999999999999996,0.241,0.2411897,False,3,aa_crc_style
-2.5,0.241,0.2411897,False,3,aa_crc_style
-2.4,0.241,0.2411897,False,3,aa_crc_style
-2.3,0.241,0.2411897,False,3,aa_crc_style
-2.1999999999999997,0.241,0.2411897,False,3,aa_crc_style
-2.0999999999999996,0.241,0.2411897,False,3,aa_crc_style
-2.0,0.241,0.2411897,False,3,aa_crc_style
-1.8999999999999995,0.241,0.2411897,False,3,aa_crc_style
-1.7999999999999998,0.241,0.2411897,False,3,aa_crc_style
-1.7000000000000002,0.241,0.2411897,False,3,aa_crc_style
-1.5999999999999996,0.241,0.2411897,False,3,aa_crc_style
-1.5,0.24075,0.24093977,False,3,aa_crc_style
-1.3999999999999995,0.2405,0.24068983,False,3,aa_crc_style
-1.2999999999999998,0.24025,0.2404399,False,3,aa_crc_style
-1.1999999999999993,0.239,0.23919019,False,3,aa_crc_style
-1.0999999999999996,0.237,0.23719071,False,3,aa_crc_style
-1.0,0.236,0.23619096,False,3,aa_crc_style
-0.8999999999999995,0.2345,0.23469134,False,3,aa_crc_style
-0.7999999999999998,0.2305,0.23069233,False,3,aa_crc_style
-0.6999999999999993,0.2275,0.22769308,False,3,aa_crc_style
-0.5999999999999996,0.22275,0.22294426,False,3,aa_crc_style
-0.5,0.21775,0.21794552,False,3,aa_crc_style
-0.39999999999999947,0.21125,0.21144715,False,3,aa_crc_style
-0.2999999999999998,0.2015,0.20169957,False,3,aa_crc_style
-0.1999999999999993,0.1935,0.19370158,False,3,aa_crc_style
-0.09999999999999964,0.181,0.18120469,False,3,aa_crc_style
0.0,0.16725,0.16745815,False,3,aa_crc_style
0.10000000000000053,0.15575,0.15596102,False,3,aa_crc_style
0.20000000000000018,0.1405,0.14071482,False,3,aa_crc_style
0.3000000000000007,0.12675,0.12696826,False,3,aa_crc_style
0.40000000000000036,0.114,0.114221446,False,3,aa_crc_style
0.5,0.10325,0.10347413,False,3,aa_crc_style
0.6000000000000005,0.09625,0.09647588,True,3,aa_crc_style
0.7000000000000002,0.0855,0.08572857,True,3,aa_crc_style
0.8000000000000007,0.07925,0.079480134,True,3,aa_crc_style
0.9000000000000004,0.07175,0.071982004,True,3,aa_crc_style
1.0,0.06675,0.06698325,True,3,aa_crc_style
1.1000000000000005,0.0615,0.06173457,True,3,aa_crc_style
1.2000000000000002,0.056,0.056235943,True,3,aa_crc_style
1.3000000000000007,0.05175,0.051987004,True,3,aa_crc_style
1.4000000000000004,0.04575,0.045988504,True,3,aa_crc_style
1.5,0.04275,0.042989254,True,3,aa_crc_style
1.6000000000000005,0.03875,0.03899025,True,3,aa_crc_style
1.7000000000000002,0.03575,0.035991006,True,3,aa_crc_style
1.8000000000000007,0.03125,0.03149213,True,3,aa_crc_style
1.9000000000000004,0.0275,0.027743064,True,3,aa_crc_style
2.0,0.02425,0.024493877,True,3,aa_crc_style
2.0999999999999996,0.02175,0.021994501,True,3,aa_crc_style
2.200000000000001,0.01925,0.019495126,True,3,aa_crc_style
2.3000000000000007,0.017,0.01724569,True,3,aa_crc_style
2.4000000000000004,0.0155,0.015746064,True,3,aa_crc_style
2.5,0.01375,0.0139965005,True,3,aa_crc_style
2.5999999999999996,0.0125,0.012746814,True,3,aa_crc_style
2.700000000000001,0.01125,0.011497126,True,3,aa_crc_style
2.8000000000000007,0.0085,0.008747813,True,3,aa_crc_style
2.9000000000000004,0.0075,0.007748063,True,3,aa_crc_style
3.0,0.00675,0.0069982507,True,3,aa_crc_style
3.0999999999999996,0.0055,0.005748563,True,3,aa_crc_style
3.200000000000001,0.00475,0.0049987505,True,3,aa_crc_style
3.3000000000000007,0.00375,0.0039990004,True,3,aa_crc_style
3.4000000000000004,0.00375,0.0039990004,True,3,aa_crc_style
3.5,0.00325,0.0034991251,True,3,aa_crc_style
3.6000000000000014,0.00325,0.0034991251,True,3,aa_crc_style
3.700000000000001,0.00275,0.0029992503,True,3,aa_crc_style
3.8000000000000007,0.00125,0.001499625,True,3,aa_crc_style
3.9000000000000004,0.00075,0.0009997501,True,3,aa_crc_style
4.0,0.00075,0.0009997501,True,3,aa_crc_style
4.100000000000001,0.00075,0.0009997501,True,3,aa_crc_style
4.200000000000001,0.0005,0.0007498126,True,3,aa_crc_style
4.300000000000001,0.0005,0.0007498126,True,3,aa_crc_style
4.4,0.00025,0.00049987505,True,3,aa_crc_style
4.5,0.00025,0.00049987505,True,3,aa_crc_style
4.600000000000001,0.0,0.00024993753,True,3,aa_crc_style
4.700000000000001,0.0,0.00024993753,True,3,aa_crc_style
4.800000000000001,0.0,0.00024993753,True,3,aa_crc_style
4.9,0.0,0.00024993753,True,3,aa_crc_style
5.0,0.0,0.00024993753,True,3,aa_crc_style
5.100000000000001,0.0,0.00024993753,True,3,aa_crc_style
5.200000000000001,0.0,0.00024993753,True,3,aa_crc_style
5.300000000000001,0.0,0.00024993753,True,3,aa_crc_style
5.4,0.0,0.00024993753,True,3,aa_crc_style
5.5,0.0,0.00024993753,True,3,aa_crc_style
5.600000000000001,0.0,0.00024993753,True,3,aa_crc_style
5.700000000000001,0.0,0.00024993753,True,3,aa_crc_style
5.800000000000001,0.0,0.00024993753,True,3,aa_crc_style
5.9,0.0,0.00024993753,True,3,aa_crc_style
6.0,0.0,0.00024993753,True,3,aa_crc_style
0.0,0.0,0.00024993753,True,3,recirc_tabicl
0.0125,0.011,0.011247188,True,3,recirc_tabicl
0.025,0.01575,0.015996002,True,3,recirc_tabicl
0.037500000000000006,0.0215,0.021744564,True,3,recirc_tabicl
0.05,0.032,0.03224194,True,3,recirc_tabicl
0.0625,0.04075,0.040989753,True,3,recirc_tabicl
0.07500000000000001,0.04825,0.04848788,True,3,recirc_tabicl
0.08750000000000001,0.055,0.05523619,True,3,recirc_tabicl
0.1,0.06275,0.06298425,True,3,recirc_tabicl
0.1125,0.0705,0.07073232,True,3,recirc_tabicl
0.125,0.078,0.07823045,True,3,recirc_tabicl
0.1375,0.08475,0.08497875,True,3,recirc_tabicl
0.15000000000000002,0.09,0.09022745,True,3,recirc_tabicl
0.1625,0.09375,0.093976505,True,3,recirc_tabicl
0.17500000000000002,0.09825,0.09847538,True,3,recirc_tabicl
0.1875,0.101,0.1012247,False,3,recirc_tabicl
0.2,0.10525,0.10547363,False,3,recirc_tabicl
0.21250000000000002,0.10925,0.10947263,False,3,recirc_tabicl
0.225,0.11375,0.11397151,False,3,recirc_tabicl
0.23750000000000002,0.118,0.11822045,False,3,recirc_tabicl
0.25,0.12175,0.121969506,False,3,recirc_tabicl
0.2625,0.127,0.1272182,False,3,recirc_tabicl
0.275,0.13225,0.13246688,False,3,recirc_tabicl
0.28750000000000003,0.137,0.13721569,False,3,recirc_tabicl
0.30000000000000004,0.1395,0.13971508,False,3,recirc_tabicl
0.3125,0.1435,0.14371407,False,3,recirc_tabicl
0.325,0.14825,0.14846289,False,3,recirc_tabicl
0.3375,0.15075,0.15096226,False,3,recirc_tabicl
0.35000000000000003,0.15475,0.15496127,False,3,recirc_tabicl
0.36250000000000004,0.1585,0.15871033,False,3,recirc_tabicl
0.375,0.16175,0.16195951,False,3,recirc_tabicl
0.3875,0.165,0.16520871,False,3,recirc_tabicl
0.4,0.16925,0.16945763,False,3,recirc_tabicl
0.41250000000000003,0.17125,0.17145714,False,3,recirc_tabicl
0.42500000000000004,0.1735,0.17370658,False,3,recirc_tabicl
0.4375,0.17575,0.17595601,False,3,recirc_tabicl
0.45,0.17925,0.17945515,False,3,recirc_tabicl
0.4625,0.18225,0.18245438,False,3,recirc_tabicl
0.47500000000000003,0.18375,0.18395402,False,3,recirc_tabicl
0.48750000000000004,0.18625,0.18645339,False,3,recirc_tabicl
0.5,0.19,0.19020244,False,3,recirc_tabicl
0.5125000000000001,0.192,0.19220196,False,3,recirc_tabicl
0.525,0.19525,0.19545114,False,3,recirc_tabicl
0.5375,0.199,0.1992002,False,3,recirc_tabicl
0.55,0.2005,0.20069982,False,3,recirc_tabicl
0.5625,0.2025,0.20269933,False,3,recirc_tabicl
0.5750000000000001,0.20575,0.20594852,False,3,recirc_tabicl
0.5875,0.20875,0.20894776,False,3,recirc_tabicl
0.6000000000000001,0.212,0.21219695,False,3,recirc_tabicl
0.6125,0.213,0.21319671,False,3,recirc_tabicl
0.625,0.214,0.21419646,False,3,recirc_tabicl
0.6375000000000001,0.21475,0.21494627,False,3,recirc_tabicl
0.65,0.2175,0.21769558,False,3,recirc_tabicl
0.6625000000000001,0.219,0.2191952,False,3,recirc_tabicl
0.675,0.22025,0.22044489,False,3,recirc_tabicl
0.6875,0.22125,0.22144464,False,3,recirc_tabicl
0.7000000000000001,0.2235,0.22369407,False,3,recirc_tabicl
0.7125,0.22525,0.22544365,False,3,recirc_tabicl
0.7250000000000001,0.2275,0.22769308,False,3,recirc_tabicl
0.7375,0.22775,0.22794302,False,3,recirc_tabicl
0.75,0.229,0.2291927,False,3,recirc_tabicl
0.7625000000000001,0.2295,0.22969258,False,3,recirc_tabicl
0.775,0.23025,0.23044239,False,3,recirc_tabicl
0.7875000000000001,0.2325,0.23269184,False,3,recirc_tabicl
0.8,0.234,0.23419145,False,3,recirc_tabicl
0.8125,0.2345,0.23469134,False,3,recirc_tabicl
0.8250000000000001,0.235,0.23519121,False,3,recirc_tabicl
0.8375,0.2365,0.23669082,False,3,recirc_tabicl
0.8500000000000001,0.237,0.23719071,False,3,recirc_tabicl
0.8625,0.238,0.23819046,False,3,recirc_tabicl
0.875,0.2385,0.23869033,False,3,recirc_tabicl
0.8875000000000001,0.239,0.23919019,False,3,recirc_tabicl
0.9,0.23925,0.23944014,False,3,recirc_tabicl
0.9125000000000001,0.2395,0.23969008,False,3,recirc_tabicl
0.925,0.23975,0.23994002,False,3,recirc_tabicl
0.9375,0.241,0.2411897,False,3,recirc_tabicl
0.9500000000000001,0.241,0.2411897,False,3,recirc_tabicl
0.9625,0.241,0.2411897,False,3,recirc_tabicl
0.9750000000000001,0.241,0.2411897,False,3,recirc_tabicl
0.9875,0.241,0.2411897,False,3,recirc_tabicl
1.0,0.241,0.2411897,False,3,recirc_tabicl
1.0,0.23075,0.23094226,False,4,crc
2.0,0.13075,0.13096726,False,4,crc
3.0,0.09875,0.09897526,True,4,crc
4.0,0.07725,0.07748063,True,4,crc
5.0,0.06275,0.06298425,True,4,crc
6.0,0.052,0.05223694,True,4,crc
7.0,0.04175,0.0419895,True,4,crc
8.0,0.0335,0.033741567,True,4,crc
9.0,0.02525,0.025493627,True,4,crc
10.0,0.0195,0.019745065,True,4,crc
11.0,0.01525,0.015496126,True,4,crc
12.0,0.01125,0.011497126,True,4,crc
13.0,0.009,0.009247688,True,4,crc
14.0,0.00825,0.008497875,True,4,crc
15.0,0.007,0.0072481884,True,4,crc
16.0,0.00525,0.0054986253,True,4,crc
17.0,0.004,0.004248938,True,4,crc
18.0,0.00325,0.0034991251,True,4,crc
19.0,0.00275,0.0029992503,True,4,crc
20.0,0.002,0.0022494378,True,4,crc
21.0,0.001,0.0012496876,True,4,crc
22.0,0.0005,0.0007498126,True,4,crc
23.0,0.00025,0.00049987505,True,4,crc
24.0,0.0,0.00024993753,True,4,crc
25.0,0.0,0.00024993753,True,4,crc
26.0,0.0,0.00024993753,True,4,crc
-6.0,0.23075,0.23094226,False,4,aa_crc_style
-5.9,0.23075,0.23094226,False,4,aa_crc_style
-5.8,0.23075,0.23094226,False,4,aa_crc_style
-5.7,0.23075,0.23094226,False,4,aa_crc_style
-5.6,0.23075,0.23094226,False,4,aa_crc_style
-5.5,0.23075,0.23094226,False,4,aa_crc_style
-5.4,0.23075,0.23094226,False,4,aa_crc_style
-5.3,0.23075,0.23094226,False,4,aa_crc_style
-5.2,0.23075,0.23094226,False,4,aa_crc_style
-5.1,0.23075,0.23094226,False,4,aa_crc_style
-5.0,0.23075,0.23094226,False,4,aa_crc_style
-4.9,0.23075,0.23094226,False,4,aa_crc_style
-4.8,0.23075,0.23094226,False,4,aa_crc_style
-4.7,0.23075,0.23094226,False,4,aa_crc_style
-4.6,0.23075,0.23094226,False,4,aa_crc_style
-4.5,0.23075,0.23094226,False,4,aa_crc_style
-4.4,0.23075,0.23094226,False,4,aa_crc_style
-4.3,0.23075,0.23094226,False,4,aa_crc_style
-4.2,0.23075,0.23094226,False,4,aa_crc_style
-4.1,0.23075,0.23094226,False,4,aa_crc_style
-4.0,0.23075,0.23094226,False,4,aa_crc_style
-3.9,0.23075,0.23094226,False,4,aa_crc_style
-3.8,0.23075,0.23094226,False,4,aa_crc_style
-3.6999999999999997,0.23075,0.23094226,False,4,aa_crc_style
-3.5999999999999996,0.23075,0.23094226,False,4,aa_crc_style
-3.5,0.23075,0.23094226,False,4,aa_crc_style
-3.4,0.23075,0.23094226,False,4,aa_crc_style
-3.3,0.23075,0.23094226,False,4,aa_crc_style
-3.1999999999999997,0.23075,0.23094226,False,4,aa_crc_style
-3.0999999999999996,0.23075,0.23094226,False,4,aa_crc_style
-3.0,0.23075,0.23094226,False,4,aa_crc_style
-2.9,0.23075,0.23094226,False,4,aa_crc_style
-2.8,0.23075,0.23094226,False,4,aa_crc_style
-2.6999999999999997,0.23075,0.23094226,False,4,aa_crc_style
-2.5999999999999996,0.23075,0.23094226,False,4,aa_crc_style
-2.5,0.23075,0.23094226,False,4,aa_crc_style
-2.4,0.23075,0.23094226,False,4,aa_crc_style
-2.3,0.23075,0.23094226,False,4,aa_crc_style
-2.1999999999999997,0.23075,0.23094226,False,4,aa_crc_style
-2.0999999999999996,0.23075,0.23094226,False,4,aa_crc_style
-2.0,0.23075,0.23094226,False,4,aa_crc_style
-1.8999999999999995,0.23075,0.23094226,False,4,aa_crc_style
-1.7999999999999998,0.23075,0.23094226,False,4,aa_crc_style
-1.7000000000000002,0.23075,0.23094226,False,4,aa_crc_style
-1.5999999999999996,0.23075,0.23094226,False,4,aa_crc_style
-1.5,0.23075,0.23094226,False,4,aa_crc_style
-1.3999999999999995,0.23025,0.23044239,False,4,aa_crc_style
-1.2999999999999998,0.23025,0.23044239,False,4,aa_crc_style
-1.1999999999999993,0.2295,0.22969258,False,4,aa_crc_style
-1.0999999999999996,0.2285,0.22869283,False,4,aa_crc_style
-1.0,0.22725,0.22744314,False,4,aa_crc_style
-0.8999999999999995,0.22525,0.22544365,False,4,aa_crc_style
-0.7999999999999998,0.22325,0.22344415,False,4,aa_crc_style
-0.6999999999999993,0.22175,0.22194453,False,4,aa_crc_style
-0.5999999999999996,0.21725,0.21744564,False,4,aa_crc_style
-0.5,0.2125,0.21269684,False,4,aa_crc_style
-0.39999999999999947,0.207,0.2071982,False,4,aa_crc_style
-0.2999999999999998,0.201,0.20119971,False,4,aa_crc_style
-0.1999999999999993,0.192,0.19220196,False,4,aa_crc_style
-0.09999999999999964,0.183,0.1832042,False,4,aa_crc_style
0.0,0.1735,0.17370658,False,4,aa_crc_style
0.10000000000000053,0.1595,0.15971008,False,4,aa_crc_style
0.20000000000000018,0.145,0.1452137,False,4,aa_crc_style
0.3000000000000007,0.132,0.13221695,False,4,aa_crc_style
0.40000000000000036,0.12175,0.121969506,False,4,aa_crc_style
0.5,0.11025,0.11047239,False,4,aa_crc_style
0.6000000000000005,0.10325,0.10347413,False,4,aa_crc_style
0.7000000000000002,0.09575,0.095976,True,4,aa_crc_style
0.8000000000000007,0.088,0.08822794,True,4,aa_crc_style
0.9000000000000004,0.08275,0.082979254,True,4,aa_crc_style
1.0,0.0765,0.07673082,True,4,aa_crc_style
1.1000000000000005,0.07125,0.07148213,True,4,aa_crc_style
1.2000000000000002,0.06675,0.06698325,True,4,aa_crc_style
1.3000000000000007,0.06025,0.06048488,True,4,aa_crc_style
1.4000000000000004,0.05525,0.055486128,True,4,aa_crc_style
1.5,0.051,0.051237192,True,4,aa_crc_style
1.6000000000000005,0.04775,0.047988005,True,4,aa_crc_style
1.7000000000000002,0.0425,0.042739317,True,4,aa_crc_style
1.8000000000000007,0.0385,0.038740315,True,4,aa_crc_style
1.9000000000000004,0.03475,0.034991253,True,4,aa_crc_style
2.0,0.03075,0.030992253,True,4,aa_crc_style
2.0999999999999996,0.027,0.02724319,True,4,aa_crc_style
2.200000000000001,0.0225,0.022744315,True,4,aa_crc_style
2.3000000000000007,0.01925,0.019495126,True,4,aa_crc_style
2.4000000000000004,0.017,0.01724569,True,4,aa_crc_style
2.5,0.01475,0.014996251,True,4,aa_crc_style
2.5999999999999996,0.01275,0.012996751,True,4,aa_crc_style
2.700000000000001,0.011,0.011247188,True,4,aa_crc_style
2.8000000000000007,0.0095,0.009747563,True,4,aa_crc_style
2.9000000000000004,0.0085,0.008747813,True,4,aa_crc_style
3.0,0.00725,0.0074981255,True,4,aa_crc_style
3.0999999999999996,0.00575,0.0059985006,True,4,aa_crc_style
3.200000000000001,0.00425,0.0044988757,True,4,aa_crc_style
3.3000000000000007,0.004,0.004248938,True,4,aa_crc_style
3.4000000000000004,0.003,0.003249188,True,4,aa_crc_style
3.5,0.00275,0.0029992503,True,4,aa_crc_style
3.6000000000000014,0.0025,0.0027493127,True,4,aa_crc_style
3.700000000000001,0.00175,0.0019995002,True,4,aa_crc_style
3.8000000000000007,0.0015,0.0017495627,True,4,aa_crc_style
3.9000000000000004,0.00125,0.001499625,True,4,aa_crc_style
4.0,0.001,0.0012496876,True,4,aa_crc_style
4.100000000000001,0.00075,0.0009997501,True,4,aa_crc_style
4.200000000000001,0.0005,0.0007498126,True,4,aa_crc_style
4.300000000000001,0.00025,0.00049987505,True,4,aa_crc_style
4.4,0.00025,0.00049987505,True,4,aa_crc_style
4.5,0.00025,0.00049987505,True,4,aa_crc_style
4.600000000000001,0.00025,0.00049987505,True,4,aa_crc_style
4.700000000000001,0.00025,0.00049987505,True,4,aa_crc_style
4.800000000000001,0.00025,0.00049987505,True,4,aa_crc_style
4.9,0.00025,0.00049987505,True,4,aa_crc_style
5.0,0.0,0.00024993753,True,4,aa_crc_style
5.100000000000001,0.0,0.00024993753,True,4,aa_crc_style
5.200000000000001,0.0,0.00024993753,True,4,aa_crc_style
5.300000000000001,0.0,0.00024993753,True,4,aa_crc_style
5.4,0.0,0.00024993753,True,4,aa_crc_style
5.5,0.0,0.00024993753,True,4,aa_crc_style
5.600000000000001,0.0,0.00024993753,True,4,aa_crc_style
5.700000000000001,0.0,0.00024993753,True,4,aa_crc_style
5.800000000000001,0.0,0.00024993753,True,4,aa_crc_style
5.9,0.0,0.00024993753,True,4,aa_crc_style
6.0,0.0,0.00024993753,True,4,aa_crc_style
0.0,0.0,0.00024993753,True,4,recirc_tabicl
0.0125,0.0145,0.014746313,True,4,recirc_tabicl
0.025,0.0205,0.020744814,True,4,recirc_tabicl
0.037500000000000006,0.027,0.02724319,True,4,recirc_tabicl
0.05,0.0345,0.034741312,True,4,recirc_tabicl
0.0625,0.0445,0.044738818,True,4,recirc_tabicl
0.07500000000000001,0.0555,0.05573607,True,4,recirc_tabicl
0.08750000000000001,0.06375,0.06398401,True,4,recirc_tabicl
0.1,0.0715,0.071732074,True,4,recirc_tabicl
0.1125,0.075,0.075231194,True,4,recirc_tabicl
0.125,0.08025,0.08047988,True,4,recirc_tabicl
0.1375,0.087,0.087228194,True,4,recirc_tabicl
0.15000000000000002,0.092,0.092226945,True,4,recirc_tabicl
0.1625,0.0975,0.09772556,True,4,recirc_tabicl
0.17500000000000002,0.1025,0.10272432,False,4,recirc_tabicl
0.1875,0.1065,0.10672332,False,4,recirc_tabicl
0.2,0.11175,0.111972004,False,4,recirc_tabicl
0.21250000000000002,0.11775,0.117970504,False,4,recirc_tabicl
0.225,0.12125,0.12146964,False,4,recirc_tabicl
0.23750000000000002,0.127,0.1272182,False,4,recirc_tabicl
0.25,0.12975,0.12996751,False,4,recirc_tabicl
0.2625,0.13475,0.13496625,False,4,recirc_tabicl
0.275,0.139,0.1392152,False,4,recirc_tabicl
0.28750000000000003,0.14175,0.14196451,False,4,recirc_tabicl
0.30000000000000004,0.14475,0.14496376,False,4,recirc_tabicl
0.3125,0.14825,0.14846289,False,4,recirc_tabicl
0.325,0.1505,0.15071233,False,4,recirc_tabicl
0.3375,0.155,0.1552112,False,4,recirc_tabicl
0.35000000000000003,0.15775,0.1579605,False,4,recirc_tabicl
0.36250000000000004,0.16,0.16020994,False,4,recirc_tabicl
0.375,0.164,0.16420895,False,4,recirc_tabicl
0.3875,0.16575,0.16595851,False,4,recirc_tabicl
0.4,0.1685,0.16870783,False,4,recirc_tabicl
0.41250000000000003,0.16975,0.16995752,False,4,recirc_tabicl
0.42500000000000004,0.173,0.17320669,False,4,recirc_tabicl
0.4375,0.1755,0.17570609,False,4,recirc_tabicl
0.45,0.17675,0.17695577,False,4,recirc_tabicl
0.4625,0.17825,0.17845538,False,4,recirc_tabicl
0.47500000000000003,0.181,0.18120469,False,4,recirc_tabicl
0.48750000000000004,0.1835,0.18370408,False,4,recirc_tabicl
0.5,0.18675,0.18695326,False,4,recirc_tabicl
0.5125000000000001,0.189,0.1892027,False,4,recirc_tabicl
0.525,0.19075,0.19095227,False,4,recirc_tabicl
0.5375,0.192,0.19220196,False,4,recirc_tabicl
0.55,0.1945,0.19470133,False,4,recirc_tabicl
0.5625,0.19775,0.19795051,False,4,recirc_tabicl
0.5750000000000001,0.1985,0.19870034,False,4,recirc_tabicl
0.5875,0.2005,0.20069982,False,4,recirc_tabicl
0.6000000000000001,0.20225,0.2024494,False,4,recirc_tabicl
0.6125,0.205,0.2051987,False,4,recirc_tabicl
0.625,0.20575,0.20594852,False,4,recirc_tabicl
0.6375000000000001,0.207,0.2071982,False,4,recirc_tabicl
0.65,0.20875,0.20894776,False,4,recirc_tabicl
0.6625000000000001,0.20975,0.20994751,False,4,recirc_tabicl
0.675,0.211,0.2111972,False,4,recirc_tabicl
0.6875,0.21225,0.21244688,False,4,recirc_tabicl
0.7000000000000001,0.2145,0.21469632,False,4,recirc_tabicl
0.7125,0.21575,0.215946,False,4,recirc_tabicl
0.7250000000000001,0.21675,0.21694577,False,4,recirc_tabicl
0.7375,0.217,0.21719569,False,4,recirc_tabicl
0.75,0.2175,0.21769558,False,4,recirc_tabicl
0.7625000000000001,0.219,0.2191952,False,4,recirc_tabicl
0.775,0.21975,0.21994501,False,4,recirc_tabicl
0.7875000000000001,0.22125,0.22144464,False,4,recirc_tabicl
0.8,0.2215,0.22169457,False,4,recirc_tabicl
0.8125,0.22225,0.22244439,False,4,recirc_tabicl
0.8250000000000001,0.22275,0.22294426,False,4,recirc_tabicl
0.8375,0.22325,0.22344415,False,4,recirc_tabicl
0.8500000000000001,0.2235,0.22369407,False,4,recirc_tabicl
0.8625,0.2245,0.22469383,False,4,recirc_tabicl
0.875,0.2245,0.22469383,False,4,recirc_tabicl
0.8875000000000001,0.225,0.2251937,False,4,recirc_tabicl
0.9,0.2255,0.22569358,False,4,recirc_tabicl
0.9125000000000001,0.22625,0.22644338,False,4,recirc_tabicl
0.925,0.228,0.22819296,False,4,recirc_tabicl
0.9375,0.2285,0.22869283,False,4,recirc_tabicl
0.9500000000000001,0.2295,0.22969258,False,4,recirc_tabicl
0.9625,0.23075,0.23094226,False,4,recirc_tabicl
0.9750000000000001,0.23075,0.23094226,False,4,recirc_tabicl
0.9875,0.23075,0.23094226,False,4,recirc_tabicl
1.0,0.23075,0.23094226,False,4,recirc_tabicl
1.0,0.23975,0.23994002,False,5,crc
2.0,0.13875,0.13896526,False,5,crc
3.0,0.09625,0.09647588,True,5,crc
4.0,0.075,0.075231194,True,5,crc
5.0,0.059,0.059235193,True,5,crc
6.0,0.04725,0.047488127,True,5,crc
7.0,0.036,0.03624094,True,5,crc
8.0,0.02825,0.028492877,True,5,crc
9.0,0.0225,0.022744315,True,5,crc
10.0,0.018,0.018245438,True,5,crc
11.0,0.014,0.014246439,True,5,crc
12.0,0.01025,0.010497375,True,5,crc
13.0,0.00775,0.007998001,True,5,crc
14.0,0.00625,0.006498376,True,5,crc
15.0,0.00525,0.0054986253,True,5,crc
16.0,0.00425,0.0044988757,True,5,crc
17.0,0.00275,0.0029992503,True,5,crc
18.0,0.00225,0.002499375,True,5,crc
19.0,0.0015,0.0017495627,True,5,crc
20.0,0.0005,0.0007498126,True,5,crc
21.0,0.00025,0.00049987505,True,5,crc
22.0,0.0,0.00024993753,True,5,crc
23.0,0.0,0.00024993753,True,5,crc
24.0,0.0,0.00024993753,True,5,crc
25.0,0.0,0.00024993753,True,5,crc
26.0,0.0,0.00024993753,True,5,crc
-6.0,0.23975,0.23994002,False,5,aa_crc_style
-5.9,0.23975,0.23994002,False,5,aa_crc_style
-5.8,0.23975,0.23994002,False,5,aa_crc_style
-5.7,0.23975,0.23994002,False,5,aa_crc_style
-5.6,0.23975,0.23994002,False,5,aa_crc_style
-5.5,0.23975,0.23994002,False,5,aa_crc_style
-5.4,0.23975,0.23994002,False,5,aa_crc_style
-5.3,0.23975,0.23994002,False,5,aa_crc_style
-5.2,0.23975,0.23994002,False,5,aa_crc_style
-5.1,0.23975,0.23994002,False,5,aa_crc_style
-5.0,0.23975,0.23994002,False,5,aa_crc_style
-4.9,0.23975,0.23994002,False,5,aa_crc_style
-4.8,0.23975,0.23994002,False,5,aa_crc_style
-4.7,0.23975,0.23994002,False,5,aa_crc_style
-4.6,0.23975,0.23994002,False,5,aa_crc_style
-4.5,0.23975,0.23994002,False,5,aa_crc_style
-4.4,0.23975,0.23994002,False,5,aa_crc_style
-4.3,0.23975,0.23994002,False,5,aa_crc_style
-4.2,0.23975,0.23994002,False,5,aa_crc_style
-4.1,0.23975,0.23994002,False,5,aa_crc_style
-4.0,0.23975,0.23994002,False,5,aa_crc_style
-3.9,0.23975,0.23994002,False,5,aa_crc_style
-3.8,0.23975,0.23994002,False,5,aa_crc_style
-3.6999999999999997,0.23975,0.23994002,False,5,aa_crc_style
-3.5999999999999996,0.23975,0.23994002,False,5,aa_crc_style
-3.5,0.23975,0.23994002,False,5,aa_crc_style
-3.4,0.23975,0.23994002,False,5,aa_crc_style
-3.3,0.23975,0.23994002,False,5,aa_crc_style
-3.1999999999999997,0.23975,0.23994002,False,5,aa_crc_style
-3.0999999999999996,0.23975,0.23994002,False,5,aa_crc_style
-3.0,0.23975,0.23994002,False,5,aa_crc_style
-2.9,0.23975,0.23994002,False,5,aa_crc_style
-2.8,0.23975,0.23994002,False,5,aa_crc_style
-2.6999999999999997,0.23975,0.23994002,False,5,aa_crc_style
-2.5999999999999996,0.23975,0.23994002,False,5,aa_crc_style
-2.5,0.23975,0.23994002,False,5,aa_crc_style
-2.4,0.23975,0.23994002,False,5,aa_crc_style
-2.3,0.23975,0.23994002,False,5,aa_crc_style
-2.1999999999999997,0.23975,0.23994002,False,5,aa_crc_style
-2.0999999999999996,0.23975,0.23994002,False,5,aa_crc_style
-2.0,0.23975,0.23994002,False,5,aa_crc_style
-1.8999999999999995,0.23975,0.23994002,False,5,aa_crc_style
-1.7999999999999998,0.23975,0.23994002,False,5,aa_crc_style
-1.7000000000000002,0.23975,0.23994002,False,5,aa_crc_style
-1.5999999999999996,0.23975,0.23994002,False,5,aa_crc_style
-1.5,0.23925,0.23944014,False,5,aa_crc_style
-1.3999999999999995,0.239,0.23919019,False,5,aa_crc_style
-1.2999999999999998,0.2385,0.23869033,False,5,aa_crc_style
-1.1999999999999993,0.23825,0.2384404,False,5,aa_crc_style
-1.0999999999999996,0.23725,0.23744065,False,5,aa_crc_style
-1.0,0.236,0.23619096,False,5,aa_crc_style
-0.8999999999999995,0.23375,0.23394153,False,5,aa_crc_style
-0.7999999999999998,0.23075,0.23094226,False,5,aa_crc_style
-0.6999999999999993,0.2275,0.22769308,False,5,aa_crc_style
-0.5999999999999996,0.223,0.22319421,False,5,aa_crc_style
-0.5,0.21875,0.21894526,False,5,aa_crc_style
-0.39999999999999947,0.21225,0.21244688,False,5,aa_crc_style
-0.2999999999999998,0.205,0.2051987,False,5,aa_crc_style
-0.1999999999999993,0.1965,0.19670083,False,5,aa_crc_style
-0.09999999999999964,0.185,0.1852037,False,5,aa_crc_style
0.0,0.173,0.17320669,False,5,aa_crc_style
0.10000000000000053,0.1605,0.16070983,False,5,aa_crc_style
0.20000000000000018,0.146,0.14621344,False,5,aa_crc_style
0.3000000000000007,0.132,0.13221695,False,5,aa_crc_style
0.40000000000000036,0.1195,0.119720064,False,5,aa_crc_style
0.5,0.11125,0.11147213,False,5,aa_crc_style
0.6000000000000005,0.10075,0.10097475,False,5,aa_crc_style
0.7000000000000002,0.0935,0.093726575,True,5,aa_crc_style
0.8000000000000007,0.084,0.08422894,True,5,aa_crc_style
0.9000000000000004,0.07675,0.076980755,True,5,aa_crc_style
1.0,0.071,0.07123219,True,5,aa_crc_style
1.1000000000000005,0.0625,0.06273432,True,5,aa_crc_style
1.2000000000000002,0.05725,0.05748563,True,5,aa_crc_style
1.3000000000000007,0.05175,0.051987004,True,5,aa_crc_style
1.4000000000000004,0.04675,0.046988256,True,5,aa_crc_style
1.5,0.03925,0.03949013,True,5,aa_crc_style
1.6000000000000005,0.03425,0.034491375,True,5,aa_crc_style
1.7000000000000002,0.0305,0.030742316,True,5,aa_crc_style
1.8000000000000007,0.02775,0.027993003,True,5,aa_crc_style
1.9000000000000004,0.02375,0.023994,True,5,aa_crc_style
2.0,0.02125,0.021494627,True,5,aa_crc_style
2.0999999999999996,0.0185,0.018745314,True,5,aa_crc_style
2.200000000000001,0.01575,0.015996002,True,5,aa_crc_style
2.3000000000000007,0.01425,0.014496376,True,5,aa_crc_style
2.4000000000000004,0.01125,0.011497126,True,5,aa_crc_style
2.5,0.0105,0.010747313,True,5,aa_crc_style
2.5999999999999996,0.0085,0.008747813,True,5,aa_crc_style
2.700000000000001,0.007,0.0072481884,True,5,aa_crc_style
2.8000000000000007,0.00525,0.0054986253,True,5,aa_crc_style
2.9000000000000004,0.005,0.0052486877,True,5,aa_crc_style
3.0,0.00475,0.0049987505,True,5,aa_crc_style
3.0999999999999996,0.0035,0.0037490628,True,5,aa_crc_style
3.200000000000001,0.00325,0.0034991251,True,5,aa_crc_style
3.3000000000000007,0.0025,0.0027493127,True,5,aa_crc_style
3.4000000000000004,0.00225,0.002499375,True,5,aa_crc_style
3.5,0.00125,0.001499625,True,5,aa_crc_style
3.6000000000000014,0.00125,0.001499625,True,5,aa_crc_style
3.700000000000001,0.001,0.0012496876,True,5,aa_crc_style
3.8000000000000007,0.00075,0.0009997501,True,5,aa_crc_style
3.9000000000000004,0.00025,0.00049987505,True,5,aa_crc_style
4.0,0.00025,0.00049987505,True,5,aa_crc_style
4.100000000000001,0.00025,0.00049987505,True,5,aa_crc_style
4.200000000000001,0.0,0.00024993753,True,5,aa_crc_style
4.300000000000001,0.0,0.00024993753,True,5,aa_crc_style
4.4,0.0,0.00024993753,True,5,aa_crc_style
4.5,0.0,0.00024993753,True,5,aa_crc_style
4.600000000000001,0.0,0.00024993753,True,5,aa_crc_style
4.700000000000001,0.0,0.00024993753,True,5,aa_crc_style
4.800000000000001,0.0,0.00024993753,True,5,aa_crc_style
4.9,0.0,0.00024993753,True,5,aa_crc_style
5.0,0.0,0.00024993753,True,5,aa_crc_style
5.100000000000001,0.0,0.00024993753,True,5,aa_crc_style
5.200000000000001,0.0,0.00024993753,True,5,aa_crc_style
5.300000000000001,0.0,0.00024993753,True,5,aa_crc_style
5.4,0.0,0.00024993753,True,5,aa_crc_style
5.5,0.0,0.00024993753,True,5,aa_crc_style
5.600000000000001,0.0,0.00024993753,True,5,aa_crc_style
5.700000000000001,0.0,0.00024993753,True,5,aa_crc_style
5.800000000000001,0.0,0.00024993753,True,5,aa_crc_style
5.9,0.0,0.00024993753,True,5,aa_crc_style
6.0,0.0,0.00024993753,True,5,aa_crc_style
0.0,0.0,0.00024993753,True,5,recirc_tabicl
0.0125,0.011,0.011247188,True,5,recirc_tabicl
0.025,0.0155,0.015746064,True,5,recirc_tabicl
0.037500000000000006,0.02225,0.022494378,True,5,recirc_tabicl
0.05,0.0285,0.028742814,True,5,recirc_tabicl
0.0625,0.03525,0.035491128,True,5,recirc_tabicl
0.07500000000000001,0.046,0.04623844,True,5,recirc_tabicl
0.08750000000000001,0.054,0.05423644,True,5,recirc_tabicl
0.1,0.06475,0.064983755,True,5,recirc_tabicl
0.1125,0.07125,0.07148213,True,5,recirc_tabicl
0.125,0.0775,0.077730566,True,5,recirc_tabicl
0.1375,0.0835,0.083729066,True,5,recirc_tabicl
0.15000000000000002,0.0905,0.090727314,True,5,recirc_tabicl
0.1625,0.09625,0.09647588,True,5,recirc_tabicl
0.17500000000000002,0.10075,0.10097475,False,5,recirc_tabicl
0.1875,0.1045,0.104723826,False,5,recirc_tabicl
0.2,0.10725,0.10747313,False,5,recirc_tabicl
0.21250000000000002,0.11125,0.11147213,False,5,recirc_tabicl
0.225,0.116,0.11622094,False,5,recirc_tabicl
0.23750000000000002,0.1195,0.119720064,False,5,recirc_tabicl
0.25,0.1225,0.122719325,False,5,recirc_tabicl
0.2625,0.126,0.12621845,False,5,recirc_tabicl
0.275,0.1295,0.12971757,False,5,recirc_tabicl
0.28750000000000003,0.13525,0.13546614,False,5,recirc_tabicl
0.30000000000000004,0.138,0.13821544,False,5,recirc_tabicl
0.3125,0.14275,0.14296426,False,5,recirc_tabicl
0.325,0.148,0.14821295,False,5,recirc_tabicl
0.3375,0.15075,0.15096226,False,5,recirc_tabicl
0.35000000000000003,0.15425,0.15446138,False,5,recirc_tabicl
0.36250000000000004,0.15925,0.15946014,False,5,recirc_tabicl
0.375,0.1635,0.16370907,False,5,recirc_tabicl
0.3875,0.16625,0.1664584,False,5,recirc_tabicl
0.4,0.1685,0.16870783,False,5,recirc_tabicl
0.41250000000000003,0.1715,0.17170708,False,5,recirc_tabicl
0.42500000000000004,0.1745,0.17470632,False,5,recirc_tabicl
0.4375,0.17575,0.17595601,False,5,recirc_tabicl
0.45,0.17875,0.17895526,False,5,recirc_tabicl
0.4625,0.1815,0.18170458,False,5,recirc_tabicl
0.47500000000000003,0.18475,0.18495376,False,5,recirc_tabicl
0.48750000000000004,0.188,0.18820295,False,5,recirc_tabicl
0.5,0.1905,0.19070233,False,5,recirc_tabicl
0.5125000000000001,0.192,0.19220196,False,5,recirc_tabicl
0.525,0.194,0.19420145,False,5,recirc_tabicl
0.5375,0.198,0.19820045,False,5,recirc_tabicl
0.55,0.2005,0.20069982,False,5,recirc_tabicl
0.5625,0.203,0.2031992,False,5,recirc_tabicl
0.5750000000000001,0.20525,0.20544864,False,5,recirc_tabicl
0.5875,0.208,0.20819795,False,5,recirc_tabicl
0.6000000000000001,0.2105,0.21069732,False,5,recirc_tabicl
0.6125,0.21175,0.21194702,False,5,recirc_tabicl
0.625,0.21275,0.21294677,False,5,recirc_tabicl
0.6375000000000001,0.215,0.2151962,False,5,recirc_tabicl
0.65,0.2175,0.21769558,False,5,recirc_tabicl
0.6625000000000001,0.21825,0.2184454,False,5,recirc_tabicl
0.675,0.21925,0.21944514,False,5,recirc_tabicl
0.6875,0.22,0.22019495,False,5,recirc_tabicl
0.7000000000000001,0.2215,0.22169457,False,5,recirc_tabicl
0.7125,0.22275,0.22294426,False,5,recirc_tabicl
0.7250000000000001,0.22425,0.2244439,False,5,recirc_tabicl
0.7375,0.22575,0.22594352,False,5,recirc_tabicl
0.75,0.22725,0.22744314,False,5,recirc_tabicl
0.7625000000000001,0.22825,0.22844289,False,5,recirc_tabicl
0.775,0.22925,0.22944264,False,5,recirc_tabicl
0.7875000000000001,0.22975,0.22994253,False,5,recirc_tabicl
0.8,0.23125,0.23144214,False,5,recirc_tabicl
0.8125,0.23225,0.2324419,False,5,recirc_tabicl
0.8250000000000001,0.233,0.2331917,False,5,recirc_tabicl
0.8375,0.2345,0.23469134,False,5,recirc_tabicl
0.8500000000000001,0.23475,0.23494127,False,5,recirc_tabicl
0.8625,0.235,0.23519121,False,5,recirc_tabicl
0.875,0.23575,0.23594102,False,5,recirc_tabicl
0.8875000000000001,0.23675,0.23694077,False,5,recirc_tabicl
0.9,0.23875,0.23894027,False,5,recirc_tabicl
0.9125000000000001,0.239,0.23919019,False,5,recirc_tabicl
0.925,0.23925,0.23944014,False,5,recirc_tabicl
0.9375,0.23925,0.23944014,False,5,recirc_tabicl
0.9500000000000001,0.23975,0.23994002,False,5,recirc_tabicl
0.9625,0.23975,0.23994002,False,5,recirc_tabicl
0.9750000000000001,0.23975,0.23994002,False,5,recirc_tabicl
0.9875,0.23975,0.23994002,False,5,recirc_tabicl
1.0,0.23975,0.23994002,False,5,recirc_tabicl
1.0,0.2325,0.23269184,False,6,crc
2.0,0.13225,0.13246688,False,6,crc
3.0,0.09475,0.09497626,True,6,crc
4.0,0.074,0.074231446,True,6,crc
5.0,0.058,0.05823544,True,6,crc
6.0,0.0475,0.047738064,True,6,crc
7.0,0.037,0.03724069,True,6,crc
8.0,0.0275,0.027743064,True,6,crc
9.0,0.0225,0.022744315,True,6,crc
10.0,0.01675,0.016995752,True,6,crc
11.0,0.01225,0.012496876,True,6,crc
12.0,0.0095,0.009747563,True,6,crc
13.0,0.0065,0.006748313,True,6,crc
14.0,0.005,0.0052486877,True,6,crc
15.0,0.004,0.004248938,True,6,crc
16.0,0.0025,0.0027493127,True,6,crc
17.0,0.00225,0.002499375,True,6,crc
18.0,0.0015,0.0017495627,True,6,crc
19.0,0.00125,0.001499625,True,6,crc
20.0,0.0005,0.0007498126,True,6,crc
21.0,0.0,0.00024993753,True,6,crc
22.0,0.0,0.00024993753,True,6,crc
23.0,0.0,0.00024993753,True,6,crc
24.0,0.0,0.00024993753,True,6,crc
25.0,0.0,0.00024993753,True,6,crc
26.0,0.0,0.00024993753,True,6,crc
-6.0,0.2325,0.23269184,False,6,aa_crc_style
-5.9,0.2325,0.23269184,False,6,aa_crc_style
-5.8,0.2325,0.23269184,False,6,aa_crc_style
-5.7,0.2325,0.23269184,False,6,aa_crc_style
-5.6,0.2325,0.23269184,False,6,aa_crc_style
-5.5,0.2325,0.23269184,False,6,aa_crc_style
-5.4,0.2325,0.23269184,False,6,aa_crc_style
-5.3,0.2325,0.23269184,False,6,aa_crc_style
-5.2,0.2325,0.23269184,False,6,aa_crc_style
-5.1,0.2325,0.23269184,False,6,aa_crc_style
-5.0,0.2325,0.23269184,False,6,aa_crc_style
-4.9,0.2325,0.23269184,False,6,aa_crc_style
-4.8,0.2325,0.23269184,False,6,aa_crc_style
-4.7,0.2325,0.23269184,False,6,aa_crc_style
-4.6,0.2325,0.23269184,False,6,aa_crc_style
-4.5,0.2325,0.23269184,False,6,aa_crc_style
-4.4,0.2325,0.23269184,False,6,aa_crc_style
-4.3,0.2325,0.23269184,False,6,aa_crc_style
-4.2,0.2325,0.23269184,False,6,aa_crc_style
-4.1,0.2325,0.23269184,False,6,aa_crc_style
-4.0,0.2325,0.23269184,False,6,aa_crc_style
-3.9,0.2325,0.23269184,False,6,aa_crc_style
-3.8,0.2325,0.23269184,False,6,aa_crc_style
-3.6999999999999997,0.2325,0.23269184,False,6,aa_crc_style
-3.5999999999999996,0.2325,0.23269184,False,6,aa_crc_style
-3.5,0.2325,0.23269184,False,6,aa_crc_style
-3.4,0.2325,0.23269184,False,6,aa_crc_style
-3.3,0.2325,0.23269184,False,6,aa_crc_style
-3.1999999999999997,0.2325,0.23269184,False,6,aa_crc_style
-3.0999999999999996,0.2325,0.23269184,False,6,aa_crc_style
-3.0,0.2325,0.23269184,False,6,aa_crc_style
-2.9,0.2325,0.23269184,False,6,aa_crc_style
-2.8,0.2325,0.23269184,False,6,aa_crc_style
-2.6999999999999997,0.2325,0.23269184,False,6,aa_crc_style
-2.5999999999999996,0.2325,0.23269184,False,6,aa_crc_style
-2.5,0.2325,0.23269184,False,6,aa_crc_style
-2.4,0.2325,0.23269184,False,6,aa_crc_style
-2.3,0.2325,0.23269184,False,6,aa_crc_style
-2.1999999999999997,0.2325,0.23269184,False,6,aa_crc_style
-2.0999999999999996,0.2325,0.23269184,False,6,aa_crc_style
-2.0,0.2325,0.23269184,False,6,aa_crc_style
-1.8999999999999995,0.23225,0.2324419,False,6,aa_crc_style
-1.7999999999999998,0.23225,0.2324419,False,6,aa_crc_style
-1.7000000000000002,0.232,0.23219195,False,6,aa_crc_style
-1.5999999999999996,0.232,0.23219195,False,6,aa_crc_style
-1.5,0.232,0.23219195,False,6,aa_crc_style
-1.3999999999999995,0.23175,0.23194201,False,6,aa_crc_style
-1.2999999999999998,0.23125,0.23144214,False,6,aa_crc_style
-1.1999999999999993,0.22975,0.22994253,False,6,aa_crc_style
-1.0999999999999996,0.2285,0.22869283,False,6,aa_crc_style
-1.0,0.22675,0.22694327,False,6,aa_crc_style
-0.8999999999999995,0.2245,0.22469383,False,6,aa_crc_style
-0.7999999999999998,0.22325,0.22344415,False,6,aa_crc_style
-0.6999999999999993,0.22075,0.22094478,False,6,aa_crc_style
-0.5999999999999996,0.21625,0.2164459,False,6,aa_crc_style
-0.5,0.21225,0.21244688,False,6,aa_crc_style
-0.39999999999999947,0.2045,0.20469883,False,6,aa_crc_style
-0.2999999999999998,0.1955,0.19570108,False,6,aa_crc_style
-0.1999999999999993,0.18675,0.18695326,False,6,aa_crc_style
-0.09999999999999964,0.177,0.1772057,False,6,aa_crc_style
0.0,0.1675,0.16770808,False,6,aa_crc_style
0.10000000000000053,0.154,0.15421145,False,6,aa_crc_style
0.20000000000000018,0.1425,0.14271432,False,6,aa_crc_style
0.3000000000000007,0.13125,0.13146713,False,6,aa_crc_style
0.40000000000000036,0.1165,0.11672082,False,6,aa_crc_style
0.5,0.1075,0.10772307,False,6,aa_crc_style
0.6000000000000005,0.1,0.10022495,False,6,aa_crc_style
0.7000000000000002,0.09325,0.09347663,True,6,aa_crc_style
0.8000000000000007,0.085,0.0852287,True,6,aa_crc_style
0.9000000000000004,0.0795,0.07973006,True,6,aa_crc_style
1.0,0.0715,0.071732074,True,6,aa_crc_style
1.1000000000000005,0.067,0.0672332,True,6,aa_crc_style
1.2000000000000002,0.05925,0.05948513,True,6,aa_crc_style
1.3000000000000007,0.055,0.05523619,True,6,aa_crc_style
1.4000000000000004,0.05075,0.05098725,True,6,aa_crc_style
1.5,0.04725,0.047488127,True,6,aa_crc_style
1.6000000000000005,0.0415,0.041739564,True,6,aa_crc_style
1.7000000000000002,0.03725,0.03749063,True,6,aa_crc_style
1.8000000000000007,0.0315,0.031742066,True,6,aa_crc_style
1.9000000000000004,0.0285,0.028742814,True,6,aa_crc_style
2.0,0.025,0.02524369,True,6,aa_crc_style
2.0999999999999996,0.0215,0.021744564,True,6,aa_crc_style
2.200000000000001,0.01925,0.019495126,True,6,aa_crc_style
2.3000000000000007,0.0155,0.015746064,True,6,aa_crc_style
2.4000000000000004,0.014,0.014246439,True,6,aa_crc_style
2.5,0.01125,0.011497126,True,6,aa_crc_style
2.5999999999999996,0.00875,0.0089977505,True,6,aa_crc_style
2.700000000000001,0.00825,0.008497875,True,6,aa_crc_style
2.8000000000000007,0.00725,0.0074981255,True,6,aa_crc_style
2.9000000000000004,0.00625,0.006498376,True,6,aa_crc_style
3.0,0.00475,0.0049987505,True,6,aa_crc_style
3.0999999999999996,0.004,0.004248938,True,6,aa_crc_style
3.200000000000001,0.00325,0.0034991251,True,6,aa_crc_style
3.3000000000000007,0.00325,0.0034991251,True,6,aa_crc_style
3.4000000000000004,0.00225,0.002499375,True,6,aa_crc_style
3.5,0.00175,0.0019995002,True,6,aa_crc_style
3.6000000000000014,0.00125,0.001499625,True,6,aa_crc_style
3.700000000000001,0.001,0.0012496876,True,6,aa_crc_style
3.8000000000000007,0.00075,0.0009997501,True,6,aa_crc_style
3.9000000000000004,0.0005,0.0007498126,True,6,aa_crc_style
4.0,0.0005,0.0007498126,True,6,aa_crc_style
4.100000000000001,0.00025,0.00049987505,True,6,aa_crc_style
4.200000000000001,0.0,0.00024993753,True,6,aa_crc_style
4.300000000000001,0.0,0.00024993753,True,6,aa_crc_style
4.4,0.0,0.00024993753,True,6,aa_crc_style
4.5,0.0,0.00024993753,True,6,aa_crc_style
4.600000000000001,0.0,0.00024993753,True,6,aa_crc_style
4.700000000000001,0.0,0.00024993753,True,6,aa_crc_style
4.800000000000001,0.0,0.00024993753,True,6,aa_crc_style
4.9,0.0,0.00024993753,True,6,aa_crc_style
5.0,0.0,0.00024993753,True,6,aa_crc_style
5.100000000000001,0.0,0.00024993753,True,6,aa_crc_style
5.200000000000001,0.0,0.00024993753,True,6,aa_crc_style
5.300000000000001,0.0,0.00024993753,True,6,aa_crc_style
5.4,0.0,0.00024993753,True,6,aa_crc_style
5.5,0.0,0.00024993753,True,6,aa_crc_style
5.600000000000001,0.0,0.00024993753,True,6,aa_crc_style
5.700000000000001,0.0,0.00024993753,True,6,aa_crc_style
5.800000000000001,0.0,0.00024993753,True,6,aa_crc_style
5.9,0.0,0.00024993753,True,6,aa_crc_style
6.0,0.0,0.00024993753,True,6,aa_crc_style
0.0,0.0,0.00024993753,True,6,recirc_tabicl
0.0125,0.01075,0.010997251,True,6,recirc_tabicl
0.025,0.01825,0.018495375,True,6,recirc_tabicl
0.037500000000000006,0.0235,0.023744063,True,6,recirc_tabicl
0.05,0.029,0.029242689,True,6,recirc_tabicl
0.0625,0.03875,0.03899025,True,6,recirc_tabicl
0.07500000000000001,0.04575,0.045988504,True,6,recirc_tabicl
0.08750000000000001,0.0505,0.050737318,True,6,recirc_tabicl
0.1,0.0565,0.056735817,True,6,recirc_tabicl
0.1125,0.063,0.063234195,True,6,recirc_tabicl
0.125,0.067,0.0672332,True,6,recirc_tabicl
0.1375,0.0715,0.071732074,True,6,recirc_tabicl
0.15000000000000002,0.07875,0.07898025,True,6,recirc_tabicl
0.1625,0.08175,0.081979506,True,6,recirc_tabicl
0.17500000000000002,0.08625,0.08647838,True,6,recirc_tabicl
0.1875,0.09025,0.090477385,True,6,recirc_tabicl
0.2,0.094,0.09422644,True,6,recirc_tabicl
0.21250000000000002,0.0965,0.09672582,True,6,recirc_tabicl
0.225,0.1005,0.100724824,False,6,recirc_tabicl
0.23750000000000002,0.10425,0.10447388,False,6,recirc_tabicl
0.25,0.10975,0.109972514,False,6,recirc_tabicl
0.2625,0.114,0.114221446,False,6,recirc_tabicl
0.275,0.11825,0.11847038,False,6,recirc_tabicl
0.28750000000000003,0.1235,0.12371907,False,6,recirc_tabicl
0.30000000000000004,0.12975,0.12996751,False,6,recirc_tabicl
0.3125,0.1345,0.13471632,False,6,recirc_tabicl
0.325,0.1395,0.13971508,False,6,recirc_tabicl
0.3375,0.14125,0.14146464,False,6,recirc_tabicl
0.35000000000000003,0.1435,0.14371407,False,6,recirc_tabicl
0.36250000000000004,0.1465,0.14671333,False,6,recirc_tabicl
0.375,0.1505,0.15071233,False,6,recirc_tabicl
0.3875,0.15225,0.15246189,False,6,recirc_tabicl
0.4,0.155,0.1552112,False,6,recirc_tabicl
0.41250000000000003,0.158,0.15821046,False,6,recirc_tabicl
0.42500000000000004,0.16025,0.16045988,False,6,recirc_tabicl
0.4375,0.1625,0.16270933,False,6,recirc_tabicl
0.45,0.16575,0.16595851,False,6,recirc_tabicl
0.4625,0.16825,0.16845788,False,6,recirc_tabicl
0.47500000000000003,0.17025,0.1704574,False,6,recirc_tabicl
0.48750000000000004,0.1735,0.17370658,False,6,recirc_tabicl
0.5,0.17775,0.17795552,False,6,recirc_tabicl
0.5125000000000001,0.181,0.18120469,False,6,recirc_tabicl
0.525,0.18425,0.18445389,False,6,recirc_tabicl
0.5375,0.18675,0.18695326,False,6,recirc_tabicl
0.55,0.1895,0.18970259,False,6,recirc_tabicl
0.5625,0.19275,0.19295177,False,6,recirc_tabicl
0.5750000000000001,0.195,0.19520119,False,6,recirc_tabicl
0.5875,0.19825,0.19845039,False,6,recirc_tabicl
0.6000000000000001,0.20075,0.20094976,False,6,recirc_tabicl
0.6125,0.20275,0.20294926,False,6,recirc_tabicl
0.625,0.204,0.20419896,False,6,recirc_tabicl
0.6375000000000001,0.2055,0.20569858,False,6,recirc_tabicl
0.65,0.20725,0.20744814,False,6,recirc_tabicl
0.6625000000000001,0.2095,0.20969757,False,6,recirc_tabicl
0.675,0.2115,0.21169709,False,6,recirc_tabicl
0.6875,0.2135,0.21369657,False,6,recirc_tabicl
0.7000000000000001,0.21575,0.215946,False,6,recirc_tabicl
0.7125,0.2165,0.21669583,False,6,recirc_tabicl
0.7250000000000001,0.21825,0.2184454,False,6,recirc_tabicl
0.7375,0.21975,0.21994501,False,6,recirc_tabicl
0.75,0.222,0.22219446,False,6,recirc_tabicl
0.7625000000000001,0.2225,0.22269432,False,6,recirc_tabicl
0.775,0.22525,0.22544365,False,6,recirc_tabicl
0.7875000000000001,0.22725,0.22744314,False,6,recirc_tabicl
0.8,0.22875,0.22894277,False,6,recirc_tabicl
0.8125,0.22975,0.22994253,False,6,recirc_tabicl
0.8250000000000001,0.23,0.23019245,False,6,recirc_tabicl
0.8375,0.23025,0.23044239,False,6,recirc_tabicl
0.8500000000000001,0.2315,0.23169208,False,6,recirc_tabicl
0.8625,0.23175,0.23194201,False,6,recirc_tabicl
0.875,0.232,0.23219195,False,6,recirc_tabicl
0.8875000000000001,0.232,0.23219195,False,6,recirc_tabicl
0.9,0.232,0.23219195,False,6,recirc_tabicl
0.9125000000000001,0.232,0.23219195,False,6,recirc_tabicl
0.925,0.23225,0.2324419,False,6,recirc_tabicl
0.9375,0.2325,0.23269184,False,6,recirc_tabicl
0.9500000000000001,0.2325,0.23269184,False,6,recirc_tabicl
0.9625,0.2325,0.23269184,False,6,recirc_tabicl
0.9750000000000001,0.2325,0.23269184,False,6,recirc_tabicl
0.9875,0.2325,0.23269184,False,6,recirc_tabicl
1.0,0.2325,0.23269184,False,6,recirc_tabicl
1.0,0.237,0.23719071,False,7,crc
2.0,0.137,0.13721569,False,7,crc
3.0,0.097,0.097225696,True,7,crc
4.0,0.0765,0.07673082,True,7,crc
5.0,0.0615,0.06173457,True,7,crc
6.0,0.04775,0.047988005,True,7,crc
7.0,0.03575,0.035991006,True,7,crc
8.0,0.0275,0.027743064,True,7,crc
9.0,0.02125,0.021494627,True,7,crc
10.0,0.0165,0.016745813,True,7,crc
11.0,0.01025,0.010497375,True,7,crc
12.0,0.00775,0.007998001,True,7,crc
13.0,0.005,0.0052486877,True,7,crc
14.0,0.0045,0.004748813,True,7,crc
15.0,0.0025,0.0027493127,True,7,crc
16.0,0.00225,0.002499375,True,7,crc
17.0,0.00175,0.0019995002,True,7,crc
18.0,0.00125,0.001499625,True,7,crc
19.0,0.001,0.0012496876,True,7,crc
20.0,0.0005,0.0007498126,True,7,crc
21.0,0.0005,0.0007498126,True,7,crc
22.0,0.0005,0.0007498126,True,7,crc
23.0,0.0005,0.0007498126,True,7,crc
24.0,0.00025,0.00049987505,True,7,crc
25.0,0.00025,0.00049987505,True,7,crc
26.0,0.0,0.00024993753,True,7,crc
-6.0,0.237,0.23719071,False,7,aa_crc_style
-5.9,0.237,0.23719071,False,7,aa_crc_style
-5.8,0.237,0.23719071,False,7,aa_crc_style
-5.7,0.237,0.23719071,False,7,aa_crc_style
-5.6,0.237,0.23719071,False,7,aa_crc_style
-5.5,0.237,0.23719071,False,7,aa_crc_style
-5.4,0.237,0.23719071,False,7,aa_crc_style
-5.3,0.237,0.23719071,False,7,aa_crc_style
-5.2,0.237,0.23719071,False,7,aa_crc_style
-5.1,0.237,0.23719071,False,7,aa_crc_style
-5.0,0.237,0.23719071,False,7,aa_crc_style
-4.9,0.237,0.23719071,False,7,aa_crc_style
-4.8,0.237,0.23719071,False,7,aa_crc_style
-4.7,0.237,0.23719071,False,7,aa_crc_style
-4.6,0.237,0.23719071,False,7,aa_crc_style
-4.5,0.237,0.23719071,False,7,aa_crc_style
-4.4,0.237,0.23719071,False,7,aa_crc_style
-4.3,0.237,0.23719071,False,7,aa_crc_style
-4.2,0.237,0.23719071,False,7,aa_crc_style
-4.1,0.237,0.23719071,False,7,aa_crc_style
-4.0,0.237,0.23719071,False,7,aa_crc_style
-3.9,0.237,0.23719071,False,7,aa_crc_style
-3.8,0.237,0.23719071,False,7,aa_crc_style
-3.6999999999999997,0.237,0.23719071,False,7,aa_crc_style
-3.5999999999999996,0.237,0.23719071,False,7,aa_crc_style
-3.5,0.237,0.23719071,False,7,aa_crc_style
-3.4,0.237,0.23719071,False,7,aa_crc_style
-3.3,0.237,0.23719071,False,7,aa_crc_style
-3.1999999999999997,0.237,0.23719071,False,7,aa_crc_style
-3.0999999999999996,0.237,0.23719071,False,7,aa_crc_style
-3.0,0.237,0.23719071,False,7,aa_crc_style
-2.9,0.237,0.23719071,False,7,aa_crc_style
-2.8,0.237,0.23719071,False,7,aa_crc_style
-2.6999999999999997,0.237,0.23719071,False,7,aa_crc_style
-2.5999999999999996,0.237,0.23719071,False,7,aa_crc_style
-2.5,0.237,0.23719071,False,7,aa_crc_style
-2.4,0.237,0.23719071,False,7,aa_crc_style
-2.3,0.237,0.23719071,False,7,aa_crc_style
-2.1999999999999997,0.237,0.23719071,False,7,aa_crc_style
-2.0999999999999996,0.237,0.23719071,False,7,aa_crc_style
-2.0,0.237,0.23719071,False,7,aa_crc_style
-1.8999999999999995,0.237,0.23719071,False,7,aa_crc_style
-1.7999999999999998,0.237,0.23719071,False,7,aa_crc_style
-1.7000000000000002,0.237,0.23719071,False,7,aa_crc_style
-1.5999999999999996,0.237,0.23719071,False,7,aa_crc_style
-1.5,0.237,0.23719071,False,7,aa_crc_style
-1.3999999999999995,0.23675,0.23694077,False,7,aa_crc_style
-1.2999999999999998,0.23625,0.2364409,False,7,aa_crc_style
-1.1999999999999993,0.2355,0.23569107,False,7,aa_crc_style
-1.0999999999999996,0.23475,0.23494127,False,7,aa_crc_style
-1.0,0.23425,0.23444138,False,7,aa_crc_style
-0.8999999999999995,0.231,0.23119222,False,7,aa_crc_style
-0.7999999999999998,0.2295,0.22969258,False,7,aa_crc_style
-0.6999999999999993,0.2255,0.22569358,False,7,aa_crc_style
-0.5999999999999996,0.22275,0.22294426,False,7,aa_crc_style
-0.5,0.217,0.21719569,False,7,aa_crc_style
-0.39999999999999947,0.20875,0.20894776,False,7,aa_crc_style
-0.2999999999999998,0.20175,0.2019495,False,7,aa_crc_style
-0.1999999999999993,0.1945,0.19470133,False,7,aa_crc_style
-0.09999999999999964,0.18475,0.18495376,False,7,aa_crc_style
0.0,0.17375,0.17395651,False,7,aa_crc_style
0.10000000000000053,0.1605,0.16070983,False,7,aa_crc_style
0.20000000000000018,0.1455,0.14571358,False,7,aa_crc_style
0.3000000000000007,0.13375,0.13396652,False,7,aa_crc_style
0.40000000000000036,0.12225,0.12246938,False,7,aa_crc_style
0.5,0.11275,0.11297176,False,7,aa_crc_style
0.6000000000000005,0.1025,0.10272432,False,7,aa_crc_style
0.7000000000000002,0.09575,0.095976,True,7,aa_crc_style
0.8000000000000007,0.08875,0.088977754,True,7,aa_crc_style
0.9000000000000004,0.0825,0.082729325,True,7,aa_crc_style
1.0,0.07775,0.0779805,True,7,aa_crc_style
1.1000000000000005,0.07175,0.071982004,True,7,aa_crc_style
1.2000000000000002,0.06325,0.063484125,True,7,aa_crc_style
1.3000000000000007,0.05675,0.056985755,True,7,aa_crc_style
1.4000000000000004,0.05175,0.051987004,True,7,aa_crc_style
1.5,0.04575,0.045988504,True,7,aa_crc_style
1.6000000000000005,0.0425,0.042739317,True,7,aa_crc_style
1.7000000000000002,0.0355,0.035741065,True,7,aa_crc_style
1.8000000000000007,0.03175,0.031992003,True,7,aa_crc_style
1.9000000000000004,0.0285,0.028742814,True,7,aa_crc_style
2.0,0.0245,0.024743814,True,7,aa_crc_style
2.0999999999999996,0.021,0.021244688,True,7,aa_crc_style
2.200000000000001,0.01775,0.017995501,True,7,aa_crc_style
2.3000000000000007,0.01475,0.014996251,True,7,aa_crc_style
2.4000000000000004,0.01175,0.011997,True,7,aa_crc_style
2.5,0.01075,0.010997251,True,7,aa_crc_style
2.5999999999999996,0.00925,0.009497626,True,7,aa_crc_style
2.700000000000001,0.0075,0.007748063,True,7,aa_crc_style
2.8000000000000007,0.0065,0.006748313,True,7,aa_crc_style
2.9000000000000004,0.0045,0.004748813,True,7,aa_crc_style
3.0,0.0035,0.0037490628,True,7,aa_crc_style
3.0999999999999996,0.00275,0.0029992503,True,7,aa_crc_style
3.200000000000001,0.002,0.0022494378,True,7,aa_crc_style
3.3000000000000007,0.002,0.0022494378,True,7,aa_crc_style
3.4000000000000004,0.0015,0.0017495627,True,7,aa_crc_style
3.5,0.00125,0.001499625,True,7,aa_crc_style
3.6000000000000014,0.001,0.0012496876,True,7,aa_crc_style
3.700000000000001,0.001,0.0012496876,True,7,aa_crc_style
3.8000000000000007,0.001,0.0012496876,True,7,aa_crc_style
3.9000000000000004,0.00075,0.0009997501,True,7,aa_crc_style
4.0,0.00075,0.0009997501,True,7,aa_crc_style
4.100000000000001,0.00075,0.0009997501,True,7,aa_crc_style
4.200000000000001,0.0005,0.0007498126,True,7,aa_crc_style
4.300000000000001,0.0005,0.0007498126,True,7,aa_crc_style
4.4,0.0005,0.0007498126,True,7,aa_crc_style
4.5,0.0005,0.0007498126,True,7,aa_crc_style
4.600000000000001,0.0005,0.0007498126,True,7,aa_crc_style
4.700000000000001,0.0005,0.0007498126,True,7,aa_crc_style
4.800000000000001,0.0005,0.0007498126,True,7,aa_crc_style
4.9,0.00025,0.00049987505,True,7,aa_crc_style
5.0,0.00025,0.00049987505,True,7,aa_crc_style
5.100000000000001,0.00025,0.00049987505,True,7,aa_crc_style
5.200000000000001,0.00025,0.00049987505,True,7,aa_crc_style
5.300000000000001,0.00025,0.00049987505,True,7,aa_crc_style
5.4,0.00025,0.00049987505,True,7,aa_crc_style
5.5,0.00025,0.00049987505,True,7,aa_crc_style
5.600000000000001,0.0,0.00024993753,True,7,aa_crc_style
5.700000000000001,0.0,0.00024993753,True,7,aa_crc_style
5.800000000000001,0.0,0.00024993753,True,7,aa_crc_style
5.9,0.0,0.00024993753,True,7,aa_crc_style
6.0,0.0,0.00024993753,True,7,aa_crc_style
0.0,0.0,0.00024993753,True,7,recirc_tabicl
0.0125,0.008,0.008247938,True,7,recirc_tabicl
0.025,0.0125,0.012746814,True,7,recirc_tabicl
0.037500000000000006,0.01775,0.017995501,True,7,recirc_tabicl
0.05,0.02675,0.026993252,True,7,recirc_tabicl
0.0625,0.033,0.03324169,True,7,recirc_tabicl
0.07500000000000001,0.0405,0.040739816,True,7,recirc_tabicl
0.08750000000000001,0.04675,0.046988256,True,7,recirc_tabicl
0.1,0.052,0.05223694,True,7,recirc_tabicl
0.1125,0.05775,0.057985507,True,7,recirc_tabicl
0.125,0.06525,0.06548363,True,7,recirc_tabicl
0.1375,0.0695,0.06973257,True,7,recirc_tabicl
0.15000000000000002,0.07425,0.074481376,True,7,recirc_tabicl
0.1625,0.0785,0.07873032,True,7,recirc_tabicl
0.17500000000000002,0.08325,0.08347913,True,7,recirc_tabicl
0.1875,0.0855,0.08572857,True,7,recirc_tabicl
0.2,0.0905,0.090727314,True,7,recirc_tabicl
0.21250000000000002,0.095,0.09522619,True,7,recirc_tabicl
0.225,0.09975,0.099975005,True,7,recirc_tabicl
0.23750000000000002,0.103,0.103224196,False,7,recirc_tabicl
0.25,0.10725,0.10747313,False,7,recirc_tabicl
0.2625,0.1115,0.111722074,False,7,recirc_tabicl
0.275,0.1155,0.11572108,False,7,recirc_tabicl
0.28750000000000003,0.11925,0.119470134,False,7,recirc_tabicl
0.30000000000000004,0.1215,0.12171957,False,7,recirc_tabicl
0.3125,0.12625,0.12646839,False,7,recirc_tabicl
0.325,0.1285,0.12871782,False,7,recirc_tabicl
0.3375,0.13175,0.13196701,False,7,recirc_tabicl
0.35000000000000003,0.135,0.1352162,False,7,recirc_tabicl
0.36250000000000004,0.13875,0.13896526,False,7,recirc_tabicl
0.375,0.14125,0.14146464,False,7,recirc_tabicl
0.3875,0.14375,0.14396401,False,7,recirc_tabicl
0.4,0.14675,0.14696327,False,7,recirc_tabicl
0.41250000000000003,0.149,0.1492127,False,7,recirc_tabicl
0.42500000000000004,0.1535,0.15371157,False,7,recirc_tabicl
0.4375,0.156,0.15621096,False,7,recirc_tabicl
0.45,0.1585,0.15871033,False,7,recirc_tabicl
0.4625,0.1625,0.16270933,False,7,recirc_tabicl
0.47500000000000003,0.16475,0.16495876,False,7,recirc_tabicl
0.48750000000000004,0.168,0.16820794,False,7,recirc_tabicl
0.5,0.17125,0.17145714,False,7,recirc_tabicl
0.5125000000000001,0.174,0.17420645,False,7,recirc_tabicl
0.525,0.178,0.17820546,False,7,recirc_tabicl
0.5375,0.18075,0.18095475,False,7,recirc_tabicl
0.55,0.183,0.1832042,False,7,recirc_tabicl
0.5625,0.186,0.18620345,False,7,recirc_tabicl
0.5750000000000001,0.18825,0.1884529,False,7,recirc_tabicl
0.5875,0.19,0.19020244,False,7,recirc_tabicl
0.6000000000000001,0.193,0.1932017,False,7,recirc_tabicl
0.6125,0.19725,0.19745064,False,7,recirc_tabicl
0.625,0.2005,0.20069982,False,7,recirc_tabicl
0.6375000000000001,0.20225,0.2024494,False,7,recirc_tabicl
0.65,0.20475,0.20494877,False,7,recirc_tabicl
0.6625000000000001,0.20725,0.20744814,False,7,recirc_tabicl
0.675,0.2085,0.20869783,False,7,recirc_tabicl
0.6875,0.2115,0.21169709,False,7,recirc_tabicl
0.7000000000000001,0.21425,0.2144464,False,7,recirc_tabicl
0.7125,0.217,0.21719569,False,7,recirc_tabicl
0.7250000000000001,0.2185,0.21869533,False,7,recirc_tabicl
0.7375,0.22125,0.22144464,False,7,recirc_tabicl
0.75,0.22175,0.22194453,False,7,recirc_tabicl
0.7625000000000001,0.22325,0.22344415,False,7,recirc_tabicl
0.775,0.22525,0.22544365,False,7,recirc_tabicl
0.7875000000000001,0.2275,0.22769308,False,7,recirc_tabicl
0.8,0.2295,0.22969258,False,7,recirc_tabicl
0.8125,0.23025,0.23044239,False,7,recirc_tabicl
0.8250000000000001,0.23075,0.23094226,False,7,recirc_tabicl
0.8375,0.2315,0.23169208,False,7,recirc_tabicl
0.8500000000000001,0.23225,0.2324419,False,7,recirc_tabicl
0.8625,0.23275,0.23294176,False,7,recirc_tabicl
0.875,0.23325,0.23344165,False,7,recirc_tabicl
0.8875000000000001,0.2335,0.23369159,False,7,recirc_tabicl
0.9,0.234,0.23419145,False,7,recirc_tabicl
0.9125000000000001,0.23475,0.23494127,False,7,recirc_tabicl
0.925,0.235,0.23519121,False,7,recirc_tabicl
0.9375,0.2365,0.23669082,False,7,recirc_tabicl
0.9500000000000001,0.23675,0.23694077,False,7,recirc_tabicl
0.9625,0.237,0.23719071,False,7,recirc_tabicl
0.9750000000000001,0.237,0.23719071,False,7,recirc_tabicl
0.9875,0.237,0.23719071,False,7,recirc_tabicl
1.0,0.237,0.23719071,False,7,recirc_tabicl
1.0,0.22475,0.22494376,False,8,crc
2.0,0.128,0.12821795,False,8,crc
3.0,0.096,0.09622595,True,8,crc
4.0,0.0755,0.07573106,True,8,crc
5.0,0.06075,0.060984753,True,8,crc
6.0,0.047,0.04723819,True,8,crc
7.0,0.035,0.03524119,True,8,crc
8.0,0.0275,0.027743064,True,8,crc
9.0,0.02125,0.021494627,True,8,crc
10.0,0.0175,0.017745564,True,8,crc
11.0,0.013,0.013246688,True,8,crc
12.0,0.01075,0.010997251,True,8,crc
13.0,0.0075,0.007748063,True,8,crc
14.0,0.006,0.0062484383,True,8,crc
15.0,0.0045,0.004748813,True,8,crc
16.0,0.00375,0.0039990004,True,8,crc
17.0,0.0025,0.0027493127,True,8,crc
18.0,0.002,0.0022494378,True,8,crc
19.0,0.0015,0.0017495627,True,8,crc
20.0,0.0015,0.0017495627,True,8,crc
21.0,0.001,0.0012496876,True,8,crc
22.0,0.00075,0.0009997501,True,8,crc
23.0,0.00075,0.0009997501,True,8,crc
24.0,0.0,0.00024993753,True,8,crc
25.0,0.0,0.00024993753,True,8,crc
26.0,0.0,0.00024993753,True,8,crc
-6.0,0.22475,0.22494376,False,8,aa_crc_style
-5.9,0.22475,0.22494376,False,8,aa_crc_style
-5.8,0.22475,0.22494376,False,8,aa_crc_style
-5.7,0.22475,0.22494376,False,8,aa_crc_style
-5.6,0.22475,0.22494376,False,8,aa_crc_style
-5.5,0.22475,0.22494376,False,8,aa_crc_style
-5.4,0.22475,0.22494376,False,8,aa_crc_style
-5.3,0.22475,0.22494376,False,8,aa_crc_style
-5.2,0.22475,0.22494376,False,8,aa_crc_style
-5.1,0.22475,0.22494376,False,8,aa_crc_style
-5.0,0.22475,0.22494376,False,8,aa_crc_style
-4.9,0.22475,0.22494376,False,8,aa_crc_style
-4.8,0.22475,0.22494376,False,8,aa_crc_style
-4.7,0.22475,0.22494376,False,8,aa_crc_style
-4.6,0.22475,0.22494376,False,8,aa_crc_style
-4.5,0.22475,0.22494376,False,8,aa_crc_style
-4.4,0.22475,0.22494376,False,8,aa_crc_style
-4.3,0.22475,0.22494376,False,8,aa_crc_style
-4.2,0.22475,0.22494376,False,8,aa_crc_style
-4.1,0.22475,0.22494376,False,8,aa_crc_style
-4.0,0.22475,0.22494376,False,8,aa_crc_style
-3.9,0.22475,0.22494376,False,8,aa_crc_style
-3.8,0.22475,0.22494376,False,8,aa_crc_style
-3.6999999999999997,0.22475,0.22494376,False,8,aa_crc_style
-3.5999999999999996,0.22475,0.22494376,False,8,aa_crc_style
-3.5,0.22475,0.22494376,False,8,aa_crc_style
-3.4,0.22475,0.22494376,False,8,aa_crc_style
-3.3,0.22475,0.22494376,False,8,aa_crc_style
-3.1999999999999997,0.22475,0.22494376,False,8,aa_crc_style
-3.0999999999999996,0.22475,0.22494376,False,8,aa_crc_style
-3.0,0.22475,0.22494376,False,8,aa_crc_style
-2.9,0.22475,0.22494376,False,8,aa_crc_style
-2.8,0.22475,0.22494376,False,8,aa_crc_style
-2.6999999999999997,0.22475,0.22494376,False,8,aa_crc_style
-2.5999999999999996,0.22475,0.22494376,False,8,aa_crc_style
-2.5,0.22475,0.22494376,False,8,aa_crc_style
-2.4,0.22475,0.22494376,False,8,aa_crc_style
-2.3,0.22475,0.22494376,False,8,aa_crc_style
-2.1999999999999997,0.22475,0.22494376,False,8,aa_crc_style
-2.0999999999999996,0.22475,0.22494376,False,8,aa_crc_style
-2.0,0.22475,0.22494376,False,8,aa_crc_style
-1.8999999999999995,0.22475,0.22494376,False,8,aa_crc_style
-1.7999999999999998,0.22475,0.22494376,False,8,aa_crc_style
-1.7000000000000002,0.22475,0.22494376,False,8,aa_crc_style
-1.5999999999999996,0.22475,0.22494376,False,8,aa_crc_style
-1.5,0.2245,0.22469383,False,8,aa_crc_style
-1.3999999999999995,0.2245,0.22469383,False,8,aa_crc_style
-1.2999999999999998,0.22425,0.2244439,False,8,aa_crc_style
-1.1999999999999993,0.2235,0.22369407,False,8,aa_crc_style
-1.0999999999999996,0.22275,0.22294426,False,8,aa_crc_style
-1.0,0.22175,0.22194453,False,8,aa_crc_style
-0.8999999999999995,0.2195,0.21969509,False,8,aa_crc_style
-0.7999999999999998,0.21725,0.21744564,False,8,aa_crc_style
-0.6999999999999993,0.2155,0.21569608,False,8,aa_crc_style
-0.5999999999999996,0.213,0.21319671,False,8,aa_crc_style
-0.5,0.209,0.20919771,False,8,aa_crc_style
-0.39999999999999947,0.205,0.2051987,False,8,aa_crc_style
-0.2999999999999998,0.19675,0.19695076,False,8,aa_crc_style
-0.1999999999999993,0.1895,0.18970259,False,8,aa_crc_style
-0.09999999999999964,0.18175,0.18195452,False,8,aa_crc_style
0.0,0.17275,0.17295676,False,8,aa_crc_style
0.10000000000000053,0.1575,0.15771057,False,8,aa_crc_style
0.20000000000000018,0.14375,0.14396401,False,8,aa_crc_style
0.3000000000000007,0.1275,0.12771808,False,8,aa_crc_style
0.40000000000000036,0.11725,0.11747064,False,8,aa_crc_style
0.5,0.1065,0.10672332,False,8,aa_crc_style
0.6000000000000005,0.099,0.09922519,True,8,aa_crc_style
0.7000000000000002,0.0905,0.090727314,True,8,aa_crc_style
0.8000000000000007,0.08225,0.08247938,True,8,aa_crc_style
0.9000000000000004,0.0735,0.07373157,True,8,aa_crc_style
1.0,0.069,0.06923269,True,8,aa_crc_style
1.1000000000000005,0.06225,0.06248438,True,8,aa_crc_style
1.2000000000000002,0.059,0.059235193,True,8,aa_crc_style
1.3000000000000007,0.0545,0.054736316,True,8,aa_crc_style
1.4000000000000004,0.04925,0.049487628,True,8,aa_crc_style
1.5,0.0425,0.042739317,True,8,aa_crc_style
1.6000000000000005,0.03725,0.03749063,True,8,aa_crc_style
1.7000000000000002,0.03175,0.031992003,True,8,aa_crc_style
1.8000000000000007,0.02825,0.028492877,True,8,aa_crc_style
1.9000000000000004,0.0245,0.024743814,True,8,aa_crc_style
2.0,0.02125,0.021494627,True,8,aa_crc_style
2.0999999999999996,0.018,0.018245438,True,8,aa_crc_style
2.200000000000001,0.0155,0.015746064,True,8,aa_crc_style
2.3000000000000007,0.01325,0.013496625,True,8,aa_crc_style
2.4000000000000004,0.012,0.012246938,True,8,aa_crc_style
2.5,0.0105,0.010747313,True,8,aa_crc_style
2.5999999999999996,0.01025,0.010497375,True,8,aa_crc_style
2.700000000000001,0.0095,0.009747563,True,8,aa_crc_style
2.8000000000000007,0.00875,0.0089977505,True,8,aa_crc_style
2.9000000000000004,0.00825,0.008497875,True,8,aa_crc_style
3.0,0.007,0.0072481884,True,8,aa_crc_style
3.0999999999999996,0.006,0.0062484383,True,8,aa_crc_style
3.200000000000001,0.00425,0.0044988757,True,8,aa_crc_style
3.3000000000000007,0.00375,0.0039990004,True,8,aa_crc_style
3.4000000000000004,0.003,0.003249188,True,8,aa_crc_style
3.5,0.00275,0.0029992503,True,8,aa_crc_style
3.6000000000000014,0.0025,0.0027493127,True,8,aa_crc_style
3.700000000000001,0.002,0.0022494378,True,8,aa_crc_style
3.8000000000000007,0.00175,0.0019995002,True,8,aa_crc_style
3.9000000000000004,0.00175,0.0019995002,True,8,aa_crc_style
4.0,0.00125,0.001499625,True,8,aa_crc_style
4.100000000000001,0.0005,0.0007498126,True,8,aa_crc_style
4.200000000000001,0.00025,0.00049987505,True,8,aa_crc_style
4.300000000000001,0.00025,0.00049987505,True,8,aa_crc_style
4.4,0.00025,0.00049987505,True,8,aa_crc_style
4.5,0.00025,0.00049987505,True,8,aa_crc_style
4.600000000000001,0.00025,0.00049987505,True,8,aa_crc_style
4.700000000000001,0.00025,0.00049987505,True,8,aa_crc_style
4.800000000000001,0.0,0.00024993753,True,8,aa_crc_style
4.9,0.0,0.00024993753,True,8,aa_crc_style
5.0,0.0,0.00024993753,True,8,aa_crc_style
5.100000000000001,0.0,0.00024993753,True,8,aa_crc_style
5.200000000000001,0.0,0.00024993753,True,8,aa_crc_style
5.300000000000001,0.0,0.00024993753,True,8,aa_crc_style
5.4,0.0,0.00024993753,True,8,aa_crc_style
5.5,0.0,0.00024993753,True,8,aa_crc_style
5.600000000000001,0.0,0.00024993753,True,8,aa_crc_style
5.700000000000001,0.0,0.00024993753,True,8,aa_crc_style
5.800000000000001,0.0,0.00024993753,True,8,aa_crc_style
5.9,0.0,0.00024993753,True,8,aa_crc_style
6.0,0.0,0.00024993753,True,8,aa_crc_style
0.0,0.00025,0.00049987505,True,8,recirc_tabicl
0.0125,0.01025,0.010497375,True,8,recirc_tabicl
0.025,0.01375,0.0139965005,True,8,recirc_tabicl
0.037500000000000006,0.0205,0.020744814,True,8,recirc_tabicl
0.05,0.0255,0.025743565,True,8,recirc_tabicl
0.0625,0.033,0.03324169,True,8,recirc_tabicl
0.07500000000000001,0.037,0.03724069,True,8,recirc_tabicl
0.08750000000000001,0.043,0.04323919,True,8,recirc_tabicl
0.1,0.048,0.048237942,True,8,recirc_tabicl
0.1125,0.0535,0.053736567,True,8,recirc_tabicl
0.125,0.05925,0.05948513,True,8,recirc_tabicl
0.1375,0.06575,0.065983504,True,8,recirc_tabicl
0.15000000000000002,0.0715,0.071732074,True,8,recirc_tabicl
0.1625,0.07725,0.07748063,True,8,recirc_tabicl
0.17500000000000002,0.081,0.081229694,True,8,recirc_tabicl
0.1875,0.08575,0.08597851,True,8,recirc_tabicl
0.2,0.091,0.09122719,True,8,recirc_tabicl
0.21250000000000002,0.094,0.09422644,True,8,recirc_tabicl
0.225,0.0975,0.09772556,True,8,recirc_tabicl
0.23750000000000002,0.10175,0.10197451,False,8,recirc_tabicl
0.25,0.10575,0.10597351,False,8,recirc_tabicl
0.2625,0.1095,0.10972257,False,8,recirc_tabicl
0.275,0.11325,0.113471635,False,8,recirc_tabicl
0.28750000000000003,0.1165,0.11672082,False,8,recirc_tabicl
0.30000000000000004,0.121,0.121219695,False,8,recirc_tabicl
0.3125,0.1255,0.12571856,False,8,recirc_tabicl
0.325,0.12825,0.12846789,False,8,recirc_tabicl
0.3375,0.1305,0.13071732,False,8,recirc_tabicl
0.35000000000000003,0.13325,0.13346663,False,8,recirc_tabicl
0.36250000000000004,0.13575,0.135966,False,8,recirc_tabicl
0.375,0.1395,0.13971508,False,8,recirc_tabicl
0.3875,0.14225,0.14246438,False,8,recirc_tabicl
0.4,0.14675,0.14696327,False,8,recirc_tabicl
0.41250000000000003,0.1485,0.14871281,False,8,recirc_tabicl
0.42500000000000004,0.15175,0.15196201,False,8,recirc_tabicl
0.4375,0.15575,0.15596102,False,8,recirc_tabicl
0.45,0.15925,0.15946014,False,8,recirc_tabicl
0.4625,0.16275,0.16295926,False,8,recirc_tabicl
0.47500000000000003,0.16475,0.16495876,False,8,recirc_tabicl
0.48750000000000004,0.167,0.1672082,False,8,recirc_tabicl
0.5,0.1705,0.17070732,False,8,recirc_tabicl
0.5125000000000001,0.17275,0.17295676,False,8,recirc_tabicl
0.525,0.17575,0.17595601,False,8,recirc_tabicl
0.5375,0.17825,0.17845538,False,8,recirc_tabicl
0.55,0.18025,0.1804549,False,8,recirc_tabicl
0.5625,0.1835,0.18370408,False,8,recirc_tabicl
0.5750000000000001,0.1865,0.18670332,False,8,recirc_tabicl
0.5875,0.18975,0.18995252,False,8,recirc_tabicl
0.6000000000000001,0.19225,0.1924519,False,8,recirc_tabicl
0.6125,0.19525,0.19545114,False,8,recirc_tabicl
0.625,0.197,0.1972007,False,8,recirc_tabicl
0.6375000000000001,0.1985,0.19870034,False,8,recirc_tabicl
0.65,0.20125,0.20144965,False,8,recirc_tabicl
0.6625000000000001,0.20225,0.2024494,False,8,recirc_tabicl
0.675,0.2045,0.20469883,False,8,recirc_tabicl
0.6875,0.2055,0.20569858,False,8,recirc_tabicl
0.7000000000000001,0.2075,0.20769808,False,8,recirc_tabicl
0.7125,0.2085,0.20869783,False,8,recirc_tabicl
0.7250000000000001,0.21025,0.2104474,False,8,recirc_tabicl
0.7375,0.21125,0.21144715,False,8,recirc_tabicl
0.75,0.21225,0.21244688,False,8,recirc_tabicl
0.7625000000000001,0.2145,0.21469632,False,8,recirc_tabicl
0.775,0.21675,0.21694577,False,8,recirc_tabicl
0.7875000000000001,0.21825,0.2184454,False,8,recirc_tabicl
0.8,0.219,0.2191952,False,8,recirc_tabicl
0.8125,0.21975,0.21994501,False,8,recirc_tabicl
0.8250000000000001,0.22075,0.22094478,False,8,recirc_tabicl
0.8375,0.22175,0.22194453,False,8,recirc_tabicl
0.8500000000000001,0.222,0.22219446,False,8,recirc_tabicl
0.8625,0.2225,0.22269432,False,8,recirc_tabicl
0.875,0.22275,0.22294426,False,8,recirc_tabicl
0.8875000000000001,0.223,0.22319421,False,8,recirc_tabicl
0.9,0.2235,0.22369407,False,8,recirc_tabicl
0.9125000000000001,0.22375,0.22394401,False,8,recirc_tabicl
0.925,0.224,0.22419396,False,8,recirc_tabicl
0.9375,0.224,0.22419396,False,8,recirc_tabicl
0.9500000000000001,0.22425,0.2244439,False,8,recirc_tabicl
0.9625,0.22475,0.22494376,False,8,recirc_tabicl
0.9750000000000001,0.22475,0.22494376,False,8,recirc_tabicl
0.9875,0.22475,0.22494376,False,8,recirc_tabicl
1.0,0.22475,0.22494376,False,8,recirc_tabicl
1.0,0.23025,0.23044239,False,9,crc
2.0,0.13275,0.13296677,False,9,crc
3.0,0.09625,0.09647588,True,9,crc
4.0,0.077,0.07723069,True,9,crc
5.0,0.06075,0.060984753,True,9,crc
6.0,0.0495,0.049737565,True,9,crc
7.0,0.03975,0.03999,True,9,crc
8.0,0.03325,0.033491626,True,9,crc
9.0,0.02775,0.027993003,True,9,crc
10.0,0.02125,0.021494627,True,9,crc
11.0,0.01625,0.016495876,True,9,crc
12.0,0.012,0.012246938,True,9,crc
13.0,0.00825,0.008497875,True,9,crc
14.0,0.00675,0.0069982507,True,9,crc
15.0,0.00525,0.0054986253,True,9,crc
16.0,0.004,0.004248938,True,9,crc
17.0,0.00225,0.002499375,True,9,crc
18.0,0.00125,0.001499625,True,9,crc
19.0,0.0005,0.0007498126,True,9,crc
20.0,0.0,0.00024993753,True,9,crc
21.0,0.0,0.00024993753,True,9,crc
22.0,0.0,0.00024993753,True,9,crc
23.0,0.0,0.00024993753,True,9,crc
24.0,0.0,0.00024993753,True,9,crc
25.0,0.0,0.00024993753,True,9,crc
26.0,0.0,0.00024993753,True,9,crc
-6.0,0.23025,0.23044239,False,9,aa_crc_style
-5.9,0.23025,0.23044239,False,9,aa_crc_style
-5.8,0.23025,0.23044239,False,9,aa_crc_style
-5.7,0.23025,0.23044239,False,9,aa_crc_style
-5.6,0.23025,0.23044239,False,9,aa_crc_style
-5.5,0.23025,0.23044239,False,9,aa_crc_style
-5.4,0.23025,0.23044239,False,9,aa_crc_style
-5.3,0.23025,0.23044239,False,9,aa_crc_style
-5.2,0.23025,0.23044239,False,9,aa_crc_style
-5.1,0.23025,0.23044239,False,9,aa_crc_style
-5.0,0.23025,0.23044239,False,9,aa_crc_style
-4.9,0.23025,0.23044239,False,9,aa_crc_style
-4.8,0.23025,0.23044239,False,9,aa_crc_style
-4.7,0.23025,0.23044239,False,9,aa_crc_style
-4.6,0.23025,0.23044239,False,9,aa_crc_style
-4.5,0.23025,0.23044239,False,9,aa_crc_style
-4.4,0.23025,0.23044239,False,9,aa_crc_style
-4.3,0.23025,0.23044239,False,9,aa_crc_style
-4.2,0.23025,0.23044239,False,9,aa_crc_style
-4.1,0.23025,0.23044239,False,9,aa_crc_style
-4.0,0.23025,0.23044239,False,9,aa_crc_style
-3.9,0.23025,0.23044239,False,9,aa_crc_style
-3.8,0.23025,0.23044239,False,9,aa_crc_style
-3.6999999999999997,0.23025,0.23044239,False,9,aa_crc_style
-3.5999999999999996,0.23025,0.23044239,False,9,aa_crc_style
-3.5,0.23025,0.23044239,False,9,aa_crc_style
-3.4,0.23025,0.23044239,False,9,aa_crc_style
-3.3,0.23025,0.23044239,False,9,aa_crc_style
-3.1999999999999997,0.23025,0.23044239,False,9,aa_crc_style
-3.0999999999999996,0.23025,0.23044239,False,9,aa_crc_style
-3.0,0.23025,0.23044239,False,9,aa_crc_style
-2.9,0.23025,0.23044239,False,9,aa_crc_style
-2.8,0.23025,0.23044239,False,9,aa_crc_style
-2.6999999999999997,0.23025,0.23044239,False,9,aa_crc_style
-2.5999999999999996,0.23025,0.23044239,False,9,aa_crc_style
-2.5,0.23025,0.23044239,False,9,aa_crc_style
-2.4,0.23025,0.23044239,False,9,aa_crc_style
-2.3,0.23025,0.23044239,False,9,aa_crc_style
-2.1999999999999997,0.23025,0.23044239,False,9,aa_crc_style
-2.0999999999999996,0.23025,0.23044239,False,9,aa_crc_style
-2.0,0.23025,0.23044239,False,9,aa_crc_style
-1.8999999999999995,0.23025,0.23044239,False,9,aa_crc_style
-1.7999999999999998,0.23025,0.23044239,False,9,aa_crc_style
-1.7000000000000002,0.23025,0.23044239,False,9,aa_crc_style
-1.5999999999999996,0.23025,0.23044239,False,9,aa_crc_style
-1.5,0.23025,0.23044239,False,9,aa_crc_style
-1.3999999999999995,0.23025,0.23044239,False,9,aa_crc_style
-1.2999999999999998,0.22975,0.22994253,False,9,aa_crc_style
-1.1999999999999993,0.22925,0.22944264,False,9,aa_crc_style
-1.0999999999999996,0.228,0.22819296,False,9,aa_crc_style
-1.0,0.2275,0.22769308,False,9,aa_crc_style
-0.8999999999999995,0.2255,0.22569358,False,9,aa_crc_style
-0.7999999999999998,0.222,0.22219446,False,9,aa_crc_style
-0.6999999999999993,0.21925,0.21944514,False,9,aa_crc_style
-0.5999999999999996,0.217,0.21719569,False,9,aa_crc_style
-0.5,0.21375,0.21394652,False,9,aa_crc_style
-0.39999999999999947,0.20525,0.20544864,False,9,aa_crc_style
-0.2999999999999998,0.19925,0.19945014,False,9,aa_crc_style
-0.1999999999999993,0.194,0.19420145,False,9,aa_crc_style
-0.09999999999999964,0.1835,0.18370408,False,9,aa_crc_style
0.0,0.17275,0.17295676,False,9,aa_crc_style
0.10000000000000053,0.158,0.15821046,False,9,aa_crc_style
0.20000000000000018,0.149,0.1492127,False,9,aa_crc_style
0.3000000000000007,0.13575,0.135966,False,9,aa_crc_style
0.40000000000000036,0.1215,0.12171957,False,9,aa_crc_style
0.5,0.11375,0.11397151,False,9,aa_crc_style
0.6000000000000005,0.1055,0.10572357,False,9,aa_crc_style
0.7000000000000002,0.09825,0.09847538,True,9,aa_crc_style
0.8000000000000007,0.09,0.09022745,True,9,aa_crc_style
0.9000000000000004,0.08125,0.08147963,True,9,aa_crc_style
1.0,0.074,0.074231446,True,9,aa_crc_style
1.1000000000000005,0.06775,0.067983,True,9,aa_crc_style
1.2000000000000002,0.06175,0.0619845,True,9,aa_crc_style
1.3000000000000007,0.057,0.05723569,True,9,aa_crc_style
1.4000000000000004,0.053,0.05323669,True,9,aa_crc_style
1.5,0.04975,0.049987502,True,9,aa_crc_style
1.6000000000000005,0.045,0.045238692,True,9,aa_crc_style
1.7000000000000002,0.03975,0.03999,True,9,aa_crc_style
1.8000000000000007,0.0355,0.035741065,True,9,aa_crc_style
1.9000000000000004,0.03075,0.030992253,True,9,aa_crc_style
2.0,0.029,0.029242689,True,9,aa_crc_style
2.0999999999999996,0.02475,0.024993751,True,9,aa_crc_style
2.200000000000001,0.021,0.021244688,True,9,aa_crc_style
2.3000000000000007,0.01775,0.017995501,True,9,aa_crc_style
2.4000000000000004,0.016,0.016245939,True,9,aa_crc_style
2.5,0.0145,0.014746313,True,9,aa_crc_style
2.5999999999999996,0.01175,0.011997,True,9,aa_crc_style
2.700000000000001,0.01075,0.010997251,True,9,aa_crc_style
2.8000000000000007,0.00925,0.009497626,True,9,aa_crc_style
2.9000000000000004,0.00725,0.0074981255,True,9,aa_crc_style
3.0,0.006,0.0062484383,True,9,aa_crc_style
3.0999999999999996,0.00475,0.0049987505,True,9,aa_crc_style
3.200000000000001,0.00375,0.0039990004,True,9,aa_crc_style
3.3000000000000007,0.00375,0.0039990004,True,9,aa_crc_style
3.4000000000000004,0.00325,0.0034991251,True,9,aa_crc_style
3.5,0.00275,0.0029992503,True,9,aa_crc_style
3.6000000000000014,0.002,0.0022494378,True,9,aa_crc_style
3.700000000000001,0.00125,0.001499625,True,9,aa_crc_style
3.8000000000000007,0.001,0.0012496876,True,9,aa_crc_style
3.9000000000000004,0.00075,0.0009997501,True,9,aa_crc_style
4.0,0.00025,0.00049987505,True,9,aa_crc_style
4.100000000000001,0.00025,0.00049987505,True,9,aa_crc_style
4.200000000000001,0.0,0.00024993753,True,9,aa_crc_style
4.300000000000001,0.0,0.00024993753,True,9,aa_crc_style
4.4,0.0,0.00024993753,True,9,aa_crc_style
4.5,0.0,0.00024993753,True,9,aa_crc_style
4.600000000000001,0.0,0.00024993753,True,9,aa_crc_style
4.700000000000001,0.0,0.00024993753,True,9,aa_crc_style
4.800000000000001,0.0,0.00024993753,True,9,aa_crc_style
4.9,0.0,0.00024993753,True,9,aa_crc_style
5.0,0.0,0.00024993753,True,9,aa_crc_style
5.100000000000001,0.0,0.00024993753,True,9,aa_crc_style
5.200000000000001,0.0,0.00024993753,True,9,aa_crc_style
5.300000000000001,0.0,0.00024993753,True,9,aa_crc_style
5.4,0.0,0.00024993753,True,9,aa_crc_style
5.5,0.0,0.00024993753,True,9,aa_crc_style
5.600000000000001,0.0,0.00024993753,True,9,aa_crc_style
5.700000000000001,0.0,0.00024993753,True,9,aa_crc_style
5.800000000000001,0.0,0.00024993753,True,9,aa_crc_style
5.9,0.0,0.00024993753,True,9,aa_crc_style
6.0,0.0,0.00024993753,True,9,aa_crc_style
0.0,0.0,0.00024993753,True,9,recirc_tabicl
0.0125,0.01325,0.013496625,True,9,recirc_tabicl
0.025,0.019,0.019245189,True,9,recirc_tabicl
0.037500000000000006,0.02525,0.025493627,True,9,recirc_tabicl
0.05,0.035,0.03524119,True,9,recirc_tabicl
0.0625,0.04175,0.0419895,True,9,recirc_tabicl
0.07500000000000001,0.04725,0.047488127,True,9,recirc_tabicl
0.08750000000000001,0.05275,0.052986752,True,9,recirc_tabicl
0.1,0.059,0.059235193,True,9,recirc_tabicl
0.1125,0.06525,0.06548363,True,9,recirc_tabicl
0.125,0.07025,0.07048238,True,9,recirc_tabicl
0.1375,0.0755,0.07573106,True,9,recirc_tabicl
0.15000000000000002,0.0825,0.082729325,True,9,recirc_tabicl
0.1625,0.0855,0.08572857,True,9,recirc_tabicl
0.17500000000000002,0.08975,0.0899775,True,9,recirc_tabicl
0.1875,0.0935,0.093726575,True,9,recirc_tabicl
0.2,0.09875,0.09897526,True,9,recirc_tabicl
0.21250000000000002,0.1025,0.10272432,False,9,recirc_tabicl
0.225,0.108,0.10822295,False,9,recirc_tabicl
0.23750000000000002,0.113,0.1132217,False,9,recirc_tabicl
0.25,0.11925,0.119470134,False,9,recirc_tabicl
0.2625,0.12325,0.12346914,False,9,recirc_tabicl
0.275,0.128,0.12821795,False,9,recirc_tabicl
0.28750000000000003,0.13375,0.13396652,False,9,recirc_tabicl
0.30000000000000004,0.1395,0.13971508,False,9,recirc_tabicl
0.3125,0.14325,0.14346413,False,9,recirc_tabicl
0.325,0.148,0.14821295,False,9,recirc_tabicl
0.3375,0.15,0.15021245,False,9,recirc_tabicl
0.35000000000000003,0.1535,0.15371157,False,9,recirc_tabicl
0.36250000000000004,0.1565,0.15671082,False,9,recirc_tabicl
0.375,0.1595,0.15971008,False,9,recirc_tabicl
0.3875,0.1645,0.16470882,False,9,recirc_tabicl
0.4,0.169,0.1692077,False,9,recirc_tabicl
0.41250000000000003,0.17225,0.17245689,False,9,recirc_tabicl
0.42500000000000004,0.1755,0.17570609,False,9,recirc_tabicl
0.4375,0.178,0.17820546,False,9,recirc_tabicl
0.45,0.18075,0.18095475,False,9,recirc_tabicl
0.4625,0.1855,0.18570358,False,9,recirc_tabicl
0.47500000000000003,0.1885,0.18870282,False,9,recirc_tabicl
0.48750000000000004,0.19175,0.19195202,False,9,recirc_tabicl
0.5,0.196,0.19620095,False,9,recirc_tabicl
0.5125000000000001,0.1975,0.19770059,False,9,recirc_tabicl
0.525,0.20075,0.20094976,False,9,recirc_tabicl
0.5375,0.203,0.2031992,False,9,recirc_tabicl
0.55,0.20575,0.20594852,False,9,recirc_tabicl
0.5625,0.2075,0.20769808,False,9,recirc_tabicl
0.5750000000000001,0.2105,0.21069732,False,9,recirc_tabicl
0.5875,0.21325,0.21344663,False,9,recirc_tabicl
0.6000000000000001,0.21525,0.21544614,False,9,recirc_tabicl
0.6125,0.21675,0.21694577,False,9,recirc_tabicl
0.625,0.2185,0.21869533,False,9,recirc_tabicl
0.6375000000000001,0.219,0.2191952,False,9,recirc_tabicl
0.65,0.22025,0.22044489,False,9,recirc_tabicl
0.6625000000000001,0.221,0.2211947,False,9,recirc_tabicl
0.675,0.2215,0.22169457,False,9,recirc_tabicl
0.6875,0.2225,0.22269432,False,9,recirc_tabicl
0.7000000000000001,0.22375,0.22394401,False,9,recirc_tabicl
0.7125,0.225,0.2251937,False,9,recirc_tabicl
0.7250000000000001,0.2275,0.22769308,False,9,recirc_tabicl
0.7375,0.22825,0.22844289,False,9,recirc_tabicl
0.75,0.22875,0.22894277,False,9,recirc_tabicl
0.7625000000000001,0.229,0.2291927,False,9,recirc_tabicl
0.775,0.2295,0.22969258,False,9,recirc_tabicl
0.7875000000000001,0.22975,0.22994253,False,9,recirc_tabicl
0.8,0.22975,0.22994253,False,9,recirc_tabicl
0.8125,0.22975,0.22994253,False,9,recirc_tabicl
0.8250000000000001,0.23,0.23019245,False,9,recirc_tabicl
0.8375,0.23,0.23019245,False,9,recirc_tabicl
0.8500000000000001,0.23,0.23019245,False,9,recirc_tabicl
0.8625,0.23,0.23019245,False,9,recirc_tabicl
0.875,0.23025,0.23044239,False,9,recirc_tabicl
0.8875000000000001,0.23025,0.23044239,False,9,recirc_tabicl
0.9,0.23025,0.23044239,False,9,recirc_tabicl
0.9125000000000001,0.23025,0.23044239,False,9,recirc_tabicl
0.925,0.23025,0.23044239,False,9,recirc_tabicl
0.9375,0.23025,0.23044239,False,9,recirc_tabicl
0.9500000000000001,0.23025,0.23044239,False,9,recirc_tabicl
0.9625,0.23025,0.23044239,False,9,recirc_tabicl
0.9750000000000001,0.23025,0.23044239,False,9,recirc_tabicl
0.9875,0.23025,0.23044239,False,9,recirc_tabicl
1.0,0.23025,0.23044239,False,9,recirc_tabicl
