group,a,n,risk,gap,a_hat,se,trial,seed
Overall,0.0,4000,0.0,0.0,0.175,0.0,0,42
Bin 1,0.0,800,0.0,0.0,0.175,0.0,0,42
Bin 2,0.0,800,0.0,0.0,0.175,0.0,0,42
Bin 3,0.0,800,0.0,0.0,0.175,0.0,0,42
Bin 4,0.0,800,0.0,0.0,0.175,0.0,0,42
Bin 5,0.0,800,0.0,0.0,0.175,0.0,0,42
Overall,0.0125,4000,0.0099999997764825,-0.0025000002235174,0.175,0.0015734100851155,0,42
Bin 1,0.0125,800,0.0087500000372529,-0.003749999962747,0.175,0.0032947484862379,0,42
Bin 2,0.0125,800,0.0087500000372529,-0.003749999962747,0.175,0.0032947482228201,0,42
Bin 3,0.0125,800,0.0212500002235174,0.0087500002235174,0.175,0.0051020177310218,0,42
Bin 4,0.0125,800,0.0037499999161809,-0.008750000083819,0.175,0.0021623519653855,0,42
Bin 5,0.0125,800,0.0074999998323619,-0.005000000167638,0.175,0.0030522671300426,0,42
Overall,0.025,4000,0.0167500004172325,-0.0082499995827674,0.175,0.0020293816292689,0,42
Bin 1,0.025,800,0.0087500000372529,-0.0162499999627471,0.175,0.0032947484862379,0,42
Bin 2,0.025,800,0.0149999996647238,-0.0100000003352761,0.175,0.004300216875204,0,42
Bin 3,0.025,800,0.0324999988079071,0.0074999988079071,0.175,0.0062732670607562,0,42
Bin 4,0.025,800,0.0137499999254941,-0.0112500000745058,0.175,0.0041197556602636,0,42
Bin 5,0.025,800,0.0137499999254941,-0.0112500000745058,0.175,0.0041197556602636,0,42
Overall,0.0375,4000,0.0225000008940696,-0.0149999991059303,0.175,0.0023451677998377,0,42
Bin 1,0.0375,800,0.0087500000372529,-0.0287499999627471,0.175,0.0032947484862379,0,42
Bin 2,0.0375,800,0.018750000745058,-0.0187499992549419,0.175,0.004798627856701,0,42
Bin 3,0.0375,800,0.0437499992549419,0.0062499992549419,0.175,0.007236047014208,0,42
Bin 4,0.0375,800,0.0175000000745058,-0.0199999999254942,0.175,0.0046388670664068,0,42
Bin 5,0.0375,800,0.0237499997019767,-0.0137500002980232,0.175,0.0053868998704903,0,42
Overall,0.05,4000,0.0302499998360872,-0.0197500001639127,0.175,0.0027084252219003,0,42
Bin 1,0.05,800,0.0099999997764825,-0.0400000002235174,0.175,0.0035200128548165,0,42
Bin 2,0.05,800,0.025000000372529,-0.0249999996274709,0.175,0.0055233039310109,0,42
Bin 3,0.05,800,0.0512499995529651,0.0012499995529651,0.175,0.0078009844253192,0,42
Bin 4,0.05,800,0.0324999988079071,-0.0175000011920929,0.175,0.0062732670607562,0,42
Bin 5,0.05,800,0.0324999988079071,-0.0175000011920929,0.175,0.0062732665339206,0,42
Overall,0.0625,4000,0.0382499992847442,-0.0242500007152557,0.175,0.0030329910906866,0,42
Bin 1,0.0625,800,0.0112500004470348,-0.0512499995529651,0.175,0.0037311788391504,0,42
Bin 2,0.0625,800,0.0274999998509883,-0.0350000001490116,0.175,0.0057854583824199,0,42
Bin 3,0.0625,800,0.0549999997019767,-0.0075000002980232,0.175,0.0080653621229871,0,42
Bin 4,0.0625,800,0.050000000745058,-0.0124999992549419,0.175,0.00771033761772,0,42
Bin 5,0.0625,800,0.0474999994039535,-0.0150000005960464,0.175,0.0075249900025305,0,42
Overall,0.075,4000,0.0467500016093254,-0.0282499983906746,0.175,0.003338247702082,0,42
Bin 1,0.075,800,0.0112500004470348,-0.0637499995529651,0.175,0.0037311788391504,0,42
Bin 2,0.075,800,0.0324999988079071,-0.0425000011920929,0.175,0.0062732670607562,0,42
Bin 3,0.075,800,0.0612500011920928,-0.0137499988079071,0.175,0.0084831011388385,0,42
Bin 4,0.075,800,0.0649999976158142,-0.0100000023841858,0.175,0.008721458425907,0,42
Bin 5,0.075,800,0.0637499988079071,-0.0112500011920929,0.175,0.0086429625547335,0,42
Overall,0.0875,4000,0.0524999983608722,-0.0350000016391277,0.175,0.0035269030696663,0,42
Bin 1,0.0875,800,0.0112500004470348,-0.0762499995529651,0.175,0.0037311788391504,0,42
Bin 2,0.0875,800,0.0350000001490116,-0.0524999998509883,0.175,0.0065016603060011,0,42
Bin 3,0.0875,800,0.0700000002980232,-0.0174999997019767,0.175,0.0090264525146493,0,42
Bin 4,0.0875,800,0.0712499991059303,-0.0162500008940696,0.175,0.0091005677477557,0,42
Bin 5,0.0875,800,0.0750000029802322,-0.0124999970197677,0.175,0.0093181160820431,0,42
Overall,0.1,4000,0.0577500015497207,-0.0422499984502792,0.175,0.0036887853525776,0,42
Bin 1,0.1,800,0.0112500004470348,-0.0887499995529651,0.175,0.0037311788391504,0,42
Bin 2,0.1,800,0.0362499989569187,-0.0637500010430812,0.175,0.0066124559413666,0,42
Bin 3,0.1,800,0.0775000005960464,-0.0224999994039535,0.175,0.0094593354200062,0,42
Bin 4,0.1,800,0.0799999982118606,-0.0200000017881393,0.175,0.0095976634841613,0,42
Bin 5,0.1,800,0.0837500020861625,-0.0162499979138374,0.175,0.0097999978598076,0,42
Overall,0.1125,4000,0.0632499977946281,-0.0492500022053718,0.175,0.0038491639849409,0,42
Bin 1,0.1125,800,0.0112500004470348,-0.1012499995529651,0.175,0.0037311788391504,0,42
Bin 2,0.1125,800,0.0362499989569187,-0.0762500010430812,0.175,0.0066124559413666,0,42
Bin 3,0.1125,800,0.0787499994039535,-0.0337500005960464,0.175,0.0095288534856112,0,42
Bin 4,0.1125,800,0.0900000035762786,-0.0224999964237213,0.175,0.0101243821330429,0,42
Bin 5,0.1125,800,0.1000000014901161,-0.0124999985098838,0.175,0.0106132371068935,0,42
Overall,0.125,4000,0.069250002503395,-0.0557499974966049,0.175,0.0040146776946617,0,42
Bin 1,0.125,800,0.0112500004470348,-0.1137499995529651,0.175,0.0037311788391504,0,42
Bin 2,0.125,800,0.0375000014901161,-0.0874999985098838,0.175,0.0067211347512655,0,42
Bin 3,0.125,800,0.0825000032782554,-0.0424999967217445,0.175,0.0097332214466981,0,42
Bin 4,0.125,800,0.098750002682209,-0.0262499973177909,0.175,0.010554017623722,0,42
Bin 5,0.125,800,0.1162500008940696,-0.0087499991059303,0.175,0.0113393398520255,0,42
Overall,0.1375,4000,0.0745000019669532,-0.0629999980330467,0.175,0.0041523185013519,0,42
Bin 1,0.1375,800,0.0112500004470348,-0.1262499995529651,0.175,0.0037311788391504,0,42
Bin 2,0.1375,800,0.0387500002980232,-0.0987499997019767,0.175,0.0068277973612989,0,42
Bin 3,0.1375,800,0.0850000008940696,-0.0524999991059303,0.175,0.00986612521145,0,42
Bin 4,0.1375,800,0.1062500029802322,-0.0312499970197677,0.175,0.0109018229006748,0,42
Bin 5,0.1375,800,0.1312499940395355,-0.0062500059604644,0.175,0.0119460310922853,0,42
Overall,0.15,4000,0.0792500004172325,-0.0707499995827675,0.175,0.0042716412536996,0,42
Bin 1,0.15,800,0.0112500004470348,-0.1387499995529652,0.175,0.0037311788391504,0,42
Bin 2,0.15,800,0.0399999991059303,-0.1100000008940697,0.175,0.0069325380750401,0,42
Bin 3,0.15,800,0.0887499973177909,-0.061250002682209,0.175,0.0100607319624217,0,42
Bin 4,0.15,800,0.1112499982118606,-0.0387500017881393,0.175,0.0111241390972001,0,42
Bin 5,0.15,800,0.1449999958276748,-0.0050000041723251,0.175,0.0124564315350946,0,42
Overall,0.1625,4000,0.0857499986886978,-0.0767500013113021,0.175,0.004427655718231,0,42
Bin 1,0.1625,800,0.0112500004470348,-0.1512499995529651,0.175,0.0037311788391504,0,42
Bin 2,0.1625,800,0.0399999991059303,-0.1225000008940696,0.175,0.0069325380750401,0,42
Bin 3,0.1625,800,0.09375,-0.06875,0.175,0.0103118418321784,0,42
Bin 4,0.1625,800,0.1225000023841857,-0.0399999976158142,0.175,0.0115989380970723,0,42
Bin 5,0.1625,800,0.1612499952316284,-0.0012500047683715,0.175,0.0130104623954825,0,42
Overall,0.175,4000,0.0914999991655349,-0.083500000834465,0.175,0.0045592913470507,0,42
Bin 1,0.175,800,0.0125000001862645,-0.1624999998137355,0.175,0.0039305210519702,0,42
Bin 2,0.175,800,0.0425000004470348,-0.1324999995529651,0.175,0.0071365851932427,0,42
Bin 3,0.175,800,0.1000000014901161,-0.0749999985098839,0.175,0.0106132371068935,0,42
Bin 4,0.175,800,0.1312499940395355,-0.0437500059604644,0.175,0.0119460321459565,0,42
Bin 5,0.175,800,0.1712500005960464,-0.0037499994039535,0.175,0.0133276532553482,0,42
Overall,0.1875,4000,0.097750000655651,-0.0897499993443489,0.175,0.0046961947005576,0,42
Bin 1,0.1875,800,0.0125000001862645,-0.1749999998137354,0.175,0.0039305210519702,0,42
Bin 2,0.1875,800,0.0437499992549419,-0.143750000745058,0.175,0.007236047014208,0,42
Bin 3,0.1875,800,0.1012500002980232,-0.0862499997019767,0.175,0.0106719455595267,0,42
Bin 4,0.1875,800,0.1462499946355819,-0.041250005364418,0.175,0.0125008606354524,0,42
Bin 5,0.1875,800,0.1850000023841858,-0.0024999976158142,0.175,0.0137369802870723,0,42
Overall,0.2,4000,0.1032499969005584,-0.0967500030994415,0.175,0.0048117717561937,0,42
Bin 1,0.2,800,0.0125000001862645,-0.1874999998137355,0.175,0.0039305210519702,0,42
Bin 2,0.2,800,0.0437499992549419,-0.156250000745058,0.175,0.007236047014208,0,42
Bin 3,0.2,800,0.1075000017881393,-0.0924999982118606,0.175,0.0109580931581217,0,42
Bin 4,0.2,800,0.1550000011920929,-0.0449999988079071,0.175,0.0128032674345317,0,42
Bin 5,0.2,800,0.197500005364418,-0.0024999946355819,0.175,0.014084215527899,0,42
Overall,0.2125,4000,0.1110000014305114,-0.1014999985694885,0.175,0.0049674860560748,0,42
Bin 1,0.2125,800,0.0125000001862645,-0.1999999998137355,0.175,0.0039305210519702,0,42
Bin 2,0.2125,800,0.0450000017881393,-0.1674999982118606,0.175,0.0073338930303684,0,42
Bin 3,0.2125,800,0.1174999997019767,-0.0950000002980232,0.175,0.0113920760962248,0,42
Bin 4,0.2125,800,0.1637499928474426,-0.0487500071525573,0.175,0.0130913769689249,0,42
Bin 5,0.2125,800,0.2162500023841858,0.0037500023841857,0.175,0.0145644293441337,0,42
Overall,0.225,4000,0.1157499998807907,-0.1092500001192093,0.175,0.0050590890506217,0,42
Bin 1,0.225,800,0.0125000001862645,-0.2124999998137355,0.175,0.0039305210519702,0,42
Bin 2,0.225,800,0.0450000017881393,-0.1799999982118606,0.175,0.0073338930303684,0,42
Bin 3,0.225,800,0.1212500035762786,-0.1037499964237213,0.175,0.0115478234528695,0,42
Bin 4,0.225,800,0.1724999994039535,-0.0525000005960464,0.175,0.0133661143619568,0,42
Bin 5,0.225,800,0.2275000065565109,0.0025000065565109,0.175,0.0148308669690226,0,42
Overall,0.2375,4000,0.1197500005364418,-0.1177499994635582,0.175,0.005134108537259,0,42
Bin 1,0.2375,800,0.0125000001862645,-0.2249999998137355,0.175,0.0039305210519702,0,42
Bin 2,0.2375,800,0.0462500005960464,-0.1912499994039535,0.175,0.0074301880425037,0,42
Bin 3,0.2375,800,0.1225000023841857,-0.1149999976158142,0.175,0.0115989380970723,0,42
Bin 4,0.2375,800,0.1800000071525573,-0.0574999928474426,0.175,0.0135915757670522,0,42
Bin 5,0.2375,800,0.2374999970197677,-2.9802322554228766e-09,0.175,0.0150549164546929,0,42
Overall,0.25,4000,0.123999997973442,-0.1260000020265579,0.175,0.0052117932221101,0,42
Bin 1,0.25,800,0.0125000001862645,-0.2374999998137354,0.175,0.0039305210519702,0,42
Bin 2,0.25,800,0.0474999994039535,-0.2025000005960464,0.175,0.0075249900025305,0,42
Bin 3,0.25,800,0.125,-0.125,0.175,0.0116999935957469,0,42
Bin 4,0.25,800,0.1837500035762787,-0.0662499964237213,0.175,0.0137009879321153,0,42
Bin 5,0.25,800,0.2512499988079071,0.0012499988079071,0.175,0.0153443346487323,0,42
Overall,0.2625,4000,0.1299999952316284,-0.1325000047683716,0.175,0.0053180892056072,0,42
Bin 1,0.2625,800,0.0125000001862645,-0.2499999998137355,0.175,0.0039305210519702,0,42
Bin 2,0.2625,800,0.0487499982118606,-0.2137500017881393,0.175,0.0076183558086942,0,42
Bin 3,0.2625,800,0.1312499940395355,-0.1312500059604645,0.175,0.0119460321459565,0,42
Bin 4,0.2625,800,0.1887499988079071,-0.0737500011920929,0.175,0.0138435485935321,0,42
Bin 5,0.2625,800,0.2687500119209289,0.0062500119209289,0.175,0.0156831679153084,0,42
Overall,0.275,4000,0.1337500065565109,-0.1412499934434891,0.175,0.0053826085840768,0,42
Bin 1,0.275,800,0.0125000001862645,-0.2624999998137355,0.175,0.0039305210519702,0,42
Bin 2,0.275,800,0.0487499982118606,-0.2262500017881393,0.175,0.0076183558086942,0,42
Bin 3,0.275,800,0.1362500041723251,-0.1387499958276749,0.175,0.0121363715285165,0,42
Bin 4,0.275,800,0.1937499940395355,-0.0812500059604645,0.175,0.0139824182446907,0,42
Bin 5,0.275,800,0.2775000035762787,0.0025000035762786,0.175,0.0158407971287391,0,42
Overall,0.2875,4000,0.1379999965429306,-0.1495000034570694,0.175,0.0054540289222069,0,42
Bin 1,0.2875,800,0.0125000001862645,-0.2749999998137355,0.175,0.0039305210519702,0,42
Bin 2,0.2875,800,0.050000000745058,-0.2374999992549419,0.175,0.00771033761772,0,42
Bin 3,0.2875,800,0.1387500017881393,-0.1487499982118607,0.175,0.0122294728632059,0,42
Bin 4,0.2875,800,0.2000000029802322,-0.0874999970197678,0.175,0.0141509824579676,0,42
Bin 5,0.2875,800,0.2887499928474426,0.0012499928474425,0.175,0.016032408292453,0,42
Overall,0.3,4000,0.145249992609024,-0.154750007390976,0.175,0.0055718824227812,0,42
Bin 1,0.3,800,0.0125000001862645,-0.2874999998137355,0.175,0.0039305210519702,0,42
Bin 2,0.3,800,0.0512499995529651,-0.2487500004470348,0.175,0.0078009844253192,0,42
Bin 3,0.3,800,0.1412499994039535,-0.1587500005960465,0.175,0.0123212339281126,0,42
Bin 4,0.3,800,0.209999993443489,-0.0900000065565109,0.175,0.0144095301928152,0,42
Bin 5,0.3,800,0.3112500011920929,0.0112500011920928,0.175,0.0163799332928632,0,42
Overall,0.3125,4000,0.1512500047683715,-0.1612499952316284,0.175,0.0056658080414433,0,42
Bin 1,0.3125,800,0.0125000001862645,-0.2999999998137355,0.175,0.0039305210519702,0,42
Bin 2,0.3125,800,0.0524999983608722,-0.2600000016391277,0.175,0.0078903420661896,0,42
Bin 3,0.3125,800,0.1462499946355819,-0.166250005364418,0.175,0.0125008595817812,0,42
Bin 4,0.3125,800,0.2175000011920929,-0.0949999988079071,0.175,0.0145948098462116,0,42
Bin 5,0.3125,800,0.3274999856948852,0.0149999856948852,0.175,0.0166026888702842,0,42
Overall,0.325,4000,0.1567499935626983,-0.1682500064373016,0.175,0.0057491840742479,0,42
Bin 1,0.325,800,0.0137499999254941,-0.3112500000745058,0.175,0.0041197556602636,0,42
Bin 2,0.325,800,0.0524999983608722,-0.2725000016391277,0.175,0.0078903420661896,0,42
Bin 3,0.325,800,0.147499993443489,-0.1775000065565109,0.175,0.0125449757417887,0,42
Bin 4,0.325,800,0.228750005364418,-0.0962499946355819,0.175,0.0148595194503115,0,42
Bin 5,0.325,800,0.3412500023841858,0.0162500023841857,0.175,0.0167734826518473,0,42
Overall,0.3375,4000,0.1599999964237213,-0.1775000035762787,0.175,0.0057972749749021,0,42
Bin 1,0.3375,800,0.0137499999254941,-0.3237500000745058,0.175,0.0041197556602636,0,42
Bin 2,0.3375,800,0.0524999983608722,-0.2850000016391277,0.175,0.0078903420661896,0,42
Bin 3,0.3375,800,0.1500000059604644,-0.1874999940395355,0.175,0.0126322797774654,0,42
Bin 4,0.3375,800,0.2349999994039535,-0.1025000005960464,0.175,0.0150000001647544,0,42
Bin 5,0.3375,800,0.3487499952316284,0.0112499952316283,0.175,0.0168600017024705,0,42
Overall,0.35,4000,0.163000002503395,-0.1869999974966049,0.175,0.0058409142971395,0,42
Bin 1,0.35,800,0.0137499999254941,-0.3362500000745058,0.175,0.0041197556602636,0,42
Bin 2,0.35,800,0.0524999983608722,-0.2975000016391277,0.175,0.0078903420661896,0,42
Bin 3,0.35,800,0.1500000059604644,-0.1999999940395355,0.175,0.0126322797774654,0,42
Bin 4,0.35,800,0.241249993443489,-0.1087500065565109,0.175,0.0151359479856399,0,42
Bin 5,0.35,800,0.3574999868869781,0.0074999868869781,0.175,0.0169551334615868,0,42
Overall,0.3625,4000,0.1682499945163726,-0.1942500054836273,0.175,0.0059155926233266,0,42
Bin 1,0.3625,800,0.0137499999254941,-0.3487500000745058,0.175,0.0041197556602636,0,42
Bin 2,0.3625,800,0.0524999983608722,-0.3100000016391278,0.175,0.0078903420661896,0,42
Bin 3,0.3625,800,0.1512500047683715,-0.2112499952316284,0.175,0.0126754739751618,0,42
Bin 4,0.3625,800,0.2524999976158142,-0.1100000023841858,0.175,0.0153696111674555,0,42
Bin 5,0.3625,800,0.3712500035762787,0.0087500035762786,0.175,0.0170922339987791,0,42
Overall,0.375,4000,0.1714999973773956,-0.2035000026226043,0.175,0.0059607737646155,0,42
Bin 1,0.375,800,0.0137499999254941,-0.3612500000745058,0.175,0.0041197556602636,0,42
Bin 2,0.375,800,0.0537500008940696,-0.3212499991059303,0.175,0.0079784542676865,0,42
Bin 3,0.375,800,0.1512500047683715,-0.2237499952316284,0.175,0.0126754739751618,0,42
Bin 4,0.375,800,0.2599999904632568,-0.1150000095367431,0.175,0.0155177647156698,0,42
Bin 5,0.375,800,0.3787499964237213,0.0037499964237213,0.175,0.0171607447547048,0,42
Overall,0.3875,4000,0.1747500002384185,-0.2127499997615814,0.175,0.006005175514489,0,42
Bin 1,0.3875,800,0.0137499999254941,-0.3737500000745058,0.175,0.0041197556602636,0,42
Bin 2,0.3875,800,0.0549999997019767,-0.3325000002980232,0.175,0.0080653615961515,0,42
Bin 3,0.3875,800,0.1537500023841858,-0.2337499976158142,0.175,0.0127609656963525,0,42
Bin 4,0.3875,800,0.2649999856948852,-0.1225000143051147,0.175,0.0156132473473,0,42
Bin 5,0.3875,800,0.3862499892711639,-0.001250010728836,0.175,0.0172248943654808,0,42
Overall,0.4,4000,0.179749995470047,-0.220250004529953,0.175,0.0060720010245106,0,42
Bin 1,0.4,800,0.0137499999254941,-0.3862500000745058,0.175,0.0041197556602636,0,42
Bin 2,0.4,800,0.0562499985098838,-0.3437500014901161,0.175,0.0081511025105841,0,42
Bin 3,0.4,800,0.15625,-0.24375,0.175,0.0128452783594561,0,42
Bin 4,0.4,800,0.2675000131130218,-0.1324999868869781,0.175,0.015660019812435,0,42
Bin 5,0.4,800,0.4050000011920929,0.0050000011920928,0.175,0.0173665140985047,0,42
Overall,0.4125,4000,0.1827500015497207,-0.2297499984502792,0.175,0.0061112561522323,0,42
Bin 1,0.4125,800,0.0137499999254941,-0.3987500000745058,0.175,0.0041197556602636,0,42
Bin 2,0.4125,800,0.0562499985098838,-0.3562500014901161,0.175,0.0081511025105841,0,42
Bin 3,0.4125,800,0.1599999964237213,-0.2525000035762787,0.175,0.012969590489139,0,42
Bin 4,0.4125,800,0.2712500095367431,-0.1412499904632568,0.175,0.0157289868079958,0,42
Bin 5,0.4125,800,0.4124999940395355,-5.960464510845753e-09,0.175,0.0174157626909897,0,42
Overall,0.425,4000,0.1857499927282333,-0.2392500072717667,0.175,0.0061498930444419,0,42
Bin 1,0.425,800,0.0137499999254941,-0.4112500000745058,0.175,0.0041197556602636,0,42
Bin 2,0.425,800,0.0575000010430812,-0.3674999989569187,0.175,0.0082357133626409,0,42
Bin 3,0.425,800,0.1624999940395355,-0.2625000059604645,0.175,0.0130510571862969,0,42
Bin 4,0.425,800,0.2750000059604645,-0.1499999940395355,0.175,0.015796539776789,0,42
Bin 5,0.425,800,0.4199999868869781,-0.0050000131130218,0.175,0.0174608450674993,0,42
Overall,0.4375,4000,0.1899999976158142,-0.2475000023841858,0.175,0.0062035970711785,0,42
Bin 1,0.4375,800,0.0137499999254941,-0.4237500000745058,0.175,0.0041197556602636,0,42
Bin 2,0.4375,800,0.0587499998509883,-0.3787500001490116,0.175,0.0083192289234721,0,42
Bin 3,0.4375,800,0.1637499928474426,-0.2737500071525574,0.175,0.0130913769689249,0,42
Bin 4,0.4375,800,0.28125,-0.15625,0.175,0.0159060309671931,0,42
Bin 5,0.4375,800,0.4325000047683716,-0.0049999952316284,0.175,0.0175267985633916,0,42
Overall,0.45,4000,0.1930000036954879,-0.256999996304512,0.175,0.0062407925133641,0,42
Bin 1,0.45,800,0.0137499999254941,-0.4362500000745058,0.175,0.0041197556602636,0,42
Bin 2,0.45,800,0.0587499998509883,-0.3912500001490116,0.175,0.0083192289234721,0,42
Bin 3,0.45,800,0.1637499928474426,-0.2862500071525574,0.175,0.0130913769689249,0,42
Bin 4,0.45,800,0.2862499952316284,-0.1637500047683716,0.175,0.0159908810026152,0,42
Bin 5,0.45,800,0.4424999952316284,-0.0075000047683715,0.175,0.0175713720167055,0,42
Overall,0.4625,4000,0.1972499936819076,-0.2652500063180923,0.175,0.006292495756576,0,42
Bin 1,0.4625,800,0.0137499999254941,-0.4487500000745058,0.175,0.0041197556602636,0,42
Bin 2,0.4625,800,0.0587499998509883,-0.4037500001490116,0.175,0.0083192289234721,0,42
Bin 3,0.4625,800,0.1687500029802322,-0.2937499970197678,0.175,0.0132499534327759,0,42
Bin 4,0.4625,800,0.2924999892711639,-0.170000010728836,0.175,0.0160935833893953,0,42
Bin 5,0.4625,800,0.4524999856948852,-0.0100000143051147,0.175,0.0176087278222119,0,42
Overall,0.475,4000,0.2017499953508377,-0.2732500046491623,0.175,0.0063460070559311,0,42
Bin 1,0.475,800,0.0137499999254941,-0.4612500000745058,0.175,0.0041197556602636,0,42
Bin 2,0.475,800,0.0587499998509883,-0.4162500001490116,0.175,0.0083192289234721,0,42
Bin 3,0.475,800,0.1712500005960464,-0.3037499994039536,0.175,0.0133276532553482,0,42
Bin 4,0.475,800,0.2987500131130218,-0.1762499868869781,0.175,0.0161926147856702,0,42
Bin 5,0.475,800,0.4662500023841858,-0.0087499976158142,0.175,0.0176483858993183,0,42
Overall,0.4875,4000,0.2052499949932098,-0.2822500050067902,0.175,0.0063867681902814,0,42
Bin 1,0.4875,800,0.0137499999254941,-0.4737500000745058,0.175,0.0041197556602636,0,42
Bin 2,0.4875,800,0.0587499998509883,-0.4287500001490116,0.175,0.0083192289234721,0,42
Bin 3,0.4875,800,0.1712500005960464,-0.3162499994039536,0.175,0.0133276532553482,0,42
Bin 4,0.4875,800,0.3025000095367431,-0.1849999904632568,0.175,0.0162503001235558,0,42
Bin 5,0.4875,800,0.4799999892711639,-0.0075000107288361,0.175,0.0176745727899693,0,42
Overall,0.5,4000,0.2074999958276748,-0.2925000041723251,0.175,0.0064125828214242,0,42
Bin 1,0.5,800,0.0137499999254941,-0.4862500000745058,0.175,0.0041197556602636,0,42
Bin 2,0.5,800,0.0587499998509883,-0.4412500001490116,0.175,0.0083192289234721,0,42
Bin 3,0.5,800,0.1712500005960464,-0.3287499994039535,0.175,0.0133276532553482,0,42
Bin 4,0.5,800,0.3100000023841858,-0.1899999976158142,0.175,0.0163618343824414,0,42
Bin 5,0.5,800,0.4837499856948852,-0.0162500143051147,0.175,0.0176793827990556,0,42
Overall,0.5125000000000001,4000,0.2115000039339065,-0.3009999960660935,0.175,0.0064577371033959,0,42
Bin 1,0.5125000000000001,800,0.0137499999254941,-0.4987500000745059,0.175,0.0041197556602636,0,42
Bin 2,0.5125000000000001,800,0.0587499998509883,-0.4537500001490117,0.175,0.0083192289234721,0,42
Bin 3,0.5125000000000001,800,0.1724999994039535,-0.3400000005960465,0.175,0.0133661143619568,0,42
Bin 4,0.5125000000000001,800,0.3162499964237213,-0.1962500035762787,0.175,0.0164509328201934,0,42
Bin 5,0.5125000000000001,800,0.4962500035762787,-0.0162499964237213,0.175,0.0176882315299005,0,42
Overall,0.525,4000,0.2137500047683715,-0.3112499952316284,0.175,0.0064827261639463,0,42
Bin 1,0.525,800,0.0137499999254941,-0.5112500000745058,0.175,0.0041197556602636,0,42
Bin 2,0.525,800,0.0587499998509883,-0.4662500001490116,0.175,0.0083192289234721,0,42
Bin 3,0.525,800,0.1724999994039535,-0.3525000005960464,0.175,0.0133661143619568,0,42
Bin 4,0.525,800,0.3212499916553497,-0.2037500083446503,0.175,0.0165197364967163,0,42
Bin 5,0.525,800,0.5024999976158142,-0.0225000023841858,0.175,0.0176885075917582,0,42
Overall,0.5375,4000,0.215499997138977,-0.3220000028610229,0.175,0.0065019621472351,0,42
Bin 1,0.5375,800,0.0137499999254941,-0.5237500000745058,0.175,0.0041197556602636,0,42
Bin 2,0.5375,800,0.0587499998509883,-0.4787500001490116,0.175,0.0083192289234721,0,42
Bin 3,0.5375,800,0.1724999994039535,-0.3650000005960464,0.175,0.0133661143619568,0,42
Bin 4,0.5375,800,0.3237499892711639,-0.213750010728836,0.175,0.0165533201592809,0,42
Bin 5,0.5375,800,0.5087500214576721,-0.0287499785423278,0.175,0.0176860209276961,0,42
Overall,0.55,4000,0.2179999947547912,-0.3320000052452088,0.175,0.0065291385928824,0,42
Bin 1,0.55,800,0.0137499999254941,-0.5362500000745059,0.175,0.0041197556602636,0,42
Bin 2,0.55,800,0.0587499998509883,-0.4912500001490116,0.175,0.0083192289234721,0,42
Bin 3,0.55,800,0.1724999994039535,-0.3775000005960465,0.175,0.0133661143619568,0,42
Bin 4,0.55,800,0.3300000131130218,-0.2199999868869782,0.175,0.0166349301557238,0,42
Bin 5,0.55,800,0.5149999856948853,-0.0350000143051147,0.175,0.0176807652156868,0,42
Overall,0.5625,4000,0.2205000072717666,-0.3419999927282333,0.175,0.0065559649249737,0,42
Bin 1,0.5625,800,0.0137499999254941,-0.5487500000745058,0.175,0.0041197556602636,0,42
Bin 2,0.5625,800,0.0587499998509883,-0.5037500001490116,0.175,0.0083192289234721,0,42
Bin 3,0.5625,800,0.1749999970197677,-0.3875000029802322,0.175,0.0134422695025311,0,42
Bin 4,0.5625,800,0.3337500095367431,-0.2287499904632568,0.175,0.016682297945094,0,42
Bin 5,0.5625,800,0.5212500095367432,-0.0412499904632568,0.175,0.0176727467777576,0,42
Overall,0.5750000000000001,4000,0.2224999964237213,-0.3525000035762787,0.175,0.0065771767173343,0,42
Bin 1,0.5750000000000001,800,0.0137499999254941,-0.5612500000745059,0.175,0.0041197556602636,0,42
Bin 2,0.5750000000000001,800,0.0587499998509883,-0.5162500001490117,0.175,0.0083192289234721,0,42
Bin 3,0.5750000000000001,800,0.1749999970197677,-0.4000000029802323,0.175,0.0134422695025311,0,42
Bin 4,0.5750000000000001,800,0.3425000011920929,-0.2324999988079071,0.175,0.0167882245657852,0,42
Bin 5,0.5750000000000001,800,0.5224999785423279,-0.0525000214576721,0.175,0.0176708090763973,0,42
Overall,0.5875,4000,0.2240000069141388,-0.3634999930858612,0.175,0.0065929407804606,0,42
Bin 1,0.5875,800,0.0137499999254941,-0.5737500000745058,0.175,0.0041197556602636,0,42
Bin 2,0.5875,800,0.0587499998509883,-0.5287500001490116,0.175,0.0083192289234721,0,42
Bin 3,0.5875,800,0.1749999970197677,-0.4125000029802322,0.175,0.0134422695025311,0,42
Bin 4,0.5875,800,0.3449999988079071,-0.2425000011920929,0.175,0.0168173206426547,0,42
Bin 5,0.5875,800,0.5274999737739563,-0.0600000262260437,0.175,0.0176619529698539,0,42
Overall,0.6000000000000001,4000,0.2257499992847442,-0.3742500007152558,0.175,0.0066111773144193,0,42
Bin 1,0.6000000000000001,800,0.0137499999254941,-0.5862500000745059,0.175,0.0041197556602636,0,42
Bin 2,0.6000000000000001,800,0.0587499998509883,-0.5412500001490117,0.175,0.0083192289234721,0,42
Bin 3,0.6000000000000001,800,0.1749999970197677,-0.4250000029802323,0.175,0.0134422695025311,0,42
Bin 4,0.6000000000000001,800,0.3487499952316284,-0.2512500047683716,0.175,0.0168600006487993,0,42
Bin 5,0.6000000000000001,800,0.5325000286102295,-0.0674999713897706,0.175,0.0176513203736458,0,42
Overall,0.6125,4000,0.2269999980926513,-0.3855000019073487,0.175,0.006624101829378,0,42
Bin 1,0.6125,800,0.0137499999254941,-0.5987500000745059,0.175,0.0041197556602636,0,42
Bin 2,0.6125,800,0.0587499998509883,-0.5537500001490117,0.175,0.0083192289234721,0,42
Bin 3,0.6125,800,0.1749999970197677,-0.4375000029802323,0.175,0.0134422695025311,0,42
Bin 4,0.6125,800,0.3499999940395355,-0.2625000059604645,0.175,0.0168739702217382,0,42
Bin 5,0.6125,800,0.5375000238418579,-0.0749999761581421,0.175,0.0176389102341018,0,42
Overall,0.625,4000,0.2280000001192093,-0.3969999998807907,0.175,0.0066343804659827,0,42
Bin 1,0.625,800,0.0137499999254941,-0.6112500000745058,0.175,0.0041197556602636,0,42
Bin 2,0.625,800,0.0587499998509883,-0.5662500001490116,0.175,0.0083192289234721,0,42
Bin 3,0.625,800,0.1749999970197677,-0.4500000029802322,0.175,0.0134422695025311,0,42
Bin 4,0.625,800,0.3512499928474426,-0.2737500071525574,0.175,0.0168878144078028,0,42
Bin 5,0.625,800,0.5412499904632568,-0.0837500095367431,0.175,0.0176284293665484,0,42
Overall,0.6375000000000001,4000,0.2297500073909759,-0.4077499926090241,0.175,0.0066522400270681,0,42
Bin 1,0.6375000000000001,800,0.0137499999254941,-0.6237500000745059,0.175,0.0041197556602636,0,42
Bin 2,0.6375000000000001,800,0.0587499998509883,-0.5787500001490117,0.175,0.0083192289234721,0,42
Bin 3,0.6375000000000001,800,0.1749999970197677,-0.4625000029802323,0.175,0.0134422695025311,0,42
Bin 4,0.6375000000000001,800,0.3537499904632568,-0.2837500095367432,0.175,0.0169151202972818,0,42
Bin 5,0.6375000000000001,800,0.5475000143051147,-0.0899999856948853,0.175,0.0176087278222119,0,42
Overall,0.65,4000,0.2304999977350235,-0.4195000022649765,0.175,0.0066598445123534,0,42
Bin 1,0.65,800,0.0137499999254941,-0.6362500000745058,0.175,0.0041197556602636,0,42
Bin 2,0.65,800,0.0587499998509883,-0.5912500001490116,0.175,0.0083192289234721,0,42
Bin 3,0.65,800,0.1749999970197677,-0.4750000029802322,0.175,0.0134422695025311,0,42
Bin 4,0.65,800,0.3549999892711639,-0.2950000107288361,0.175,0.0169285830543674,0,42
Bin 5,0.65,800,0.550000011920929,-0.099999988079071,0.175,0.0176000613764869,0,42
Overall,0.6625000000000001,4000,0.231000006198883,-0.431499993801117,0.175,0.006664897362503,0,42
Bin 1,0.6625000000000001,800,0.0137499999254941,-0.6487500000745059,0.175,0.0041197556602636,0,42
Bin 2,0.6625000000000001,800,0.0587499998509883,-0.6037500001490117,0.175,0.0083192289234721,0,42
Bin 3,0.6625000000000001,800,0.1749999970197677,-0.4875000029802323,0.175,0.0134422695025311,0,42
Bin 4,0.6625000000000001,800,0.3549999892711639,-0.3075000107288361,0.175,0.0169285830543674,0,42
Bin 5,0.6625000000000001,800,0.5525000095367432,-0.1099999904632569,0.175,0.01759095028151,0,42
Overall,0.675,4000,0.231000006198883,-0.443999993801117,0.175,0.006664897362503,0,42
Bin 1,0.675,800,0.0137499999254941,-0.6612500000745059,0.175,0.0041197556602636,0,42
Bin 2,0.675,800,0.0587499998509883,-0.6162500001490117,0.175,0.0083192289234721,0,42
Bin 3,0.675,800,0.1749999970197677,-0.5000000029802323,0.175,0.0134422695025311,0,42
Bin 4,0.675,800,0.3549999892711639,-0.3200000107288361,0.175,0.0169285830543674,0,42
Bin 5,0.675,800,0.5525000095367432,-0.1224999904632568,0.175,0.01759095028151,0,42
Overall,0.6875,4000,0.2314999997615814,-0.4560000002384186,0.175,0.0066699360761698,0,42
Bin 1,0.6875,800,0.0137499999254941,-0.6737500000745058,0.175,0.0041197556602636,0,42
Bin 2,0.6875,800,0.0587499998509883,-0.6287500001490116,0.175,0.0083192289234721,0,42
Bin 3,0.6875,800,0.1749999970197677,-0.5125000029802322,0.175,0.0134422695025311,0,42
Bin 4,0.6875,800,0.3549999892711639,-0.332500010728836,0.175,0.0169285830543674,0,42
Bin 5,0.6875,800,0.5550000071525574,-0.1324999928474426,0.175,0.0175813850542405,0,42
Overall,0.7000000000000001,4000,0.2322500050067901,-0.4677499949932099,0.175,0.0066774722351218,0,42
Bin 1,0.7000000000000001,800,0.0137499999254941,-0.6862500000745059,0.175,0.0041197556602636,0,42
Bin 2,0.7000000000000001,800,0.0587499998509883,-0.6412500001490117,0.175,0.0083192289234721,0,42
Bin 3,0.7000000000000001,800,0.1749999970197677,-0.5250000029802323,0.175,0.0134422695025311,0,42
Bin 4,0.7000000000000001,800,0.356249988079071,-0.343750011920929,0.175,0.0169419214782499,0,42
Bin 5,0.7000000000000001,800,0.5575000047683716,-0.1424999952316284,0.175,0.0175713730703767,0,42
Overall,0.7125,4000,0.2329999953508377,-0.4795000046491623,0.175,0.0066849777650278,0,42
Bin 1,0.7125,800,0.0137499999254941,-0.6987500000745058,0.175,0.0041197556602636,0,42
Bin 2,0.7125,800,0.0587499998509883,-0.6537500001490116,0.175,0.0083192289234721,0,42
Bin 3,0.7125,800,0.1749999970197677,-0.5375000029802323,0.175,0.0134422695025311,0,42
Bin 4,0.7125,800,0.356249988079071,-0.356250011920929,0.175,0.0169419214782499,0,42
Bin 5,0.7125,800,0.5612499713897705,-0.1512500286102295,0.175,0.0175555047819124,0,42
Overall,0.7250000000000001,4000,0.2337500005960464,-0.4912499994039536,0.175,0.0066924536083201,0,42
Bin 1,0.7250000000000001,800,0.0137499999254941,-0.7112500000745059,0.175,0.0041197556602636,0,42
Bin 2,0.7250000000000001,800,0.0587499998509883,-0.6662500001490117,0.175,0.0083192289234721,0,42
Bin 3,0.7250000000000001,800,0.1749999970197677,-0.5500000029802323,0.175,0.0134422695025311,0,42
Bin 4,0.7250000000000001,800,0.356249988079071,-0.368750011920929,0.175,0.0169419214782499,0,42
Bin 5,0.7250000000000001,800,0.5649999976158142,-0.1600000023841858,0.175,0.0175386218080701,0,42
Overall,0.7375,4000,0.2337500005960464,-0.5037499994039536,0.175,0.0066924536083201,0,42
Bin 1,0.7375,800,0.0137499999254941,-0.7237500000745059,0.175,0.0041197556602636,0,42
Bin 2,0.7375,800,0.0587499998509883,-0.6787500001490117,0.175,0.0083192289234721,0,42
Bin 3,0.7375,800,0.1749999970197677,-0.5625000029802323,0.175,0.0134422695025311,0,42
Bin 4,0.7375,800,0.356249988079071,-0.381250011920929,0.175,0.0169419214782499,0,42
Bin 5,0.7375,800,0.5649999976158142,-0.1725000023841858,0.175,0.0175386218080701,0,42
Overall,0.75,4000,0.2337500005960464,-0.5162499994039536,0.175,0.0066924536083201,0,42
Bin 1,0.75,800,0.0137499999254941,-0.7362500000745058,0.175,0.0041197556602636,0,42
Bin 2,0.75,800,0.0587499998509883,-0.6912500001490116,0.175,0.0083192289234721,0,42
Bin 3,0.75,800,0.1749999970197677,-0.5750000029802322,0.175,0.0134422695025311,0,42
Bin 4,0.75,800,0.356249988079071,-0.3937500119209289,0.175,0.0169419214782499,0,42
Bin 5,0.75,800,0.5649999976158142,-0.1850000023841858,0.175,0.0175386218080701,0,42
Overall,0.7625000000000001,4000,0.2337500005960464,-0.5287499994039536,0.175,0.0066924536083201,0,42
Bin 1,0.7625000000000001,800,0.0137499999254941,-0.7487500000745059,0.175,0.0041197556602636,0,42
Bin 2,0.7625000000000001,800,0.0587499998509883,-0.7037500001490117,0.175,0.0083192289234721,0,42
Bin 3,0.7625000000000001,800,0.1749999970197677,-0.5875000029802323,0.175,0.0134422695025311,0,42
Bin 4,0.7625000000000001,800,0.356249988079071,-0.406250011920929,0.175,0.0169419214782499,0,42
Bin 5,0.7625000000000001,800,0.5649999976158142,-0.1975000023841858,0.175,0.0175386218080701,0,42
Overall,0.775,4000,0.2337500005960464,-0.5412499994039536,0.175,0.0066924536083201,0,42
Bin 1,0.775,800,0.0137499999254941,-0.7612500000745058,0.175,0.0041197556602636,0,42
Bin 2,0.775,800,0.0587499998509883,-0.7162500001490116,0.175,0.0083192289234721,0,42
Bin 3,0.775,800,0.1749999970197677,-0.6000000029802323,0.175,0.0134422695025311,0,42
Bin 4,0.775,800,0.356249988079071,-0.418750011920929,0.175,0.0169419214782499,0,42
Bin 5,0.775,800,0.5649999976158142,-0.2100000023841858,0.175,0.0175386218080701,0,42
Overall,0.7875000000000001,4000,0.2337500005960464,-0.5537499994039536,0.175,0.0066924536083201,0,42
Bin 1,0.7875000000000001,800,0.0137499999254941,-0.7737500000745059,0.175,0.0041197556602636,0,42
Bin 2,0.7875000000000001,800,0.0587499998509883,-0.7287500001490117,0.175,0.0083192289234721,0,42
Bin 3,0.7875000000000001,800,0.1749999970197677,-0.6125000029802323,0.175,0.0134422695025311,0,42
Bin 4,0.7875000000000001,800,0.356249988079071,-0.431250011920929,0.175,0.0169419214782499,0,42
Bin 5,0.7875000000000001,800,0.5649999976158142,-0.2225000023841858,0.175,0.0175386218080701,0,42
Overall,0.8,4000,0.2337500005960464,-0.5662499994039536,0.175,0.0066924536083201,0,42
Bin 1,0.8,800,0.0137499999254941,-0.7862500000745059,0.175,0.0041197556602636,0,42
Bin 2,0.8,800,0.0587499998509883,-0.7412500001490117,0.175,0.0083192289234721,0,42
Bin 3,0.8,800,0.1749999970197677,-0.6250000029802323,0.175,0.0134422695025311,0,42
Bin 4,0.8,800,0.356249988079071,-0.443750011920929,0.175,0.0169419214782499,0,42
Bin 5,0.8,800,0.5649999976158142,-0.2350000023841858,0.175,0.0175386218080701,0,42
Overall,0.8125,4000,0.2337500005960464,-0.5787499994039536,0.175,0.0066924536083201,0,42
Bin 1,0.8125,800,0.0137499999254941,-0.7987500000745058,0.175,0.0041197556602636,0,42
Bin 2,0.8125,800,0.0587499998509883,-0.7537500001490116,0.175,0.0083192289234721,0,42
Bin 3,0.8125,800,0.1749999970197677,-0.6375000029802322,0.175,0.0134422695025311,0,42
Bin 4,0.8125,800,0.356249988079071,-0.4562500119209289,0.175,0.0169419214782499,0,42
Bin 5,0.8125,800,0.5649999976158142,-0.2475000023841858,0.175,0.0175386218080701,0,42
Overall,0.8250000000000001,4000,0.2337500005960464,-0.5912499994039536,0.175,0.0066924536083201,0,42
Bin 1,0.8250000000000001,800,0.0137499999254941,-0.8112500000745059,0.175,0.0041197556602636,0,42
Bin 2,0.8250000000000001,800,0.0587499998509883,-0.7662500001490117,0.175,0.0083192289234721,0,42
Bin 3,0.8250000000000001,800,0.1749999970197677,-0.6500000029802323,0.175,0.0134422695025311,0,42
Bin 4,0.8250000000000001,800,0.356249988079071,-0.468750011920929,0.175,0.0169419214782499,0,42
Bin 5,0.8250000000000001,800,0.5649999976158142,-0.2600000023841858,0.175,0.0175386218080701,0,42
Overall,0.8375,4000,0.2337500005960464,-0.6037499994039536,0.175,0.0066924536083201,0,42
Bin 1,0.8375,800,0.0137499999254941,-0.8237500000745058,0.175,0.0041197556602636,0,42
Bin 2,0.8375,800,0.0587499998509883,-0.7787500001490116,0.175,0.0083192289234721,0,42
Bin 3,0.8375,800,0.1749999970197677,-0.6625000029802323,0.175,0.0134422695025311,0,42
Bin 4,0.8375,800,0.356249988079071,-0.481250011920929,0.175,0.0169419214782499,0,42
Bin 5,0.8375,800,0.5649999976158142,-0.2725000023841858,0.175,0.0175386218080701,0,42
Overall,0.8500000000000001,4000,0.2337500005960464,-0.6162499994039536,0.175,0.0066924536083201,0,42
Bin 1,0.8500000000000001,800,0.0137499999254941,-0.8362500000745059,0.175,0.0041197556602636,0,42
Bin 2,0.8500000000000001,800,0.0587499998509883,-0.7912500001490117,0.175,0.0083192289234721,0,42
Bin 3,0.8500000000000001,800,0.1749999970197677,-0.6750000029802323,0.175,0.0134422695025311,0,42
Bin 4,0.8500000000000001,800,0.356249988079071,-0.493750011920929,0.175,0.0169419214782499,0,42
Bin 5,0.8500000000000001,800,0.5649999976158142,-0.2850000023841859,0.175,0.0175386218080701,0,42
Overall,0.8625,4000,0.2337500005960464,-0.6287499994039536,0.175,0.0066924536083201,0,42
Bin 1,0.8625,800,0.0137499999254941,-0.8487500000745059,0.175,0.0041197556602636,0,42
Bin 2,0.8625,800,0.0587499998509883,-0.8037500001490117,0.175,0.0083192289234721,0,42
Bin 3,0.8625,800,0.1749999970197677,-0.6875000029802323,0.175,0.0134422695025311,0,42
Bin 4,0.8625,800,0.356249988079071,-0.506250011920929,0.175,0.0169419214782499,0,42
Bin 5,0.8625,800,0.5649999976158142,-0.2975000023841858,0.175,0.0175386218080701,0,42
Overall,0.875,4000,0.2337500005960464,-0.6412499994039536,0.175,0.0066924536083201,0,42
Bin 1,0.875,800,0.0137499999254941,-0.8612500000745058,0.175,0.0041197556602636,0,42
Bin 2,0.875,800,0.0587499998509883,-0.8162500001490116,0.175,0.0083192289234721,0,42
Bin 3,0.875,800,0.1749999970197677,-0.7000000029802322,0.175,0.0134422695025311,0,42
Bin 4,0.875,800,0.356249988079071,-0.518750011920929,0.175,0.0169419214782499,0,42
Bin 5,0.875,800,0.5649999976158142,-0.3100000023841858,0.175,0.0175386218080701,0,42
Overall,0.8875000000000001,4000,0.2337500005960464,-0.6537499994039536,0.175,0.0066924536083201,0,42
Bin 1,0.8875000000000001,800,0.0137499999254941,-0.8737500000745059,0.175,0.0041197556602636,0,42
Bin 2,0.8875000000000001,800,0.0587499998509883,-0.8287500001490117,0.175,0.0083192289234721,0,42
Bin 3,0.8875000000000001,800,0.1749999970197677,-0.7125000029802323,0.175,0.0134422695025311,0,42
Bin 4,0.8875000000000001,800,0.356249988079071,-0.531250011920929,0.175,0.0169419214782499,0,42
Bin 5,0.8875000000000001,800,0.5649999976158142,-0.3225000023841858,0.175,0.0175386218080701,0,42
Overall,0.9,4000,0.2337500005960464,-0.6662499994039536,0.175,0.0066924536083201,0,42
Bin 1,0.9,800,0.0137499999254941,-0.8862500000745058,0.175,0.0041197556602636,0,42
Bin 2,0.9,800,0.0587499998509883,-0.8412500001490116,0.175,0.0083192289234721,0,42
Bin 3,0.9,800,0.1749999970197677,-0.7250000029802323,0.175,0.0134422695025311,0,42
Bin 4,0.9,800,0.356249988079071,-0.543750011920929,0.175,0.0169419214782499,0,42
Bin 5,0.9,800,0.5649999976158142,-0.3350000023841858,0.175,0.0175386218080701,0,42
Overall,0.9125,4000,0.2337500005960464,-0.6787499994039536,0.175,0.0066924536083201,0,42
Bin 1,0.9125,800,0.0137499999254941,-0.8987500000745059,0.175,0.0041197556602636,0,42
Bin 2,0.9125,800,0.0587499998509883,-0.8537500001490117,0.175,0.0083192289234721,0,42
Bin 3,0.9125,800,0.1749999970197677,-0.7375000029802323,0.175,0.0134422695025311,0,42
Bin 4,0.9125,800,0.356249988079071,-0.556250011920929,0.175,0.0169419214782499,0,42
Bin 5,0.9125,800,0.5649999976158142,-0.3475000023841859,0.175,0.0175386218080701,0,42
Overall,0.925,4000,0.2337500005960464,-0.6912499994039536,0.175,0.0066924536083201,0,42
Bin 1,0.925,800,0.0137499999254941,-0.911250000074506,0.175,0.0041197556602636,0,42
Bin 2,0.925,800,0.0587499998509883,-0.8662500001490117,0.175,0.0083192289234721,0,42
Bin 3,0.925,800,0.1749999970197677,-0.7500000029802323,0.175,0.0134422695025311,0,42
Bin 4,0.925,800,0.356249988079071,-0.568750011920929,0.175,0.0169419214782499,0,42
Bin 5,0.925,800,0.5649999976158142,-0.3600000023841858,0.175,0.0175386218080701,0,42
Overall,0.9375,4000,0.2337500005960464,-0.7037499994039536,0.175,0.0066924536083201,0,42
Bin 1,0.9375,800,0.0137499999254941,-0.9237500000745058,0.175,0.0041197556602636,0,42
Bin 2,0.9375,800,0.0587499998509883,-0.8787500001490116,0.175,0.0083192289234721,0,42
Bin 3,0.9375,800,0.1749999970197677,-0.7625000029802322,0.175,0.0134422695025311,0,42
Bin 4,0.9375,800,0.356249988079071,-0.581250011920929,0.175,0.0169419214782499,0,42
Bin 5,0.9375,800,0.5649999976158142,-0.3725000023841858,0.175,0.0175386218080701,0,42
Overall,0.95,4000,0.2337500005960464,-0.7162499994039536,0.175,0.0066924536083201,0,42
Bin 1,0.95,800,0.0137499999254941,-0.936250000074506,0.175,0.0041197556602636,0,42
Bin 2,0.95,800,0.0587499998509883,-0.8912500001490117,0.175,0.0083192289234721,0,42
Bin 3,0.95,800,0.1749999970197677,-0.7750000029802323,0.175,0.0134422695025311,0,42
Bin 4,0.95,800,0.356249988079071,-0.593750011920929,0.175,0.0169419214782499,0,42
Bin 5,0.95,800,0.5649999976158142,-0.3850000023841858,0.175,0.0175386218080701,0,42
Overall,0.9625,4000,0.2337500005960464,-0.7287499994039536,0.175,0.0066924536083201,0,42
Bin 1,0.9625,800,0.0137499999254941,-0.9487500000745058,0.175,0.0041197556602636,0,42
Bin 2,0.9625,800,0.0587499998509883,-0.9037500001490116,0.175,0.0083192289234721,0,42
Bin 3,0.9625,800,0.1749999970197677,-0.7875000029802323,0.175,0.0134422695025311,0,42
Bin 4,0.9625,800,0.356249988079071,-0.606250011920929,0.175,0.0169419214782499,0,42
Bin 5,0.9625,800,0.5649999976158142,-0.3975000023841858,0.175,0.0175386218080701,0,42
Overall,0.975,4000,0.2337500005960464,-0.7412499994039536,0.175,0.0066924536083201,0,42
Bin 1,0.975,800,0.0137499999254941,-0.961250000074506,0.175,0.0041197556602636,0,42
Bin 2,0.975,800,0.0587499998509883,-0.9162500001490116,0.175,0.0083192289234721,0,42
Bin 3,0.975,800,0.1749999970197677,-0.8000000029802323,0.175,0.0134422695025311,0,42
Bin 4,0.975,800,0.356249988079071,-0.618750011920929,0.175,0.0169419214782499,0,42
Bin 5,0.975,800,0.5649999976158142,-0.4100000023841859,0.175,0.0175386218080701,0,42
Overall,0.9875,4000,0.2337500005960464,-0.7537499994039536,0.175,0.0066924536083201,0,42
Bin 1,0.9875,800,0.0137499999254941,-0.973750000074506,0.175,0.0041197556602636,0,42
Bin 2,0.9875,800,0.0587499998509883,-0.9287500001490115,0.175,0.0083192289234721,0,42
Bin 3,0.9875,800,0.1749999970197677,-0.8125000029802323,0.175,0.0134422695025311,0,42
Bin 4,0.9875,800,0.356249988079071,-0.631250011920929,0.175,0.0169419214782499,0,42
Bin 5,0.9875,800,0.5649999976158142,-0.4225000023841858,0.175,0.0175386218080701,0,42
Overall,1.0,4000,0.2337500005960464,-0.7662499994039536,0.175,0.0066924536083201,0,42
Bin 1,1.0,800,0.0137499999254941,-0.9862500000745058,0.175,0.0041197556602636,0,42
Bin 2,1.0,800,0.0587499998509883,-0.9412500001490116,0.175,0.0083192289234721,0,42
Bin 3,1.0,800,0.1749999970197677,-0.8250000029802322,0.175,0.0134422695025311,0,42
Bin 4,1.0,800,0.356249988079071,-0.643750011920929,0.175,0.0169419214782499,0,42
Bin 5,1.0,800,0.5649999976158142,-0.4350000023841858,0.175,0.0175386218080701,0,42
Overall,0.0,4000,0.0,0.0,0.1875,0.0,1,142
Bin 1,0.0,800,0.0,0.0,0.1875,0.0,1,142
Bin 2,0.0,800,0.0,0.0,0.1875,0.0,1,142
Bin 3,0.0,800,0.0,0.0,0.1875,0.0,1,142
Bin 4,0.0,800,0.0,0.0,0.1875,0.0,1,142
Bin 5,0.0,800,0.0,0.0,0.1875,0.0,1,142
Overall,0.0125,4000,0.0109999999403953,-0.0015000000596046,0.1875,0.0016493727107601,1,142
Bin 1,0.0125,800,0.0037499999161809,-0.008750000083819,0.1875,0.0021623520970944,1,142
Bin 2,0.0125,800,0.0062500000931322,-0.0062499999068677,0.1875,0.0027880793566108,1,142
Bin 3,0.0125,800,0.0149999996647238,0.0024999996647238,0.1875,0.004300216875204,1,142
Bin 4,0.0125,800,0.0149999996647238,0.0024999996647238,0.1875,0.004300216875204,1,142
Bin 5,0.0125,800,0.0149999996647238,0.0024999996647238,0.1875,0.004300216875204,1,142
Overall,0.025,4000,0.0160000007599592,-0.0089999992400407,0.1875,0.0019841835242006,1,142
Bin 1,0.025,800,0.0037499999161809,-0.021250000083819,0.1875,0.0021623520970944,1,142
Bin 2,0.025,800,0.0099999997764825,-0.0150000002235174,0.1875,0.0035200128548165,1,142
Bin 3,0.025,800,0.0237499997019767,-0.0012500002980232,0.1875,0.0053868998704903,1,142
Bin 4,0.025,800,0.0199999995529651,-0.0050000004470348,0.1875,0.0049528442290735,1,142
Bin 5,0.025,800,0.0225000008940696,-0.0024999991059303,0.1875,0.0052465793140717,1,142
Overall,0.0375,4000,0.0205000005662441,-0.0169999994337558,0.1875,0.0022408021530595,1,142
Bin 1,0.0375,800,0.0037499999161809,-0.033750000083819,0.1875,0.0021623520970944,1,142
Bin 2,0.0375,800,0.0112500004470348,-0.0262499995529651,0.1875,0.0037311788391504,1,142
Bin 3,0.0375,800,0.0337500013411045,-0.0037499986588954,0.1875,0.0063886377365275,1,142
Bin 4,0.0375,800,0.0262499991804361,-0.0112500008195638,0.1875,0.0056560733526831,1,142
Bin 5,0.0375,800,0.0274999998509883,-0.0100000001490116,0.1875,0.0057854583824199,1,142
Overall,0.05,4000,0.0305000003427267,-0.0194999996572732,0.1875,0.0027192436365379,1,142
Bin 1,0.05,800,0.0062500000931322,-0.0437499999068677,0.1875,0.0027880793566108,1,142
Bin 2,0.05,800,0.0149999996647238,-0.0350000003352761,0.1875,0.004300216875204,1,142
Bin 3,0.05,800,0.0487499982118606,-0.0012500017881393,0.1875,0.0076183558086942,1,142
Bin 4,0.05,800,0.0362499989569187,-0.0137500010430812,0.1875,0.0066124559413666,1,142
Bin 5,0.05,800,0.0462500005960464,-0.0037499994039535,0.1875,0.0074301875156681,1,142
Overall,0.0625,4000,0.0382499992847442,-0.0242500007152557,0.1875,0.0030329908550786,1,142
Bin 1,0.0625,800,0.0062500000931322,-0.0562499999068677,0.1875,0.0027880793566108,1,142
Bin 2,0.0625,800,0.018750000745058,-0.0437499992549419,0.1875,0.004798627856701,1,142
Bin 3,0.0625,800,0.0625,0.0,0.1875,0.0085635189063041,1,142
Bin 4,0.0625,800,0.0487499982118606,-0.0137500017881393,0.1875,0.0076183558086942,1,142
Bin 5,0.0625,800,0.0549999997019767,-0.0075000002980232,0.1875,0.0080653615961515,1,142
Overall,0.075,4000,0.0452499985694885,-0.0297500014305114,0.1875,0.0032868387333192,1,142
Bin 1,0.075,800,0.0074999998323619,-0.067500000167638,0.1875,0.0030522671300426,1,142
Bin 2,0.075,800,0.0225000008940696,-0.0524999991059303,0.1875,0.0052465787872361,1,142
Bin 3,0.075,800,0.0712499991059303,-0.0037500008940696,0.1875,0.0091005677477557,1,142
Bin 4,0.075,800,0.0537500008940696,-0.0212499991059303,0.1875,0.0079784542676865,1,142
Bin 5,0.075,800,0.0712499991059303,-0.0037500008940696,0.1875,0.0091005677477557,1,142
Overall,0.0875,4000,0.0507499985396862,-0.0367500014603138,0.1875,0.0034708243494364,1,142
Bin 1,0.0875,800,0.0074999998323619,-0.080000000167638,0.1875,0.0030522671300426,1,142
Bin 2,0.0875,800,0.0225000008940696,-0.0649999991059303,0.1875,0.0052465787872361,1,142
Bin 3,0.0875,800,0.0775000005960464,-0.0099999994039535,0.1875,0.0094593354200062,1,142
Bin 4,0.0875,800,0.0637499988079071,-0.0237500011920929,0.1875,0.0086429625547335,1,142
Bin 5,0.0875,800,0.0825000032782554,-0.0049999967217445,0.1875,0.0097332225003693,1,142
Overall,0.1,4000,0.0552500002086162,-0.0447499997913837,0.1875,0.0036128415755767,1,142
Bin 1,0.1,800,0.0074999998323619,-0.092500000167638,0.1875,0.0030522671300426,1,142
Bin 2,0.1,800,0.0225000008940696,-0.0774999991059303,0.1875,0.0052465787872361,1,142
Bin 3,0.1,800,0.0787499994039535,-0.0212500005960464,0.1875,0.0095288534856112,1,142
Bin 4,0.1,800,0.0775000005960464,-0.0224999994039535,0.1875,0.0094593354200062,1,142
Bin 5,0.1,800,0.0900000035762786,-0.0099999964237213,0.1875,0.0101243821330429,1,142
Overall,0.1125,4000,0.0627499967813491,-0.0497500032186508,0.1875,0.0038349426832982,1,142
Bin 1,0.1125,800,0.0087500000372529,-0.1037499999627471,0.1875,0.0032947487496557,1,142
Bin 2,0.1125,800,0.0237499997019767,-0.0887500002980232,0.1875,0.0053868998704903,1,142
Bin 3,0.1125,800,0.0912500023841857,-0.0212499976158142,0.1875,0.0101874443551273,1,142
Bin 4,0.1125,800,0.0887499973177909,-0.023750002682209,0.1875,0.0100607309087505,1,142
Bin 5,0.1125,800,0.1012500002980232,-0.0112499997019767,0.1875,0.0106719455595267,1,142
Overall,0.125,4000,0.0682500004768371,-0.0567499995231628,0.1875,0.00398772601909,1,142
Bin 1,0.125,800,0.0087500000372529,-0.1162499999627471,0.1875,0.0032947487496557,1,142
Bin 2,0.125,800,0.025000000372529,-0.0999999996274709,0.1875,0.0055233039310109,1,142
Bin 3,0.125,800,0.1000000014901161,-0.0249999985098838,0.1875,0.0106132371068935,1,142
Bin 4,0.125,800,0.09375,-0.03125,0.1875,0.0103118418321784,1,142
Bin 5,0.125,800,0.1137500032782554,-0.0112499967217445,0.1875,0.0112326029581717,1,142
Overall,0.1375,4000,0.0727500021457672,-0.0647499978542328,0.1875,0.0041071368888469,1,142
Bin 1,0.1375,800,0.0087500000372529,-0.1287499999627471,0.1875,0.0032947487496557,1,142
Bin 2,0.1375,800,0.0262499991804361,-0.1112500008195638,0.1875,0.0056560733526831,1,142
Bin 3,0.1375,800,0.1024999991059303,-0.0350000008940696,0.1875,0.0107301493036491,1,142
Bin 4,0.1375,800,0.1012500002980232,-0.0362499997019767,0.1875,0.0106719455595267,1,142
Bin 5,0.1375,800,0.125,-0.0125,0.1875,0.0116999935957469,1,142
Overall,0.15,4000,0.0782499983906745,-0.0717500016093254,0.1875,0.0042469099483513,1,142
Bin 1,0.15,800,0.0087500000372529,-0.1412499999627471,0.1875,0.0032947487496557,1,142
Bin 2,0.15,800,0.0262499991804361,-0.1237500008195638,0.1875,0.0056560733526831,1,142
Bin 3,0.15,800,0.1087500005960464,-0.0412499994039535,0.1875,0.0110138966392214,1,142
Bin 4,0.15,800,0.1112499982118606,-0.0387500017881393,0.1875,0.0111241390972001,1,142
Bin 5,0.15,800,0.1362500041723251,-0.0137499958276748,0.1875,0.0121363715285165,1,142
Overall,0.1625,4000,0.0820000022649765,-0.0804999977350235,0.1875,0.0043386293332727,1,142
Bin 1,0.1625,800,0.0087500000372529,-0.1537499999627471,0.1875,0.0032947487496557,1,142
Bin 2,0.1625,800,0.0262499991804361,-0.1362500008195638,0.1875,0.0056560733526831,1,142
Bin 3,0.1625,800,0.1124999970197677,-0.0500000029802322,0.1875,0.0111785907181338,1,142
Bin 4,0.1625,800,0.1150000020861625,-0.0474999979138374,0.1875,0.0112861842466836,1,142
Bin 5,0.1625,800,0.147499993443489,-0.0150000065565109,0.1875,0.0125449746881175,1,142
Overall,0.175,4000,0.0864999964833259,-0.088500003516674,0.1875,0.0044451519717099,1,142
Bin 1,0.175,800,0.0087500000372529,-0.1662499999627471,0.1875,0.0032947487496557,1,142
Bin 2,0.175,800,0.0274999998509883,-0.1475000001490116,0.1875,0.0057854583824199,1,142
Bin 3,0.175,800,0.1174999997019767,-0.0575000002980232,0.1875,0.0113920760962248,1,142
Bin 4,0.175,800,0.1162500008940696,-0.0587499991059303,0.1875,0.0113393398520255,1,142
Bin 5,0.175,800,0.1624999940395355,-0.0125000059604644,0.1875,0.0130510571862969,1,142
Overall,0.1875,4000,0.090499997138977,-0.0970000028610229,0.1875,0.0045368035015142,1,142
Bin 1,0.1875,800,0.0087500000372529,-0.1787499999627471,0.1875,0.0032947487496557,1,142
Bin 2,0.1875,800,0.0274999998509883,-0.1600000001490116,0.1875,0.0057854583824199,1,142
Bin 3,0.1875,800,0.1225000023841857,-0.0649999976158142,0.1875,0.0115989380970723,1,142
Bin 4,0.1875,800,0.1225000023841857,-0.0649999976158142,0.1875,0.0115989380970723,1,142
Bin 5,0.1875,800,0.1712500005960464,-0.0162499994039535,0.1875,0.0133276532553482,1,142
Overall,0.2,4000,0.0967499986290931,-0.1032500013709068,0.1875,0.004674699707326,1,142
Bin 1,0.2,800,0.0087500000372529,-0.1912499999627471,0.1875,0.0032947487496557,1,142
Bin 2,0.2,800,0.0274999998509883,-0.1725000001490116,0.1875,0.0057854583824199,1,142
Bin 3,0.2,800,0.125,-0.075,0.1875,0.0116999935957469,1,142
Bin 4,0.2,800,0.1299999952316284,-0.0700000047683716,0.1875,0.0118975601091553,1,142
Bin 5,0.2,800,0.1924999952316284,-0.0075000047683715,0.1875,0.0139480411677028,1,142
Overall,0.2125,4000,0.1024999991059303,-0.1100000008940697,0.1875,0.0047962682755659,1,142
Bin 1,0.2125,800,0.0087500000372529,-0.2037499999627471,0.1875,0.0032947487496557,1,142
Bin 2,0.2125,800,0.0299999993294477,-0.1825000006705522,0.1875,0.0060349419106597,1,142
Bin 3,0.2125,800,0.1262499988079071,-0.0862500011920929,0.1875,0.011749946040602,1,142
Bin 4,0.2125,800,0.1387500017881393,-0.0737499982118606,0.1875,0.0122294728632059,1,142
Bin 5,0.2125,800,0.2087499946355819,-0.003750005364418,0.1875,0.0143779411298563,1,142
Overall,0.225,4000,0.1077499985694885,-0.1172500014305114,0.1875,0.0049031617610671,1,142
Bin 1,0.225,800,0.0087500000372529,-0.2162499999627471,0.1875,0.0032947487496557,1,142
Bin 2,0.225,800,0.03125,-0.19375,0.1875,0.0061554170966212,1,142
Bin 3,0.225,800,0.1299999952316284,-0.0950000047683715,0.1875,0.0118975601091553,1,142
Bin 4,0.225,800,0.147499993443489,-0.0775000065565109,0.1875,0.0125449757417887,1,142
Bin 5,0.225,800,0.2212499976158142,-0.0037500023841857,0.1875,0.0146847744017005,1,142
Overall,0.2375,4000,0.1134999990463256,-0.1240000009536743,0.1875,0.0050160467591722,1,142
Bin 1,0.2375,800,0.0099999997764825,-0.2275000002235174,0.1875,0.0035200128548165,1,142
Bin 2,0.2375,800,0.03125,-0.20625,0.1875,0.0061554170966212,1,142
Bin 3,0.2375,800,0.1324999928474426,-0.1050000071525573,0.1875,0.0119941438272029,1,142
Bin 4,0.2375,800,0.1537500023841858,-0.0837499976158142,0.1875,0.0127609656963525,1,142
Bin 5,0.2375,800,0.2399999946355819,0.0024999946355819,0.1875,0.0151091162482066,1,142
Overall,0.25,4000,0.1169999986886978,-0.1330000013113021,0.1875,0.0050827365589594,1,142
Bin 1,0.25,800,0.0099999997764825,-0.2400000002235174,0.1875,0.0035200128548165,1,142
Bin 2,0.25,800,0.03125,-0.21875,0.1875,0.0061554170966212,1,142
Bin 3,0.25,800,0.1337500065565109,-0.116249993443489,0.1875,0.0120419035822642,1,142
Bin 4,0.25,800,0.1587499976158142,-0.0912500023841857,0.1875,0.0129284372525818,1,142
Bin 5,0.25,800,0.2512499988079071,0.0012499988079071,0.1875,0.0153443335950611,1,142
Overall,0.2625,4000,0.1220000013709068,-0.1404999986290931,0.1875,0.0051754902632018,1,142
Bin 1,0.2625,800,0.0099999997764825,-0.2525000002235174,0.1875,0.0035200128548165,1,142
Bin 2,0.2625,800,0.03125,-0.23125,0.1875,0.0061554170966212,1,142
Bin 3,0.2625,800,0.1400000005960464,-0.1224999994039535,0.1875,0.0122755182952041,1,142
Bin 4,0.2625,800,0.1650000065565109,-0.097499993443489,0.1875,0.0131314238507087,1,142
Bin 5,0.2625,800,0.2637499868869781,0.0012499868869781,0.1875,0.0155896198240248,1,142
Overall,0.275,4000,0.1257500052452087,-0.1492499947547912,0.1875,0.0052431964760985,1,142
Bin 1,0.275,800,0.0099999997764825,-0.2650000002235174,0.1875,0.0035200128548165,1,142
Bin 2,0.275,800,0.0324999988079071,-0.2425000011920929,0.1875,0.0062732670607562,1,142
Bin 3,0.275,800,0.1437499970197677,-0.1312500029802322,0.1875,0.0124116873870443,1,142
Bin 4,0.275,800,0.1712500005960464,-0.1037499994039535,0.1875,0.0133276532553482,1,142
Bin 5,0.275,800,0.2712500095367431,-0.0037499904632568,0.1875,0.0157289868079958,1,142
Overall,0.2875,4000,0.1297499984502792,-0.1577500015497208,0.1875,0.0053137361113536,1,142
Bin 1,0.2875,800,0.0099999997764825,-0.2775000002235174,0.1875,0.0035200128548165,1,142
Bin 2,0.2875,800,0.0324999988079071,-0.2550000011920929,0.1875,0.0062732670607562,1,142
Bin 3,0.2875,800,0.1449999958276748,-0.1425000041723251,0.1875,0.0124564315350946,1,142
Bin 4,0.2875,800,0.1762499958276748,-0.1112500041723251,0.1875,0.0134799688048529,1,142
Bin 5,0.2875,800,0.2849999964237213,-0.0025000035762787,0.1875,0.0159698960867416,1,142
Overall,0.3,4000,0.1334999948740005,-0.1665000051259995,0.1875,0.0053783520891219,1,142
Bin 1,0.3,800,0.0099999997764825,-0.2900000002235174,0.1875,0.0035200128548165,1,142
Bin 2,0.3,800,0.0324999988079071,-0.2675000011920929,0.1875,0.0062732670607562,1,142
Bin 3,0.3,800,0.1500000059604644,-0.1499999940395355,0.1875,0.0126322787237942,1,142
Bin 4,0.3,800,0.1837500035762787,-0.1162499964237213,0.1875,0.0137009879321153,1,142
Bin 5,0.3,800,0.2912499904632568,-0.0087500095367432,0.1875,0.0160733392043843,1,142
Overall,0.3125,4000,0.137250006198883,-0.1752499938011169,0.1875,0.0054415539473995,1,142
Bin 1,0.3125,800,0.0099999997764825,-0.3025000002235174,0.1875,0.0035200128548165,1,142
Bin 2,0.3125,800,0.0324999988079071,-0.2800000011920929,0.1875,0.0062732670607562,1,142
Bin 3,0.3125,800,0.1525000035762787,-0.1599999964237213,0.1875,0.0127183678765626,1,142
Bin 4,0.3125,800,0.1937499940395355,-0.1187500059604644,0.1875,0.0139824182446907,1,142
Bin 5,0.3125,800,0.2975000143051147,-0.0149999856948852,0.1875,0.0161730986874672,1,142
Overall,0.325,4000,0.1404999941587448,-0.1845000058412552,0.1875,0.0054952235753614,1,142
Bin 1,0.325,800,0.0099999997764825,-0.3150000002235174,0.1875,0.0035200128548165,1,142
Bin 2,0.325,800,0.0324999988079071,-0.2925000011920929,0.1875,0.0062732670607562,1,142
Bin 3,0.325,800,0.1537500023841858,-0.1712499976158142,0.1875,0.0127609656963525,1,142
Bin 4,0.325,800,0.2000000029802322,-0.1249999970197677,0.1875,0.0141509824579676,1,142
Bin 5,0.325,800,0.3062500059604645,-0.0187499940395355,0.1875,0.0163067041972467,1,142
Overall,0.3375,4000,0.1437499970197677,-0.1937500029802322,0.1875,0.0055478984661541,1,142
Bin 1,0.3375,800,0.0099999997764825,-0.3275000002235174,0.1875,0.0035200128548165,1,142
Bin 2,0.3375,800,0.0324999988079071,-0.3050000011920929,0.1875,0.0062732670607562,1,142
Bin 3,0.3375,800,0.1537500023841858,-0.1837499976158142,0.1875,0.0127609656963525,1,142
Bin 4,0.3375,800,0.2049999982118606,-0.1325000017881393,0.1875,0.0142819369309758,1,142
Bin 5,0.3375,800,0.3174999952316284,-0.0200000047683716,0.1875,0.0164683384149572,1,142
Overall,0.35,4000,0.1462499946355819,-0.203750005364418,0.1875,0.0055877576929052,1,142
Bin 1,0.35,800,0.0099999997764825,-0.3400000002235174,0.1875,0.0035200128548165,1,142
Bin 2,0.35,800,0.0324999988079071,-0.3175000011920929,0.1875,0.0062732670607562,1,142
Bin 3,0.35,800,0.15625,-0.19375,0.1875,0.0128452783594561,1,142
Bin 4,0.35,800,0.209999993443489,-0.1400000065565109,0.1875,0.0144095301928152,1,142
Bin 5,0.35,800,0.3224999904632568,-0.0275000095367431,0.1875,0.0165365962897918,1,142
Overall,0.3625,4000,0.150749996304512,-0.211750003695488,0.1875,0.0056581017734822,1,142
Bin 1,0.3625,800,0.0099999997764825,-0.3525000002235174,0.1875,0.0035200128548165,1,142
Bin 2,0.3625,800,0.0337500013411045,-0.3287499986588955,0.1875,0.0063886377365275,1,142
Bin 3,0.3625,800,0.1599999964237213,-0.2025000035762787,0.1875,0.012969590489139,1,142
Bin 4,0.3625,800,0.21875,-0.14375,0.1875,0.0146249922581014,1,142
Bin 5,0.3625,800,0.3312500119209289,-0.031249988079071,0.1875,0.01665085218142,1,142
Overall,0.375,4000,0.1542499959468841,-0.2207500040531158,0.1875,0.005711600821219,1,142
Bin 1,0.375,800,0.0099999997764825,-0.3650000002235174,0.1875,0.0035200128548165,1,142
Bin 2,0.375,800,0.0337500013411045,-0.3412499986588955,0.1875,0.0063886377365275,1,142
Bin 3,0.375,800,0.1612499952316284,-0.2137500047683715,0.1875,0.0130104623954825,1,142
Bin 4,0.375,800,0.2237499952316284,-0.1512500047683715,0.1875,0.0147437842043006,1,142
Bin 5,0.375,800,0.3425000011920929,-0.0324999988079071,0.1875,0.0167882245657852,1,142
Overall,0.3875,4000,0.1589999943971634,-0.2285000056028366,0.1875,0.0057825692631174,1,142
Bin 1,0.3875,800,0.0099999997764825,-0.3775000002235174,0.1875,0.0035200128548165,1,142
Bin 2,0.3875,800,0.0337500013411045,-0.3537499986588955,0.1875,0.0063886377365275,1,142
Bin 3,0.3875,800,0.1675000041723251,-0.2199999958276748,0.1875,0.013210708394785,1,142
Bin 4,0.3875,800,0.2337500005960464,-0.1537499994039535,0.1875,0.0149722717531191,1,142
Bin 5,0.3875,800,0.3499999940395355,-0.0375000059604644,0.1875,0.016873969168067,1,142
Overall,0.4,4000,0.1620000004768371,-0.2379999995231628,0.1875,0.0058264470206971,1,142
Bin 1,0.4,800,0.0099999997764825,-0.3900000002235174,0.1875,0.0035200128548165,1,142
Bin 2,0.4,800,0.0337500013411045,-0.3662499986588955,0.1875,0.0063886377365275,1,142
Bin 3,0.4,800,0.1712500005960464,-0.2287499994039535,0.1875,0.0133276532553482,1,142
Bin 4,0.4,800,0.2387499958276748,-0.1612500041723251,0.1875,0.0150821053866672,1,142
Bin 5,0.4,800,0.356249988079071,-0.0437500119209289,0.1875,0.0169419214782499,1,142
Overall,0.4125,4000,0.1657499969005584,-0.2467500030994415,0.1875,0.0058802957107738,1,142
Bin 1,0.4125,800,0.0099999997764825,-0.4025000002235174,0.1875,0.0035200128548165,1,142
Bin 2,0.4125,800,0.0337500013411045,-0.3787499986588955,0.1875,0.0063886377365275,1,142
Bin 3,0.4125,800,0.1762499958276748,-0.2362500041723251,0.1875,0.0134799677511817,1,142
Bin 4,0.4125,800,0.2450000047683715,-0.1674999952316284,0.1875,0.0152153905803981,1,142
Bin 5,0.4125,800,0.363750010728836,-0.0487499892711639,0.1875,0.0170193125751568,1,142
Overall,0.425,4000,0.1692499965429306,-0.2557500034570694,0.1875,0.0059295783169234,1,142
Bin 1,0.425,800,0.0099999997764825,-0.4150000002235174,0.1875,0.0035200128548165,1,142
Bin 2,0.425,800,0.0337500013411045,-0.3912499986588955,0.1875,0.0063886377365275,1,142
Bin 3,0.425,800,0.1774999946355819,-0.247500005364418,0.1875,0.0135174183870973,1,142
Bin 4,0.425,800,0.2524999976158142,-0.1725000023841858,0.1875,0.0153696111674555,1,142
Bin 5,0.425,800,0.3725000023841858,-0.0524999976158142,0.1875,0.0171039581983636,1,142
Overall,0.4375,4000,0.1724999994039535,-0.2650000005960464,0.1875,0.0059745181955735,1,142
Bin 1,0.4375,800,0.0099999997764825,-0.4275000002235174,0.1875,0.0035200128548165,1,142
Bin 2,0.4375,800,0.0337500013411045,-0.4037499986588955,0.1875,0.0063886377365275,1,142
Bin 3,0.4375,800,0.1800000071525573,-0.2574999928474426,0.1875,0.013591574713381,1,142
Bin 4,0.4375,800,0.2574999928474426,-0.1800000071525573,0.1875,0.0154690429587912,1,142
Bin 5,0.4375,800,0.3812499940395355,-0.0562500059604644,0.1875,0.0171826105397123,1,142
Overall,0.45,4000,0.1752499938011169,-0.274750006198883,0.1875,0.0060119379366187,1,142
Bin 1,0.45,800,0.0099999997764825,-0.4400000002235174,0.1875,0.0035200128548165,1,142
Bin 2,0.45,800,0.0337500013411045,-0.4162499986588955,0.1875,0.0063886377365275,1,142
Bin 3,0.45,800,0.1812500059604644,-0.2687499940395355,0.1875,0.0136282877794476,1,142
Bin 4,0.45,800,0.2649999856948852,-0.1850000143051147,0.1875,0.0156132473473,1,142
Bin 5,0.45,800,0.3862499892711639,-0.063750010728836,0.1875,0.0172248943654808,1,142
Overall,0.4625,4000,0.1772499978542328,-0.2852500021457672,0.1875,0.0060388099766708,1,142
Bin 1,0.4625,800,0.0099999997764825,-0.4525000002235174,0.1875,0.0035200128548165,1,142
Bin 2,0.4625,800,0.0337500013411045,-0.4287499986588955,0.1875,0.0063886377365275,1,142
Bin 3,0.4625,800,0.1825000047683715,-0.2799999952316284,0.1875,0.0136647574474641,1,142
Bin 4,0.4625,800,0.2687500119209289,-0.193749988079071,0.1875,0.0156831679153084,1,142
Bin 5,0.4625,800,0.3912500143051147,-0.0712499856948852,0.1875,0.0172652668316694,1,142
Overall,0.475,4000,0.1809999942779541,-0.2940000057220459,0.1875,0.0060884332720547,1,142
Bin 1,0.475,800,0.0099999997764825,-0.4650000002235174,0.1875,0.0035200128548165,1,142
Bin 2,0.475,800,0.0337500013411045,-0.4412499986588955,0.1875,0.0063886377365275,1,142
Bin 3,0.475,800,0.1875,-0.2875,0.1875,0.013808259037274,1,142
Bin 4,0.475,800,0.2775000035762787,-0.1974999964237213,0.1875,0.0158407971287391,1,142
Bin 5,0.475,800,0.3962500095367431,-0.0787499904632568,0.1875,0.0173037342603053,1,142
Overall,0.4875,4000,0.1832499951124191,-0.3042500048875809,0.1875,0.0061177372583553,1,142
Bin 1,0.4875,800,0.0112500004470348,-0.4762499995529652,0.1875,0.0037311788391504,1,142
Bin 2,0.4875,800,0.0337500013411045,-0.4537499986588955,0.1875,0.0063886377365275,1,142
Bin 3,0.4875,800,0.1875,-0.3,0.1875,0.013808259037274,1,142
Bin 4,0.4875,800,0.2824999988079071,-0.2050000011920929,0.1875,0.0159274700153593,1,142
Bin 5,0.4875,800,0.4012500047683716,-0.0862499952316284,0.1875,0.0173403114027855,1,142
Overall,0.5,4000,0.1862500011920929,-0.3137499988079071,0.1875,0.0061562742527535,1,142
Bin 1,0.5,800,0.0125000001862645,-0.4874999998137355,0.1875,0.0039305210519702,1,142
Bin 2,0.5,800,0.0350000001490116,-0.4649999998509884,0.1875,0.0065016603060011,1,142
Bin 3,0.5,800,0.1887499988079071,-0.3112500011920929,0.1875,0.0138435496472034,1,142
Bin 4,0.5,800,0.2862499952316284,-0.2137500047683715,0.1875,0.0159908820562864,1,142
Bin 5,0.5,800,0.4087499976158142,-0.0912500023841857,0.1875,0.0173916610156687,1,142
Overall,0.5125000000000001,4000,0.1882500052452087,-0.3242499947547913,0.1875,0.006181628976991,1,142
Bin 1,0.5125000000000001,800,0.0125000001862645,-0.4999999998137355,0.1875,0.0039305210519702,1,142
Bin 2,0.5125000000000001,800,0.0362499989569187,-0.4762500010430813,0.1875,0.0066124559413666,1,142
Bin 3,0.5125000000000001,800,0.1912499964237213,-0.3212500035762787,0.1875,0.0139134386050753,1,142
Bin 4,0.5125000000000001,800,0.2887499928474426,-0.2237500071525574,0.1875,0.016032408292453,1,142
Bin 5,0.5125000000000001,800,0.4124999940395355,-0.1000000059604645,0.1875,0.0174157626909897,1,142
Overall,0.525,4000,0.1907500028610229,-0.3342499971389771,0.1875,0.0062129507105955,1,142
Bin 1,0.525,800,0.0125000001862645,-0.5124999998137355,0.1875,0.0039305210519702,1,142
Bin 2,0.525,800,0.0375000014901161,-0.4874999985098839,0.1875,0.0067211347512655,1,142
Bin 3,0.525,800,0.1924999952316284,-0.3325000047683716,0.1875,0.0139480411677028,1,142
Bin 4,0.525,800,0.2962499856948852,-0.2287500143051147,0.1875,0.0161534382363081,1,142
Bin 5,0.525,800,0.4149999916553497,-0.1100000083446502,0.1875,0.0174312537651598,1,142
Overall,0.5375,4000,0.1937499940395355,-0.3437500059604644,0.1875,0.0062499996045767,1,142
Bin 1,0.5375,800,0.0125000001862645,-0.5249999998137355,0.1875,0.0039305210519702,1,142
Bin 2,0.5375,800,0.0375000014901161,-0.4999999985098838,0.1875,0.0067211347512655,1,142
Bin 3,0.5375,800,0.1962500065565109,-0.341249993443489,0.1875,0.0140505043711176,1,142
Bin 4,0.5375,800,0.3000000119209289,-0.237499988079071,0.1875,0.016211986530917,1,142
Bin 5,0.5375,800,0.4225000143051147,-0.1149999856948852,0.1875,0.0174749505640247,1,142
Overall,0.55,4000,0.1957499980926513,-0.3542500019073487,0.1875,0.0062743789115046,1,142
Bin 1,0.55,800,0.0125000001862645,-0.5374999998137355,0.1875,0.0039305210519702,1,142
Bin 2,0.55,800,0.0375000014901161,-0.5124999985098839,0.1875,0.0067211347512655,1,142
Bin 3,0.55,800,0.1987500041723251,-0.3512499958276749,0.1875,0.0141177085747394,1,142
Bin 4,0.55,800,0.3050000071525574,-0.2449999928474426,0.1875,0.0162880426263973,1,142
Bin 5,0.55,800,0.4250000119209289,-0.124999988079071,0.1875,0.0174885977135726,1,142
Overall,0.5625,4000,0.1987500041723251,-0.3637499958276748,0.1875,0.0063104731216843,1,142
Bin 1,0.5625,800,0.0125000001862645,-0.5499999998137355,0.1875,0.0039305210519702,1,142
Bin 2,0.5625,800,0.0387500002980232,-0.5237499997019768,0.1875,0.0068277973612989,1,142
Bin 3,0.5625,800,0.1987500041723251,-0.3637499958276748,0.1875,0.0141177085747394,1,142
Bin 4,0.5625,800,0.3137499988079071,-0.2487500011920929,0.1875,0.0164157075378792,1,142
Bin 5,0.5625,800,0.4300000071525574,-0.1324999928474426,0.1875,0.0175145211864204,1,142
Overall,0.5750000000000001,4000,0.1994999945163726,-0.3755000054836274,0.1875,0.006319407849996,1,142
Bin 1,0.5750000000000001,800,0.0125000001862645,-0.5624999998137356,0.1875,0.0039305210519702,1,142
Bin 2,0.5750000000000001,800,0.0387500002980232,-0.5362499997019768,0.1875,0.0068277973612989,1,142
Bin 3,0.5750000000000001,800,0.2000000029802322,-0.3749999970197678,0.1875,0.0141509824579676,1,142
Bin 4,0.5750000000000001,800,0.3149999976158142,-0.2600000023841858,0.1875,0.0164333913018432,1,142
Bin 5,0.5750000000000001,800,0.4312500059604645,-0.1437499940395356,0.1875,0.0175207157194803,1,142
Overall,0.5875,4000,0.2032500058412552,-0.3842499941587448,0.1875,0.0063635664523662,1,142
Bin 1,0.5875,800,0.0125000001862645,-0.5749999998137355,0.1875,0.0039305210519702,1,142
Bin 2,0.5875,800,0.0387500002980232,-0.5487499997019768,0.1875,0.0068277973612989,1,142
Bin 3,0.5875,800,0.2037499994039535,-0.3837500005960464,0.1875,0.01424951652143,1,142
Bin 4,0.5875,800,0.3199999928474426,-0.2675000071525574,0.1875,0.016502739726383,1,142
Bin 5,0.5875,800,0.4412499964237213,-0.1462500035762787,0.1875,0.0175661974373796,1,142
Overall,0.6000000000000001,4000,0.2045000046491623,-0.3954999953508378,0.1875,0.0063780959293327,1,142
Bin 1,0.6000000000000001,800,0.0125000001862645,-0.5874999998137356,0.1875,0.0039305210519702,1,142
Bin 2,0.6000000000000001,800,0.0387500002980232,-0.5612499997019769,0.1875,0.0068277973612989,1,142
Bin 3,0.6000000000000001,800,0.2037499994039535,-0.3962500005960465,0.1875,0.01424951652143,1,142
Bin 4,0.6000000000000001,800,0.3224999904632568,-0.2775000095367432,0.1875,0.016536597343463,1,142
Bin 5,0.6000000000000001,800,0.4449999928474426,-0.1550000071525574,0.1875,0.0175813850542405,1,142
Overall,0.6125,4000,0.2062499970197677,-0.4062500029802323,0.1875,0.0063982785857494,1,142
Bin 1,0.6125,800,0.0125000001862645,-0.5999999998137355,0.1875,0.0039305210519702,1,142
Bin 2,0.6125,800,0.0387500002980232,-0.5737499997019768,0.1875,0.0068277973612989,1,142
Bin 3,0.6125,800,0.2037499994039535,-0.4087500005960465,0.1875,0.01424951652143,1,142
Bin 4,0.6125,800,0.324999988079071,-0.287500011920929,0.1875,0.0165699112661973,1,142
Bin 5,0.6125,800,0.4512499868869781,-0.1612500131130219,0.1875,0.0176044509707593,1,142
Overall,0.625,4000,0.2072499990463256,-0.4177500009536743,0.1875,0.0064097291367738,1,142
Bin 1,0.625,800,0.0125000001862645,-0.6124999998137355,0.1875,0.0039305210519702,1,142
Bin 2,0.625,800,0.0387500002980232,-0.5862499997019768,0.1875,0.0068277973612989,1,142
Bin 3,0.625,800,0.2037499994039535,-0.4212500005960464,0.1875,0.01424951652143,1,142
Bin 4,0.625,800,0.3274999856948852,-0.2975000143051147,0.1875,0.0166026888702842,1,142
Bin 5,0.625,800,0.4537500143051147,-0.1712499856948852,0.1875,0.0176128898235024,1,142
Overall,0.6375000000000001,4000,0.2092500030994415,-0.4282499969005585,0.1875,0.0064324535327883,1,142
Bin 1,0.6375000000000001,800,0.0125000001862645,-0.6249999998137356,0.1875,0.0039305210519702,1,142
Bin 2,0.6375000000000001,800,0.0387500002980232,-0.5987499997019768,0.1875,0.0068277973612989,1,142
Bin 3,0.6375000000000001,800,0.2062499970197677,-0.4312500029802323,0.1875,0.014314146606279,1,142
Bin 4,0.6375000000000001,800,0.3300000131130218,-0.3074999868869782,0.1875,0.0166349301557238,1,142
Bin 5,0.6375000000000001,800,0.4587500095367431,-0.1787499904632569,0.1875,0.0176284293665484,1,142
Overall,0.65,4000,0.2117500007152557,-0.4382499992847443,0.1875,0.0064605271738739,1,142
Bin 1,0.65,800,0.0125000001862645,-0.6374999998137355,0.1875,0.0039305210519702,1,142
Bin 2,0.65,800,0.0387500002980232,-0.6112499997019768,0.1875,0.0068277973612989,1,142
Bin 3,0.65,800,0.2074999958276748,-0.4425000041723251,0.1875,0.0143461487083533,1,142
Bin 4,0.65,800,0.3337500095367431,-0.3162499904632568,0.1875,0.016682297945094,1,142
Bin 5,0.65,800,0.4662500023841858,-0.1837499976158142,0.1875,0.0176483858993183,1,142
Overall,0.6625000000000001,4000,0.2142499983310699,-0.4482500016689301,0.1875,0.0064882398634334,1,142
Bin 1,0.6625000000000001,800,0.0125000001862645,-0.6499999998137356,0.1875,0.0039305210519702,1,142
Bin 2,0.6625000000000001,800,0.0387500002980232,-0.6237499997019769,0.1875,0.0068277973612989,1,142
Bin 3,0.6625000000000001,800,0.2074999958276748,-0.4550000041723252,0.1875,0.0143461487083533,1,142
Bin 4,0.6625000000000001,800,0.3362500071525574,-0.3262499928474427,0.1875,0.0167132168731616,1,142
Bin 5,0.6625000000000001,800,0.4762499928474426,-0.1862500071525574,0.1875,0.0176687617932309,1,142
Overall,0.675,4000,0.215499997138977,-0.459500002861023,0.1875,0.0065019621472351,1,142
Bin 1,0.675,800,0.0125000001862645,-0.6624999998137355,0.1875,0.0039305210519702,1,142
Bin 2,0.675,800,0.0387500002980232,-0.6362499997019768,0.1875,0.0068277973612989,1,142
Bin 3,0.675,800,0.2074999958276748,-0.4675000041723252,0.1875,0.0143461487083533,1,142
Bin 4,0.675,800,0.3375000059604645,-0.3374999940395355,0.1875,0.0167284782470074,1,142
Bin 5,0.675,800,0.481249988079071,-0.193750011920929,0.1875,0.0176762860593613,1,142
Overall,0.6875,4000,0.2169999927282333,-0.4705000072717666,0.1875,0.0065183105183149,1,142
Bin 1,0.6875,800,0.0125000001862645,-0.6749999998137355,0.1875,0.0039305210519702,1,142
Bin 2,0.6875,800,0.0387500002980232,-0.6487499997019768,0.1875,0.0068277973612989,1,142
Bin 3,0.6875,800,0.2074999958276748,-0.4800000041723251,0.1875,0.0143461487083533,1,142
Bin 4,0.6875,800,0.3400000035762787,-0.3474999964237213,0.1875,0.0167586121900214,1,142
Bin 5,0.6875,800,0.4862500131130218,-0.2012499868869781,0.1875,0.0176820380505118,1,142
Overall,0.7000000000000001,4000,0.21875,-0.48125,0.1875,0.006537223718581,1,142
Bin 1,0.7000000000000001,800,0.0125000001862645,-0.6874999998137356,0.1875,0.0039305210519702,1,142
Bin 2,0.7000000000000001,800,0.0387500002980232,-0.6612499997019768,0.1875,0.0068277973612989,1,142
Bin 3,0.7000000000000001,800,0.2087499946355819,-0.4912500053644181,0.1875,0.0143779400761851,1,142
Bin 4,0.7000000000000001,800,0.3449999988079071,-0.3550000011920929,0.1875,0.0168173206426547,1,142
Bin 5,0.7000000000000001,800,0.488750010728836,-0.211249989271164,0.1875,0.0176842507600586,1,142
Overall,0.7125,4000,0.2202499955892563,-0.4922500044107437,0.1875,0.0065532987843278,1,142
Bin 1,0.7125,800,0.0125000001862645,-0.6999999998137355,0.1875,0.0039305210519702,1,142
Bin 2,0.7125,800,0.0387500002980232,-0.6737499997019768,0.1875,0.0068277973612989,1,142
Bin 3,0.7125,800,0.2087499946355819,-0.503750005364418,0.1875,0.0143779400761851,1,142
Bin 4,0.7125,800,0.3487499952316284,-0.3637500047683716,0.1875,0.0168600017024705,1,142
Bin 5,0.7125,800,0.4925000071525574,-0.2199999928474426,0.1875,0.0176867374241208,1,142
Overall,0.7250000000000001,4000,0.221000000834465,-0.5039999991655351,0.1875,0.0065612887243759,1,142
Bin 1,0.7250000000000001,800,0.0125000001862645,-0.7124999998137356,0.1875,0.0039305210519702,1,142
Bin 2,0.7250000000000001,800,0.0387500002980232,-0.6862499997019769,0.1875,0.0068277973612989,1,142
Bin 3,0.7250000000000001,800,0.2087499946355819,-0.5162500053644181,0.1875,0.0143779400761851,1,142
Bin 4,0.7250000000000001,800,0.3487499952316284,-0.3762500047683716,0.1875,0.0168600017024705,1,142
Bin 5,0.7250000000000001,800,0.4962500035762787,-0.2287499964237214,0.1875,0.0176882315299005,1,142
Overall,0.7375,4000,0.2222499996423721,-0.5152500003576279,0.1875,0.0065745379072217,1,142
Bin 1,0.7375,800,0.0125000001862645,-0.7249999998137355,0.1875,0.0039305210519702,1,142
Bin 2,0.7375,800,0.0387500002980232,-0.6987499997019768,0.1875,0.0068277973612989,1,142
Bin 3,0.7375,800,0.2087499946355819,-0.5287500053644181,0.1875,0.0143779400761851,1,142
Bin 4,0.7375,800,0.3499999940395355,-0.3875000059604645,0.1875,0.0168739702217382,1,142
Bin 5,0.7375,800,0.5012500286102295,-0.2362499713897705,0.1875,0.0176886740718098,1,142
Overall,0.75,4000,0.22325000166893,-0.52674999833107,0.1875,0.0065850733565963,1,142
Bin 1,0.75,800,0.0125000001862645,-0.7374999998137355,0.1875,0.0039305210519702,1,142
Bin 2,0.75,800,0.0387500002980232,-0.7112499997019768,0.1875,0.0068277973612989,1,142
Bin 3,0.75,800,0.209999993443489,-0.5400000065565109,0.1875,0.0144095301928152,1,142
Bin 4,0.75,800,0.3524999916553497,-0.3975000083446502,0.1875,0.0169015310996507,1,142
Bin 5,0.75,800,0.5024999976158142,-0.2475000023841858,0.1875,0.0176885075917582,1,142
Overall,0.7625000000000001,4000,0.2240000069141388,-0.5384999930858613,0.1875,0.0065929398380284,1,142
Bin 1,0.7625000000000001,800,0.0125000001862645,-0.7499999998137356,0.1875,0.0039305210519702,1,142
Bin 2,0.7625000000000001,800,0.0387500002980232,-0.7237499997019768,0.1875,0.0068277973612989,1,142
Bin 3,0.7625000000000001,800,0.2112500071525573,-0.5512499928474427,0.1875,0.0144409137898877,1,142
Bin 4,0.7625000000000001,800,0.3524999916553497,-0.4100000083446503,0.1875,0.0169015310996507,1,142
Bin 5,0.7625000000000001,800,0.5049999952316284,-0.2575000047683716,0.1875,0.0176878437788942,1,142
Overall,0.775,4000,0.226500004529953,-0.548499995470047,0.1875,0.0066189410707435,1,142
Bin 1,0.775,800,0.0125000001862645,-0.7624999998137355,0.1875,0.0039305210519702,1,142
Bin 2,0.775,800,0.0387500002980232,-0.7362499997019768,0.1875,0.0068277973612989,1,142
Bin 3,0.775,800,0.2112500071525573,-0.5637499928474426,0.1875,0.0144409137898877,1,142
Bin 4,0.775,800,0.3574999868869781,-0.4175000131130219,0.1875,0.0169551334615868,1,142
Bin 5,0.775,800,0.512499988079071,-0.262500011920929,0.1875,0.0176831991961883,1,142
Overall,0.7875000000000001,4000,0.2272499948740005,-0.5602500051259995,0.1875,0.0066266765541022,1,142
Bin 1,0.7875000000000001,800,0.0125000001862645,-0.7749999998137356,0.1875,0.0039305210519702,1,142
Bin 2,0.7875000000000001,800,0.0387500002980232,-0.7487499997019769,0.1875,0.0068277973612989,1,142
Bin 3,0.7875000000000001,800,0.2125000059604644,-0.5749999940395356,0.1875,0.0144720929747448,1,142
Bin 4,0.7875000000000001,800,0.3574999868869781,-0.4300000131130219,0.1875,0.0169551334615868,1,142
Bin 5,0.7875000000000001,800,0.5149999856948853,-0.2725000143051148,0.1875,0.0176807652156868,1,142
Overall,0.8,4000,0.2277500033378601,-0.5722499966621399,0.1875,0.0066318161080126,1,142
Bin 1,0.8,800,0.0125000001862645,-0.7874999998137355,0.1875,0.0039305210519702,1,142
Bin 2,0.8,800,0.0387500002980232,-0.7612499997019768,0.1875,0.0068277973612989,1,142
Bin 3,0.8,800,0.2125000059604644,-0.5874999940395356,0.1875,0.0144720929747448,1,142
Bin 4,0.8,800,0.3587499856948852,-0.4412500143051148,0.1875,0.016968217950707,1,142
Bin 5,0.8,800,0.5162500143051147,-0.2837499856948853,0.1875,0.0176793827990556,1,142
Overall,0.8125,4000,0.2284999936819076,-0.5840000063180923,0.1875,0.0066394997576012,1,142
Bin 1,0.8125,800,0.0125000001862645,-0.7999999998137355,0.1875,0.0039305210519702,1,142
Bin 2,0.8125,800,0.0387500002980232,-0.7737499997019768,0.1875,0.0068277973612989,1,142
Bin 3,0.8125,800,0.2125000059604644,-0.5999999940395355,0.1875,0.0144720929747448,1,142
Bin 4,0.8125,800,0.3587499856948852,-0.4537500143051147,0.1875,0.016968217950707,1,142
Bin 5,0.8125,800,0.5199999809265137,-0.2925000190734863,0.1875,0.0176745717362981,1,142
Overall,0.8250000000000001,4000,0.2300000041723251,-0.5949999958276749,0.1875,0.0066547779969372,1,142
Bin 1,0.8250000000000001,800,0.0125000001862645,-0.8124999998137356,0.1875,0.0039305210519702,1,142
Bin 2,0.8250000000000001,800,0.0387500002980232,-0.7862499997019768,0.1875,0.0068277973612989,1,142
Bin 3,0.8250000000000001,800,0.2125000059604644,-0.6124999940395356,0.1875,0.0144720929747448,1,142
Bin 4,0.8250000000000001,800,0.3612500131130218,-0.4637499868869782,0.1875,0.0169940139293381,1,142
Bin 5,0.8250000000000001,800,0.5249999761581421,-0.300000023841858,0.1875,0.0176666038745871,1,142
Overall,0.8375,4000,0.231000006198883,-0.606499993801117,0.1875,0.0066648968912869,1,142
Bin 1,0.8375,800,0.0125000001862645,-0.8249999998137355,0.1875,0.0039305210519702,1,142
Bin 2,0.8375,800,0.0387500002980232,-0.7987499997019768,0.1875,0.0068277973612989,1,142
Bin 3,0.8375,800,0.2125000059604644,-0.6249999940395355,0.1875,0.0144720929747448,1,142
Bin 4,0.8375,800,0.3625000119209289,-0.474999988079071,0.1875,0.017006725418849,1,142
Bin 5,0.8375,800,0.5287500023841858,-0.3087499976158142,0.1875,0.0176594631447781,1,142
Overall,0.8500000000000001,4000,0.2314999997615814,-0.6185000002384187,0.1875,0.0066699360761698,1,142
Bin 1,0.8500000000000001,800,0.0125000001862645,-0.8374999998137356,0.1875,0.0039305210519702,1,142
Bin 2,0.8500000000000001,800,0.0387500002980232,-0.8112499997019769,0.1875,0.0068277973612989,1,142
Bin 3,0.8500000000000001,800,0.2125000059604644,-0.6374999940395356,0.1875,0.0144720929747448,1,142
Bin 4,0.8500000000000001,800,0.3625000119209289,-0.4874999880790711,0.1875,0.017006725418849,1,142
Bin 5,0.8500000000000001,800,0.53125,-0.3187500000000001,0.1875,0.0176541463198385,1,142
Overall,0.8625,4000,0.2322500050067901,-0.6302499949932099,0.1875,0.0066774722351218,1,142
Bin 1,0.8625,800,0.0125000001862645,-0.8499999998137355,0.1875,0.0039305210519702,1,142
Bin 2,0.8625,800,0.0387500002980232,-0.8237499997019768,0.1875,0.0068277973612989,1,142
Bin 3,0.8625,800,0.2125000059604644,-0.6499999940395356,0.1875,0.0144720929747448,1,142
Bin 4,0.8625,800,0.3625000119209289,-0.4999999880790711,0.1875,0.017006725418849,1,142
Bin 5,0.8625,800,0.5350000262260437,-0.3274999737739563,0.1875,0.0176453376284997,1,142
Overall,0.875,4000,0.2329999953508377,-0.6420000046491623,0.1875,0.0066849777650278,1,142
Bin 1,0.875,800,0.0125000001862645,-0.8624999998137355,0.1875,0.0039305210519702,1,142
Bin 2,0.875,800,0.0387500002980232,-0.8362499997019768,0.1875,0.0068277973612989,1,142
Bin 3,0.875,800,0.2125000059604644,-0.6624999940395355,0.1875,0.0144720929747448,1,142
Bin 4,0.875,800,0.3650000095367431,-0.5099999904632568,0.1875,0.0170317743445903,1,142
Bin 5,0.875,800,0.5362499952316284,-0.3387500047683716,0.1875,0.017642179775875,1,142
Overall,0.8875000000000001,4000,0.2335000038146972,-0.6539999961853028,0.1875,0.0066899651161406,1,142
Bin 1,0.8875000000000001,800,0.0125000001862645,-0.8749999998137356,0.1875,0.0039305210519702,1,142
Bin 2,0.8875000000000001,800,0.0387500002980232,-0.8487499997019768,0.1875,0.0068277973612989,1,142
Bin 3,0.8875000000000001,800,0.2125000059604644,-0.6749999940395356,0.1875,0.0144720929747448,1,142
Bin 4,0.8875000000000001,800,0.3650000095367431,-0.5224999904632569,0.1875,0.0170317743445903,1,142
Bin 5,0.8875000000000001,800,0.5387499928474426,-0.3487500071525574,0.1875,0.0176355268958376,1,142
Overall,0.9,4000,0.2339999973773956,-0.6660000026226044,0.1875,0.0066949383307707,1,142
Bin 1,0.9,800,0.0125000001862645,-0.8874999998137355,0.1875,0.0039305210519702,1,142
Bin 2,0.9,800,0.0387500002980232,-0.8612499997019768,0.1875,0.0068277973612989,1,142
Bin 3,0.9,800,0.2125000059604644,-0.6874999940395355,0.1875,0.0144720929747448,1,142
Bin 4,0.9,800,0.3650000095367431,-0.5349999904632569,0.1875,0.0170317743445903,1,142
Bin 5,0.9,800,0.5412499904632568,-0.3587500095367432,0.1875,0.0176284293665484,1,142
Overall,0.9125,4000,0.2339999973773956,-0.6785000026226045,0.1875,0.0066949383307707,1,142
Bin 1,0.9125,800,0.0125000001862645,-0.8999999998137356,0.1875,0.0039305210519702,1,142
Bin 2,0.9125,800,0.0387500002980232,-0.8737499997019769,0.1875,0.0068277973612989,1,142
Bin 3,0.9125,800,0.2125000059604644,-0.6999999940395356,0.1875,0.0144720929747448,1,142
Bin 4,0.9125,800,0.3650000095367431,-0.5474999904632569,0.1875,0.0170317743445903,1,142
Bin 5,0.9125,800,0.5412499904632568,-0.3712500095367432,0.1875,0.0176284293665484,1,142
Overall,0.925,4000,0.2339999973773956,-0.6910000026226044,0.1875,0.0066949383307707,1,142
Bin 1,0.925,800,0.0125000001862645,-0.9124999998137356,0.1875,0.0039305210519702,1,142
Bin 2,0.925,800,0.0387500002980232,-0.8862499997019768,0.1875,0.0068277973612989,1,142
Bin 3,0.925,800,0.2125000059604644,-0.7124999940395356,0.1875,0.0144720929747448,1,142
Bin 4,0.925,800,0.3650000095367431,-0.5599999904632569,0.1875,0.0170317743445903,1,142
Bin 5,0.925,800,0.5412499904632568,-0.3837500095367432,0.1875,0.0176284293665484,1,142
Overall,0.9375,4000,0.2342499941587448,-0.7032500058412552,0.1875,0.006697420697141,1,142
Bin 1,0.9375,800,0.0125000001862645,-0.9249999998137356,0.1875,0.0039305210519702,1,142
Bin 2,0.9375,800,0.0387500002980232,-0.8987499997019768,0.1875,0.0068277973612989,1,142
Bin 3,0.9375,800,0.2125000059604644,-0.7249999940395355,0.1875,0.0144720929747448,1,142
Bin 4,0.9375,800,0.3650000095367431,-0.5724999904632568,0.1875,0.0170317743445903,1,142
Bin 5,0.9375,800,0.5425000190734863,-0.3949999809265136,0.1875,0.0176247120145097,1,142
Overall,0.95,4000,0.2347500026226043,-0.7152499973773957,0.1875,0.0067023760055596,1,142
Bin 1,0.95,800,0.0125000001862645,-0.9374999998137356,0.1875,0.0039305210519702,1,142
Bin 2,0.95,800,0.0387500002980232,-0.9112499997019768,0.1875,0.0068277973612989,1,142
Bin 3,0.95,800,0.2125000059604644,-0.7374999940395356,0.1875,0.0144720929747448,1,142
Bin 4,0.95,800,0.3650000095367431,-0.5849999904632569,0.1875,0.0170317743445903,1,142
Bin 5,0.95,800,0.5450000166893005,-0.4049999833106995,0.1875,0.0176169443503291,1,142
Overall,0.9625,4000,0.2347500026226043,-0.7277499973773957,0.1875,0.0067023760055596,1,142
Bin 1,0.9625,800,0.0125000001862645,-0.9499999998137356,0.1875,0.0039305210519702,1,142
Bin 2,0.9625,800,0.0387500002980232,-0.9237499997019768,0.1875,0.0068277973612989,1,142
Bin 3,0.9625,800,0.2125000059604644,-0.7499999940395355,0.1875,0.0144720929747448,1,142
Bin 4,0.9625,800,0.3650000095367431,-0.5974999904632569,0.1875,0.0170317743445903,1,142
Bin 5,0.9625,800,0.5450000166893005,-0.4174999833106995,0.1875,0.0176169443503291,1,142
Overall,0.975,4000,0.2347500026226043,-0.7402499973773957,0.1875,0.0067023760055596,1,142
Bin 1,0.975,800,0.0125000001862645,-0.9624999998137356,0.1875,0.0039305210519702,1,142
Bin 2,0.975,800,0.0387500002980232,-0.9362499997019768,0.1875,0.0068277973612989,1,142
Bin 3,0.975,800,0.2125000059604644,-0.7624999940395356,0.1875,0.0144720929747448,1,142
Bin 4,0.975,800,0.3650000095367431,-0.6099999904632569,0.1875,0.0170317743445903,1,142
Bin 5,0.975,800,0.5450000166893005,-0.4299999833106995,0.1875,0.0176169443503291,1,142
Overall,0.9875,4000,0.2347500026226043,-0.7527499973773957,0.1875,0.0067023760055596,1,142
Bin 1,0.9875,800,0.0125000001862645,-0.9749999998137356,0.1875,0.0039305210519702,1,142
Bin 2,0.9875,800,0.0387500002980232,-0.9487499997019768,0.1875,0.0068277973612989,1,142
Bin 3,0.9875,800,0.2125000059604644,-0.7749999940395356,0.1875,0.0144720929747448,1,142
Bin 4,0.9875,800,0.3650000095367431,-0.6224999904632569,0.1875,0.0170317743445903,1,142
Bin 5,0.9875,800,0.5450000166893005,-0.4424999833106995,0.1875,0.0176169443503291,1,142
Overall,1.0,4000,0.2347500026226043,-0.7652499973773956,0.1875,0.0067023760055596,1,142
Bin 1,1.0,800,0.0125000001862645,-0.9874999998137356,0.1875,0.0039305210519702,1,142
Bin 2,1.0,800,0.0387500002980232,-0.9612499997019768,0.1875,0.0068277973612989,1,142
Bin 3,1.0,800,0.2125000059604644,-0.7874999940395355,0.1875,0.0144720929747448,1,142
Bin 4,1.0,800,0.3650000095367431,-0.6349999904632568,0.1875,0.0170317743445903,1,142
Bin 5,1.0,800,0.5450000166893005,-0.4549999833106994,0.1875,0.0176169443503291,1,142
Overall,0.0,4000,0.0,0.0,0.2,0.0,2,242
Bin 1,0.0,800,0.0,0.0,0.2,0.0,2,242
Bin 2,0.0,800,0.0,0.0,0.2,0.0,2,242
Bin 3,0.0,800,0.0,0.0,0.2,0.0,2,242
Bin 4,0.0,800,0.0,0.0,0.2,0.0,2,242
Bin 5,0.0,800,0.0,0.0,0.2,0.0,2,242
Overall,0.0125,4000,0.0074999998323619,-0.005000000167638,0.2,0.001364332565536,2,242
Bin 1,0.0125,800,0.0,-0.0125,0.2,0.0,2,242
Bin 2,0.0125,800,0.0087500000372529,-0.003749999962747,0.2,0.0032947484862379,2,242
Bin 3,0.0125,800,0.0087500000372529,-0.003749999962747,0.2,0.0032947484862379,2,242
Bin 4,0.0125,800,0.0099999997764825,-0.0025000002235174,0.2,0.0035200128548165,2,242
Bin 5,0.0125,800,0.0099999997764825,-0.0025000002235174,0.2,0.0035200128548165,2,242
Overall,0.025,4000,0.0127499997615814,-0.0122500002384185,0.2,0.0017741606273375,2,242
Bin 1,0.025,800,0.0,-0.025,0.2,0.0,2,242
Bin 2,0.025,800,0.0162499994039535,-0.0087500005960464,0.2,0.0044729665339558,2,242
Bin 3,0.025,800,0.0237499997019767,-0.0012500002980232,0.2,0.0053868998704903,2,242
Bin 4,0.025,800,0.0099999997764825,-0.0150000002235174,0.2,0.0035200128548165,2,242
Bin 5,0.025,800,0.0137499999254941,-0.0112500000745058,0.2,0.0041197556602636,2,242
Overall,0.0375,4000,0.0199999995529651,-0.0175000004470348,0.2,0.0022138709753879,2,242
Bin 1,0.0375,800,0.0,-0.0375,0.2,0.0,2,242
Bin 2,0.0375,800,0.0199999995529651,-0.0175000004470348,0.2,0.0049528442290735,2,242
Bin 3,0.0375,800,0.0324999988079071,-0.0050000011920929,0.2,0.0062732670607562,2,242
Bin 4,0.0375,800,0.0225000008940696,-0.0149999991059303,0.2,0.0052465787872361,2,242
Bin 5,0.0375,800,0.025000000372529,-0.0124999996274709,0.2,0.0055233039310109,2,242
Overall,0.05,4000,0.0274999998509883,-0.0225000001490116,0.2,0.0025860414498219,2,242
Bin 1,0.05,800,0.0012499999720603,-0.0487500000279396,0.2,0.0012499999259236,2,242
Bin 2,0.05,800,0.0287500005215406,-0.0212499994784593,0.2,0.0059116818716827,2,242
Bin 3,0.05,800,0.0399999991059303,-0.0100000008940696,0.2,0.0069325380750401,2,242
Bin 4,0.05,800,0.03125,-0.01875,0.2,0.0061554170966212,2,242
Bin 5,0.05,800,0.0362499989569187,-0.0137500010430812,0.2,0.0066124559413666,2,242
Overall,0.0625,4000,0.0350000001490116,-0.0274999998509883,0.2,0.0029061762380915,2,242
Bin 1,0.0625,800,0.0012499999720603,-0.0612500000279396,0.2,0.0012499999259236,2,242
Bin 2,0.0625,800,0.0299999993294477,-0.0325000006705522,0.2,0.0060349419106597,2,242
Bin 3,0.0625,800,0.0512499995529651,-0.0112500004470348,0.2,0.0078009844253192,2,242
Bin 4,0.0625,800,0.0437499992549419,-0.018750000745058,0.2,0.007236047014208,2,242
Bin 5,0.0625,800,0.0487499982118606,-0.0137500017881393,0.2,0.0076183558086942,2,242
Overall,0.075,4000,0.0425000004470348,-0.0324999995529651,0.2,0.0031899814437437,2,242
Bin 1,0.075,800,0.0012499999720603,-0.0737500000279396,0.2,0.0012499999259236,2,242
Bin 2,0.075,800,0.03125,-0.04375,0.2,0.0061554170966212,2,242
Bin 3,0.075,800,0.0575000010430812,-0.0174999989569187,0.2,0.0082357133626409,2,242
Bin 4,0.075,800,0.0599999986588954,-0.0150000013411045,0.2,0.0084016808032139,2,242
Bin 5,0.075,800,0.0625,-0.0125,0.2,0.0085635189063041,2,242
Overall,0.0875,4000,0.0502500012516975,-0.0372499987483024,0.2,0.0034545942535955,2,242
Bin 1,0.0875,800,0.0012499999720603,-0.0862500000279396,0.2,0.0012499999259236,2,242
Bin 2,0.0875,800,0.0324999988079071,-0.0550000011920929,0.2,0.0062732670607562,2,242
Bin 3,0.0875,800,0.067500002682209,-0.0199999973177909,0.2,0.0088757058815803,2,242
Bin 4,0.0875,800,0.0662499964237213,-0.0212500035762786,0.2,0.0087990312810981,2,242
Bin 5,0.0875,800,0.0837500020861625,-0.0037499979138374,0.2,0.0097999978598076,2,242
Overall,0.1,4000,0.0582499988377094,-0.0417500011622905,0.2,0.003703736332338,2,242
Bin 1,0.1,800,0.0012499999720603,-0.0987500000279396,0.2,0.0012499999259236,2,242
Bin 2,0.1,800,0.0337500013411045,-0.0662499986588955,0.2,0.0063886377365275,2,242
Bin 3,0.1,800,0.0799999982118606,-0.0200000017881393,0.2,0.0095976634841613,2,242
Bin 4,0.1,800,0.0787499994039535,-0.0212500005960464,0.2,0.0095288534856112,2,242
Bin 5,0.1,800,0.0974999964237213,-0.0025000035762786,0.2,0.0104942765733003,2,242
Overall,0.1125,4000,0.0649999976158142,-0.0475000023841857,0.2,0.0038984037104262,2,242
Bin 1,0.1125,800,0.0012499999720603,-0.1112500000279396,0.2,0.0012499999259236,2,242
Bin 2,0.1125,800,0.0337500013411045,-0.0787499986588955,0.2,0.0063886377365275,2,242
Bin 3,0.1125,800,0.0912500023841857,-0.0212499976158142,0.2,0.0101874443551273,2,242
Bin 4,0.1125,800,0.0900000035762786,-0.0224999964237213,0.2,0.0101243821330429,2,242
Bin 5,0.1125,800,0.1087500005960464,-0.0037499994039535,0.2,0.0110138966392214,2,242
Overall,0.125,4000,0.0715000033378601,-0.0534999966621398,0.2,0.0040744434451998,2,242
Bin 1,0.125,800,0.0012499999720603,-0.1237500000279396,0.2,0.0012499999259236,2,242
Bin 2,0.125,800,0.0375000014901161,-0.0874999985098838,0.2,0.0067211347512655,2,242
Bin 3,0.125,800,0.1012500002980232,-0.0237499997019767,0.2,0.0106719455595267,2,242
Bin 4,0.125,800,0.098750002682209,-0.0262499973177909,0.2,0.010554017623722,2,242
Bin 5,0.125,800,0.1187499985098838,-0.0062500014901161,0.2,0.0114443993013086,2,242
Overall,0.1375,4000,0.0802500024437904,-0.0572499975562095,0.2,0.004296172292209,2,242
Bin 1,0.1375,800,0.0012499999720603,-0.1362500000279397,0.2,0.0012499999259236,2,242
Bin 2,0.1375,800,0.0412500016391277,-0.0962499983608722,0.2,0.0070354396056795,2,242
Bin 3,0.1375,800,0.1099999994039535,-0.0275000005960464,0.2,0.0110692438806859,2,242
Bin 4,0.1375,800,0.1087500005960464,-0.0287499994039535,0.2,0.0110138976928926,2,242
Bin 5,0.1375,800,0.1400000005960464,0.0025000005960464,0.2,0.0122755182952041,2,242
Overall,0.15,4000,0.0847499966621398,-0.0652500033378601,0.2,0.0044041693657966,2,242
Bin 1,0.15,800,0.0012499999720603,-0.1487500000279397,0.2,0.0012499999259236,2,242
Bin 2,0.15,800,0.0412500016391277,-0.1087499983608722,0.2,0.0070354396056795,2,242
Bin 3,0.15,800,0.1187499985098838,-0.0312500014901161,0.2,0.0114443993013086,2,242
Bin 4,0.15,800,0.1187499985098838,-0.0312500014901161,0.2,0.0114443993013086,2,242
Bin 5,0.15,800,0.1437499970197677,-0.0062500029802322,0.2,0.012411686333373,2,242
Overall,0.1625,4000,0.0885000005364418,-0.0739999994635582,0.2,0.004491322666791,2,242
Bin 1,0.1625,800,0.0012499999720603,-0.1612500000279396,0.2,0.0012499999259236,2,242
Bin 2,0.1625,800,0.0425000004470348,-0.1199999995529651,0.2,0.0071365851932427,2,242
Bin 3,0.1625,800,0.125,-0.0375,0.2,0.0116999935957469,2,242
Bin 4,0.1625,800,0.1225000023841857,-0.0399999976158142,0.2,0.0115989370434011,2,242
Bin 5,0.1625,800,0.1512500047683715,-0.0112499952316284,0.2,0.0126754739751618,2,242
Overall,0.175,4000,0.093249998986721,-0.0817500010132789,0.2,0.0045982491374186,2,242
Bin 1,0.175,800,0.0012499999720603,-0.1737500000279397,0.2,0.0012499999259236,2,242
Bin 2,0.175,800,0.0437499992549419,-0.131250000745058,0.2,0.007236047014208,2,242
Bin 3,0.175,800,0.1324999928474426,-0.0425000071525573,0.2,0.0119941438272029,2,242
Bin 4,0.175,800,0.1287499964237213,-0.0462500035762787,0.2,0.011848725609457,2,242
Bin 5,0.175,800,0.1599999964237213,-0.0150000035762787,0.2,0.012969590489139,2,242
Overall,0.1875,4000,0.0962499976158142,-0.0912500023841857,0.2,0.0046638956647792,2,242
Bin 1,0.1875,800,0.0012499999720603,-0.1862500000279396,0.2,0.0012499999259236,2,242
Bin 2,0.1875,800,0.0437499992549419,-0.143750000745058,0.2,0.007236047014208,2,242
Bin 3,0.1875,800,0.1324999928474426,-0.0550000071525573,0.2,0.0119941438272029,2,242
Bin 4,0.1875,800,0.135000005364418,-0.0524999946355819,0.2,0.0120893103574693,2,242
Bin 5,0.1875,800,0.1687500029802322,-0.0187499970197677,0.2,0.0132499534327759,2,242
Overall,0.2,4000,0.101000003516674,-0.0989999964833259,0.2,0.0047650205228877,2,242
Bin 1,0.2,800,0.0012499999720603,-0.1987500000279397,0.2,0.0012499999259236,2,242
Bin 2,0.2,800,0.0437499992549419,-0.156250000745058,0.2,0.007236047014208,2,242
Bin 3,0.2,800,0.1375000029802322,-0.0624999970197677,0.2,0.0121830913100909,2,242
Bin 4,0.2,800,0.1375000029802322,-0.0624999970197677,0.2,0.0121830913100909,2,242
Bin 5,0.2,800,0.1850000023841858,-0.0149999976158142,0.2,0.0137369802870723,2,242
Overall,0.2125,4000,0.1062500029802322,-0.1062499970197677,0.2,0.0048730044024247,2,242
Bin 1,0.2125,800,0.0012499999720603,-0.2112500000279397,0.2,0.0012499999259236,2,242
Bin 2,0.2125,800,0.0450000017881393,-0.1674999982118606,0.2,0.0073338925035328,2,242
Bin 3,0.2125,800,0.1449999958276748,-0.0675000041723251,0.2,0.0124564315350946,2,242
Bin 4,0.2125,800,0.1487500071525573,-0.0637499928474426,0.2,0.0125887800151173,2,242
Bin 5,0.2125,800,0.1912499964237213,-0.0212500035762787,0.2,0.0139134386050753,2,242
Overall,0.225,4000,0.1117499992251396,-0.1132500007748603,0.2,0.0049821371067929,2,242
Bin 1,0.225,800,0.0012499999720603,-0.2237500000279396,0.2,0.0012499999259236,2,242
Bin 2,0.225,800,0.0462500005960464,-0.1787499994039535,0.2,0.0074301880425037,2,242
Bin 3,0.225,800,0.1500000059604644,-0.0749999940395355,0.2,0.0126322787237942,2,242
Bin 4,0.225,800,0.1587499976158142,-0.0662500023841858,0.2,0.0129284361989106,2,242
Bin 5,0.225,800,0.2025000005960464,-0.0224999994039535,0.2,0.0142168864313129,2,242
Overall,0.2375,4000,0.1152499988675117,-0.1222500011324882,0.2,0.0050495770825979,2,242
Bin 1,0.2375,800,0.0012499999720603,-0.2362500000279397,0.2,0.0012499999259236,2,242
Bin 2,0.2375,800,0.0462500005960464,-0.1912499994039535,0.2,0.0074301880425037,2,242
Bin 3,0.2375,800,0.1550000011920929,-0.0824999988079071,0.2,0.0128032674345317,2,242
Bin 4,0.2375,800,0.1637499928474426,-0.0737500071525573,0.2,0.0130913769689249,2,242
Bin 5,0.2375,800,0.209999993443489,-0.0275000065565109,0.2,0.0144095301928152,2,242
Overall,0.25,4000,0.1207500025629997,-0.1292499974370002,0.2,0.0051525717261577,2,242
Bin 1,0.25,800,0.0012499999720603,-0.2487500000279396,0.2,0.0012499999259236,2,242
Bin 2,0.25,800,0.0462500005960464,-0.2037499994039535,0.2,0.0074301880425037,2,242
Bin 3,0.25,800,0.1587499976158142,-0.0912500023841857,0.2,0.0129284361989106,2,242
Bin 4,0.25,800,0.1774999946355819,-0.072500005364418,0.2,0.0135174183870973,2,242
Bin 5,0.25,800,0.2199999988079071,-0.0300000011920928,0.2,0.0146549797408169,2,242
Overall,0.2625,4000,0.1247500032186508,-0.1377499967813492,0.2,0.0052252926207005,2,242
Bin 1,0.2625,800,0.0012499999720603,-0.2612500000279397,0.2,0.0012499999259236,2,242
Bin 2,0.2625,800,0.0487499982118606,-0.2137500017881393,0.2,0.0076183558086942,2,242
Bin 3,0.2625,800,0.1637499928474426,-0.0987500071525573,0.2,0.0130913769689249,2,242
Bin 4,0.2625,800,0.1825000047683715,-0.0799999952316284,0.2,0.0136647574474641,2,242
Bin 5,0.2625,800,0.2275000065565109,-0.034999993443489,0.2,0.0148308669690226,2,242
Overall,0.275,4000,0.1277499943971634,-0.1472500056028366,0.2,0.0052786790477913,2,242
Bin 1,0.275,800,0.0012499999720603,-0.2737500000279397,0.2,0.0012499999259236,2,242
Bin 2,0.275,800,0.0487499982118606,-0.2262500017881393,0.2,0.0076183558086942,2,242
Bin 3,0.275,800,0.1650000065565109,-0.1099999934434891,0.2,0.0131314238507087,2,242
Bin 4,0.275,800,0.1875,-0.0875,0.2,0.013808259037274,2,242
Bin 5,0.275,800,0.2362499982118606,-0.0387500017881393,0.2,0.0150275473449411,2,242
Overall,0.2875,4000,0.1322499960660934,-0.1552500039339066,0.2,0.0053569730150488,2,242
Bin 1,0.2875,800,0.0012499999720603,-0.2862500000279397,0.2,0.0012499999259236,2,242
Bin 2,0.2875,800,0.050000000745058,-0.2374999992549419,0.2,0.00771033761772,2,242
Bin 3,0.2875,800,0.166250005364418,-0.121249994635582,0.2,0.0131712009926621,2,242
Bin 4,0.2875,800,0.1949999928474426,-0.0925000071525574,0.2,0.0140165740507239,2,242
Bin 5,0.2875,800,0.2487500011920929,-0.0387499988079071,0.2,0.0152932716344189,2,242
Overall,0.3,4000,0.1362500041723251,-0.1637499958276749,0.2,0.0054248356716878,2,242
Bin 1,0.3,800,0.0012499999720603,-0.2987500000279397,0.2,0.0012499999259236,2,242
Bin 2,0.3,800,0.050000000745058,-0.2499999992549419,0.2,0.00771033761772,2,242
Bin 3,0.3,800,0.1687500029802322,-0.1312499970197678,0.2,0.0132499534327759,2,242
Bin 4,0.3,800,0.2037499994039535,-0.0962500005960464,0.2,0.01424951652143,2,242
Bin 5,0.3,800,0.2574999928474426,-0.0425000071525574,0.2,0.0154690429587912,2,242
Overall,0.3125,4000,0.1402499973773956,-0.1722500026226043,0.2,0.0054911310636064,2,242
Bin 1,0.3125,800,0.0012499999720603,-0.3112500000279397,0.2,0.0012499999259236,2,242
Bin 2,0.3125,800,0.050000000745058,-0.2624999992549419,0.2,0.00771033761772,2,242
Bin 3,0.3125,800,0.1712500005960464,-0.1412499994039535,0.2,0.0133276532553482,2,242
Bin 4,0.3125,800,0.2049999982118606,-0.1075000017881393,0.2,0.0142819369309758,2,242
Bin 5,0.3125,800,0.2737500071525574,-0.0387499928474426,0.2,0.0157741787663116,2,242
Overall,0.325,4000,0.1437499970197677,-0.1812500029802322,0.2,0.0055478984661541,2,242
Bin 1,0.325,800,0.0012499999720603,-0.3237500000279397,0.2,0.0012499999259236,2,242
Bin 2,0.325,800,0.050000000745058,-0.2749999992549419,0.2,0.00771033761772,2,242
Bin 3,0.325,800,0.1737499982118606,-0.1512500017881393,0.2,0.0134043183727895,2,242
Bin 4,0.325,800,0.2112500071525573,-0.1137499928474426,0.2,0.0144409137898877,2,242
Bin 5,0.325,800,0.2824999988079071,-0.0425000011920929,0.2,0.0159274700153593,2,242
Overall,0.3375,4000,0.147499993443489,-0.1900000065565109,0.2,0.0056074766726878,2,242
Bin 1,0.3375,800,0.0012499999720603,-0.3362500000279397,0.2,0.0012499999259236,2,242
Bin 2,0.3375,800,0.050000000745058,-0.2874999992549419,0.2,0.00771033761772,2,242
Bin 3,0.3375,800,0.1762499958276748,-0.1612500041723251,0.2,0.0134799688048529,2,242
Bin 4,0.3375,800,0.2137500047683715,-0.1237499952316284,0.2,0.0145030719620715,2,242
Bin 5,0.3375,800,0.2962499856948852,-0.0412500143051147,0.2,0.0161534382363081,2,242
Overall,0.35,4000,0.1512500047683715,-0.1987499952316284,0.2,0.0056658085126594,2,242
Bin 1,0.35,800,0.0012499999720603,-0.3487500000279397,0.2,0.0012499999259236,2,242
Bin 2,0.35,800,0.050000000745058,-0.299999999254942,0.2,0.00771033761772,2,242
Bin 3,0.35,800,0.178749993443489,-0.1712500065565109,0.2,0.0135546203566066,2,242
Bin 4,0.35,800,0.2212499976158142,-0.1287500023841858,0.2,0.0146847744017005,2,242
Bin 5,0.35,800,0.3050000071525574,-0.0449999928474426,0.2,0.0162880426263973,2,242
Overall,0.3625,4000,0.1547500044107437,-0.2077499955892563,0.2,0.0057191591273273,2,242
Bin 1,0.3625,800,0.0012499999720603,-0.3612500000279397,0.2,0.0012499999259236,2,242
Bin 2,0.3625,800,0.050000000745058,-0.312499999254942,0.2,0.00771033761772,2,242
Bin 3,0.3625,800,0.178749993443489,-0.1837500065565109,0.2,0.0135546203566066,2,242
Bin 4,0.3625,800,0.2275000065565109,-0.1349999934434891,0.2,0.0148308669690226,2,242
Bin 5,0.3625,800,0.3162499964237213,-0.0462500035762787,0.2,0.0164509338738646,2,242
Overall,0.375,4000,0.1567499935626983,-0.2182500064373016,0.2,0.005749184545464,2,242
Bin 1,0.375,800,0.0012499999720603,-0.3737500000279397,0.2,0.0012499999259236,2,242
Bin 2,0.375,800,0.0512499995529651,-0.3237500004470348,0.2,0.0078009849521548,2,242
Bin 3,0.375,800,0.178749993443489,-0.1962500065565109,0.2,0.0135546203566066,2,242
Bin 4,0.375,800,0.2312500029802322,-0.1437499970197677,0.2,0.0149162638598041,2,242
Bin 5,0.375,800,0.3212499916553497,-0.0537500083446502,0.2,0.016519735443045,2,242
Overall,0.3875,4000,0.1589999943971634,-0.2285000056028366,0.2,0.0057825692631174,2,242
Bin 1,0.3875,800,0.0012499999720603,-0.3862500000279397,0.2,0.0012499999259236,2,242
Bin 2,0.3875,800,0.0512499995529651,-0.3362500004470348,0.2,0.0078009849521548,2,242
Bin 3,0.3875,800,0.178749993443489,-0.2087500065565109,0.2,0.0135546203566066,2,242
Bin 4,0.3875,800,0.2387499958276748,-0.1487500041723251,0.2,0.0150821053866672,2,242
Bin 5,0.3875,800,0.324999988079071,-0.0625000119209289,0.2,0.0165699112661973,2,242
Overall,0.4,4000,0.1627500057220459,-0.2372499942779541,0.2,0.0058373052530944,2,242
Bin 1,0.4,800,0.0012499999720603,-0.3987500000279397,0.2,0.0012499999259236,2,242
Bin 2,0.4,800,0.0512499995529651,-0.3487500004470348,0.2,0.0078009849521548,2,242
Bin 3,0.4,800,0.1812500059604644,-0.2187499940395355,0.2,0.0136282877794476,2,242
Bin 4,0.4,800,0.2437500059604644,-0.1562499940395355,0.2,0.0151890856785712,2,242
Bin 5,0.4,800,0.3362500071525574,-0.0637499928474426,0.2,0.0167132158194904,2,242
Overall,0.4125,4000,0.1657499969005584,-0.2467500030994415,0.2,0.0058802952395577,2,242
Bin 1,0.4125,800,0.0012499999720603,-0.4112500000279397,0.2,0.0012499999259236,2,242
Bin 2,0.4125,800,0.0512499995529651,-0.3612500004470348,0.2,0.0078009849521548,2,242
Bin 3,0.4125,800,0.1825000047683715,-0.2299999952316284,0.2,0.0136647574474641,2,242
Bin 4,0.4125,800,0.2475000023841858,-0.1649999976158142,0.2,0.0152674830314863,2,242
Bin 5,0.4125,800,0.3462499976158142,-0.0662500023841858,0.2,0.0168316748055863,2,242
Overall,0.425,4000,0.1692499965429306,-0.2557500034570694,0.2,0.0059295783169234,2,242
Bin 1,0.425,800,0.0012499999720603,-0.4237500000279397,0.2,0.0012499999259236,2,242
Bin 2,0.425,800,0.0512499995529651,-0.3737500004470349,0.2,0.0078009849521548,2,242
Bin 3,0.425,800,0.1837500035762787,-0.2412499964237213,0.2,0.0137009879321153,2,242
Bin 4,0.425,800,0.2512499988079071,-0.1737500011920929,0.2,0.0153443346487323,2,242
Bin 5,0.425,800,0.3587499856948852,-0.0662500143051147,0.2,0.016968217950707,2,242
Overall,0.4375,4000,0.1720000058412552,-0.2654999941587448,0.2,0.0059676544619841,2,242
Bin 1,0.4375,800,0.0012499999720603,-0.4362500000279397,0.2,0.0012499999259236,2,242
Bin 2,0.4375,800,0.0512499995529651,-0.3862500004470348,0.2,0.0078009849521548,2,242
Bin 3,0.4375,800,0.1850000023841858,-0.2524999976158142,0.2,0.0137369802870723,2,242
Bin 4,0.4375,800,0.2549999952316284,-0.1825000047683715,0.2,0.0154196605500622,2,242
Bin 5,0.4375,800,0.3675000071525574,-0.0699999928474426,0.2,0.0170563290985327,2,242
Overall,0.45,4000,0.1747500002384185,-0.2752499997615814,0.2,0.006005175514489,2,242
Bin 1,0.45,800,0.0012499999720603,-0.4487500000279397,0.2,0.0012499999259236,2,242
Bin 2,0.45,800,0.0524999983608722,-0.3975000016391277,0.2,0.0078903425930252,2,242
Bin 3,0.45,800,0.1875,-0.2625,0.2,0.013808259037274,2,242
Bin 4,0.45,800,0.2587499916553497,-0.1912500083446502,0.2,0.0154934849699139,2,242
Bin 5,0.45,800,0.3737500011920929,-0.0762499988079071,0.2,0.0171155591184163,2,242
Overall,0.4625,4000,0.1759999990463256,-0.2865000009536743,0.2,0.0060220488202948,2,242
Bin 1,0.4625,800,0.0012499999720603,-0.4612500000279397,0.2,0.0012499999259236,2,242
Bin 2,0.4625,800,0.0524999983608722,-0.4100000016391277,0.2,0.0078903425930252,2,242
Bin 3,0.4625,800,0.1875,-0.275,0.2,0.013808259037274,2,242
Bin 4,0.4625,800,0.2612499892711639,-0.201250010728836,0.2,0.0155418779813741,2,242
Bin 5,0.4625,800,0.3774999976158142,-0.0850000023841858,0.2,0.0171496295770813,2,242
Overall,0.475,4000,0.178749993443489,-0.2962500065565109,0.2,0.0060587777585498,2,242
Bin 1,0.475,800,0.0012499999720603,-0.4737500000279397,0.2,0.0012499999259236,2,242
Bin 2,0.475,800,0.0524999983608722,-0.4225000016391277,0.2,0.0078903425930252,2,242
Bin 3,0.475,800,0.1887499988079071,-0.2862500011920929,0.2,0.0138435496472034,2,242
Bin 4,0.475,800,0.2712500095367431,-0.2037499904632568,0.2,0.0157289868079958,2,242
Bin 5,0.475,800,0.3799999952316284,-0.0950000047683716,0.2,0.0171717387601389,2,242
Overall,0.4875,4000,0.1825000047683715,-0.3049999952316284,0.2,0.0061080080597133,2,242
Bin 1,0.4875,800,0.0012499999720603,-0.4862500000279397,0.2,0.0012499999259236,2,242
Bin 2,0.4875,800,0.0524999983608722,-0.4350000016391278,0.2,0.0078903425930252,2,242
Bin 3,0.4875,800,0.1887499988079071,-0.2987500011920929,0.2,0.0138435496472034,2,242
Bin 4,0.4875,800,0.2787500023841858,-0.2087499976158142,0.2,0.0158626945238829,2,242
Bin 5,0.4875,800,0.3912500143051147,-0.0962499856948853,0.2,0.0172652668316694,2,242
Overall,0.5,4000,0.184249997138977,-0.3157500028610229,0.2,0.0061306504641278,2,242
Bin 1,0.5,800,0.0012499999720603,-0.4987500000279397,0.2,0.0012499999259236,2,242
Bin 2,0.5,800,0.0524999983608722,-0.4475000016391277,0.2,0.0078903425930252,2,242
Bin 3,0.5,800,0.1912499964237213,-0.3087500035762787,0.2,0.0139134386050753,2,242
Bin 4,0.5,800,0.2800000011920929,-0.2199999988079071,0.2,0.0158844380830297,2,242
Bin 5,0.5,800,0.3962500095367431,-0.1037499904632568,0.2,0.0173037342603053,2,242
Overall,0.5125000000000001,4000,0.186499997973442,-0.326000002026558,0.2,0.006159457788668,2,242
Bin 1,0.5125000000000001,800,0.0012499999720603,-0.5112500000279397,0.2,0.0012499999259236,2,242
Bin 2,0.5125000000000001,800,0.0524999983608722,-0.4600000016391278,0.2,0.0078903425930252,2,242
Bin 3,0.5125000000000001,800,0.1924999952316284,-0.3200000047683716,0.2,0.0139480411677028,2,242
Bin 4,0.5125000000000001,800,0.2824999988079071,-0.2300000011920929,0.2,0.0159274700153593,2,242
Bin 5,0.5125000000000001,800,0.4037500023841858,-0.1087499976158142,0.2,0.0173578961216554,2,242
Overall,0.525,4000,0.1885000020265579,-0.3364999979734421,0.2,0.006184779527779,2,242
Bin 1,0.525,800,0.0012499999720603,-0.5237500000279397,0.2,0.0012499999259236,2,242
Bin 2,0.525,800,0.0524999983608722,-0.4725000016391277,0.2,0.0078903425930252,2,242
Bin 3,0.525,800,0.1949999928474426,-0.3300000071525574,0.2,0.0140165729970527,2,242
Bin 4,0.525,800,0.2849999964237213,-0.2400000035762787,0.2,0.0159698950330704,2,242
Bin 5,0.525,800,0.4087499976158142,-0.1162500023841858,0.2,0.0173916620693399,2,242
Overall,0.5375,4000,0.1909999996423721,-0.3465000003576278,0.2,0.0062160607367997,2,242
Bin 1,0.5375,800,0.0012499999720603,-0.5362500000279397,0.2,0.0012499999259236,2,242
Bin 2,0.5375,800,0.0524999983608722,-0.4850000016391277,0.2,0.0078903425930252,2,242
Bin 3,0.5375,800,0.1962500065565109,-0.341249993443489,0.2,0.0140505054247888,2,242
Bin 4,0.5375,800,0.2899999916553497,-0.2475000083446502,0.2,0.0160529475054035,2,242
Bin 5,0.5375,800,0.4149999916553497,-0.1225000083446502,0.2,0.0174312537651598,2,242
Overall,0.55,4000,0.1934999972581863,-0.3565000027418137,0.2,0.0062469343439012,2,242
Bin 1,0.55,800,0.0012499999720603,-0.5487500000279397,0.2,0.0012499999259236,2,242
Bin 2,0.55,800,0.0524999983608722,-0.4975000016391278,0.2,0.0078903425930252,2,242
Bin 3,0.55,800,0.1962500065565109,-0.3537499934434891,0.2,0.0140505054247888,2,242
Bin 4,0.55,800,0.293749988079071,-0.256250011920929,0.2,0.016113682167779,2,242
Bin 5,0.55,800,0.4237500131130218,-0.1262499868869782,0.2,0.0174818299833729,2,242
Overall,0.5625,4000,0.1965000033378601,-0.3659999966621399,0.2,0.0062834554758598,2,242
Bin 1,0.5625,800,0.0012499999720603,-0.5612500000279397,0.2,0.0012499999259236,2,242
Bin 2,0.5625,800,0.0524999983608722,-0.5100000016391277,0.2,0.0078903425930252,2,242
Bin 3,0.5625,800,0.1987500041723251,-0.3637499958276748,0.2,0.0141177085747394,2,242
Bin 4,0.5625,800,0.3000000119209289,-0.262499988079071,0.2,0.0162119875845882,2,242
Bin 5,0.5625,800,0.4300000071525574,-0.1324999928474426,0.2,0.0175145211864204,2,242
Overall,0.5750000000000001,4000,0.1977500021457672,-0.3772499978542328,0.2,0.0062985042329592,2,242
Bin 1,0.5750000000000001,800,0.0012499999720603,-0.5737500000279397,0.2,0.0012499999259236,2,242
Bin 2,0.5750000000000001,800,0.0524999983608722,-0.5225000016391278,0.2,0.0078903425930252,2,242
Bin 3,0.5750000000000001,800,0.1987500041723251,-0.3762499958276749,0.2,0.0141177085747394,2,242
Bin 4,0.5750000000000001,800,0.3025000095367431,-0.2724999904632569,0.2,0.0162503001235558,2,242
Bin 5,0.5750000000000001,800,0.4337500035762787,-0.1412499964237213,0.2,0.0175327665571408,2,242
Overall,0.5875,4000,0.2000000029802322,-0.3874999970197678,0.2,0.0063253461151815,2,242
Bin 1,0.5875,800,0.0012499999720603,-0.5862500000279397,0.2,0.0012499999259236,2,242
Bin 2,0.5875,800,0.0524999983608722,-0.5350000016391278,0.2,0.0078903425930252,2,242
Bin 3,0.5875,800,0.1987500041723251,-0.3887499958276749,0.2,0.0141177085747394,2,242
Bin 4,0.5875,800,0.3050000071525574,-0.2824999928474426,0.2,0.0162880447337397,2,242
Bin 5,0.5875,800,0.4424999952316284,-0.1450000047683716,0.2,0.0175713730703767,2,242
Overall,0.6000000000000001,4000,0.202000007033348,-0.397999992966652,0.2,0.0063489427321814,2,242
Bin 1,0.6000000000000001,800,0.0012499999720603,-0.5987500000279398,0.2,0.0012499999259236,2,242
Bin 2,0.6000000000000001,800,0.0524999983608722,-0.5475000016391278,0.2,0.0078903425930252,2,242
Bin 3,0.6000000000000001,800,0.1987500041723251,-0.4012499958276749,0.2,0.0141177085747394,2,242
Bin 4,0.6000000000000001,800,0.3050000071525574,-0.2949999928474427,0.2,0.0162880447337397,2,242
Bin 5,0.6000000000000001,800,0.4524999856948852,-0.1475000143051148,0.2,0.0176087278222119,2,242
Overall,0.6125,4000,0.2035000026226043,-0.4089999973773957,0.2,0.0063664804526763,2,242
Bin 1,0.6125,800,0.0012499999720603,-0.6112500000279397,0.2,0.0012499999259236,2,242
Bin 2,0.6125,800,0.0524999983608722,-0.5600000016391278,0.2,0.0078903425930252,2,242
Bin 3,0.6125,800,0.2000000029802322,-0.4124999970197678,0.2,0.0141509824579676,2,242
Bin 4,0.6125,800,0.3062500059604645,-0.3062499940395355,0.2,0.0163067031435755,2,242
Bin 5,0.6125,800,0.457500010728836,-0.1549999892711639,0.2,0.0176247120145097,2,242
Overall,0.625,4000,0.2055000066757202,-0.4194999933242798,0.2,0.0063896520327616,2,242
Bin 1,0.625,800,0.0012499999720603,-0.6237500000279397,0.2,0.0012499999259236,2,242
Bin 2,0.625,800,0.0524999983608722,-0.5725000016391277,0.2,0.0078903425930252,2,242
Bin 3,0.625,800,0.2012500017881393,-0.4237499982118606,0.2,0.0141840413922683,2,242
Bin 4,0.625,800,0.3087500035762787,-0.3162499964237213,0.2,0.0163435974410907,2,242
Bin 5,0.625,800,0.4637500047683716,-0.1612499952316284,0.2,0.017642179775875,2,242
Overall,0.6375000000000001,4000,0.2090000063180923,-0.4284999936819077,0.2,0.006429625765023,2,242
Bin 1,0.6375000000000001,800,0.0012499999720603,-0.6362500000279397,0.2,0.0012499999259236,2,242
Bin 2,0.6375000000000001,800,0.0524999983608722,-0.5850000016391278,0.2,0.0078903425930252,2,242
Bin 3,0.6375000000000001,800,0.2012500017881393,-0.4362499982118607,0.2,0.0141840413922683,2,242
Bin 4,0.6375000000000001,800,0.3137499988079071,-0.3237500011920929,0.2,0.0164157075378792,2,242
Bin 5,0.6375000000000001,800,0.4762499928474426,-0.1612500071525574,0.2,0.0176687617932309,2,242
Overall,0.65,4000,0.2102500051259994,-0.4397499948740005,0.2,0.0064437264353462,2,242
Bin 1,0.65,800,0.0012499999720603,-0.6487500000279397,0.2,0.0012499999259236,2,242
Bin 2,0.65,800,0.0524999983608722,-0.5975000016391278,0.2,0.0078903425930252,2,242
Bin 3,0.65,800,0.2012500017881393,-0.4487499982118607,0.2,0.0141840413922683,2,242
Bin 4,0.65,800,0.3162499964237213,-0.3337500035762787,0.2,0.0164509328201934,2,242
Bin 5,0.65,800,0.4799999892711639,-0.170000010728836,0.2,0.0176745717362981,2,242
Overall,0.6625000000000001,4000,0.2112500071525573,-0.4512499928474427,0.2,0.0064549418495409,2,242
Bin 1,0.6625000000000001,800,0.0012499999720603,-0.6612500000279398,0.2,0.0012499999259236,2,242
Bin 2,0.6625000000000001,800,0.0524999983608722,-0.6100000016391278,0.2,0.0078903425930252,2,242
Bin 3,0.6625000000000001,800,0.2025000005960464,-0.4599999994039536,0.2,0.0142168864313129,2,242
Bin 4,0.6625000000000001,800,0.3174999952316284,-0.3450000047683716,0.2,0.0164683384149572,2,242
Bin 5,0.6625000000000001,800,0.4824999868869781,-0.1800000131130219,0.2,0.0176778908006183,2,242
Overall,0.675,4000,0.2134999930858612,-0.4615000069141388,0.2,0.0064799643664338,2,242
Bin 1,0.675,800,0.0012499999720603,-0.6737500000279397,0.2,0.0012499999259236,2,242
Bin 2,0.675,800,0.0524999983608722,-0.6225000016391278,0.2,0.0078903425930252,2,242
Bin 3,0.675,800,0.2025000005960464,-0.4724999994039536,0.2,0.0142168864313129,2,242
Bin 4,0.675,800,0.3199999928474426,-0.3550000071525574,0.2,0.016502739726383,2,242
Bin 5,0.675,800,0.4912500083446502,-0.1837499916553497,0.2,0.0176860188203536,2,242
Overall,0.6875,4000,0.2142499983310699,-0.47325000166893,0.2,0.0064882398634334,2,242
Bin 1,0.6875,800,0.0012499999720603,-0.6862500000279397,0.2,0.0012499999259236,2,242
Bin 2,0.6875,800,0.0524999983608722,-0.6350000016391277,0.2,0.0078903425930252,2,242
Bin 3,0.6875,800,0.2025000005960464,-0.4849999994039535,0.2,0.0142168864313129,2,242
Bin 4,0.6875,800,0.3212499916553497,-0.3662500083446502,0.2,0.016519735443045,2,242
Bin 5,0.6875,800,0.4937500059604645,-0.1937499940395355,0.2,0.0176873464460817,2,242
Overall,0.7000000000000001,4000,0.2169999927282333,-0.4830000072717667,0.2,0.0065183105183149,2,242
Bin 1,0.7000000000000001,800,0.0012499999720603,-0.6987500000279397,0.2,0.0012499999259236,2,242
Bin 2,0.7000000000000001,800,0.0524999983608722,-0.6475000016391278,0.2,0.0078903425930252,2,242
Bin 3,0.7000000000000001,800,0.2025000005960464,-0.4974999994039536,0.2,0.0142168864313129,2,242
Bin 4,0.7000000000000001,800,0.3237499892711639,-0.3762500107288361,0.2,0.0165533201592809,2,242
Bin 5,0.7000000000000001,800,0.5049999952316284,-0.1950000047683716,0.2,0.0176878437788942,2,242
Overall,0.7125,4000,0.2189999967813491,-0.4935000032186508,0.2,0.0065399115351671,2,242
Bin 1,0.7125,800,0.0012499999720603,-0.7112500000279397,0.2,0.0012499999259236,2,242
Bin 2,0.7125,800,0.0524999983608722,-0.6600000016391278,0.2,0.0078903425930252,2,242
Bin 3,0.7125,800,0.2025000005960464,-0.5099999994039536,0.2,0.0142168864313129,2,242
Bin 4,0.7125,800,0.3262499868869781,-0.3862500131130219,0.2,0.0165863675031983,2,242
Bin 5,0.7125,800,0.512499988079071,-0.2000000119209289,0.2,0.0176831991961883,2,242
Overall,0.7250000000000001,4000,0.2205000072717666,-0.5044999927282334,0.2,0.0065559649249737,2,242
Bin 1,0.7250000000000001,800,0.0012499999720603,-0.7237500000279398,0.2,0.0012499999259236,2,242
Bin 2,0.7250000000000001,800,0.0524999983608722,-0.6725000016391278,0.2,0.0078903425930252,2,242
Bin 3,0.7250000000000001,800,0.2025000005960464,-0.5224999994039536,0.2,0.0142168864313129,2,242
Bin 4,0.7250000000000001,800,0.3300000131130218,-0.3949999868869782,0.2,0.0166349301557238,2,242
Bin 5,0.7250000000000001,800,0.5162500143051147,-0.2087499856948853,0.2,0.0176793827990556,2,242
Overall,0.7375,4000,0.2212499976158142,-0.5162500023841858,0.2,0.0065639454407,2,242
Bin 1,0.7375,800,0.0012499999720603,-0.7362500000279397,0.2,0.0012499999259236,2,242
Bin 2,0.7375,800,0.0524999983608722,-0.6850000016391278,0.2,0.0078903425930252,2,242
Bin 3,0.7375,800,0.2025000005960464,-0.5349999994039536,0.2,0.0142168864313129,2,242
Bin 4,0.7375,800,0.3300000131130218,-0.4074999868869782,0.2,0.0166349301557238,2,242
Bin 5,0.7375,800,0.5199999809265137,-0.2175000190734863,0.2,0.0176745727899693,2,242
Overall,0.75,4000,0.2227499932050705,-0.5272500067949295,0.2,0.0065798122289343,2,242
Bin 1,0.75,800,0.0012499999720603,-0.7487500000279397,0.2,0.0012499999259236,2,242
Bin 2,0.75,800,0.0524999983608722,-0.6975000016391277,0.2,0.0078903425930252,2,242
Bin 3,0.75,800,0.2025000005960464,-0.5474999994039536,0.2,0.0142168864313129,2,242
Bin 4,0.75,800,0.3350000083446502,-0.4149999916553497,0.2,0.0166978216830718,2,242
Bin 5,0.75,800,0.5224999785423279,-0.2275000214576721,0.2,0.0176708090763973,2,242
Overall,0.7625000000000001,4000,0.22325000166893,-0.53924999833107,0.2,0.0065850733565963,2,242
Bin 1,0.7625000000000001,800,0.0012499999720603,-0.7612500000279397,0.2,0.0012499999259236,2,242
Bin 2,0.7625000000000001,800,0.0524999983608722,-0.7100000016391278,0.2,0.0078903425930252,2,242
Bin 3,0.7625000000000001,800,0.2025000005960464,-0.5599999994039536,0.2,0.0142168864313129,2,242
Bin 4,0.7625000000000001,800,0.3362500071525574,-0.4262499928474427,0.2,0.0167132168731616,2,242
Bin 5,0.7625000000000001,800,0.5237500071525574,-0.2387499928474427,0.2,0.0176687617932309,2,242
Overall,0.775,4000,0.2245000004768371,-0.5504999995231629,0.2,0.0065981684517802,2,242
Bin 1,0.775,800,0.0012499999720603,-0.7737500000279397,0.2,0.0012499999259236,2,242
Bin 2,0.775,800,0.0524999983608722,-0.7225000016391278,0.2,0.0078903425930252,2,242
Bin 3,0.775,800,0.2025000005960464,-0.5724999994039536,0.2,0.0142168864313129,2,242
Bin 4,0.775,800,0.3375000059604645,-0.4374999940395355,0.2,0.0167284782470074,2,242
Bin 5,0.775,800,0.5287500023841858,-0.2462499976158142,0.2,0.0176594631447781,2,242
Overall,0.7875000000000001,4000,0.2257499992847442,-0.5617500007152558,0.2,0.0066111773144193,2,242
Bin 1,0.7875000000000001,800,0.0012499999720603,-0.7862500000279398,0.2,0.0012499999259236,2,242
Bin 2,0.7875000000000001,800,0.0524999983608722,-0.7350000016391278,0.2,0.0078903425930252,2,242
Bin 3,0.7875000000000001,800,0.2025000005960464,-0.5849999994039536,0.2,0.0142168864313129,2,242
Bin 4,0.7875000000000001,800,0.3375000059604645,-0.4499999940395356,0.2,0.0167284782470074,2,242
Bin 5,0.7875000000000001,800,0.5350000262260437,-0.2524999737739564,0.2,0.0176453376284997,2,242
Overall,0.8,4000,0.226500004529953,-0.573499995470047,0.2,0.0066189410707435,2,242
Bin 1,0.8,800,0.0012499999720603,-0.7987500000279397,0.2,0.0012499999259236,2,242
Bin 2,0.8,800,0.0524999983608722,-0.7475000016391278,0.2,0.0078903425930252,2,242
Bin 3,0.8,800,0.2025000005960464,-0.5974999994039536,0.2,0.0142168864313129,2,242
Bin 4,0.8,800,0.3375000059604645,-0.4624999940395355,0.2,0.0167284782470074,2,242
Bin 5,0.8,800,0.5387499928474426,-0.2612500071525574,0.2,0.0176355268958376,2,242
Overall,0.8125,4000,0.2275000065565109,-0.5849999934434891,0.2,0.0066292470378815,2,242
Bin 1,0.8125,800,0.0012499999720603,-0.8112500000279397,0.2,0.0012499999259236,2,242
Bin 2,0.8125,800,0.0524999983608722,-0.7600000016391277,0.2,0.0078903425930252,2,242
Bin 3,0.8125,800,0.2025000005960464,-0.6099999994039536,0.2,0.0142168864313129,2,242
Bin 4,0.8125,800,0.3387500047683716,-0.4737499952316284,0.2,0.016743610019294,2,242
Bin 5,0.8125,800,0.5425000190734863,-0.2699999809265136,0.2,0.0176247120145097,2,242
Overall,0.8250000000000001,4000,0.2275000065565109,-0.5974999934434891,0.2,0.0066292470378815,2,242
Bin 1,0.8250000000000001,800,0.0012499999720603,-0.8237500000279397,0.2,0.0012499999259236,2,242
Bin 2,0.8250000000000001,800,0.0524999983608722,-0.7725000016391278,0.2,0.0078903425930252,2,242
Bin 3,0.8250000000000001,800,0.2025000005960464,-0.6224999994039536,0.2,0.0142168864313129,2,242
Bin 4,0.8250000000000001,800,0.3387500047683716,-0.4862499952316285,0.2,0.016743610019294,2,242
Bin 5,0.8250000000000001,800,0.5425000190734863,-0.2824999809265137,0.2,0.0176247120145097,2,242
Overall,0.8375,4000,0.2290000021457672,-0.6084999978542328,0.2,0.0066446063263852,2,242
Bin 1,0.8375,800,0.0012499999720603,-0.8362500000279397,0.2,0.0012499999259236,2,242
Bin 2,0.8375,800,0.0524999983608722,-0.7850000016391278,0.2,0.0078903425930252,2,242
Bin 3,0.8375,800,0.2025000005960464,-0.6349999994039536,0.2,0.0142168864313129,2,242
Bin 4,0.8375,800,0.3387500047683716,-0.4987499952316284,0.2,0.016743610019294,2,242
Bin 5,0.8375,800,0.550000011920929,-0.287499988079071,0.2,0.0176000613764869,2,242
Overall,0.8500000000000001,4000,0.2294999957084655,-0.6205000042915345,0.2,0.0066496987586865,2,242
Bin 1,0.8500000000000001,800,0.0012499999720603,-0.8487500000279398,0.2,0.0012499999259236,2,242
Bin 2,0.8500000000000001,800,0.0524999983608722,-0.7975000016391278,0.2,0.0078903425930252,2,242
Bin 3,0.8500000000000001,800,0.2025000005960464,-0.6474999994039536,0.2,0.0142168864313129,2,242
Bin 4,0.8500000000000001,800,0.3387500047683716,-0.5112499952316285,0.2,0.016743610019294,2,242
Bin 5,0.8500000000000001,800,0.5525000095367432,-0.2974999904632569,0.2,0.01759095028151,2,242
Overall,0.8625,4000,0.2300000041723251,-0.6324999958276749,0.2,0.0066547779969372,2,242
Bin 1,0.8625,800,0.0012499999720603,-0.8612500000279397,0.2,0.0012499999259236,2,242
Bin 2,0.8625,800,0.0524999983608722,-0.8100000016391278,0.2,0.0078903425930252,2,242
Bin 3,0.8625,800,0.2025000005960464,-0.6599999994039536,0.2,0.0142168864313129,2,242
Bin 4,0.8625,800,0.3387500047683716,-0.5237499952316285,0.2,0.016743610019294,2,242
Bin 5,0.8625,800,0.5550000071525574,-0.3074999928474426,0.2,0.0175813850542405,2,242
Overall,0.875,4000,0.2304999977350235,-0.6445000022649765,0.2,0.0066598445123534,2,242
Bin 1,0.875,800,0.0012499999720603,-0.8737500000279397,0.2,0.0012499999259236,2,242
Bin 2,0.875,800,0.0524999983608722,-0.8225000016391277,0.2,0.0078903425930252,2,242
Bin 3,0.875,800,0.2025000005960464,-0.6724999994039536,0.2,0.0142168864313129,2,242
Bin 4,0.875,800,0.3400000035762787,-0.5349999964237213,0.2,0.0167586111363502,2,242
Bin 5,0.875,800,0.5562499761581421,-0.3187500238418579,0.2,0.0175764349068829,2,242
Overall,0.8875000000000001,4000,0.2314999997615814,-0.6560000002384186,0.2,0.0066699360761698,2,242
Bin 1,0.8875000000000001,800,0.0012499999720603,-0.8862500000279397,0.2,0.0012499999259236,2,242
Bin 2,0.8875000000000001,800,0.0524999983608722,-0.8350000016391278,0.2,0.0078903425930252,2,242
Bin 3,0.8875000000000001,800,0.2025000005960464,-0.6849999994039536,0.2,0.0142168864313129,2,242
Bin 4,0.8875000000000001,800,0.3400000035762787,-0.5474999964237214,0.2,0.0167586111363502,2,242
Bin 5,0.8875000000000001,800,0.5612499713897705,-0.3262500286102295,0.2,0.0175555047819124,2,242
Overall,0.9,4000,0.2322500050067901,-0.6677499949932099,0.2,0.0066774722351218,2,242
Bin 1,0.9,800,0.0012499999720603,-0.8987500000279397,0.2,0.0012499999259236,2,242
Bin 2,0.9,800,0.0524999983608722,-0.8475000016391278,0.2,0.0078903425930252,2,242
Bin 3,0.9,800,0.2025000005960464,-0.6974999994039536,0.2,0.0142168864313129,2,242
Bin 4,0.9,800,0.3400000035762787,-0.5599999964237213,0.2,0.0167586111363502,2,242
Bin 5,0.9,800,0.5649999976158142,-0.3350000023841858,0.2,0.0175386207543989,2,242
Overall,0.9125,4000,0.2327499985694885,-0.6797500014305116,0.2,0.0066824784348783,2,242
Bin 1,0.9125,800,0.0012499999720603,-0.9112500000279398,0.2,0.0012499999259236,2,242
Bin 2,0.9125,800,0.0524999983608722,-0.8600000016391278,0.2,0.0078903425930252,2,242
Bin 3,0.9125,800,0.2025000005960464,-0.7099999994039536,0.2,0.0142168864313129,2,242
Bin 4,0.9125,800,0.3412500023841858,-0.5712499976158143,0.2,0.0167734826518473,2,242
Bin 5,0.9125,800,0.5662500262260437,-0.3462499737739564,0.2,0.0175327665571408,2,242
Overall,0.925,4000,0.2327499985694885,-0.6922500014305115,0.2,0.0066824784348783,2,242
Bin 1,0.925,800,0.0012499999720603,-0.9237500000279396,0.2,0.0012499999259236,2,242
Bin 2,0.925,800,0.0524999983608722,-0.8725000016391278,0.2,0.0078903425930252,2,242
Bin 3,0.925,800,0.2025000005960464,-0.7224999994039536,0.2,0.0142168864313129,2,242
Bin 4,0.925,800,0.3412500023841858,-0.5837499976158143,0.2,0.0167734826518473,2,242
Bin 5,0.925,800,0.5662500262260437,-0.3587499737739563,0.2,0.0175327665571408,2,242
Overall,0.9375,4000,0.233250007033348,-0.7042499929666519,0.2,0.0066874719118003,2,242
Bin 1,0.9375,800,0.0012499999720603,-0.9362500000279396,0.2,0.0012499999259236,2,242
Bin 2,0.9375,800,0.0524999983608722,-0.8850000016391277,0.2,0.0078903425930252,2,242
Bin 3,0.9375,800,0.2025000005960464,-0.7349999994039536,0.2,0.0142168864313129,2,242
Bin 4,0.9375,800,0.3412500023841858,-0.5962499976158142,0.2,0.0167734826518473,2,242
Bin 5,0.9375,800,0.5687500238418579,-0.3687499761581421,0.2,0.0175207157194803,2,242
Overall,0.95,4000,0.2337500005960464,-0.7162499994039536,0.2,0.0066924536083201,2,242
Bin 1,0.95,800,0.0012499999720603,-0.9487500000279396,0.2,0.0012499999259236,2,242
Bin 2,0.95,800,0.0524999983608722,-0.8975000016391278,0.2,0.0078903425930252,2,242
Bin 3,0.95,800,0.2025000005960464,-0.7474999994039536,0.2,0.0142168864313129,2,242
Bin 4,0.95,800,0.3412500023841858,-0.6087499976158143,0.2,0.0167734826518473,2,242
Bin 5,0.95,800,0.5712500214576721,-0.3787499785423279,0.2,0.0175082107495271,2,242
Overall,0.9625,4000,0.2337500005960464,-0.7287499994039536,0.2,0.0066924536083201,2,242
Bin 1,0.9625,800,0.0012499999720603,-0.9612500000279396,0.2,0.0012499999259236,2,242
Bin 2,0.9625,800,0.0524999983608722,-0.9100000016391278,0.2,0.0078903425930252,2,242
Bin 3,0.9625,800,0.2025000005960464,-0.7599999994039536,0.2,0.0142168864313129,2,242
Bin 4,0.9625,800,0.3412500023841858,-0.6212499976158142,0.2,0.0167734826518473,2,242
Bin 5,0.9625,800,0.5712500214576721,-0.3912499785423279,0.2,0.0175082107495271,2,242
Overall,0.975,4000,0.2337500005960464,-0.7412499994039536,0.2,0.0066924536083201,2,242
Bin 1,0.975,800,0.0012499999720603,-0.9737500000279398,0.2,0.0012499999259236,2,242
Bin 2,0.975,800,0.0524999983608722,-0.9225000016391278,0.2,0.0078903425930252,2,242
Bin 3,0.975,800,0.2025000005960464,-0.7724999994039536,0.2,0.0142168864313129,2,242
Bin 4,0.975,800,0.3412500023841858,-0.6337499976158143,0.2,0.0167734826518473,2,242
Bin 5,0.975,800,0.5712500214576721,-0.4037499785423279,0.2,0.0175082107495271,2,242
Overall,0.9875,4000,0.2337500005960464,-0.7537499994039536,0.2,0.0066924536083201,2,242
Bin 1,0.9875,800,0.0012499999720603,-0.9862500000279396,0.2,0.0012499999259236,2,242
Bin 2,0.9875,800,0.0524999983608722,-0.9350000016391278,0.2,0.0078903425930252,2,242
Bin 3,0.9875,800,0.2025000005960464,-0.7849999994039536,0.2,0.0142168864313129,2,242
Bin 4,0.9875,800,0.3412500023841858,-0.6462499976158143,0.2,0.0167734826518473,2,242
Bin 5,0.9875,800,0.5712500214576721,-0.4162499785423279,0.2,0.0175082107495271,2,242
Overall,1.0,4000,0.2337500005960464,-0.7662499994039536,0.2,0.0066924536083201,2,242
Bin 1,1.0,800,0.0012499999720603,-0.9987500000279396,0.2,0.0012499999259236,2,242
Bin 2,1.0,800,0.0524999983608722,-0.9475000016391276,0.2,0.0078903425930252,2,242
Bin 3,1.0,800,0.2025000005960464,-0.7974999994039536,0.2,0.0142168864313129,2,242
Bin 4,1.0,800,0.3412500023841858,-0.6587499976158142,0.2,0.0167734826518473,2,242
Bin 5,1.0,800,0.5712500214576721,-0.4287499785423279,0.2,0.0175082107495271,2,242
Overall,0.0,4000,0.0002500000118743,0.0002500000118743,0.175,0.0002500000159901,3,342
Bin 1,0.0,800,0.0,0.0,0.175,0.0,3,342
Bin 2,0.0,800,0.0,0.0,0.175,0.0,3,342
Bin 3,0.0,800,0.0012499999720603,0.0012499999720603,0.175,0.0012499999259236,3,342
Bin 4,0.0,800,0.0,0.0,0.175,0.0,3,342
Bin 5,0.0,800,0.0,0.0,0.175,0.0,3,342
Overall,0.0125,4000,0.0077499998733401,-0.0047500001266598,0.175,0.0013867103821152,3,342
Bin 1,0.0125,800,0.0012499999720603,-0.0112500000279396,0.175,0.0012499999259236,3,342
Bin 2,0.0125,800,0.0074999998323619,-0.005000000167638,0.175,0.0030522671300426,3,342
Bin 3,0.0125,800,0.0074999998323619,-0.005000000167638,0.175,0.0030522671300426,3,342
Bin 4,0.0125,800,0.0137499999254941,0.0012499999254941,0.175,0.0041197556602636,3,342
Bin 5,0.0125,800,0.0087500000372529,-0.003749999962747,0.175,0.0032947482228201,3,342
Overall,0.025,4000,0.0170000009238719,-0.007999999076128,0.175,0.0020442103284535,3,342
Bin 1,0.025,800,0.0024999999441206,-0.0225000000558793,0.175,0.0017666603611169,3,342
Bin 2,0.025,800,0.0112500004470348,-0.0137499995529651,0.175,0.0037311788391504,3,342
Bin 3,0.025,800,0.0199999995529651,-0.0050000004470348,0.175,0.0049528442290735,3,342
Bin 4,0.025,800,0.0262499991804361,0.0012499991804361,0.175,0.0056560733526831,3,342
Bin 5,0.025,800,0.025000000372529,3.725290284584125e-10,0.175,0.0055233039310109,3,342
Overall,0.0375,4000,0.0225000008940696,-0.0149999991059303,0.175,0.0023451677998377,3,342
Bin 1,0.0375,800,0.0024999999441206,-0.0350000000558793,0.175,0.0017666603611169,3,342
Bin 2,0.0375,800,0.0149999996647238,-0.0225000003352761,0.175,0.004300216875204,3,342
Bin 3,0.0375,800,0.0237499997019767,-0.0137500002980232,0.175,0.0053868998704903,3,342
Bin 4,0.0375,800,0.0324999988079071,-0.0050000011920929,0.175,0.0062732670607562,3,342
Bin 5,0.0375,800,0.0387500002980232,0.0012500002980232,0.175,0.0068277973612989,3,342
Overall,0.05,4000,0.03125,-0.01875,0.175,0.0027514090825543,3,342
Bin 1,0.05,800,0.0062500000931322,-0.0437499999068677,0.175,0.0027880793566108,3,342
Bin 2,0.05,800,0.0149999996647238,-0.0350000003352761,0.175,0.004300216875204,3,342
Bin 3,0.05,800,0.0262499991804361,-0.0237500008195638,0.175,0.0056560733526831,3,342
Bin 4,0.05,800,0.0487499982118606,-0.0012500017881393,0.175,0.0076183558086942,3,342
Bin 5,0.05,800,0.0599999986588954,0.0099999986588954,0.175,0.0084016808032139,3,342
Overall,0.0625,4000,0.0392500013113021,-0.0232499986886978,0.175,0.0030707842704844,3,342
Bin 1,0.0625,800,0.0062500000931322,-0.0562499999068677,0.175,0.0027880793566108,3,342
Bin 2,0.0625,800,0.0199999995529651,-0.0425000004470348,0.175,0.0049528442290735,3,342
Bin 3,0.0625,800,0.0362499989569187,-0.0262500010430812,0.175,0.0066124559413666,3,342
Bin 4,0.0625,800,0.0575000010430812,-0.0049999989569187,0.175,0.0082357133626409,3,342
Bin 5,0.0625,800,0.0762500017881393,0.0137500017881393,0.175,0.0093890955896203,3,342
Overall,0.075,4000,0.0469999983906745,-0.0280000016093254,0.175,0.0033467222878803,3,342
Bin 1,0.075,800,0.0062500000931322,-0.0687499999068677,0.175,0.0027880793566108,3,342
Bin 2,0.075,800,0.0212500002235174,-0.0537499997764825,0.175,0.0051020182578574,3,342
Bin 3,0.075,800,0.0425000004470348,-0.0324999995529651,0.175,0.0071365851932427,3,342
Bin 4,0.075,800,0.0712499991059303,-0.0037500008940696,0.175,0.0091005677477557,3,342
Bin 5,0.075,800,0.09375,0.0187499999999999,0.175,0.0103118418321784,3,342
Overall,0.0875,4000,0.0547499991953372,-0.0327500008046627,0.175,0.0035974080705386,3,342
Bin 1,0.0875,800,0.0062500000931322,-0.0812499999068677,0.175,0.0027880793566108,3,342
Bin 2,0.0875,800,0.0237499997019767,-0.0637500002980232,0.175,0.0053868998704903,3,342
Bin 3,0.0875,800,0.0562499985098838,-0.0312500014901161,0.175,0.0081511025105841,3,342
Bin 4,0.0875,800,0.0799999982118606,-0.0075000017881393,0.175,0.0095976634841613,3,342
Bin 5,0.0875,800,0.1075000017881393,0.0200000017881393,0.175,0.0109580931581217,3,342
Overall,0.1,4000,0.0632499977946281,-0.0367500022053718,0.175,0.0038491637493328,3,342
Bin 1,0.1,800,0.0062500000931322,-0.0937499999068677,0.175,0.0027880793566108,3,342
Bin 2,0.1,800,0.03125,-0.06875,0.175,0.0061554170966212,3,342
Bin 3,0.1,800,0.0625,-0.0375,0.175,0.0085635189063041,3,342
Bin 4,0.1,800,0.0900000035762786,-0.0099999964237213,0.175,0.0101243821330429,3,342
Bin 5,0.1,800,0.1262499988079071,0.0262499988079071,0.175,0.011749946040602,3,342
Overall,0.1125,4000,0.0694999992847442,-0.0430000007152557,0.175,0.0040213779162673,3,342
Bin 1,0.1125,800,0.0062500000931322,-0.1062499999068677,0.175,0.0027880793566108,3,342
Bin 2,0.1125,800,0.0324999988079071,-0.0800000011920929,0.175,0.0062732670607562,3,342
Bin 3,0.1125,800,0.0724999979138374,-0.0400000020861625,0.175,0.0091738695466858,3,342
Bin 4,0.1125,800,0.1000000014901161,-0.0124999985098838,0.175,0.0106132371068935,3,342
Bin 5,0.1125,800,0.1362500041723251,0.0237500041723251,0.175,0.0121363715285165,3,342
Overall,0.125,4000,0.0782499983906745,-0.0467500016093254,0.175,0.0042469099483513,3,342
Bin 1,0.125,800,0.0062500000931322,-0.1187499999068677,0.175,0.0027880793566108,3,342
Bin 2,0.125,800,0.0337500013411045,-0.0912499986588954,0.175,0.0063886377365275,3,342
Bin 3,0.125,800,0.0812499970197677,-0.0437500029802322,0.175,0.0096657822743959,3,342
Bin 4,0.125,800,0.1174999997019767,-0.0075000002980232,0.175,0.0113920760962248,3,342
Bin 5,0.125,800,0.1525000035762787,0.0275000035762786,0.175,0.0127183678765626,3,342
Overall,0.1375,4000,0.0850000008940696,-0.0524999991059303,0.175,0.0044100576820764,3,342
Bin 1,0.1375,800,0.0062500000931322,-0.1312499999068677,0.175,0.0027880793566108,3,342
Bin 2,0.1375,800,0.0362499989569187,-0.1012500010430813,0.175,0.0066124559413666,3,342
Bin 3,0.1375,800,0.0874999985098838,-0.0500000014901161,0.175,0.0099964801455381,3,342
Bin 4,0.1375,800,0.1324999928474426,-0.0050000071525573,0.175,0.0119941448808741,3,342
Bin 5,0.1375,800,0.1624999940395355,0.0249999940395355,0.175,0.0130510571862969,3,342
Overall,0.15,4000,0.0912500023841857,-0.0587499976158142,0.175,0.0045536848179935,3,342
Bin 1,0.15,800,0.0062500000931322,-0.1437499999068677,0.175,0.0027880793566108,3,342
Bin 2,0.15,800,0.0362499989569187,-0.1137500010430813,0.175,0.0066124559413666,3,342
Bin 3,0.15,800,0.09375,-0.05625,0.175,0.0103118418321784,3,342
Bin 4,0.15,800,0.1437499970197677,-0.0062500029802322,0.175,0.012411686333373,3,342
Bin 5,0.15,800,0.1762499958276748,0.0262499958276748,0.175,0.0134799688048529,3,342
Overall,0.1625,4000,0.0965000018477439,-0.065999998152256,0.175,0.0046693028694296,3,342
Bin 1,0.1625,800,0.0062500000931322,-0.1562499999068677,0.175,0.0027880793566108,3,342
Bin 2,0.1625,800,0.0375000014901161,-0.1249999985098838,0.175,0.0067211347512655,3,342
Bin 3,0.1625,800,0.098750002682209,-0.0637499973177909,0.175,0.010554017623722,3,342
Bin 4,0.1625,800,0.15625,-0.00625,0.175,0.0128452783594561,3,342
Bin 5,0.1625,800,0.1837500035762787,0.0212500035762786,0.175,0.0137009879321153,3,342
Overall,0.175,4000,0.1030000001192092,-0.0719999998807907,0.175,0.0048066124112074,3,342
Bin 1,0.175,800,0.0062500000931322,-0.1687499999068677,0.175,0.0027880793566108,3,342
Bin 2,0.175,800,0.0387500002980232,-0.1362499997019768,0.175,0.0068277973612989,3,342
Bin 3,0.175,800,0.1062500029802322,-0.0687499970197677,0.175,0.0109018229006748,3,342
Bin 4,0.175,800,0.1612499952316284,-0.0137500047683715,0.175,0.0130104623954825,3,342
Bin 5,0.175,800,0.2025000005960464,0.0275000005960464,0.175,0.0142168864313129,3,342
Overall,0.1875,4000,0.1064999997615814,-0.0810000002384185,0.175,0.0048780511267651,3,342
Bin 1,0.1875,800,0.0074999998323619,-0.180000000167638,0.175,0.0030522671300426,3,342
Bin 2,0.1875,800,0.0399999991059303,-0.1475000008940696,0.175,0.0069325380750401,3,342
Bin 3,0.1875,800,0.1075000017881393,-0.0799999982118606,0.175,0.0109580931581217,3,342
Bin 4,0.1875,800,0.1675000041723251,-0.0199999958276748,0.175,0.013210708394785,3,342
Bin 5,0.1875,800,0.209999993443489,0.022499993443489,0.175,0.0144095301928152,3,342
Overall,0.2,4000,0.1102500036358833,-0.0897499963641166,0.175,0.0049527633805108,3,342
Bin 1,0.2,800,0.0074999998323619,-0.192500000167638,0.175,0.0030522671300426,3,342
Bin 2,0.2,800,0.0399999991059303,-0.1600000008940696,0.175,0.0069325380750401,3,342
Bin 3,0.2,800,0.1075000017881393,-0.0924999982118606,0.175,0.0109580931581217,3,342
Bin 4,0.2,800,0.1712500005960464,-0.0287499994039535,0.175,0.0133276532553482,3,342
Bin 5,0.2,800,0.2249999940395355,0.0249999940395355,0.175,0.0147730003996883,3,342
Overall,0.2125,4000,0.1147499978542327,-0.0977500021457672,0.175,0.0050400354279603,3,342
Bin 1,0.2125,800,0.0074999998323619,-0.205000000167638,0.175,0.0030522671300426,3,342
Bin 2,0.2125,800,0.0399999991059303,-0.1725000008940697,0.175,0.0069325380750401,3,342
Bin 3,0.2125,800,0.1124999970197677,-0.1000000029802322,0.175,0.0111785907181338,3,342
Bin 4,0.2125,800,0.1762499958276748,-0.0362500041723251,0.175,0.0134799677511817,3,342
Bin 5,0.2125,800,0.2374999970197677,0.0249999970197677,0.175,0.0150549164546929,3,342
Overall,0.225,4000,0.1192499995231628,-0.1057500004768371,0.175,0.0051248340621453,3,342
Bin 1,0.225,800,0.0074999998323619,-0.217500000167638,0.175,0.0030522671300426,3,342
Bin 2,0.225,800,0.0399999991059303,-0.1850000008940696,0.175,0.0069325380750401,3,342
Bin 3,0.225,800,0.1162500008940696,-0.1087499991059303,0.175,0.0113393409056967,3,342
Bin 4,0.225,800,0.1825000047683715,-0.0424999952316284,0.175,0.0136647574474641,3,342
Bin 5,0.225,800,0.25,0.0249999999999999,0.175,0.0153188884889439,3,342
Overall,0.2375,4000,0.1232500001788139,-0.114249999821186,0.175,0.0051982316229956,3,342
Bin 1,0.2375,800,0.0074999998323619,-0.230000000167638,0.175,0.0030522671300426,3,342
Bin 2,0.2375,800,0.0425000004470348,-0.1949999995529651,0.175,0.0071365851932427,3,342
Bin 3,0.2375,800,0.1174999997019767,-0.1200000002980232,0.175,0.0113920760962248,3,342
Bin 4,0.2375,800,0.1912499964237213,-0.0462500035762787,0.175,0.0139134386050753,3,342
Bin 5,0.2375,800,0.2574999928474426,0.0199999928474426,0.175,0.0154690429587912,3,342
Overall,0.25,4000,0.1274999976158142,-0.1225000023841857,0.175,0.0052742670515263,3,342
Bin 1,0.25,800,0.0074999998323619,-0.242500000167638,0.175,0.0030522671300426,3,342
Bin 2,0.25,800,0.0425000004470348,-0.2074999995529651,0.175,0.0071365851932427,3,342
Bin 3,0.25,800,0.1225000023841857,-0.1274999976158142,0.175,0.0115989380970723,3,342
Bin 4,0.25,800,0.1962500065565109,-0.053749993443489,0.175,0.0140505054247888,3,342
Bin 5,0.25,800,0.2687500119209289,0.0187500119209289,0.175,0.0156831679153084,3,342
Overall,0.2625,4000,0.1315000057220459,-0.1309999942779541,0.175,0.0053440692335981,3,342
Bin 1,0.2625,800,0.0087500000372529,-0.2537499999627471,0.175,0.0032947484862379,3,342
Bin 2,0.2625,800,0.0425000004470348,-0.2199999995529651,0.175,0.0071365851932427,3,342
Bin 3,0.2625,800,0.1312499940395355,-0.1312500059604645,0.175,0.0119460310922853,3,342
Bin 4,0.2625,800,0.2049999982118606,-0.0575000017881393,0.175,0.0142819369309758,3,342
Bin 5,0.2625,800,0.270000010728836,0.007500010728836,0.175,0.0157061579674998,3,342
Overall,0.275,4000,0.1342500001192093,-0.1407499998807907,0.175,0.005391103667775,3,342
Bin 1,0.275,800,0.0087500000372529,-0.2662499999627471,0.175,0.0032947484862379,3,342
Bin 2,0.275,800,0.0425000004470348,-0.2324999995529652,0.175,0.0071365851932427,3,342
Bin 3,0.275,800,0.135000005364418,-0.139999994635582,0.175,0.0120893103574693,3,342
Bin 4,0.275,800,0.209999993443489,-0.0650000065565109,0.175,0.0144095301928152,3,342
Bin 5,0.275,800,0.2750000059604645,5.960464455334602e-09,0.175,0.015796539776789,3,342
Overall,0.2875,4000,0.1397500038146972,-0.1477499961853027,0.175,0.0054829281338849,3,342
Bin 1,0.2875,800,0.0087500000372529,-0.2787499999627471,0.175,0.0032947484862379,3,342
Bin 2,0.2875,800,0.0425000004470348,-0.2449999995529652,0.175,0.0071365851932427,3,342
Bin 3,0.2875,800,0.1375000029802322,-0.1499999970197678,0.175,0.0121830923637621,3,342
Bin 4,0.2875,800,0.2175000011920929,-0.0699999988079071,0.175,0.0145948098462116,3,342
Bin 5,0.2875,800,0.2924999892711639,0.0049999892711639,0.175,0.0160935844430665,3,342
Overall,0.3,4000,0.1430000066757202,-0.1569999933242798,0.175,0.0055358296796176,3,342
Bin 1,0.3,800,0.0087500000372529,-0.2912499999627471,0.175,0.0032947484862379,3,342
Bin 2,0.3,800,0.0425000004470348,-0.2574999995529652,0.175,0.0071365851932427,3,342
Bin 3,0.3,800,0.1412499994039535,-0.1587500005960465,0.175,0.0123212349817838,3,342
Bin 4,0.3,800,0.2212499976158142,-0.0787500023841858,0.175,0.0146847744017005,3,342
Bin 5,0.3,800,0.301250010728836,0.001250010728836,0.175,0.0162312170842213,3,342
Overall,0.3125,4000,0.1482499986886978,-0.1642500013113021,0.175,0.0056192419960613,3,342
Bin 1,0.3125,800,0.0087500000372529,-0.3037499999627471,0.175,0.0032947484862379,3,342
Bin 2,0.3125,800,0.0450000017881393,-0.2674999982118606,0.175,0.0073338930303684,3,342
Bin 3,0.3125,800,0.1449999958276748,-0.1675000041723251,0.175,0.0124564315350946,3,342
Bin 4,0.3125,800,0.2300000041723251,-0.0824999958276748,0.175,0.0148879833244533,3,342
Bin 5,0.3125,800,0.3125,0.0,0.175,0.0163978899576713,3,342
Overall,0.325,4000,0.1512500047683715,-0.1737499952316284,0.175,0.0056658085126594,3,342
Bin 1,0.325,800,0.0087500000372529,-0.3162499999627471,0.175,0.0032947484862379,3,342
Bin 2,0.325,800,0.0462500005960464,-0.2787499994039535,0.175,0.0074301875156681,3,342
Bin 3,0.325,800,0.1462499946355819,-0.178750005364418,0.175,0.0125008595817812,3,342
Bin 4,0.325,800,0.2349999994039535,-0.0900000005960464,0.175,0.0150000001647544,3,342
Bin 5,0.325,800,0.3199999928474426,-0.0050000071525573,0.175,0.016502739726383,3,342
Overall,0.3375,4000,0.1537500023841858,-0.1837499976158142,0.175,0.0057040217816027,3,342
Bin 1,0.3375,800,0.0087500000372529,-0.3287499999627471,0.175,0.0032947484862379,3,342
Bin 2,0.3375,800,0.0462500005960464,-0.2912499994039536,0.175,0.0074301875156681,3,342
Bin 3,0.3375,800,0.1500000059604644,-0.1874999940395355,0.175,0.0126322787237942,3,342
Bin 4,0.3375,800,0.2399999946355819,-0.097500005364418,0.175,0.0151091162482066,3,342
Bin 5,0.3375,800,0.3237499892711639,-0.013750010728836,0.175,0.0165533201592809,3,342
Overall,0.35,4000,0.1574999988079071,-0.1925000011920929,0.175,0.0057603584926427,3,342
Bin 1,0.35,800,0.0087500000372529,-0.3412499999627471,0.175,0.0032947484862379,3,342
Bin 2,0.35,800,0.0462500005960464,-0.3037499994039536,0.175,0.0074301875156681,3,342
Bin 3,0.35,800,0.1525000035762787,-0.1974999964237213,0.175,0.0127183678765626,3,342
Bin 4,0.35,800,0.2450000047683715,-0.1049999952316284,0.175,0.0152153905803981,3,342
Bin 5,0.35,800,0.3350000083446502,-0.0149999916553497,0.175,0.0166978216830718,3,342
Overall,0.3625,4000,0.1597499996423721,-0.2027500003576279,0.175,0.0057936070288456,3,342
Bin 1,0.3625,800,0.0087500000372529,-0.3537499999627471,0.175,0.0032947484862379,3,342
Bin 2,0.3625,800,0.0462500005960464,-0.3162499994039536,0.175,0.0074301875156681,3,342
Bin 3,0.3625,800,0.1525000035762787,-0.2099999964237213,0.175,0.0127183678765626,3,342
Bin 4,0.3625,800,0.2487500011920929,-0.1137499988079071,0.175,0.0152932716344189,3,342
Bin 5,0.3625,800,0.3425000011920929,-0.0199999988079071,0.175,0.0167882245657852,3,342
Overall,0.375,4000,0.1624999940395355,-0.2125000059604644,0.175,0.0058336905544562,3,342
Bin 1,0.375,800,0.0087500000372529,-0.3662499999627471,0.175,0.0032947484862379,3,342
Bin 2,0.375,800,0.0462500005960464,-0.3287499994039535,0.175,0.0074301875156681,3,342
Bin 3,0.375,800,0.1537500023841858,-0.2212499976158142,0.175,0.0127609656963525,3,342
Bin 4,0.375,800,0.2512499988079071,-0.1237500011920929,0.175,0.0153443346487323,3,342
Bin 5,0.375,800,0.3524999916553497,-0.0225000083446502,0.175,0.0169015310996507,3,342
Overall,0.3875,4000,0.1659999936819076,-0.2215000063180923,0.175,0.0058838463240235,3,342
Bin 1,0.3875,800,0.0087500000372529,-0.3787499999627471,0.175,0.0032947484862379,3,342
Bin 2,0.3875,800,0.0462500005960464,-0.3412499994039535,0.175,0.0074301875156681,3,342
Bin 3,0.3875,800,0.1550000011920929,-0.2324999988079071,0.175,0.0128032674345317,3,342
Bin 4,0.3875,800,0.2612499892711639,-0.126250010728836,0.175,0.0155418779813741,3,342
Bin 5,0.3875,800,0.3587499856948852,-0.0287500143051147,0.175,0.016968217950707,3,342
Overall,0.4,4000,0.1689999997615814,-0.2310000002384186,0.175,0.0059260889617656,3,342
Bin 1,0.4,800,0.0087500000372529,-0.3912499999627471,0.175,0.0032947484862379,3,342
Bin 2,0.4,800,0.0474999994039535,-0.3525000005960464,0.175,0.0075249905293661,3,342
Bin 3,0.4,800,0.15625,-0.24375,0.175,0.0128452783594561,3,342
Bin 4,0.4,800,0.2649999856948852,-0.1350000143051147,0.175,0.0156132473473,3,342
Bin 5,0.4,800,0.3675000071525574,-0.0324999928474426,0.175,0.0170563280448615,3,342
Overall,0.4125,4000,0.1714999973773956,-0.2410000026226044,0.175,0.0059607737646155,3,342
Bin 1,0.4125,800,0.0087500000372529,-0.4037499999627471,0.175,0.0032947484862379,3,342
Bin 2,0.4125,800,0.0474999994039535,-0.3650000005960465,0.175,0.0075249905293661,3,342
Bin 3,0.4125,800,0.1574999988079071,-0.2550000011920929,0.175,0.0128870005784683,3,342
Bin 4,0.4125,800,0.2675000131130218,-0.1449999868869781,0.175,0.015660019812435,3,342
Bin 5,0.4125,800,0.3762499988079071,-0.0362500011920929,0.175,0.0171383942809395,3,342
Overall,0.425,4000,0.1732500046491623,-0.2517499953508377,0.175,0.0059847775123185,3,342
Bin 1,0.425,800,0.0087500000372529,-0.4162499999627471,0.175,0.0032947484862379,3,342
Bin 2,0.425,800,0.0474999994039535,-0.3775000005960465,0.175,0.0075249905293661,3,342
Bin 3,0.425,800,0.1599999964237213,-0.2650000035762787,0.175,0.012969590489139,3,342
Bin 4,0.425,800,0.270000010728836,-0.1549999892711639,0.175,0.0157061579674998,3,342
Bin 5,0.425,800,0.3799999952316284,-0.0450000047683716,0.175,0.0171717387601389,3,342
Overall,0.4375,4000,0.176499992609024,-0.2610000073909759,0.175,0.0060287664768958,3,342
Bin 1,0.4375,800,0.0087500000372529,-0.4287499999627471,0.175,0.0032947484862379,3,342
Bin 2,0.4375,800,0.0474999994039535,-0.3900000005960464,0.175,0.0075249905293661,3,342
Bin 3,0.4375,800,0.1624999940395355,-0.2750000059604645,0.175,0.0130510571862969,3,342
Bin 4,0.4375,800,0.2725000083446502,-0.1649999916553497,0.175,0.0157516607588234,3,342
Bin 5,0.4375,800,0.3912500143051147,-0.0462499856948852,0.175,0.0172652668316694,3,342
Overall,0.45,4000,0.1792500019073486,-0.2707499980926514,0.175,0.0060653978734198,3,342
Bin 1,0.45,800,0.0087500000372529,-0.4412499999627471,0.175,0.0032947484862379,3,342
Bin 2,0.45,800,0.0474999994039535,-0.4025000005960464,0.175,0.0075249905293661,3,342
Bin 3,0.45,800,0.1637499928474426,-0.2862500071525574,0.175,0.0130913769689249,3,342
Bin 4,0.45,800,0.2775000035762787,-0.1724999964237213,0.175,0.0158407971287391,3,342
Bin 5,0.45,800,0.3987500071525574,-0.0512499928474426,0.175,0.0173222578002258,3,342
Overall,0.4625,4000,0.1809999942779541,-0.2815000057220459,0.175,0.0060884332720547,3,342
Bin 1,0.4625,800,0.0087500000372529,-0.4537499999627471,0.175,0.0032947484862379,3,342
Bin 2,0.4625,800,0.0474999994039535,-0.4150000005960464,0.175,0.0075249905293661,3,342
Bin 3,0.4625,800,0.166250005364418,-0.296249994635582,0.175,0.0131712009926621,3,342
Bin 4,0.4625,800,0.2787500023841858,-0.1837499976158142,0.175,0.0158626945238829,3,342
Bin 5,0.4625,800,0.4037500023841858,-0.0587499976158142,0.175,0.0173578961216554,3,342
Overall,0.475,4000,0.184249997138977,-0.290750002861023,0.175,0.0061306504641278,3,342
Bin 1,0.475,800,0.0087500000372529,-0.4662499999627471,0.175,0.0032947484862379,3,342
Bin 2,0.475,800,0.0474999994039535,-0.4275000005960465,0.175,0.0075249905293661,3,342
Bin 3,0.475,800,0.1675000041723251,-0.3074999958276749,0.175,0.013210708394785,3,342
Bin 4,0.475,800,0.2874999940395355,-0.1875000059604645,0.175,0.016011718404519,3,342
Bin 5,0.475,800,0.4099999964237213,-0.0650000035762787,0.175,0.0173998122161707,3,342
Overall,0.4875,4000,0.1857499927282333,-0.3017500072717667,0.175,0.0061498930444419,3,342
Bin 1,0.4875,800,0.0087500000372529,-0.4787499999627471,0.175,0.0032947484862379,3,342
Bin 2,0.4875,800,0.0474999994039535,-0.4400000005960465,0.175,0.0075249905293661,3,342
Bin 3,0.4875,800,0.1700000017881393,-0.3174999982118607,0.175,0.0132889329456212,3,342
Bin 4,0.4875,800,0.2874999940395355,-0.2000000059604645,0.175,0.016011718404519,3,342
Bin 5,0.4875,800,0.4149999916553497,-0.0725000083446503,0.175,0.0174312537651598,3,342
Overall,0.5,4000,0.1870000064373016,-0.3129999935626983,0.175,0.0061658135513106,3,342
Bin 1,0.5,800,0.0087500000372529,-0.4912499999627471,0.175,0.0032947484862379,3,342
Bin 2,0.5,800,0.0474999994039535,-0.4525000005960464,0.175,0.0075249905293661,3,342
Bin 3,0.5,800,0.1712500005960464,-0.3287499994039535,0.175,0.0133276532553482,3,342
Bin 4,0.5,800,0.2887499928474426,-0.2112500071525573,0.175,0.016032408292453,3,342
Bin 5,0.5,800,0.418749988079071,-0.0812500119209289,0.175,0.0174536189903222,3,342
Overall,0.5125000000000001,4000,0.1889999955892563,-0.3235000044107438,0.175,0.0061910683777367,3,342
Bin 1,0.5125000000000001,800,0.0087500000372529,-0.5037499999627472,0.175,0.0032947484862379,3,342
Bin 2,0.5125000000000001,800,0.0474999994039535,-0.4650000005960465,0.175,0.0075249905293661,3,342
Bin 3,0.5125000000000001,800,0.1724999994039535,-0.3400000005960465,0.175,0.0133661143619568,3,342
Bin 4,0.5125000000000001,800,0.293749988079071,-0.218750011920929,0.175,0.016113682167779,3,342
Bin 5,0.5125000000000001,800,0.4225000143051147,-0.0899999856948853,0.175,0.0174749505640247,3,342
Overall,0.525,4000,0.1902499943971634,-0.3347500056028366,0.175,0.006206719349001,3,342
Bin 1,0.525,800,0.0087500000372529,-0.5162499999627471,0.175,0.0032947484862379,3,342
Bin 2,0.525,800,0.0474999994039535,-0.4775000005960464,0.175,0.0075249905293661,3,342
Bin 3,0.525,800,0.1737499982118606,-0.3512500017881393,0.175,0.0134043183727895,3,342
Bin 4,0.525,800,0.2975000143051147,-0.2274999856948852,0.175,0.0161730986874672,3,342
Bin 5,0.525,800,0.4237500131130218,-0.1012499868869781,0.175,0.0174818299833729,3,342
Overall,0.5375,4000,0.1922499984502792,-0.3452500015497207,0.175,0.0062315481960803,3,342
Bin 1,0.5375,800,0.0087500000372529,-0.5287499999627471,0.175,0.0032947484862379,3,342
Bin 2,0.5375,800,0.0474999994039535,-0.4900000005960464,0.175,0.0075249905293661,3,342
Bin 3,0.5375,800,0.1737499982118606,-0.3637500017881393,0.175,0.0134043183727895,3,342
Bin 4,0.5375,800,0.301250010728836,-0.2362499892711639,0.175,0.0162312170842213,3,342
Bin 5,0.5375,800,0.4300000071525574,-0.1074999928474426,0.175,0.0175145211864204,3,342
Overall,0.55,4000,0.1955000013113021,-0.3544999986886978,0.175,0.0062713447510912,3,342
Bin 1,0.55,800,0.0087500000372529,-0.5412499999627471,0.175,0.0032947484862379,3,342
Bin 2,0.55,800,0.0474999994039535,-0.5025000005960465,0.175,0.0075249905293661,3,342
Bin 3,0.55,800,0.1762499958276748,-0.3737500041723252,0.175,0.0134799677511817,3,342
Bin 4,0.55,800,0.3062500059604645,-0.2437499940395355,0.175,0.0163067041972467,3,342
Bin 5,0.55,800,0.4387499988079071,-0.1112500011920929,0.175,0.0175555058355836,3,342
Overall,0.5625,4000,0.1972499936819076,-0.3652500063180923,0.175,0.0062924962277921,3,342
Bin 1,0.5625,800,0.0087500000372529,-0.5537499999627471,0.175,0.0032947484862379,3,342
Bin 2,0.5625,800,0.0474999994039535,-0.5150000005960464,0.175,0.0075249905293661,3,342
Bin 3,0.5625,800,0.1774999946355819,-0.385000005364418,0.175,0.0135174183870973,3,342
Bin 4,0.5625,800,0.3087500035762787,-0.2537499964237213,0.175,0.0163435974410907,3,342
Bin 5,0.5625,800,0.4437499940395355,-0.1187500059604644,0.175,0.0175764338532117,3,342
Overall,0.5750000000000001,4000,0.1979999989271164,-0.3770000010728837,0.175,0.0063015021097336,3,342
Bin 1,0.5750000000000001,800,0.0087500000372529,-0.5662499999627472,0.175,0.0032947484862379,3,342
Bin 2,0.5750000000000001,800,0.0474999994039535,-0.5275000005960465,0.175,0.0075249905293661,3,342
Bin 3,0.5750000000000001,800,0.1774999946355819,-0.3975000053644181,0.175,0.0135174183870973,3,342
Bin 4,0.5750000000000001,800,0.3087500035762787,-0.2662499964237214,0.175,0.0163435974410907,3,342
Bin 5,0.5750000000000001,800,0.4474999904632568,-0.1275000095367432,0.175,0.01759095028151,3,342
Overall,0.5875,4000,0.2014999985694885,-0.3860000014305115,0.175,0.0063430661963038,3,342
Bin 1,0.5875,800,0.0087500000372529,-0.5787499999627471,0.175,0.0032947484862379,3,342
Bin 2,0.5875,800,0.0474999994039535,-0.5400000005960465,0.175,0.0075249905293661,3,342
Bin 3,0.5875,800,0.1774999946355819,-0.410000005364418,0.175,0.0135174183870973,3,342
Bin 4,0.5875,800,0.3187499940395355,-0.2687500059604645,0.175,0.0164856080861346,3,342
Bin 5,0.5875,800,0.4550000131130218,-0.1324999868869781,0.175,0.0176169443503291,3,342
Overall,0.6000000000000001,4000,0.2037499994039535,-0.3962500005960465,0.175,0.0063693897408255,3,342
Bin 1,0.6000000000000001,800,0.0087500000372529,-0.5912499999627472,0.175,0.0032947484862379,3,342
Bin 2,0.6000000000000001,800,0.0474999994039535,-0.5525000005960465,0.175,0.0075249905293661,3,342
Bin 3,0.6000000000000001,800,0.178749993443489,-0.421250006556511,0.175,0.0135546193029354,3,342
Bin 4,0.6000000000000001,800,0.3237499892711639,-0.2762500107288361,0.175,0.0165533201592809,3,342
Bin 5,0.6000000000000001,800,0.4600000083446502,-0.1399999916553498,0.175,0.0176320339757673,3,342
Overall,0.6125,4000,0.2052499949932098,-0.4072500050067902,0.175,0.0063867681902814,3,342
Bin 1,0.6125,800,0.0087500000372529,-0.6037499999627471,0.175,0.0032947484862379,3,342
Bin 2,0.6125,800,0.0474999994039535,-0.5650000005960465,0.175,0.0075249905293661,3,342
Bin 3,0.6125,800,0.1800000071525573,-0.4324999928474426,0.175,0.0135915757670522,3,342
Bin 4,0.6125,800,0.324999988079071,-0.287500011920929,0.175,0.0165699112661973,3,342
Bin 5,0.6125,800,0.4650000035762787,-0.1474999964237213,0.175,0.0176453355211573,3,342
Overall,0.625,4000,0.2080000042915344,-0.4169999957084656,0.175,0.0064182784103226,3,342
Bin 1,0.625,800,0.0087500000372529,-0.6162499999627471,0.175,0.0032947484862379,3,342
Bin 2,0.625,800,0.0474999994039535,-0.5775000005960464,0.175,0.0075249905293661,3,342
Bin 3,0.625,800,0.1800000071525573,-0.4449999928474426,0.175,0.0135915757670522,3,342
Bin 4,0.625,800,0.3274999856948852,-0.2975000143051147,0.175,0.0166026888702842,3,342
Bin 5,0.625,800,0.4762499928474426,-0.1487500071525573,0.175,0.0176687628469021,3,342
Overall,0.6375000000000001,4000,0.2097499966621399,-0.4277500033378602,0.175,0.0064380977591327,3,342
Bin 1,0.6375000000000001,800,0.0087500000372529,-0.6287499999627472,0.175,0.0032947484862379,3,342
Bin 2,0.6375000000000001,800,0.0474999994039535,-0.5900000005960465,0.175,0.0075249905293661,3,342
Bin 3,0.6375000000000001,800,0.1800000071525573,-0.4574999928474427,0.175,0.0135915757670522,3,342
Bin 4,0.6375000000000001,800,0.3312500119209289,-0.3062499880790711,0.175,0.01665085218142,3,342
Bin 5,0.6375000000000001,800,0.481249988079071,-0.156250011920929,0.175,0.0176762860593613,3,342
Overall,0.65,4000,0.2102500051259994,-0.4397499948740005,0.175,0.0064437264353462,3,342
Bin 1,0.65,800,0.0087500000372529,-0.6412499999627471,0.175,0.0032947484862379,3,342
Bin 2,0.65,800,0.0474999994039535,-0.6025000005960465,0.175,0.0075249905293661,3,342
Bin 3,0.65,800,0.1800000071525573,-0.4699999928474426,0.175,0.0135915757670522,3,342
Bin 4,0.65,800,0.332500010728836,-0.3174999892711639,0.175,0.0166666414445434,3,342
Bin 5,0.65,800,0.4824999868869781,-0.1675000131130218,0.175,0.0176778908006183,3,342
Overall,0.6625000000000001,4000,0.2107499986886978,-0.4517500013113023,0.175,0.006449341917509,3,342
Bin 1,0.6625000000000001,800,0.0087500000372529,-0.6537499999627472,0.175,0.0032947484862379,3,342
Bin 2,0.6625000000000001,800,0.0474999994039535,-0.6150000005960465,0.175,0.0075249905293661,3,342
Bin 3,0.6625000000000001,800,0.1800000071525573,-0.4824999928474427,0.175,0.0135915757670522,3,342
Bin 4,0.6625000000000001,800,0.3337500095367431,-0.3287499904632569,0.175,0.016682297945094,3,342
Bin 5,0.6625000000000001,800,0.4837499856948852,-0.1787500143051148,0.175,0.0176793827990556,3,342
Overall,0.675,4000,0.2115000039339065,-0.4634999960660935,0.175,0.0064577371033959,3,342
Bin 1,0.675,800,0.0087500000372529,-0.6662499999627471,0.175,0.0032947484862379,3,342
Bin 2,0.675,800,0.0474999994039535,-0.6275000005960465,0.175,0.0075249905293661,3,342
Bin 3,0.675,800,0.1800000071525573,-0.4949999928474426,0.175,0.0135915757670522,3,342
Bin 4,0.675,800,0.3337500095367431,-0.3412499904632569,0.175,0.016682297945094,3,342
Bin 5,0.675,800,0.4875000119209289,-0.1874999880790711,0.175,0.0176831991961883,3,342
Overall,0.6875,4000,0.2127500027418136,-0.4747499972581863,0.175,0.0064716558843078,3,342
Bin 1,0.6875,800,0.0087500000372529,-0.6787499999627471,0.175,0.0032947484862379,3,342
Bin 2,0.6875,800,0.0474999994039535,-0.6400000005960464,0.175,0.0075249905293661,3,342
Bin 3,0.6875,800,0.1812500059604644,-0.5062499940395355,0.175,0.0136282877794476,3,342
Bin 4,0.6875,800,0.3337500095367431,-0.3537499904632568,0.175,0.016682297945094,3,342
Bin 5,0.6875,800,0.4925000071525574,-0.1949999928474426,0.175,0.0176867374241208,3,342
Overall,0.7000000000000001,4000,0.2137500047683715,-0.4862499952316285,0.175,0.0064827261639463,3,342
Bin 1,0.7000000000000001,800,0.0087500000372529,-0.6912499999627472,0.175,0.0032947484862379,3,342
Bin 2,0.7000000000000001,800,0.0474999994039535,-0.6525000005960465,0.175,0.0075249905293661,3,342
Bin 3,0.7000000000000001,800,0.1812500059604644,-0.5187499940395356,0.175,0.0136282877794476,3,342
Bin 4,0.7000000000000001,800,0.3350000083446502,-0.3649999916553498,0.175,0.0166978216830718,3,342
Bin 5,0.7000000000000001,800,0.4962500035762787,-0.2037499964237213,0.175,0.0176882315299005,3,342
Overall,0.7125,4000,0.2147500067949295,-0.4977499932050705,0.175,0.0064937394264377,3,342
Bin 1,0.7125,800,0.0087500000372529,-0.7037499999627471,0.175,0.0032947484862379,3,342
Bin 2,0.7125,800,0.0474999994039535,-0.6650000005960465,0.175,0.0075249905293661,3,342
Bin 3,0.7125,800,0.1812500059604644,-0.5312499940395355,0.175,0.0136282877794476,3,342
Bin 4,0.7125,800,0.3350000083446502,-0.3774999916553497,0.175,0.0166978216830718,3,342
Bin 5,0.7125,800,0.5012500286102295,-0.2112499713897705,0.175,0.0176886740718098,3,342
Overall,0.7250000000000001,4000,0.215499997138977,-0.509500002861023,0.175,0.0065019621472351,3,342
Bin 1,0.7250000000000001,800,0.0087500000372529,-0.7162499999627472,0.175,0.0032947484862379,3,342
Bin 2,0.7250000000000001,800,0.0474999994039535,-0.6775000005960465,0.175,0.0075249905293661,3,342
Bin 3,0.7250000000000001,800,0.1812500059604644,-0.5437499940395356,0.175,0.0136282877794476,3,342
Bin 4,0.7250000000000001,800,0.3375000059604645,-0.3874999940395356,0.175,0.0167284782470074,3,342
Bin 5,0.7250000000000001,800,0.5024999976158142,-0.2225000023841858,0.175,0.0176885054844158,3,342
Overall,0.7375,4000,0.2167499959468841,-0.5207500040531159,0.175,0.0065155944287633,3,342
Bin 1,0.7375,800,0.0087500000372529,-0.7287499999627471,0.175,0.0032947484862379,3,342
Bin 2,0.7375,800,0.0474999994039535,-0.6900000005960465,0.175,0.0075249905293661,3,342
Bin 3,0.7375,800,0.1812500059604644,-0.5562499940395356,0.175,0.0136282877794476,3,342
Bin 4,0.7375,800,0.3412500023841858,-0.3962499976158142,0.175,0.0167734826518473,3,342
Bin 5,0.7375,800,0.5049999952316284,-0.2325000047683716,0.175,0.0176878437788942,3,342
Overall,0.75,4000,0.2175000011920929,-0.5324999988079071,0.175,0.0065237328018802,3,342
Bin 1,0.75,800,0.0087500000372529,-0.7412499999627471,0.175,0.0032947484862379,3,342
Bin 2,0.75,800,0.0474999994039535,-0.7025000005960464,0.175,0.0075249905293661,3,342
Bin 3,0.75,800,0.1812500059604644,-0.5687499940395355,0.175,0.0136282877794476,3,342
Bin 4,0.75,800,0.3412500023841858,-0.4087499976158142,0.175,0.0167734826518473,3,342
Bin 5,0.75,800,0.5087500214576721,-0.2412499785423278,0.175,0.0176860188203536,3,342
Overall,0.7625000000000001,4000,0.2192499935626983,-0.5432500064373017,0.175,0.0065425965244567,3,342
Bin 1,0.7625000000000001,800,0.0087500000372529,-0.7537499999627472,0.175,0.0032947484862379,3,342
Bin 2,0.7625000000000001,800,0.0474999994039535,-0.7150000005960465,0.175,0.0075249905293661,3,342
Bin 3,0.7625000000000001,800,0.1812500059604644,-0.5812499940395356,0.175,0.0136282877794476,3,342
Bin 4,0.7625000000000001,800,0.3449999988079071,-0.4175000011920929,0.175,0.0168173206426547,3,342
Bin 5,0.7625000000000001,800,0.5137500166893005,-0.2487499833106995,0.175,0.0176820380505118,3,342
Overall,0.775,4000,0.2202499955892563,-0.5547500044107437,0.175,0.0065532983131117,3,342
Bin 1,0.775,800,0.0087500000372529,-0.7662499999627471,0.175,0.0032947484862379,3,342
Bin 2,0.775,800,0.0474999994039535,-0.7275000005960465,0.175,0.0075249905293661,3,342
Bin 3,0.775,800,0.1812500059604644,-0.5937499940395355,0.175,0.0136282877794476,3,342
Bin 4,0.775,800,0.3449999988079071,-0.4300000011920929,0.175,0.0168173206426547,3,342
Bin 5,0.775,800,0.518750011920929,-0.256249988079071,0.175,0.0176762860593613,3,342
Overall,0.7875000000000001,4000,0.221000000834465,-0.5664999991655351,0.175,0.0065612887243759,3,342
Bin 1,0.7875000000000001,800,0.0087500000372529,-0.7787499999627472,0.175,0.0032947484862379,3,342
Bin 2,0.7875000000000001,800,0.0474999994039535,-0.7400000005960465,0.175,0.0075249905293661,3,342
Bin 3,0.7875000000000001,800,0.1812500059604644,-0.6062499940395356,0.175,0.0136282877794476,3,342
Bin 4,0.7875000000000001,800,0.3449999988079071,-0.442500001192093,0.175,0.0168173206426547,3,342
Bin 5,0.7875000000000001,800,0.5224999785423279,-0.2650000214576722,0.175,0.0176708090763973,3,342
Overall,0.8,4000,0.221000000834465,-0.578999999165535,0.175,0.0065612887243759,3,342
Bin 1,0.8,800,0.0087500000372529,-0.7912499999627471,0.175,0.0032947484862379,3,342
Bin 2,0.8,800,0.0474999994039535,-0.7525000005960465,0.175,0.0075249905293661,3,342
Bin 3,0.8,800,0.1812500059604644,-0.6187499940395356,0.175,0.0136282877794476,3,342
Bin 4,0.8,800,0.3449999988079071,-0.4550000011920929,0.175,0.0168173206426547,3,342
Bin 5,0.8,800,0.5224999785423279,-0.2775000214576721,0.175,0.0176708090763973,3,342
Overall,0.8125,4000,0.2217500060796737,-0.5907499939203262,0.175,0.0065692485065942,3,342
Bin 1,0.8125,800,0.0087500000372529,-0.8037499999627471,0.175,0.0032947484862379,3,342
Bin 2,0.8125,800,0.0474999994039535,-0.7650000005960464,0.175,0.0075249905293661,3,342
Bin 3,0.8125,800,0.1812500059604644,-0.6312499940395355,0.175,0.0136282877794476,3,342
Bin 4,0.8125,800,0.3449999988079071,-0.4675000011920929,0.175,0.0168173206426547,3,342
Bin 5,0.8125,800,0.5262500047683716,-0.2862499952316284,0.175,0.017664335320466,3,342
Overall,0.8250000000000001,4000,0.2222499996423721,-0.6027500003576279,0.175,0.0065745379072217,3,342
Bin 1,0.8250000000000001,800,0.0087500000372529,-0.8162499999627472,0.175,0.0032947484862379,3,342
Bin 2,0.8250000000000001,800,0.0474999994039535,-0.7775000005960465,0.175,0.0075249905293661,3,342
Bin 3,0.8250000000000001,800,0.1812500059604644,-0.6437499940395356,0.175,0.0136282877794476,3,342
Bin 4,0.8250000000000001,800,0.3449999988079071,-0.4800000011920929,0.175,0.0168173206426547,3,342
Bin 5,0.8250000000000001,800,0.5287500023841858,-0.2962499976158143,0.175,0.0176594620911069,3,342
Overall,0.8375,4000,0.2227499932050705,-0.6147500067949295,0.175,0.0065798127001504,3,342
Bin 1,0.8375,800,0.0087500000372529,-0.8287499999627471,0.175,0.0032947484862379,3,342
Bin 2,0.8375,800,0.0474999994039535,-0.7900000005960465,0.175,0.0075249905293661,3,342
Bin 3,0.8375,800,0.1812500059604644,-0.6562499940395355,0.175,0.0136282877794476,3,342
Bin 4,0.8375,800,0.3449999988079071,-0.4925000011920929,0.175,0.0168173206426547,3,342
Bin 5,0.8375,800,0.53125,-0.30625,0.175,0.0176541463198385,3,342
Overall,0.8500000000000001,4000,0.2230000048875808,-0.6269999951124192,0.175,0.0065824449132377,3,342
Bin 1,0.8500000000000001,800,0.0087500000372529,-0.8412499999627472,0.175,0.0032947484862379,3,342
Bin 2,0.8500000000000001,800,0.0474999994039535,-0.8025000005960465,0.175,0.0075249905293661,3,342
Bin 3,0.8500000000000001,800,0.1812500059604644,-0.6687499940395356,0.175,0.0136282877794476,3,342
Bin 4,0.8500000000000001,800,0.3449999988079071,-0.505000001192093,0.175,0.0168173206426547,3,342
Bin 5,0.8500000000000001,800,0.5325000286102295,-0.3174999713897706,0.175,0.0176513203736458,3,342
Overall,0.8625,4000,0.22325000166893,-0.63924999833107,0.175,0.0065850738278124,3,342
Bin 1,0.8625,800,0.0087500000372529,-0.8537499999627471,0.175,0.0032947484862379,3,342
Bin 2,0.8625,800,0.0474999994039535,-0.8150000005960465,0.175,0.0075249905293661,3,342
Bin 3,0.8625,800,0.1812500059604644,-0.6812499940395356,0.175,0.0136282877794476,3,342
Bin 4,0.8625,800,0.3462499976158142,-0.5162500023841858,0.175,0.0168316748055863,3,342
Bin 5,0.8625,800,0.5325000286102295,-0.3299999713897705,0.175,0.0176513203736458,3,342
Overall,0.875,4000,0.2237499952316284,-0.6512500047683716,0.175,0.00659032223264,3,342
Bin 1,0.875,800,0.0087500000372529,-0.8662499999627471,0.175,0.0032947484862379,3,342
Bin 2,0.875,800,0.0474999994039535,-0.8275000005960464,0.175,0.0075249905293661,3,342
Bin 3,0.875,800,0.1812500059604644,-0.6937499940395355,0.175,0.0136282877794476,3,342
Bin 4,0.875,800,0.3462499976158142,-0.5287500023841858,0.175,0.0168316748055863,3,342
Bin 5,0.875,800,0.5350000262260437,-0.3399999737739563,0.175,0.0176453376284997,3,342
Overall,0.8875000000000001,4000,0.2252500057220459,-0.6622499942779542,0.175,0.0066059840418744,3,342
Bin 1,0.8875000000000001,800,0.0087500000372529,-0.8787499999627472,0.175,0.0032947484862379,3,342
Bin 2,0.8875000000000001,800,0.0474999994039535,-0.8400000005960465,0.175,0.0075249905293661,3,342
Bin 3,0.8875000000000001,800,0.1812500059604644,-0.7062499940395356,0.175,0.0136282877794476,3,342
Bin 4,0.8875000000000001,800,0.3474999964237213,-0.5400000035762788,0.175,0.0168459014743011,3,342
Bin 5,0.8875000000000001,800,0.5412499904632568,-0.3462500095367432,0.175,0.0176284293665484,3,342
Overall,0.9,4000,0.2259999960660934,-0.6740000039339066,0.175,0.0066137685317066,3,342
Bin 1,0.9,800,0.0087500000372529,-0.8912499999627471,0.175,0.0032947484862379,3,342
Bin 2,0.9,800,0.0474999994039535,-0.8525000005960465,0.175,0.0075249905293661,3,342
Bin 3,0.9,800,0.1812500059604644,-0.7187499940395355,0.175,0.0136282877794476,3,342
Bin 4,0.9,800,0.3487499952316284,-0.5512500047683716,0.175,0.0168600017024705,3,342
Bin 5,0.9,800,0.543749988079071,-0.356250011920929,0.175,0.0176208829733225,3,342
Overall,0.9125,4000,0.2267500013113021,-0.6857499986886979,0.175,0.006621522863709,3,342
Bin 1,0.9125,800,0.0087500000372529,-0.9037499999627472,0.175,0.0032947484862379,3,342
Bin 2,0.9125,800,0.0474999994039535,-0.8650000005960465,0.175,0.0075249905293661,3,342
Bin 3,0.9125,800,0.1812500059604644,-0.7312499940395356,0.175,0.0136282877794476,3,342
Bin 4,0.9125,800,0.3487499952316284,-0.5637500047683717,0.175,0.0168600017024705,3,342
Bin 5,0.9125,800,0.5475000143051147,-0.3649999856948853,0.175,0.0176087278222119,3,342
Overall,0.925,4000,0.2269999980926513,-0.6980000019073487,0.175,0.0066241013581619,3,342
Bin 1,0.925,800,0.0087500000372529,-0.9162499999627473,0.175,0.0032947484862379,3,342
Bin 2,0.925,800,0.0474999994039535,-0.8775000005960465,0.175,0.0075249905293661,3,342
Bin 3,0.925,800,0.1812500059604644,-0.7437499940395356,0.175,0.0136282877794476,3,342
Bin 4,0.925,800,0.3487499952316284,-0.5762500047683716,0.175,0.0168600017024705,3,342
Bin 5,0.925,800,0.5487499833106995,-0.3762500166893006,0.175,0.0176044509707593,3,342
Overall,0.9375,4000,0.2277500033378601,-0.7097499966621399,0.175,0.0066318161080126,3,342
Bin 1,0.9375,800,0.0087500000372529,-0.9287499999627472,0.175,0.0032947484862379,3,342
Bin 2,0.9375,800,0.0474999994039535,-0.8900000005960464,0.175,0.0075249905293661,3,342
Bin 3,0.9375,800,0.1812500059604644,-0.7562499940395355,0.175,0.0136282877794476,3,342
Bin 4,0.9375,800,0.3487499952316284,-0.5887500047683716,0.175,0.0168600017024705,3,342
Bin 5,0.9375,800,0.5525000095367432,-0.3849999904632568,0.175,0.01759095028151,3,342
Overall,0.95,4000,0.2282499969005584,-0.7217500030994416,0.175,0.0066369415254402,3,342
Bin 1,0.95,800,0.0087500000372529,-0.9412499999627472,0.175,0.0032947484862379,3,342
Bin 2,0.95,800,0.0474999994039535,-0.9025000005960464,0.175,0.0075249905293661,3,342
Bin 3,0.95,800,0.1812500059604644,-0.7687499940395356,0.175,0.0136282877794476,3,342
Bin 4,0.95,800,0.3487499952316284,-0.6012500047683716,0.175,0.0168600017024705,3,342
Bin 5,0.95,800,0.5550000071525574,-0.3949999928474427,0.175,0.0175813850542405,3,342
Overall,0.9625,4000,0.2284999936819076,-0.7340000063180924,0.175,0.0066394997576012,3,342
Bin 1,0.9625,800,0.0087500000372529,-0.9537499999627472,0.175,0.0032947484862379,3,342
Bin 2,0.9625,800,0.0474999994039535,-0.9150000005960464,0.175,0.0075249905293661,3,342
Bin 3,0.9625,800,0.1812500059604644,-0.7812499940395355,0.175,0.0136282877794476,3,342
Bin 4,0.9625,800,0.3487499952316284,-0.6137500047683716,0.175,0.0168600017024705,3,342
Bin 5,0.9625,800,0.5562499761581421,-0.4062500238418579,0.175,0.0175764349068829,3,342
Overall,0.975,4000,0.2284999936819076,-0.7465000063180924,0.175,0.0066394997576012,3,342
Bin 1,0.975,800,0.0087500000372529,-0.9662499999627472,0.175,0.0032947484862379,3,342
Bin 2,0.975,800,0.0474999994039535,-0.9275000005960464,0.175,0.0075249905293661,3,342
Bin 3,0.975,800,0.1812500059604644,-0.7937499940395356,0.175,0.0136282877794476,3,342
Bin 4,0.975,800,0.3487499952316284,-0.6262500047683717,0.175,0.0168600017024705,3,342
Bin 5,0.975,800,0.5562499761581421,-0.418750023841858,0.175,0.0175764349068829,3,342
Overall,0.9875,4000,0.2284999936819076,-0.7590000063180924,0.175,0.0066394997576012,3,342
Bin 1,0.9875,800,0.0087500000372529,-0.9787499999627473,0.175,0.0032947484862379,3,342
Bin 2,0.9875,800,0.0474999994039535,-0.9400000005960464,0.175,0.0075249905293661,3,342
Bin 3,0.9875,800,0.1812500059604644,-0.8062499940395356,0.175,0.0136282877794476,3,342
Bin 4,0.9875,800,0.3487499952316284,-0.6387500047683716,0.175,0.0168600017024705,3,342
Bin 5,0.9875,800,0.5562499761581421,-0.4312500238418579,0.175,0.0175764349068829,3,342
Overall,1.0,4000,0.2284999936819076,-0.7715000063180923,0.175,0.0066394997576012,3,342
Bin 1,1.0,800,0.0087500000372529,-0.9912499999627472,0.175,0.0032947484862379,3,342
Bin 2,1.0,800,0.0474999994039535,-0.9525000005960464,0.175,0.0075249905293661,3,342
Bin 3,1.0,800,0.1812500059604644,-0.8187499940395355,0.175,0.0136282877794476,3,342
Bin 4,1.0,800,0.3487499952316284,-0.6512500047683716,0.175,0.0168600017024705,3,342
Bin 5,1.0,800,0.5562499761581421,-0.4437500238418579,0.175,0.0175764349068829,3,342
Overall,0.0,4000,0.0002500000118743,0.0002500000118743,0.1625,0.0002500000159901,4,442
Bin 1,0.0,800,0.0,0.0,0.1625,0.0,4,442
Bin 2,0.0,800,0.0,0.0,0.1625,0.0,4,442
Bin 3,0.0,800,0.0012499999720603,0.0012499999720603,0.1625,0.0012499999259236,4,442
Bin 4,0.0,800,0.0,0.0,0.1625,0.0,4,442
Bin 5,0.0,800,0.0,0.0,0.1625,0.0,4,442
Overall,0.0125,4000,0.0117499995976686,-0.0007500004023313,0.1625,0.0017040276515694,4,442
Bin 1,0.0125,800,0.0062500000931322,-0.0062499999068677,0.1625,0.0027880796200286,4,442
Bin 2,0.0125,800,0.0024999999441206,-0.0100000000558793,0.1625,0.0017666603611169,4,442
Bin 3,0.0125,800,0.0199999995529651,0.0074999995529651,0.1625,0.0049528442290735,4,442
Bin 4,0.0125,800,0.0162499994039535,0.0037499994039535,0.1625,0.0044729665339558,4,442
Bin 5,0.0125,800,0.0137499999254941,0.0012499999254941,0.1625,0.0041197556602636,4,442
Overall,0.025,4000,0.0182499997317791,-0.0067500002682209,0.1625,0.0021166850125885,4,442
Bin 1,0.025,800,0.0074999998323619,-0.017500000167638,0.1625,0.0030522668666248,4,442
Bin 2,0.025,800,0.0049999998882412,-0.0200000001117587,0.1625,0.0024953017953272,4,442
Bin 3,0.025,800,0.0237499997019767,-0.0012500002980232,0.1625,0.0053868998704903,4,442
Bin 4,0.025,800,0.0287500005215406,0.0037500005215406,0.1625,0.0059116813448471,4,442
Bin 5,0.025,800,0.0262499991804361,0.0012499991804361,0.1625,0.0056560733526831,4,442
Overall,0.0375,4000,0.0242500007152557,-0.0132499992847442,0.1625,0.0024324808430872,4,442
Bin 1,0.0375,800,0.0099999997764825,-0.0275000002235174,0.1625,0.0035200128548165,4,442
Bin 2,0.0375,800,0.0074999998323619,-0.030000000167638,0.1625,0.0030522671300426,4,442
Bin 3,0.0375,800,0.0287500005215406,-0.0087499994784593,0.1625,0.0059116813448471,4,442
Bin 4,0.0375,800,0.0375000014901161,1.4901161138336503e-09,0.1625,0.0067211347512655,4,442
Bin 5,0.0375,800,0.0375000014901161,1.4901161138336503e-09,0.1625,0.0067211347512655,4,442
Overall,0.05,4000,0.0305000003427267,-0.0194999996572732,0.1625,0.0027192436365379,4,442
Bin 1,0.05,800,0.0099999997764825,-0.0400000002235174,0.1625,0.0035200128548165,4,442
Bin 2,0.05,800,0.0099999997764825,-0.0400000002235174,0.1625,0.0035200128548165,4,442
Bin 3,0.05,800,0.0412500016391277,-0.0087499983608722,0.1625,0.0070354396056795,4,442
Bin 4,0.05,800,0.0462500005960464,-0.0037499994039535,0.1625,0.0074301875156681,4,442
Bin 5,0.05,800,0.0450000017881393,-0.0049999982118606,0.1625,0.0073338925035328,4,442
Overall,0.0625,4000,0.0382499992847442,-0.0242500007152557,0.1625,0.0030329910906866,4,442
Bin 1,0.0625,800,0.0112500004470348,-0.0512499995529651,0.1625,0.0037311788391504,4,442
Bin 2,0.0625,800,0.0112500004470348,-0.0512499995529651,0.1625,0.0037311788391504,4,442
Bin 3,0.0625,800,0.0512499995529651,-0.0112500004470348,0.1625,0.0078009849521548,4,442
Bin 4,0.0625,800,0.0537500008940696,-0.0087499991059303,0.1625,0.0079784547945221,4,442
Bin 5,0.0625,800,0.0637499988079071,0.0012499988079071,0.1625,0.0086429625547335,4,442
Overall,0.075,4000,0.0474999994039535,-0.0275000005960464,0.1625,0.0033635944156458,4,442
Bin 1,0.075,800,0.0112500004470348,-0.0637499995529651,0.1625,0.0037311788391504,4,442
Bin 2,0.075,800,0.0149999996647238,-0.0600000003352761,0.1625,0.004300216875204,4,442
Bin 3,0.075,800,0.0612500011920928,-0.0137499988079071,0.1625,0.0084831011388385,4,442
Bin 4,0.075,800,0.0762500017881393,0.0012500017881393,0.1625,0.0093890955896203,4,442
Bin 5,0.075,800,0.0737499967217445,-0.0012500032782554,0.1625,0.0092463789848639,4,442
Overall,0.0875,4000,0.0544999986886978,-0.0330000013113021,0.1625,0.0035896600999535,4,442
Bin 1,0.0875,800,0.0112500004470348,-0.0762499995529651,0.1625,0.0037311788391504,4,442
Bin 2,0.0875,800,0.0162499994039535,-0.0712500005960464,0.1625,0.0044729665339558,4,442
Bin 3,0.0875,800,0.0687500014901161,-0.0187499985098838,0.1625,0.008951505934956,4,442
Bin 4,0.0875,800,0.0912500023841857,0.0037500023841857,0.1625,0.0101874443551273,4,442
Bin 5,0.0875,800,0.0850000008940696,-0.0024999991059303,0.1625,0.00986612521145,4,442
Overall,0.1,4000,0.0632499977946281,-0.0367500022053718,0.1625,0.0038491639849409,4,442
Bin 1,0.1,800,0.0112500004470348,-0.0887499995529651,0.1625,0.0037311788391504,4,442
Bin 2,0.1,800,0.018750000745058,-0.0812499992549419,0.1625,0.004798627856701,4,442
Bin 3,0.1,800,0.0787499994039535,-0.0212500005960464,0.1625,0.0095288534856112,4,442
Bin 4,0.1,800,0.1075000017881393,0.0075000017881393,0.1625,0.0109580921044505,4,442
Bin 5,0.1,800,0.1000000014901161,1.4901161138336503e-09,0.1625,0.0106132360532223,4,442
Overall,0.1125,4000,0.0680000036954879,-0.044499996304512,0.1625,0.0039809499316937,4,442
Bin 1,0.1125,800,0.0112500004470348,-0.1012499995529651,0.1625,0.0037311788391504,4,442
Bin 2,0.1125,800,0.018750000745058,-0.0937499992549419,0.1625,0.004798627856701,4,442
Bin 3,0.1125,800,0.0862499997019767,-0.0262500002980232,0.1625,0.0099316150920086,4,442
Bin 4,0.1125,800,0.1150000020861625,0.0025000020861625,0.1625,0.0112861853003548,4,442
Bin 5,0.1125,800,0.1087500005960464,-0.0037499994039535,0.1625,0.0110138966392214,4,442
Overall,0.125,4000,0.0737499967217445,-0.0512500032782554,0.1625,0.0041330377525344,4,442
Bin 1,0.125,800,0.0112500004470348,-0.1137499995529651,0.1625,0.0037311788391504,4,442
Bin 2,0.125,800,0.0237499997019767,-0.1012500002980232,0.1625,0.0053868998704903,4,442
Bin 3,0.125,800,0.0912500023841857,-0.0337499976158142,0.1625,0.0101874443551273,4,442
Bin 4,0.125,800,0.1199999973177909,-0.005000002682209,0.1625,0.0114963126282907,4,442
Bin 5,0.125,800,0.1225000023841857,-0.0024999976158142,0.1625,0.0115989380970723,4,442
Overall,0.1375,4000,0.0815000012516975,-0.0559999987483024,0.1625,0.004326559604304,4,442
Bin 1,0.1375,800,0.0112500004470348,-0.1262499995529651,0.1625,0.0037311788391504,4,442
Bin 2,0.1375,800,0.0237499997019767,-0.1137500002980232,0.1625,0.0053868998704903,4,442
Bin 3,0.1375,800,0.1012500002980232,-0.0362499997019767,0.1625,0.0106719455595267,4,442
Bin 4,0.1375,800,0.1299999952316284,-0.0075000047683715,0.1625,0.0118975601091553,4,442
Bin 5,0.1375,800,0.1412499994039535,0.0037499994039535,0.1625,0.0123212349817838,4,442
Overall,0.15,4000,0.0890000015497207,-0.0609999984502792,0.1625,0.0045027567252522,4,442
Bin 1,0.15,800,0.0112500004470348,-0.1387499995529652,0.1625,0.0037311788391504,4,442
Bin 2,0.15,800,0.0287500005215406,-0.1212499994784593,0.1625,0.0059116813448471,4,442
Bin 3,0.15,800,0.1099999994039535,-0.0400000005960464,0.1625,0.0110692438806859,4,442
Bin 4,0.15,800,0.1437499970197677,-0.0062500029802322,0.1625,0.012411686333373,4,442
Bin 5,0.15,800,0.1512500047683715,0.0012500047683715,0.1625,0.0126754739751618,4,442
Overall,0.1625,4000,0.095499999821186,-0.0670000001788139,0.1625,0.0046476160912487,4,442
Bin 1,0.1625,800,0.0112500004470348,-0.1512499995529651,0.1625,0.0037311788391504,4,442
Bin 2,0.1625,800,0.0299999993294477,-0.1325000006705522,0.1625,0.0060349419106597,4,442
Bin 3,0.1625,800,0.1199999973177909,-0.042500002682209,0.1625,0.0114963126282907,4,442
Bin 4,0.1625,800,0.1525000035762787,-0.0099999964237213,0.1625,0.0127183678765626,4,442
Bin 5,0.1625,800,0.1637499928474426,0.0012499928474426,0.1625,0.0130913769689249,4,442
Overall,0.175,4000,0.0997499972581863,-0.0752500027418136,0.1625,0.0047387337332212,4,442
Bin 1,0.175,800,0.0112500004470348,-0.1637499995529651,0.1625,0.0037311788391504,4,442
Bin 2,0.175,800,0.0299999993294477,-0.1450000006705522,0.1625,0.0060349419106597,4,442
Bin 3,0.175,800,0.1199999973177909,-0.055000002682209,0.1625,0.0114963126282907,4,442
Bin 4,0.175,800,0.1599999964237213,-0.0150000035762787,0.1625,0.012969590489139,4,442
Bin 5,0.175,800,0.1774999946355819,0.0024999946355819,0.1625,0.0135174183870973,4,442
Overall,0.1875,4000,0.1035000011324882,-0.0839999988675117,0.1625,0.0048169221480742,4,442
Bin 1,0.1875,800,0.0112500004470348,-0.1762499995529651,0.1625,0.0037311788391504,4,442
Bin 2,0.1875,800,0.03125,-0.15625,0.1625,0.0061554170966212,4,442
Bin 3,0.1875,800,0.1237500011920929,-0.0637499988079071,0.1625,0.0116496597219127,4,442
Bin 4,0.1875,800,0.166250005364418,-0.0212499946355819,0.1625,0.0131712009926621,4,442
Bin 5,0.1875,800,0.1850000023841858,-0.0024999976158142,0.1625,0.0137369802870723,4,442
Overall,0.2,4000,0.1087500005960464,-0.0912499994039535,0.1625,0.0049231007987645,4,442
Bin 1,0.2,800,0.0112500004470348,-0.1887499995529651,0.1625,0.0037311788391504,4,442
Bin 2,0.2,800,0.03125,-0.16875,0.1625,0.0061554170966212,4,442
Bin 3,0.2,800,0.1324999928474426,-0.0675000071525573,0.1625,0.0119941448808741,4,442
Bin 4,0.2,800,0.1700000017881393,-0.0299999982118606,0.1625,0.0132889329456212,4,442
Bin 5,0.2,800,0.1987500041723251,-0.0012499958276748,0.1625,0.0141177085747394,4,442
Overall,0.2125,4000,0.1140000000596046,-0.0984999999403953,0.1625,0.0050256656932488,4,442
Bin 1,0.2125,800,0.0112500004470348,-0.2012499995529652,0.1625,0.0037311788391504,4,442
Bin 2,0.2125,800,0.0324999988079071,-0.1800000011920929,0.1625,0.0062732670607562,4,442
Bin 3,0.2125,800,0.1375000029802322,-0.0749999970197677,0.1625,0.0121830913100909,4,442
Bin 4,0.2125,800,0.1800000071525573,-0.0324999928474426,0.1625,0.0135915757670522,4,442
Bin 5,0.2125,800,0.2087499946355819,-0.003750005364418,0.1625,0.0143779400761851,4,442
Overall,0.225,4000,0.1174999997019767,-0.1075000002980232,0.1625,0.0050921429745787,4,442
Bin 1,0.225,800,0.0112500004470348,-0.2137499995529651,0.1625,0.0037311788391504,4,442
Bin 2,0.225,800,0.0337500013411045,-0.1912499986588955,0.1625,0.0063886372096919,4,442
Bin 3,0.225,800,0.1437499970197677,-0.0812500029802322,0.1625,0.012411686333373,4,442
Bin 4,0.225,800,0.1837500035762787,-0.0412499964237213,0.1625,0.0137009879321153,4,442
Bin 5,0.225,800,0.2150000035762787,-0.0099999964237213,0.1625,0.0145338486445254,4,442
Overall,0.2375,4000,0.1212500035762786,-0.1162499964237213,0.1625,0.0051617599687266,4,442
Bin 1,0.2375,800,0.0112500004470348,-0.2262499995529651,0.1625,0.0037311788391504,4,442
Bin 2,0.2375,800,0.0362499989569187,-0.2012500010430813,0.1625,0.0066124559413666,4,442
Bin 3,0.2375,800,0.1437499970197677,-0.0937500029802322,0.1625,0.012411686333373,4,442
Bin 4,0.2375,800,0.1912499964237213,-0.0462500035762787,0.1625,0.0139134386050753,4,442
Bin 5,0.2375,800,0.2237499952316284,-0.0137500047683715,0.1625,0.0147437842043006,4,442
Overall,0.25,4000,0.125,-0.125,0.1625,0.005229779069108,4,442
Bin 1,0.25,800,0.0112500004470348,-0.2387499995529651,0.1625,0.0037311788391504,4,442
Bin 2,0.25,800,0.0375000014901161,-0.2124999985098838,0.1625,0.0067211347512655,4,442
Bin 3,0.25,800,0.147499993443489,-0.1025000065565109,0.1625,0.0125449757417887,4,442
Bin 4,0.25,800,0.2000000029802322,-0.0499999970197677,0.1625,0.0141509824579676,4,442
Bin 5,0.25,800,0.228750005364418,-0.0212499946355819,0.1625,0.0148595194503115,4,442
Overall,0.2625,4000,0.1302500069141388,-0.1322499930858612,0.1625,0.0053224357028355,4,442
Bin 1,0.2625,800,0.0112500004470348,-0.2512499995529652,0.1625,0.0037311788391504,4,442
Bin 2,0.2625,800,0.0387500002980232,-0.2237499997019768,0.1625,0.0068277973612989,4,442
Bin 3,0.2625,800,0.1512500047683715,-0.1112499952316284,0.1625,0.0126754739751618,4,442
Bin 4,0.2625,800,0.2062499970197677,-0.0562500029802322,0.1625,0.014314146606279,4,442
Bin 5,0.2625,800,0.2437500059604644,-0.0187499940395355,0.1625,0.0151890856785712,4,442
Overall,0.275,4000,0.1357499957084655,-0.1392500042915344,0.1625,0.0054164400145849,4,442
Bin 1,0.275,800,0.0112500004470348,-0.2637499995529652,0.1625,0.0037311788391504,4,442
Bin 2,0.275,800,0.0387500002980232,-0.2362499997019768,0.1625,0.0068277973612989,4,442
Bin 3,0.275,800,0.1550000011920929,-0.1199999988079071,0.1625,0.0128032674345317,4,442
Bin 4,0.275,800,0.2137500047683715,-0.0612499952316284,0.1625,0.0145030719620715,4,442
Bin 5,0.275,800,0.2599999904632568,-0.0150000095367431,0.1625,0.0155177647156698,4,442
Overall,0.2875,4000,0.1402499973773956,-0.1472500026226044,0.1625,0.0054911310636064,4,442
Bin 1,0.2875,800,0.0112500004470348,-0.2762499995529652,0.1625,0.0037311788391504,4,442
Bin 2,0.2875,800,0.0387500002980232,-0.2487499997019768,0.1625,0.0068277973612989,4,442
Bin 3,0.2875,800,0.1550000011920929,-0.1324999988079071,0.1625,0.0128032674345317,4,442
Bin 4,0.2875,800,0.2224999964237213,-0.0650000035762787,0.1625,0.0147143741334097,4,442
Bin 5,0.2875,800,0.2737500071525574,-0.0137499928474426,0.1625,0.0157741777126404,4,442
Overall,0.3,4000,0.1439999938011169,-0.1560000061988831,0.1625,0.0055519099287413,4,442
Bin 1,0.3,800,0.0112500004470348,-0.2887499995529652,0.1625,0.0037311788391504,4,442
Bin 2,0.3,800,0.0387500002980232,-0.2612499997019768,0.1625,0.0068277973612989,4,442
Bin 3,0.3,800,0.1574999988079071,-0.1425000011920929,0.1625,0.0128870005784683,4,442
Bin 4,0.3,800,0.2325000017881393,-0.0674999982118607,0.1625,0.0149443589490215,4,442
Bin 5,0.3,800,0.2800000011920929,-0.0199999988079071,0.1625,0.0158844380830297,4,442
Overall,0.3125,4000,0.147499993443489,-0.1650000065565109,0.1625,0.0056074766726878,4,442
Bin 1,0.3125,800,0.0112500004470348,-0.3012499995529651,0.1625,0.0037311788391504,4,442
Bin 2,0.3125,800,0.0399999991059303,-0.2725000008940696,0.1625,0.0069325375482045,4,442
Bin 3,0.3125,800,0.1599999964237213,-0.1525000035762787,0.1625,0.012969590489139,4,442
Bin 4,0.3125,800,0.2374999970197677,-0.0750000029802322,0.1625,0.0150549164546929,4,442
Bin 5,0.3125,800,0.2887499928474426,-0.0237500071525573,0.1625,0.0160324061851106,4,442
Overall,0.325,4000,0.1504999995231628,-0.1745000004768371,0.1625,0.005654239686396,4,442
Bin 1,0.325,800,0.0112500004470348,-0.3137499995529652,0.1625,0.0037311788391504,4,442
Bin 2,0.325,800,0.0399999991059303,-0.2850000008940697,0.1625,0.0069325375482045,4,442
Bin 3,0.325,800,0.1624999940395355,-0.1625000059604645,0.1625,0.0130510571862969,4,442
Bin 4,0.325,800,0.2425000071525573,-0.0824999928474426,0.1625,0.0151626037599806,4,442
Bin 5,0.325,800,0.2962499856948852,-0.0287500143051147,0.1625,0.0161534382363081,4,442
Overall,0.3375,4000,0.1535000056028366,-0.1839999943971634,0.1625,0.0057002247223371,4,442
Bin 1,0.3375,800,0.0112500004470348,-0.3262499995529652,0.1625,0.0037311788391504,4,442
Bin 2,0.3375,800,0.0399999991059303,-0.2975000008940697,0.1625,0.0069325375482045,4,442
Bin 3,0.3375,800,0.1650000065565109,-0.1724999934434891,0.1625,0.0131314238507087,4,442
Bin 4,0.3375,800,0.2487500011920929,-0.0887499988079071,0.1625,0.0152932716344189,4,442
Bin 5,0.3375,800,0.3025000095367431,-0.0349999904632568,0.1625,0.0162503001235558,4,442
Overall,0.35,4000,0.1567499935626983,-0.1932500064373016,0.1625,0.005749184545464,4,442
Bin 1,0.35,800,0.0112500004470348,-0.3387499995529652,0.1625,0.0037311788391504,4,442
Bin 2,0.35,800,0.0399999991059303,-0.3100000008940697,0.1625,0.0069325375482045,4,442
Bin 3,0.35,800,0.166250005364418,-0.183749994635582,0.1625,0.0131711999389909,4,442
Bin 4,0.35,800,0.2587499916553497,-0.0912500083446503,0.1625,0.0154934849699139,4,442
Bin 5,0.35,800,0.3075000047683716,-0.0424999952316284,0.1625,0.01632522141514,4,442
Overall,0.3625,4000,0.1599999964237213,-0.2025000035762787,0.1625,0.0057972754461182,4,442
Bin 1,0.3625,800,0.0112500004470348,-0.3512499995529652,0.1625,0.0037311788391504,4,442
Bin 2,0.3625,800,0.0412500016391277,-0.3212499983608723,0.1625,0.0070354396056795,4,442
Bin 3,0.3625,800,0.1700000017881393,-0.1924999982118607,0.1625,0.0132889329456212,4,442
Bin 4,0.3625,800,0.2662500143051147,-0.0962499856948853,0.1625,0.0156367136588797,4,442
Bin 5,0.3625,800,0.3112500011920929,-0.0512499988079071,0.1625,0.0163799332928632,4,442
Overall,0.375,4000,0.1615000069141388,-0.2134999930858612,0.1625,0.0058191846382943,4,442
Bin 1,0.375,800,0.0112500004470348,-0.3637499995529651,0.1625,0.0037311788391504,4,442
Bin 2,0.375,800,0.0412500016391277,-0.3337499983608722,0.1625,0.0070354396056795,4,442
Bin 3,0.375,800,0.1724999994039535,-0.2025000005960464,0.1625,0.0133661143619568,4,442
Bin 4,0.375,800,0.2662500143051147,-0.1087499856948852,0.1625,0.0156367136588797,4,442
Bin 5,0.375,800,0.3162499964237213,-0.0587500035762786,0.1625,0.0164509328201934,4,442
Overall,0.3875,4000,0.1634999960660934,-0.2240000039339065,0.1625,0.005848118248747,4,442
Bin 1,0.3875,800,0.0112500004470348,-0.3762499995529652,0.1625,0.0037311788391504,4,442
Bin 2,0.3875,800,0.0412500016391277,-0.3462499983608723,0.1625,0.0070354396056795,4,442
Bin 3,0.3875,800,0.1737499982118606,-0.2137500017881393,0.1625,0.0134043183727895,4,442
Bin 4,0.3875,800,0.270000010728836,-0.1174999892711639,0.1625,0.0157061579674998,4,442
Bin 5,0.3875,800,0.3212499916553497,-0.0662500083446502,0.1625,0.0165197364967163,4,442
Overall,0.4,4000,0.1650000065565109,-0.2349999934434891,0.1625,0.0058696137131947,4,442
Bin 1,0.4,800,0.0112500004470348,-0.3887499995529652,0.1625,0.0037311788391504,4,442
Bin 2,0.4,800,0.0412500016391277,-0.3587499983608723,0.1625,0.0070354396056795,4,442
Bin 3,0.4,800,0.1737499982118606,-0.2262500017881393,0.1625,0.0134043183727895,4,442
Bin 4,0.4,800,0.2750000059604645,-0.1249999940395355,0.1625,0.015796539776789,4,442
Bin 5,0.4,800,0.3237499892711639,-0.076250010728836,0.1625,0.0165533201592809,4,442
Overall,0.4125,4000,0.1667499989271164,-0.2457500010728836,0.1625,0.0058944713044555,4,442
Bin 1,0.4125,800,0.0112500004470348,-0.4012499995529652,0.1625,0.0037311788391504,4,442
Bin 2,0.4125,800,0.0412500016391277,-0.3712499983608723,0.1625,0.0070354396056795,4,442
Bin 3,0.4125,800,0.1762499958276748,-0.2362500041723251,0.1625,0.0134799677511817,4,442
Bin 4,0.4125,800,0.2775000035762787,-0.1349999964237213,0.1625,0.0158407971287391,4,442
Bin 5,0.4125,800,0.3274999856948852,-0.0850000143051147,0.1625,0.016602687816613,4,442
Overall,0.425,4000,0.1692499965429306,-0.2557500034570694,0.1625,0.0059295778457073,4,442
Bin 1,0.425,800,0.0112500004470348,-0.4137499995529652,0.1625,0.0037311788391504,4,442
Bin 2,0.425,800,0.0412500016391277,-0.3837499983608723,0.1625,0.0070354396056795,4,442
Bin 3,0.425,800,0.1762499958276748,-0.2487500041723251,0.1625,0.0134799677511817,4,442
Bin 4,0.425,800,0.28125,-0.14375,0.1625,0.0159060309671931,4,442
Bin 5,0.425,800,0.3362500071525574,-0.0887499928474426,0.1625,0.0167132168731616,4,442
Overall,0.4375,4000,0.1724999994039535,-0.2650000005960464,0.1625,0.0059745181955735,4,442
Bin 1,0.4375,800,0.0112500004470348,-0.4262499995529651,0.1625,0.0037311788391504,4,442
Bin 2,0.4375,800,0.0412500016391277,-0.3962499983608722,0.1625,0.0070354396056795,4,442
Bin 3,0.4375,800,0.1774999946355819,-0.260000005364418,0.1625,0.0135174183870973,4,442
Bin 4,0.4375,800,0.2837499976158142,-0.1537500023841858,0.1625,0.0159487562811998,4,442
Bin 5,0.4375,800,0.3487499952316284,-0.0887500047683715,0.1625,0.0168600006487993,4,442
Overall,0.45,4000,0.1745000034570694,-0.2754999965429306,0.1625,0.0060017869995747,4,442
Bin 1,0.45,800,0.0112500004470348,-0.4387499995529652,0.1625,0.0037311788391504,4,442
Bin 2,0.45,800,0.0412500016391277,-0.4087499983608723,0.1625,0.0070354396056795,4,442
Bin 3,0.45,800,0.1774999946355819,-0.272500005364418,0.1625,0.0135174183870973,4,442
Bin 4,0.45,800,0.2874999940395355,-0.1625000059604645,0.1625,0.016011718404519,4,442
Bin 5,0.45,800,0.3549999892711639,-0.095000010728836,0.1625,0.0169285830543674,4,442
Overall,0.4625,4000,0.1755000054836273,-0.2869999945163727,0.1625,0.0060153118438341,4,442
Bin 1,0.4625,800,0.0112500004470348,-0.4512499995529652,0.1625,0.0037311788391504,4,442
Bin 2,0.4625,800,0.0425000004470348,-0.4199999995529652,0.1625,0.0071365851932427,4,442
Bin 3,0.4625,800,0.1774999946355819,-0.285000005364418,0.1625,0.0135174183870973,4,442
Bin 4,0.4625,800,0.2874999940395355,-0.1750000059604645,0.1625,0.016011718404519,4,442
Bin 5,0.4625,800,0.3587499856948852,-0.1037500143051147,0.1625,0.016968217950707,4,442
Overall,0.475,4000,0.178749993443489,-0.2962500065565109,0.1625,0.0060587777585498,4,442
Bin 1,0.475,800,0.0112500004470348,-0.4637499995529652,0.1625,0.0037311788391504,4,442
Bin 2,0.475,800,0.0425000004470348,-0.4324999995529652,0.1625,0.0071365851932427,4,442
Bin 3,0.475,800,0.1774999946355819,-0.297500005364418,0.1625,0.0135174183870973,4,442
Bin 4,0.475,800,0.2949999868869781,-0.1800000131130218,0.1625,0.0161336334321928,4,442
Bin 5,0.475,800,0.3675000071525574,-0.1074999928474426,0.1625,0.0170563280448615,4,442
Overall,0.4875,4000,0.1822499930858612,-0.3052500069141388,0.1625,0.0061047561974656,4,442
Bin 1,0.4875,800,0.0112500004470348,-0.4762499995529652,0.1625,0.0037311788391504,4,442
Bin 2,0.4875,800,0.0437499992549419,-0.4437500007450581,0.1625,0.007236047014208,4,442
Bin 3,0.4875,800,0.178749993443489,-0.3087500065565109,0.1625,0.0135546193029354,4,442
Bin 4,0.4875,800,0.3000000119209289,-0.1874999880790711,0.1625,0.0162119875845882,4,442
Bin 5,0.4875,800,0.3774999976158142,-0.1100000023841858,0.1625,0.0171496306307525,4,442
Overall,0.5,4000,0.1825000047683715,-0.3174999952316284,0.1625,0.0061080080597133,4,442
Bin 1,0.5,800,0.0112500004470348,-0.4887499995529651,0.1625,0.0037311788391504,4,442
Bin 2,0.5,800,0.0437499992549419,-0.456250000745058,0.1625,0.007236047014208,4,442
Bin 3,0.5,800,0.178749993443489,-0.3212500065565109,0.1625,0.0135546193029354,4,442
Bin 4,0.5,800,0.3000000119209289,-0.199999988079071,0.1625,0.0162119875845882,4,442
Bin 5,0.5,800,0.3787499964237213,-0.1212500035762786,0.1625,0.0171607447547048,4,442
Overall,0.5125000000000001,4000,0.1852499991655349,-0.3272500008344651,0.1625,0.0061434962859993,4,442
Bin 1,0.5125000000000001,800,0.0112500004470348,-0.5012499995529652,0.1625,0.0037311788391504,4,442
Bin 2,0.5125000000000001,800,0.0437499992549419,-0.4687500007450581,0.1625,0.007236047014208,4,442
Bin 3,0.5125000000000001,800,0.1825000047683715,-0.3299999952316285,0.1625,0.0136647585011353,4,442
Bin 4,0.5125000000000001,800,0.3037500083446502,-0.2087499916553498,0.1625,0.016269243024619,4,442
Bin 5,0.5125000000000001,800,0.3849999904632568,-0.1275000095367432,0.1625,0.0172145041136517,4,442
Overall,0.525,4000,0.186499997973442,-0.3385000020265579,0.1625,0.006159457788668,4,442
Bin 1,0.525,800,0.0112500004470348,-0.5137499995529652,0.1625,0.0037311788391504,4,442
Bin 2,0.525,800,0.0437499992549419,-0.4812500007450581,0.1625,0.007236047014208,4,442
Bin 3,0.525,800,0.1825000047683715,-0.3424999952316284,0.1625,0.0136647585011353,4,442
Bin 4,0.525,800,0.3075000047683716,-0.2174999952316284,0.1625,0.01632522141514,4,442
Bin 5,0.525,800,0.387499988079071,-0.1375000119209289,0.1625,0.0172351676598053,4,442
Overall,0.5375,4000,0.1879999935626983,-0.3495000064373016,0.1625,0.0061784741852581,4,442
Bin 1,0.5375,800,0.0112500004470348,-0.5262499995529651,0.1625,0.0037311788391504,4,442
Bin 2,0.5375,800,0.0437499992549419,-0.493750000745058,0.1625,0.007236047014208,4,442
Bin 3,0.5375,800,0.1825000047683715,-0.3549999952316284,0.1625,0.0136647585011353,4,442
Bin 4,0.5375,800,0.3100000023841858,-0.2274999976158142,0.1625,0.0163618354361126,4,442
Bin 5,0.5375,800,0.3925000131130218,-0.1449999868869781,0.1625,0.0172750607055921,4,442
Overall,0.55,4000,0.1892500072717666,-0.3607499927282334,0.1625,0.0061942071481224,4,442
Bin 1,0.55,800,0.0112500004470348,-0.5387499995529652,0.1625,0.0037311788391504,4,442
Bin 2,0.55,800,0.0437499992549419,-0.5062500007450581,0.1625,0.007236047014208,4,442
Bin 3,0.55,800,0.1837500035762787,-0.3662499964237213,0.1625,0.0137009879321153,4,442
Bin 4,0.55,800,0.3125,-0.2375,0.1625,0.0163978899576713,4,442
Bin 5,0.55,800,0.395000010728836,-0.1549999892711639,0.1625,0.0172942944199101,4,442
Overall,0.5625,4000,0.1930000036954879,-0.369499996304512,0.1625,0.0062407925133641,4,442
Bin 1,0.5625,800,0.0112500004470348,-0.5512499995529652,0.1625,0.0037311788391504,4,442
Bin 2,0.5625,800,0.0437499992549419,-0.5187500007450581,0.1625,0.007236047014208,4,442
Bin 3,0.5625,800,0.1850000023841858,-0.3774999976158142,0.1625,0.0137369802870723,4,442
Bin 4,0.5625,800,0.3187499940395355,-0.2437500059604644,0.1625,0.0164856080861346,4,442
Bin 5,0.5625,800,0.40625,-0.15625,0.1625,0.0173750119568357,4,442
Overall,0.5750000000000001,4000,0.1949999928474426,-0.3800000071525574,0.1625,0.0062652665347264,4,442
Bin 1,0.5750000000000001,800,0.0112500004470348,-0.5637499995529652,0.1625,0.0037311788391504,4,442
Bin 2,0.5750000000000001,800,0.0437499992549419,-0.5312500007450581,0.1625,0.007236047014208,4,442
Bin 3,0.5750000000000001,800,0.1850000023841858,-0.3899999976158143,0.1625,0.0137369802870723,4,442
Bin 4,0.5750000000000001,800,0.3237499892711639,-0.2512500107288361,0.1625,0.0165533201592809,4,442
Bin 5,0.5750000000000001,800,0.4112499952316284,-0.1637500047683716,0.1625,0.0174078443518257,4,442
Overall,0.5875,4000,0.1972499936819076,-0.3902500063180923,0.1625,0.006292495756576,4,442
Bin 1,0.5875,800,0.0112500004470348,-0.5762499995529652,0.1625,0.0037311788391504,4,442
Bin 2,0.5875,800,0.0437499992549419,-0.5437500007450581,0.1625,0.007236047014208,4,442
Bin 3,0.5875,800,0.1850000023841858,-0.4024999976158142,0.1625,0.0137369802870723,4,442
Bin 4,0.5875,800,0.3274999856948852,-0.2600000143051147,0.1625,0.0166026867629418,4,442
Bin 5,0.5875,800,0.418749988079071,-0.1687500119209289,0.1625,0.0174536189903222,4,442
Overall,0.6000000000000001,4000,0.1992499977350235,-0.4007500022649766,0.1625,0.0063164335340262,4,442
Bin 1,0.6000000000000001,800,0.0112500004470348,-0.5887499995529653,0.1625,0.0037311788391504,4,442
Bin 2,0.6000000000000001,800,0.0437499992549419,-0.5562500007450581,0.1625,0.007236047014208,4,442
Bin 3,0.6000000000000001,800,0.1862500011920929,-0.4137499988079072,0.1625,0.0137727366196778,4,442
Bin 4,0.6000000000000001,800,0.3300000131130218,-0.2699999868869782,0.1625,0.0166349301557238,4,442
Bin 5,0.6000000000000001,800,0.4250000119209289,-0.1749999880790711,0.1625,0.0174885977135726,4,442
Overall,0.6125,4000,0.2000000029802322,-0.4124999970197678,0.1625,0.0063253461151815,4,442
Bin 1,0.6125,800,0.0112500004470348,-0.6012499995529652,0.1625,0.0037311788391504,4,442
Bin 2,0.6125,800,0.0437499992549419,-0.5687500007450581,0.1625,0.007236047014208,4,442
Bin 3,0.6125,800,0.1862500011920929,-0.4262499988079071,0.1625,0.0137727366196778,4,442
Bin 4,0.6125,800,0.3312500119209289,-0.2812499880790711,0.1625,0.0166508511277488,4,442
Bin 5,0.6125,800,0.4275000095367431,-0.1849999904632568,0.1625,0.017501787569814,4,442
Overall,0.625,4000,0.2010000050067901,-0.4239999949932098,0.1625,0.0063371750527274,4,442
Bin 1,0.625,800,0.0112500004470348,-0.6137499995529652,0.1625,0.0037311788391504,4,442
Bin 2,0.625,800,0.0437499992549419,-0.5812500007450581,0.1625,0.007236047014208,4,442
Bin 3,0.625,800,0.1862500011920929,-0.4387499988079071,0.1625,0.0137727366196778,4,442
Bin 4,0.625,800,0.332500010728836,-0.2924999892711639,0.1625,0.0166666414445434,4,442
Bin 5,0.625,800,0.4312500059604645,-0.1937499940395355,0.1625,0.0175207167731515,4,442
Overall,0.6375000000000001,4000,0.2022500038146972,-0.4352499961853028,0.1625,0.0063518755811352,4,442
Bin 1,0.6375000000000001,800,0.0112500004470348,-0.6262499995529652,0.1625,0.0037311788391504,4,442
Bin 2,0.6375000000000001,800,0.0437499992549419,-0.5937500007450581,0.1625,0.007236047014208,4,442
Bin 3,0.6375000000000001,800,0.1862500011920929,-0.4512499988079071,0.1625,0.0137727366196778,4,442
Bin 4,0.6375000000000001,800,0.332500010728836,-0.304999989271164,0.1625,0.0166666414445434,4,442
Bin 5,0.6375000000000001,800,0.4375,-0.2,0.1625,0.0175499909204559,4,442
Overall,0.65,4000,0.2029999941587448,-0.4470000058412552,0.1625,0.0063606491535435,4,442
Bin 1,0.65,800,0.0112500004470348,-0.6387499995529652,0.1625,0.0037311788391504,4,442
Bin 2,0.65,800,0.0437499992549419,-0.6062500007450581,0.1625,0.007236047014208,4,442
Bin 3,0.65,800,0.1862500011920929,-0.4637499988079071,0.1625,0.0137727366196778,4,442
Bin 4,0.65,800,0.3337500095367431,-0.3162499904632568,0.1625,0.016682297945094,4,442
Bin 5,0.65,800,0.4399999976158142,-0.2100000023841858,0.1625,0.0175609080078915,4,442
Overall,0.6625000000000001,4000,0.2045000046491623,-0.4579999953508378,0.1625,0.0063780959293327,4,442
Bin 1,0.6625000000000001,800,0.0112500004470348,-0.6512499995529653,0.1625,0.0037311788391504,4,442
Bin 2,0.6625000000000001,800,0.0437499992549419,-0.6187500007450581,0.1625,0.007236047014208,4,442
Bin 3,0.6625000000000001,800,0.1862500011920929,-0.4762499988079072,0.1625,0.0137727366196778,4,442
Bin 4,0.6625000000000001,800,0.3350000083446502,-0.3274999916553498,0.1625,0.0166978216830718,4,442
Bin 5,0.6625000000000001,800,0.4462499916553497,-0.2162500083446503,0.1625,0.017586225619792,4,442
Overall,0.675,4000,0.2055000066757202,-0.4694999933242798,0.1625,0.0063896515615455,4,442
Bin 1,0.675,800,0.0112500004470348,-0.6637499995529652,0.1625,0.0037311788391504,4,442
Bin 2,0.675,800,0.0437499992549419,-0.6312500007450581,0.1625,0.007236047014208,4,442
Bin 3,0.675,800,0.1862500011920929,-0.4887499988079071,0.1625,0.0137727366196778,4,442
Bin 4,0.675,800,0.3350000083446502,-0.3399999916553498,0.1625,0.0166978216830718,4,442
Bin 5,0.675,800,0.4512499868869781,-0.2237500131130219,0.1625,0.0176044509707593,4,442
Overall,0.6875,4000,0.2072499990463256,-0.4802500009536743,0.1625,0.0064097291367738,4,442
Bin 1,0.6875,800,0.0112500004470348,-0.6762499995529652,0.1625,0.0037311788391504,4,442
Bin 2,0.6875,800,0.0437499992549419,-0.6437500007450581,0.1625,0.007236047014208,4,442
Bin 3,0.6875,800,0.1875,-0.5,0.1625,0.013808259037274,4,442
Bin 4,0.6875,800,0.3387500047683716,-0.3487499952316284,0.1625,0.016743610019294,4,442
Bin 5,0.6875,800,0.4550000131130218,-0.2324999868869781,0.1625,0.0176169443503291,4,442
Overall,0.7000000000000001,4000,0.2084999978542328,-0.4915000021457673,0.1625,0.0064239598627383,4,442
Bin 1,0.7000000000000001,800,0.0112500004470348,-0.6887499995529652,0.1625,0.0037311788391504,4,442
Bin 2,0.7000000000000001,800,0.0437499992549419,-0.6562500007450581,0.1625,0.007236047014208,4,442
Bin 3,0.7000000000000001,800,0.1875,-0.5125000000000001,0.1625,0.013808259037274,4,442
Bin 4,0.7000000000000001,800,0.3400000035762787,-0.3599999964237214,0.1625,0.0167586121900214,4,442
Bin 5,0.7000000000000001,800,0.4600000083446502,-0.2399999916553498,0.1625,0.0176320339757673,4,442
Overall,0.7125,4000,0.209999993443489,-0.502500006556511,0.1625,0.0064409142177119,4,442
Bin 1,0.7125,800,0.0112500004470348,-0.7012499995529652,0.1625,0.0037311788391504,4,442
Bin 2,0.7125,800,0.0437499992549419,-0.6687500007450581,0.1625,0.007236047014208,4,442
Bin 3,0.7125,800,0.1875,-0.525,0.1625,0.013808259037274,4,442
Bin 4,0.7125,800,0.3412500023841858,-0.3712499976158142,0.1625,0.0167734826518473,4,442
Bin 5,0.7125,800,0.4662500023841858,-0.2462499976158142,0.1625,0.0176483858993183,4,442
Overall,0.7250000000000001,4000,0.2117500007152557,-0.5132499992847444,0.1625,0.0064605271738739,4,442
Bin 1,0.7250000000000001,800,0.0112500004470348,-0.7137499995529653,0.1625,0.0037311788391504,4,442
Bin 2,0.7250000000000001,800,0.0437499992549419,-0.6812500007450581,0.1625,0.007236047014208,4,442
Bin 3,0.7250000000000001,800,0.1875,-0.5375000000000001,0.1625,0.013808259037274,4,442
Bin 4,0.7250000000000001,800,0.3412500023841858,-0.3837499976158143,0.1625,0.0167734826518473,4,442
Bin 5,0.7250000000000001,800,0.4749999940395355,-0.2500000059604645,0.1625,0.0176666038745871,4,442
Overall,0.7375,4000,0.213249996304512,-0.524250003695488,0.1625,0.0064771983279764,4,442
Bin 1,0.7375,800,0.0112500004470348,-0.7262499995529652,0.1625,0.0037311788391504,4,442
Bin 2,0.7375,800,0.0437499992549419,-0.6937500007450581,0.1625,0.007236047014208,4,442
Bin 3,0.7375,800,0.1875,-0.55,0.1625,0.013808259037274,4,442
Bin 4,0.7375,800,0.3425000011920929,-0.3949999988079071,0.1625,0.0167882245657852,4,442
Bin 5,0.7375,800,0.481249988079071,-0.256250011920929,0.1625,0.0176762860593613,4,442
Overall,0.75,4000,0.2152500003576278,-0.5347499996423721,0.1625,0.0064992248529593,4,442
Bin 1,0.75,800,0.0112500004470348,-0.7387499995529652,0.1625,0.0037311788391504,4,442
Bin 2,0.75,800,0.0437499992549419,-0.7062500007450581,0.1625,0.007236047014208,4,442
Bin 3,0.75,800,0.1899999976158142,-0.5600000023841858,0.1625,0.0138786084494659,4,442
Bin 4,0.75,800,0.3449999988079071,-0.4050000011920929,0.1625,0.0168173206426547,4,442
Bin 5,0.75,800,0.4862500131130218,-0.2637499868869781,0.1625,0.0176820380505118,4,442
Overall,0.7625000000000001,4000,0.2164999991655349,-0.5460000008344651,0.1625,0.006512875040699,4,442
Bin 1,0.7625000000000001,800,0.0112500004470348,-0.7512499995529652,0.1625,0.0037311788391504,4,442
Bin 2,0.7625000000000001,800,0.0437499992549419,-0.7187500007450581,0.1625,0.007236047014208,4,442
Bin 3,0.7625000000000001,800,0.1899999976158142,-0.5725000023841859,0.1625,0.0138786084494659,4,442
Bin 4,0.7625000000000001,800,0.3499999940395355,-0.4125000059604645,0.1625,0.0168739702217382,4,442
Bin 5,0.7625000000000001,800,0.4875000119209289,-0.2749999880790711,0.1625,0.0176831991961883,4,442
Overall,0.775,4000,0.2169999927282333,-0.5580000072717667,0.1625,0.0065183105183149,4,442
Bin 1,0.775,800,0.0112500004470348,-0.7637499995529652,0.1625,0.0037311788391504,4,442
Bin 2,0.775,800,0.0437499992549419,-0.7312500007450581,0.1625,0.007236047014208,4,442
Bin 3,0.775,800,0.1899999976158142,-0.5850000023841858,0.1625,0.0138786084494659,4,442
Bin 4,0.775,800,0.3499999940395355,-0.4250000059604645,0.1625,0.0168739702217382,4,442
Bin 5,0.775,800,0.4900000095367431,-0.2849999904632568,0.1625,0.017685188527438,4,442
Overall,0.7875000000000001,4000,0.2185000032186508,-0.5689999967813493,0.1625,0.0065345321322661,4,442
Bin 1,0.7875000000000001,800,0.0112500004470348,-0.7762499995529653,0.1625,0.0037311788391504,4,442
Bin 2,0.7875000000000001,800,0.0437499992549419,-0.7437500007450581,0.1625,0.007236047014208,4,442
Bin 3,0.7875000000000001,800,0.1899999976158142,-0.5975000023841859,0.1625,0.0138786084494659,4,442
Bin 4,0.7875000000000001,800,0.3512499928474426,-0.4362500071525574,0.1625,0.016887815461474,4,442
Bin 5,0.7875000000000001,800,0.4962500035762787,-0.2912499964237214,0.1625,0.0176882315299005,4,442
Overall,0.8,4000,0.2199999988079071,-0.5800000011920929,0.1625,0.0065506274603048,4,442
Bin 1,0.8,800,0.0112500004470348,-0.7887499995529652,0.1625,0.0037311788391504,4,442
Bin 2,0.8,800,0.0437499992549419,-0.7562500007450581,0.1625,0.007236047014208,4,442
Bin 3,0.8,800,0.1899999976158142,-0.6100000023841858,0.1625,0.0138786084494659,4,442
Bin 4,0.8,800,0.3549999892711639,-0.4450000107288361,0.1625,0.0169285830543674,4,442
Bin 5,0.8,800,0.5,-0.3,0.1625,0.0176887288627129,4,442
Overall,0.8125,4000,0.2207500040531158,-0.5917499959468842,0.1625,0.0065586296519713,4,442
Bin 1,0.8125,800,0.0112500004470348,-0.8012499995529652,0.1625,0.0037311788391504,4,442
Bin 2,0.8125,800,0.0437499992549419,-0.7687500007450581,0.1625,0.007236047014208,4,442
Bin 3,0.8125,800,0.1899999976158142,-0.6225000023841858,0.1625,0.0138786084494659,4,442
Bin 4,0.8125,800,0.3574999868869781,-0.4550000131130218,0.1625,0.0169551334615868,4,442
Bin 5,0.8125,800,0.5012500286102295,-0.3112499713897705,0.1625,0.0176886740718098,4,442
Overall,0.8250000000000001,4000,0.2212499976158142,-0.6037500023841859,0.1625,0.0065639454407,4,442
Bin 1,0.8250000000000001,800,0.0112500004470348,-0.8137499995529652,0.1625,0.0037311788391504,4,442
Bin 2,0.8250000000000001,800,0.0437499992549419,-0.7812500007450581,0.1625,0.007236047014208,4,442
Bin 3,0.8250000000000001,800,0.1899999976158142,-0.6350000023841859,0.1625,0.0138786084494659,4,442
Bin 4,0.8250000000000001,800,0.3587499856948852,-0.4662500143051148,0.1625,0.016968217950707,4,442
Bin 5,0.8250000000000001,800,0.5024999976158142,-0.3225000023841858,0.1625,0.0176885075917582,4,442
Overall,0.8375,4000,0.2214999943971634,-0.6160000056028366,0.1625,0.0065665988585114,4,442
Bin 1,0.8375,800,0.0112500004470348,-0.8262499995529652,0.1625,0.0037311788391504,4,442
Bin 2,0.8375,800,0.0437499992549419,-0.7937500007450581,0.1625,0.007236047014208,4,442
Bin 3,0.8375,800,0.1899999976158142,-0.6475000023841858,0.1625,0.0138786084494659,4,442
Bin 4,0.8375,800,0.3587499856948852,-0.4787500143051147,0.1625,0.016968217950707,4,442
Bin 5,0.8375,800,0.5037500262260437,-0.3337499737739563,0.1625,0.0176882315299005,4,442
Overall,0.8500000000000001,4000,0.2220000028610229,-0.6279999971389771,0.1625,0.0065718943849481,4,442
Bin 1,0.8500000000000001,800,0.0112500004470348,-0.8387499995529653,0.1625,0.0037311788391504,4,442
Bin 2,0.8500000000000001,800,0.0437499992549419,-0.8062500007450581,0.1625,0.007236047014208,4,442
Bin 3,0.8500000000000001,800,0.1899999976158142,-0.6600000023841859,0.1625,0.0138786084494659,4,442
Bin 4,0.8500000000000001,800,0.3587499856948852,-0.4912500143051148,0.1625,0.016968217950707,4,442
Bin 5,0.8500000000000001,800,0.5062500238418579,-0.3437499761581422,0.1625,0.0176873443387393,4,442
Overall,0.8625,4000,0.2224999964237213,-0.6400000035762787,0.1625,0.0065771762461182,4,442
Bin 1,0.8625,800,0.0112500004470348,-0.8512499995529652,0.1625,0.0037311788391504,4,442
Bin 2,0.8625,800,0.0437499992549419,-0.8187500007450581,0.1625,0.007236047014208,4,442
Bin 3,0.8625,800,0.1899999976158142,-0.6725000023841858,0.1625,0.0138786084494659,4,442
Bin 4,0.8625,800,0.3587499856948852,-0.5037500143051148,0.1625,0.016968217950707,4,442
Bin 5,0.8625,800,0.5087500214576721,-0.3537499785423279,0.1625,0.0176860209276961,4,442
Overall,0.875,4000,0.22325000166893,-0.65174999833107,0.1625,0.0065850738278124,4,442
Bin 1,0.875,800,0.0112500004470348,-0.8637499995529652,0.1625,0.0037311788391504,4,442
Bin 2,0.875,800,0.0437499992549419,-0.8312500007450581,0.1625,0.007236047014208,4,442
Bin 3,0.875,800,0.1899999976158142,-0.6850000023841858,0.1625,0.0138786084494659,4,442
Bin 4,0.875,800,0.3587499856948852,-0.5162500143051147,0.1625,0.016968217950707,4,442
Bin 5,0.875,800,0.512499988079071,-0.3625000119209289,0.1625,0.0176832013035307,4,442
Overall,0.8875000000000001,4000,0.2234999984502792,-0.6640000015497208,0.1625,0.0065876999150905,4,442
Bin 1,0.8875000000000001,800,0.0112500004470348,-0.8762499995529652,0.1625,0.0037311788391504,4,442
Bin 2,0.8875000000000001,800,0.0437499992549419,-0.8437500007450581,0.1625,0.007236047014208,4,442
Bin 3,0.8875000000000001,800,0.1899999976158142,-0.6975000023841859,0.1625,0.0138786084494659,4,442
Bin 4,0.8875000000000001,800,0.3587499856948852,-0.5287500143051148,0.1625,0.016968217950707,4,442
Bin 5,0.8875000000000001,800,0.5137500166893005,-0.3737499833106995,0.1625,0.0176820380505118,4,442
Overall,0.9,4000,0.2242500036954879,-0.675749996304512,0.1625,0.0065955560297687,4,442
Bin 1,0.9,800,0.0112500004470348,-0.8887499995529652,0.1625,0.0037311788391504,4,442
Bin 2,0.9,800,0.0437499992549419,-0.8562500007450581,0.1625,0.007236047014208,4,442
Bin 3,0.9,800,0.1899999976158142,-0.7100000023841858,0.1625,0.0138786084494659,4,442
Bin 4,0.9,800,0.3600000143051147,-0.5399999856948853,0.1625,0.0169811791602953,4,442
Bin 5,0.9,800,0.5162500143051147,-0.3837499856948853,0.1625,0.0176793827990556,4,442
Overall,0.9125,4000,0.2247499972581863,-0.6877500027418137,0.1625,0.0066007766328468,4,442
Bin 1,0.9125,800,0.0112500004470348,-0.9012499995529653,0.1625,0.0037311788391504,4,442
Bin 2,0.9125,800,0.0437499992549419,-0.8687500007450581,0.1625,0.007236047014208,4,442
Bin 3,0.9125,800,0.1899999976158142,-0.7225000023841859,0.1625,0.0138786084494659,4,442
Bin 4,0.9125,800,0.3600000143051147,-0.5524999856948853,0.1625,0.0169811791602953,4,442
Bin 5,0.9125,800,0.518750011920929,-0.3937499880790711,0.1625,0.0176762860593613,4,442
Overall,0.925,4000,0.2257499992847442,-0.6992500007152558,0.1625,0.0066111773144193,4,442
Bin 1,0.925,800,0.0112500004470348,-0.9137499995529652,0.1625,0.0037311788391504,4,442
Bin 2,0.925,800,0.0437499992549419,-0.8812500007450581,0.1625,0.007236047014208,4,442
Bin 3,0.925,800,0.1899999976158142,-0.7350000023841858,0.1625,0.0138786084494659,4,442
Bin 4,0.925,800,0.3600000143051147,-0.5649999856948853,0.1625,0.0169811791602953,4,442
Bin 5,0.925,800,0.5237500071525574,-0.4012499928474426,0.1625,0.0176687617932309,4,442
Overall,0.9375,4000,0.2272499948740005,-0.7102500051259995,0.1625,0.0066266765541022,4,442
Bin 1,0.9375,800,0.0112500004470348,-0.9262499995529652,0.1625,0.0037311788391504,4,442
Bin 2,0.9375,800,0.0437499992549419,-0.8937500007450581,0.1625,0.007236047014208,4,442
Bin 3,0.9375,800,0.1899999976158142,-0.7475000023841858,0.1625,0.0138786084494659,4,442
Bin 4,0.9375,800,0.3625000119209289,-0.574999988079071,0.1625,0.017006725418849,4,442
Bin 5,0.9375,800,0.5287500023841858,-0.4087499976158142,0.1625,0.0176594631447781,4,442
Overall,0.95,4000,0.2284999936819076,-0.7215000063180924,0.1625,0.0066394997576012,4,442
Bin 1,0.95,800,0.0112500004470348,-0.9387499995529652,0.1625,0.0037311788391504,4,442
Bin 2,0.95,800,0.0437499992549419,-0.906250000745058,0.1625,0.007236047014208,4,442
Bin 3,0.95,800,0.1899999976158142,-0.7600000023841859,0.1625,0.0138786084494659,4,442
Bin 4,0.95,800,0.363750010728836,-0.586249989271164,0.1625,0.0170193125751568,4,442
Bin 5,0.95,800,0.5337499976158142,-0.4162500023841858,0.1625,0.0176483858993183,4,442
Overall,0.9625,4000,0.2290000021457672,-0.7334999978542328,0.1625,0.0066446063263852,4,442
Bin 1,0.9625,800,0.0112500004470348,-0.9512499995529652,0.1625,0.0037311788391504,4,442
Bin 2,0.9625,800,0.0437499992549419,-0.918750000745058,0.1625,0.007236047014208,4,442
Bin 3,0.9625,800,0.1899999976158142,-0.7725000023841858,0.1625,0.0138786084494659,4,442
Bin 4,0.9625,800,0.363750010728836,-0.598749989271164,0.1625,0.0170193125751568,4,442
Bin 5,0.9625,800,0.5362499952316284,-0.4262500047683716,0.1625,0.0176421787222038,4,442
Overall,0.975,4000,0.2290000021457672,-0.7459999978542329,0.1625,0.0066446063263852,4,442
Bin 1,0.975,800,0.0112500004470348,-0.9637499995529653,0.1625,0.0037311788391504,4,442
Bin 2,0.975,800,0.0437499992549419,-0.931250000745058,0.1625,0.007236047014208,4,442
Bin 3,0.975,800,0.1899999976158142,-0.7850000023841859,0.1625,0.0138786084494659,4,442
Bin 4,0.975,800,0.363750010728836,-0.611249989271164,0.1625,0.0170193125751568,4,442
Bin 5,0.975,800,0.5362499952316284,-0.4387500047683716,0.1625,0.0176421787222038,4,442
Overall,0.9875,4000,0.2290000021457672,-0.7584999978542328,0.1625,0.0066446063263852,4,442
Bin 1,0.9875,800,0.0112500004470348,-0.9762499995529652,0.1625,0.0037311788391504,4,442
Bin 2,0.9875,800,0.0437499992549419,-0.943750000745058,0.1625,0.007236047014208,4,442
Bin 3,0.9875,800,0.1899999976158142,-0.7975000023841858,0.1625,0.0138786084494659,4,442
Bin 4,0.9875,800,0.363750010728836,-0.623749989271164,0.1625,0.0170193125751568,4,442
Bin 5,0.9875,800,0.5362499952316284,-0.4512500047683716,0.1625,0.0176421787222038,4,442
Overall,1.0,4000,0.2290000021457672,-0.7709999978542328,0.1625,0.0066446063263852,4,442
Bin 1,1.0,800,0.0112500004470348,-0.9887499995529652,0.1625,0.0037311788391504,4,442
Bin 2,1.0,800,0.0437499992549419,-0.956250000745058,0.1625,0.007236047014208,4,442
Bin 3,1.0,800,0.1899999976158142,-0.8100000023841858,0.1625,0.0138786084494659,4,442
Bin 4,1.0,800,0.363750010728836,-0.6362499892711639,0.1625,0.0170193125751568,4,442
Bin 5,1.0,800,0.5362499952316284,-0.4637500047683716,0.1625,0.0176421787222038,4,442
Overall,0.0,4000,0.0002500000118743,0.0002500000118743,0.175,0.0002500000159901,5,542
Bin 1,0.0,800,0.0,0.0,0.175,0.0,5,542
Bin 2,0.0,800,0.0,0.0,0.175,0.0,5,542
Bin 3,0.0,800,0.0012499999720603,0.0012499999720603,0.175,0.0012499999259236,5,542
Bin 4,0.0,800,0.0,0.0,0.175,0.0,5,542
Bin 5,0.0,800,0.0,0.0,0.175,0.0,5,542
Overall,0.0125,4000,0.0132499998435378,0.0007499998435378,0.175,0.0018081554520253,5,542
Bin 1,0.0125,800,0.0037499999161809,-0.008750000083819,0.175,0.0021623519653855,5,542
Bin 2,0.0125,800,0.0087500000372529,-0.003749999962747,0.175,0.0032947482228201,5,542
Bin 3,0.0125,800,0.0212500002235174,0.0087500002235174,0.175,0.0051020182578574,5,542
Bin 4,0.0125,800,0.0199999995529651,0.0074999995529651,0.175,0.0049528442290735,5,542
Bin 5,0.0125,800,0.0125000001862645,1.8626451422920626e-10,0.175,0.003930521315388,5,542
Overall,0.025,4000,0.0195000004023313,-0.0054999995976686,0.175,0.0021865804954464,5,542
Bin 1,0.025,800,0.0049999998882412,-0.0200000001117587,0.175,0.002495302058745,5,542
Bin 2,0.025,800,0.0125000001862645,-0.0124999998137354,0.175,0.003930521315388,5,542
Bin 3,0.025,800,0.03125,0.0062499999999999,0.175,0.0061554170966212,5,542
Bin 4,0.025,800,0.0237499997019767,-0.0012500002980232,0.175,0.0053868998704903,5,542
Bin 5,0.025,800,0.025000000372529,3.725290284584125e-10,0.175,0.0055233039310109,5,542
Overall,0.0375,4000,0.026750000193715,-0.0107499998062849,0.175,0.0025515163892271,5,542
Bin 1,0.0375,800,0.0049999998882412,-0.0325000001117587,0.175,0.002495302058745,5,542
Bin 2,0.0375,800,0.0162499994039535,-0.0212500005960464,0.175,0.0044729665339558,5,542
Bin 3,0.0375,800,0.0387500002980232,0.0012500002980232,0.175,0.0068277973612989,5,542
Bin 4,0.0375,800,0.0337500013411045,-0.0037499986588954,0.175,0.0063886372096919,5,542
Bin 5,0.0375,800,0.0399999991059303,0.0024999991059303,0.175,0.0069325380750401,5,542
Overall,0.05,4000,0.0362499989569187,-0.0137500010430812,0.175,0.0029557010493122,5,542
Bin 1,0.05,800,0.0049999998882412,-0.0450000001117587,0.175,0.002495302058745,5,542
Bin 2,0.05,800,0.018750000745058,-0.0312499992549419,0.175,0.004798627856701,5,542
Bin 3,0.05,800,0.0524999983608722,0.0024999983608722,0.175,0.0078903425930252,5,542
Bin 4,0.05,800,0.0487499982118606,-0.0012500017881393,0.175,0.0076183558086942,5,542
Bin 5,0.05,800,0.0562499985098838,0.0062499985098838,0.175,0.0081511025105841,5,542
Overall,0.0625,4000,0.0480000004172325,-0.0144999995827674,0.175,0.0033803635826954,5,542
Bin 1,0.0625,800,0.0049999998882412,-0.0575000001117587,0.175,0.002495302058745,5,542
Bin 2,0.0625,800,0.0212500002235174,-0.0412499997764825,0.175,0.0051020177310218,5,542
Bin 3,0.0625,800,0.0724999979138374,0.0099999979138374,0.175,0.0091738695466858,5,542
Bin 4,0.0625,800,0.0737499967217445,0.0112499967217445,0.175,0.0092463789848639,5,542
Bin 5,0.0625,800,0.067500002682209,0.005000002682209,0.175,0.0088757058815803,5,542
Overall,0.075,4000,0.0590000003576278,-0.0159999996423721,0.175,0.0037260191988747,5,542
Bin 1,0.075,800,0.0049999998882412,-0.0700000001117587,0.175,0.002495302058745,5,542
Bin 2,0.075,800,0.0225000008940696,-0.0524999991059303,0.175,0.0052465787872361,5,542
Bin 3,0.075,800,0.0887499973177909,0.0137499973177909,0.175,0.0100607309087505,5,542
Bin 4,0.075,800,0.0912500023841857,0.0162500023841857,0.175,0.0101874454087985,5,542
Bin 5,0.075,800,0.0874999985098838,0.0124999985098838,0.175,0.0099964790918669,5,542
Overall,0.0875,4000,0.0689999982714653,-0.0185000017285347,0.175,0.0040079623941412,5,542
Bin 1,0.0875,800,0.0049999998882412,-0.0825000001117587,0.175,0.002495302058745,5,542
Bin 2,0.0875,800,0.025000000372529,-0.0624999996274709,0.175,0.0055233039310109,5,542
Bin 3,0.0875,800,0.1000000014901161,0.0125000014901161,0.175,0.0106132371068935,5,542
Bin 4,0.0875,800,0.1124999970197677,0.0249999970197677,0.175,0.0111785907181338,5,542
Bin 5,0.0875,800,0.1024999991059303,0.0149999991059303,0.175,0.0107301493036491,5,542
Overall,0.1,4000,0.0740000009536743,-0.0259999990463256,0.175,0.0041394788052896,5,542
Bin 1,0.1,800,0.0062500000931322,-0.0937499999068677,0.175,0.0027880796200286,5,542
Bin 2,0.1,800,0.0262499991804361,-0.0737500008195638,0.175,0.0056560733526831,5,542
Bin 3,0.1,800,0.1024999991059303,0.0024999991059303,0.175,0.0107301493036491,5,542
Bin 4,0.1,800,0.1237500011920929,0.0237500011920928,0.175,0.0116496597219127,5,542
Bin 5,0.1,800,0.1112499982118606,0.0112499982118606,0.175,0.0111241390972001,5,542
Overall,0.1125,4000,0.0794999971985817,-0.0330000028014183,0.175,0.0042777925085585,5,542
Bin 1,0.1125,800,0.0062500000931322,-0.1062499999068677,0.175,0.0027880796200286,5,542
Bin 2,0.1125,800,0.0274999998509883,-0.0850000001490116,0.175,0.0057854583824199,5,542
Bin 3,0.1125,800,0.1049999967217445,-0.0075000032782554,0.175,0.0108450795448534,5,542
Bin 4,0.1125,800,0.1362500041723251,0.0237500041723251,0.175,0.0121363715285165,5,542
Bin 5,0.1125,800,0.1225000023841857,0.0100000023841857,0.175,0.0115989380970723,5,542
Overall,0.125,4000,0.0839999988675117,-0.0410000011324882,0.175,0.0043864346769754,5,542
Bin 1,0.125,800,0.0062500000931322,-0.1187499999068677,0.175,0.0027880796200286,5,542
Bin 2,0.125,800,0.0287500005215406,-0.0962499994784593,0.175,0.0059116813448471,5,542
Bin 3,0.125,800,0.1124999970197677,-0.0125000029802322,0.175,0.0111785907181338,5,542
Bin 4,0.125,800,0.1400000005960464,0.0150000005960464,0.175,0.0122755182952041,5,542
Bin 5,0.125,800,0.1324999928474426,0.0074999928474426,0.175,0.0119941438272029,5,542
Overall,0.1375,4000,0.0895000025629997,-0.0479999974370002,0.175,0.0045141483742652,5,542
Bin 1,0.1375,800,0.0062500000931322,-0.1312499999068677,0.175,0.0027880796200286,5,542
Bin 2,0.1375,800,0.0287500005215406,-0.1087499994784593,0.175,0.0059116813448471,5,542
Bin 3,0.1375,800,0.1187499985098838,-0.0187500014901161,0.175,0.0114443993013086,5,542
Bin 4,0.1375,800,0.147499993443489,0.009999993443489,0.175,0.0125449746881175,5,542
Bin 5,0.1375,800,0.1462499946355819,0.0087499946355819,0.175,0.0125008595817812,5,542
Overall,0.15,4000,0.093249998986721,-0.0567500010132789,0.175,0.0045982491374186,5,542
Bin 1,0.15,800,0.0062500000931322,-0.1437499999068677,0.175,0.0027880796200286,5,542
Bin 2,0.15,800,0.0299999993294477,-0.1200000006705522,0.175,0.0060349419106597,5,542
Bin 3,0.15,800,0.1212500035762786,-0.0287499964237213,0.175,0.0115478234528695,5,542
Bin 4,0.15,800,0.1537500023841858,0.0037500023841857,0.175,0.0127609646426813,5,542
Bin 5,0.15,800,0.1550000011920929,0.0050000011920928,0.175,0.0128032674345317,5,542
Overall,0.1625,4000,0.0979999974370002,-0.0645000025629997,0.175,0.0047015448880609,5,542
Bin 1,0.1625,800,0.0062500000931322,-0.1562499999068677,0.175,0.0027880796200286,5,542
Bin 2,0.1625,800,0.0324999988079071,-0.1300000011920929,0.175,0.0062732670607562,5,542
Bin 3,0.1625,800,0.1262499988079071,-0.0362500011920929,0.175,0.011749946040602,5,542
Bin 4,0.1625,800,0.1624999940395355,-5.960464483090178e-09,0.175,0.0130510571862969,5,542
Bin 5,0.1625,800,0.1624999940395355,-5.960464483090178e-09,0.175,0.0130510571862969,5,542
Overall,0.175,4000,0.1035000011324882,-0.0714999988675117,0.175,0.0048169221480742,5,542
Bin 1,0.175,800,0.0062500000931322,-0.1687499999068677,0.175,0.0027880796200286,5,542
Bin 2,0.175,800,0.0350000001490116,-0.1399999998509884,0.175,0.0065016603060011,5,542
Bin 3,0.175,800,0.1299999952316284,-0.0450000047683716,0.175,0.0118975601091553,5,542
Bin 4,0.175,800,0.1712500005960464,-0.0037499994039535,0.175,0.0133276532553482,5,542
Bin 5,0.175,800,0.1749999970197677,-2.9802322554228766e-09,0.175,0.0134422695025311,5,542
Overall,0.1875,4000,0.1072499975562095,-0.0802500024437904,0.175,0.0048931427645288,5,542
Bin 1,0.1875,800,0.0062500000931322,-0.1812499999068677,0.175,0.0027880796200286,5,542
Bin 2,0.1875,800,0.0350000001490116,-0.1524999998509884,0.175,0.0065016603060011,5,542
Bin 3,0.1875,800,0.1362500041723251,-0.0512499958276748,0.175,0.0121363715285165,5,542
Bin 4,0.1875,800,0.1737499982118606,-0.0137500017881393,0.175,0.0134043183727895,5,542
Bin 5,0.1875,800,0.1850000023841858,-0.0024999976158142,0.175,0.0137369802870723,5,542
Overall,0.2,4000,0.1110000014305114,-0.0889999985694885,0.175,0.0049674860560748,5,542
Bin 1,0.2,800,0.0062500000931322,-0.1937499999068677,0.175,0.0027880796200286,5,542
Bin 2,0.2,800,0.0350000001490116,-0.1649999998509884,0.175,0.0065016603060011,5,542
Bin 3,0.2,800,0.1375000029802322,-0.0624999970197677,0.175,0.0121830913100909,5,542
Bin 4,0.2,800,0.1800000071525573,-0.0199999928474426,0.175,0.0135915757670522,5,542
Bin 5,0.2,800,0.1962500065565109,-0.003749993443489,0.175,0.0140505043711176,5,542
Overall,0.2125,4000,0.1145000010728836,-0.0979999989271164,0.175,0.0050352535270634,5,542
Bin 1,0.2125,800,0.0062500000931322,-0.2062499999068677,0.175,0.0027880796200286,5,542
Bin 2,0.2125,800,0.0350000001490116,-0.1774999998509884,0.175,0.0065016603060011,5,542
Bin 3,0.2125,800,0.1400000005960464,-0.0724999994039535,0.175,0.0122755182952041,5,542
Bin 4,0.2125,800,0.1875,-0.025,0.175,0.013808259037274,5,542
Bin 5,0.2125,800,0.2037499994039535,-0.0087500005960464,0.175,0.01424951652143,5,542
Overall,0.225,4000,0.1192499995231628,-0.1057500004768371,0.175,0.0051248340621453,5,542
Bin 1,0.225,800,0.0062500000931322,-0.2187499999068677,0.175,0.0027880796200286,5,542
Bin 2,0.225,800,0.0375000014901161,-0.1874999985098839,0.175,0.0067211347512655,5,542
Bin 3,0.225,800,0.1462499946355819,-0.078750005364418,0.175,0.0125008595817812,5,542
Bin 4,0.225,800,0.1949999928474426,-0.0300000071525573,0.175,0.0140165740507239,5,542
Bin 5,0.225,800,0.2112500071525573,-0.0137499928474426,0.175,0.0144409137898877,5,542
Overall,0.2375,4000,0.1225000023841857,-0.1149999976158142,0.175,0.005184607823357,5,542
Bin 1,0.2375,800,0.0062500000931322,-0.2312499999068677,0.175,0.0027880796200286,5,542
Bin 2,0.2375,800,0.0399999991059303,-0.1975000008940697,0.175,0.0069325380750401,5,542
Bin 3,0.2375,800,0.147499993443489,-0.0900000065565109,0.175,0.0125449757417887,5,542
Bin 4,0.2375,800,0.2012500017881393,-0.0362499982118606,0.175,0.0141840413922683,5,542
Bin 5,0.2375,800,0.2175000011920929,-0.0199999988079071,0.175,0.0145948098462116,5,542
Overall,0.25,4000,0.1254999935626983,-0.1245000064373016,0.175,0.0052387302899829,5,542
Bin 1,0.25,800,0.0062500000931322,-0.2437499999068677,0.175,0.0027880796200286,5,542
Bin 2,0.25,800,0.0425000004470348,-0.2074999995529651,0.175,0.0071365851932427,5,542
Bin 3,0.25,800,0.1512500047683715,-0.0987499952316284,0.175,0.0126754729214906,5,542
Bin 4,0.25,800,0.2049999982118606,-0.0450000017881393,0.175,0.0142819369309758,5,542
Bin 5,0.25,800,0.2224999964237213,-0.0275000035762786,0.175,0.0147143741334097,5,542
Overall,0.2625,4000,0.12950000166893,-0.1329999983310699,0.175,0.0053093768912907,5,542
Bin 1,0.2625,800,0.0062500000931322,-0.2562499999068677,0.175,0.0027880796200286,5,542
Bin 2,0.2625,800,0.0437499992549419,-0.218750000745058,0.175,0.007236047014208,5,542
Bin 3,0.2625,800,0.1574999988079071,-0.1050000011920929,0.175,0.0128870005784683,5,542
Bin 4,0.2625,800,0.2074999958276748,-0.0550000041723251,0.175,0.0143461487083533,5,542
Bin 5,0.2625,800,0.2325000017881393,-0.0299999982118606,0.175,0.0149443589490215,5,542
Overall,0.275,4000,0.131750002503395,-0.1432499974966049,0.175,0.0053483770911069,5,542
Bin 1,0.275,800,0.0062500000931322,-0.2687499999068677,0.175,0.0027880796200286,5,542
Bin 2,0.275,800,0.0437499992549419,-0.231250000745058,0.175,0.007236047014208,5,542
Bin 3,0.275,800,0.1612499952316284,-0.1137500047683716,0.175,0.0130104623954825,5,542
Bin 4,0.275,800,0.2112500071525573,-0.0637499928474426,0.175,0.0144409137898877,5,542
Bin 5,0.275,800,0.2362499982118606,-0.0387500017881393,0.175,0.0150275483986123,5,542
Overall,0.2875,4000,0.1365000009536743,-0.1509999990463257,0.175,0.0054290243115255,5,542
Bin 1,0.2875,800,0.0062500000931322,-0.2812499999068678,0.175,0.0027880796200286,5,542
Bin 2,0.2875,800,0.0437499992549419,-0.2437500007450581,0.175,0.007236047014208,5,542
Bin 3,0.2875,800,0.1650000065565109,-0.1224999934434891,0.175,0.0131314238507087,5,542
Bin 4,0.2875,800,0.2150000035762787,-0.0724999964237213,0.175,0.0145338486445254,5,542
Bin 5,0.2875,800,0.2524999976158142,-0.0350000023841858,0.175,0.0153696111674555,5,542
Overall,0.3,4000,0.1407500058412552,-0.1592499941587448,0.175,0.0054993109037394,5,542
Bin 1,0.3,800,0.0062500000931322,-0.2937499999068678,0.175,0.0027880796200286,5,542
Bin 2,0.3,800,0.0437499992549419,-0.2562500007450581,0.175,0.007236047014208,5,542
Bin 3,0.3,800,0.166250005364418,-0.133749994635582,0.175,0.0131712009926621,5,542
Bin 4,0.3,800,0.2237499952316284,-0.0762500047683716,0.175,0.0147437842043006,5,542
Bin 5,0.3,800,0.2637499868869781,-0.0362500131130218,0.175,0.015589620877696,5,542
Overall,0.3125,4000,0.1437499970197677,-0.1687500029802322,0.175,0.0055478984661541,5,542
Bin 1,0.3125,800,0.0062500000931322,-0.3062499999068677,0.175,0.0027880796200286,5,542
Bin 2,0.3125,800,0.0437499992549419,-0.268750000745058,0.175,0.007236047014208,5,542
Bin 3,0.3125,800,0.1700000017881393,-0.1424999982118606,0.175,0.0132889329456212,5,542
Bin 4,0.3125,800,0.228750005364418,-0.0837499946355819,0.175,0.0148595194503115,5,542
Bin 5,0.3125,800,0.270000010728836,-0.0424999892711639,0.175,0.0157061579674998,5,542
Overall,0.325,4000,0.1477500051259994,-0.1772499948740005,0.175,0.0056114042588108,5,542
Bin 1,0.325,800,0.0062500000931322,-0.3187499999068677,0.175,0.0027880796200286,5,542
Bin 2,0.325,800,0.0437499992549419,-0.281250000745058,0.175,0.007236047014208,5,542
Bin 3,0.325,800,0.1712500005960464,-0.1537499994039535,0.175,0.0133276532553482,5,542
Bin 4,0.325,800,0.2399999946355819,-0.085000005364418,0.175,0.0151091162482066,5,542
Bin 5,0.325,800,0.2775000035762787,-0.0474999964237213,0.175,0.0158407971287391,5,542
Overall,0.3375,4000,0.150749996304512,-0.186750003695488,0.175,0.0056581017734822,5,542
Bin 1,0.3375,800,0.0062500000931322,-0.3312499999068677,0.175,0.0027880796200286,5,542
Bin 2,0.3375,800,0.0437499992549419,-0.2937500007450581,0.175,0.007236047014208,5,542
Bin 3,0.3375,800,0.1724999994039535,-0.1650000005960464,0.175,0.0133661143619568,5,542
Bin 4,0.3375,800,0.2487500011920929,-0.0887499988079071,0.175,0.0152932716344189,5,542
Bin 5,0.3375,800,0.2824999988079071,-0.0550000011920929,0.175,0.0159274700153593,5,542
Overall,0.35,4000,0.1542499959468841,-0.1957500040531158,0.175,0.005711600821219,5,542
Bin 1,0.35,800,0.0062500000931322,-0.3437499999068678,0.175,0.0027880796200286,5,542
Bin 2,0.35,800,0.0450000017881393,-0.3049999982118607,0.175,0.0073338930303684,5,542
Bin 3,0.35,800,0.1749999970197677,-0.1750000029802322,0.175,0.0134422695025311,5,542
Bin 4,0.35,800,0.2549999952316284,-0.0950000047683716,0.175,0.0154196605500622,5,542
Bin 5,0.35,800,0.2899999916553497,-0.0600000083446503,0.175,0.0160529475054035,5,542
Overall,0.3625,4000,0.1572500020265579,-0.2052499979734421,0.175,0.0057566396552483,5,542
Bin 1,0.3625,800,0.0062500000931322,-0.3562499999068678,0.175,0.0027880796200286,5,542
Bin 2,0.3625,800,0.0474999994039535,-0.3150000005960465,0.175,0.0075249900025305,5,542
Bin 3,0.3625,800,0.1762499958276748,-0.1862500041723251,0.175,0.0134799677511817,5,542
Bin 4,0.3625,800,0.2574999928474426,-0.1050000071525574,0.175,0.0154690429587912,5,542
Bin 5,0.3625,800,0.2987500131130218,-0.0637499868869782,0.175,0.0161926137319989,5,542
Overall,0.375,4000,0.1592500060796737,-0.2157499939203262,0.175,0.0057862537017371,5,542
Bin 1,0.375,800,0.0062500000931322,-0.3687499999068677,0.175,0.0027880796200286,5,542
Bin 2,0.375,800,0.0474999994039535,-0.3275000005960464,0.175,0.0075249900025305,5,542
Bin 3,0.375,800,0.1762499958276748,-0.1987500041723251,0.175,0.0134799677511817,5,542
Bin 4,0.375,800,0.2612499892711639,-0.113750010728836,0.175,0.0155418779813741,5,542
Bin 5,0.375,800,0.3050000071525574,-0.0699999928474426,0.175,0.0162880426263973,5,542
Overall,0.3875,4000,0.1605000048875808,-0.2269999951124191,0.175,0.0058045981441807,5,542
Bin 1,0.3875,800,0.0062500000931322,-0.3812499999068677,0.175,0.0027880796200286,5,542
Bin 2,0.3875,800,0.0474999994039535,-0.3400000005960464,0.175,0.0075249900025305,5,542
Bin 3,0.3875,800,0.1774999946355819,-0.210000005364418,0.175,0.0135174183870973,5,542
Bin 4,0.3875,800,0.262499988079071,-0.1250000119209289,0.175,0.0155658289817116,5,542
Bin 5,0.3875,800,0.3087500035762787,-0.0787499964237213,0.175,0.0163435974410907,5,542
Overall,0.4,4000,0.1632499992847442,-0.2367500007152557,0.175,0.0058445191002398,5,542
Bin 1,0.4,800,0.0062500000931322,-0.3937499999068677,0.175,0.0027880796200286,5,542
Bin 2,0.4,800,0.0474999994039535,-0.3525000005960464,0.175,0.0075249900025305,5,542
Bin 3,0.4,800,0.1800000071525573,-0.2199999928474426,0.175,0.0135915757670522,5,542
Bin 4,0.4,800,0.2662500143051147,-0.1337499856948852,0.175,0.0156367126052084,5,542
Bin 5,0.4,800,0.3162499964237213,-0.0837500035762787,0.175,0.0164509328201934,5,542
Overall,0.4125,4000,0.1672500073909759,-0.245249992609024,0.175,0.0059015305927229,5,542
Bin 1,0.4125,800,0.0062500000931322,-0.4062499999068678,0.175,0.0027880796200286,5,542
Bin 2,0.4125,800,0.0474999994039535,-0.3650000005960465,0.175,0.0075249900025305,5,542
Bin 3,0.4125,800,0.1837500035762787,-0.2287499964237213,0.175,0.0137009879321153,5,542
Bin 4,0.4125,800,0.2687500119209289,-0.143749988079071,0.175,0.0156831679153084,5,542
Bin 5,0.4125,800,0.3300000131130218,-0.0824999868869781,0.175,0.0166349301557238,5,542
Overall,0.425,4000,0.1712500005960464,-0.2537499994039536,0.175,0.0059573258764737,5,542
Bin 1,0.425,800,0.0062500000931322,-0.4187499999068678,0.175,0.0027880796200286,5,542
Bin 2,0.425,800,0.0487499982118606,-0.3762500017881394,0.175,0.0076183558086942,5,542
Bin 3,0.425,800,0.1862500011920929,-0.2387499988079071,0.175,0.013772737673349,5,542
Bin 4,0.425,800,0.2787500023841858,-0.1462499976158142,0.175,0.0158626945238829,5,542
Bin 5,0.425,800,0.3362500071525574,-0.0887499928474426,0.175,0.0167132168731616,5,542
Overall,0.4375,4000,0.1722500026226043,-0.2652499973773956,0.175,0.0059710882136432,5,542
Bin 1,0.4375,800,0.0062500000931322,-0.4312499999068677,0.175,0.0027880796200286,5,542
Bin 2,0.4375,800,0.0487499982118606,-0.3887500017881393,0.175,0.0076183558086942,5,542
Bin 3,0.4375,800,0.1862500011920929,-0.2512499988079071,0.175,0.013772737673349,5,542
Bin 4,0.4375,800,0.28125,-0.15625,0.175,0.0159060309671931,5,542
Bin 5,0.4375,800,0.3387500047683716,-0.0987499952316284,0.175,0.016743610019294,5,542
Overall,0.45,4000,0.1752499938011169,-0.274750006198883,0.175,0.0060119379366187,5,542
Bin 1,0.45,800,0.0062500000931322,-0.4437499999068677,0.175,0.0027880796200286,5,542
Bin 2,0.45,800,0.0487499982118606,-0.4012500017881393,0.175,0.0076183558086942,5,542
Bin 3,0.45,800,0.1862500011920929,-0.2637499988079071,0.175,0.013772737673349,5,542
Bin 4,0.45,800,0.2862499952316284,-0.1637500047683716,0.175,0.0159908820562864,5,542
Bin 5,0.45,800,0.3487499952316284,-0.1012500047683716,0.175,0.0168600017024705,5,542
Overall,0.4625,4000,0.1780000030994415,-0.2844999969005585,0.175,0.0060488138942942,5,542
Bin 1,0.4625,800,0.0062500000931322,-0.4562499999068677,0.175,0.0027880796200286,5,542
Bin 2,0.4625,800,0.0487499982118606,-0.4137500017881393,0.175,0.0076183558086942,5,542
Bin 3,0.4625,800,0.1875,-0.275,0.175,0.013808259037274,5,542
Bin 4,0.4625,800,0.2924999892711639,-0.170000010728836,0.175,0.0160935833893953,5,542
Bin 5,0.4625,800,0.3549999892711639,-0.107500010728836,0.175,0.0169285830543674,5,542
Overall,0.475,4000,0.1805000007152557,-0.2944999992847443,0.175,0.0060818734728444,5,542
Bin 1,0.475,800,0.0062500000931322,-0.4687499999068678,0.175,0.0027880796200286,5,542
Bin 2,0.475,800,0.0487499982118606,-0.4262500017881394,0.175,0.0076183558086942,5,542
Bin 3,0.475,800,0.1875,-0.2875,0.175,0.013808259037274,5,542
Bin 4,0.475,800,0.2962499856948852,-0.1787500143051147,0.175,0.0161534371826369,5,542
Bin 5,0.475,800,0.363750010728836,-0.1112499892711639,0.175,0.0170193125751568,5,542
Overall,0.4875,4000,0.1832499951124191,-0.3042500048875809,0.175,0.0061177372583553,5,542
Bin 1,0.4875,800,0.0062500000931322,-0.4812499999068678,0.175,0.0027880796200286,5,542
Bin 2,0.4875,800,0.0487499982118606,-0.4387500017881394,0.175,0.0076183558086942,5,542
Bin 3,0.4875,800,0.1899999976158142,-0.2975000023841858,0.175,0.0138786084494659,5,542
Bin 4,0.4875,800,0.2987500131130218,-0.1887499868869782,0.175,0.0161926147856702,5,542
Bin 5,0.4875,800,0.3725000023841858,-0.1149999976158142,0.175,0.0171039581983636,5,542
Overall,0.5,4000,0.1847500056028366,-0.3152499943971634,0.175,0.0061370816213452,5,542
Bin 1,0.5,800,0.0062500000931322,-0.4937499999068677,0.175,0.0027880796200286,5,542
Bin 2,0.5,800,0.0487499982118606,-0.4512500017881393,0.175,0.0076183558086942,5,542
Bin 3,0.5,800,0.1899999976158142,-0.3100000023841858,0.175,0.0138786084494659,5,542
Bin 4,0.5,800,0.301250010728836,-0.1987499892711639,0.175,0.0162312170842213,5,542
Bin 5,0.5,800,0.3774999976158142,-0.1225000023841857,0.175,0.0171496306307525,5,542
Overall,0.5125000000000001,4000,0.1872500032186508,-0.3252499967813492,0.175,0.0061689848356067,5,542
Bin 1,0.5125000000000001,800,0.0062500000931322,-0.5062499999068678,0.175,0.0027880796200286,5,542
Bin 2,0.5125000000000001,800,0.0487499982118606,-0.4637500017881394,0.175,0.0076183558086942,5,542
Bin 3,0.5125000000000001,800,0.1899999976158142,-0.3225000023841858,0.175,0.0138786084494659,5,542
Bin 4,0.5125000000000001,800,0.3075000047683716,-0.2049999952316284,0.175,0.01632522141514,5,542
Bin 5,0.5125000000000001,800,0.3837499916553497,-0.1287500083446503,0.175,0.0172039937433043,5,542
Overall,0.525,4000,0.189750000834465,-0.335249999165535,0.175,0.0062004710236272,5,542
Bin 1,0.525,800,0.0062500000931322,-0.5187499999068678,0.175,0.0027880796200286,5,542
Bin 2,0.525,800,0.0487499982118606,-0.4762500017881393,0.175,0.0076183558086942,5,542
Bin 3,0.525,800,0.1937499940395355,-0.3312500059604645,0.175,0.0139824182446907,5,542
Bin 4,0.525,800,0.3075000047683716,-0.2174999952316284,0.175,0.01632522141514,5,542
Bin 5,0.525,800,0.3925000131130218,-0.1324999868869781,0.175,0.0172750607055921,5,542
Overall,0.5375,4000,0.1922499984502792,-0.3452500015497207,0.175,0.0062315481960803,5,542
Bin 1,0.5375,800,0.0062500000931322,-0.5312499999068677,0.175,0.0027880796200286,5,542
Bin 2,0.5375,800,0.0487499982118606,-0.4887500017881393,0.175,0.0076183558086942,5,542
Bin 3,0.5375,800,0.1962500065565109,-0.341249993443489,0.175,0.0140505043711176,5,542
Bin 4,0.5375,800,0.3112500011920929,-0.226249998807907,0.175,0.0163799332928632,5,542
Bin 5,0.5375,800,0.3987500071525574,-0.1387499928474426,0.175,0.0173222578002258,5,542
Overall,0.55,4000,0.195250004529953,-0.354749995470047,0.175,0.0062683077633812,5,542
Bin 1,0.55,800,0.0062500000931322,-0.5437499999068678,0.175,0.0027880796200286,5,542
Bin 2,0.55,800,0.0487499982118606,-0.5012500017881394,0.175,0.0076183558086942,5,542
Bin 3,0.55,800,0.1962500065565109,-0.3537499934434891,0.175,0.0140505043711176,5,542
Bin 4,0.55,800,0.3162499964237213,-0.2337500035762787,0.175,0.0164509338738646,5,542
Bin 5,0.55,800,0.4087499976158142,-0.1412500023841858,0.175,0.0173916620693399,5,542
Overall,0.5625,4000,0.1972499936819076,-0.3652500063180923,0.175,0.0062924962277921,5,542
Bin 1,0.5625,800,0.0062500000931322,-0.5562499999068677,0.175,0.0027880796200286,5,542
Bin 2,0.5625,800,0.0487499982118606,-0.5137500017881393,0.175,0.0076183558086942,5,542
Bin 3,0.5625,800,0.197500005364418,-0.3649999946355819,0.175,0.014084215527899,5,542
Bin 4,0.5625,800,0.3174999952316284,-0.2450000047683715,0.175,0.0164683384149572,5,542
Bin 5,0.5625,800,0.4162499904632568,-0.1462500095367431,0.175,0.0174388222854812,5,542
Overall,0.5750000000000001,4000,0.199750006198883,-0.375249993801117,0.175,0.0063223788674531,5,542
Bin 1,0.5750000000000001,800,0.0062500000931322,-0.5687499999068678,0.175,0.0027880796200286,5,542
Bin 2,0.5750000000000001,800,0.0487499982118606,-0.5262500017881394,0.175,0.0076183558086942,5,542
Bin 3,0.5750000000000001,800,0.197500005364418,-0.377499994635582,0.175,0.014084215527899,5,542
Bin 4,0.5750000000000001,800,0.3224999904632568,-0.2525000095367432,0.175,0.0165365962897918,5,542
Bin 5,0.5750000000000001,800,0.4237500131130218,-0.1512499868869782,0.175,0.0174818299833729,5,542
Overall,0.5875,4000,0.2010000050067901,-0.3864999949932098,0.175,0.0063371750527274,5,542
Bin 1,0.5875,800,0.0062500000931322,-0.5812499999068678,0.175,0.0027880796200286,5,542
Bin 2,0.5875,800,0.0487499982118606,-0.5387500017881394,0.175,0.0076183558086942,5,542
Bin 3,0.5875,800,0.1987500041723251,-0.3887499958276749,0.175,0.0141177085747394,5,542
Bin 4,0.5875,800,0.324999988079071,-0.262500011920929,0.175,0.0165699112661973,5,542
Bin 5,0.5875,800,0.426250010728836,-0.1612499892711639,0.175,0.0174952495399388,5,542
Overall,0.6000000000000001,4000,0.2032500058412552,-0.3967499941587449,0.175,0.0063635664523662,5,542
Bin 1,0.6000000000000001,800,0.0062500000931322,-0.5937499999068678,0.175,0.0027880796200286,5,542
Bin 2,0.6000000000000001,800,0.050000000745058,-0.549999999254942,0.175,0.00771033761772,5,542
Bin 3,0.6000000000000001,800,0.1987500041723251,-0.4012499958276749,0.175,0.0141177085747394,5,542
Bin 4,0.6000000000000001,800,0.3300000131130218,-0.2699999868869782,0.175,0.0166349301557238,5,542
Bin 5,0.6000000000000001,800,0.4312500059604645,-0.1687499940395356,0.175,0.0175207167731515,5,542
Overall,0.6125,4000,0.2064999938011169,-0.4060000061988831,0.175,0.0064011468780986,5,542
Bin 1,0.6125,800,0.0062500000931322,-0.6062499999068678,0.175,0.0027880796200286,5,542
Bin 2,0.6125,800,0.0512499995529651,-0.5612500004470349,0.175,0.0078009844253192,5,542
Bin 3,0.6125,800,0.1987500041723251,-0.4137499958276749,0.175,0.0141177085747394,5,542
Bin 4,0.6125,800,0.3387500047683716,-0.2737499952316284,0.175,0.016743610019294,5,542
Bin 5,0.6125,800,0.4375,-0.175,0.175,0.0175499909204559,5,542
Overall,0.625,4000,0.2082500010728836,-0.4167499989271164,0.175,0.0064211212570029,5,542
Bin 1,0.625,800,0.0062500000931322,-0.6187499999068677,0.175,0.0027880796200286,5,542
Bin 2,0.625,800,0.0512499995529651,-0.5737500004470348,0.175,0.0078009844253192,5,542
Bin 3,0.625,800,0.1987500041723251,-0.4262499958276748,0.175,0.0141177085747394,5,542
Bin 4,0.625,800,0.3387500047683716,-0.2862499952316284,0.175,0.016743610019294,5,542
Bin 5,0.625,800,0.4462499916553497,-0.1787500083446502,0.175,0.017586225619792,5,542
Overall,0.6375000000000001,4000,0.2125000059604644,-0.4249999940395356,0.175,0.0064688790078803,5,542
Bin 1,0.6375000000000001,800,0.0062500000931322,-0.6312499999068678,0.175,0.0027880796200286,5,542
Bin 2,0.6375000000000001,800,0.0512499995529651,-0.5862500004470349,0.175,0.0078009844253192,5,542
Bin 3,0.6375000000000001,800,0.1987500041723251,-0.4387499958276749,0.175,0.0141177085747394,5,542
Bin 4,0.6375000000000001,800,0.3462499976158142,-0.2912500023841858,0.175,0.0168316748055863,5,542
Bin 5,0.6375000000000001,800,0.4600000083446502,-0.1774999916553498,0.175,0.0176320339757673,5,542
Overall,0.65,4000,0.2144999951124191,-0.4355000048875809,0.175,0.0064909912941919,5,542
Bin 1,0.65,800,0.0062500000931322,-0.6437499999068678,0.175,0.0027880796200286,5,542
Bin 2,0.65,800,0.0512499995529651,-0.5987500004470349,0.175,0.0078009844253192,5,542
Bin 3,0.65,800,0.1987500041723251,-0.4512499958276749,0.175,0.0141177085747394,5,542
Bin 4,0.65,800,0.3487499952316284,-0.3012500047683716,0.175,0.0168600006487993,5,542
Bin 5,0.65,800,0.4675000011920929,-0.1824999988079071,0.175,0.0176513203736458,5,542
Overall,0.6625000000000001,4000,0.215499997138977,-0.447000002861023,0.175,0.0065019621472351,5,542
Bin 1,0.6625000000000001,800,0.0062500000931322,-0.6562499999068678,0.175,0.0027880796200286,5,542
Bin 2,0.6625000000000001,800,0.0512499995529651,-0.6112500004470349,0.175,0.0078009844253192,5,542
Bin 3,0.6625000000000001,800,0.1987500041723251,-0.4637499958276749,0.175,0.0141177085747394,5,542
Bin 4,0.6625000000000001,800,0.3487499952316284,-0.3137500047683716,0.175,0.0168600006487993,5,542
Bin 5,0.6625000000000001,800,0.4724999964237213,-0.1900000035762787,0.175,0.0176619550771964,5,542
Overall,0.675,4000,0.2160000056028366,-0.4589999943971634,0.175,0.0065074249553843,5,542
Bin 1,0.675,800,0.0062500000931322,-0.6687499999068678,0.175,0.0027880796200286,5,542
Bin 2,0.675,800,0.0512499995529651,-0.6237500004470349,0.175,0.0078009844253192,5,542
Bin 3,0.675,800,0.1987500041723251,-0.4762499958276749,0.175,0.0141177085747394,5,542
Bin 4,0.675,800,0.3499999940395355,-0.3250000059604645,0.175,0.0168739702217382,5,542
Bin 5,0.675,800,0.4737499952316284,-0.2012500047683716,0.175,0.017664335320466,5,542
Overall,0.6875,4000,0.2167499959468841,-0.4707500040531158,0.175,0.0065155948999794,5,542
Bin 1,0.6875,800,0.0062500000931322,-0.6812499999068677,0.175,0.0027880796200286,5,542
Bin 2,0.6875,800,0.0512499995529651,-0.6362500004470348,0.175,0.0078009844253192,5,542
Bin 3,0.6875,800,0.1987500041723251,-0.4887499958276748,0.175,0.0141177085747394,5,542
Bin 4,0.6875,800,0.3512499928474426,-0.3362500071525574,0.175,0.016887815461474,5,542
Bin 5,0.6875,800,0.4762499928474426,-0.2112500071525573,0.175,0.0176687617932309,5,542
Overall,0.7000000000000001,4000,0.2172500044107437,-0.4827499955892563,0.175,0.0065210233093539,5,542
Bin 1,0.7000000000000001,800,0.0062500000931322,-0.6937499999068678,0.175,0.0027880796200286,5,542
Bin 2,0.7000000000000001,800,0.0512499995529651,-0.6487500004470349,0.175,0.0078009844253192,5,542
Bin 3,0.7000000000000001,800,0.1987500041723251,-0.5012499958276749,0.175,0.0141177085747394,5,542
Bin 4,0.7000000000000001,800,0.3524999916553497,-0.3475000083446503,0.175,0.0169015310996507,5,542
Bin 5,0.7000000000000001,800,0.4774999916553497,-0.2225000083446503,0.175,0.0176708090763973,5,542
Overall,0.7125,4000,0.2182500064373016,-0.4942499935626984,0.175,0.0065318372474386,5,542
Bin 1,0.7125,800,0.0062500000931322,-0.7062499999068678,0.175,0.0027880796200286,5,542
Bin 2,0.7125,800,0.0512499995529651,-0.6612500004470349,0.175,0.0078009844253192,5,542
Bin 3,0.7125,800,0.1987500041723251,-0.5137499958276749,0.175,0.0141177085747394,5,542
Bin 4,0.7125,800,0.3537499904632568,-0.3587500095367432,0.175,0.0169151192436106,5,542
Bin 5,0.7125,800,0.481249988079071,-0.2312500119209289,0.175,0.0176762860593613,5,542
Overall,0.7250000000000001,4000,0.2192499935626983,-0.5057500064373017,0.175,0.0065425965244567,5,542
Bin 1,0.7250000000000001,800,0.0062500000931322,-0.7187499999068678,0.175,0.0027880796200286,5,542
Bin 2,0.7250000000000001,800,0.0512499995529651,-0.6737500004470349,0.175,0.0078009844253192,5,542
Bin 3,0.7250000000000001,800,0.1987500041723251,-0.526249995827675,0.175,0.0141177085747394,5,542
Bin 4,0.7250000000000001,800,0.3549999892711639,-0.3700000107288361,0.175,0.0169285830543674,5,542
Bin 5,0.7250000000000001,800,0.4850000143051147,-0.2399999856948853,0.175,0.0176807652156868,5,542
Overall,0.7375,4000,0.2207500040531158,-0.5167499959468842,0.175,0.0065586296519713,5,542
Bin 1,0.7375,800,0.0062500000931322,-0.7312499999068678,0.175,0.0027880796200286,5,542
Bin 2,0.7375,800,0.0512499995529651,-0.6862500004470349,0.175,0.0078009844253192,5,542
Bin 3,0.7375,800,0.2000000029802322,-0.5374999970197678,0.175,0.0141509824579676,5,542
Bin 4,0.7375,800,0.3574999868869781,-0.3800000131130219,0.175,0.0169551324079156,5,542
Bin 5,0.7375,800,0.488750010728836,-0.2487499892711639,0.175,0.0176842507600586,5,542
Overall,0.75,4000,0.2214999943971634,-0.5285000056028366,0.175,0.0065665988585114,5,542
Bin 1,0.75,800,0.0062500000931322,-0.7437499999068677,0.175,0.0027880796200286,5,542
Bin 2,0.75,800,0.0512499995529651,-0.6987500004470348,0.175,0.0078009844253192,5,542
Bin 3,0.75,800,0.2000000029802322,-0.5499999970197678,0.175,0.0141509824579676,5,542
Bin 4,0.75,800,0.3574999868869781,-0.3925000131130218,0.175,0.0169551324079156,5,542
Bin 5,0.75,800,0.4925000071525574,-0.2574999928474426,0.175,0.0176867374241208,5,542
Overall,0.7625000000000001,4000,0.2230000048875808,-0.5394999951124192,0.175,0.0065824449132377,5,542
Bin 1,0.7625000000000001,800,0.0062500000931322,-0.7562499999068678,0.175,0.0027880796200286,5,542
Bin 2,0.7625000000000001,800,0.0512499995529651,-0.7112500004470349,0.175,0.0078009844253192,5,542
Bin 3,0.7625000000000001,800,0.2000000029802322,-0.5624999970197678,0.175,0.0141509824579676,5,542
Bin 4,0.7625000000000001,800,0.3574999868869781,-0.4050000131130219,0.175,0.0169551324079156,5,542
Bin 5,0.7625000000000001,800,0.5,-0.2625,0.175,0.0176887288627129,5,542
Overall,0.775,4000,0.2249999940395355,-0.5500000059604645,0.175,0.0066033815154009,5,542
Bin 1,0.775,800,0.0062500000931322,-0.7687499999068678,0.175,0.0027880796200286,5,542
Bin 2,0.775,800,0.0512499995529651,-0.7237500004470349,0.175,0.0078009844253192,5,542
Bin 3,0.775,800,0.2000000029802322,-0.5749999970197678,0.175,0.0141509824579676,5,542
Bin 4,0.775,800,0.3600000143051147,-0.4149999856948853,0.175,0.0169811791602953,5,542
Bin 5,0.775,800,0.5074999928474426,-0.2675000071525574,0.175,0.0176867374241208,5,542
Overall,0.7875000000000001,4000,0.2259999960660934,-0.5615000039339066,0.175,0.0066137685317066,5,542
Bin 1,0.7875000000000001,800,0.0062500000931322,-0.7812499999068678,0.175,0.0027880796200286,5,542
Bin 2,0.7875000000000001,800,0.0512499995529651,-0.7362500004470349,0.175,0.0078009844253192,5,542
Bin 3,0.7875000000000001,800,0.2000000029802322,-0.5874999970197679,0.175,0.0141509824579676,5,542
Bin 4,0.7875000000000001,800,0.3600000143051147,-0.4274999856948853,0.175,0.0169811791602953,5,542
Bin 5,0.7875000000000001,800,0.512499988079071,-0.275000011920929,0.175,0.0176831991961883,5,542
Overall,0.8,4000,0.2277500033378601,-0.5722499966621399,0.175,0.0066318161080126,5,542
Bin 1,0.8,800,0.0062500000931322,-0.7937499999068678,0.175,0.0027880796200286,5,542
Bin 2,0.8,800,0.0512499995529651,-0.7487500004470349,0.175,0.0078009844253192,5,542
Bin 3,0.8,800,0.2000000029802322,-0.5999999970197678,0.175,0.0141509824579676,5,542
Bin 4,0.8,800,0.3612500131130218,-0.4387499868869782,0.175,0.0169940139293381,5,542
Bin 5,0.8,800,0.5199999809265137,-0.2800000190734864,0.175,0.0176745717362981,5,542
Overall,0.8125,4000,0.2282499969005584,-0.5842500030994415,0.175,0.0066369415254402,5,542
Bin 1,0.8125,800,0.0062500000931322,-0.8062499999068677,0.175,0.0027880796200286,5,542
Bin 2,0.8125,800,0.0512499995529651,-0.7612500004470348,0.175,0.0078009844253192,5,542
Bin 3,0.8125,800,0.2000000029802322,-0.6124999970197678,0.175,0.0141509824579676,5,542
Bin 4,0.8125,800,0.3625000119209289,-0.449999988079071,0.175,0.017006725418849,5,542
Bin 5,0.8125,800,0.5212500095367432,-0.2912499904632568,0.175,0.0176727457240864,5,542
Overall,0.8250000000000001,4000,0.2292499989271164,-0.5957500010728837,0.175,0.0066471537205761,5,542
Bin 1,0.8250000000000001,800,0.0062500000931322,-0.8187499999068678,0.175,0.0027880796200286,5,542
Bin 2,0.8250000000000001,800,0.0512499995529651,-0.7737500004470349,0.175,0.0078009844253192,5,542
Bin 3,0.8250000000000001,800,0.2000000029802322,-0.6249999970197678,0.175,0.0141509824579676,5,542
Bin 4,0.8250000000000001,800,0.3625000119209289,-0.4624999880790711,0.175,0.017006725418849,5,542
Bin 5,0.8250000000000001,800,0.5262500047683716,-0.2987499952316285,0.175,0.017664335320466,5,542
Overall,0.8375,4000,0.2300000041723251,-0.6074999958276749,0.175,0.0066547779969372,5,542
Bin 1,0.8375,800,0.0062500000931322,-0.8312499999068678,0.175,0.0027880796200286,5,542
Bin 2,0.8375,800,0.0512499995529651,-0.7862500004470349,0.175,0.0078009844253192,5,542
Bin 3,0.8375,800,0.2000000029802322,-0.6374999970197678,0.175,0.0141509824579676,5,542
Bin 4,0.8375,800,0.363750010728836,-0.4737499892711639,0.175,0.0170193125751568,5,542
Bin 5,0.8375,800,0.5287500023841858,-0.3087499976158142,0.175,0.0176594631447781,5,542
Overall,0.8500000000000001,4000,0.2312500029802322,-0.6187499970197679,0.175,0.0066674193110249,5,542
Bin 1,0.8500000000000001,800,0.0062500000931322,-0.8437499999068678,0.175,0.0027880796200286,5,542
Bin 2,0.8500000000000001,800,0.0512499995529651,-0.7987500004470349,0.175,0.0078009844253192,5,542
Bin 3,0.8500000000000001,800,0.2000000029802322,-0.6499999970197679,0.175,0.0141509824579676,5,542
Bin 4,0.8500000000000001,800,0.363750010728836,-0.486249989271164,0.175,0.0170193125751568,5,542
Bin 5,0.8500000000000001,800,0.5350000262260437,-0.3149999737739564,0.175,0.0176453376284997,5,542
Overall,0.8625,4000,0.2322500050067901,-0.6302499949932099,0.175,0.0066774722351218,5,542
Bin 1,0.8625,800,0.0062500000931322,-0.8562499999068678,0.175,0.0027880796200286,5,542
Bin 2,0.8625,800,0.0512499995529651,-0.8112500004470349,0.175,0.0078009844253192,5,542
Bin 3,0.8625,800,0.2000000029802322,-0.6624999970197678,0.175,0.0141509824579676,5,542
Bin 4,0.8625,800,0.363750010728836,-0.498749989271164,0.175,0.0170193125751568,5,542
Bin 5,0.8625,800,0.5400000214576721,-0.3224999785423279,0.175,0.0176320339757673,5,542
Overall,0.875,4000,0.2325000017881393,-0.6424999982118607,0.175,0.0066799767486483,5,542
Bin 1,0.875,800,0.0062500000931322,-0.8687499999068677,0.175,0.0027880796200286,5,542
Bin 2,0.875,800,0.0512499995529651,-0.8237500004470348,0.175,0.0078009844253192,5,542
Bin 3,0.875,800,0.2000000029802322,-0.6749999970197678,0.175,0.0141509824579676,5,542
Bin 4,0.875,800,0.363750010728836,-0.5112499892711639,0.175,0.0170193125751568,5,542
Bin 5,0.875,800,0.5412499904632568,-0.3337500095367431,0.175,0.0176284293665484,5,542
Overall,0.8875000000000001,4000,0.233250007033348,-0.654249992966652,0.175,0.0066874719118003,5,542
Bin 1,0.8875000000000001,800,0.0062500000931322,-0.8812499999068678,0.175,0.0027880796200286,5,542
Bin 2,0.8875000000000001,800,0.0512499995529651,-0.8362500004470349,0.175,0.0078009844253192,5,542
Bin 3,0.8875000000000001,800,0.2000000029802322,-0.6874999970197678,0.175,0.0141509824579676,5,542
Bin 4,0.8875000000000001,800,0.363750010728836,-0.523749989271164,0.175,0.0170193125751568,5,542
Bin 5,0.8875000000000001,800,0.5450000166893005,-0.3424999833106995,0.175,0.0176169443503291,5,542
Overall,0.9,4000,0.2339999973773956,-0.6660000026226044,0.175,0.0066949388019868,5,542
Bin 1,0.9,800,0.0062500000931322,-0.8937499999068678,0.175,0.0027880796200286,5,542
Bin 2,0.9,800,0.0512499995529651,-0.8487500004470349,0.175,0.0078009844253192,5,542
Bin 3,0.9,800,0.2000000029802322,-0.6999999970197678,0.175,0.0141509824579676,5,542
Bin 4,0.9,800,0.363750010728836,-0.536249989271164,0.175,0.0170193125751568,5,542
Bin 5,0.9,800,0.5487499833106995,-0.3512500166893005,0.175,0.0176044509707593,5,542
Overall,0.9125,4000,0.2347500026226043,-0.6777499973773957,0.175,0.0067023760055596,5,542
Bin 1,0.9125,800,0.0062500000931322,-0.9062499999068678,0.175,0.0027880796200286,5,542
Bin 2,0.9125,800,0.0512499995529651,-0.8612500004470349,0.175,0.0078009844253192,5,542
Bin 3,0.9125,800,0.2000000029802322,-0.7124999970197679,0.175,0.0141509824579676,5,542
Bin 4,0.9125,800,0.363750010728836,-0.548749989271164,0.175,0.0170193125751568,5,542
Bin 5,0.9125,800,0.5525000095367432,-0.3599999904632569,0.175,0.01759095028151,5,542
Overall,0.925,4000,0.2347500026226043,-0.6902499973773957,0.175,0.0067023760055596,5,542
Bin 1,0.925,800,0.0062500000931322,-0.9187499999068678,0.175,0.0027880796200286,5,542
Bin 2,0.925,800,0.0512499995529651,-0.8737500004470349,0.175,0.0078009844253192,5,542
Bin 3,0.925,800,0.2000000029802322,-0.7249999970197678,0.175,0.0141509824579676,5,542
Bin 4,0.925,800,0.363750010728836,-0.561249989271164,0.175,0.0170193125751568,5,542
Bin 5,0.925,800,0.5525000095367432,-0.3724999904632569,0.175,0.01759095028151,5,542
Overall,0.9375,4000,0.2354999929666519,-0.7020000070333481,0.175,0.0067097830513025,5,542
Bin 1,0.9375,800,0.0062500000931322,-0.9312499999068676,0.175,0.0027880796200286,5,542
Bin 2,0.9375,800,0.0512499995529651,-0.8862500004470348,0.175,0.0078009844253192,5,542
Bin 3,0.9375,800,0.2000000029802322,-0.7374999970197678,0.175,0.0141509824579676,5,542
Bin 4,0.9375,800,0.363750010728836,-0.5737499892711639,0.175,0.0170193125751568,5,542
Bin 5,0.9375,800,0.5562499761581421,-0.3812500238418579,0.175,0.0175764349068829,5,542
Overall,0.95,4000,0.2354999929666519,-0.7145000070333482,0.175,0.0067097830513025,5,542
Bin 1,0.95,800,0.0062500000931322,-0.9437499999068678,0.175,0.0027880796200286,5,542
Bin 2,0.95,800,0.0512499995529651,-0.8987500004470349,0.175,0.0078009844253192,5,542
Bin 3,0.95,800,0.2000000029802322,-0.7499999970197678,0.175,0.0141509824579676,5,542
Bin 4,0.95,800,0.363750010728836,-0.586249989271164,0.175,0.0170193125751568,5,542
Bin 5,0.95,800,0.5562499761581421,-0.393750023841858,0.175,0.0175764349068829,5,542
Overall,0.9625,4000,0.2354999929666519,-0.7270000070333481,0.175,0.0067097830513025,5,542
Bin 1,0.9625,800,0.0062500000931322,-0.9562499999068678,0.175,0.0027880796200286,5,542
Bin 2,0.9625,800,0.0512499995529651,-0.9112500004470347,0.175,0.0078009844253192,5,542
Bin 3,0.9625,800,0.2000000029802322,-0.7624999970197678,0.175,0.0141509824579676,5,542
Bin 4,0.9625,800,0.363750010728836,-0.598749989271164,0.175,0.0170193125751568,5,542
Bin 5,0.9625,800,0.5562499761581421,-0.4062500238418579,0.175,0.0175764349068829,5,542
Overall,0.975,4000,0.2354999929666519,-0.7395000070333482,0.175,0.0067097830513025,5,542
Bin 1,0.975,800,0.0062500000931322,-0.9687499999068678,0.175,0.0027880796200286,5,542
Bin 2,0.975,800,0.0512499995529651,-0.9237500004470348,0.175,0.0078009844253192,5,542
Bin 3,0.975,800,0.2000000029802322,-0.7749999970197679,0.175,0.0141509824579676,5,542
Bin 4,0.975,800,0.363750010728836,-0.611249989271164,0.175,0.0170193125751568,5,542
Bin 5,0.975,800,0.5562499761581421,-0.418750023841858,0.175,0.0175764349068829,5,542
Overall,0.9875,4000,0.2354999929666519,-0.7520000070333481,0.175,0.0067097830513025,5,542
Bin 1,0.9875,800,0.0062500000931322,-0.9812499999068678,0.175,0.0027880796200286,5,542
Bin 2,0.9875,800,0.0512499995529651,-0.9362500004470348,0.175,0.0078009844253192,5,542
Bin 3,0.9875,800,0.2000000029802322,-0.7874999970197678,0.175,0.0141509824579676,5,542
Bin 4,0.9875,800,0.363750010728836,-0.623749989271164,0.175,0.0170193125751568,5,542
Bin 5,0.9875,800,0.5562499761581421,-0.4312500238418579,0.175,0.0175764349068829,5,542
Overall,1.0,4000,0.2354999929666519,-0.7645000070333481,0.175,0.0067097830513025,5,542
Bin 1,1.0,800,0.0062500000931322,-0.9937499999068676,0.175,0.0027880796200286,5,542
Bin 2,1.0,800,0.0512499995529651,-0.9487500004470348,0.175,0.0078009844253192,5,542
Bin 3,1.0,800,0.2000000029802322,-0.7999999970197678,0.175,0.0141509824579676,5,542
Bin 4,1.0,800,0.363750010728836,-0.6362499892711639,0.175,0.0170193125751568,5,542
Bin 5,1.0,800,0.5562499761581421,-0.4437500238418579,0.175,0.0175764349068829,5,542
Overall,0.0,4000,0.0,0.0,0.2125,0.0,6,642
Bin 1,0.0,800,0.0,0.0,0.2125,0.0,6,642
Bin 2,0.0,800,0.0,0.0,0.2125,0.0,6,642
Bin 3,0.0,800,0.0,0.0,0.2125,0.0,6,642
Bin 4,0.0,800,0.0,0.0,0.2125,0.0,6,642
Bin 5,0.0,800,0.0,0.0,0.2125,0.0,6,642
Overall,0.0125,4000,0.0125000001862645,1.8626451422920626e-10,0.2125,0.001756903162613,6,642
Bin 1,0.0125,800,0.0062500000931322,-0.0062499999068677,0.2125,0.0027880793566108,6,642
Bin 2,0.0125,800,0.0199999995529651,0.0074999995529651,0.2125,0.0049528442290735,6,642
Bin 3,0.0125,800,0.0149999996647238,0.0024999996647238,0.2125,0.004300216875204,6,642
Bin 4,0.0125,800,0.0112500004470348,-0.0012499995529651,0.2125,0.003731179365986,6,642
Bin 5,0.0125,800,0.0099999997764825,-0.0025000002235174,0.2125,0.0035200128548165,6,642
Overall,0.025,4000,0.0197500009089708,-0.0052499990910291,0.2125,0.002200271443378,6,642
Bin 1,0.025,800,0.0062500000931322,-0.0187499999068677,0.2125,0.0027880793566108,6,642
Bin 2,0.025,800,0.0212500002235174,-0.0037499997764825,0.2125,0.0051020177310218,6,642
Bin 3,0.025,800,0.0274999998509883,0.0024999998509883,0.2125,0.0057854589092555,6,642
Bin 4,0.025,800,0.025000000372529,3.725290284584125e-10,0.2125,0.0055233039310109,6,642
Bin 5,0.025,800,0.018750000745058,-0.0062499992549419,0.2125,0.004798627856701,6,642
Overall,0.0375,4000,0.0242500007152557,-0.0132499992847442,0.2125,0.0024324808430872,6,642
Bin 1,0.0375,800,0.0062500000931322,-0.0312499999068677,0.2125,0.0027880793566108,6,642
Bin 2,0.0375,800,0.0237499997019767,-0.0137500002980232,0.2125,0.0053868998704903,6,642
Bin 3,0.0375,800,0.0324999988079071,-0.0050000011920929,0.2125,0.0062732670607562,6,642
Bin 4,0.0375,800,0.03125,-0.00625,0.2125,0.0061554170966212,6,642
Bin 5,0.0375,800,0.0274999998509883,-0.0100000001490116,0.2125,0.0057854583824199,6,642
Overall,0.05,4000,0.0332500003278255,-0.0167499996721744,0.2125,0.0028351576116794,6,642
Bin 1,0.05,800,0.0062500000931322,-0.0437499999068677,0.2125,0.0027880793566108,6,642
Bin 2,0.05,800,0.0274999998509883,-0.0225000001490116,0.2125,0.0057854583824199,6,642
Bin 3,0.05,800,0.0412500016391277,-0.0087499983608722,0.2125,0.0070354396056795,6,642
Bin 4,0.05,800,0.0462500005960464,-0.0037499994039535,0.2125,0.0074301880425037,6,642
Bin 5,0.05,800,0.0450000017881393,-0.0049999982118606,0.2125,0.0073338930303684,6,642
Overall,0.0625,4000,0.0405000001192092,-0.0219999998807907,0.2125,0.0031172690310905,6,642
Bin 1,0.0625,800,0.0062500000931322,-0.0562499999068677,0.2125,0.0027880793566108,6,642
Bin 2,0.0625,800,0.03125,-0.03125,0.2125,0.0061554170966212,6,642
Bin 3,0.0625,800,0.0549999997019767,-0.0075000002980232,0.2125,0.0080653615961515,6,642
Bin 4,0.0625,800,0.0512499995529651,-0.0112500004470348,0.2125,0.0078009844253192,6,642
Bin 5,0.0625,800,0.0587499998509883,-0.0037500001490116,0.2125,0.0083192294503077,6,642
Overall,0.075,4000,0.0465000011026859,-0.028499998897314,0.2125,0.0033297462569665,6,642
Bin 1,0.075,800,0.0062500000931322,-0.0687499999068677,0.2125,0.0027880793566108,6,642
Bin 2,0.075,800,0.0324999988079071,-0.0425000011920929,0.2125,0.0062732670607562,6,642
Bin 3,0.075,800,0.0612500011920928,-0.0137499988079071,0.2125,0.0084831011388385,6,642
Bin 4,0.075,800,0.0612500011920928,-0.0137499988079071,0.2125,0.0084831011388385,6,642
Bin 5,0.075,800,0.0712499991059303,-0.0037500008940696,0.2125,0.0091005677477557,6,642
Overall,0.0875,4000,0.0537500008940696,-0.0337499991059303,0.2125,0.0035662882530293,6,642
Bin 1,0.0875,800,0.0062500000931322,-0.0812499999068677,0.2125,0.0027880793566108,6,642
Bin 2,0.0875,800,0.0387500002980232,-0.0487499997019767,0.2125,0.0068277973612989,6,642
Bin 3,0.0875,800,0.0649999976158142,-0.0225000023841858,0.2125,0.008721458425907,6,642
Bin 4,0.0875,800,0.0724999979138374,-0.0150000020861625,0.2125,0.0091738695466858,6,642
Bin 5,0.0875,800,0.0862499997019767,-0.0012500002980232,0.2125,0.0099316150920086,6,642
Overall,0.1,4000,0.0604999996721744,-0.0395000003278255,0.2125,0.0037700781390416,6,642
Bin 1,0.1,800,0.0062500000931322,-0.0937499999068677,0.2125,0.0027880793566108,6,642
Bin 2,0.1,800,0.0412500016391277,-0.0587499983608722,0.2125,0.0070354390788439,6,642
Bin 3,0.1,800,0.0724999979138374,-0.0275000020861625,0.2125,0.0091738695466858,6,642
Bin 4,0.1,800,0.0862499997019767,-0.0137500002980232,0.2125,0.0099316150920086,6,642
Bin 5,0.1,800,0.0962499976158142,-0.0037500023841857,0.2125,0.0104340065799297,6,642
Overall,0.1125,4000,0.0649999976158142,-0.0475000023841857,0.2125,0.0038984037104262,6,642
Bin 1,0.1125,800,0.0062500000931322,-0.1062499999068677,0.2125,0.0027880793566108,6,642
Bin 2,0.1125,800,0.0412500016391277,-0.0712499983608722,0.2125,0.0070354390788439,6,642
Bin 3,0.1125,800,0.0775000005960464,-0.0349999994039535,0.2125,0.0094593354200062,6,642
Bin 4,0.1125,800,0.0912500023841857,-0.0212499976158142,0.2125,0.0101874443551273,6,642
Bin 5,0.1125,800,0.1087500005960464,-0.0037499994039535,0.2125,0.0110138966392214,6,642
Overall,0.125,4000,0.0722500011324882,-0.0527499988675117,0.2125,0.0040941021093227,6,642
Bin 1,0.125,800,0.0062500000931322,-0.1187499999068677,0.2125,0.0027880793566108,6,642
Bin 2,0.125,800,0.0437499992549419,-0.081250000745058,0.2125,0.0072360475410436,6,642
Bin 3,0.125,800,0.0862499997019767,-0.0387500002980232,0.2125,0.0099316150920086,6,642
Bin 4,0.125,800,0.1000000014901161,-0.0249999985098838,0.2125,0.0106132371068935,6,642
Bin 5,0.125,800,0.125,0.0,0.2125,0.0116999935957469,6,642
Overall,0.1375,4000,0.0787499994039535,-0.0587500005960464,0.2125,0.0042593010466944,6,642
Bin 1,0.1375,800,0.0062500000931322,-0.1312499999068677,0.2125,0.0027880793566108,6,642
Bin 2,0.1375,800,0.0462500005960464,-0.0912499994039535,0.2125,0.0074301880425037,6,642
Bin 3,0.1375,800,0.0900000035762786,-0.0474999964237213,0.2125,0.0101243821330429,6,642
Bin 4,0.1375,800,0.1062500029802322,-0.0312499970197677,0.2125,0.0109018229006748,6,642
Bin 5,0.1375,800,0.1449999958276748,0.0074999958276748,0.2125,0.0124564315350946,6,642
Overall,0.15,4000,0.0837500020861625,-0.0662499979138374,0.2125,0.0043804997103025,6,642
Bin 1,0.15,800,0.0062500000931322,-0.1437499999068677,0.2125,0.0027880793566108,6,642
Bin 2,0.15,800,0.0474999994039535,-0.1025000005960464,0.2125,0.0075249900025305,6,642
Bin 3,0.15,800,0.0962499976158142,-0.0537500023841858,0.2125,0.0104340076336009,6,642
Bin 4,0.15,800,0.1162500008940696,-0.0337499991059303,0.2125,0.0113393398520255,6,642
Bin 5,0.15,800,0.1525000035762787,0.0025000035762786,0.2125,0.0127183678765626,6,642
Overall,0.1625,4000,0.0879999995231628,-0.0745000004768371,0.2125,0.0044798457276655,6,642
Bin 1,0.1625,800,0.0062500000931322,-0.1562499999068677,0.2125,0.0027880793566108,6,642
Bin 2,0.1625,800,0.0487499982118606,-0.1137500017881393,0.2125,0.0076183558086942,6,642
Bin 3,0.1625,800,0.0974999964237213,-0.0650000035762786,0.2125,0.0104942765733003,6,642
Bin 4,0.1625,800,0.1225000023841857,-0.0399999976158142,0.2125,0.0115989380970723,6,642
Bin 5,0.1625,800,0.1650000065565109,0.0025000065565109,0.2125,0.0131314238507087,6,642
Overall,0.175,4000,0.0925000011920929,-0.0824999988079071,0.2125,0.0045816142669551,6,642
Bin 1,0.175,800,0.0062500000931322,-0.1687499999068677,0.2125,0.0027880793566108,6,642
Bin 2,0.175,800,0.050000000745058,-0.1249999992549419,0.2125,0.00771033761772,6,642
Bin 3,0.175,800,0.1037499979138374,-0.0712500020861625,0.2125,0.0107878599296438,6,642
Bin 4,0.175,800,0.1287499964237213,-0.0462500035762787,0.2125,0.011848725609457,6,642
Bin 5,0.175,800,0.1737499982118606,-0.0012500017881393,0.2125,0.0134043183727895,6,642
Overall,0.1875,4000,0.0979999974370002,-0.0895000025629997,0.2125,0.0047015448880609,6,642
Bin 1,0.1875,800,0.0062500000931322,-0.1812499999068677,0.2125,0.0027880793566108,6,642
Bin 2,0.1875,800,0.0524999983608722,-0.1350000016391277,0.2125,0.0078903420661896,6,642
Bin 3,0.1875,800,0.1037499979138374,-0.0837500020861625,0.2125,0.0107878599296438,6,642
Bin 4,0.1875,800,0.1362500041723251,-0.0512499958276748,0.2125,0.0121363715285165,6,642
Bin 5,0.1875,800,0.1912499964237213,0.0037499964237213,0.2125,0.0139134386050753,6,642
Overall,0.2,4000,0.1007499992847442,-0.0992500007152557,0.2125,0.0047597820135981,6,642
Bin 1,0.2,800,0.0062500000931322,-0.1937499999068677,0.2125,0.0027880793566108,6,642
Bin 2,0.2,800,0.0524999983608722,-0.1475000016391277,0.2125,0.0078903420661896,6,642
Bin 3,0.2,800,0.1075000017881393,-0.0924999982118606,0.2125,0.0109580931581217,6,642
Bin 4,0.2,800,0.1400000005960464,-0.0599999994039535,0.2125,0.0122755182952041,6,642
Bin 5,0.2,800,0.197500005364418,-0.0024999946355819,0.2125,0.014084215527899,6,642
Overall,0.2125,4000,0.1059999987483024,-0.1065000012516975,0.2125,0.0048679482537625,6,642
Bin 1,0.2125,800,0.0062500000931322,-0.2062499999068677,0.2125,0.0027880793566108,6,642
Bin 2,0.2125,800,0.0537500008940696,-0.1587499991059303,0.2125,0.0079784542676865,6,642
Bin 3,0.2125,800,0.1137500032782554,-0.0987499967217445,0.2125,0.0112326040118429,6,642
Bin 4,0.2125,800,0.1487500071525573,-0.0637499928474426,0.2125,0.0125887800151173,6,642
Bin 5,0.2125,800,0.2074999958276748,-0.0050000041723251,0.2125,0.0143461487083533,6,642
Overall,0.225,4000,0.1092500016093254,-0.1157499983906746,0.2125,0.0049330213111397,6,642
Bin 1,0.225,800,0.0062500000931322,-0.2187499999068677,0.2125,0.0027880793566108,6,642
Bin 2,0.225,800,0.0549999997019767,-0.1700000002980232,0.2125,0.0080653621229871,6,642
Bin 3,0.225,800,0.1187499985098838,-0.1062500014901161,0.2125,0.0114443993013086,6,642
Bin 4,0.225,800,0.1525000035762787,-0.0724999964237213,0.2125,0.0127183678765626,6,642
Bin 5,0.225,800,0.2137500047683715,-0.0112499952316284,0.2125,0.0145030719620715,6,642
Overall,0.2375,4000,0.1137500032782554,-0.1237499967217445,0.2125,0.0050208597603312,6,642
Bin 1,0.2375,800,0.0062500000931322,-0.2312499999068677,0.2125,0.0027880793566108,6,642
Bin 2,0.2375,800,0.0549999997019767,-0.1825000002980232,0.2125,0.0080653621229871,6,642
Bin 3,0.2375,800,0.1212500035762786,-0.1162499964237213,0.2125,0.0115478234528695,6,642
Bin 4,0.2375,800,0.1637499928474426,-0.0737500071525573,0.2125,0.0130913769689249,6,642
Bin 5,0.2375,800,0.2224999964237213,-0.0150000035762787,0.2125,0.0147143741334097,6,642
Overall,0.25,4000,0.1190000027418136,-0.1309999972581863,0.2125,0.0051201859866184,6,642
Bin 1,0.25,800,0.0062500000931322,-0.2437499999068677,0.2125,0.0027880793566108,6,642
Bin 2,0.25,800,0.0549999997019767,-0.1950000002980232,0.2125,0.0080653621229871,6,642
Bin 3,0.25,800,0.1237500011920929,-0.1262499988079071,0.2125,0.0116496597219127,6,642
Bin 4,0.25,800,0.1737499982118606,-0.0762500017881393,0.2125,0.0134043183727895,6,642
Bin 5,0.25,800,0.2362499982118606,-0.0137500017881393,0.2125,0.0150275473449411,6,642
Overall,0.2625,4000,0.1220000013709068,-0.1404999986290931,0.2125,0.0051754897919857,6,642
Bin 1,0.2625,800,0.0062500000931322,-0.2562499999068677,0.2125,0.0027880793566108,6,642
Bin 2,0.2625,800,0.0562499985098838,-0.2062500014901161,0.2125,0.0081511025105841,6,642
Bin 3,0.2625,800,0.1262499988079071,-0.1362500011920929,0.2125,0.011749946040602,6,642
Bin 4,0.2625,800,0.178749993443489,-0.0837500065565109,0.2125,0.0135546193029354,6,642
Bin 5,0.2625,800,0.2425000071525573,-0.0199999928474426,0.2125,0.0151626048136518,6,642
Overall,0.275,4000,0.1274999976158142,-0.1475000023841858,0.2125,0.0052742670515263,6,642
Bin 1,0.275,800,0.0062500000931322,-0.2687499999068677,0.2125,0.0027880793566108,6,642
Bin 2,0.275,800,0.0562499985098838,-0.2187500014901161,0.2125,0.0081511025105841,6,642
Bin 3,0.275,800,0.135000005364418,-0.139999994635582,0.2125,0.0120893114111405,6,642
Bin 4,0.275,800,0.1850000023841858,-0.0899999976158142,0.2125,0.0137369802870723,6,642
Bin 5,0.275,800,0.2549999952316284,-0.0200000047683716,0.2125,0.0154196626574046,6,642
Overall,0.2875,4000,0.1299999952316284,-0.1575000047683716,0.2125,0.0053180892056072,6,642
Bin 1,0.2875,800,0.0062500000931322,-0.2812499999068678,0.2125,0.0027880793566108,6,642
Bin 2,0.2875,800,0.0575000010430812,-0.2299999989569187,0.2125,0.0082357138894765,6,642
Bin 3,0.2875,800,0.1362500041723251,-0.1512499958276749,0.2125,0.0121363715285165,6,642
Bin 4,0.2875,800,0.1899999976158142,-0.0975000023841858,0.2125,0.0138786084494659,6,642
Bin 5,0.2875,800,0.2599999904632568,-0.0275000095367431,0.2125,0.0155177647156698,6,642
Overall,0.3,4000,0.1347499936819076,-0.1652500063180924,0.2125,0.0053995733058043,6,642
Bin 1,0.3,800,0.0062500000931322,-0.2937499999068678,0.2125,0.0027880793566108,6,642
Bin 2,0.3,800,0.0575000010430812,-0.2424999989569187,0.2125,0.0082357138894765,6,642
Bin 3,0.3,800,0.1387500017881393,-0.1612499982118607,0.2125,0.0122294728632059,6,642
Bin 4,0.3,800,0.197500005364418,-0.102499994635582,0.2125,0.014084215527899,6,642
Bin 5,0.3,800,0.2737500071525574,-0.0262499928474426,0.2125,0.0157741777126404,6,642
Overall,0.3125,4000,0.1389999985694885,-0.1735000014305114,0.2125,0.0054705785025579,6,642
Bin 1,0.3125,800,0.0062500000931322,-0.3062499999068677,0.2125,0.0027880793566108,6,642
Bin 2,0.3125,800,0.0575000010430812,-0.2549999989569187,0.2125,0.0082357138894765,6,642
Bin 3,0.3125,800,0.1462499946355819,-0.166250005364418,0.2125,0.0125008595817812,6,642
Bin 4,0.3125,800,0.2049999982118606,-0.1075000017881393,0.2125,0.0142819369309758,6,642
Bin 5,0.3125,800,0.2800000011920929,-0.0324999988079071,0.2125,0.0158844380830297,6,642
Overall,0.325,4000,0.1422500014305114,-0.1827499985694885,0.2125,0.005523709059311,6,642
Bin 1,0.325,800,0.0062500000931322,-0.3187499999068677,0.2125,0.0027880793566108,6,642
Bin 2,0.325,800,0.0575000010430812,-0.2674999989569187,0.2125,0.0082357138894765,6,642
Bin 3,0.325,800,0.1500000059604644,-0.1749999940395355,0.2125,0.0126322787237942,6,642
Bin 4,0.325,800,0.2087499946355819,-0.116250005364418,0.2125,0.0143779400761851,6,642
Bin 5,0.325,800,0.2887499928474426,-0.0362500071525573,0.2125,0.016032408292453,6,642
Overall,0.3375,4000,0.1455000042915344,-0.1919999957084656,0.2125,0.0055758594865938,6,642
Bin 1,0.3375,800,0.0062500000931322,-0.3312499999068677,0.2125,0.0027880793566108,6,642
Bin 2,0.3375,800,0.0575000010430812,-0.2799999989569187,0.2125,0.0082357138894765,6,642
Bin 3,0.3375,800,0.1512500047683715,-0.1862499952316284,0.2125,0.0126754739751618,6,642
Bin 4,0.3375,800,0.2137500047683715,-0.1237499952316284,0.2125,0.0145030719620715,6,642
Bin 5,0.3375,800,0.2987500131130218,-0.0387499868869781,0.2125,0.0161926147856702,6,642
Overall,0.35,4000,0.147499993443489,-0.2025000065565109,0.2125,0.0056074766726878,6,642
Bin 1,0.35,800,0.0062500000931322,-0.3437499999068678,0.2125,0.0027880793566108,6,642
Bin 2,0.35,800,0.0575000010430812,-0.2924999989569187,0.2125,0.0082357138894765,6,642
Bin 3,0.35,800,0.1525000035762787,-0.1974999964237213,0.2125,0.0127183678765626,6,642
Bin 4,0.35,800,0.2175000011920929,-0.1324999988079071,0.2125,0.0145948098462116,6,642
Bin 5,0.35,800,0.3037500083446502,-0.0462499916553497,0.2125,0.016269243024619,6,642
Overall,0.3625,4000,0.150749996304512,-0.211750003695488,0.2125,0.0056581017734822,6,642
Bin 1,0.3625,800,0.0062500000931322,-0.3562499999068678,0.2125,0.0027880793566108,6,642
Bin 2,0.3625,800,0.0575000010430812,-0.3049999989569187,0.2125,0.0082357138894765,6,642
Bin 3,0.3625,800,0.1550000011920929,-0.2074999988079071,0.2125,0.0128032674345317,6,642
Bin 4,0.3625,800,0.2212499976158142,-0.1412500023841858,0.2125,0.0146847744017005,6,642
Bin 5,0.3625,800,0.3137499988079071,-0.0487500011920929,0.2125,0.0164157075378792,6,642
Overall,0.375,4000,0.1544999927282333,-0.2205000072717666,0.2125,0.0057153828015697,6,642
Bin 1,0.375,800,0.0062500000931322,-0.3687499999068677,0.2125,0.0027880793566108,6,642
Bin 2,0.375,800,0.0575000010430812,-0.3174999989569187,0.2125,0.0082357138894765,6,642
Bin 3,0.375,800,0.1587499976158142,-0.2162500023841858,0.2125,0.0129284372525818,6,642
Bin 4,0.375,800,0.2262499928474426,-0.1487500071525573,0.2125,0.014802027987929,6,642
Bin 5,0.375,800,0.3237499892711639,-0.051250010728836,0.2125,0.0165533201592809,6,642
Overall,0.3875,4000,0.1567499935626983,-0.2307500064373016,0.2125,0.005749184545464,6,642
Bin 1,0.3875,800,0.0062500000931322,-0.3812499999068677,0.2125,0.0027880793566108,6,642
Bin 2,0.3875,800,0.0587499998509883,-0.3287500001490116,0.2125,0.0083192289234721,6,642
Bin 3,0.3875,800,0.1612499952316284,-0.2262500047683716,0.2125,0.0130104623954825,6,642
Bin 4,0.3875,800,0.2300000041723251,-0.1574999958276748,0.2125,0.0148879833244533,6,642
Bin 5,0.3875,800,0.3274999856948852,-0.0600000143051147,0.2125,0.016602687816613,6,642
Overall,0.4,4000,0.1602499932050705,-0.2397500067949295,0.2125,0.0058009391512299,6,642
Bin 1,0.4,800,0.0062500000931322,-0.3937499999068677,0.2125,0.0027880793566108,6,642
Bin 2,0.4,800,0.0587499998509883,-0.3412500001490116,0.2125,0.0083192289234721,6,642
Bin 3,0.4,800,0.1650000065565109,-0.2349999934434891,0.2125,0.0131314238507087,6,642
Bin 4,0.4,800,0.2325000017881393,-0.1674999982118606,0.2125,0.0149443589490215,6,642
Bin 5,0.4,800,0.3387500047683716,-0.0612499952316284,0.2125,0.016743610019294,6,642
Overall,0.4125,4000,0.1632499992847442,-0.2492500007152557,0.2125,0.0058445191002398,6,642
Bin 1,0.4125,800,0.0062500000931322,-0.4062499999068678,0.2125,0.0027880793566108,6,642
Bin 2,0.4125,800,0.0587499998509883,-0.3537500001490116,0.2125,0.0083192289234721,6,642
Bin 3,0.4125,800,0.166250005364418,-0.246249994635582,0.2125,0.0131712009926621,6,642
Bin 4,0.4125,800,0.2362499982118606,-0.1762500017881393,0.2125,0.0150275473449411,6,642
Bin 5,0.4125,800,0.3487499952316284,-0.0637500047683716,0.2125,0.0168600006487993,6,642
Overall,0.425,4000,0.1665000021457672,-0.2584999978542328,0.2125,0.0058909352989046,6,642
Bin 1,0.425,800,0.0062500000931322,-0.4187499999068678,0.2125,0.0027880793566108,6,642
Bin 2,0.425,800,0.0587499998509883,-0.3662500001490116,0.2125,0.0083192289234721,6,642
Bin 3,0.425,800,0.166250005364418,-0.258749994635582,0.2125,0.0131712009926621,6,642
Bin 4,0.425,800,0.2425000071525573,-0.1824999928474426,0.2125,0.0151626048136518,6,642
Bin 5,0.425,800,0.3587499856948852,-0.0662500143051147,0.2125,0.016968217950707,6,642
Overall,0.4375,4000,0.1702499985694885,-0.2672500014305115,0.2125,0.0059434890871618,6,642
Bin 1,0.4375,800,0.0062500000931322,-0.4312499999068677,0.2125,0.0027880793566108,6,642
Bin 2,0.4375,800,0.0587499998509883,-0.3787500001490116,0.2125,0.0083192289234721,6,642
Bin 3,0.4375,800,0.1700000017881393,-0.2674999982118606,0.2125,0.0132889329456212,6,642
Bin 4,0.4375,800,0.2512499988079071,-0.1862500011920929,0.2125,0.0153443346487323,6,642
Bin 5,0.4375,800,0.3650000095367431,-0.0724999904632568,0.2125,0.0170317743445903,6,642
Overall,0.45,4000,0.1720000058412552,-0.2779999941587448,0.2125,0.0059676549332002,6,642
Bin 1,0.45,800,0.0062500000931322,-0.4437499999068677,0.2125,0.0027880793566108,6,642
Bin 2,0.45,800,0.0587499998509883,-0.3912500001490116,0.2125,0.0083192289234721,6,642
Bin 3,0.45,800,0.1712500005960464,-0.2787499994039535,0.2125,0.0133276532553482,6,642
Bin 4,0.45,800,0.2537499964237213,-0.1962500035762787,0.2125,0.0153947212061271,6,642
Bin 5,0.45,800,0.3700000047683716,-0.0799999952316284,0.2125,0.0170803875733339,6,642
Overall,0.4625,4000,0.1777500063180923,-0.2847499936819077,0.2125,0.0060454838101753,6,642
Bin 1,0.4625,800,0.0062500000931322,-0.4562499999068677,0.2125,0.0027880793566108,6,642
Bin 2,0.4625,800,0.0587499998509883,-0.4037500001490116,0.2125,0.0083192289234721,6,642
Bin 3,0.4625,800,0.1724999994039535,-0.2900000005960464,0.2125,0.0133661143619568,6,642
Bin 4,0.4625,800,0.2637499868869781,-0.1987500131130218,0.2125,0.0155896198240248,6,642
Bin 5,0.4625,800,0.387499988079071,-0.0750000119209289,0.2125,0.0172351676598053,6,642
Overall,0.475,4000,0.1822499930858612,-0.2927500069141388,0.2125,0.0061047561974656,6,642
Bin 1,0.475,800,0.0062500000931322,-0.4687499999068678,0.2125,0.0027880793566108,6,642
Bin 2,0.475,800,0.0587499998509883,-0.4162500001490116,0.2125,0.0083192289234721,6,642
Bin 3,0.475,800,0.1749999970197677,-0.3000000029802322,0.2125,0.0134422695025311,6,642
Bin 4,0.475,800,0.270000010728836,-0.2049999892711639,0.2125,0.0157061579674998,6,642
Bin 5,0.475,800,0.4012500047683716,-0.0737499952316284,0.2125,0.0173403114027855,6,642
Overall,0.4875,4000,0.1857499927282333,-0.3017500072717667,0.2125,0.0061498930444419,6,642
Bin 1,0.4875,800,0.0062500000931322,-0.4812499999068678,0.2125,0.0027880793566108,6,642
Bin 2,0.4875,800,0.0587499998509883,-0.4287500001490116,0.2125,0.0083192289234721,6,642
Bin 3,0.4875,800,0.1762499958276748,-0.3112500041723252,0.2125,0.0134799677511817,6,642
Bin 4,0.4875,800,0.2762500047683716,-0.2112499952316284,0.2125,0.0158187458975982,6,642
Bin 5,0.4875,800,0.4112499952316284,-0.0762500047683716,0.2125,0.0174078443518257,6,642
Overall,0.5,4000,0.1895000040531158,-0.3104999959468841,0.2125,0.0061973416775633,6,642
Bin 1,0.5,800,0.0062500000931322,-0.4937499999068677,0.2125,0.0027880793566108,6,642
Bin 2,0.5,800,0.0587499998509883,-0.4412500001490116,0.2125,0.0083192289234721,6,642
Bin 3,0.5,800,0.178749993443489,-0.3212500065565109,0.2125,0.0135546193029354,6,642
Bin 4,0.5,800,0.2837499976158142,-0.2162500023841858,0.2125,0.015948757334871,6,642
Bin 5,0.5,800,0.4199999868869781,-0.0800000131130218,0.2125,0.0174608450674993,6,642
Overall,0.5125000000000001,4000,0.1932500004768371,-0.3192499995231629,0.2125,0.0062438657847131,6,642
Bin 1,0.5125000000000001,800,0.0062500000931322,-0.5062499999068678,0.2125,0.0027880793566108,6,642
Bin 2,0.5125000000000001,800,0.0587499998509883,-0.4537500001490117,0.2125,0.0083192289234721,6,642
Bin 3,0.5125000000000001,800,0.1825000047683715,-0.3299999952316285,0.2125,0.0136647574474641,6,642
Bin 4,0.5125000000000001,800,0.2899999916553497,-0.2225000083446503,0.2125,0.0160529485590748,6,642
Bin 5,0.5125000000000001,800,0.4287500083446502,-0.0837499916553498,0.2125,0.0175082107495271,6,642
Overall,0.525,4000,0.1962500065565109,-0.3287499934434891,0.2125,0.0062804335670648,6,642
Bin 1,0.525,800,0.0062500000931322,-0.5187499999068678,0.2125,0.0027880793566108,6,642
Bin 2,0.525,800,0.0587499998509883,-0.4662500001490116,0.2125,0.0083192289234721,6,642
Bin 3,0.525,800,0.1850000023841858,-0.3399999976158142,0.2125,0.0137369802870723,6,642
Bin 4,0.525,800,0.2949999868869781,-0.2300000131130218,0.2125,0.0161336334321928,6,642
Bin 5,0.525,800,0.4362500011920929,-0.0887499988079071,0.2125,0.0175443632625085,6,642
Overall,0.5375,4000,0.1990000009536743,-0.3384999990463256,0.2125,0.0063134554483276,6,642
Bin 1,0.5375,800,0.0062500000931322,-0.5312499999068677,0.2125,0.0027880793566108,6,642
Bin 2,0.5375,800,0.0587499998509883,-0.4787500001490116,0.2125,0.0083192289234721,6,642
Bin 3,0.5375,800,0.1862500011920929,-0.3512499988079071,0.2125,0.013772737673349,6,642
Bin 4,0.5375,800,0.2987500131130218,-0.2387499868869781,0.2125,0.0161926147856702,6,642
Bin 5,0.5375,800,0.4449999928474426,-0.0925000071525573,0.2125,0.0175813850542405,6,642
Overall,0.55,4000,0.2022500038146972,-0.3477499961853028,0.2125,0.0063518755811352,6,642
Bin 1,0.55,800,0.0062500000931322,-0.5437499999068678,0.2125,0.0027880793566108,6,642
Bin 2,0.55,800,0.0587499998509883,-0.4912500001490116,0.2125,0.0083192289234721,6,642
Bin 3,0.55,800,0.1862500011920929,-0.3637499988079071,0.2125,0.013772737673349,6,642
Bin 4,0.55,800,0.3025000095367431,-0.2474999904632568,0.2125,0.0162503001235558,6,642
Bin 5,0.55,800,0.457500010728836,-0.0924999892711639,0.2125,0.0176247120145097,6,642
Overall,0.5625,4000,0.2039999961853027,-0.3585000038146972,0.2125,0.006372295730462,6,642
Bin 1,0.5625,800,0.0062500000931322,-0.5562499999068677,0.2125,0.0027880793566108,6,642
Bin 2,0.5625,800,0.0587499998509883,-0.5037500001490116,0.2125,0.0083192289234721,6,642
Bin 3,0.5625,800,0.1875,-0.375,0.2125,0.013808259037274,6,642
Bin 4,0.5625,800,0.3062500059604645,-0.2562499940395355,0.2125,0.0163067031435755,6,642
Bin 5,0.5625,800,0.4612500071525574,-0.1012499928474426,0.2125,0.0176355268958376,6,642
Overall,0.5750000000000001,4000,0.2072499990463256,-0.3677500009536744,0.2125,0.0064097291367738,6,642
Bin 1,0.5750000000000001,800,0.0062500000931322,-0.5687499999068678,0.2125,0.0027880793566108,6,642
Bin 2,0.5750000000000001,800,0.0587499998509883,-0.5162500001490117,0.2125,0.0083192289234721,6,642
Bin 3,0.5750000000000001,800,0.1875,-0.3875,0.2125,0.013808259037274,6,642
Bin 4,0.5750000000000001,800,0.3100000023841858,-0.2649999976158143,0.2125,0.0163618354361126,6,642
Bin 5,0.5750000000000001,800,0.4737499952316284,-0.1012500047683716,0.2125,0.017664335320466,6,642
Overall,0.5875,4000,0.2117500007152557,-0.3757499992847443,0.2125,0.0064605271738739,6,642
Bin 1,0.5875,800,0.0062500000931322,-0.5812499999068678,0.2125,0.0027880793566108,6,642
Bin 2,0.5875,800,0.0587499998509883,-0.5287500001490116,0.2125,0.0083192289234721,6,642
Bin 3,0.5875,800,0.1887499988079071,-0.3987500011920929,0.2125,0.0138435496472034,6,642
Bin 4,0.5875,800,0.3162499964237213,-0.2712500035762787,0.2125,0.0164509338738646,6,642
Bin 5,0.5875,800,0.488750010728836,-0.0987499892711639,0.2125,0.0176842507600586,6,642
Overall,0.6000000000000001,4000,0.2129999995231628,-0.3870000004768372,0.2125,0.0064744289910065,6,642
Bin 1,0.6000000000000001,800,0.0062500000931322,-0.5937499999068678,0.2125,0.0027880793566108,6,642
Bin 2,0.6000000000000001,800,0.0587499998509883,-0.5412500001490117,0.2125,0.0083192289234721,6,642
Bin 3,0.6000000000000001,800,0.1899999976158142,-0.4100000023841859,0.2125,0.0138786084494659,6,642
Bin 4,0.6000000000000001,800,0.3174999952316284,-0.2825000047683716,0.2125,0.0164683384149572,6,642
Bin 5,0.6000000000000001,800,0.4925000071525574,-0.1074999928474427,0.2125,0.0176867374241208,6,642
Overall,0.6125,4000,0.2160000056028366,-0.3964999943971634,0.2125,0.0065074249553843,6,642
Bin 1,0.6125,800,0.0062500000931322,-0.6062499999068678,0.2125,0.0027880793566108,6,642
Bin 2,0.6125,800,0.0587499998509883,-0.5537500001490117,0.2125,0.0083192289234721,6,642
Bin 3,0.6125,800,0.1899999976158142,-0.4225000023841858,0.2125,0.0138786084494659,6,642
Bin 4,0.6125,800,0.3212499916553497,-0.2912500083446503,0.2125,0.0165197364967163,6,642
Bin 5,0.6125,800,0.5037500262260437,-0.1087499737739563,0.2125,0.0176882315299005,6,642
Overall,0.625,4000,0.2175000011920929,-0.4074999988079071,0.2125,0.0065237323306642,6,642
Bin 1,0.625,800,0.0062500000931322,-0.6187499999068677,0.2125,0.0027880793566108,6,642
Bin 2,0.625,800,0.0587499998509883,-0.5662500001490116,0.2125,0.0083192289234721,6,642
Bin 3,0.625,800,0.1899999976158142,-0.4350000023841858,0.2125,0.0138786084494659,6,642
Bin 4,0.625,800,0.3212499916553497,-0.3037500083446502,0.2125,0.0165197364967163,6,642
Bin 5,0.625,800,0.5112500190734863,-0.1137499809265136,0.2125,0.0176842507600586,6,642
Overall,0.6375000000000001,4000,0.2185000032186508,-0.4189999967813492,0.2125,0.0065345321322661,6,642
Bin 1,0.6375000000000001,800,0.0062500000931322,-0.6312499999068678,0.2125,0.0027880793566108,6,642
Bin 2,0.6375000000000001,800,0.0587499998509883,-0.5787500001490117,0.2125,0.0083192289234721,6,642
Bin 3,0.6375000000000001,800,0.1899999976158142,-0.4475000023841858,0.2125,0.0138786084494659,6,642
Bin 4,0.6375000000000001,800,0.3237499892711639,-0.3137500107288361,0.2125,0.0165533201592809,6,642
Bin 5,0.6375000000000001,800,0.5137500166893005,-0.1237499833106995,0.2125,0.0176820380505118,6,642
Overall,0.65,4000,0.2202499955892563,-0.4297500044107437,0.2125,0.0065532987843278,6,642
Bin 1,0.65,800,0.0062500000931322,-0.6437499999068678,0.2125,0.0027880793566108,6,642
Bin 2,0.65,800,0.0587499998509883,-0.5912500001490116,0.2125,0.0083192289234721,6,642
Bin 3,0.65,800,0.1899999976158142,-0.4600000023841858,0.2125,0.0138786084494659,6,642
Bin 4,0.65,800,0.3237499892711639,-0.3262500107288361,0.2125,0.0165533201592809,6,642
Bin 5,0.65,800,0.5224999785423279,-0.1275000214576721,0.2125,0.0176708090763973,6,642
Overall,0.6625000000000001,4000,0.2217500060796737,-0.4407499939203263,0.2125,0.0065692485065942,6,642
Bin 1,0.6625000000000001,800,0.0062500000931322,-0.6562499999068678,0.2125,0.0027880793566108,6,642
Bin 2,0.6625000000000001,800,0.0587499998509883,-0.6037500001490117,0.2125,0.0083192289234721,6,642
Bin 3,0.6625000000000001,800,0.1912499964237213,-0.4712500035762788,0.2125,0.0139134386050753,6,642
Bin 4,0.6625000000000001,800,0.3274999856948852,-0.3350000143051148,0.2125,0.016602687816613,6,642
Bin 5,0.6625000000000001,800,0.5249999761581421,-0.137500023841858,0.2125,0.0176666038745871,6,642
Overall,0.675,4000,0.22325000166893,-0.45174999833107,0.2125,0.0065850738278124,6,642
Bin 1,0.675,800,0.0062500000931322,-0.6687499999068678,0.2125,0.0027880793566108,6,642
Bin 2,0.675,800,0.0587499998509883,-0.6162500001490117,0.2125,0.0083192289234721,6,642
Bin 3,0.675,800,0.1912499964237213,-0.4837500035762787,0.2125,0.0139134386050753,6,642
Bin 4,0.675,800,0.3300000131130218,-0.3449999868869782,0.2125,0.0166349301557238,6,642
Bin 5,0.675,800,0.5299999713897705,-0.1450000286102295,0.2125,0.0176568595232114,6,642
Overall,0.6875,4000,0.2249999940395355,-0.4625000059604645,0.2125,0.0066033815154009,6,642
Bin 1,0.6875,800,0.0062500000931322,-0.6812499999068677,0.2125,0.0027880793566108,6,642
Bin 2,0.6875,800,0.0587499998509883,-0.6287500001490116,0.2125,0.0083192289234721,6,642
Bin 3,0.6875,800,0.1924999952316284,-0.4950000047683716,0.2125,0.0139480411677028,6,642
Bin 4,0.6875,800,0.3312500119209289,-0.356249988079071,0.2125,0.0166508511277488,6,642
Bin 5,0.6875,800,0.5362499952316284,-0.1512500047683715,0.2125,0.017642179775875,6,642
Overall,0.7000000000000001,4000,0.226500004529953,-0.473499995470047,0.2125,0.0066189405995274,6,642
Bin 1,0.7000000000000001,800,0.0062500000931322,-0.6937499999068678,0.2125,0.0027880793566108,6,642
Bin 2,0.7000000000000001,800,0.0587499998509883,-0.6412500001490117,0.2125,0.0083192289234721,6,642
Bin 3,0.7000000000000001,800,0.1924999952316284,-0.5075000047683716,0.2125,0.0139480411677028,6,642
Bin 4,0.7000000000000001,800,0.3337500095367431,-0.3662499904632569,0.2125,0.016682297945094,6,642
Bin 5,0.7000000000000001,800,0.5412499904632568,-0.1587500095367432,0.2125,0.0176284293665484,6,642
Overall,0.7125,4000,0.2275000065565109,-0.4849999934434891,0.2125,0.0066292470378815,6,642
Bin 1,0.7125,800,0.0062500000931322,-0.7062499999068678,0.2125,0.0027880793566108,6,642
Bin 2,0.7125,800,0.0587499998509883,-0.6537500001490116,0.2125,0.0083192289234721,6,642
Bin 3,0.7125,800,0.1924999952316284,-0.5200000047683716,0.2125,0.0139480411677028,6,642
Bin 4,0.7125,800,0.3362500071525574,-0.3762499928474426,0.2125,0.0167132158194904,6,642
Bin 5,0.7125,800,0.543749988079071,-0.1687500119209289,0.2125,0.0176208829733225,6,642
Overall,0.7250000000000001,4000,0.2282499969005584,-0.4967500030994416,0.2125,0.0066369415254402,6,642
Bin 1,0.7250000000000001,800,0.0062500000931322,-0.7187499999068678,0.2125,0.0027880793566108,6,642
Bin 2,0.7250000000000001,800,0.0587499998509883,-0.6662500001490117,0.2125,0.0083192289234721,6,642
Bin 3,0.7250000000000001,800,0.1924999952316284,-0.5325000047683717,0.2125,0.0139480411677028,6,642
Bin 4,0.7250000000000001,800,0.3387500047683716,-0.3862499952316285,0.2125,0.016743610019294,6,642
Bin 5,0.7250000000000001,800,0.5450000166893005,-0.1799999833106995,0.2125,0.0176169443503291,6,642
Overall,0.7375,4000,0.228750005364418,-0.508749994635582,0.2125,0.0066420551624656,6,642
Bin 1,0.7375,800,0.0062500000931322,-0.7312499999068678,0.2125,0.0027880793566108,6,642
Bin 2,0.7375,800,0.0587499998509883,-0.6787500001490117,0.2125,0.0083192289234721,6,642
Bin 3,0.7375,800,0.1924999952316284,-0.5450000047683716,0.2125,0.0139480411677028,6,642
Bin 4,0.7375,800,0.3400000035762787,-0.3974999964237213,0.2125,0.0167586121900214,6,642
Bin 5,0.7375,800,0.5462499856948853,-0.1912500143051148,0.2125,0.0176128898235024,6,642
Overall,0.75,4000,0.2304999977350235,-0.5195000022649765,0.2125,0.0066598445123534,6,642
Bin 1,0.75,800,0.0062500000931322,-0.7437499999068677,0.2125,0.0027880793566108,6,642
Bin 2,0.75,800,0.0587499998509883,-0.6912500001490116,0.2125,0.0083192289234721,6,642
Bin 3,0.75,800,0.1924999952316284,-0.5575000047683716,0.2125,0.0139480411677028,6,642
Bin 4,0.75,800,0.34375,-0.40625,0.2125,0.0168028368781639,6,642
Bin 5,0.75,800,0.5512499809265137,-0.1987500190734863,0.2125,0.0175955632540796,6,642
Overall,0.7625000000000001,4000,0.2317499965429306,-0.5307500034570695,0.2125,0.0066724518988825,6,642
Bin 1,0.7625000000000001,800,0.0062500000931322,-0.7562499999068678,0.2125,0.0027880793566108,6,642
Bin 2,0.7625000000000001,800,0.0587499998509883,-0.7037500001490117,0.2125,0.0083192289234721,6,642
Bin 3,0.7625000000000001,800,0.1937499940395355,-0.5687500059604645,0.2125,0.0139824192983619,6,642
Bin 4,0.7625000000000001,800,0.34375,-0.41875,0.2125,0.0168028368781639,6,642
Bin 5,0.7625000000000001,800,0.5562499761581421,-0.2062500238418579,0.2125,0.0175764349068829,6,642
Overall,0.775,4000,0.2325000017881393,-0.5424999982118607,0.2125,0.0066799767486483,6,642
Bin 1,0.775,800,0.0062500000931322,-0.7687499999068678,0.2125,0.0027880793566108,6,642
Bin 2,0.775,800,0.0587499998509883,-0.7162500001490116,0.2125,0.0083192289234721,6,642
Bin 3,0.775,800,0.1937499940395355,-0.5812500059604645,0.2125,0.0139824192983619,6,642
Bin 4,0.775,800,0.3449999988079071,-0.4300000011920929,0.2125,0.0168173206426547,6,642
Bin 5,0.775,800,0.5587499737739563,-0.2162500262260437,0.2125,0.0175661963837084,6,642
Overall,0.7875000000000001,4000,0.2335000038146972,-0.5539999961853028,0.2125,0.0066899651161406,6,642
Bin 1,0.7875000000000001,800,0.0062500000931322,-0.7812499999068678,0.2125,0.0027880793566108,6,642
Bin 2,0.7875000000000001,800,0.0587499998509883,-0.7287500001490117,0.2125,0.0083192289234721,6,642
Bin 3,0.7875000000000001,800,0.1937499940395355,-0.5937500059604646,0.2125,0.0139824192983619,6,642
Bin 4,0.7875000000000001,800,0.3462499976158142,-0.4412500023841859,0.2125,0.0168316748055863,6,642
Bin 5,0.7875000000000001,800,0.5625,-0.2250000000000001,0.2125,0.0175499909204559,6,642
Overall,0.8,4000,0.2347500026226043,-0.5652499973773957,0.2125,0.0067023760055596,6,642
Bin 1,0.8,800,0.0062500000931322,-0.7937499999068678,0.2125,0.0027880793566108,6,642
Bin 2,0.8,800,0.0587499998509883,-0.7412500001490117,0.2125,0.0083192289234721,6,642
Bin 3,0.8,800,0.1937499940395355,-0.6062500059604645,0.2125,0.0139824192983619,6,642
Bin 4,0.8,800,0.3462499976158142,-0.4537500023841858,0.2125,0.0168316748055863,6,642
Bin 5,0.8,800,0.5687500238418579,-0.2312499761581421,0.2125,0.0175207157194803,6,642
Overall,0.8125,4000,0.2349999994039535,-0.5775000005960464,0.2125,0.0067048480051758,6,642
Bin 1,0.8125,800,0.0062500000931322,-0.8062499999068677,0.2125,0.0027880793566108,6,642
Bin 2,0.8125,800,0.0587499998509883,-0.7537500001490116,0.2125,0.0083192289234721,6,642
Bin 3,0.8125,800,0.1937499940395355,-0.6187500059604645,0.2125,0.0139824192983619,6,642
Bin 4,0.8125,800,0.3462499976158142,-0.4662500023841858,0.2125,0.0168316748055863,6,642
Bin 5,0.8125,800,0.5699999928474426,-0.2425000071525573,0.2125,0.0175145211864204,6,642
Overall,0.8250000000000001,4000,0.2349999994039535,-0.5900000005960465,0.2125,0.0067048480051758,6,642
Bin 1,0.8250000000000001,800,0.0062500000931322,-0.8187499999068678,0.2125,0.0027880793566108,6,642
Bin 2,0.8250000000000001,800,0.0587499998509883,-0.7662500001490117,0.2125,0.0083192289234721,6,642
Bin 3,0.8250000000000001,800,0.1937499940395355,-0.6312500059604645,0.2125,0.0139824192983619,6,642
Bin 4,0.8250000000000001,800,0.3462499976158142,-0.4787500023841858,0.2125,0.0168316748055863,6,642
Bin 5,0.8250000000000001,800,0.5699999928474426,-0.2550000071525574,0.2125,0.0175145211864204,6,642
Overall,0.8375,4000,0.2362499982118606,-0.6012500017881394,0.2125,0.0067171618240799,6,642
Bin 1,0.8375,800,0.0062500000931322,-0.8312499999068678,0.2125,0.0027880793566108,6,642
Bin 2,0.8375,800,0.0587499998509883,-0.7787500001490116,0.2125,0.0083192289234721,6,642
Bin 3,0.8375,800,0.1937499940395355,-0.6437500059604645,0.2125,0.0139824192983619,6,642
Bin 4,0.8375,800,0.3462499976158142,-0.4912500023841858,0.2125,0.0168316748055863,6,642
Bin 5,0.8375,800,0.5762500166893005,-0.2612499833106995,0.2125,0.0174818320907153,6,642
Overall,0.8500000000000001,4000,0.2370000034570694,-0.6129999965429307,0.2125,0.0067245118526757,6,642
Bin 1,0.8500000000000001,800,0.0062500000931322,-0.8437499999068678,0.2125,0.0027880793566108,6,642
Bin 2,0.8500000000000001,800,0.0587499998509883,-0.7912500001490117,0.2125,0.0083192289234721,6,642
Bin 3,0.8500000000000001,800,0.1937499940395355,-0.6562500059604646,0.2125,0.0139824192983619,6,642
Bin 4,0.8500000000000001,800,0.3462499976158142,-0.5037500023841859,0.2125,0.0168316748055863,6,642
Bin 5,0.8500000000000001,800,0.5799999833106995,-0.2700000166893006,0.2125,0.0174608450674993,6,642
Overall,0.8625,4000,0.2374999970197677,-0.6250000029802323,0.2125,0.0067293950650323,6,642
Bin 1,0.8625,800,0.0062500000931322,-0.8562499999068678,0.2125,0.0027880793566108,6,642
Bin 2,0.8625,800,0.0587499998509883,-0.8037500001490117,0.2125,0.0083192289234721,6,642
Bin 3,0.8625,800,0.1937499940395355,-0.6687500059604645,0.2125,0.0139824192983619,6,642
Bin 4,0.8625,800,0.3462499976158142,-0.5162500023841858,0.2125,0.0168316748055863,6,642
Bin 5,0.8625,800,0.5824999809265137,-0.2800000190734864,0.2125,0.017446279116654,6,642
Overall,0.875,4000,0.2377499938011169,-0.6372500061988831,0.2125,0.0067318317234417,6,642
Bin 1,0.875,800,0.0062500000931322,-0.8687499999068677,0.2125,0.0027880793566108,6,642
Bin 2,0.875,800,0.0587499998509883,-0.8162500001490116,0.2125,0.0083192289234721,6,642
Bin 3,0.875,800,0.1937499940395355,-0.6812500059604645,0.2125,0.0139824192983619,6,642
Bin 4,0.875,800,0.3462499976158142,-0.5287500023841858,0.2125,0.0168316748055863,6,642
Bin 5,0.875,800,0.5837500095367432,-0.2912499904632568,0.2125,0.0174388233391524,6,642
Overall,0.8875000000000001,4000,0.2377499938011169,-0.6497500061988831,0.2125,0.0067318317234417,6,642
Bin 1,0.8875000000000001,800,0.0062500000931322,-0.8812499999068678,0.2125,0.0027880793566108,6,642
Bin 2,0.8875000000000001,800,0.0587499998509883,-0.8287500001490117,0.2125,0.0083192289234721,6,642
Bin 3,0.8875000000000001,800,0.1937499940395355,-0.6937500059604645,0.2125,0.0139824192983619,6,642
Bin 4,0.8875000000000001,800,0.3462499976158142,-0.5412500023841859,0.2125,0.0168316748055863,6,642
Bin 5,0.8875000000000001,800,0.5837500095367432,-0.3037499904632569,0.2125,0.0174388233391524,6,642
Overall,0.9,4000,0.2377499938011169,-0.6622500061988831,0.2125,0.0067318317234417,6,642
Bin 1,0.9,800,0.0062500000931322,-0.8937499999068678,0.2125,0.0027880793566108,6,642
Bin 2,0.9,800,0.0587499998509883,-0.8412500001490116,0.2125,0.0083192289234721,6,642
Bin 3,0.9,800,0.1937499940395355,-0.7062500059604645,0.2125,0.0139824192983619,6,642
Bin 4,0.9,800,0.3462499976158142,-0.5537500023841858,0.2125,0.0168316748055863,6,642
Bin 5,0.9,800,0.5837500095367432,-0.3162499904632568,0.2125,0.0174388233391524,6,642
Overall,0.9125,4000,0.2377499938011169,-0.6747500061988831,0.2125,0.0067318317234417,6,642
Bin 1,0.9125,800,0.0062500000931322,-0.9062499999068678,0.2125,0.0027880793566108,6,642
Bin 2,0.9125,800,0.0587499998509883,-0.8537500001490117,0.2125,0.0083192289234721,6,642
Bin 3,0.9125,800,0.1937499940395355,-0.7187500059604646,0.2125,0.0139824192983619,6,642
Bin 4,0.9125,800,0.3462499976158142,-0.5662500023841859,0.2125,0.0168316748055863,6,642
Bin 5,0.9125,800,0.5837500095367432,-0.3287499904632569,0.2125,0.0174388233391524,6,642
Overall,0.925,4000,0.2377499938011169,-0.6872500061988831,0.2125,0.0067318317234417,6,642
Bin 1,0.925,800,0.0062500000931322,-0.9187499999068678,0.2125,0.0027880793566108,6,642
Bin 2,0.925,800,0.0587499998509883,-0.8662500001490117,0.2125,0.0083192289234721,6,642
Bin 3,0.925,800,0.1937499940395355,-0.7312500059604645,0.2125,0.0139824192983619,6,642
Bin 4,0.925,800,0.3462499976158142,-0.5787500023841858,0.2125,0.0168316748055863,6,642
Bin 5,0.925,800,0.5837500095367432,-0.3412499904632569,0.2125,0.0174388233391524,6,642
Overall,0.9375,4000,0.2377499938011169,-0.6997500061988831,0.2125,0.0067318317234417,6,642
Bin 1,0.9375,800,0.0062500000931322,-0.9312499999068676,0.2125,0.0027880793566108,6,642
Bin 2,0.9375,800,0.0587499998509883,-0.8787500001490116,0.2125,0.0083192289234721,6,642
Bin 3,0.9375,800,0.1937499940395355,-0.7437500059604645,0.2125,0.0139824192983619,6,642
Bin 4,0.9375,800,0.3462499976158142,-0.5912500023841858,0.2125,0.0168316748055863,6,642
Bin 5,0.9375,800,0.5837500095367432,-0.3537499904632568,0.2125,0.0174388233391524,6,642
Overall,0.95,4000,0.2377499938011169,-0.7122500061988831,0.2125,0.0067318317234417,6,642
Bin 1,0.95,800,0.0062500000931322,-0.9437499999068678,0.2125,0.0027880793566108,6,642
Bin 2,0.95,800,0.0587499998509883,-0.8912500001490117,0.2125,0.0083192289234721,6,642
Bin 3,0.95,800,0.1937499940395355,-0.7562500059604645,0.2125,0.0139824192983619,6,642
Bin 4,0.95,800,0.3462499976158142,-0.6037500023841859,0.2125,0.0168316748055863,6,642
Bin 5,0.95,800,0.5837500095367432,-0.3662499904632569,0.2125,0.0174388233391524,6,642
Overall,0.9625,4000,0.2377499938011169,-0.7247500061988831,0.2125,0.0067318317234417,6,642
Bin 1,0.9625,800,0.0062500000931322,-0.9562499999068678,0.2125,0.0027880793566108,6,642
Bin 2,0.9625,800,0.0587499998509883,-0.9037500001490116,0.2125,0.0083192289234721,6,642
Bin 3,0.9625,800,0.1937499940395355,-0.7687500059604645,0.2125,0.0139824192983619,6,642
Bin 4,0.9625,800,0.3462499976158142,-0.6162500023841858,0.2125,0.0168316748055863,6,642
Bin 5,0.9625,800,0.5837500095367432,-0.3787499904632568,0.2125,0.0174388233391524,6,642
Overall,0.975,4000,0.2377499938011169,-0.7372500061988831,0.2125,0.0067318317234417,6,642
Bin 1,0.975,800,0.0062500000931322,-0.9687499999068678,0.2125,0.0027880793566108,6,642
Bin 2,0.975,800,0.0587499998509883,-0.9162500001490116,0.2125,0.0083192289234721,6,642
Bin 3,0.975,800,0.1937499940395355,-0.7812500059604646,0.2125,0.0139824192983619,6,642
Bin 4,0.975,800,0.3462499976158142,-0.6287500023841859,0.2125,0.0168316748055863,6,642
Bin 5,0.975,800,0.5837500095367432,-0.3912499904632569,0.2125,0.0174388233391524,6,642
Overall,0.9875,4000,0.2377499938011169,-0.7497500061988831,0.2125,0.0067318317234417,6,642
Bin 1,0.9875,800,0.0062500000931322,-0.9812499999068678,0.2125,0.0027880793566108,6,642
Bin 2,0.9875,800,0.0587499998509883,-0.9287500001490115,0.2125,0.0083192289234721,6,642
Bin 3,0.9875,800,0.1937499940395355,-0.7937500059604645,0.2125,0.0139824192983619,6,642
Bin 4,0.9875,800,0.3462499976158142,-0.6412500023841858,0.2125,0.0168316748055863,6,642
Bin 5,0.9875,800,0.5837500095367432,-0.4037499904632569,0.2125,0.0174388233391524,6,642
Overall,1.0,4000,0.2377499938011169,-0.7622500061988831,0.2125,0.0067318317234417,6,642
Bin 1,1.0,800,0.0062500000931322,-0.9937499999068676,0.2125,0.0027880793566108,6,642
Bin 2,1.0,800,0.0587499998509883,-0.9412500001490116,0.2125,0.0083192289234721,6,642
Bin 3,1.0,800,0.1937499940395355,-0.8062500059604645,0.2125,0.0139824192983619,6,642
Bin 4,1.0,800,0.3462499976158142,-0.6537500023841858,0.2125,0.0168316748055863,6,642
Bin 5,1.0,800,0.5837500095367432,-0.4162499904632568,0.2125,0.0174388233391524,6,642
Overall,0.0,4000,0.0,0.0,0.225,0.0,7,742
Bin 1,0.0,800,0.0,0.0,0.225,0.0,7,742
Bin 2,0.0,800,0.0,0.0,0.225,0.0,7,742
Bin 3,0.0,800,0.0,0.0,0.225,0.0,7,742
Bin 4,0.0,800,0.0,0.0,0.225,0.0,7,742
Bin 5,0.0,800,0.0,0.0,0.225,0.0,7,742
Overall,0.0125,4000,0.0085000004619359,-0.003999999538064,0.225,0.0014517107544102,7,742
Bin 1,0.0125,800,0.0037499999161809,-0.008750000083819,0.225,0.0021623520970944,7,742
Bin 2,0.0125,800,0.0049999998882412,-0.0075000001117587,0.225,0.002495302058745,7,742
Bin 3,0.0125,800,0.0112500004470348,-0.0012499995529651,0.225,0.003731179365986,7,742
Bin 4,0.0125,800,0.0074999998323619,-0.005000000167638,0.225,0.0030522671300426,7,742
Bin 5,0.0125,800,0.0149999996647238,0.0024999996647238,0.225,0.004300216875204,7,742
Overall,0.025,4000,0.0132499998435378,-0.0117500001564621,0.225,0.0018081554520253,7,742
Bin 1,0.025,800,0.0049999998882412,-0.0200000001117587,0.225,0.002495302058745,7,742
Bin 2,0.025,800,0.0087500000372529,-0.0162499999627471,0.225,0.0032947484862379,7,742
Bin 3,0.025,800,0.0149999996647238,-0.0100000003352761,0.225,0.004300216875204,7,742
Bin 4,0.025,800,0.0125000001862645,-0.0124999998137354,0.225,0.0039305210519702,7,742
Bin 5,0.025,800,0.025000000372529,3.725290284584125e-10,0.225,0.0055233039310109,7,742
Overall,0.0375,4000,0.0192499998956918,-0.0182500001043081,0.225,0.0021727955399045,7,742
Bin 1,0.0375,800,0.0049999998882412,-0.0325000001117587,0.225,0.002495302058745,7,742
Bin 2,0.0375,800,0.0137499999254941,-0.0237500000745058,0.225,0.0041197556602636,7,742
Bin 3,0.0375,800,0.0212500002235174,-0.0162499997764825,0.225,0.0051020177310218,7,742
Bin 4,0.0375,800,0.025000000372529,-0.0124999996274709,0.225,0.0055233039310109,7,742
Bin 5,0.0375,800,0.03125,-0.00625,0.225,0.0061554170966212,7,742
Overall,0.05,4000,0.0247499998658895,-0.0252500001341104,0.225,0.0024568005411795,7,742
Bin 1,0.05,800,0.0049999998882412,-0.0450000001117587,0.225,0.002495302058745,7,742
Bin 2,0.05,800,0.018750000745058,-0.0312499992549419,0.225,0.004798627856701,7,742
Bin 3,0.05,800,0.025000000372529,-0.0249999996274709,0.225,0.0055233039310109,7,742
Bin 4,0.05,800,0.0375000014901161,-0.0124999985098838,0.225,0.0067211347512655,7,742
Bin 5,0.05,800,0.0375000014901161,-0.0124999985098838,0.225,0.0067211347512655,7,742
Overall,0.0625,4000,0.0307500008493661,-0.0317499991506338,0.225,0.002730013515918,7,742
Bin 1,0.0625,800,0.0049999998882412,-0.0575000001117587,0.225,0.002495302058745,7,742
Bin 2,0.0625,800,0.0212500002235174,-0.0412499997764825,0.225,0.0051020182578574,7,742
Bin 3,0.0625,800,0.0350000001490116,-0.0274999998509883,0.225,0.0065016603060011,7,742
Bin 4,0.0625,800,0.0399999991059303,-0.0225000008940696,0.225,0.0069325380750401,7,742
Bin 5,0.0625,800,0.0524999983608722,-0.0100000016391277,0.225,0.0078903425930252,7,742
Overall,0.075,4000,0.0367499999701976,-0.0382500000298023,0.225,0.0029752430874525,7,742
Bin 1,0.075,800,0.0049999998882412,-0.0700000001117587,0.225,0.002495302058745,7,742
Bin 2,0.075,800,0.025000000372529,-0.0499999996274709,0.225,0.0055233039310109,7,742
Bin 3,0.075,800,0.0437499992549419,-0.031250000745058,0.225,0.007236047014208,7,742
Bin 4,0.075,800,0.0474999994039535,-0.0275000005960464,0.225,0.0075249905293661,7,742
Bin 5,0.075,800,0.0625,-0.0125,0.225,0.0085635189063041,7,742
Overall,0.0875,4000,0.0439999997615814,-0.0435000002384185,0.225,0.0032432437053944,7,742
Bin 1,0.0875,800,0.0049999998882412,-0.0825000001117587,0.225,0.002495302058745,7,742
Bin 2,0.0875,800,0.0287500005215406,-0.0587499994784593,0.225,0.0059116813448471,7,742
Bin 3,0.0875,800,0.0562499985098838,-0.0312500014901161,0.225,0.0081511025105841,7,742
Bin 4,0.0875,800,0.0599999986588954,-0.0275000013411045,0.225,0.0084016802763783,7,742
Bin 5,0.0875,800,0.0700000002980232,-0.0174999997019767,0.225,0.0090264525146493,7,742
Overall,0.1,4000,0.0492499992251396,-0.0507500007748603,0.225,0.003421846855706,7,742
Bin 1,0.1,800,0.0049999998882412,-0.0950000001117587,0.225,0.002495302058745,7,742
Bin 2,0.1,800,0.0299999993294477,-0.0700000006705522,0.225,0.0060349419106597,7,742
Bin 3,0.1,800,0.0637499988079071,-0.0362500011920929,0.225,0.0086429625547335,7,742
Bin 4,0.1,800,0.0649999976158142,-0.0350000023841858,0.225,0.008721458425907,7,742
Bin 5,0.1,800,0.0825000032782554,-0.0174999967217445,0.225,0.0097332225003693,7,742
Overall,0.1125,4000,0.0557500012218952,-0.0567499987781047,0.225,0.0036281916753667,7,742
Bin 1,0.1125,800,0.0049999998882412,-0.1075000001117587,0.225,0.002495302058745,7,742
Bin 2,0.1125,800,0.0299999993294477,-0.0825000006705522,0.225,0.0060349419106597,7,742
Bin 3,0.1125,800,0.0700000002980232,-0.0424999997019767,0.225,0.0090264525146493,7,742
Bin 4,0.1125,800,0.0775000005960464,-0.0349999994039535,0.225,0.0094593354200062,7,742
Bin 5,0.1125,800,0.0962499976158142,-0.0162500023841857,0.225,0.0104340065799297,7,742
Overall,0.125,4000,0.0612500011920928,-0.0637499988079071,0.225,0.0037918605740891,7,742
Bin 1,0.125,800,0.0049999998882412,-0.1200000001117587,0.225,0.002495302058745,7,742
Bin 2,0.125,800,0.03125,-0.09375,0.225,0.0061554170966212,7,742
Bin 3,0.125,800,0.0737499967217445,-0.0512500032782554,0.225,0.0092463789848639,7,742
Bin 4,0.125,800,0.0874999985098838,-0.0375000014901161,0.225,0.0099964801455381,7,742
Bin 5,0.125,800,0.1087500005960464,-0.0162499994039535,0.225,0.0110138976928926,7,742
Overall,0.1375,4000,0.0644999966025352,-0.0730000033974647,0.225,0.0038844187236535,7,742
Bin 1,0.1375,800,0.0062500000931322,-0.1312499999068677,0.225,0.0027880793566108,7,742
Bin 2,0.1375,800,0.03125,-0.10625,0.225,0.0061554170966212,7,742
Bin 3,0.1375,800,0.0762500017881393,-0.0612499982118606,0.225,0.0093890955896203,7,742
Bin 4,0.1375,800,0.0925000011920929,-0.0449999988079071,0.225,0.0102499270580447,7,742
Bin 5,0.1375,800,0.1162500008940696,-0.0212499991059303,0.225,0.0113393409056967,7,742
Overall,0.15,4000,0.0694999992847442,-0.0805000007152557,0.225,0.0040213779162673,7,742
Bin 1,0.15,800,0.0062500000931322,-0.1437499999068677,0.225,0.0027880793566108,7,742
Bin 2,0.15,800,0.0324999988079071,-0.1175000011920929,0.225,0.0062732670607562,7,742
Bin 3,0.15,800,0.0812499970197677,-0.0687500029802322,0.225,0.0096657822743959,7,742
Bin 4,0.15,800,0.1012500002980232,-0.0487499997019768,0.225,0.0106719455595267,7,742
Bin 5,0.15,800,0.1262499988079071,-0.0237500011920929,0.225,0.011749946040602,7,742
Overall,0.1625,4000,0.0724999979138374,-0.0900000020861625,0.225,0.0041006270385422,7,742
Bin 1,0.1625,800,0.0062500000931322,-0.1562499999068677,0.225,0.0027880793566108,7,742
Bin 2,0.1625,800,0.0324999988079071,-0.1300000011920929,0.225,0.0062732670607562,7,742
Bin 3,0.1625,800,0.0837500020861625,-0.0787499979138374,0.225,0.0097999978598076,7,742
Bin 4,0.1625,800,0.1087500005960464,-0.0537499994039535,0.225,0.0110138976928926,7,742
Bin 5,0.1625,800,0.1312499940395355,-0.0312500059604644,0.225,0.0119460321459565,7,742
Overall,0.175,4000,0.0764999985694885,-0.0985000014305114,0.225,0.0042031358583117,7,742
Bin 1,0.175,800,0.0062500000931322,-0.1687499999068677,0.225,0.0027880793566108,7,742
Bin 2,0.175,800,0.0324999988079071,-0.1425000011920929,0.225,0.0062732670607562,7,742
Bin 3,0.175,800,0.0900000035762786,-0.0849999964237213,0.225,0.0101243821330429,7,742
Bin 4,0.175,800,0.1150000020861625,-0.0599999979138374,0.225,0.0112861853003548,7,742
Bin 5,0.175,800,0.1387500017881393,-0.0362499982118606,0.225,0.0122294728632059,7,742
Overall,0.1875,4000,0.0825000032782554,-0.1049999967217445,0.225,0.0043506514694161,7,742
Bin 1,0.1875,800,0.0062500000931322,-0.1812499999068677,0.225,0.0027880793566108,7,742
Bin 2,0.1875,800,0.0337500013411045,-0.1537499986588955,0.225,0.0063886377365275,7,742
Bin 3,0.1875,800,0.0962499976158142,-0.0912500023841857,0.225,0.0104340065799297,7,742
Bin 4,0.1875,800,0.1262499988079071,-0.0612500011920928,0.225,0.011749946040602,7,742
Bin 5,0.1875,800,0.1500000059604644,-0.0374999940395355,0.225,0.0126322797774654,7,742
Overall,0.2,4000,0.0862499997019767,-0.1137500002980232,0.225,0.0044393315105472,7,742
Bin 1,0.2,800,0.0062500000931322,-0.1937499999068677,0.225,0.0027880793566108,7,742
Bin 2,0.2,800,0.0362499989569187,-0.1637500010430813,0.225,0.0066124559413666,7,742
Bin 3,0.2,800,0.098750002682209,-0.101249997317791,0.225,0.010554017623722,7,742
Bin 4,0.2,800,0.1299999952316284,-0.0700000047683716,0.225,0.0118975601091553,7,742
Bin 5,0.2,800,0.1599999964237213,-0.0400000035762787,0.225,0.012969590489139,7,742
Overall,0.2125,4000,0.0897499993443489,-0.1227500006556511,0.225,0.0045198279418165,7,742
Bin 1,0.2125,800,0.0062500000931322,-0.2062499999068677,0.225,0.0027880793566108,7,742
Bin 2,0.2125,800,0.0362499989569187,-0.1762500010430813,0.225,0.0066124559413666,7,742
Bin 3,0.2125,800,0.1024999991059303,-0.1100000008940697,0.225,0.0107301493036491,7,742
Bin 4,0.2125,800,0.1362500041723251,-0.0762499958276748,0.225,0.0121363715285165,7,742
Bin 5,0.2125,800,0.1675000041723251,-0.0449999958276748,0.225,0.013210708394785,7,742
Overall,0.225,4000,0.0935000032186508,-0.1314999967813492,0.225,0.0046037741460919,7,742
Bin 1,0.225,800,0.0074999998323619,-0.217500000167638,0.225,0.0030522668666248,7,742
Bin 2,0.225,800,0.0362499989569187,-0.1887500010430813,0.225,0.0066124559413666,7,742
Bin 3,0.225,800,0.1037499979138374,-0.1212500020861625,0.225,0.0107878588759726,7,742
Bin 4,0.225,800,0.1462499946355819,-0.078750005364418,0.225,0.0125008595817812,7,742
Bin 5,0.225,800,0.1737499982118606,-0.0512500017881393,0.225,0.0134043183727895,7,742
Overall,0.2375,4000,0.0965000018477439,-0.140999998152256,0.225,0.0046693028694296,7,742
Bin 1,0.2375,800,0.0074999998323619,-0.230000000167638,0.225,0.0030522668666248,7,742
Bin 2,0.2375,800,0.0362499989569187,-0.2012500010430813,0.225,0.0066124559413666,7,742
Bin 3,0.2375,800,0.1049999967217445,-0.1325000032782554,0.225,0.0108450795448534,7,742
Bin 4,0.2375,800,0.1487500071525573,-0.0887499928474426,0.225,0.0125887800151173,7,742
Bin 5,0.2375,800,0.1850000023841858,-0.0524999976158142,0.225,0.0137369802870723,7,742
Overall,0.25,4000,0.1017500013113021,-0.1482499986886978,0.225,0.0047806851594188,7,742
Bin 1,0.25,800,0.0074999998323619,-0.242500000167638,0.225,0.0030522668666248,7,742
Bin 2,0.25,800,0.0362499989569187,-0.2137500010430812,0.225,0.0066124559413666,7,742
Bin 3,0.25,800,0.1124999970197677,-0.1375000029802322,0.225,0.0111785907181338,7,742
Bin 4,0.25,800,0.15625,-0.09375,0.225,0.0128452783594561,7,742
Bin 5,0.25,800,0.1962500065565109,-0.053749993443489,0.225,0.0140505054247888,7,742
Overall,0.2625,4000,0.1059999987483024,-0.1565000012516975,0.225,0.0048679482537625,7,742
Bin 1,0.2625,800,0.0074999998323619,-0.2550000001676381,0.225,0.0030522668666248,7,742
Bin 2,0.2625,800,0.0399999991059303,-0.2225000008940696,0.225,0.0069325380750401,7,742
Bin 3,0.2625,800,0.1187499985098838,-0.1437500014901161,0.225,0.0114443993013086,7,742
Bin 4,0.2625,800,0.1612499952316284,-0.1012500047683716,0.225,0.0130104623954825,7,742
Bin 5,0.2625,800,0.2025000005960464,-0.0599999994039535,0.225,0.0142168864313129,7,742
Overall,0.275,4000,0.1097500026226043,-0.1652499973773956,0.225,0.0049429083671723,7,742
Bin 1,0.275,800,0.0074999998323619,-0.2675000001676381,0.225,0.0030522668666248,7,742
Bin 2,0.275,800,0.0399999991059303,-0.2350000008940697,0.225,0.0069325380750401,7,742
Bin 3,0.275,800,0.1225000023841857,-0.1524999976158142,0.225,0.0115989380970723,7,742
Bin 4,0.275,800,0.1687500029802322,-0.1062499970197677,0.225,0.0132499534327759,7,742
Bin 5,0.275,800,0.209999993443489,-0.0650000065565109,0.225,0.0144095301928152,7,742
Overall,0.2875,4000,0.1140000000596046,-0.1734999999403954,0.225,0.0050256656932488,7,742
Bin 1,0.2875,800,0.0074999998323619,-0.2800000001676381,0.225,0.0030522668666248,7,742
Bin 2,0.2875,800,0.0399999991059303,-0.2475000008940697,0.225,0.0069325380750401,7,742
Bin 3,0.2875,800,0.125,-0.1625,0.225,0.0116999935957469,7,742
Bin 4,0.2875,800,0.1762499958276748,-0.1112500041723251,0.225,0.0134799688048529,7,742
Bin 5,0.2875,800,0.2212499976158142,-0.0662500023841858,0.225,0.0146847744017005,7,742
Overall,0.3,4000,0.1174999997019767,-0.1825000002980232,0.225,0.0050921429745787,7,742
Bin 1,0.3,800,0.0074999998323619,-0.2925000001676381,0.225,0.0030522668666248,7,742
Bin 2,0.3,800,0.0399999991059303,-0.2600000008940697,0.225,0.0069325380750401,7,742
Bin 3,0.3,800,0.1299999952316284,-0.1700000047683716,0.225,0.0118975601091553,7,742
Bin 4,0.3,800,0.1812500059604644,-0.1187499940395355,0.225,0.0136282877794476,7,742
Bin 5,0.3,800,0.228750005364418,-0.071249994635582,0.225,0.0148595194503115,7,742
Overall,0.3125,4000,0.1230000033974647,-0.1894999966025352,0.225,0.0051936975817628,7,742
Bin 1,0.3125,800,0.0074999998323619,-0.305000000167638,0.225,0.0030522668666248,7,742
Bin 2,0.3125,800,0.0399999991059303,-0.2725000008940696,0.225,0.0069325380750401,7,742
Bin 3,0.3125,800,0.135000005364418,-0.1774999946355819,0.225,0.0120893103574693,7,742
Bin 4,0.3125,800,0.1887499988079071,-0.1237500011920929,0.225,0.0138435496472034,7,742
Bin 5,0.3125,800,0.2437500059604644,-0.0687499940395355,0.225,0.0151890856785712,7,742
Overall,0.325,4000,0.1270000040531158,-0.1979999959468841,0.225,0.0052654237391364,7,742
Bin 1,0.325,800,0.0074999998323619,-0.3175000001676381,0.225,0.0030522668666248,7,742
Bin 2,0.325,800,0.0412500016391277,-0.2837499983608723,0.225,0.0070354401325151,7,742
Bin 3,0.325,800,0.1362500041723251,-0.1887499958276748,0.225,0.0121363715285165,7,742
Bin 4,0.325,800,0.1949999928474426,-0.1300000071525573,0.225,0.0140165740507239,7,742
Bin 5,0.325,800,0.2549999952316284,-0.0700000047683716,0.225,0.0154196605500622,7,742
Overall,0.3375,4000,0.1305000036954879,-0.206999996304512,0.225,0.0053267746606064,7,742
Bin 1,0.3375,800,0.0074999998323619,-0.3300000001676381,0.225,0.0030522668666248,7,742
Bin 2,0.3375,800,0.0412500016391277,-0.2962499983608723,0.225,0.0070354401325151,7,742
Bin 3,0.3375,800,0.1387500017881393,-0.1987499982118606,0.225,0.0122294728632059,7,742
Bin 4,0.3375,800,0.2025000005960464,-0.1349999994039535,0.225,0.0142168864313129,7,742
Bin 5,0.3375,800,0.262499988079071,-0.0750000119209289,0.225,0.0155658300353828,7,742
Overall,0.35,4000,0.1330000013113021,-0.2169999986886978,0.225,0.0053698188369202,7,742
Bin 1,0.35,800,0.0074999998323619,-0.3425000001676381,0.225,0.0030522668666248,7,742
Bin 2,0.35,800,0.0412500016391277,-0.3087499983608723,0.225,0.0070354401325151,7,742
Bin 3,0.35,800,0.1400000005960464,-0.2099999994039535,0.225,0.0122755182952041,7,742
Bin 4,0.35,800,0.209999993443489,-0.1400000065565109,0.225,0.0144095301928152,7,742
Bin 5,0.35,800,0.2662500143051147,-0.0837499856948852,0.225,0.0156367126052084,7,742
Overall,0.3625,4000,0.1360000073909759,-0.2264999926090241,0.225,0.0054206404348249,7,742
Bin 1,0.3625,800,0.0074999998323619,-0.3550000001676381,0.225,0.0030522668666248,7,742
Bin 2,0.3625,800,0.0412500016391277,-0.3212499983608723,0.225,0.0070354401325151,7,742
Bin 3,0.3625,800,0.1400000005960464,-0.2224999994039536,0.225,0.0122755182952041,7,742
Bin 4,0.3625,800,0.2162500023841858,-0.1462499976158142,0.225,0.0145644293441337,7,742
Bin 5,0.3625,800,0.2750000059604645,-0.0874999940395355,0.225,0.015796539776789,7,742
Overall,0.375,4000,0.139500007033348,-0.2354999929666519,0.225,0.0054788172447023,7,742
Bin 1,0.375,800,0.0074999998323619,-0.367500000167638,0.225,0.0030522668666248,7,742
Bin 2,0.375,800,0.0425000004470348,-0.3324999995529651,0.225,0.0071365851932427,7,742
Bin 3,0.375,800,0.1437499970197677,-0.2312500029802322,0.225,0.012411686333373,7,742
Bin 4,0.375,800,0.21875,-0.15625,0.225,0.0146249922581014,7,742
Bin 5,0.375,800,0.2849999964237213,-0.0900000035762786,0.225,0.0159698939793992,7,742
Overall,0.3875,4000,0.1422500014305114,-0.2452499985694885,0.225,0.005523709059311,7,742
Bin 1,0.3875,800,0.0074999998323619,-0.3800000001676381,0.225,0.0030522668666248,7,742
Bin 2,0.3875,800,0.0425000004470348,-0.3449999995529652,0.225,0.0071365851932427,7,742
Bin 3,0.3875,800,0.147499993443489,-0.2400000065565109,0.225,0.0125449757417887,7,742
Bin 4,0.3875,800,0.2224999964237213,-0.1650000035762787,0.225,0.0147143741334097,7,742
Bin 5,0.3875,800,0.2912499904632568,-0.0962500095367431,0.225,0.0160733392043843,7,742
Overall,0.4,4000,0.1462499946355819,-0.253750005364418,0.225,0.0055877576929052,7,742
Bin 1,0.4,800,0.0074999998323619,-0.3925000001676381,0.225,0.0030522668666248,7,742
Bin 2,0.4,800,0.0437499992549419,-0.3562500007450581,0.225,0.007236047014208,7,742
Bin 3,0.4,800,0.1512500047683715,-0.2487499952316284,0.225,0.0126754739751618,7,742
Bin 4,0.4,800,0.2337500005960464,-0.1662499994039535,0.225,0.0149722706994478,7,742
Bin 5,0.4,800,0.2949999868869781,-0.1050000131130218,0.225,0.016133634485864,7,742
Overall,0.4125,4000,0.1497499942779541,-0.2627500057220459,0.225,0.0056426232673074,7,742
Bin 1,0.4125,800,0.0074999998323619,-0.4050000001676381,0.225,0.0030522668666248,7,742
Bin 2,0.4125,800,0.0437499992549419,-0.3687500007450581,0.225,0.007236047014208,7,742
Bin 3,0.4125,800,0.1537500023841858,-0.2587499976158142,0.225,0.0127609656963525,7,742
Bin 4,0.4125,800,0.2387499958276748,-0.1737500041723251,0.225,0.0150821053866672,7,742
Bin 5,0.4125,800,0.3050000071525574,-0.1074999928474426,0.225,0.0162880426263973,7,742
Overall,0.425,4000,0.1522500067949295,-0.2727499932050705,0.225,0.005681156963193,7,742
Bin 1,0.425,800,0.0074999998323619,-0.4175000001676381,0.225,0.0030522668666248,7,742
Bin 2,0.425,800,0.0437499992549419,-0.3812500007450581,0.225,0.007236047014208,7,742
Bin 3,0.425,800,0.1587499976158142,-0.2662500023841858,0.225,0.0129284361989106,7,742
Bin 4,0.425,800,0.241249993443489,-0.1837500065565109,0.225,0.0151359479856399,7,742
Bin 5,0.425,800,0.3100000023841858,-0.1149999976158142,0.225,0.0163618343824414,7,742
Overall,0.4375,4000,0.1550000011920929,-0.2824999988079071,0.225,0.00572293121214,7,742
Bin 1,0.4375,800,0.0074999998323619,-0.430000000167638,0.225,0.0030522668666248,7,742
Bin 2,0.4375,800,0.0437499992549419,-0.393750000745058,0.225,0.007236047014208,7,742
Bin 3,0.4375,800,0.1599999964237213,-0.2775000035762787,0.225,0.012969590489139,7,742
Bin 4,0.4375,800,0.2487500011920929,-0.1887499988079071,0.225,0.0152932716344189,7,742
Bin 5,0.4375,800,0.3149999976158142,-0.1225000023841857,0.225,0.016433390248172,7,742
Overall,0.45,4000,0.1570000052452087,-0.2929999947547912,0.225,0.0057529146920447,7,742
Bin 1,0.45,800,0.0074999998323619,-0.4425000001676381,0.225,0.0030522668666248,7,742
Bin 2,0.45,800,0.0437499992549419,-0.406250000745058,0.225,0.007236047014208,7,742
Bin 3,0.45,800,0.1599999964237213,-0.2900000035762787,0.225,0.012969590489139,7,742
Bin 4,0.45,800,0.2524999976158142,-0.1975000023841858,0.225,0.0153696111674555,7,742
Bin 5,0.45,800,0.3212499916553497,-0.1287500083446502,0.225,0.0165197364967163,7,742
Overall,0.4625,4000,0.1599999964237213,-0.3025000035762787,0.225,0.0057972754461182,7,742
Bin 1,0.4625,800,0.0074999998323619,-0.4550000001676381,0.225,0.0030522668666248,7,742
Bin 2,0.4625,800,0.0437499992549419,-0.4187500007450581,0.225,0.007236047014208,7,742
Bin 3,0.4625,800,0.1612499952316284,-0.3012500047683716,0.225,0.0130104623954825,7,742
Bin 4,0.4625,800,0.2574999928474426,-0.2050000071525574,0.225,0.0154690440124624,7,742
Bin 5,0.4625,800,0.3300000131130218,-0.1324999868869781,0.225,0.0166349301557238,7,742
Overall,0.475,4000,0.1627500057220459,-0.3122499942779541,0.225,0.0058373052530944,7,742
Bin 1,0.475,800,0.0074999998323619,-0.4675000001676381,0.225,0.0030522668666248,7,742
Bin 2,0.475,800,0.0437499992549419,-0.4312500007450581,0.225,0.007236047014208,7,742
Bin 3,0.475,800,0.1637499928474426,-0.3112500071525574,0.225,0.0130913769689249,7,742
Bin 4,0.475,800,0.2612499892711639,-0.2137500107288361,0.225,0.0155418790350453,7,742
Bin 5,0.475,800,0.3375000059604645,-0.1374999940395355,0.225,0.0167284782470074,7,742
Overall,0.4875,4000,0.1672500073909759,-0.3202499926090241,0.225,0.005901531063939,7,742
Bin 1,0.4875,800,0.0074999998323619,-0.4800000001676381,0.225,0.0030522668666248,7,742
Bin 2,0.4875,800,0.0437499992549419,-0.4437500007450581,0.225,0.007236047014208,7,742
Bin 3,0.4875,800,0.1675000041723251,-0.3199999958276749,0.225,0.013210708394785,7,742
Bin 4,0.4875,800,0.2649999856948852,-0.2225000143051148,0.225,0.0156132473473,7,742
Bin 5,0.4875,800,0.3524999916553497,-0.1350000083446503,0.225,0.0169015310996507,7,742
Overall,0.5,4000,0.1694999933242797,-0.3305000066757202,0.225,0.0059330634311365,7,742
Bin 1,0.5,800,0.0074999998323619,-0.492500000167638,0.225,0.0030522668666248,7,742
Bin 2,0.5,800,0.0437499992549419,-0.456250000745058,0.225,0.007236047014208,7,742
Bin 3,0.5,800,0.1687500029802322,-0.3312499970197677,0.225,0.0132499523791047,7,742
Bin 4,0.5,800,0.2687500119209289,-0.231249988079071,0.225,0.0156831679153084,7,742
Bin 5,0.5,800,0.3587499856948852,-0.1412500143051147,0.225,0.016968217950707,7,742
Overall,0.5125000000000001,4000,0.1714999973773956,-0.3410000026226044,0.225,0.0059607737646155,7,742
Bin 1,0.5125000000000001,800,0.0074999998323619,-0.5050000001676381,0.225,0.0030522668666248,7,742
Bin 2,0.5125000000000001,800,0.0437499992549419,-0.4687500007450581,0.225,0.007236047014208,7,742
Bin 3,0.5125000000000001,800,0.1700000017881393,-0.3424999982118607,0.225,0.0132889329456212,7,742
Bin 4,0.5125000000000001,800,0.270000010728836,-0.242499989271164,0.225,0.0157061579674998,7,742
Bin 5,0.5125000000000001,800,0.3662500083446502,-0.1462499916553498,0.225,0.017044113888163,7,742
Overall,0.525,4000,0.1745000034570694,-0.3504999965429306,0.225,0.0060017869995747,7,742
Bin 1,0.525,800,0.0074999998323619,-0.5175000001676381,0.225,0.0030522668666248,7,742
Bin 2,0.525,800,0.0437499992549419,-0.4812500007450581,0.225,0.007236047014208,7,742
Bin 3,0.525,800,0.1712500005960464,-0.3537499994039536,0.225,0.0133276532553482,7,742
Bin 4,0.525,800,0.2725000083446502,-0.2524999916553497,0.225,0.0157516607588234,7,742
Bin 5,0.525,800,0.3774999976158142,-0.1475000023841858,0.225,0.0171496295770813,7,742
Overall,0.5375,4000,0.178749993443489,-0.3587500065565109,0.225,0.0060587777585498,7,742
Bin 1,0.5375,800,0.0074999998323619,-0.530000000167638,0.225,0.0030522668666248,7,742
Bin 2,0.5375,800,0.0437499992549419,-0.493750000745058,0.225,0.007236047014208,7,742
Bin 3,0.5375,800,0.1724999994039535,-0.3650000005960464,0.225,0.0133661143619568,7,742
Bin 4,0.5375,800,0.2787500023841858,-0.2587499976158142,0.225,0.0158626945238829,7,742
Bin 5,0.5375,800,0.3912500143051147,-0.1462499856948852,0.225,0.0172652668316694,7,742
Overall,0.55,4000,0.181999996304512,-0.368000003695488,0.225,0.0061015000942731,7,742
Bin 1,0.55,800,0.0074999998323619,-0.5425000001676381,0.225,0.0030522668666248,7,742
Bin 2,0.55,800,0.0437499992549419,-0.5062500007450581,0.225,0.007236047014208,7,742
Bin 3,0.55,800,0.1737499982118606,-0.3762500017881394,0.225,0.0134043183727895,7,742
Bin 4,0.55,800,0.2849999964237213,-0.2650000035762787,0.225,0.0159698950330704,7,742
Bin 5,0.55,800,0.4000000059604645,-0.1499999940395355,0.225,0.0173313436070936,7,742
Overall,0.5625,4000,0.1850000023841858,-0.3774999976158142,0.225,0.0061402910741446,7,742
Bin 1,0.5625,800,0.0074999998323619,-0.5550000001676381,0.225,0.0030522668666248,7,742
Bin 2,0.5625,800,0.0450000017881393,-0.5174999982118607,0.225,0.0073338930303684,7,742
Bin 3,0.5625,800,0.1749999970197677,-0.3875000029802322,0.225,0.0134422695025311,7,742
Bin 4,0.5625,800,0.2874999940395355,-0.2750000059604645,0.225,0.016011718404519,7,742
Bin 5,0.5625,800,0.4099999964237213,-0.1525000035762787,0.225,0.0173998122161707,7,742
Overall,0.5750000000000001,4000,0.1867499947547912,-0.3882500052452088,0.225,0.0061626380260698,7,742
Bin 1,0.5750000000000001,800,0.0074999998323619,-0.5675000001676381,0.225,0.0030522668666248,7,742
Bin 2,0.5750000000000001,800,0.0450000017881393,-0.5299999982118607,0.225,0.0073338930303684,7,742
Bin 3,0.5750000000000001,800,0.1762499958276748,-0.3987500041723252,0.225,0.0134799677511817,7,742
Bin 4,0.5750000000000001,800,0.2912499904632568,-0.2837500095367432,0.225,0.0160733392043843,7,742
Bin 5,0.5750000000000001,800,0.4137499928474426,-0.1612500071525574,0.225,0.0174235661799915,7,742
Overall,0.5875,4000,0.189750000834465,-0.397749999165535,0.225,0.0062004714948433,7,742
Bin 1,0.5875,800,0.0074999998323619,-0.5800000001676381,0.225,0.0030522668666248,7,742
Bin 2,0.5875,800,0.0450000017881393,-0.5424999982118607,0.225,0.0073338930303684,7,742
Bin 3,0.5875,800,0.178749993443489,-0.4087500065565109,0.225,0.0135546193029354,7,742
Bin 4,0.5875,800,0.2949999868869781,-0.2925000131130219,0.225,0.016133634485864,7,742
Bin 5,0.5875,800,0.4225000143051147,-0.1649999856948852,0.225,0.0174749505640247,7,742
Overall,0.6000000000000001,4000,0.19200000166893,-0.40799999833107,0.225,0.0062284589033842,7,742
Bin 1,0.6000000000000001,800,0.0074999998323619,-0.5925000001676382,0.225,0.0030522668666248,7,742
Bin 2,0.6000000000000001,800,0.0450000017881393,-0.5549999982118607,0.225,0.0073338930303684,7,742
Bin 3,0.6000000000000001,800,0.1800000071525573,-0.4199999928474427,0.225,0.0135915736597098,7,742
Bin 4,0.6000000000000001,800,0.2975000143051147,-0.3024999856948853,0.225,0.0161730986874672,7,742
Bin 5,0.6000000000000001,800,0.4300000071525574,-0.1699999928474427,0.225,0.0175145211864204,7,742
Overall,0.6125,4000,0.1937499940395355,-0.4187500059604645,0.225,0.0062499996045767,7,742
Bin 1,0.6125,800,0.0074999998323619,-0.6050000001676381,0.225,0.0030522668666248,7,742
Bin 2,0.6125,800,0.0450000017881393,-0.5674999982118607,0.225,0.0073338930303684,7,742
Bin 3,0.6125,800,0.1825000047683715,-0.4299999952316284,0.225,0.0136647574474641,7,742
Bin 4,0.6125,800,0.3000000119209289,-0.3124999880790711,0.225,0.0162119875845882,7,742
Bin 5,0.6125,800,0.4337500035762787,-0.1787499964237213,0.225,0.0175327665571408,7,742
Overall,0.625,4000,0.1967500001192093,-0.4282499998807907,0.225,0.00628647314371,7,742
Bin 1,0.625,800,0.0074999998323619,-0.6175000001676381,0.225,0.0030522668666248,7,742
Bin 2,0.625,800,0.0450000017881393,-0.5799999982118607,0.225,0.0073338930303684,7,742
Bin 3,0.625,800,0.1850000023841858,-0.4399999976158142,0.225,0.0137369802870723,7,742
Bin 4,0.625,800,0.3037500083446502,-0.3212499916553497,0.225,0.016269243024619,7,742
Bin 5,0.625,800,0.4424999952316284,-0.1825000047683715,0.225,0.0175713730703767,7,742
Overall,0.6375000000000001,4000,0.2000000029802322,-0.4374999970197678,0.225,0.0063253461151815,7,742
Bin 1,0.6375000000000001,800,0.0074999998323619,-0.6300000001676381,0.225,0.0030522668666248,7,742
Bin 2,0.6375000000000001,800,0.0450000017881393,-0.5924999982118607,0.225,0.0073338930303684,7,742
Bin 3,0.6375000000000001,800,0.1887499988079071,-0.4487500011920929,0.225,0.0138435485935321,7,742
Bin 4,0.6375000000000001,800,0.3075000047683716,-0.3299999952316285,0.225,0.01632522141514,7,742
Bin 5,0.6375000000000001,800,0.4512499868869781,-0.1862500131130219,0.225,0.0176044509707593,7,742
Overall,0.65,4000,0.2010000050067901,-0.4489999949932098,0.225,0.0063371750527274,7,742
Bin 1,0.65,800,0.0074999998323619,-0.6425000001676381,0.225,0.0030522668666248,7,742
Bin 2,0.65,800,0.0450000017881393,-0.6049999982118607,0.225,0.0073338930303684,7,742
Bin 3,0.65,800,0.1887499988079071,-0.4612500011920929,0.225,0.0138435485935321,7,742
Bin 4,0.65,800,0.3087500035762787,-0.3412499964237213,0.225,0.0163435974410907,7,742
Bin 5,0.65,800,0.4550000131130218,-0.1949999868869781,0.225,0.0176169443503291,7,742
Overall,0.6625000000000001,4000,0.2027499973773956,-0.4597500026226044,0.225,0.0063577290274243,7,742
Bin 1,0.6625000000000001,800,0.0074999998323619,-0.6550000001676382,0.225,0.0030522668666248,7,742
Bin 2,0.6625000000000001,800,0.0450000017881393,-0.6174999982118607,0.225,0.0073338930303684,7,742
Bin 3,0.6625000000000001,800,0.1887499988079071,-0.473750001192093,0.225,0.0138435485935321,7,742
Bin 4,0.6625000000000001,800,0.3125,-0.3500000000000001,0.225,0.0163978899576713,7,742
Bin 5,0.6625000000000001,800,0.4600000083446502,-0.2024999916553498,0.225,0.0176320339757673,7,742
Overall,0.675,4000,0.2042499929666519,-0.4707500070333481,0.225,0.0063751974791537,7,742
Bin 1,0.675,800,0.0074999998323619,-0.6675000001676381,0.225,0.0030522668666248,7,742
Bin 2,0.675,800,0.0462500005960464,-0.6287499994039536,0.225,0.0074301875156681,7,742
Bin 3,0.675,800,0.1899999976158142,-0.4850000023841858,0.225,0.0138786084494659,7,742
Bin 4,0.675,800,0.3162499964237213,-0.3587500035762787,0.225,0.0164509338738646,7,742
Bin 5,0.675,800,0.4612500071525574,-0.2137499928474426,0.225,0.0176355279495088,7,742
Overall,0.6875,4000,0.2047500014305114,-0.4827499985694885,0.225,0.0063809906097831,7,742
Bin 1,0.6875,800,0.0074999998323619,-0.6800000001676381,0.225,0.0030522668666248,7,742
Bin 2,0.6875,800,0.0462500005960464,-0.6412499994039536,0.225,0.0074301875156681,7,742
Bin 3,0.6875,800,0.1899999976158142,-0.4975000023841858,0.225,0.0138786084494659,7,742
Bin 4,0.6875,800,0.3174999952316284,-0.3700000047683716,0.225,0.0164683384149572,7,742
Bin 5,0.6875,800,0.4625000059604645,-0.2249999940395355,0.225,0.0176389102341018,7,742
Overall,0.7000000000000001,4000,0.2060000002384185,-0.4939999997615815,0.225,0.0063954065236715,7,742
Bin 1,0.7000000000000001,800,0.0074999998323619,-0.6925000001676381,0.225,0.0030522668666248,7,742
Bin 2,0.7000000000000001,800,0.0462500005960464,-0.6537499994039536,0.225,0.0074301875156681,7,742
Bin 3,0.7000000000000001,800,0.1899999976158142,-0.5100000023841859,0.225,0.0138786084494659,7,742
Bin 4,0.7000000000000001,800,0.3187499940395355,-0.3812500059604645,0.225,0.0164856080861346,7,742
Bin 5,0.7000000000000001,800,0.4675000011920929,-0.2324999988079071,0.225,0.0176513214273171,7,742
Overall,0.7125,4000,0.2094999998807907,-0.5030000001192093,0.225,0.0064352770596088,7,742
Bin 1,0.7125,800,0.0074999998323619,-0.7050000001676381,0.225,0.0030522668666248,7,742
Bin 2,0.7125,800,0.0462500005960464,-0.6662499994039536,0.225,0.0074301875156681,7,742
Bin 3,0.7125,800,0.1899999976158142,-0.5225000023841858,0.225,0.0138786084494659,7,742
Bin 4,0.7125,800,0.324999988079071,-0.387500011920929,0.225,0.0165699112661973,7,742
Bin 5,0.7125,800,0.4787499904632568,-0.2337500095367432,0.225,0.0176727467777576,7,742
Overall,0.7250000000000001,4000,0.2119999974966049,-0.5130000025033952,0.225,0.0064633153594875,7,742
Bin 1,0.7250000000000001,800,0.0074999998323619,-0.7175000001676382,0.225,0.0030522668666248,7,742
Bin 2,0.7250000000000001,800,0.0462500005960464,-0.6787499994039536,0.225,0.0074301875156681,7,742
Bin 3,0.7250000000000001,800,0.1912499964237213,-0.5337500035762788,0.225,0.0139134386050753,7,742
Bin 4,0.7250000000000001,800,0.3300000131130218,-0.3949999868869782,0.225,0.0166349301557238,7,742
Bin 5,0.7250000000000001,800,0.4850000143051147,-0.2399999856948853,0.225,0.0176807652156868,7,742
Overall,0.7375,4000,0.2134999930858612,-0.5240000069141388,0.225,0.0064799643664338,7,742
Bin 1,0.7375,800,0.0074999998323619,-0.7300000001676381,0.225,0.0030522668666248,7,742
Bin 2,0.7375,800,0.0462500005960464,-0.6912499994039536,0.225,0.0074301875156681,7,742
Bin 3,0.7375,800,0.1912499964237213,-0.5462500035762787,0.225,0.0139134386050753,7,742
Bin 4,0.7375,800,0.332500010728836,-0.404999989271164,0.225,0.0166666414445434,7,742
Bin 5,0.7375,800,0.4900000095367431,-0.2474999904632568,0.225,0.0176851906347804,7,742
Overall,0.75,4000,0.2167499959468841,-0.5332500040531158,0.225,0.0065155948999794,7,742
Bin 1,0.75,800,0.0074999998323619,-0.7425000001676381,0.225,0.0030522668666248,7,742
Bin 2,0.75,800,0.0462500005960464,-0.7037499994039536,0.225,0.0074301875156681,7,742
Bin 3,0.75,800,0.1912499964237213,-0.5587500035762787,0.225,0.0139134386050753,7,742
Bin 4,0.75,800,0.3387500047683716,-0.4112499952316284,0.225,0.016743610019294,7,742
Bin 5,0.75,800,0.5,-0.25,0.225,0.0176887288627129,7,742
Overall,0.7625000000000001,4000,0.2192499935626983,-0.5432500064373017,0.225,0.0065425965244567,7,742
Bin 1,0.7625000000000001,800,0.0074999998323619,-0.7550000001676381,0.225,0.0030522668666248,7,742
Bin 2,0.7625000000000001,800,0.0462500005960464,-0.7162499994039536,0.225,0.0074301875156681,7,742
Bin 3,0.7625000000000001,800,0.1912499964237213,-0.5712500035762788,0.225,0.0139134386050753,7,742
Bin 4,0.7625000000000001,800,0.3425000011920929,-0.4199999988079071,0.225,0.0167882245657852,7,742
Bin 5,0.7625000000000001,800,0.5087500214576721,-0.2537499785423279,0.225,0.0176860209276961,7,742
Overall,0.775,4000,0.2205000072717666,-0.5544999927282334,0.225,0.0065559649249737,7,742
Bin 1,0.775,800,0.0074999998323619,-0.7675000001676381,0.225,0.0030522668666248,7,742
Bin 2,0.775,800,0.0462500005960464,-0.7287499994039536,0.225,0.0074301875156681,7,742
Bin 3,0.775,800,0.1912499964237213,-0.5837500035762787,0.225,0.0139134386050753,7,742
Bin 4,0.775,800,0.3425000011920929,-0.4324999988079071,0.225,0.0167882245657852,7,742
Bin 5,0.775,800,0.5149999856948853,-0.2600000143051147,0.225,0.0176807652156868,7,742
Overall,0.7875000000000001,4000,0.2220000028610229,-0.5654999971389771,0.225,0.0065718943849481,7,742
Bin 1,0.7875000000000001,800,0.0074999998323619,-0.7800000001676382,0.225,0.0030522668666248,7,742
Bin 2,0.7875000000000001,800,0.0462500005960464,-0.7412499994039536,0.225,0.0074301875156681,7,742
Bin 3,0.7875000000000001,800,0.1937499940395355,-0.5937500059604646,0.225,0.0139824192983619,7,742
Bin 4,0.7875000000000001,800,0.3462499976158142,-0.4412500023841859,0.225,0.0168316748055863,7,742
Bin 5,0.7875000000000001,800,0.5162500143051147,-0.2712499856948853,0.225,0.0176793827990556,7,742
Overall,0.8,4000,0.2237499952316284,-0.5762500047683716,0.225,0.00659032223264,7,742
Bin 1,0.8,800,0.0074999998323619,-0.7925000001676381,0.225,0.0030522668666248,7,742
Bin 2,0.8,800,0.0462500005960464,-0.7537499994039536,0.225,0.0074301875156681,7,742
Bin 3,0.8,800,0.1937499940395355,-0.6062500059604645,0.225,0.0139824192983619,7,742
Bin 4,0.8,800,0.3499999940395355,-0.4500000059604645,0.225,0.0168739702217382,7,742
Bin 5,0.8,800,0.5212500095367432,-0.2787499904632569,0.225,0.0176727467777576,7,742
Overall,0.8125,4000,0.2242500036954879,-0.588249996304512,0.225,0.0065955560297687,7,742
Bin 1,0.8125,800,0.0074999998323619,-0.8050000001676381,0.225,0.0030522668666248,7,742
Bin 2,0.8125,800,0.0462500005960464,-0.7662499994039536,0.225,0.0074301875156681,7,742
Bin 3,0.8125,800,0.1937499940395355,-0.6187500059604645,0.225,0.0139824192983619,7,742
Bin 4,0.8125,800,0.3499999940395355,-0.4625000059604645,0.225,0.0168739702217382,7,742
Bin 5,0.8125,800,0.5237500071525574,-0.2887499928474426,0.225,0.0176687628469021,7,742
Overall,0.8250000000000001,4000,0.2257499992847442,-0.5992500007152558,0.225,0.0066111773144193,7,742
Bin 1,0.8250000000000001,800,0.0074999998323619,-0.8175000001676381,0.225,0.0030522668666248,7,742
Bin 2,0.8250000000000001,800,0.0462500005960464,-0.7787499994039536,0.225,0.0074301875156681,7,742
Bin 3,0.8250000000000001,800,0.1962500065565109,-0.6287499934434891,0.225,0.0140505054247888,7,742
Bin 4,0.8250000000000001,800,0.3512499928474426,-0.4737500071525574,0.225,0.016887815461474,7,742
Bin 5,0.8250000000000001,800,0.5274999737739563,-0.2975000262260437,0.225,0.0176619529698539,7,742
Overall,0.8375,4000,0.2269999980926513,-0.6105000019073487,0.225,0.006624101829378,7,742
Bin 1,0.8375,800,0.0074999998323619,-0.8300000001676381,0.225,0.0030522668666248,7,742
Bin 2,0.8375,800,0.0462500005960464,-0.7912499994039536,0.225,0.0074301875156681,7,742
Bin 3,0.8375,800,0.1962500065565109,-0.6412499934434891,0.225,0.0140505054247888,7,742
Bin 4,0.8375,800,0.3512499928474426,-0.4862500071525574,0.225,0.016887815461474,7,742
Bin 5,0.8375,800,0.5337499976158142,-0.3037500023841858,0.225,0.0176483858993183,7,742
Overall,0.8500000000000001,4000,0.2275000065565109,-0.6224999934434892,0.225,0.0066292470378815,7,742
Bin 1,0.8500000000000001,800,0.0074999998323619,-0.8425000001676382,0.225,0.0030522668666248,7,742
Bin 2,0.8500000000000001,800,0.0462500005960464,-0.8037499994039536,0.225,0.0074301875156681,7,742
Bin 3,0.8500000000000001,800,0.1962500065565109,-0.6537499934434892,0.225,0.0140505054247888,7,742
Bin 4,0.8500000000000001,800,0.3512499928474426,-0.4987500071525574,0.225,0.016887815461474,7,742
Bin 5,0.8500000000000001,800,0.5362499952316284,-0.3137500047683716,0.225,0.0176421787222038,7,742
Overall,0.8625,4000,0.2290000021457672,-0.6334999978542328,0.225,0.0066446063263852,7,742
Bin 1,0.8625,800,0.0074999998323619,-0.8550000001676381,0.225,0.0030522668666248,7,742
Bin 2,0.8625,800,0.0462500005960464,-0.8162499994039536,0.225,0.0074301875156681,7,742
Bin 3,0.8625,800,0.1962500065565109,-0.6662499934434891,0.225,0.0140505054247888,7,742
Bin 4,0.8625,800,0.3524999916553497,-0.5100000083446503,0.225,0.0169015310996507,7,742
Bin 5,0.8625,800,0.5425000190734863,-0.3199999809265137,0.225,0.0176247120145097,7,742
Overall,0.875,4000,0.2300000041723251,-0.6449999958276749,0.225,0.0066547779969372,7,742
Bin 1,0.875,800,0.0074999998323619,-0.8675000001676381,0.225,0.0030522668666248,7,742
Bin 2,0.875,800,0.0462500005960464,-0.8287499994039536,0.225,0.0074301875156681,7,742
Bin 3,0.875,800,0.1962500065565109,-0.6787499934434891,0.225,0.0140505054247888,7,742
Bin 4,0.875,800,0.3537499904632568,-0.5212500095367432,0.225,0.0169151202972818,7,742
Bin 5,0.875,800,0.5462499856948853,-0.3287500143051147,0.225,0.0176128898235024,7,742
Overall,0.8875000000000001,4000,0.231000006198883,-0.656499993801117,0.225,0.006664897362503,7,742
Bin 1,0.8875000000000001,800,0.0074999998323619,-0.8800000001676381,0.225,0.0030522668666248,7,742
Bin 2,0.8875000000000001,800,0.0462500005960464,-0.8412499994039536,0.225,0.0074301875156681,7,742
Bin 3,0.8875000000000001,800,0.1962500065565109,-0.6912499934434891,0.225,0.0140505054247888,7,742
Bin 4,0.8875000000000001,800,0.3537499904632568,-0.5337500095367432,0.225,0.0169151202972818,7,742
Bin 5,0.8875000000000001,800,0.5512499809265137,-0.3362500190734864,0.225,0.0175955632540796,7,742
Overall,0.9,4000,0.2312500029802322,-0.6687499970197678,0.225,0.0066674193110249,7,742
Bin 1,0.9,800,0.0074999998323619,-0.8925000001676381,0.225,0.0030522668666248,7,742
Bin 2,0.9,800,0.0462500005960464,-0.8537499994039536,0.225,0.0074301875156681,7,742
Bin 3,0.9,800,0.1962500065565109,-0.7037499934434891,0.225,0.0140505054247888,7,742
Bin 4,0.9,800,0.3537499904632568,-0.5462500095367432,0.225,0.0169151202972818,7,742
Bin 5,0.9,800,0.5525000095367432,-0.3474999904632568,0.225,0.01759095028151,7,742
Overall,0.9125,4000,0.2312500029802322,-0.6812499970197679,0.225,0.0066674193110249,7,742
Bin 1,0.9125,800,0.0074999998323619,-0.9050000001676382,0.225,0.0030522668666248,7,742
Bin 2,0.9125,800,0.0462500005960464,-0.8662499994039536,0.225,0.0074301875156681,7,742
Bin 3,0.9125,800,0.1962500065565109,-0.7162499934434892,0.225,0.0140505054247888,7,742
Bin 4,0.9125,800,0.3537499904632568,-0.5587500095367433,0.225,0.0169151202972818,7,742
Bin 5,0.9125,800,0.5525000095367432,-0.3599999904632569,0.225,0.01759095028151,7,742
Overall,0.925,4000,0.2325000017881393,-0.6924999982118607,0.225,0.0066799772198644,7,742
Bin 1,0.925,800,0.0074999998323619,-0.917500000167638,0.225,0.0030522668666248,7,742
Bin 2,0.925,800,0.0462500005960464,-0.8787499994039536,0.225,0.0074301875156681,7,742
Bin 3,0.925,800,0.1962500065565109,-0.7287499934434891,0.225,0.0140505054247888,7,742
Bin 4,0.925,800,0.3537499904632568,-0.5712500095367432,0.225,0.0169151202972818,7,742
Bin 5,0.925,800,0.5587499737739563,-0.3662500262260437,0.225,0.0175661963837084,7,742
Overall,0.9375,4000,0.2325000017881393,-0.7049999982118607,0.225,0.0066799772198644,7,742
Bin 1,0.9375,800,0.0074999998323619,-0.930000000167638,0.225,0.0030522668666248,7,742
Bin 2,0.9375,800,0.0462500005960464,-0.8912499994039536,0.225,0.0074301875156681,7,742
Bin 3,0.9375,800,0.1962500065565109,-0.7412499934434891,0.225,0.0140505054247888,7,742
Bin 4,0.9375,800,0.3537499904632568,-0.5837500095367432,0.225,0.0169151202972818,7,742
Bin 5,0.9375,800,0.5587499737739563,-0.3787500262260437,0.225,0.0175661963837084,7,742
Overall,0.95,4000,0.2325000017881393,-0.7174999982118607,0.225,0.0066799772198644,7,742
Bin 1,0.95,800,0.0074999998323619,-0.942500000167638,0.225,0.0030522668666248,7,742
Bin 2,0.95,800,0.0462500005960464,-0.9037499994039536,0.225,0.0074301875156681,7,742
Bin 3,0.95,800,0.1962500065565109,-0.7537499934434891,0.225,0.0140505054247888,7,742
Bin 4,0.95,800,0.3537499904632568,-0.5962500095367432,0.225,0.0169151202972818,7,742
Bin 5,0.95,800,0.5587499737739563,-0.3912500262260437,0.225,0.0175661963837084,7,742
Overall,0.9625,4000,0.2325000017881393,-0.7299999982118607,0.225,0.0066799772198644,7,742
Bin 1,0.9625,800,0.0074999998323619,-0.955000000167638,0.225,0.0030522668666248,7,742
Bin 2,0.9625,800,0.0462500005960464,-0.9162499994039536,0.225,0.0074301875156681,7,742
Bin 3,0.9625,800,0.1962500065565109,-0.7662499934434891,0.225,0.0140505054247888,7,742
Bin 4,0.9625,800,0.3537499904632568,-0.6087500095367432,0.225,0.0169151202972818,7,742
Bin 5,0.9625,800,0.5587499737739563,-0.4037500262260437,0.225,0.0175661963837084,7,742
Overall,0.975,4000,0.2325000017881393,-0.7424999982118607,0.225,0.0066799772198644,7,742
Bin 1,0.975,800,0.0074999998323619,-0.9675000001676382,0.225,0.0030522668666248,7,742
Bin 2,0.975,800,0.0462500005960464,-0.9287499994039536,0.225,0.0074301875156681,7,742
Bin 3,0.975,800,0.1962500065565109,-0.7787499934434892,0.225,0.0140505054247888,7,742
Bin 4,0.975,800,0.3537499904632568,-0.6212500095367433,0.225,0.0169151202972818,7,742
Bin 5,0.975,800,0.5587499737739563,-0.4162500262260438,0.225,0.0175661963837084,7,742
Overall,0.9875,4000,0.2325000017881393,-0.7549999982118607,0.225,0.0066799772198644,7,742
Bin 1,0.9875,800,0.0074999998323619,-0.980000000167638,0.225,0.0030522668666248,7,742
Bin 2,0.9875,800,0.0462500005960464,-0.9412499994039536,0.225,0.0074301875156681,7,742
Bin 3,0.9875,800,0.1962500065565109,-0.7912499934434891,0.225,0.0140505054247888,7,742
Bin 4,0.9875,800,0.3537499904632568,-0.6337500095367432,0.225,0.0169151202972818,7,742
Bin 5,0.9875,800,0.5587499737739563,-0.4287500262260437,0.225,0.0175661963837084,7,742
Overall,1.0,4000,0.2325000017881393,-0.7674999982118607,0.225,0.0066799772198644,7,742
Bin 1,1.0,800,0.0074999998323619,-0.992500000167638,0.225,0.0030522668666248,7,742
Bin 2,1.0,800,0.0462500005960464,-0.9537499994039536,0.225,0.0074301875156681,7,742
Bin 3,1.0,800,0.1962500065565109,-0.8037499934434891,0.225,0.0140505054247888,7,742
Bin 4,1.0,800,0.3537499904632568,-0.6462500095367432,0.225,0.0169151202972818,7,742
Bin 5,1.0,800,0.5587499737739563,-0.4412500262260437,0.225,0.0175661963837084,7,742
Overall,0.0,4000,0.0,0.0,0.225,0.0,8,842
Bin 1,0.0,800,0.0,0.0,0.225,0.0,8,842
Bin 2,0.0,800,0.0,0.0,0.225,0.0,8,842
Bin 3,0.0,800,0.0,0.0,0.225,0.0,8,842
Bin 4,0.0,800,0.0,0.0,0.225,0.0,8,842
Bin 5,0.0,800,0.0,0.0,0.225,0.0,8,842
Overall,0.0125,4000,0.0107500003650784,-0.0017499996349215,0.225,0.0016307282214702,8,842
Bin 1,0.0125,800,0.0062500000931322,-0.0062499999068677,0.225,0.0027880793566108,8,842
Bin 2,0.0125,800,0.0137499999254941,0.0012499999254941,0.225,0.0041197556602636,8,842
Bin 3,0.0125,800,0.0074999998323619,-0.005000000167638,0.225,0.0030522671300426,8,842
Bin 4,0.0125,800,0.0099999997764825,-0.0025000002235174,0.225,0.0035200128548165,8,842
Bin 5,0.0125,800,0.0162499994039535,0.0037499994039535,0.225,0.0044729665339558,8,842
Overall,0.025,4000,0.0167500004172325,-0.0082499995827674,0.225,0.0020293816292689,8,842
Bin 1,0.025,800,0.0062500000931322,-0.0187499999068677,0.225,0.0027880793566108,8,842
Bin 2,0.025,800,0.0175000000745058,-0.0074999999254941,0.225,0.0046388670664068,8,842
Bin 3,0.025,800,0.0149999996647238,-0.0100000003352761,0.225,0.004300216875204,8,842
Bin 4,0.025,800,0.018750000745058,-0.0062499992549419,0.225,0.004798627856701,8,842
Bin 5,0.025,800,0.0262499991804361,0.0012499991804361,0.225,0.0056560733526831,8,842
Overall,0.0375,4000,0.0257500000298023,-0.0117499999701976,0.225,0.002504656069396,8,842
Bin 1,0.0375,800,0.0074999998323619,-0.030000000167638,0.225,0.0030522668666248,8,842
Bin 2,0.0375,800,0.0237499997019767,-0.0137500002980232,0.225,0.0053868998704903,8,842
Bin 3,0.0375,800,0.0287500005215406,-0.0087499994784593,0.225,0.0059116813448471,8,842
Bin 4,0.0375,800,0.0274999998509883,-0.0100000001490116,0.225,0.0057854583824199,8,842
Bin 5,0.0375,800,0.0412500016391277,0.0037500016391277,0.225,0.0070354401325151,8,842
Overall,0.05,4000,0.03125,-0.01875,0.225,0.0027514090825543,8,842
Bin 1,0.05,800,0.0112500004470348,-0.0387499995529651,0.225,0.0037311788391504,8,842
Bin 2,0.05,800,0.025000000372529,-0.0249999996274709,0.225,0.0055233039310109,8,842
Bin 3,0.05,800,0.0324999988079071,-0.0175000011920929,0.225,0.0062732670607562,8,842
Bin 4,0.05,800,0.0337500013411045,-0.0162499986588954,0.225,0.0063886377365275,8,842
Bin 5,0.05,800,0.0537500008940696,0.0037500008940696,0.225,0.0079784547945221,8,842
Overall,0.0625,4000,0.0379999987781047,-0.0245000012218952,0.225,0.0030234555618583,8,842
Bin 1,0.0625,800,0.0112500004470348,-0.0512499995529651,0.225,0.0037311788391504,8,842
Bin 2,0.0625,800,0.0274999998509883,-0.0350000001490116,0.225,0.0057854583824199,8,842
Bin 3,0.0625,800,0.0399999991059303,-0.0225000008940696,0.225,0.0069325380750401,8,842
Bin 4,0.0625,800,0.0450000017881393,-0.0174999982118606,0.225,0.0073338930303684,8,842
Bin 5,0.0625,800,0.0662499964237213,0.0037499964237213,0.225,0.0087990307542625,8,842
Overall,0.075,4000,0.0465000011026859,-0.028499998897314,0.225,0.0033297462569665,8,842
Bin 1,0.075,800,0.0125000001862645,-0.0624999998137354,0.225,0.0039305210519702,8,842
Bin 2,0.075,800,0.0337500013411045,-0.0412499986588955,0.225,0.0063886377365275,8,842
Bin 3,0.075,800,0.050000000745058,-0.0249999992549419,0.225,0.00771033761772,8,842
Bin 4,0.075,800,0.0524999983608722,-0.0225000016391277,0.225,0.0078903420661896,8,842
Bin 5,0.075,800,0.0837500020861625,0.0087500020861625,0.225,0.0097999978598076,8,842
Overall,0.0875,4000,0.0517500005662441,-0.0357499994337558,0.225,0.0035030058168,8,842
Bin 1,0.0875,800,0.0137499999254941,-0.0737500000745058,0.225,0.0041197556602636,8,842
Bin 2,0.0875,800,0.0350000001490116,-0.0524999998509883,0.225,0.0065016603060011,8,842
Bin 3,0.0875,800,0.0562499985098838,-0.0312500014901161,0.225,0.0081511025105841,8,842
Bin 4,0.0875,800,0.0587499998509883,-0.0287500001490116,0.225,0.0083192289234721,8,842
Bin 5,0.0875,800,0.0949999988079071,0.007499998807907,0.225,0.0103731981605694,8,842
Overall,0.1,4000,0.0570000000298023,-0.0429999999701976,0.225,0.0036662119813205,8,842
Bin 1,0.1,800,0.0137499999254941,-0.0862500000745058,0.225,0.0041197556602636,8,842
Bin 2,0.1,800,0.0362499989569187,-0.0637500010430812,0.225,0.0066124559413666,8,842
Bin 3,0.1,800,0.0587499998509883,-0.0412500001490116,0.225,0.0083192289234721,8,842
Bin 4,0.1,800,0.0687500014901161,-0.0312499985098838,0.225,0.008951505934956,8,842
Bin 5,0.1,800,0.1075000017881393,0.0075000017881393,0.225,0.0109580931581217,8,842
Overall,0.1125,4000,0.0630000010132789,-0.049499998986721,0.225,0.0038420618160092,8,842
Bin 1,0.1125,800,0.0137499999254941,-0.0987500000745058,0.225,0.0041197556602636,8,842
Bin 2,0.1125,800,0.0412500016391277,-0.0712499983608722,0.225,0.0070354396056795,8,842
Bin 3,0.1125,800,0.067500002682209,-0.0449999973177909,0.225,0.0088757058815803,8,842
Bin 4,0.1125,800,0.0787499994039535,-0.0337500005960464,0.225,0.0095288534856112,8,842
Bin 5,0.1125,800,0.1137500032782554,0.0012500032782554,0.225,0.0112326029581717,8,842
Overall,0.125,4000,0.0677499994635582,-0.0572500005364418,0.225,0.0039741578229503,8,842
Bin 1,0.125,800,0.0175000000745058,-0.1074999999254942,0.225,0.0046388670664068,8,842
Bin 2,0.125,800,0.0412500016391277,-0.0837499983608722,0.225,0.0070354396056795,8,842
Bin 3,0.125,800,0.0712499991059303,-0.0537500008940696,0.225,0.0091005677477557,8,842
Bin 4,0.125,800,0.0887499973177909,-0.036250002682209,0.225,0.0100607319624217,8,842
Bin 5,0.125,800,0.1199999973177909,-0.005000002682209,0.225,0.0114963126282907,8,842
Overall,0.1375,4000,0.0732500031590461,-0.0642499968409538,0.225,0.0041201155936561,8,842
Bin 1,0.1375,800,0.0175000000745058,-0.1199999999254942,0.225,0.0046388670664068,8,842
Bin 2,0.1375,800,0.0412500016391277,-0.0962499983608722,0.225,0.0070354396056795,8,842
Bin 3,0.1375,800,0.0737499967217445,-0.0637500032782554,0.225,0.0092463789848639,8,842
Bin 4,0.1375,800,0.1012500002980232,-0.0362499997019767,0.225,0.0106719455595267,8,842
Bin 5,0.1375,800,0.1324999928474426,-0.0050000071525573,0.225,0.0119941438272029,8,842
Overall,0.15,4000,0.0790000036358833,-0.0709999963641166,0.225,0.0042654777472222,8,842
Bin 1,0.15,800,0.0175000000745058,-0.1324999999254942,0.225,0.0046388670664068,8,842
Bin 2,0.15,800,0.0425000004470348,-0.1074999995529651,0.225,0.0071365851932427,8,842
Bin 3,0.15,800,0.0762500017881393,-0.0737499982118606,0.225,0.0093890955896203,8,842
Bin 4,0.15,800,0.1162500008940696,-0.0337499991059303,0.225,0.0113393409056967,8,842
Bin 5,0.15,800,0.1424999982118606,-0.0075000017881393,0.225,0.012366621869274,8,842
Overall,0.1625,4000,0.0827500000596046,-0.0797499999403953,0.225,0.0043566448668844,8,842
Bin 1,0.1625,800,0.0175000000745058,-0.1449999999254942,0.225,0.0046388670664068,8,842
Bin 2,0.1625,800,0.0425000004470348,-0.1199999995529651,0.225,0.0071365851932427,8,842
Bin 3,0.1625,800,0.0787499994039535,-0.0837500005960464,0.225,0.0095288534856112,8,842
Bin 4,0.1625,800,0.1225000023841857,-0.0399999976158142,0.225,0.0115989380970723,8,842
Bin 5,0.1625,800,0.1525000035762787,-0.0099999964237213,0.225,0.0127183678765626,8,842
Overall,0.175,4000,0.0867500007152557,-0.0882499992847442,0.225,0.0044509615949025,8,842
Bin 1,0.175,800,0.0175000000745058,-0.1574999999254942,0.225,0.0046388670664068,8,842
Bin 2,0.175,800,0.0437499992549419,-0.131250000745058,0.225,0.007236047014208,8,842
Bin 3,0.175,800,0.0837500020861625,-0.0912499979138374,0.225,0.0097999978598076,8,842
Bin 4,0.175,800,0.1262499988079071,-0.0487500011920929,0.225,0.011749946040602,8,842
Bin 5,0.175,800,0.1624999940395355,-0.0125000059604644,0.225,0.0130510571862969,8,842
Overall,0.1875,4000,0.0900000035762786,-0.0974999964237213,0.225,0.0045254966713977,8,842
Bin 1,0.1875,800,0.0175000000745058,-0.1699999999254942,0.225,0.0046388670664068,8,842
Bin 2,0.1875,800,0.0437499992549419,-0.143750000745058,0.225,0.007236047014208,8,842
Bin 3,0.1875,800,0.0900000035762786,-0.0974999964237213,0.225,0.0101243821330429,8,842
Bin 4,0.1875,800,0.1287499964237213,-0.0587500035762786,0.225,0.011848725609457,8,842
Bin 5,0.1875,800,0.1700000017881393,-0.0174999982118606,0.225,0.0132889329456212,8,842
Overall,0.2,4000,0.0935000032186508,-0.1064999967813492,0.225,0.0046037741460919,8,842
Bin 1,0.2,800,0.0175000000745058,-0.1824999999254942,0.225,0.0046388670664068,8,842
Bin 2,0.2,800,0.0450000017881393,-0.1549999982118606,0.225,0.0073338930303684,8,842
Bin 3,0.2,800,0.0949999988079071,-0.1050000011920929,0.225,0.0103731981605694,8,842
Bin 4,0.2,800,0.1337500065565109,-0.066249993443489,0.225,0.0120419035822642,8,842
Bin 5,0.2,800,0.1762499958276748,-0.0237500041723251,0.225,0.0134799688048529,8,842
Overall,0.2125,4000,0.0965000018477439,-0.115999998152256,0.225,0.0046693028694296,8,842
Bin 1,0.2125,800,0.0175000000745058,-0.1949999999254942,0.225,0.0046388670664068,8,842
Bin 2,0.2125,800,0.0462500005960464,-0.1662499994039535,0.225,0.0074301880425037,8,842
Bin 3,0.2125,800,0.0974999964237213,-0.1150000035762787,0.225,0.0104942765733003,8,842
Bin 4,0.2125,800,0.135000005364418,-0.0774999946355819,0.225,0.0120893103574693,8,842
Bin 5,0.2125,800,0.1862500011920929,-0.0262499988079071,0.225,0.0137727366196778,8,842
Overall,0.225,4000,0.1017500013113021,-0.1232499986886978,0.225,0.0047806851594188,8,842
Bin 1,0.225,800,0.0175000000745058,-0.2074999999254942,0.225,0.0046388670664068,8,842
Bin 2,0.225,800,0.0487499982118606,-0.1762500017881393,0.225,0.0076183558086942,8,842
Bin 3,0.225,800,0.1037499979138374,-0.1212500020861625,0.225,0.0107878599296438,8,842
Bin 4,0.225,800,0.1449999958276748,-0.0800000041723251,0.225,0.0124564315350946,8,842
Bin 5,0.225,800,0.1937499940395355,-0.0312500059604644,0.225,0.0139824171910195,8,842
Overall,0.2375,4000,0.1062500029802322,-0.1312499970197677,0.225,0.0048730044024247,8,842
Bin 1,0.2375,800,0.0175000000745058,-0.2199999999254942,0.225,0.0046388670664068,8,842
Bin 2,0.2375,800,0.0487499982118606,-0.1887500017881393,0.225,0.0076183558086942,8,842
Bin 3,0.2375,800,0.1087500005960464,-0.1287499994039535,0.225,0.0110138966392214,8,842
Bin 4,0.2375,800,0.1512500047683715,-0.0862499952316284,0.225,0.0126754729214906,8,842
Bin 5,0.2375,800,0.2049999982118606,-0.0325000017881393,0.225,0.0142819358773046,8,842
Overall,0.25,4000,0.1105000004172325,-0.1394999995827675,0.225,0.0049576795779938,8,842
Bin 1,0.25,800,0.0175000000745058,-0.2324999999254942,0.225,0.0046388670664068,8,842
Bin 2,0.25,800,0.0487499982118606,-0.2012500017881393,0.225,0.0076183558086942,8,842
Bin 3,0.25,800,0.1112499982118606,-0.1387500017881393,0.225,0.0111241390972001,8,842
Bin 4,0.25,800,0.1587499976158142,-0.0912500023841857,0.225,0.0129284361989106,8,842
Bin 5,0.25,800,0.2162500023841858,-0.0337499976158142,0.225,0.0145644293441337,8,842
Overall,0.2625,4000,0.1152499988675117,-0.1472500011324882,0.225,0.0050495770825979,8,842
Bin 1,0.2625,800,0.0175000000745058,-0.2449999999254942,0.225,0.0046388670664068,8,842
Bin 2,0.2625,800,0.0487499982118606,-0.2137500017881393,0.225,0.0076183558086942,8,842
Bin 3,0.2625,800,0.1137500032782554,-0.1487499967217445,0.225,0.0112326029581717,8,842
Bin 4,0.2625,800,0.1675000041723251,-0.0949999958276748,0.225,0.013210708394785,8,842
Bin 5,0.2625,800,0.228750005364418,-0.0337499946355819,0.225,0.0148595194503115,8,842
Overall,0.275,4000,0.1182499974966049,-0.1567500025033951,0.225,0.0051061969945089,8,842
Bin 1,0.275,800,0.0175000000745058,-0.2574999999254942,0.225,0.0046388670664068,8,842
Bin 2,0.275,800,0.0512499995529651,-0.2237500004470348,0.225,0.0078009844253192,8,842
Bin 3,0.275,800,0.1174999997019767,-0.1575000002980232,0.225,0.0113920760962248,8,842
Bin 4,0.275,800,0.1724999994039535,-0.1025000005960464,0.225,0.0133661143619568,8,842
Bin 5,0.275,800,0.2325000017881393,-0.0424999982118606,0.225,0.0149443589490215,8,842
Overall,0.2875,4000,0.1232500001788139,-0.1642499998211861,0.225,0.0051982316229956,8,842
Bin 1,0.2875,800,0.018750000745058,-0.268749999254942,0.225,0.004798627856701,8,842
Bin 2,0.2875,800,0.0537500008940696,-0.2337499991059303,0.225,0.0079784542676865,8,842
Bin 3,0.2875,800,0.1187499985098838,-0.1687500014901161,0.225,0.0114443993013086,8,842
Bin 4,0.2875,800,0.1812500059604644,-0.1062499940395355,0.225,0.0136282877794476,8,842
Bin 5,0.2875,800,0.2437500059604644,-0.0437499940395355,0.225,0.0151890856785712,8,842
Overall,0.3,4000,0.1277499943971634,-0.1722500056028366,0.225,0.0052786790477913,8,842
Bin 1,0.3,800,0.018750000745058,-0.281249999254942,0.225,0.004798627856701,8,842
Bin 2,0.3,800,0.0549999997019767,-0.2450000002980232,0.225,0.0080653621229871,8,842
Bin 3,0.3,800,0.1225000023841857,-0.1774999976158142,0.225,0.0115989370434011,8,842
Bin 4,0.3,800,0.1887499988079071,-0.1112500011920929,0.225,0.0138435496472034,8,842
Bin 5,0.3,800,0.2537499964237213,-0.0462500035762787,0.225,0.0153947201524559,8,842
Overall,0.3125,4000,0.132750004529953,-0.179749995470047,0.225,0.0053655434933217,8,842
Bin 1,0.3125,800,0.018750000745058,-0.2937499992549419,0.225,0.004798627856701,8,842
Bin 2,0.3125,800,0.0562499985098838,-0.2562500014901161,0.225,0.0081511025105841,8,842
Bin 3,0.3125,800,0.1262499988079071,-0.1862500011920929,0.225,0.011749946040602,8,842
Bin 4,0.3125,800,0.1949999928474426,-0.1175000071525573,0.225,0.0140165740507239,8,842
Bin 5,0.3125,800,0.2675000131130218,-0.0449999868869781,0.225,0.015660019812435,8,842
Overall,0.325,4000,0.1357499957084655,-0.1892500042915344,0.225,0.0054164400145849,8,842
Bin 1,0.325,800,0.018750000745058,-0.3062499992549419,0.225,0.004798627856701,8,842
Bin 2,0.325,800,0.0562499985098838,-0.2687500014901161,0.225,0.0081511025105841,8,842
Bin 3,0.325,800,0.1287499964237213,-0.1962500035762787,0.225,0.011848725609457,8,842
Bin 4,0.325,800,0.1987500041723251,-0.1262499958276748,0.225,0.0141177085747394,8,842
Bin 5,0.325,800,0.2762500047683716,-0.0487499952316284,0.225,0.0158187458975982,8,842
Overall,0.3375,4000,0.1392499953508377,-0.1982500046491623,0.225,0.0054747016433588,8,842
Bin 1,0.3375,800,0.018750000745058,-0.3187499992549419,0.225,0.004798627856701,8,842
Bin 2,0.3375,800,0.0562499985098838,-0.2812500014901161,0.225,0.0081511025105841,8,842
Bin 3,0.3375,800,0.1312499940395355,-0.2062500059604645,0.225,0.0119460321459565,8,842
Bin 4,0.3375,800,0.2049999982118606,-0.1325000017881393,0.225,0.0142819369309758,8,842
Bin 5,0.3375,800,0.2849999964237213,-0.0525000035762787,0.225,0.0159698939793992,8,842
Overall,0.35,4000,0.1432500034570694,-0.2067499965429306,0.225,0.0055398585772002,8,842
Bin 1,0.35,800,0.018750000745058,-0.331249999254942,0.225,0.004798627856701,8,842
Bin 2,0.35,800,0.0562499985098838,-0.2937500014901161,0.225,0.0081511025105841,8,842
Bin 3,0.35,800,0.135000005364418,-0.214999994635582,0.225,0.0120893103574693,8,842
Bin 4,0.35,800,0.2087499946355819,-0.141250005364418,0.225,0.0143779400761851,8,842
Bin 5,0.35,800,0.2975000143051147,-0.0524999856948852,0.225,0.0161730986874672,8,842
Overall,0.3625,4000,0.1477500051259994,-0.2147499948740006,0.225,0.0056114042588108,8,842
Bin 1,0.3625,800,0.018750000745058,-0.343749999254942,0.225,0.004798627856701,8,842
Bin 2,0.3625,800,0.0562499985098838,-0.3062500014901161,0.225,0.0081511025105841,8,842
Bin 3,0.3625,800,0.1362500041723251,-0.2262499958276749,0.225,0.0121363715285165,8,842
Bin 4,0.3625,800,0.2150000035762787,-0.1474999964237213,0.225,0.0145338486445254,8,842
Bin 5,0.3625,800,0.3125,-0.05,0.225,0.0163978899576713,8,842
Overall,0.375,4000,0.1509999930858612,-0.2240000069141388,0.225,0.0056619572635432,8,842
Bin 1,0.375,800,0.018750000745058,-0.3562499992549419,0.225,0.004798627856701,8,842
Bin 2,0.375,800,0.0562499985098838,-0.3187500014901161,0.225,0.0081511025105841,8,842
Bin 3,0.375,800,0.1387500017881393,-0.2362499982118606,0.225,0.0122294728632059,8,842
Bin 4,0.375,800,0.21875,-0.15625,0.225,0.0146249922581014,8,842
Bin 5,0.375,800,0.3224999904632568,-0.0525000095367431,0.225,0.0165365962897918,8,842
Overall,0.3875,4000,0.1535000056028366,-0.2339999943971634,0.225,0.005700224251121,8,842
Bin 1,0.3875,800,0.018750000745058,-0.3687499992549419,0.225,0.004798627856701,8,842
Bin 2,0.3875,800,0.0562499985098838,-0.3312500014901161,0.225,0.0081511025105841,8,842
Bin 3,0.3875,800,0.1387500017881393,-0.2487499982118606,0.225,0.0122294728632059,8,842
Bin 4,0.3875,800,0.2224999964237213,-0.1650000035762787,0.225,0.0147143741334097,8,842
Bin 5,0.3875,800,0.3312500119209289,-0.056249988079071,0.225,0.01665085218142,8,842
Overall,0.4,4000,0.1567499935626983,-0.2432500064373016,0.225,0.005749184545464,8,842
Bin 1,0.4,800,0.018750000745058,-0.3812499992549419,0.225,0.004798627856701,8,842
Bin 2,0.4,800,0.0562499985098838,-0.3437500014901161,0.225,0.0081511025105841,8,842
Bin 3,0.4,800,0.1412499994039535,-0.2587500005960464,0.225,0.0123212349817838,8,842
Bin 4,0.4,800,0.2249999940395355,-0.1750000059604645,0.225,0.0147730003996883,8,842
Bin 5,0.4,800,0.3425000011920929,-0.0574999988079071,0.225,0.0167882245657852,8,842
Overall,0.4125,4000,0.1592500060796737,-0.2532499939203262,0.225,0.0057862537017371,8,842
Bin 1,0.4125,800,0.018750000745058,-0.393749999254942,0.225,0.004798627856701,8,842
Bin 2,0.4125,800,0.0562499985098838,-0.3562500014901161,0.225,0.0081511025105841,8,842
Bin 3,0.4125,800,0.1424999982118606,-0.2700000017881394,0.225,0.012366621869274,8,842
Bin 4,0.4125,800,0.2325000017881393,-0.1799999982118607,0.225,0.0149443589490215,8,842
Bin 5,0.4125,800,0.3462499976158142,-0.0662500023841858,0.225,0.0168316748055863,8,842
Overall,0.425,4000,0.163000002503395,-0.2619999974966049,0.225,0.0058409142971395,8,842
Bin 1,0.425,800,0.018750000745058,-0.406249999254942,0.225,0.004798627856701,8,842
Bin 2,0.425,800,0.0562499985098838,-0.3687500014901161,0.225,0.0081511025105841,8,842
Bin 3,0.425,800,0.1424999982118606,-0.2825000017881394,0.225,0.012366621869274,8,842
Bin 4,0.425,800,0.2399999946355819,-0.185000005364418,0.225,0.0151091162482066,8,842
Bin 5,0.425,800,0.3574999868869781,-0.0675000131130219,0.225,0.0169551324079156,8,842
Overall,0.4375,4000,0.1669999957084655,-0.2705000042915344,0.225,0.0058980040114938,8,842
Bin 1,0.4375,800,0.018750000745058,-0.4187499992549419,0.225,0.004798627856701,8,842
Bin 2,0.4375,800,0.0562499985098838,-0.3812500014901161,0.225,0.0081511025105841,8,842
Bin 3,0.4375,800,0.1462499946355819,-0.291250005364418,0.225,0.0125008606354524,8,842
Bin 4,0.4375,800,0.2462500035762787,-0.1912499964237213,0.225,0.0152415237338173,8,842
Bin 5,0.4375,800,0.3675000071525574,-0.0699999928474426,0.225,0.0170563280448615,8,842
Overall,0.45,4000,0.1692499965429306,-0.2807500034570694,0.225,0.0059295778457073,8,842
Bin 1,0.45,800,0.018750000745058,-0.4312499992549419,0.225,0.004798627856701,8,842
Bin 2,0.45,800,0.0562499985098838,-0.3937500014901161,0.225,0.0081511025105841,8,842
Bin 3,0.45,800,0.1487500071525573,-0.3012499928474426,0.225,0.0125887800151173,8,842
Bin 4,0.45,800,0.25,-0.2,0.225,0.0153188884889439,8,842
Bin 5,0.45,800,0.3725000023841858,-0.0774999976158142,0.225,0.0171039581983636,8,842
Overall,0.4625,4000,0.170750007033348,-0.2917499929666519,0.225,0.0059504164349235,8,842
Bin 1,0.4625,800,0.018750000745058,-0.4437499992549419,0.225,0.004798627856701,8,842
Bin 2,0.4625,800,0.0562499985098838,-0.4062500014901161,0.225,0.0081511025105841,8,842
Bin 3,0.4625,800,0.1512500047683715,-0.3112499952316284,0.225,0.0126754729214906,8,842
Bin 4,0.4625,800,0.2512499988079071,-0.2112500011920929,0.225,0.0153443335950611,8,842
Bin 5,0.4625,800,0.3762499988079071,-0.0862500011920929,0.225,0.0171383942809395,8,842
Overall,0.475,4000,0.1720000058412552,-0.3029999941587448,0.225,0.0059676549332002,8,842
Bin 1,0.475,800,0.018750000745058,-0.456249999254942,0.225,0.004798627856701,8,842
Bin 2,0.475,800,0.0575000010430812,-0.4174999989569187,0.225,0.0082357138894765,8,842
Bin 3,0.475,800,0.1512500047683715,-0.3237499952316284,0.225,0.0126754729214906,8,842
Bin 4,0.475,800,0.2537499964237213,-0.2212500035762787,0.225,0.0153947212061271,8,842
Bin 5,0.475,800,0.3787499964237213,-0.0962500035762787,0.225,0.0171607437010336,8,842
Overall,0.4875,4000,0.1757500022649765,-0.3117499977350235,0.225,0.0060186824525369,8,842
Bin 1,0.4875,800,0.018750000745058,-0.468749999254942,0.225,0.004798627856701,8,842
Bin 2,0.4875,800,0.0575000010430812,-0.4299999989569187,0.225,0.0082357138894765,8,842
Bin 3,0.4875,800,0.1512500047683715,-0.3362499952316284,0.225,0.0126754729214906,8,842
Bin 4,0.4875,800,0.2587499916553497,-0.2287500083446503,0.225,0.0154934849699139,8,842
Bin 5,0.4875,800,0.3925000131130218,-0.0949999868869782,0.225,0.0172750607055921,8,842
Overall,0.5,4000,0.1777500063180923,-0.3222499936819076,0.225,0.0060454838101753,8,842
Bin 1,0.5,800,0.018750000745058,-0.4812499992549419,0.225,0.004798627856701,8,842
Bin 2,0.5,800,0.0575000010430812,-0.4424999989569187,0.225,0.0082357138894765,8,842
Bin 3,0.5,800,0.1525000035762787,-0.3474999964237213,0.225,0.0127183678765626,8,842
Bin 4,0.5,800,0.2662500143051147,-0.2337499856948852,0.225,0.0156367126052084,8,842
Bin 5,0.5,800,0.3937500119209289,-0.106249988079071,0.225,0.017284736568339,8,842
Overall,0.5125000000000001,4000,0.1802500039339065,-0.3322499960660935,0.225,0.006078587211822,8,842
Bin 1,0.5125000000000001,800,0.0199999995529651,-0.4925000004470349,0.225,0.0049528442290735,8,842
Bin 2,0.5125000000000001,800,0.0575000010430812,-0.4549999989569188,0.225,0.0082357138894765,8,842
Bin 3,0.5125000000000001,800,0.1537500023841858,-0.3587499976158143,0.225,0.0127609656963525,8,842
Bin 4,0.5125000000000001,800,0.2687500119209289,-0.2437499880790711,0.225,0.0156831679153084,8,842
Bin 5,0.5125000000000001,800,0.4012500047683716,-0.1112499952316284,0.225,0.0173403114027855,8,842
Overall,0.525,4000,0.1822499930858612,-0.3427500069141388,0.225,0.0061047561974656,8,842
Bin 1,0.525,800,0.0199999995529651,-0.5050000004470349,0.225,0.0049528442290735,8,842
Bin 2,0.525,800,0.0587499998509883,-0.4662500001490116,0.225,0.0083192294503077,8,842
Bin 3,0.525,800,0.1550000011920929,-0.3699999988079071,0.225,0.0128032674345317,8,842
Bin 4,0.525,800,0.2737500071525574,-0.2512499928474426,0.225,0.0157741777126404,8,842
Bin 5,0.525,800,0.4037500023841858,-0.1212499976158142,0.225,0.0173578961216554,8,842
Overall,0.5375,4000,0.1852499991655349,-0.352250000834465,0.225,0.0061434962859993,8,842
Bin 1,0.5375,800,0.0212500002235174,-0.5162499997764826,0.225,0.0051020177310218,8,842
Bin 2,0.5375,800,0.0587499998509883,-0.4787500001490116,0.225,0.0083192294503077,8,842
Bin 3,0.5375,800,0.1574999988079071,-0.3800000011920929,0.225,0.0128870005784683,8,842
Bin 4,0.5375,800,0.2800000011920929,-0.2574999988079071,0.225,0.0158844380830297,8,842
Bin 5,0.5375,800,0.4087499976158142,-0.1287500023841857,0.225,0.0173916610156687,8,842
Overall,0.55,4000,0.1879999935626983,-0.3620000064373017,0.225,0.0061784741852581,8,842
Bin 1,0.55,800,0.0212500002235174,-0.5287499997764826,0.225,0.0051020177310218,8,842
Bin 2,0.55,800,0.0599999986588954,-0.4900000013411045,0.225,0.0084016808032139,8,842
Bin 3,0.55,800,0.1574999988079071,-0.3925000011920929,0.225,0.0128870005784683,8,842
Bin 4,0.55,800,0.2849999964237213,-0.2650000035762787,0.225,0.0159698939793992,8,842
Bin 5,0.55,800,0.4162499904632568,-0.1337500095367432,0.225,0.0174388222854812,8,842
Overall,0.5625,4000,0.1902499943971634,-0.3722500056028366,0.225,0.006206719349001,8,842
Bin 1,0.5625,800,0.0212500002235174,-0.5412499997764826,0.225,0.0051020177310218,8,842
Bin 2,0.5625,800,0.0599999986588954,-0.5025000013411045,0.225,0.0084016808032139,8,842
Bin 3,0.5625,800,0.1587499976158142,-0.4037500023841858,0.225,0.0129284372525818,8,842
Bin 4,0.5625,800,0.2924999892711639,-0.270000010728836,0.225,0.0160935833893953,8,842
Bin 5,0.5625,800,0.418749988079071,-0.1437500119209289,0.225,0.0174536189903222,8,842
Overall,0.5750000000000001,4000,0.1934999972581863,-0.3815000027418137,0.225,0.0062469343439012,8,842
Bin 1,0.5750000000000001,800,0.0212500002235174,-0.5537499997764826,0.225,0.0051020177310218,8,842
Bin 2,0.5750000000000001,800,0.0599999986588954,-0.5150000013411046,0.225,0.0084016808032139,8,842
Bin 3,0.5750000000000001,800,0.1599999964237213,-0.4150000035762787,0.225,0.012969590489139,8,842
Bin 4,0.5750000000000001,800,0.301250010728836,-0.273749989271164,0.225,0.0162312170842213,8,842
Bin 5,0.5750000000000001,800,0.4250000119209289,-0.1499999880790711,0.225,0.0174885977135726,8,842
Overall,0.5875,4000,0.1957499980926513,-0.3917500019073486,0.225,0.0062743789115046,8,842
Bin 1,0.5875,800,0.0212500002235174,-0.5662499997764826,0.225,0.0051020177310218,8,842
Bin 2,0.5875,800,0.0612500011920928,-0.5262499988079071,0.225,0.0084831011388385,8,842
Bin 3,0.5875,800,0.1612499952316284,-0.4262500047683716,0.225,0.0130104623954825,8,842
Bin 4,0.5875,800,0.3050000071525574,-0.2824999928474426,0.225,0.0162880447337397,8,842
Bin 5,0.5875,800,0.4300000071525574,-0.1574999928474426,0.225,0.0175145211864204,8,842
Overall,0.6000000000000001,4000,0.1990000009536743,-0.4009999990463258,0.225,0.0063134554483276,8,842
Bin 1,0.6000000000000001,800,0.0212500002235174,-0.5787499997764827,0.225,0.0051020177310218,8,842
Bin 2,0.6000000000000001,800,0.0612500011920928,-0.5387499988079072,0.225,0.0084831011388385,8,842
Bin 3,0.6000000000000001,800,0.1612499952316284,-0.4387500047683716,0.225,0.0130104623954825,8,842
Bin 4,0.6000000000000001,800,0.3087500035762787,-0.2912499964237214,0.225,0.0163435974410907,8,842
Bin 5,0.6000000000000001,800,0.4424999952316284,-0.1575000047683716,0.225,0.0175713720167055,8,842
Overall,0.6125,4000,0.199750006198883,-0.412749993801117,0.225,0.0063223788674531,8,842
Bin 1,0.6125,800,0.0212500002235174,-0.5912499997764826,0.225,0.0051020177310218,8,842
Bin 2,0.6125,800,0.0612500011920928,-0.5512499988079071,0.225,0.0084831011388385,8,842
Bin 3,0.6125,800,0.1612499952316284,-0.4512500047683716,0.225,0.0130104623954825,8,842
Bin 4,0.6125,800,0.3112500011920929,-0.3012499988079071,0.225,0.016379932239192,8,842
Bin 5,0.6125,800,0.4437499940395355,-0.1687500059604645,0.225,0.0175764338532117,8,842
Overall,0.625,4000,0.2012500017881393,-0.4237499982118606,0.225,0.0063401229805961,8,842
Bin 1,0.625,800,0.0212500002235174,-0.6037499997764826,0.225,0.0051020177310218,8,842
Bin 2,0.625,800,0.0612500011920928,-0.5637499988079071,0.225,0.0084831011388385,8,842
Bin 3,0.625,800,0.1612499952316284,-0.4637500047683716,0.225,0.0130104623954825,8,842
Bin 4,0.625,800,0.3137499988079071,-0.3112500011920929,0.225,0.0164157075378792,8,842
Bin 5,0.625,800,0.4487499892711639,-0.176250010728836,0.225,0.0175955622004084,8,842
Overall,0.6375000000000001,4000,0.2045000046491623,-0.4329999953508378,0.225,0.0063780959293327,8,842
Bin 1,0.6375000000000001,800,0.0212500002235174,-0.6162499997764826,0.225,0.0051020177310218,8,842
Bin 2,0.6375000000000001,800,0.0625,-0.5750000000000001,0.225,0.0085635189063041,8,842
Bin 3,0.6375000000000001,800,0.1612499952316284,-0.4762500047683716,0.225,0.0130104623954825,8,842
Bin 4,0.6375000000000001,800,0.3199999928474426,-0.3175000071525574,0.225,0.016502739726383,8,842
Bin 5,0.6375000000000001,800,0.457500010728836,-0.179999989271164,0.225,0.0176247120145097,8,842
Overall,0.65,4000,0.2070000022649765,-0.4429999977350235,0.225,0.0064068721536108,8,842
Bin 1,0.65,800,0.0212500002235174,-0.6287499997764826,0.225,0.0051020177310218,8,842
Bin 2,0.65,800,0.0649999976158142,-0.5850000023841858,0.225,0.008721458425907,8,842
Bin 3,0.65,800,0.1612499952316284,-0.4887500047683716,0.225,0.0130104623954825,8,842
Bin 4,0.65,800,0.3237499892711639,-0.3262500107288361,0.225,0.0165533201592809,8,842
Bin 5,0.65,800,0.4637500047683716,-0.1862499952316284,0.225,0.0176421787222038,8,842
Overall,0.6625000000000001,4000,0.2080000042915344,-0.4544999957084656,0.225,0.0064182788815387,8,842
Bin 1,0.6625000000000001,800,0.0212500002235174,-0.6412499997764827,0.225,0.0051020177310218,8,842
Bin 2,0.6625000000000001,800,0.0649999976158142,-0.5975000023841859,0.225,0.008721458425907,8,842
Bin 3,0.6625000000000001,800,0.1612499952316284,-0.5012500047683717,0.225,0.0130104623954825,8,842
Bin 4,0.6625000000000001,800,0.3262499868869781,-0.3362500131130219,0.225,0.0165863675031983,8,842
Bin 5,0.6625000000000001,800,0.4662500023841858,-0.1962499976158143,0.225,0.0176483848456471,8,842
Overall,0.675,4000,0.2082500010728836,-0.4667499989271164,0.225,0.0064211207857868,8,842
Bin 1,0.675,800,0.0212500002235174,-0.6537499997764826,0.225,0.0051020177310218,8,842
Bin 2,0.675,800,0.0649999976158142,-0.6100000023841858,0.225,0.008721458425907,8,842
Bin 3,0.675,800,0.1612499952316284,-0.5137500047683716,0.225,0.0130104623954825,8,842
Bin 4,0.675,800,0.3262499868869781,-0.3487500131130219,0.225,0.0165863675031983,8,842
Bin 5,0.675,800,0.4675000011920929,-0.2074999988079071,0.225,0.0176513214273171,8,842
Overall,0.6875,4000,0.209999993443489,-0.4775000065565109,0.225,0.0064409142177119,8,842
Bin 1,0.6875,800,0.0212500002235174,-0.6662499997764826,0.225,0.0051020177310218,8,842
Bin 2,0.6875,800,0.0649999976158142,-0.6225000023841858,0.225,0.008721458425907,8,842
Bin 3,0.6875,800,0.1612499952316284,-0.5262500047683716,0.225,0.0130104623954825,8,842
Bin 4,0.6875,800,0.3300000131130218,-0.3574999868869781,0.225,0.0166349301557238,8,842
Bin 5,0.6875,800,0.4724999964237213,-0.2150000035762787,0.225,0.0176619561308676,8,842
Overall,0.7000000000000001,4000,0.2112500071525573,-0.4887499928474427,0.225,0.0064549418495409,8,842
Bin 1,0.7000000000000001,800,0.0212500002235174,-0.6787499997764826,0.225,0.0051020177310218,8,842
Bin 2,0.7000000000000001,800,0.0649999976158142,-0.6350000023841859,0.225,0.008721458425907,8,842
Bin 3,0.7000000000000001,800,0.1612499952316284,-0.5387500047683716,0.225,0.0130104623954825,8,842
Bin 4,0.7000000000000001,800,0.3337500095367431,-0.3662499904632569,0.225,0.016682297945094,8,842
Bin 5,0.7000000000000001,800,0.4749999940395355,-0.2250000059604645,0.225,0.0176666038745871,8,842
Overall,0.7125,4000,0.2122499942779541,-0.5002500057220459,0.225,0.0064660997753724,8,842
Bin 1,0.7125,800,0.0212500002235174,-0.6912499997764826,0.225,0.0051020177310218,8,842
Bin 2,0.7125,800,0.0649999976158142,-0.6475000023841858,0.225,0.008721458425907,8,842
Bin 3,0.7125,800,0.1612499952316284,-0.5512500047683716,0.225,0.0130104623954825,8,842
Bin 4,0.7125,800,0.3350000083446502,-0.3774999916553497,0.225,0.0166978216830718,8,842
Bin 5,0.7125,800,0.4787499904632568,-0.2337500095367432,0.225,0.0176727457240864,8,842
Overall,0.7250000000000001,4000,0.213249996304512,-0.5117500036954881,0.225,0.0064771983279764,8,842
Bin 1,0.7250000000000001,800,0.0212500002235174,-0.7037499997764827,0.225,0.0051020177310218,8,842
Bin 2,0.7250000000000001,800,0.0649999976158142,-0.6600000023841859,0.225,0.008721458425907,8,842
Bin 3,0.7250000000000001,800,0.1612499952316284,-0.5637500047683717,0.225,0.0130104623954825,8,842
Bin 4,0.7250000000000001,800,0.3362500071525574,-0.3887499928474427,0.225,0.0167132168731616,8,842
Bin 5,0.7250000000000001,800,0.4824999868869781,-0.2425000131130219,0.225,0.0176778908006183,8,842
Overall,0.7375,4000,0.2147500067949295,-0.5227499932050705,0.225,0.0064937394264377,8,842
Bin 1,0.7375,800,0.0212500002235174,-0.7162499997764826,0.225,0.0051020177310218,8,842
Bin 2,0.7375,800,0.0649999976158142,-0.6725000023841858,0.225,0.008721458425907,8,842
Bin 3,0.7375,800,0.1612499952316284,-0.5762500047683716,0.225,0.0130104623954825,8,842
Bin 4,0.7375,800,0.3387500047683716,-0.3987499952316284,0.225,0.016743610019294,8,842
Bin 5,0.7375,800,0.4875000119209289,-0.2499999880790711,0.225,0.0176832013035307,8,842
Overall,0.75,4000,0.2157499939203262,-0.5342500060796738,0.225,0.006504695200566,8,842
Bin 1,0.75,800,0.0212500002235174,-0.7287499997764826,0.225,0.0051020177310218,8,842
Bin 2,0.75,800,0.0649999976158142,-0.6850000023841858,0.225,0.008721458425907,8,842
Bin 3,0.75,800,0.1624999940395355,-0.5875000059604645,0.225,0.0130510571862969,8,842
Bin 4,0.75,800,0.3412500023841858,-0.4087499976158142,0.225,0.0167734826518473,8,842
Bin 5,0.75,800,0.488750010728836,-0.2612499892711639,0.225,0.0176842507600586,8,842
Overall,0.7625000000000001,4000,0.2175000011920929,-0.5449999988079072,0.225,0.0065237328018802,8,842
Bin 1,0.7625000000000001,800,0.0212500002235174,-0.7412499997764826,0.225,0.0051020177310218,8,842
Bin 2,0.7625000000000001,800,0.0649999976158142,-0.6975000023841859,0.225,0.008721458425907,8,842
Bin 3,0.7625000000000001,800,0.1624999940395355,-0.6000000059604645,0.225,0.0130510571862969,8,842
Bin 4,0.7625000000000001,800,0.3449999988079071,-0.4175000011920929,0.225,0.0168173195889835,8,842
Bin 5,0.7625000000000001,800,0.4937500059604645,-0.2687499940395356,0.225,0.0176873464460817,8,842
Overall,0.775,4000,0.2192499935626983,-0.5557500064373017,0.225,0.0065425965244567,8,842
Bin 1,0.775,800,0.0212500002235174,-0.7537499997764826,0.225,0.0051020177310218,8,842
Bin 2,0.775,800,0.0649999976158142,-0.7100000023841858,0.225,0.008721458425907,8,842
Bin 3,0.775,800,0.1637499928474426,-0.6112500071525574,0.225,0.0130913769689249,8,842
Bin 4,0.775,800,0.3462499976158142,-0.4287500023841858,0.225,0.0168316748055863,8,842
Bin 5,0.775,800,0.5,-0.275,0.225,0.0176887288627129,8,842
Overall,0.7875000000000001,4000,0.2207500040531158,-0.5667499959468842,0.225,0.0065586296519713,8,842
Bin 1,0.7875000000000001,800,0.0212500002235174,-0.7662499997764827,0.225,0.0051020177310218,8,842
Bin 2,0.7875000000000001,800,0.0649999976158142,-0.7225000023841859,0.225,0.008721458425907,8,842
Bin 3,0.7875000000000001,800,0.1637499928474426,-0.6237500071525575,0.225,0.0130913769689249,8,842
Bin 4,0.7875000000000001,800,0.3499999940395355,-0.4375000059604645,0.225,0.0168739702217382,8,842
Bin 5,0.7875000000000001,800,0.5037500262260437,-0.2837499737739564,0.225,0.0176882315299005,8,842
Overall,0.8,4000,0.2230000048875808,-0.5769999951124192,0.225,0.0065824453844538,8,842
Bin 1,0.8,800,0.0212500002235174,-0.7787499997764826,0.225,0.0051020177310218,8,842
Bin 2,0.8,800,0.0649999976158142,-0.7350000023841858,0.225,0.008721458425907,8,842
Bin 3,0.8,800,0.1637499928474426,-0.6362500071525574,0.225,0.0130913769689249,8,842
Bin 4,0.8,800,0.3549999892711639,-0.4450000107288361,0.225,0.0169285830543674,8,842
Bin 5,0.8,800,0.5099999904632568,-0.2900000095367432,0.225,0.0176851906347804,8,842
Overall,0.8125,4000,0.22325000166893,-0.58924999833107,0.225,0.0065850733565963,8,842
Bin 1,0.8125,800,0.0212500002235174,-0.7912499997764826,0.225,0.0051020177310218,8,842
Bin 2,0.8125,800,0.0649999976158142,-0.7475000023841858,0.225,0.008721458425907,8,842
Bin 3,0.8125,800,0.1637499928474426,-0.6487500071525574,0.225,0.0130913769689249,8,842
Bin 4,0.8125,800,0.3549999892711639,-0.457500010728836,0.225,0.0169285830543674,8,842
Bin 5,0.8125,800,0.5112500190734863,-0.3012499809265136,0.225,0.0176842507600586,8,842
Overall,0.8250000000000001,4000,0.2242500036954879,-0.6007499963045121,0.225,0.0065955560297687,8,842
Bin 1,0.8250000000000001,800,0.0212500002235174,-0.8037499997764826,0.225,0.0051020177310218,8,842
Bin 2,0.8250000000000001,800,0.0649999976158142,-0.7600000023841859,0.225,0.008721458425907,8,842
Bin 3,0.8250000000000001,800,0.1637499928474426,-0.6612500071525574,0.225,0.0130913769689249,8,842
Bin 4,0.8250000000000001,800,0.3574999868869781,-0.4675000131130219,0.225,0.0169551324079156,8,842
Bin 5,0.8250000000000001,800,0.5137500166893005,-0.3112499833106995,0.225,0.0176820380505118,8,842
Overall,0.8375,4000,0.2245000004768371,-0.6129999995231629,0.225,0.0065981684517802,8,842
Bin 1,0.8375,800,0.0212500002235174,-0.8162499997764826,0.225,0.0051020177310218,8,842
Bin 2,0.8375,800,0.0649999976158142,-0.7725000023841858,0.225,0.008721458425907,8,842
Bin 3,0.8375,800,0.1637499928474426,-0.6737500071525574,0.225,0.0130913769689249,8,842
Bin 4,0.8375,800,0.3574999868869781,-0.4800000131130219,0.225,0.0169551324079156,8,842
Bin 5,0.8375,800,0.5149999856948853,-0.3225000143051147,0.225,0.0176807652156868,8,842
Overall,0.8500000000000001,4000,0.225500002503395,-0.624499997496605,0.225,0.0066085818561871,8,842
Bin 1,0.8500000000000001,800,0.0212500002235174,-0.8287499997764827,0.225,0.0051020177310218,8,842
Bin 2,0.8500000000000001,800,0.0649999976158142,-0.7850000023841859,0.225,0.008721458425907,8,842
Bin 3,0.8500000000000001,800,0.1637499928474426,-0.6862500071525575,0.225,0.0130913769689249,8,842
Bin 4,0.8500000000000001,800,0.3587499856948852,-0.4912500143051148,0.225,0.016968217950707,8,842
Bin 5,0.8500000000000001,800,0.518750011920929,-0.3312499880790711,0.225,0.0176762860593613,8,842
Overall,0.8625,4000,0.2259999960660934,-0.6365000039339066,0.225,0.0066137690029227,8,842
Bin 1,0.8625,800,0.0212500002235174,-0.8412499997764826,0.225,0.0051020177310218,8,842
Bin 2,0.8625,800,0.0649999976158142,-0.7975000023841858,0.225,0.008721458425907,8,842
Bin 3,0.8625,800,0.1637499928474426,-0.6987500071525574,0.225,0.0130913769689249,8,842
Bin 4,0.8625,800,0.3587499856948852,-0.5037500143051148,0.225,0.016968217950707,8,842
Bin 5,0.8625,800,0.5212500095367432,-0.3412499904632569,0.225,0.0176727457240864,8,842
Overall,0.875,4000,0.2262499928474426,-0.6487500071525574,0.225,0.0066163564504814,8,842
Bin 1,0.875,800,0.0212500002235174,-0.8537499997764826,0.225,0.0051020177310218,8,842
Bin 2,0.875,800,0.0649999976158142,-0.8100000023841858,0.225,0.008721458425907,8,842
Bin 3,0.875,800,0.1637499928474426,-0.7112500071525574,0.225,0.0130913769689249,8,842
Bin 4,0.875,800,0.3587499856948852,-0.5162500143051147,0.225,0.016968217950707,8,842
Bin 5,0.875,800,0.5224999785423279,-0.3525000214576721,0.225,0.0176708090763973,8,842
Overall,0.8875000000000001,4000,0.2267500013113021,-0.6607499986886979,0.225,0.006621522863709,8,842
Bin 1,0.8875000000000001,800,0.0212500002235174,-0.8662499997764826,0.225,0.0051020177310218,8,842
Bin 2,0.8875000000000001,800,0.0649999976158142,-0.8225000023841859,0.225,0.008721458425907,8,842
Bin 3,0.8875000000000001,800,0.1637499928474426,-0.7237500071525574,0.225,0.0130913769689249,8,842
Bin 4,0.8875000000000001,800,0.3600000143051147,-0.5274999856948853,0.225,0.0169811791602953,8,842
Bin 5,0.8875000000000001,800,0.5237500071525574,-0.3637499928474427,0.225,0.0176687628469021,8,842
Overall,0.9,4000,0.2267500013113021,-0.6732499986886978,0.225,0.006621522863709,8,842
Bin 1,0.9,800,0.0212500002235174,-0.8787499997764826,0.225,0.0051020177310218,8,842
Bin 2,0.9,800,0.0649999976158142,-0.8350000023841858,0.225,0.008721458425907,8,842
Bin 3,0.9,800,0.1637499928474426,-0.7362500071525574,0.225,0.0130913769689249,8,842
Bin 4,0.9,800,0.3600000143051147,-0.5399999856948853,0.225,0.0169811791602953,8,842
Bin 5,0.9,800,0.5237500071525574,-0.3762499928474426,0.225,0.0176687628469021,8,842
Overall,0.9125,4000,0.2269999980926513,-0.6855000019073487,0.225,0.0066241013581619,8,842
Bin 1,0.9125,800,0.0212500002235174,-0.8912499997764827,0.225,0.0051020177310218,8,842
Bin 2,0.9125,800,0.0649999976158142,-0.8475000023841859,0.225,0.008721458425907,8,842
Bin 3,0.9125,800,0.1637499928474426,-0.7487500071525575,0.225,0.0130913769689249,8,842
Bin 4,0.9125,800,0.3600000143051147,-0.5524999856948853,0.225,0.0169811791602953,8,842
Bin 5,0.9125,800,0.5249999761581421,-0.387500023841858,0.225,0.0176666038745871,8,842
Overall,0.925,4000,0.2277500033378601,-0.6972499966621399,0.225,0.0066318161080126,8,842
Bin 1,0.925,800,0.0212500002235174,-0.9037499997764826,0.225,0.0051020177310218,8,842
Bin 2,0.925,800,0.0649999976158142,-0.8600000023841858,0.225,0.008721458425907,8,842
Bin 3,0.925,800,0.1637499928474426,-0.7612500071525574,0.225,0.0130913769689249,8,842
Bin 4,0.925,800,0.3600000143051147,-0.5649999856948853,0.225,0.0169811791602953,8,842
Bin 5,0.925,800,0.5287500023841858,-0.3962499976158142,0.225,0.0176594631447781,8,842
Overall,0.9375,4000,0.2277500033378601,-0.7097499966621399,0.225,0.0066318161080126,8,842
Bin 1,0.9375,800,0.0212500002235174,-0.9162499997764826,0.225,0.0051020177310218,8,842
Bin 2,0.9375,800,0.0649999976158142,-0.8725000023841858,0.225,0.008721458425907,8,842
Bin 3,0.9375,800,0.1637499928474426,-0.7737500071525574,0.225,0.0130913769689249,8,842
Bin 4,0.9375,800,0.3600000143051147,-0.5774999856948853,0.225,0.0169811791602953,8,842
Bin 5,0.9375,800,0.5287500023841858,-0.4087499976158142,0.225,0.0176594631447781,8,842
Overall,0.95,4000,0.2280000001192093,-0.7219999998807908,0.225,0.0066343804659827,8,842
Bin 1,0.95,800,0.0212500002235174,-0.9287499997764826,0.225,0.0051020177310218,8,842
Bin 2,0.95,800,0.0649999976158142,-0.8850000023841859,0.225,0.008721458425907,8,842
Bin 3,0.95,800,0.1637499928474426,-0.7862500071525574,0.225,0.0130913769689249,8,842
Bin 4,0.95,800,0.3600000143051147,-0.5899999856948853,0.225,0.0169811791602953,8,842
Bin 5,0.95,800,0.5299999713897705,-0.4200000286102295,0.225,0.0176568605768826,8,842
Overall,0.9625,4000,0.2282499969005584,-0.7342500030994416,0.225,0.0066369415254402,8,842
Bin 1,0.9625,800,0.0212500002235174,-0.9412499997764826,0.225,0.0051020177310218,8,842
Bin 2,0.9625,800,0.0649999976158142,-0.8975000023841858,0.225,0.008721458425907,8,842
Bin 3,0.9625,800,0.1637499928474426,-0.7987500071525574,0.225,0.0130913769689249,8,842
Bin 4,0.9625,800,0.3600000143051147,-0.6024999856948853,0.225,0.0169811791602953,8,842
Bin 5,0.9625,800,0.53125,-0.43125,0.225,0.0176541463198385,8,842
Overall,0.975,4000,0.2282499969005584,-0.7467500030994416,0.225,0.0066369415254402,8,842
Bin 1,0.975,800,0.0212500002235174,-0.9537499997764828,0.225,0.0051020177310218,8,842
Bin 2,0.975,800,0.0649999976158142,-0.910000002384186,0.225,0.008721458425907,8,842
Bin 3,0.975,800,0.1637499928474426,-0.8112500071525575,0.225,0.0130913769689249,8,842
Bin 4,0.975,800,0.3600000143051147,-0.6149999856948853,0.225,0.0169811791602953,8,842
Bin 5,0.975,800,0.53125,-0.4437500000000001,0.225,0.0176541463198385,8,842
Overall,0.9875,4000,0.2282499969005584,-0.7592500030994416,0.225,0.0066369415254402,8,842
Bin 1,0.9875,800,0.0212500002235174,-0.9662499997764826,0.225,0.0051020177310218,8,842
Bin 2,0.9875,800,0.0649999976158142,-0.9225000023841858,0.225,0.008721458425907,8,842
Bin 3,0.9875,800,0.1637499928474426,-0.8237500071525574,0.225,0.0130913769689249,8,842
Bin 4,0.9875,800,0.3600000143051147,-0.6274999856948853,0.225,0.0169811791602953,8,842
Bin 5,0.9875,800,0.53125,-0.45625,0.225,0.0176541463198385,8,842
Overall,1.0,4000,0.2282499969005584,-0.7717500030994415,0.225,0.0066369415254402,8,842
Bin 1,1.0,800,0.0212500002235174,-0.9787499997764826,0.225,0.0051020177310218,8,842
Bin 2,1.0,800,0.0649999976158142,-0.9350000023841858,0.225,0.008721458425907,8,842
Bin 3,1.0,800,0.1637499928474426,-0.8362500071525574,0.225,0.0130913769689249,8,842
Bin 4,1.0,800,0.3600000143051147,-0.6399999856948853,0.225,0.0169811791602953,8,842
Bin 5,1.0,800,0.53125,-0.46875,0.225,0.0176541463198385,8,842
Overall,0.0,4000,0.0002500000118743,0.0002500000118743,0.2,0.0002500000159901,9,942
Bin 1,0.0,800,0.0,0.0,0.2,0.0,9,942
Bin 2,0.0,800,0.0,0.0,0.2,0.0,9,942
Bin 3,0.0,800,0.0,0.0,0.2,0.0,9,942
Bin 4,0.0,800,0.0012499999720603,0.0012499999720603,0.2,0.0012499999259236,9,942
Bin 5,0.0,800,0.0,0.0,0.2,0.0,9,942
Overall,0.0125,4000,0.0104999998584389,-0.002000000141561,0.2,0.0016118583730845,9,942
Bin 1,0.0125,800,0.0074999998323619,-0.005000000167638,0.2,0.0030522668666248,9,942
Bin 2,0.0125,800,0.0087500000372529,-0.003749999962747,0.2,0.0032947484862379,9,942
Bin 3,0.0125,800,0.0087500000372529,-0.003749999962747,0.2,0.0032947484862379,9,942
Bin 4,0.0125,800,0.0099999997764825,-0.0025000002235174,0.2,0.0035200128548165,9,942
Bin 5,0.0125,800,0.0175000000745058,0.0050000000745058,0.2,0.0046388670664068,9,942
Overall,0.025,4000,0.0177500005811452,-0.0072499994188547,0.2,0.0020880192884838,9,942
Bin 1,0.025,800,0.0074999998323619,-0.017500000167638,0.2,0.0030522668666248,9,942
Bin 2,0.025,800,0.0162499994039535,-0.0087500005960464,0.2,0.0044729665339558,9,942
Bin 3,0.025,800,0.0149999996647238,-0.0100000003352761,0.2,0.004300216875204,9,942
Bin 4,0.025,800,0.0175000000745058,-0.0074999999254941,0.2,0.0046388670664068,9,942
Bin 5,0.025,800,0.0324999988079071,0.0074999988079071,0.2,0.0062732670607562,9,942
Overall,0.0375,4000,0.02449999935925,-0.0130000006407499,0.2,0.0024446742662799,9,942
Bin 1,0.0375,800,0.0074999998323619,-0.030000000167638,0.2,0.0030522668666248,9,942
Bin 2,0.0375,800,0.0199999995529651,-0.0175000004470348,0.2,0.0049528442290735,9,942
Bin 3,0.0375,800,0.025000000372529,-0.0124999996274709,0.2,0.0055233039310109,9,942
Bin 4,0.0375,800,0.0262499991804361,-0.0112500008195638,0.2,0.0056560733526831,9,942
Bin 5,0.0375,800,0.0437499992549419,0.0062499992549419,0.2,0.007236047014208,9,942
Overall,0.05,4000,0.0302499998360872,-0.0197500001639127,0.2,0.0027084252219003,9,942
Bin 1,0.05,800,0.0087500000372529,-0.0412499999627471,0.2,0.0032947482228201,9,942
Bin 2,0.05,800,0.025000000372529,-0.0249999996274709,0.2,0.0055233039310109,9,942
Bin 3,0.05,800,0.0337500013411045,-0.0162499986588954,0.2,0.0063886377365275,9,942
Bin 4,0.05,800,0.03125,-0.01875,0.2,0.0061554170966212,9,942
Bin 5,0.05,800,0.0524999983608722,0.0024999983608722,0.2,0.0078903425930252,9,942
Overall,0.0625,4000,0.0370000004768371,-0.0254999995231628,0.2,0.0029849583852198,9,942
Bin 1,0.0625,800,0.0087500000372529,-0.0537499999627471,0.2,0.0032947482228201,9,942
Bin 2,0.0625,800,0.0262499991804361,-0.0362500008195638,0.2,0.0056560733526831,9,942
Bin 3,0.0625,800,0.0412500016391277,-0.0212499983608722,0.2,0.0070354396056795,9,942
Bin 4,0.0625,800,0.0437499992549419,-0.018750000745058,0.2,0.007236047014208,9,942
Bin 5,0.0625,800,0.0649999976158142,0.0024999976158142,0.2,0.008721458425907,9,942
Overall,0.075,4000,0.0445000007748603,-0.0304999992251396,0.2,0.0032607661113664,9,942
Bin 1,0.075,800,0.0087500000372529,-0.0662499999627471,0.2,0.0032947482228201,9,942
Bin 2,0.075,800,0.0287500005215406,-0.0462499994784593,0.2,0.0059116813448471,9,942
Bin 3,0.075,800,0.050000000745058,-0.0249999992549419,0.2,0.00771033761772,9,942
Bin 4,0.075,800,0.0487499982118606,-0.0262500017881393,0.2,0.0076183558086942,9,942
Bin 5,0.075,800,0.0862499997019767,0.0112499997019767,0.2,0.0099316150920086,9,942
Overall,0.0875,4000,0.0507499985396862,-0.0367500014603138,0.2,0.0034708243494364,9,942
Bin 1,0.0875,800,0.0099999997764825,-0.0775000002235174,0.2,0.0035200125913987,9,942
Bin 2,0.0875,800,0.03125,-0.05625,0.2,0.0061554170966212,9,942
Bin 3,0.0875,800,0.0549999997019767,-0.0325000002980232,0.2,0.0080653621229871,9,942
Bin 4,0.0875,800,0.0599999986588954,-0.0275000013411045,0.2,0.0084016802763783,9,942
Bin 5,0.0875,800,0.0974999964237213,0.0099999964237213,0.2,0.0104942765733003,9,942
Overall,0.1,4000,0.0549999997019767,-0.0450000002980232,0.2,0.0036051350720077,9,942
Bin 1,0.1,800,0.0099999997764825,-0.0900000002235174,0.2,0.0035200125913987,9,942
Bin 2,0.1,800,0.0337500013411045,-0.0662499986588955,0.2,0.0063886377365275,9,942
Bin 3,0.1,800,0.0587499998509883,-0.0412500001490116,0.2,0.0083192294503077,9,942
Bin 4,0.1,800,0.0649999976158142,-0.0350000023841858,0.2,0.008721458425907,9,942
Bin 5,0.1,800,0.1075000017881393,0.0075000017881393,0.2,0.0109580931581217,9,942
Overall,0.1125,4000,0.0607500001788139,-0.051749999821186,0.2,0.0037773570140076,9,942
Bin 1,0.1125,800,0.0112500004470348,-0.1012499995529651,0.2,0.0037311788391504,9,942
Bin 2,0.1125,800,0.0350000001490116,-0.0774999998509883,0.2,0.0065016603060011,9,942
Bin 3,0.1125,800,0.0599999986588954,-0.0525000013411045,0.2,0.0084016802763783,9,942
Bin 4,0.1125,800,0.0712499991059303,-0.0412500008940696,0.2,0.0091005677477557,9,942
Bin 5,0.1125,800,0.1262499988079071,0.0137499988079071,0.2,0.011749946040602,9,942
Overall,0.125,4000,0.0667499974370002,-0.0582500025629997,0.2,0.0039468348290985,9,942
Bin 1,0.125,800,0.0112500004470348,-0.1137499995529651,0.2,0.0037311788391504,9,942
Bin 2,0.125,800,0.0350000001490116,-0.0899999998509883,0.2,0.0065016603060011,9,942
Bin 3,0.125,800,0.0637499988079071,-0.0612500011920928,0.2,0.0086429630815691,9,942
Bin 4,0.125,800,0.0787499994039535,-0.0462500005960464,0.2,0.00952885243194,9,942
Bin 5,0.125,800,0.1449999958276748,0.0199999958276748,0.2,0.0124564315350946,9,942
Overall,0.1375,4000,0.0724999979138374,-0.0650000020861625,0.2,0.0041006270385422,9,942
Bin 1,0.1375,800,0.0112500004470348,-0.1262499995529651,0.2,0.0037311788391504,9,942
Bin 2,0.1375,800,0.0350000001490116,-0.1024999998509884,0.2,0.0065016603060011,9,942
Bin 3,0.1375,800,0.0724999979138374,-0.0650000020861625,0.2,0.0091738695466858,9,942
Bin 4,0.1375,800,0.0850000008940696,-0.0524999991059303,0.2,0.00986612521145,9,942
Bin 5,0.1375,800,0.1587499976158142,0.0212499976158141,0.2,0.0129284361989106,9,942
Overall,0.15,4000,0.0754999965429306,-0.0745000034570694,0.2,0.0041778343814926,9,942
Bin 1,0.15,800,0.0125000001862645,-0.1374999998137355,0.2,0.0039305210519702,9,942
Bin 2,0.15,800,0.0362499989569187,-0.1137500010430813,0.2,0.0066124559413666,9,942
Bin 3,0.15,800,0.0750000029802322,-0.0749999970197677,0.2,0.0093181160820431,9,942
Bin 4,0.15,800,0.0912500023841857,-0.0587499976158142,0.2,0.0101874454087985,9,942
Bin 5,0.15,800,0.1624999940395355,0.0124999940395355,0.2,0.0130510571862969,9,942
Overall,0.1625,4000,0.0804999992251396,-0.0820000007748603,0.2,0.0043022745405944,9,942
Bin 1,0.1625,800,0.0125000001862645,-0.1499999998137355,0.2,0.0039305210519702,9,942
Bin 2,0.1625,800,0.0362499989569187,-0.1262500010430813,0.2,0.0066124559413666,9,942
Bin 3,0.1625,800,0.0762500017881393,-0.0862499982118606,0.2,0.0093890955896203,9,942
Bin 4,0.1625,800,0.1000000014901161,-0.0624999985098838,0.2,0.0106132371068935,9,942
Bin 5,0.1625,800,0.1774999946355819,0.0149999946355819,0.2,0.0135174183870973,9,942
Overall,0.175,4000,0.0864999964833259,-0.088500003516674,0.2,0.0044451519717099,9,942
Bin 1,0.175,800,0.0125000001862645,-0.1624999998137355,0.2,0.0039305210519702,9,942
Bin 2,0.175,800,0.0375000014901161,-0.1374999985098839,0.2,0.0067211342244299,9,942
Bin 3,0.175,800,0.0837500020861625,-0.0912499979138374,0.2,0.0097999978598076,9,942
Bin 4,0.175,800,0.1099999994039535,-0.0650000005960464,0.2,0.0110692438806859,9,942
Bin 5,0.175,800,0.1887499988079071,0.013749998807907,0.2,0.0138435496472034,9,942
Overall,0.1875,4000,0.0922499969601631,-0.0952500030398368,0.2,0.004576048733698,9,942
Bin 1,0.1875,800,0.0125000001862645,-0.1749999998137354,0.2,0.0039305210519702,9,942
Bin 2,0.1875,800,0.0375000014901161,-0.1499999985098838,0.2,0.0067211342244299,9,942
Bin 3,0.1875,800,0.0900000035762786,-0.0974999964237213,0.2,0.0101243821330429,9,942
Bin 4,0.1875,800,0.1150000020861625,-0.0724999979138374,0.2,0.0112861842466836,9,942
Bin 5,0.1875,800,0.2062499970197677,0.0187499970197677,0.2,0.014314146606279,9,942
Overall,0.2,4000,0.0962499976158142,-0.1037500023841858,0.2,0.0046638956647792,9,942
Bin 1,0.2,800,0.0125000001862645,-0.1874999998137355,0.2,0.0039305210519702,9,942
Bin 2,0.2,800,0.0375000014901161,-0.1624999985098839,0.2,0.0067211342244299,9,942
Bin 3,0.2,800,0.0925000011920929,-0.1074999988079071,0.2,0.0102499270580447,9,942
Bin 4,0.2,800,0.1237500011920929,-0.0762499988079071,0.2,0.0116496597219127,9,942
Bin 5,0.2,800,0.2150000035762787,0.0150000035762786,0.2,0.0145338486445254,9,942
Overall,0.2125,4000,0.1024999991059303,-0.1100000008940697,0.2,0.0047962682755659,9,942
Bin 1,0.2125,800,0.0125000001862645,-0.1999999998137355,0.2,0.0039305210519702,9,942
Bin 2,0.2125,800,0.0375000014901161,-0.1749999985098839,0.2,0.0067211342244299,9,942
Bin 3,0.2125,800,0.1037499979138374,-0.1087500020861625,0.2,0.0107878599296438,9,942
Bin 4,0.2125,800,0.1375000029802322,-0.0749999970197677,0.2,0.0121830913100909,9,942
Bin 5,0.2125,800,0.2212499976158142,0.0087499976158141,0.2,0.0146847744017005,9,942
Overall,0.225,4000,0.1064999997615814,-0.1185000002384185,0.2,0.0048780511267651,9,942
Bin 1,0.225,800,0.0125000001862645,-0.2124999998137355,0.2,0.0039305210519702,9,942
Bin 2,0.225,800,0.0375000014901161,-0.1874999985098839,0.2,0.0067211342244299,9,942
Bin 3,0.225,800,0.1087500005960464,-0.1162499994039535,0.2,0.0110138966392214,9,942
Bin 4,0.225,800,0.1462499946355819,-0.078750005364418,0.2,0.0125008595817812,9,942
Bin 5,0.225,800,0.2275000065565109,0.0025000065565109,0.2,0.0148308669690226,9,942
Overall,0.2375,4000,0.1107499971985817,-0.1267500028014183,0.2,0.004962586351155,9,942
Bin 1,0.2375,800,0.0137499999254941,-0.2237500000745058,0.2,0.0041197556602636,9,942
Bin 2,0.2375,800,0.0387500002980232,-0.1987499997019768,0.2,0.0068277973612989,9,942
Bin 3,0.2375,800,0.1112499982118606,-0.1262500017881393,0.2,0.0111241390972001,9,942
Bin 4,0.2375,800,0.1512500047683715,-0.0862499952316284,0.2,0.0126754739751618,9,942
Bin 5,0.2375,800,0.2387499958276748,0.0012499958276748,0.2,0.0150821053866672,9,942
Overall,0.25,4000,0.1150000020861625,-0.1349999979138374,0.2,0.0050448107318319,9,942
Bin 1,0.25,800,0.0137499999254941,-0.2362500000745058,0.2,0.0041197556602636,9,942
Bin 2,0.25,800,0.0412500016391277,-0.2087499983608722,0.2,0.0070354396056795,9,942
Bin 3,0.25,800,0.1112499982118606,-0.1387500017881393,0.2,0.0111241390972001,9,942
Bin 4,0.25,800,0.1574999988079071,-0.0925000011920929,0.2,0.0128870005784683,9,942
Bin 5,0.25,800,0.2512499988079071,0.0012499988079071,0.2,0.0153443335950611,9,942
Overall,0.2625,4000,0.1187499985098838,-0.1437500014901161,0.2,0.005115530371634,9,942
Bin 1,0.2625,800,0.0137499999254941,-0.2487500000745058,0.2,0.0041197556602636,9,942
Bin 2,0.2625,800,0.0412500016391277,-0.2212499983608722,0.2,0.0070354396056795,9,942
Bin 3,0.2625,800,0.1150000020861625,-0.1474999979138374,0.2,0.0112861842466836,9,942
Bin 4,0.2625,800,0.1624999940395355,-0.1000000059604644,0.2,0.0130510571862969,9,942
Bin 5,0.2625,800,0.2612499892711639,-0.001250010728836,0.2,0.0155418790350453,9,942
Overall,0.275,4000,0.1230000033974647,-0.1519999966025352,0.2,0.0051936975817628,9,942
Bin 1,0.275,800,0.0149999996647238,-0.2600000003352761,0.2,0.0043002171386218,9,942
Bin 2,0.275,800,0.0412500016391277,-0.2337499983608723,0.2,0.0070354396056795,9,942
Bin 3,0.275,800,0.1174999997019767,-0.1575000002980232,0.2,0.0113920760962248,9,942
Bin 4,0.275,800,0.1712500005960464,-0.1037499994039535,0.2,0.0133276532553482,9,942
Bin 5,0.275,800,0.270000010728836,-0.0049999892711639,0.2,0.0157061579674998,9,942
Overall,0.2875,4000,0.1282500028610229,-0.159249997138977,0.2,0.0052874827780296,9,942
Bin 1,0.2875,800,0.0149999996647238,-0.2725000003352761,0.2,0.0043002171386218,9,942
Bin 2,0.2875,800,0.0425000004470348,-0.2449999995529652,0.2,0.0071365851932427,9,942
Bin 3,0.2875,800,0.1212500035762786,-0.1662499964237213,0.2,0.0115478234528695,9,942
Bin 4,0.2875,800,0.1800000071525573,-0.1074999928474426,0.2,0.0135915736597098,9,942
Bin 5,0.2875,800,0.2824999988079071,-0.0050000011920929,0.2,0.0159274700153593,9,942
Overall,0.3,4000,0.1312499940395355,-0.1687500059604645,0.2,0.00533975525028,9,942
Bin 1,0.3,800,0.0149999996647238,-0.2850000003352761,0.2,0.0043002171386218,9,942
Bin 2,0.3,800,0.0425000004470348,-0.2574999995529652,0.2,0.0071365851932427,9,942
Bin 3,0.3,800,0.1237500011920929,-0.1762499988079071,0.2,0.0116496597219127,9,942
Bin 4,0.3,800,0.1887499988079071,-0.1112500011920929,0.2,0.0138435496472034,9,942
Bin 5,0.3,800,0.2862499952316284,-0.0137500047683716,0.2,0.0159908810026152,9,942
Overall,0.3125,4000,0.1357499957084655,-0.1767500042915344,0.2,0.0054164400145849,9,942
Bin 1,0.3125,800,0.0149999996647238,-0.2975000003352761,0.2,0.0043002171386218,9,942
Bin 2,0.3125,800,0.0425000004470348,-0.2699999995529651,0.2,0.0071365851932427,9,942
Bin 3,0.3125,800,0.1287499964237213,-0.1837500035762787,0.2,0.011848725609457,9,942
Bin 4,0.3125,800,0.1912499964237213,-0.1212500035762786,0.2,0.0139134386050753,9,942
Bin 5,0.3125,800,0.301250010728836,-0.0112499892711639,0.2,0.0162312170842213,9,942
Overall,0.325,4000,0.1402499973773956,-0.1847500026226043,0.2,0.0054911310636064,9,942
Bin 1,0.325,800,0.0149999996647238,-0.3100000003352761,0.2,0.0043002171386218,9,942
Bin 2,0.325,800,0.0437499992549419,-0.281250000745058,0.2,0.007236047014208,9,942
Bin 3,0.325,800,0.1299999952316284,-0.1950000047683716,0.2,0.0118975601091553,9,942
Bin 4,0.325,800,0.2000000029802322,-0.1249999970197677,0.2,0.0141509824579676,9,942
Bin 5,0.325,800,0.3125,-0.0125,0.2,0.0163978899576713,9,942
Overall,0.3375,4000,0.1447499990463256,-0.1927500009536743,0.2,0.0055639103889446,9,942
Bin 1,0.3375,800,0.0149999996647238,-0.3225000003352761,0.2,0.0043002171386218,9,942
Bin 2,0.3375,800,0.0450000017881393,-0.2924999982118607,0.2,0.0073338930303684,9,942
Bin 3,0.3375,800,0.1312499940395355,-0.2062500059604645,0.2,0.0119460321459565,9,942
Bin 4,0.3375,800,0.2074999958276748,-0.1300000041723251,0.2,0.0143461487083533,9,942
Bin 5,0.3375,800,0.324999988079071,-0.0125000119209289,0.2,0.0165699112661973,9,942
Overall,0.35,4000,0.147499993443489,-0.2025000065565109,0.2,0.0056074766726878,9,942
Bin 1,0.35,800,0.0149999996647238,-0.3350000003352761,0.2,0.0043002171386218,9,942
Bin 2,0.35,800,0.0450000017881393,-0.3049999982118607,0.2,0.0073338930303684,9,942
Bin 3,0.35,800,0.1312499940395355,-0.2187500059604645,0.2,0.0119460321459565,9,942
Bin 4,0.35,800,0.2162500023841858,-0.1337499976158142,0.2,0.0145644282904625,9,942
Bin 5,0.35,800,0.3300000131130218,-0.0199999868869781,0.2,0.0166349301557238,9,942
Overall,0.3625,4000,0.1502500027418136,-0.2122499972581863,0.2,0.0056503733583649,9,942
Bin 1,0.3625,800,0.0149999996647238,-0.3475000003352761,0.2,0.0043002171386218,9,942
Bin 2,0.3625,800,0.0450000017881393,-0.3174999982118607,0.2,0.0073338930303684,9,942
Bin 3,0.3625,800,0.135000005364418,-0.227499994635582,0.2,0.0120893103574693,9,942
Bin 4,0.3625,800,0.2199999988079071,-0.1425000011920929,0.2,0.0146549797408169,9,942
Bin 5,0.3625,800,0.3362500071525574,-0.0262499928474426,0.2,0.0167132168731616,9,942
Overall,0.375,4000,0.1532499939203262,-0.2217500060796737,0.2,0.0056964220084784,9,942
Bin 1,0.375,800,0.0149999996647238,-0.3600000003352761,0.2,0.0043002171386218,9,942
Bin 2,0.375,800,0.0450000017881393,-0.3299999982118606,0.2,0.0073338930303684,9,942
Bin 3,0.375,800,0.135000005364418,-0.2399999946355819,0.2,0.0120893103574693,9,942
Bin 4,0.375,800,0.2249999940395355,-0.1500000059604644,0.2,0.0147730003996883,9,942
Bin 5,0.375,800,0.3462499976158142,-0.0287500023841857,0.2,0.0168316748055863,9,942
Overall,0.3875,4000,0.1580000072717666,-0.2294999927282333,0.2,0.005767782973381,9,942
Bin 1,0.3875,800,0.0149999996647238,-0.3725000003352761,0.2,0.0043002171386218,9,942
Bin 2,0.3875,800,0.0450000017881393,-0.3424999982118606,0.2,0.0073338930303684,9,942
Bin 3,0.3875,800,0.1375000029802322,-0.2499999970197677,0.2,0.0121830913100909,9,942
Bin 4,0.3875,800,0.2374999970197677,-0.1500000029802322,0.2,0.0150549164546929,9,942
Bin 5,0.3875,800,0.3549999892711639,-0.032500010728836,0.2,0.0169285830543674,9,942
Overall,0.4,4000,0.1615000069141388,-0.2384999930858612,0.2,0.0058191846382943,9,942
Bin 1,0.4,800,0.0149999996647238,-0.3850000003352761,0.2,0.0043002171386218,9,942
Bin 2,0.4,800,0.0450000017881393,-0.3549999982118607,0.2,0.0073338930303684,9,942
Bin 3,0.4,800,0.1400000005960464,-0.2599999994039536,0.2,0.0122755182952041,9,942
Bin 4,0.4,800,0.2425000071525573,-0.1574999928474426,0.2,0.0151626037599806,9,942
Bin 5,0.4,800,0.3650000095367431,-0.0349999904632568,0.2,0.0170317743445903,9,942
Overall,0.4125,4000,0.1652500033378601,-0.2472499966621399,0.2,0.0058731789341433,9,942
Bin 1,0.4125,800,0.0149999996647238,-0.3975000003352761,0.2,0.0043002171386218,9,942
Bin 2,0.4125,800,0.0450000017881393,-0.3674999982118607,0.2,0.0073338930303684,9,942
Bin 3,0.4125,800,0.1400000005960464,-0.2724999994039536,0.2,0.0122755182952041,9,942
Bin 4,0.4125,800,0.2450000047683715,-0.1674999952316284,0.2,0.0152153905803981,9,942
Bin 5,0.4125,800,0.3812499940395355,-0.0312500059604645,0.2,0.0171826105397123,9,942
Overall,0.425,4000,0.1677500009536743,-0.2572499990463257,0.2,0.0059085715035626,9,942
Bin 1,0.425,800,0.0149999996647238,-0.4100000003352761,0.2,0.0043002171386218,9,942
Bin 2,0.425,800,0.0450000017881393,-0.3799999982118607,0.2,0.0073338930303684,9,942
Bin 3,0.425,800,0.1424999982118606,-0.2825000017881394,0.2,0.012366621869274,9,942
Bin 4,0.425,800,0.2487500011920929,-0.1762499988079071,0.2,0.0152932716344189,9,942
Bin 5,0.425,800,0.387499988079071,-0.037500011920929,0.2,0.0172351676598053,9,942
Overall,0.4375,4000,0.1712500005960464,-0.2662499994039535,0.2,0.0059573258764737,9,942
Bin 1,0.4375,800,0.0149999996647238,-0.4225000003352761,0.2,0.0043002171386218,9,942
Bin 2,0.4375,800,0.0450000017881393,-0.3924999982118606,0.2,0.0073338930303684,9,942
Bin 3,0.4375,800,0.1437499970197677,-0.2937500029802322,0.2,0.012411686333373,9,942
Bin 4,0.4375,800,0.25,-0.1875,0.2,0.0153188884889439,9,942
Bin 5,0.4375,800,0.4025000035762787,-0.0349999964237213,0.2,0.017349163294644,9,942
Overall,0.45,4000,0.1745000034570694,-0.2754999965429306,0.2,0.0060017869995747,9,942
Bin 1,0.45,800,0.0149999996647238,-0.4350000003352761,0.2,0.0043002171386218,9,942
Bin 2,0.45,800,0.0450000017881393,-0.4049999982118606,0.2,0.0073338930303684,9,942
Bin 3,0.45,800,0.1462499946355819,-0.303750005364418,0.2,0.01250085852811,9,942
Bin 4,0.45,800,0.2537499964237213,-0.1962500035762787,0.2,0.0153947212061271,9,942
Bin 5,0.45,800,0.4124999940395355,-0.0375000059604644,0.2,0.0174157626909897,9,942
Overall,0.4625,4000,0.1770000010728836,-0.2854999989271164,0.2,0.0060354662272853,9,942
Bin 1,0.4625,800,0.0149999996647238,-0.4475000003352761,0.2,0.0043002171386218,9,942
Bin 2,0.4625,800,0.0450000017881393,-0.4174999982118607,0.2,0.0073338930303684,9,942
Bin 3,0.4625,800,0.1462499946355819,-0.316250005364418,0.2,0.01250085852811,9,942
Bin 4,0.4625,800,0.2587499916553497,-0.2037500083446503,0.2,0.0154934860235851,9,942
Bin 5,0.4625,800,0.4199999868869781,-0.0425000131130218,0.2,0.0174608450674993,9,942
Overall,0.475,4000,0.1794999986886978,-0.2955000013113022,0.2,0.0060687025118698,9,942
Bin 1,0.475,800,0.0149999996647238,-0.4600000003352761,0.2,0.0043002171386218,9,942
Bin 2,0.475,800,0.0450000017881393,-0.4299999982118607,0.2,0.0073338930303684,9,942
Bin 3,0.475,800,0.1462499946355819,-0.328750005364418,0.2,0.01250085852811,9,942
Bin 4,0.475,800,0.2612499892711639,-0.2137500107288361,0.2,0.0155418779813741,9,942
Bin 5,0.475,800,0.4300000071525574,-0.0449999928474426,0.2,0.0175145211864204,9,942
Overall,0.4875,4000,0.1817499995231628,-0.3057500004768372,0.2,0.0060982402213518,9,942
Bin 1,0.4875,800,0.0149999996647238,-0.4725000003352761,0.2,0.0043002171386218,9,942
Bin 2,0.4875,800,0.0450000017881393,-0.4424999982118607,0.2,0.0073338930303684,9,942
Bin 3,0.4875,800,0.147499993443489,-0.3400000065565109,0.2,0.0125449757417887,9,942
Bin 4,0.4875,800,0.2662500143051147,-0.2212499856948853,0.2,0.0156367126052084,9,942
Bin 5,0.4875,800,0.4350000023841858,-0.0524999976158142,0.2,0.0175386218080701,9,942
Overall,0.5,4000,0.1829999983310699,-0.31700000166893,0.2,0.0061144995325903,9,942
Bin 1,0.5,800,0.0149999996647238,-0.4850000003352761,0.2,0.0043002171386218,9,942
Bin 2,0.5,800,0.0450000017881393,-0.4549999982118606,0.2,0.0073338930303684,9,942
Bin 3,0.5,800,0.147499993443489,-0.3525000065565109,0.2,0.0125449757417887,9,942
Bin 4,0.5,800,0.2662500143051147,-0.2337499856948852,0.2,0.0156367126052084,9,942
Bin 5,0.5,800,0.4412499964237213,-0.0587500035762786,0.2,0.0175661974373796,9,942
Overall,0.5125000000000001,4000,0.1835000067949295,-0.3289999932050705,0.2,0.0061209726280398,9,942
Bin 1,0.5125000000000001,800,0.0149999996647238,-0.4975000003352762,0.2,0.0043002171386218,9,942
Bin 2,0.5125000000000001,800,0.0450000017881393,-0.4674999982118607,0.2,0.0073338930303684,9,942
Bin 3,0.5125000000000001,800,0.147499993443489,-0.365000006556511,0.2,0.0125449757417887,9,942
Bin 4,0.5125000000000001,800,0.2687500119209289,-0.2437499880790711,0.2,0.0156831679153084,9,942
Bin 5,0.5125000000000001,800,0.4412499964237213,-0.0712500035762787,0.2,0.0175661974373796,9,942
Overall,0.525,4000,0.186499997973442,-0.3385000020265579,0.2,0.006159457788668,9,942
Bin 1,0.525,800,0.0149999996647238,-0.5100000003352761,0.2,0.0043002171386218,9,942
Bin 2,0.525,800,0.0450000017881393,-0.4799999982118607,0.2,0.0073338930303684,9,942
Bin 3,0.525,800,0.1487500071525573,-0.3762499928474426,0.2,0.0125887800151173,9,942
Bin 4,0.525,800,0.2750000059604645,-0.2499999940395355,0.2,0.015796539776789,9,942
Bin 5,0.525,800,0.4487499892711639,-0.076250010728836,0.2,0.0175955622004084,9,942
Overall,0.5375,4000,0.1899999976158142,-0.3475000023841857,0.2,0.0062035970711785,9,942
Bin 1,0.5375,800,0.0149999996647238,-0.5225000003352761,0.2,0.0043002171386218,9,942
Bin 2,0.5375,800,0.0450000017881393,-0.4924999982118606,0.2,0.0073338930303684,9,942
Bin 3,0.5375,800,0.1487500071525573,-0.3887499928474426,0.2,0.0125887800151173,9,942
Bin 4,0.5375,800,0.2787500023841858,-0.2587499976158142,0.2,0.0158626945238829,9,942
Bin 5,0.5375,800,0.4625000059604645,-0.0749999940395355,0.2,0.0176389102341018,9,942
Overall,0.55,4000,0.1914999932050705,-0.3585000067949295,0.2,0.0062222680663735,9,942
Bin 1,0.55,800,0.0149999996647238,-0.5350000003352762,0.2,0.0043002171386218,9,942
Bin 2,0.55,800,0.0450000017881393,-0.5049999982118607,0.2,0.0073338930303684,9,942
Bin 3,0.55,800,0.1487500071525573,-0.4012499928474426,0.2,0.0125887800151173,9,942
Bin 4,0.55,800,0.28125,-0.26875,0.2,0.0159060309671931,9,942
Bin 5,0.55,800,0.4675000011920929,-0.0824999988079071,0.2,0.0176513214273171,9,942
Overall,0.5625,4000,0.1932500004768371,-0.3692499995231628,0.2,0.0062438657847131,9,942
Bin 1,0.5625,800,0.0149999996647238,-0.5475000003352761,0.2,0.0043002171386218,9,942
Bin 2,0.5625,800,0.0450000017881393,-0.5174999982118607,0.2,0.0073338930303684,9,942
Bin 3,0.5625,800,0.1487500071525573,-0.4137499928474426,0.2,0.0125887800151173,9,942
Bin 4,0.5625,800,0.2849999964237213,-0.2775000035762787,0.2,0.0159698939793992,9,942
Bin 5,0.5625,800,0.4724999964237213,-0.0900000035762786,0.2,0.0176619550771964,9,942
Overall,0.5750000000000001,4000,0.1982499957084655,-0.3767500042915345,0.2,0.0063044957455631,9,942
Bin 1,0.5750000000000001,800,0.0149999996647238,-0.5600000003352762,0.2,0.0043002171386218,9,942
Bin 2,0.5750000000000001,800,0.0450000017881393,-0.5299999982118607,0.2,0.0073338930303684,9,942
Bin 3,0.5750000000000001,800,0.1512500047683715,-0.4237499952316285,0.2,0.0126754739751618,9,942
Bin 4,0.5750000000000001,800,0.293749988079071,-0.281250011920929,0.2,0.016113682167779,9,942
Bin 5,0.5750000000000001,800,0.4862500131130218,-0.0887499868869782,0.2,0.0176820380505118,9,942
Overall,0.5875,4000,0.199750006198883,-0.3877499938011169,0.2,0.0063223788674531,9,942
Bin 1,0.5875,800,0.0149999996647238,-0.5725000003352761,0.2,0.0043002171386218,9,942
Bin 2,0.5875,800,0.0450000017881393,-0.5424999982118607,0.2,0.0073338930303684,9,942
Bin 3,0.5875,800,0.1512500047683715,-0.4362499952316284,0.2,0.0126754739751618,9,942
Bin 4,0.5875,800,0.2949999868869781,-0.2925000131130219,0.2,0.0161336334321928,9,942
Bin 5,0.5875,800,0.4925000071525574,-0.0949999928474426,0.2,0.0176867374241208,9,942
Overall,0.6000000000000001,4000,0.2014999985694885,-0.3985000014305115,0.2,0.0063430666675199,9,942
Bin 1,0.6000000000000001,800,0.0149999996647238,-0.5850000003352762,0.2,0.0043002171386218,9,942
Bin 2,0.6000000000000001,800,0.0450000017881393,-0.5549999982118607,0.2,0.0073338930303684,9,942
Bin 3,0.6000000000000001,800,0.1537500023841858,-0.4462499976158143,0.2,0.0127609656963525,9,942
Bin 4,0.6000000000000001,800,0.2975000143051147,-0.3024999856948853,0.2,0.0161730986874672,9,942
Bin 5,0.6000000000000001,800,0.4962500035762787,-0.1037499964237214,0.2,0.0176882315299005,9,942
Overall,0.6125,4000,0.2032500058412552,-0.4092499941587448,0.2,0.0063635664523662,9,942
Bin 1,0.6125,800,0.0149999996647238,-0.5975000003352762,0.2,0.0043002171386218,9,942
Bin 2,0.6125,800,0.0450000017881393,-0.5674999982118607,0.2,0.0073338930303684,9,942
Bin 3,0.6125,800,0.1537500023841858,-0.4587499976158142,0.2,0.0127609656963525,9,942
Bin 4,0.6125,800,0.3037500083446502,-0.3087499916553498,0.2,0.016269243024619,9,942
Bin 5,0.6125,800,0.4987500011920929,-0.1137499988079071,0.2,0.0176886740718098,9,942
Overall,0.625,4000,0.2049999982118606,-0.4200000017881393,0.2,0.0063838810492886,9,942
Bin 1,0.625,800,0.0149999996647238,-0.6100000003352761,0.2,0.0043002171386218,9,942
Bin 2,0.625,800,0.0450000017881393,-0.5799999982118607,0.2,0.0073338930303684,9,942
Bin 3,0.625,800,0.1550000011920929,-0.4699999988079071,0.2,0.0128032674345317,9,942
Bin 4,0.625,800,0.3050000071525574,-0.3199999928474426,0.2,0.0162880426263973,9,942
Bin 5,0.625,800,0.5049999952316284,-0.1200000047683715,0.2,0.0176878437788942,9,942
Overall,0.6375000000000001,4000,0.2060000002384185,-0.4314999997615815,0.2,0.0063954065236715,9,942
Bin 1,0.6375000000000001,800,0.0149999996647238,-0.6225000003352762,0.2,0.0043002171386218,9,942
Bin 2,0.6375000000000001,800,0.0450000017881393,-0.5924999982118607,0.2,0.0073338930303684,9,942
Bin 3,0.6375000000000001,800,0.15625,-0.48125,0.2,0.0128452783594561,9,942
Bin 4,0.6375000000000001,800,0.3075000047683716,-0.3299999952316285,0.2,0.01632522141514,9,942
Bin 5,0.6375000000000001,800,0.5062500238418579,-0.1312499761581421,0.2,0.0176873464460817,9,942
Overall,0.65,4000,0.2062499970197677,-0.4437500029802322,0.2,0.0063982785857494,9,942
Bin 1,0.65,800,0.0149999996647238,-0.6350000003352761,0.2,0.0043002171386218,9,942
Bin 2,0.65,800,0.0450000017881393,-0.6049999982118607,0.2,0.0073338930303684,9,942
Bin 3,0.65,800,0.15625,-0.49375,0.2,0.0128452783594561,9,942
Bin 4,0.65,800,0.3075000047683716,-0.3424999952316284,0.2,0.01632522141514,9,942
Bin 5,0.65,800,0.5074999928474426,-0.1425000071525574,0.2,0.0176867374241208,9,942
Overall,0.6625000000000001,4000,0.2070000022649765,-0.4554999977350236,0.2,0.0064068721536108,9,942
Bin 1,0.6625000000000001,800,0.0149999996647238,-0.6475000003352762,0.2,0.0043002171386218,9,942
Bin 2,0.6625000000000001,800,0.0450000017881393,-0.6174999982118607,0.2,0.0073338930303684,9,942
Bin 3,0.6625000000000001,800,0.15625,-0.5062500000000001,0.2,0.0128452783594561,9,942
Bin 4,0.6625000000000001,800,0.3100000023841858,-0.3524999976158143,0.2,0.0163618354361126,9,942
Bin 5,0.6625000000000001,800,0.5087500214576721,-0.1537499785423279,0.2,0.0176860209276961,9,942
Overall,0.675,4000,0.2090000063180923,-0.4659999936819077,0.2,0.006429625765023,9,942
Bin 1,0.675,800,0.0149999996647238,-0.6600000003352762,0.2,0.0043002171386218,9,942
Bin 2,0.675,800,0.0450000017881393,-0.6299999982118607,0.2,0.0073338930303684,9,942
Bin 3,0.675,800,0.15625,-0.51875,0.2,0.0128452783594561,9,942
Bin 4,0.675,800,0.3125,-0.3625,0.2,0.0163978899576713,9,942
Bin 5,0.675,800,0.5162500143051147,-0.1587499856948853,0.2,0.0176793827990556,9,942
Overall,0.6875,4000,0.2094999998807907,-0.4780000001192093,0.2,0.0064352770596088,9,942
Bin 1,0.6875,800,0.0149999996647238,-0.6725000003352761,0.2,0.0043002171386218,9,942
Bin 2,0.6875,800,0.0450000017881393,-0.6424999982118607,0.2,0.0073338930303684,9,942
Bin 3,0.6875,800,0.1574999988079071,-0.5300000011920929,0.2,0.0128870005784683,9,942
Bin 4,0.6875,800,0.3125,-0.375,0.2,0.0163978899576713,9,942
Bin 5,0.6875,800,0.5174999833106995,-0.1700000166893005,0.2,0.0176778908006183,9,942
Overall,0.7000000000000001,4000,0.2105000019073486,-0.4894999980926514,0.2,0.0064465362969,9,942
Bin 1,0.7000000000000001,800,0.0149999996647238,-0.6850000003352762,0.2,0.0043002171386218,9,942
Bin 2,0.7000000000000001,800,0.0450000017881393,-0.6549999982118607,0.2,0.0073338930303684,9,942
Bin 3,0.7000000000000001,800,0.1587499976158142,-0.5412500023841859,0.2,0.0129284361989106,9,942
Bin 4,0.7000000000000001,800,0.3137499988079071,-0.3862500011920929,0.2,0.0164157085915504,9,942
Bin 5,0.7000000000000001,800,0.5199999809265137,-0.1800000190734864,0.2,0.0176745727899693,9,942
Overall,0.7125,4000,0.210999995470047,-0.501500004529953,0.2,0.0064521442396054,9,942
Bin 1,0.7125,800,0.0149999996647238,-0.6975000003352761,0.2,0.0043002171386218,9,942
Bin 2,0.7125,800,0.0450000017881393,-0.6674999982118607,0.2,0.0073338930303684,9,942
Bin 3,0.7125,800,0.1587499976158142,-0.5537500023841858,0.2,0.0129284361989106,9,942
Bin 4,0.7125,800,0.3137499988079071,-0.3987500011920929,0.2,0.0164157085915504,9,942
Bin 5,0.7125,800,0.5224999785423279,-0.1900000214576721,0.2,0.0176708101300685,9,942
Overall,0.7250000000000001,4000,0.2119999974966049,-0.5130000025033952,0.2,0.0064633153594875,9,942
Bin 1,0.7250000000000001,800,0.0149999996647238,-0.7100000003352762,0.2,0.0043002171386218,9,942
Bin 2,0.7250000000000001,800,0.0450000017881393,-0.6799999982118607,0.2,0.0073338930303684,9,942
Bin 3,0.7250000000000001,800,0.1587499976158142,-0.5662500023841859,0.2,0.0129284361989106,9,942
Bin 4,0.7250000000000001,800,0.3162499964237213,-0.4087500035762788,0.2,0.0164509338738646,9,942
Bin 5,0.7250000000000001,800,0.5249999761581421,-0.200000023841858,0.2,0.0176666038745871,9,942
Overall,0.7375,4000,0.2119999974966049,-0.5255000025033951,0.2,0.0064633153594875,9,942
Bin 1,0.7375,800,0.0149999996647238,-0.7225000003352762,0.2,0.0043002171386218,9,942
Bin 2,0.7375,800,0.0450000017881393,-0.6924999982118607,0.2,0.0073338930303684,9,942
Bin 3,0.7375,800,0.1587499976158142,-0.5787500023841858,0.2,0.0129284361989106,9,942
Bin 4,0.7375,800,0.3162499964237213,-0.4212500035762787,0.2,0.0164509338738646,9,942
Bin 5,0.7375,800,0.5249999761581421,-0.2125000238418579,0.2,0.0176666038745871,9,942
Overall,0.75,4000,0.2125000059604644,-0.5374999940395355,0.2,0.0064688790078803,9,942
Bin 1,0.75,800,0.0149999996647238,-0.7350000003352761,0.2,0.0043002171386218,9,942
Bin 2,0.75,800,0.0450000017881393,-0.7049999982118607,0.2,0.0073338930303684,9,942
Bin 3,0.75,800,0.1587499976158142,-0.5912500023841858,0.2,0.0129284361989106,9,942
Bin 4,0.75,800,0.3162499964237213,-0.4337500035762787,0.2,0.0164509338738646,9,942
Bin 5,0.75,800,0.5274999737739563,-0.2225000262260437,0.2,0.0176619529698539,9,942
Overall,0.7625000000000001,4000,0.213249996304512,-0.549250003695488,0.2,0.0064771983279764,9,942
Bin 1,0.7625000000000001,800,0.0149999996647238,-0.7475000003352762,0.2,0.0043002171386218,9,942
Bin 2,0.7625000000000001,800,0.0450000017881393,-0.7174999982118607,0.2,0.0073338930303684,9,942
Bin 3,0.7625000000000001,800,0.1587499976158142,-0.6037500023841859,0.2,0.0129284361989106,9,942
Bin 4,0.7625000000000001,800,0.3162499964237213,-0.4462500035762787,0.2,0.0164509338738646,9,942
Bin 5,0.7625000000000001,800,0.53125,-0.23125,0.2,0.0176541463198385,9,942
Overall,0.775,4000,0.2140000015497207,-0.5609999984502793,0.2,0.0064854846629461,9,942
Bin 1,0.775,800,0.0149999996647238,-0.7600000003352761,0.2,0.0043002171386218,9,942
Bin 2,0.775,800,0.0450000017881393,-0.7299999982118607,0.2,0.0073338930303684,9,942
Bin 3,0.775,800,0.1587499976158142,-0.6162500023841858,0.2,0.0129284361989106,9,942
Bin 4,0.775,800,0.3174999952316284,-0.4575000047683716,0.2,0.0164683384149572,9,942
Bin 5,0.775,800,0.5337499976158142,-0.2412500023841858,0.2,0.0176483858993183,9,942
Overall,0.7875000000000001,4000,0.2152500003576278,-0.5722499996423722,0.2,0.0064992248529593,9,942
Bin 1,0.7875000000000001,800,0.0149999996647238,-0.7725000003352762,0.2,0.0043002171386218,9,942
Bin 2,0.7875000000000001,800,0.0450000017881393,-0.7424999982118607,0.2,0.0073338930303684,9,942
Bin 3,0.7875000000000001,800,0.1587499976158142,-0.6287500023841859,0.2,0.0129284361989106,9,942
Bin 4,0.7875000000000001,800,0.3187499940395355,-0.4687500059604645,0.2,0.0164856080861346,9,942
Bin 5,0.7875000000000001,800,0.5387499928474426,-0.2487500071525574,0.2,0.0176355268958376,9,942
Overall,0.8,4000,0.215499997138977,-0.584500002861023,0.2,0.0065019621472351,9,942
Bin 1,0.8,800,0.0149999996647238,-0.7850000003352762,0.2,0.0043002171386218,9,942
Bin 2,0.8,800,0.0450000017881393,-0.7549999982118607,0.2,0.0073338930303684,9,942
Bin 3,0.8,800,0.1587499976158142,-0.6412500023841858,0.2,0.0129284361989106,9,942
Bin 4,0.8,800,0.3199999928474426,-0.4800000071525574,0.2,0.016502739726383,9,942
Bin 5,0.8,800,0.5387499928474426,-0.2612500071525574,0.2,0.0176355268958376,9,942
Overall,0.8125,4000,0.2157499939203262,-0.5967500060796738,0.2,0.0065046956717821,9,942
Bin 1,0.8125,800,0.0149999996647238,-0.7975000003352761,0.2,0.0043002171386218,9,942
Bin 2,0.8125,800,0.0450000017881393,-0.7674999982118607,0.2,0.0073338930303684,9,942
Bin 3,0.8125,800,0.1587499976158142,-0.6537500023841858,0.2,0.0129284361989106,9,942
Bin 4,0.8125,800,0.3199999928474426,-0.4925000071525574,0.2,0.016502739726383,9,942
Bin 5,0.8125,800,0.5400000214576721,-0.2724999785423279,0.2,0.0176320339757673,9,942
Overall,0.8250000000000001,4000,0.2160000056028366,-0.6089999943971635,0.2,0.0065074254266004,9,942
Bin 1,0.8250000000000001,800,0.0149999996647238,-0.8100000003352762,0.2,0.0043002171386218,9,942
Bin 2,0.8250000000000001,800,0.0450000017881393,-0.7799999982118607,0.2,0.0073338930303684,9,942
Bin 3,0.8250000000000001,800,0.1587499976158142,-0.6662500023841859,0.2,0.0129284361989106,9,942
Bin 4,0.8250000000000001,800,0.3199999928474426,-0.5050000071525574,0.2,0.016502739726383,9,942
Bin 5,0.8250000000000001,800,0.5412499904632568,-0.2837500095367432,0.2,0.0176284293665484,9,942
Overall,0.8375,4000,0.2162500023841858,-0.6212499976158142,0.2,0.0065101523541221,9,942
Bin 1,0.8375,800,0.0149999996647238,-0.8225000003352761,0.2,0.0043002171386218,9,942
Bin 2,0.8375,800,0.0450000017881393,-0.7924999982118607,0.2,0.0073338930303684,9,942
Bin 3,0.8375,800,0.1587499976158142,-0.6787500023841858,0.2,0.0129284361989106,9,942
Bin 4,0.8375,800,0.3212499916553497,-0.5162500083446503,0.2,0.0165197364967163,9,942
Bin 5,0.8375,800,0.5412499904632568,-0.2962500095367432,0.2,0.0176284293665484,9,942
Overall,0.8500000000000001,4000,0.2162500023841858,-0.6337499976158143,0.2,0.0065101523541221,9,942
Bin 1,0.8500000000000001,800,0.0149999996647238,-0.8350000003352762,0.2,0.0043002171386218,9,942
Bin 2,0.8500000000000001,800,0.0450000017881393,-0.8049999982118607,0.2,0.0073338930303684,9,942
Bin 3,0.8500000000000001,800,0.1587499976158142,-0.6912500023841859,0.2,0.0129284361989106,9,942
Bin 4,0.8500000000000001,800,0.3212499916553497,-0.5287500083446504,0.2,0.0165197364967163,9,942
Bin 5,0.8500000000000001,800,0.5412499904632568,-0.3087500095367432,0.2,0.0176284293665484,9,942
Overall,0.8625,4000,0.2167499959468841,-0.6457500040531159,0.2,0.0065155948999794,9,942
Bin 1,0.8625,800,0.0149999996647238,-0.8475000003352762,0.2,0.0043002171386218,9,942
Bin 2,0.8625,800,0.0450000017881393,-0.8174999982118607,0.2,0.0073338930303684,9,942
Bin 3,0.8625,800,0.1599999964237213,-0.7025000035762787,0.2,0.012969590489139,9,942
Bin 4,0.8625,800,0.3212499916553497,-0.5412500083446503,0.2,0.0165197364967163,9,942
Bin 5,0.8625,800,0.5425000190734863,-0.3199999809265137,0.2,0.0176247120145097,9,942
Overall,0.875,4000,0.2167499959468841,-0.6582500040531158,0.2,0.0065155948999794,9,942
Bin 1,0.875,800,0.0149999996647238,-0.8600000003352761,0.2,0.0043002171386218,9,942
Bin 2,0.875,800,0.0450000017881393,-0.8299999982118607,0.2,0.0073338930303684,9,942
Bin 3,0.875,800,0.1599999964237213,-0.7150000035762787,0.2,0.012969590489139,9,942
Bin 4,0.875,800,0.3212499916553497,-0.5537500083446503,0.2,0.0165197364967163,9,942
Bin 5,0.875,800,0.5425000190734863,-0.3324999809265136,0.2,0.0176247120145097,9,942
Overall,0.8875000000000001,4000,0.2169999927282333,-0.6705000072717667,0.2,0.0065183105183149,9,942
Bin 1,0.8875000000000001,800,0.0149999996647238,-0.8725000003352762,0.2,0.0043002171386218,9,942
Bin 2,0.8875000000000001,800,0.0450000017881393,-0.8424999982118607,0.2,0.0073338930303684,9,942
Bin 3,0.8875000000000001,800,0.1599999964237213,-0.7275000035762788,0.2,0.012969590489139,9,942
Bin 4,0.8875000000000001,800,0.3224999904632568,-0.5650000095367432,0.2,0.0165365962897918,9,942
Bin 5,0.8875000000000001,800,0.5425000190734863,-0.3449999809265137,0.2,0.0176247120145097,9,942
Overall,0.9,4000,0.2169999927282333,-0.6830000072717667,0.2,0.0065183105183149,9,942
Bin 1,0.9,800,0.0149999996647238,-0.8850000003352761,0.2,0.0043002171386218,9,942
Bin 2,0.9,800,0.0450000017881393,-0.8549999982118607,0.2,0.0073338930303684,9,942
Bin 3,0.9,800,0.1599999964237213,-0.7400000035762787,0.2,0.012969590489139,9,942
Bin 4,0.9,800,0.3224999904632568,-0.5775000095367432,0.2,0.0165365962897918,9,942
Bin 5,0.9,800,0.5425000190734863,-0.3574999809265137,0.2,0.0176247120145097,9,942
Overall,0.9125,4000,0.2169999927282333,-0.6955000072717668,0.2,0.0065183105183149,9,942
Bin 1,0.9125,800,0.0149999996647238,-0.8975000003352762,0.2,0.0043002171386218,9,942
Bin 2,0.9125,800,0.0450000017881393,-0.8674999982118607,0.2,0.0073338930303684,9,942
Bin 3,0.9125,800,0.1599999964237213,-0.7525000035762788,0.2,0.012969590489139,9,942
Bin 4,0.9125,800,0.3224999904632568,-0.5900000095367433,0.2,0.0165365962897918,9,942
Bin 5,0.9125,800,0.5425000190734863,-0.3699999809265137,0.2,0.0176247120145097,9,942
Overall,0.925,4000,0.2169999927282333,-0.7080000072717667,0.2,0.0065183105183149,9,942
Bin 1,0.925,800,0.0149999996647238,-0.9100000003352762,0.2,0.0043002171386218,9,942
Bin 2,0.925,800,0.0450000017881393,-0.8799999982118607,0.2,0.0073338930303684,9,942
Bin 3,0.925,800,0.1599999964237213,-0.7650000035762787,0.2,0.012969590489139,9,942
Bin 4,0.925,800,0.3224999904632568,-0.6025000095367432,0.2,0.0165365962897918,9,942
Bin 5,0.925,800,0.5425000190734863,-0.3824999809265137,0.2,0.0176247120145097,9,942
Overall,0.9375,4000,0.2169999927282333,-0.7205000072717667,0.2,0.0065183105183149,9,942
Bin 1,0.9375,800,0.0149999996647238,-0.922500000335276,0.2,0.0043002171386218,9,942
Bin 2,0.9375,800,0.0450000017881393,-0.8924999982118607,0.2,0.0073338930303684,9,942
Bin 3,0.9375,800,0.1599999964237213,-0.7775000035762787,0.2,0.012969590489139,9,942
Bin 4,0.9375,800,0.3224999904632568,-0.6150000095367432,0.2,0.0165365962897918,9,942
Bin 5,0.9375,800,0.5425000190734863,-0.3949999809265136,0.2,0.0176247120145097,9,942
Overall,0.95,4000,0.2169999927282333,-0.7330000072717667,0.2,0.0065183105183149,9,942
Bin 1,0.95,800,0.0149999996647238,-0.9350000003352762,0.2,0.0043002171386218,9,942
Bin 2,0.95,800,0.0450000017881393,-0.9049999982118608,0.2,0.0073338930303684,9,942
Bin 3,0.95,800,0.1599999964237213,-0.7900000035762788,0.2,0.012969590489139,9,942
Bin 4,0.95,800,0.3224999904632568,-0.6275000095367432,0.2,0.0165365962897918,9,942
Bin 5,0.95,800,0.5425000190734863,-0.4074999809265137,0.2,0.0176247120145097,9,942
Overall,0.9625,4000,0.2169999927282333,-0.7455000072717667,0.2,0.0065183105183149,9,942
Bin 1,0.9625,800,0.0149999996647238,-0.947500000335276,0.2,0.0043002171386218,9,942
Bin 2,0.9625,800,0.0450000017881393,-0.9174999982118608,0.2,0.0073338930303684,9,942
Bin 3,0.9625,800,0.1599999964237213,-0.8025000035762787,0.2,0.012969590489139,9,942
Bin 4,0.9625,800,0.3224999904632568,-0.6400000095367432,0.2,0.0165365962897918,9,942
Bin 5,0.9625,800,0.5425000190734863,-0.4199999809265137,0.2,0.0176247120145097,9,942
Overall,0.975,4000,0.2169999927282333,-0.7580000072717668,0.2,0.0065183105183149,9,942
Bin 1,0.975,800,0.0149999996647238,-0.9600000003352762,0.2,0.0043002171386218,9,942
Bin 2,0.975,800,0.0450000017881393,-0.9299999982118607,0.2,0.0073338930303684,9,942
Bin 3,0.975,800,0.1599999964237213,-0.8150000035762788,0.2,0.012969590489139,9,942
Bin 4,0.975,800,0.3224999904632568,-0.6525000095367433,0.2,0.0165365962897918,9,942
Bin 5,0.975,800,0.5425000190734863,-0.4324999809265137,0.2,0.0176247120145097,9,942
Overall,0.9875,4000,0.2169999927282333,-0.7705000072717667,0.2,0.0065183105183149,9,942
Bin 1,0.9875,800,0.0149999996647238,-0.9725000003352762,0.2,0.0043002171386218,9,942
Bin 2,0.9875,800,0.0450000017881393,-0.9424999982118608,0.2,0.0073338930303684,9,942
Bin 3,0.9875,800,0.1599999964237213,-0.8275000035762787,0.2,0.012969590489139,9,942
Bin 4,0.9875,800,0.3224999904632568,-0.6650000095367432,0.2,0.0165365962897918,9,942
Bin 5,0.9875,800,0.5425000190734863,-0.4449999809265137,0.2,0.0176247120145097,9,942
Overall,1.0,4000,0.2169999927282333,-0.7830000072717667,0.2,0.0065183105183149,9,942
Bin 1,1.0,800,0.0149999996647238,-0.985000000335276,0.2,0.0043002171386218,9,942
Bin 2,1.0,800,0.0450000017881393,-0.9549999982118608,0.2,0.0073338930303684,9,942
Bin 3,1.0,800,0.1599999964237213,-0.8400000035762787,0.2,0.012969590489139,9,942
Bin 4,1.0,800,0.3224999904632568,-0.6775000095367432,0.2,0.0165365962897918,9,942
Bin 5,1.0,800,0.5425000190734863,-0.4574999809265136,0.2,0.0176247120145097,9,942
Overall,0.0,4000,0.0,0.0,0.2,0.0,10,1042
Bin 1,0.0,800,0.0,0.0,0.2,0.0,10,1042
Bin 2,0.0,800,0.0,0.0,0.2,0.0,10,1042
Bin 3,0.0,800,0.0,0.0,0.2,0.0,10,1042
Bin 4,0.0,800,0.0,0.0,0.2,0.0,10,1042
Bin 5,0.0,800,0.0,0.0,0.2,0.0,10,1042
Overall,0.0125,4000,0.0040000001899898,-0.0084999998100101,0.2,0.0009981226212479,10,1042
Bin 1,0.0125,800,0.0024999999441206,-0.0100000000558793,0.2,0.0017666603611169,10,1042
Bin 2,0.0125,800,0.0037499999161809,-0.008750000083819,0.2,0.0021623520970944,10,1042
Bin 3,0.0125,800,0.0037499999161809,-0.008750000083819,0.2,0.0021623519653855,10,1042
Bin 4,0.0125,800,0.0037499999161809,-0.008750000083819,0.2,0.0021623519653855,10,1042
Bin 5,0.0125,800,0.0062500000931322,-0.0062499999068677,0.2,0.0027880793566108,10,1042
Overall,0.025,4000,0.0080000003799796,-0.0169999996200203,0.2,0.0014087215925751,10,1042
Bin 1,0.025,800,0.0024999999441206,-0.0225000000558793,0.2,0.0017666603611169,10,1042
Bin 2,0.025,800,0.0049999998882412,-0.0200000001117587,0.2,0.0024953017953272,10,1042
Bin 3,0.025,800,0.0049999998882412,-0.0200000001117587,0.2,0.002495302058745,10,1042
Bin 4,0.025,800,0.0137499999254941,-0.0112500000745058,0.2,0.0041197556602636,10,1042
Bin 5,0.025,800,0.0137499999254941,-0.0112500000745058,0.2,0.0041197556602636,10,1042
Overall,0.0375,4000,0.0120000001043081,-0.0254999998956918,0.2,0.0017218423293221,10,1042
Bin 1,0.0375,800,0.0024999999441206,-0.0350000000558793,0.2,0.0017666603611169,10,1042
Bin 2,0.0375,800,0.0074999998323619,-0.030000000167638,0.2,0.0030522671300426,10,1042
Bin 3,0.0375,800,0.0099999997764825,-0.0275000002235174,0.2,0.0035200125913987,10,1042
Bin 4,0.0375,800,0.0199999995529651,-0.0175000004470348,0.2,0.0049528442290735,10,1042
Bin 5,0.0375,800,0.0199999995529651,-0.0175000004470348,0.2,0.0049528442290735,10,1042
Overall,0.05,4000,0.0175000000745058,-0.0324999999254942,0.2,0.0020735265663725,10,1042
Bin 1,0.05,800,0.0024999999441206,-0.0475000000558793,0.2,0.0017666603611169,10,1042
Bin 2,0.05,800,0.0137499999254941,-0.0362500000745058,0.2,0.0041197556602636,10,1042
Bin 3,0.05,800,0.0162499994039535,-0.0337500005960464,0.2,0.0044729665339558,10,1042
Bin 4,0.05,800,0.0287500005215406,-0.0212499994784593,0.2,0.0059116813448471,10,1042
Bin 5,0.05,800,0.0262499991804361,-0.0237500008195638,0.2,0.0056560733526831,10,1042
Overall,0.0625,4000,0.0257500000298023,-0.0367499999701976,0.2,0.002504656069396,10,1042
Bin 1,0.0625,800,0.0024999999441206,-0.0600000000558793,0.2,0.0017666603611169,10,1042
Bin 2,0.0625,800,0.0162499994039535,-0.0462500005960464,0.2,0.0044729665339558,10,1042
Bin 3,0.0625,800,0.0225000008940696,-0.0399999991059303,0.2,0.0052465798409073,10,1042
Bin 4,0.0625,800,0.0474999994039535,-0.0150000005960464,0.2,0.0075249900025305,10,1042
Bin 5,0.0625,800,0.0399999991059303,-0.0225000008940696,0.2,0.0069325375482045,10,1042
Overall,0.075,4000,0.0327499993145465,-0.0422500006854534,0.2,0.002814487717824,10,1042
Bin 1,0.075,800,0.0024999999441206,-0.0725000000558793,0.2,0.0017666603611169,10,1042
Bin 2,0.075,800,0.0225000008940696,-0.0524999991059303,0.2,0.0052465787872361,10,1042
Bin 3,0.075,800,0.0287500005215406,-0.0462499994784593,0.2,0.0059116818716827,10,1042
Bin 4,0.075,800,0.0575000010430812,-0.0174999989569187,0.2,0.0082357133626409,10,1042
Bin 5,0.075,800,0.0524999983608722,-0.0225000016391277,0.2,0.0078903425930252,10,1042
Overall,0.0875,4000,0.0419999994337558,-0.0455000005662441,0.2,0.0031719894709366,10,1042
Bin 1,0.0875,800,0.0024999999441206,-0.0850000000558793,0.2,0.0017666603611169,10,1042
Bin 2,0.0875,800,0.025000000372529,-0.0624999996274709,0.2,0.0055233039310109,10,1042
Bin 3,0.0875,800,0.0412500016391277,-0.0462499983608722,0.2,0.0070354401325151,10,1042
Bin 4,0.0875,800,0.067500002682209,-0.0199999973177909,0.2,0.0088757069352515,10,1042
Bin 5,0.0875,800,0.0737499967217445,-0.0137500032782554,0.2,0.0092463789848639,10,1042
Overall,0.1,4000,0.0497500002384185,-0.0502499997615814,0.2,0.0034382687364961,10,1042
Bin 1,0.1,800,0.0024999999441206,-0.0975000000558793,0.2,0.0017666603611169,10,1042
Bin 2,0.1,800,0.0274999998509883,-0.0725000001490116,0.2,0.0057854589092555,10,1042
Bin 3,0.1,800,0.050000000745058,-0.0499999992549419,0.2,0.00771033761772,10,1042
Bin 4,0.1,800,0.0787499994039535,-0.0212500005960464,0.2,0.0095288534856112,10,1042
Bin 5,0.1,800,0.0900000035762786,-0.0099999964237213,0.2,0.0101243821330429,10,1042
Overall,0.1125,4000,0.0575000010430812,-0.0549999989569187,0.2,0.0036812805294957,10,1042
Bin 1,0.1125,800,0.0024999999441206,-0.1100000000558793,0.2,0.0017666603611169,10,1042
Bin 2,0.1125,800,0.0337500013411045,-0.0787499986588955,0.2,0.0063886377365275,10,1042
Bin 3,0.1125,800,0.0587499998509883,-0.0537500001490116,0.2,0.0083192289234721,10,1042
Bin 4,0.1125,800,0.0912500023841857,-0.0212499976158142,0.2,0.0101874443551273,10,1042
Bin 5,0.1125,800,0.1012500002980232,-0.0112499997019767,0.2,0.0106719455595267,10,1042
Overall,0.125,4000,0.0625,-0.0625,0.2,0.0038278061155919,10,1042
Bin 1,0.125,800,0.0024999999441206,-0.1225000000558793,0.2,0.0017666603611169,10,1042
Bin 2,0.125,800,0.0337500013411045,-0.0912499986588954,0.2,0.0063886377365275,10,1042
Bin 3,0.125,800,0.067500002682209,-0.0574999973177909,0.2,0.0088757058815803,10,1042
Bin 4,0.125,800,0.098750002682209,-0.0262499973177909,0.2,0.010554017623722,10,1042
Bin 5,0.125,800,0.1099999994039535,-0.0150000005960464,0.2,0.0110692428270147,10,1042
Overall,0.1375,4000,0.0702499970793724,-0.0672500029206276,0.2,0.0040413885788106,10,1042
Bin 1,0.1375,800,0.0024999999441206,-0.1350000000558793,0.2,0.0017666603611169,10,1042
Bin 2,0.1375,800,0.0350000001490116,-0.1024999998509884,0.2,0.0065016603060011,10,1042
Bin 3,0.1375,800,0.0737499967217445,-0.0637500032782554,0.2,0.0092463789848639,10,1042
Bin 4,0.1375,800,0.1087500005960464,-0.0287499994039535,0.2,0.0110138966392214,10,1042
Bin 5,0.1375,800,0.1312499940395355,-0.0062500059604644,0.2,0.0119460321459565,10,1042
Overall,0.15,4000,0.0752499997615814,-0.0747500002384186,0.2,0.0041714757915534,10,1042
Bin 1,0.15,800,0.0024999999441206,-0.1475000000558793,0.2,0.0017666603611169,10,1042
Bin 2,0.15,800,0.0350000001490116,-0.1149999998509884,0.2,0.0065016603060011,10,1042
Bin 3,0.15,800,0.0812499970197677,-0.0687500029802322,0.2,0.0096657812207246,10,1042
Bin 4,0.15,800,0.1212500035762786,-0.0287499964237213,0.2,0.0115478234528695,10,1042
Bin 5,0.15,800,0.1362500041723251,-0.0137499958276748,0.2,0.0121363715285165,10,1042
Overall,0.1625,4000,0.0810000002384185,-0.0814999997615814,0.2,0.0043144413400779,10,1042
Bin 1,0.1625,800,0.0024999999441206,-0.1600000000558793,0.2,0.0017666603611169,10,1042
Bin 2,0.1625,800,0.0387500002980232,-0.1237499997019767,0.2,0.0068277973612989,10,1042
Bin 3,0.1625,800,0.0874999985098838,-0.0750000014901161,0.2,0.0099964790918669,10,1042
Bin 4,0.1625,800,0.1299999952316284,-0.0325000047683715,0.2,0.0118975601091553,10,1042
Bin 5,0.1625,800,0.1462499946355819,-0.016250005364418,0.2,0.0125008595817812,10,1042
Overall,0.175,4000,0.0862499997019767,-0.0887500002980232,0.2,0.0044393310393311,10,1042
Bin 1,0.175,800,0.0024999999441206,-0.1725000000558793,0.2,0.0017666603611169,10,1042
Bin 2,0.175,800,0.0425000004470348,-0.1324999995529651,0.2,0.0071365851932427,10,1042
Bin 3,0.175,800,0.0962499976158142,-0.0787500023841858,0.2,0.0104340065799297,10,1042
Bin 4,0.175,800,0.1375000029802322,-0.0374999970197677,0.2,0.0121830913100909,10,1042
Bin 5,0.175,800,0.1525000035762787,-0.0224999964237213,0.2,0.0127183678765626,10,1042
Overall,0.1875,4000,0.0900000035762786,-0.0974999964237213,0.2,0.0045254966713977,10,1042
Bin 1,0.1875,800,0.0024999999441206,-0.1850000000558793,0.2,0.0017666603611169,10,1042
Bin 2,0.1875,800,0.0437499992549419,-0.143750000745058,0.2,0.007236047014208,10,1042
Bin 3,0.1875,800,0.1024999991059303,-0.0850000008940696,0.2,0.0107301493036491,10,1042
Bin 4,0.1875,800,0.1387500017881393,-0.0487499982118606,0.2,0.0122294728632059,10,1042
Bin 5,0.1875,800,0.1624999940395355,-0.0250000059604644,0.2,0.0130510571862969,10,1042
Overall,0.2,4000,0.0939999967813491,-0.1060000032186508,0.2,0.0046147940056086,10,1042
Bin 1,0.2,800,0.0024999999441206,-0.1975000000558793,0.2,0.0017666603611169,10,1042
Bin 2,0.2,800,0.0437499992549419,-0.156250000745058,0.2,0.007236047014208,10,1042
Bin 3,0.2,800,0.1075000017881393,-0.0924999982118606,0.2,0.0109580931581217,10,1042
Bin 4,0.2,800,0.1400000005960464,-0.0599999994039535,0.2,0.0122755182952041,10,1042
Bin 5,0.2,800,0.1762499958276748,-0.0237500041723251,0.2,0.0134799677511817,10,1042
Overall,0.2125,4000,0.0984999984502792,-0.1140000015497207,0.2,0.0047122169901021,10,1042
Bin 1,0.2125,800,0.0024999999441206,-0.2100000000558793,0.2,0.0017666603611169,10,1042
Bin 2,0.2125,800,0.0437499992549419,-0.168750000745058,0.2,0.007236047014208,10,1042
Bin 3,0.2125,800,0.1112499982118606,-0.1012500017881393,0.2,0.0111241390972001,10,1042
Bin 4,0.2125,800,0.1500000059604644,-0.0624999940395355,0.2,0.0126322787237942,10,1042
Bin 5,0.2125,800,0.1850000023841858,-0.0274999976158142,0.2,0.0137369802870723,10,1042
Overall,0.225,4000,0.1014999970793724,-0.1235000029206276,0.2,0.0047754730382302,10,1042
Bin 1,0.225,800,0.0024999999441206,-0.2225000000558793,0.2,0.0017666603611169,10,1042
Bin 2,0.225,800,0.0437499992549419,-0.181250000745058,0.2,0.007236047014208,10,1042
Bin 3,0.225,800,0.1124999970197677,-0.1125000029802322,0.2,0.0111785907181338,10,1042
Bin 4,0.225,800,0.1537500023841858,-0.0712499976158142,0.2,0.0127609646426813,10,1042
Bin 5,0.225,800,0.1949999928474426,-0.0300000071525573,0.2,0.0140165740507239,10,1042
Overall,0.2375,4000,0.1057500019669532,-0.1317499980330467,0.2,0.0048628845656429,10,1042
Bin 1,0.2375,800,0.0024999999441206,-0.2350000000558793,0.2,0.0017666603611169,10,1042
Bin 2,0.2375,800,0.0437499992549419,-0.193750000745058,0.2,0.007236047014208,10,1042
Bin 3,0.2375,800,0.1187499985098838,-0.1187500014901161,0.2,0.0114443993013086,10,1042
Bin 4,0.2375,800,0.1599999964237213,-0.0775000035762787,0.2,0.012969590489139,10,1042
Bin 5,0.2375,800,0.2037499994039535,-0.0337500005960464,0.2,0.0142495154677588,10,1042
Overall,0.25,4000,0.1097500026226043,-0.1402499973773956,0.2,0.0049429083671723,10,1042
Bin 1,0.25,800,0.0024999999441206,-0.2475000000558793,0.2,0.0017666603611169,10,1042
Bin 2,0.25,800,0.0450000017881393,-0.2049999982118606,0.2,0.0073338925035328,10,1042
Bin 3,0.25,800,0.1225000023841857,-0.1274999976158142,0.2,0.0115989380970723,10,1042
Bin 4,0.25,800,0.1675000041723251,-0.0824999958276748,0.2,0.013210708394785,10,1042
Bin 5,0.25,800,0.2112500071525573,-0.0387499928474426,0.2,0.0144409137898877,10,1042
Overall,0.2625,4000,0.1137500032782554,-0.1487499967217445,0.2,0.0050208597603312,10,1042
Bin 1,0.2625,800,0.0024999999441206,-0.2600000000558793,0.2,0.0017666603611169,10,1042
Bin 2,0.2625,800,0.0450000017881393,-0.2174999982118606,0.2,0.0073338925035328,10,1042
Bin 3,0.2625,800,0.1287499964237213,-0.1337500035762787,0.2,0.011848725609457,10,1042
Bin 4,0.2625,800,0.1737499982118606,-0.0887500017881393,0.2,0.0134043183727895,10,1042
Bin 5,0.2625,800,0.21875,-0.04375,0.2,0.0146249922581014,10,1042
Overall,0.275,4000,0.1202500015497207,-0.1547499984502792,0.2,0.0051433552106233,10,1042
Bin 1,0.275,800,0.0024999999441206,-0.2725000000558794,0.2,0.0017666603611169,10,1042
Bin 2,0.275,800,0.0450000017881393,-0.2299999982118606,0.2,0.0073338925035328,10,1042
Bin 3,0.275,800,0.1337500065565109,-0.1412499934434891,0.2,0.012041902528593,10,1042
Bin 4,0.275,800,0.1850000023841858,-0.0899999976158142,0.2,0.0137369802870723,10,1042
Bin 5,0.275,800,0.2349999994039535,-0.0400000005960464,0.2,0.0150000001647544,10,1042
Overall,0.2875,4000,0.1260000020265579,-0.1614999979734421,0.2,0.0052476551227566,10,1042
Bin 1,0.2875,800,0.0024999999441206,-0.2850000000558794,0.2,0.0017666603611169,10,1042
Bin 2,0.2875,800,0.0450000017881393,-0.2424999982118607,0.2,0.0073338925035328,10,1042
Bin 3,0.2875,800,0.1437499970197677,-0.1437500029802322,0.2,0.012411686333373,10,1042
Bin 4,0.2875,800,0.1987500041723251,-0.0887499958276749,0.2,0.0141177085747394,10,1042
Bin 5,0.2875,800,0.2399999946355819,-0.047500005364418,0.2,0.0151091162482066,10,1042
Overall,0.3,4000,0.1315000057220459,-0.1684999942779541,0.2,0.0053440692335981,10,1042
Bin 1,0.3,800,0.0024999999441206,-0.2975000000558794,0.2,0.0017666603611169,10,1042
Bin 2,0.3,800,0.0462500005960464,-0.2537499994039536,0.2,0.0074301880425037,10,1042
Bin 3,0.3,800,0.1487500071525573,-0.1512499928474426,0.2,0.0125887800151173,10,1042
Bin 4,0.3,800,0.2074999958276748,-0.0925000041723251,0.2,0.0143461487083533,10,1042
Bin 5,0.3,800,0.2524999976158142,-0.0475000023841858,0.2,0.0153696111674555,10,1042
Overall,0.3125,4000,0.1377499997615814,-0.1747500002384185,0.2,0.0054498765660083,10,1042
Bin 1,0.3125,800,0.0024999999441206,-0.3100000000558793,0.2,0.0017666603611169,10,1042
Bin 2,0.3125,800,0.050000000745058,-0.2624999992549419,0.2,0.00771033761772,10,1042
Bin 3,0.3125,800,0.15625,-0.15625,0.2,0.0128452783594561,10,1042
Bin 4,0.3125,800,0.2137500047683715,-0.0987499952316284,0.2,0.0145030719620715,10,1042
Bin 5,0.3125,800,0.2662500143051147,-0.0462499856948852,0.2,0.0156367126052084,10,1042
Overall,0.325,4000,0.1412499994039535,-0.1837500005960464,0.2,0.0055074671830679,10,1042
Bin 1,0.325,800,0.0024999999441206,-0.3225000000558793,0.2,0.0017666603611169,10,1042
Bin 2,0.325,800,0.050000000745058,-0.2749999992549419,0.2,0.00771033761772,10,1042
Bin 3,0.325,800,0.1599999964237213,-0.1650000035762787,0.2,0.012969590489139,10,1042
Bin 4,0.325,800,0.2175000011920929,-0.1074999988079071,0.2,0.0145948098462116,10,1042
Bin 5,0.325,800,0.2762500047683716,-0.0487499952316284,0.2,0.0158187458975982,10,1042
Overall,0.3375,4000,0.1449999958276748,-0.1925000041723251,0.2,0.0055678987619433,10,1042
Bin 1,0.3375,800,0.0024999999441206,-0.3350000000558794,0.2,0.0017666603611169,10,1042
Bin 2,0.3375,800,0.050000000745058,-0.2874999992549419,0.2,0.00771033761772,10,1042
Bin 3,0.3375,800,0.1624999940395355,-0.1750000059604645,0.2,0.0130510571862969,10,1042
Bin 4,0.3375,800,0.2275000065565109,-0.1099999934434891,0.2,0.0148308669690226,10,1042
Bin 5,0.3375,800,0.2824999988079071,-0.0550000011920929,0.2,0.0159274700153593,10,1042
Overall,0.35,4000,0.148499995470047,-0.201500004529953,0.2,0.005623152618405,10,1042
Bin 1,0.35,800,0.0024999999441206,-0.3475000000558794,0.2,0.0017666603611169,10,1042
Bin 2,0.35,800,0.050000000745058,-0.299999999254942,0.2,0.00771033761772,10,1042
Bin 3,0.35,800,0.1675000041723251,-0.1824999958276749,0.2,0.013210708394785,10,1042
Bin 4,0.35,800,0.2312500029802322,-0.1187499970197678,0.2,0.0149162638598041,10,1042
Bin 5,0.35,800,0.2912499904632568,-0.0587500095367432,0.2,0.0160733392043843,10,1042
Overall,0.3625,4000,0.1519999951124191,-0.2105000048875809,0.2,0.0056773283324492,10,1042
Bin 1,0.3625,800,0.0024999999441206,-0.3600000000558794,0.2,0.0017666603611169,10,1042
Bin 2,0.3625,800,0.050000000745058,-0.312499999254942,0.2,0.00771033761772,10,1042
Bin 3,0.3625,800,0.1749999970197677,-0.1875000029802322,0.2,0.0134422695025311,10,1042
Bin 4,0.3625,800,0.2337500005960464,-0.1287499994039536,0.2,0.0149722706994478,10,1042
Bin 5,0.3625,800,0.2987500131130218,-0.0637499868869782,0.2,0.0161926147856702,10,1042
Overall,0.375,4000,0.15625,-0.21875,0.2,0.0057417091733879,10,1042
Bin 1,0.375,800,0.0024999999441206,-0.3725000000558793,0.2,0.0017666603611169,10,1042
Bin 2,0.375,800,0.0512499995529651,-0.3237500004470348,0.2,0.0078009844253192,10,1042
Bin 3,0.375,800,0.1774999946355819,-0.197500005364418,0.2,0.0135174183870973,10,1042
Bin 4,0.375,800,0.2387499958276748,-0.1362500041723251,0.2,0.0150821053866672,10,1042
Bin 5,0.375,800,0.3112500011920929,-0.0637499988079071,0.2,0.0163799332928632,10,1042
Overall,0.3875,4000,0.1620000004768371,-0.2254999995231628,0.2,0.0058264470206971,10,1042
Bin 1,0.3875,800,0.0024999999441206,-0.3850000000558793,0.2,0.0017666603611169,10,1042
Bin 2,0.3875,800,0.0512499995529651,-0.3362500004470348,0.2,0.0078009844253192,10,1042
Bin 3,0.3875,800,0.1837500035762787,-0.2037499964237213,0.2,0.0137009879321153,10,1042
Bin 4,0.3875,800,0.2437500059604644,-0.1437499940395355,0.2,0.0151890856785712,10,1042
Bin 5,0.3875,800,0.3287500143051147,-0.0587499856948852,0.2,0.016618876421126,10,1042
Overall,0.4,4000,0.1634999960660934,-0.2365000039339065,0.2,0.005848118248747,10,1042
Bin 1,0.4,800,0.0024999999441206,-0.3975000000558794,0.2,0.0017666603611169,10,1042
Bin 2,0.4,800,0.0512499995529651,-0.3487500004470348,0.2,0.0078009844253192,10,1042
Bin 3,0.4,800,0.1837500035762787,-0.2162499964237213,0.2,0.0137009879321153,10,1042
Bin 4,0.4,800,0.2462500035762787,-0.1537499964237213,0.2,0.0152415237338173,10,1042
Bin 5,0.4,800,0.3337500095367431,-0.0662499904632568,0.2,0.016682297945094,10,1042
Overall,0.4125,4000,0.1657499969005584,-0.2467500030994415,0.2,0.0058802957107738,10,1042
Bin 1,0.4125,800,0.0024999999441206,-0.4100000000558794,0.2,0.0017666603611169,10,1042
Bin 2,0.4125,800,0.0512499995529651,-0.3612500004470348,0.2,0.0078009844253192,10,1042
Bin 3,0.4125,800,0.1850000023841858,-0.2274999976158142,0.2,0.0137369802870723,10,1042
Bin 4,0.4125,800,0.2512499988079071,-0.1612500011920929,0.2,0.0153443346487323,10,1042
Bin 5,0.4125,800,0.3387500047683716,-0.0737499952316284,0.2,0.016743610019294,10,1042
Overall,0.425,4000,0.1689999997615814,-0.2560000002384186,0.2,0.0059260889617656,10,1042
Bin 1,0.425,800,0.0024999999441206,-0.4225000000558794,0.2,0.0017666603611169,10,1042
Bin 2,0.425,800,0.0512499995529651,-0.3737500004470349,0.2,0.0078009844253192,10,1042
Bin 3,0.425,800,0.1924999952316284,-0.2325000047683716,0.2,0.0139480411677028,10,1042
Bin 4,0.425,800,0.2524999976158142,-0.1725000023841858,0.2,0.0153696111674555,10,1042
Bin 5,0.425,800,0.3462499976158142,-0.0787500023841858,0.2,0.0168316748055863,10,1042
Overall,0.4375,4000,0.1710000038146972,-0.2664999961853027,0.2,0.0059538742186032,10,1042
Bin 1,0.4375,800,0.0024999999441206,-0.4350000000558793,0.2,0.0017666603611169,10,1042
Bin 2,0.4375,800,0.0512499995529651,-0.3862500004470348,0.2,0.0078009844253192,10,1042
Bin 3,0.4375,800,0.1924999952316284,-0.2450000047683715,0.2,0.0139480411677028,10,1042
Bin 4,0.4375,800,0.2574999928474426,-0.1800000071525573,0.2,0.0154690429587912,10,1042
Bin 5,0.4375,800,0.3512499928474426,-0.0862500071525573,0.2,0.0168878144078028,10,1042
Overall,0.45,4000,0.1732500046491623,-0.2767499953508377,0.2,0.0059847775123185,10,1042
Bin 1,0.45,800,0.0024999999441206,-0.4475000000558793,0.2,0.0017666603611169,10,1042
Bin 2,0.45,800,0.0524999983608722,-0.3975000016391277,0.2,0.0078903425930252,10,1042
Bin 3,0.45,800,0.1949999928474426,-0.2550000071525574,0.2,0.0140165740507239,10,1042
Bin 4,0.45,800,0.2599999904632568,-0.1900000095367431,0.2,0.0155177647156698,10,1042
Bin 5,0.45,800,0.356249988079071,-0.0937500119209289,0.2,0.0169419214782499,10,1042
Overall,0.4625,4000,0.1774999946355819,-0.285000005364418,0.2,0.0060421490138955,10,1042
Bin 1,0.4625,800,0.0024999999441206,-0.4600000000558794,0.2,0.0017666603611169,10,1042
Bin 2,0.4625,800,0.0524999983608722,-0.4100000016391277,0.2,0.0078903425930252,10,1042
Bin 3,0.4625,800,0.197500005364418,-0.264999994635582,0.2,0.014084215527899,10,1042
Bin 4,0.4625,800,0.2675000131130218,-0.1949999868869781,0.2,0.015660019812435,10,1042
Bin 5,0.4625,800,0.3675000071525574,-0.0949999928474426,0.2,0.0170563280448615,10,1042
Overall,0.475,4000,0.1812500059604644,-0.2937499940395355,0.2,0.0060917063390265,10,1042
Bin 1,0.475,800,0.0024999999441206,-0.4725000000558794,0.2,0.0017666603611169,10,1042
Bin 2,0.475,800,0.0524999983608722,-0.4225000016391277,0.2,0.0078903425930252,10,1042
Bin 3,0.475,800,0.1987500041723251,-0.2762499958276749,0.2,0.0141177085747394,10,1042
Bin 4,0.475,800,0.2737500071525574,-0.2012499928474426,0.2,0.0157741777126404,10,1042
Bin 5,0.475,800,0.3787499964237213,-0.0962500035762787,0.2,0.0171607447547048,10,1042
Overall,0.4875,4000,0.1852499991655349,-0.302250000834465,0.2,0.0061434962859993,10,1042
Bin 1,0.4875,800,0.0024999999441206,-0.4850000000558794,0.2,0.0017666603611169,10,1042
Bin 2,0.4875,800,0.0524999983608722,-0.4350000016391278,0.2,0.0078903425930252,10,1042
Bin 3,0.4875,800,0.2037499994039535,-0.2837500005960465,0.2,0.01424951652143,10,1042
Bin 4,0.4875,800,0.28125,-0.20625,0.2,0.0159060309671931,10,1042
Bin 5,0.4875,800,0.3862499892711639,-0.1012500107288361,0.2,0.0172248943654808,10,1042
Overall,0.5,4000,0.1875,-0.3125,0.2,0.006172152350174,10,1042
Bin 1,0.5,800,0.0024999999441206,-0.4975000000558793,0.2,0.0017666603611169,10,1042
Bin 2,0.5,800,0.0524999983608722,-0.4475000016391277,0.2,0.0078903425930252,10,1042
Bin 3,0.5,800,0.2037499994039535,-0.2962500005960464,0.2,0.01424951652143,10,1042
Bin 4,0.5,800,0.2862499952316284,-0.2137500047683715,0.2,0.0159908810026152,10,1042
Bin 5,0.5,800,0.3925000131130218,-0.1074999868869781,0.2,0.0172750607055921,10,1042
Overall,0.5125000000000001,4000,0.1905000060796737,-0.3219999939203263,0.2,0.0062098364434466,10,1042
Bin 1,0.5125000000000001,800,0.0024999999441206,-0.5100000000558794,0.2,0.0017666603611169,10,1042
Bin 2,0.5125000000000001,800,0.0524999983608722,-0.4600000016391278,0.2,0.0078903425930252,10,1042
Bin 3,0.5125000000000001,800,0.2062499970197677,-0.3062500029802323,0.2,0.014314146606279,10,1042
Bin 4,0.5125000000000001,800,0.2924999892711639,-0.2200000107288361,0.2,0.0160935844430665,10,1042
Bin 5,0.5125000000000001,800,0.3987500071525574,-0.1137499928474427,0.2,0.0173222578002258,10,1042
Overall,0.525,4000,0.1924999952316284,-0.3325000047683716,0.2,0.0062346332478316,10,1042
Bin 1,0.525,800,0.0024999999441206,-0.5225000000558794,0.2,0.0017666603611169,10,1042
Bin 2,0.525,800,0.0524999983608722,-0.4725000016391277,0.2,0.0078903425930252,10,1042
Bin 3,0.525,800,0.2087499946355819,-0.316250005364418,0.2,0.0143779400761851,10,1042
Bin 4,0.525,800,0.2949999868869781,-0.2300000131130218,0.2,0.0161336334321928,10,1042
Bin 5,0.525,800,0.4037500023841858,-0.1212499976158142,0.2,0.0173578961216554,10,1042
Overall,0.5375,4000,0.1947499960660934,-0.3427500039339065,0.2,0.0062622205939107,10,1042
Bin 1,0.5375,800,0.0024999999441206,-0.5350000000558793,0.2,0.0017666603611169,10,1042
Bin 2,0.5375,800,0.0537500008940696,-0.4837499991059303,0.2,0.0079784542676865,10,1042
Bin 3,0.5375,800,0.2087499946355819,-0.328750005364418,0.2,0.0143779400761851,10,1042
Bin 4,0.5375,800,0.2987500131130218,-0.2387499868869781,0.2,0.0161926147856702,10,1042
Bin 5,0.5375,800,0.4099999964237213,-0.1275000035762786,0.2,0.0173998122161707,10,1042
Overall,0.55,4000,0.1977500021457672,-0.3522499978542328,0.2,0.0062985042329592,10,1042
Bin 1,0.55,800,0.0024999999441206,-0.5475000000558794,0.2,0.0017666603611169,10,1042
Bin 2,0.55,800,0.0537500008940696,-0.4962499991059304,0.2,0.0079784542676865,10,1042
Bin 3,0.55,800,0.2112500071525573,-0.3387499928474426,0.2,0.0144409137898877,10,1042
Bin 4,0.55,800,0.301250010728836,-0.2487499892711639,0.2,0.0162312170842213,10,1042
Bin 5,0.55,800,0.4199999868869781,-0.1300000131130219,0.2,0.0174608450674993,10,1042
Overall,0.5625,4000,0.2022500038146972,-0.3602499961853027,0.2,0.0063518755811352,10,1042
Bin 1,0.5625,800,0.0024999999441206,-0.5600000000558794,0.2,0.0017666603611169,10,1042
Bin 2,0.5625,800,0.0537500008940696,-0.5087499991059303,0.2,0.0079784542676865,10,1042
Bin 3,0.5625,800,0.2137500047683715,-0.3487499952316284,0.2,0.0145030719620715,10,1042
Bin 4,0.5625,800,0.3037500083446502,-0.2587499916553497,0.2,0.016269243024619,10,1042
Bin 5,0.5625,800,0.4375,-0.125,0.2,0.0175499909204559,10,1042
Overall,0.5750000000000001,4000,0.2049999982118606,-0.3700000017881394,0.2,0.0063838810492886,10,1042
Bin 1,0.5750000000000001,800,0.0024999999441206,-0.5725000000558794,0.2,0.0017666603611169,10,1042
Bin 2,0.5750000000000001,800,0.0537500008940696,-0.5212499991059304,0.2,0.0079784542676865,10,1042
Bin 3,0.5750000000000001,800,0.2137500047683715,-0.3612499952316285,0.2,0.0145030719620715,10,1042
Bin 4,0.5750000000000001,800,0.3112500011920929,-0.2637499988079071,0.2,0.0163799332928632,10,1042
Bin 5,0.5750000000000001,800,0.4437499940395355,-0.1312500059604645,0.2,0.0175764338532117,10,1042
Overall,0.5875,4000,0.2070000022649765,-0.3804999977350235,0.2,0.0064068721536108,10,1042
Bin 1,0.5875,800,0.0024999999441206,-0.5850000000558794,0.2,0.0017666603611169,10,1042
Bin 2,0.5875,800,0.0537500008940696,-0.5337499991059304,0.2,0.0079784542676865,10,1042
Bin 3,0.5875,800,0.2150000035762787,-0.3724999964237213,0.2,0.0145338486445254,10,1042
Bin 4,0.5875,800,0.3137499988079071,-0.2737500011920929,0.2,0.0164157075378792,10,1042
Bin 5,0.5875,800,0.449999988079071,-0.1375000119209289,0.2,0.0176000613764869,10,1042
Overall,0.6000000000000001,4000,0.2092500030994415,-0.3907499969005585,0.2,0.0064324535327883,10,1042
Bin 1,0.6000000000000001,800,0.0024999999441206,-0.5975000000558794,0.2,0.0017666603611169,10,1042
Bin 2,0.6000000000000001,800,0.0537500008940696,-0.5462499991059304,0.2,0.0079784542676865,10,1042
Bin 3,0.6000000000000001,800,0.2150000035762787,-0.3849999964237214,0.2,0.0145338486445254,10,1042
Bin 4,0.6000000000000001,800,0.3187499940395355,-0.2812500059604645,0.2,0.0164856080861346,10,1042
Bin 5,0.6000000000000001,800,0.4562500119209289,-0.1437499880790711,0.2,0.0176208829733225,10,1042
Overall,0.6125,4000,0.2107499986886978,-0.4017500013113022,0.2,0.0064493414462929,10,1042
Bin 1,0.6125,800,0.0024999999441206,-0.6100000000558794,0.2,0.0017666603611169,10,1042
Bin 2,0.6125,800,0.0537500008940696,-0.5587499991059304,0.2,0.0079784542676865,10,1042
Bin 3,0.6125,800,0.2150000035762787,-0.3974999964237213,0.2,0.0145338486445254,10,1042
Bin 4,0.6125,800,0.3212499916553497,-0.2912500083446503,0.2,0.0165197364967163,10,1042
Bin 5,0.6125,800,0.4612500071525574,-0.1512499928474426,0.2,0.0176355268958376,10,1042
Overall,0.625,4000,0.2119999974966049,-0.4130000025033951,0.2,0.0064633153594875,10,1042
Bin 1,0.625,800,0.0024999999441206,-0.6225000000558794,0.2,0.0017666603611169,10,1042
Bin 2,0.625,800,0.0537500008940696,-0.5712499991059303,0.2,0.0079784542676865,10,1042
Bin 3,0.625,800,0.2150000035762787,-0.4099999964237213,0.2,0.0145338486445254,10,1042
Bin 4,0.625,800,0.3224999904632568,-0.3025000095367431,0.2,0.0165365962897918,10,1042
Bin 5,0.625,800,0.4662500023841858,-0.1587499976158142,0.2,0.0176483848456471,10,1042
Overall,0.6375000000000001,4000,0.2137500047683715,-0.4237499952316285,0.2,0.0064827261639463,10,1042
Bin 1,0.6375000000000001,800,0.0024999999441206,-0.6350000000558794,0.2,0.0017666603611169,10,1042
Bin 2,0.6375000000000001,800,0.0537500008940696,-0.5837499991059304,0.2,0.0079784542676865,10,1042
Bin 3,0.6375000000000001,800,0.2162500023841858,-0.4212499976158143,0.2,0.0145644282904625,10,1042
Bin 4,0.6375000000000001,800,0.3262499868869781,-0.3112500131130219,0.2,0.0165863675031983,10,1042
Bin 5,0.6375000000000001,800,0.4699999988079071,-0.1675000011920929,0.2,0.0176568595232114,10,1042
Overall,0.65,4000,0.215499997138977,-0.4345000028610229,0.2,0.0065019621472351,10,1042
Bin 1,0.65,800,0.0024999999441206,-0.6475000000558794,0.2,0.0017666603611169,10,1042
Bin 2,0.65,800,0.0537500008940696,-0.5962499991059304,0.2,0.0079784542676865,10,1042
Bin 3,0.65,800,0.2162500023841858,-0.4337499976158142,0.2,0.0145644282904625,10,1042
Bin 4,0.65,800,0.3274999856948852,-0.3225000143051147,0.2,0.0166026888702842,10,1042
Bin 5,0.65,800,0.4774999916553497,-0.1725000083446503,0.2,0.0176708090763973,10,1042
Overall,0.6625000000000001,4000,0.2167499959468841,-0.4457500040531159,0.2,0.0065155944287633,10,1042
Bin 1,0.6625000000000001,800,0.0024999999441206,-0.6600000000558794,0.2,0.0017666603611169,10,1042
Bin 2,0.6625000000000001,800,0.0537500008940696,-0.6087499991059304,0.2,0.0079784542676865,10,1042
Bin 3,0.6625000000000001,800,0.2162500023841858,-0.4462499976158143,0.2,0.0145644282904625,10,1042
Bin 4,0.6625000000000001,800,0.3287500143051147,-0.3337499856948853,0.2,0.016618876421126,10,1042
Bin 5,0.6625000000000001,800,0.4824999868869781,-0.1800000131130219,0.2,0.0176778908006183,10,1042
Overall,0.675,4000,0.2179999947547912,-0.4570000052452088,0.2,0.0065291385928824,10,1042
Bin 1,0.675,800,0.0024999999441206,-0.6725000000558794,0.2,0.0017666603611169,10,1042
Bin 2,0.675,800,0.0537500008940696,-0.6212499991059304,0.2,0.0079784542676865,10,1042
Bin 3,0.675,800,0.2175000011920929,-0.4574999988079071,0.2,0.0145948098462116,10,1042
Bin 4,0.675,800,0.3300000131130218,-0.3449999868869782,0.2,0.0166349301557238,10,1042
Bin 5,0.675,800,0.4862500131130218,-0.1887499868869782,0.2,0.0176820380505118,10,1042
Overall,0.6875,4000,0.2195000052452087,-0.4679999947547912,0.2,0.0065452768015854,10,1042
Bin 1,0.6875,800,0.0024999999441206,-0.6850000000558794,0.2,0.0017666603611169,10,1042
Bin 2,0.6875,800,0.0537500008940696,-0.6337499991059303,0.2,0.0079784542676865,10,1042
Bin 3,0.6875,800,0.2175000011920929,-0.4699999988079071,0.2,0.0145948098462116,10,1042
Bin 4,0.6875,800,0.332500010728836,-0.3549999892711639,0.2,0.0166666414445434,10,1042
Bin 5,0.6875,800,0.4912500083446502,-0.1962499916553497,0.2,0.0176860188203536,10,1042
Overall,0.7000000000000001,4000,0.221000000834465,-0.478999999165535,0.2,0.0065612887243759,10,1042
Bin 1,0.7000000000000001,800,0.0024999999441206,-0.6975000000558794,0.2,0.0017666603611169,10,1042
Bin 2,0.7000000000000001,800,0.0537500008940696,-0.6462499991059304,0.2,0.0079784542676865,10,1042
Bin 3,0.7000000000000001,800,0.2175000011920929,-0.4824999988079071,0.2,0.0145948098462116,10,1042
Bin 4,0.7000000000000001,800,0.332500010728836,-0.367499989271164,0.2,0.0166666414445434,10,1042
Bin 5,0.7000000000000001,800,0.4987500011920929,-0.2012499988079071,0.2,0.0176886740718098,10,1042
Overall,0.7125,4000,0.2214999943971634,-0.4910000056028366,0.2,0.0065665993297275,10,1042
Bin 1,0.7125,800,0.0024999999441206,-0.7100000000558794,0.2,0.0017666603611169,10,1042
Bin 2,0.7125,800,0.0537500008940696,-0.6587499991059304,0.2,0.0079784542676865,10,1042
Bin 3,0.7125,800,0.2175000011920929,-0.4949999988079071,0.2,0.0145948098462116,10,1042
Bin 4,0.7125,800,0.3337500095367431,-0.3787499904632568,0.2,0.016682297945094,10,1042
Bin 5,0.7125,800,0.5,-0.2125,0.2,0.0176887288627129,10,1042
Overall,0.7250000000000001,4000,0.22325000166893,-0.50174999833107,0.2,0.0065850733565963,10,1042
Bin 1,0.7250000000000001,800,0.0024999999441206,-0.7225000000558794,0.2,0.0017666603611169,10,1042
Bin 2,0.7250000000000001,800,0.0537500008940696,-0.6712499991059304,0.2,0.0079784542676865,10,1042
Bin 3,0.7250000000000001,800,0.2175000011920929,-0.5074999988079072,0.2,0.0145948098462116,10,1042
Bin 4,0.7250000000000001,800,0.3337500095367431,-0.3912499904632569,0.2,0.016682297945094,10,1042
Bin 5,0.7250000000000001,800,0.5087500214576721,-0.2162499785423279,0.2,0.0176860209276961,10,1042
Overall,0.7375,4000,0.2247499972581863,-0.5127500027418137,0.2,0.0066007766328468,10,1042
Bin 1,0.7375,800,0.0024999999441206,-0.7350000000558794,0.2,0.0017666603611169,10,1042
Bin 2,0.7375,800,0.0537500008940696,-0.6837499991059304,0.2,0.0079784542676865,10,1042
Bin 3,0.7375,800,0.2175000011920929,-0.5199999988079071,0.2,0.0145948098462116,10,1042
Bin 4,0.7375,800,0.3350000083446502,-0.4024999916553498,0.2,0.0166978216830718,10,1042
Bin 5,0.7375,800,0.5149999856948853,-0.2225000143051148,0.2,0.0176807652156868,10,1042
Overall,0.75,4000,0.2259999960660934,-0.5240000039339066,0.2,0.0066137680604906,10,1042
Bin 1,0.75,800,0.0024999999441206,-0.7475000000558794,0.2,0.0017666603611169,10,1042
Bin 2,0.75,800,0.0537500008940696,-0.6962499991059303,0.2,0.0079784542676865,10,1042
Bin 3,0.75,800,0.2175000011920929,-0.5324999988079071,0.2,0.0145948098462116,10,1042
Bin 4,0.75,800,0.3350000083446502,-0.4149999916553497,0.2,0.0166978216830718,10,1042
Bin 5,0.75,800,0.5212500095367432,-0.2287499904632568,0.2,0.0176727457240864,10,1042
Overall,0.7625000000000001,4000,0.2272499948740005,-0.5352500051259995,0.2,0.0066266765541022,10,1042
Bin 1,0.7625000000000001,800,0.0024999999441206,-0.7600000000558794,0.2,0.0017666603611169,10,1042
Bin 2,0.7625000000000001,800,0.0537500008940696,-0.7087499991059304,0.2,0.0079784542676865,10,1042
Bin 3,0.7625000000000001,800,0.2175000011920929,-0.5449999988079072,0.2,0.0145948098462116,10,1042
Bin 4,0.7625000000000001,800,0.3350000083446502,-0.4274999916553498,0.2,0.0166978216830718,10,1042
Bin 5,0.7625000000000001,800,0.5274999737739563,-0.2350000262260437,0.2,0.0176619529698539,10,1042
Overall,0.775,4000,0.2277500033378601,-0.5472499966621399,0.2,0.0066318161080126,10,1042
Bin 1,0.775,800,0.0024999999441206,-0.7725000000558794,0.2,0.0017666603611169,10,1042
Bin 2,0.775,800,0.0537500008940696,-0.7212499991059304,0.2,0.0079784542676865,10,1042
Bin 3,0.775,800,0.2175000011920929,-0.5574999988079071,0.2,0.0145948098462116,10,1042
Bin 4,0.775,800,0.3350000083446502,-0.4399999916553497,0.2,0.0166978216830718,10,1042
Bin 5,0.775,800,0.5299999713897705,-0.2450000286102295,0.2,0.0176568595232114,10,1042
Overall,0.7875000000000001,4000,0.2290000021457672,-0.5584999978542329,0.2,0.0066446063263852,10,1042
Bin 1,0.7875000000000001,800,0.0024999999441206,-0.7850000000558794,0.2,0.0017666603611169,10,1042
Bin 2,0.7875000000000001,800,0.0537500008940696,-0.7337499991059304,0.2,0.0079784542676865,10,1042
Bin 3,0.7875000000000001,800,0.2175000011920929,-0.5699999988079072,0.2,0.0145948098462116,10,1042
Bin 4,0.7875000000000001,800,0.3350000083446502,-0.4524999916553498,0.2,0.0166978216830718,10,1042
Bin 5,0.7875000000000001,800,0.5362499952316284,-0.2512500047683716,0.2,0.0176421787222038,10,1042
Overall,0.8,4000,0.2300000041723251,-0.5699999958276749,0.2,0.0066547779969372,10,1042
Bin 1,0.8,800,0.0024999999441206,-0.7975000000558794,0.2,0.0017666603611169,10,1042
Bin 2,0.8,800,0.0537500008940696,-0.7462499991059304,0.2,0.0079784542676865,10,1042
Bin 3,0.8,800,0.2175000011920929,-0.5824999988079071,0.2,0.0145948098462116,10,1042
Bin 4,0.8,800,0.3350000083446502,-0.4649999916553498,0.2,0.0166978216830718,10,1042
Bin 5,0.8,800,0.5412499904632568,-0.2587500095367432,0.2,0.0176284293665484,10,1042
Overall,0.8125,4000,0.2304999977350235,-0.5820000022649765,0.2,0.0066598445123534,10,1042
Bin 1,0.8125,800,0.0024999999441206,-0.8100000000558794,0.2,0.0017666603611169,10,1042
Bin 2,0.8125,800,0.0537500008940696,-0.7587499991059303,0.2,0.0079784542676865,10,1042
Bin 3,0.8125,800,0.2175000011920929,-0.5949999988079071,0.2,0.0145948098462116,10,1042
Bin 4,0.8125,800,0.3350000083446502,-0.4774999916553497,0.2,0.0166978216830718,10,1042
Bin 5,0.8125,800,0.543749988079071,-0.2687500119209289,0.2,0.0176208829733225,10,1042
Overall,0.8250000000000001,4000,0.2307499945163726,-0.5942500054836274,0.2,0.0066623721154684,10,1042
Bin 1,0.8250000000000001,800,0.0024999999441206,-0.8225000000558794,0.2,0.0017666603611169,10,1042
Bin 2,0.8250000000000001,800,0.0537500008940696,-0.7712499991059304,0.2,0.0079784542676865,10,1042
Bin 3,0.8250000000000001,800,0.2175000011920929,-0.6074999988079072,0.2,0.0145948098462116,10,1042
Bin 4,0.8250000000000001,800,0.3362500071525574,-0.4887499928474427,0.2,0.0167132158194904,10,1042
Bin 5,0.8250000000000001,800,0.543749988079071,-0.281250011920929,0.2,0.0176208829733225,10,1042
Overall,0.8375,4000,0.2312500029802322,-0.6062499970197678,0.2,0.0066674193110249,10,1042
Bin 1,0.8375,800,0.0024999999441206,-0.8350000000558794,0.2,0.0017666603611169,10,1042
Bin 2,0.8375,800,0.0537500008940696,-0.7837499991059304,0.2,0.0079784542676865,10,1042
Bin 3,0.8375,800,0.2175000011920929,-0.6199999988079071,0.2,0.0145948098462116,10,1042
Bin 4,0.8375,800,0.3362500071525574,-0.5012499928474426,0.2,0.0167132158194904,10,1042
Bin 5,0.8375,800,0.5462499856948853,-0.2912500143051147,0.2,0.0176128898235024,10,1042
Overall,0.8500000000000001,4000,0.2314999997615814,-0.6185000002384187,0.2,0.0066699360761698,10,1042
Bin 1,0.8500000000000001,800,0.0024999999441206,-0.8475000000558794,0.2,0.0017666603611169,10,1042
Bin 2,0.8500000000000001,800,0.0537500008940696,-0.7962499991059304,0.2,0.0079784542676865,10,1042
Bin 3,0.8500000000000001,800,0.2175000011920929,-0.6324999988079072,0.2,0.0145948098462116,10,1042
Bin 4,0.8500000000000001,800,0.3362500071525574,-0.5137499928474427,0.2,0.0167132158194904,10,1042
Bin 5,0.8500000000000001,800,0.5475000143051147,-0.3024999856948853,0.2,0.0176087278222119,10,1042
Overall,0.8625,4000,0.2317499965429306,-0.6307500034570694,0.2,0.0066724518988825,10,1042
Bin 1,0.8625,800,0.0024999999441206,-0.8600000000558794,0.2,0.0017666603611169,10,1042
Bin 2,0.8625,800,0.0537500008940696,-0.8087499991059304,0.2,0.0079784542676865,10,1042
Bin 3,0.8625,800,0.2175000011920929,-0.6449999988079071,0.2,0.0145948098462116,10,1042
Bin 4,0.8625,800,0.3362500071525574,-0.5262499928474427,0.2,0.0167132158194904,10,1042
Bin 5,0.8625,800,0.5487499833106995,-0.3137500166893006,0.2,0.0176044509707593,10,1042
Overall,0.875,4000,0.2319999933242797,-0.6430000066757202,0.2,0.0066749634806504,10,1042
Bin 1,0.875,800,0.0024999999441206,-0.8725000000558794,0.2,0.0017666603611169,10,1042
Bin 2,0.875,800,0.0537500008940696,-0.8212499991059303,0.2,0.0079784542676865,10,1042
Bin 3,0.875,800,0.2175000011920929,-0.6574999988079071,0.2,0.0145948098462116,10,1042
Bin 4,0.875,800,0.3362500071525574,-0.5387499928474426,0.2,0.0167132158194904,10,1042
Bin 5,0.875,800,0.550000011920929,-0.324999988079071,0.2,0.0176000613764869,10,1042
Overall,0.8875000000000001,4000,0.2319999933242797,-0.6555000066757203,0.2,0.0066749634806504,10,1042
Bin 1,0.8875000000000001,800,0.0024999999441206,-0.8850000000558794,0.2,0.0017666603611169,10,1042
Bin 2,0.8875000000000001,800,0.0537500008940696,-0.8337499991059304,0.2,0.0079784542676865,10,1042
Bin 3,0.8875000000000001,800,0.2175000011920929,-0.6699999988079072,0.2,0.0145948098462116,10,1042
Bin 4,0.8875000000000001,800,0.3362500071525574,-0.5512499928474427,0.2,0.0167132158194904,10,1042
Bin 5,0.8875000000000001,800,0.550000011920929,-0.3374999880790711,0.2,0.0176000613764869,10,1042
Overall,0.9,4000,0.2319999933242797,-0.6680000066757202,0.2,0.0066749634806504,10,1042
Bin 1,0.9,800,0.0024999999441206,-0.8975000000558794,0.2,0.0017666603611169,10,1042
Bin 2,0.9,800,0.0537500008940696,-0.8462499991059304,0.2,0.0079784542676865,10,1042
Bin 3,0.9,800,0.2175000011920929,-0.6824999988079071,0.2,0.0145948098462116,10,1042
Bin 4,0.9,800,0.3362500071525574,-0.5637499928474426,0.2,0.0167132158194904,10,1042
Bin 5,0.9,800,0.550000011920929,-0.349999988079071,0.2,0.0176000613764869,10,1042
Overall,0.9125,4000,0.2319999933242797,-0.6805000066757203,0.2,0.0066749634806504,10,1042
Bin 1,0.9125,800,0.0024999999441206,-0.9100000000558794,0.2,0.0017666603611169,10,1042
Bin 2,0.9125,800,0.0537500008940696,-0.8587499991059304,0.2,0.0079784542676865,10,1042
Bin 3,0.9125,800,0.2175000011920929,-0.6949999988079072,0.2,0.0145948098462116,10,1042
Bin 4,0.9125,800,0.3362500071525574,-0.5762499928474427,0.2,0.0167132158194904,10,1042
Bin 5,0.9125,800,0.550000011920929,-0.3624999880790711,0.2,0.0176000613764869,10,1042
Overall,0.925,4000,0.2319999933242797,-0.6930000066757203,0.2,0.0066749634806504,10,1042
Bin 1,0.925,800,0.0024999999441206,-0.9225000000558794,0.2,0.0017666603611169,10,1042
Bin 2,0.925,800,0.0537500008940696,-0.8712499991059304,0.2,0.0079784542676865,10,1042
Bin 3,0.925,800,0.2175000011920929,-0.7074999988079071,0.2,0.0145948098462116,10,1042
Bin 4,0.925,800,0.3362500071525574,-0.5887499928474427,0.2,0.0167132158194904,10,1042
Bin 5,0.925,800,0.550000011920929,-0.3749999880790711,0.2,0.0176000613764869,10,1042
Overall,0.9375,4000,0.2322500050067901,-0.7052499949932098,0.2,0.0066774722351218,10,1042
Bin 1,0.9375,800,0.0024999999441206,-0.9350000000558794,0.2,0.0017666603611169,10,1042
Bin 2,0.9375,800,0.0537500008940696,-0.8837499991059303,0.2,0.0079784542676865,10,1042
Bin 3,0.9375,800,0.2175000011920929,-0.7199999988079071,0.2,0.0145948098462116,10,1042
Bin 4,0.9375,800,0.3362500071525574,-0.6012499928474426,0.2,0.0167132158194904,10,1042
Bin 5,0.9375,800,0.5512499809265137,-0.3862500190734863,0.2,0.0175955632540796,10,1042
Overall,0.95,4000,0.2322500050067901,-0.7177499949932099,0.2,0.0066774722351218,10,1042
Bin 1,0.95,800,0.0024999999441206,-0.9475000000558794,0.2,0.0017666603611169,10,1042
Bin 2,0.95,800,0.0537500008940696,-0.8962499991059304,0.2,0.0079784542676865,10,1042
Bin 3,0.95,800,0.2175000011920929,-0.7324999988079072,0.2,0.0145948098462116,10,1042
Bin 4,0.95,800,0.3362500071525574,-0.6137499928474427,0.2,0.0167132158194904,10,1042
Bin 5,0.95,800,0.5512499809265137,-0.3987500190734864,0.2,0.0175955632540796,10,1042
Overall,0.9625,4000,0.2322500050067901,-0.7302499949932099,0.2,0.0066774722351218,10,1042
Bin 1,0.9625,800,0.0024999999441206,-0.9600000000558794,0.2,0.0017666603611169,10,1042
Bin 2,0.9625,800,0.0537500008940696,-0.9087499991059304,0.2,0.0079784542676865,10,1042
Bin 3,0.9625,800,0.2175000011920929,-0.7449999988079071,0.2,0.0145948098462116,10,1042
Bin 4,0.9625,800,0.3362500071525574,-0.6262499928474426,0.2,0.0167132158194904,10,1042
Bin 5,0.9625,800,0.5512499809265137,-0.4112500190734863,0.2,0.0175955632540796,10,1042
Overall,0.975,4000,0.2322500050067901,-0.7427499949932099,0.2,0.0066774722351218,10,1042
Bin 1,0.975,800,0.0024999999441206,-0.9725000000558794,0.2,0.0017666603611169,10,1042
Bin 2,0.975,800,0.0537500008940696,-0.9212499991059304,0.2,0.0079784542676865,10,1042
Bin 3,0.975,800,0.2175000011920929,-0.7574999988079072,0.2,0.0145948098462116,10,1042
Bin 4,0.975,800,0.3362500071525574,-0.6387499928474427,0.2,0.0167132158194904,10,1042
Bin 5,0.975,800,0.5512499809265137,-0.4237500190734864,0.2,0.0175955632540796,10,1042
Overall,0.9875,4000,0.2322500050067901,-0.7552499949932099,0.2,0.0066774722351218,10,1042
Bin 1,0.9875,800,0.0024999999441206,-0.9850000000558794,0.2,0.0017666603611169,10,1042
Bin 2,0.9875,800,0.0537500008940696,-0.9337499991059304,0.2,0.0079784542676865,10,1042
Bin 3,0.9875,800,0.2175000011920929,-0.7699999988079071,0.2,0.0145948098462116,10,1042
Bin 4,0.9875,800,0.3362500071525574,-0.6512499928474427,0.2,0.0167132158194904,10,1042
Bin 5,0.9875,800,0.5512499809265137,-0.4362500190734864,0.2,0.0175955632540796,10,1042
Overall,1.0,4000,0.2322500050067901,-0.7677499949932098,0.2,0.0066774722351218,10,1042
Bin 1,1.0,800,0.0024999999441206,-0.9975000000558794,0.2,0.0017666603611169,10,1042
Bin 2,1.0,800,0.0537500008940696,-0.9462499991059304,0.2,0.0079784542676865,10,1042
Bin 3,1.0,800,0.2175000011920929,-0.7824999988079071,0.2,0.0145948098462116,10,1042
Bin 4,1.0,800,0.3362500071525574,-0.6637499928474426,0.2,0.0167132158194904,10,1042
Bin 5,1.0,800,0.5512499809265137,-0.4487500190734863,0.2,0.0175955632540796,10,1042
Overall,0.0,4000,0.0,0.0,0.1875,0.0,11,1142
Bin 1,0.0,800,0.0,0.0,0.1875,0.0,11,1142
Bin 2,0.0,800,0.0,0.0,0.1875,0.0,11,1142
Bin 3,0.0,800,0.0,0.0,0.1875,0.0,11,1142
Bin 4,0.0,800,0.0,0.0,0.1875,0.0,11,1142
Bin 5,0.0,800,0.0,0.0,0.1875,0.0,11,1142
Overall,0.0125,4000,0.0070000002160668,-0.0054999997839331,0.1875,0.0013184021906616,11,1142
Bin 1,0.0125,800,0.0024999999441206,-0.0100000000558793,0.1875,0.0017666603611169,11,1142
Bin 2,0.0125,800,0.0037499999161809,-0.008750000083819,0.1875,0.0021623519653855,11,1142
Bin 3,0.0125,800,0.0074999998323619,-0.005000000167638,0.1875,0.0030522671300426,11,1142
Bin 4,0.0125,800,0.0099999997764825,-0.0025000002235174,0.1875,0.0035200128548165,11,1142
Bin 5,0.0125,800,0.0112500004470348,-0.0012499995529651,0.1875,0.0037311788391504,11,1142
Overall,0.025,4000,0.0109999999403953,-0.0140000000596046,0.1875,0.0016493727107601,11,1142
Bin 1,0.025,800,0.0024999999441206,-0.0225000000558793,0.1875,0.0017666603611169,11,1142
Bin 2,0.025,800,0.0074999998323619,-0.017500000167638,0.1875,0.0030522671300426,11,1142
Bin 3,0.025,800,0.0087500000372529,-0.0162499999627471,0.1875,0.0032947484862379,11,1142
Bin 4,0.025,800,0.0149999996647238,-0.0100000003352761,0.1875,0.0043002171386218,11,1142
Bin 5,0.025,800,0.0212500002235174,-0.0037499997764825,0.1875,0.0051020182578574,11,1142
Overall,0.0375,4000,0.0179999992251396,-0.0195000007748603,0.1875,0.0021024048089344,11,1142
Bin 1,0.0375,800,0.0024999999441206,-0.0350000000558793,0.1875,0.0017666603611169,11,1142
Bin 2,0.0375,800,0.0137499999254941,-0.0237500000745058,0.1875,0.0041197556602636,11,1142
Bin 3,0.0375,800,0.018750000745058,-0.0187499992549419,0.1875,0.004798627856701,11,1142
Bin 4,0.0375,800,0.018750000745058,-0.0187499992549419,0.1875,0.004798627856701,11,1142
Bin 5,0.0375,800,0.0362499989569187,-0.0012500010430812,0.1875,0.0066124559413666,11,1142
Overall,0.05,4000,0.0234999991953372,-0.0265000008046627,0.1875,0.0023954896730772,11,1142
Bin 1,0.05,800,0.0024999999441206,-0.0475000000558793,0.1875,0.0017666603611169,11,1142
Bin 2,0.05,800,0.0149999996647238,-0.0350000003352761,0.1875,0.004300216875204,11,1142
Bin 3,0.05,800,0.0262499991804361,-0.0237500008195638,0.1875,0.0056560733526831,11,1142
Bin 4,0.05,800,0.025000000372529,-0.0249999996274709,0.1875,0.0055233039310109,11,1142
Bin 5,0.05,800,0.0487499982118606,-0.0012500017881393,0.1875,0.0076183558086942,11,1142
Overall,0.0625,4000,0.0317500010132789,-0.030749998986721,0.1875,0.0027726168695782,11,1142
Bin 1,0.0625,800,0.0024999999441206,-0.0600000000558793,0.1875,0.0017666603611169,11,1142
Bin 2,0.0625,800,0.0175000000745058,-0.0449999999254941,0.1875,0.0046388670664068,11,1142
Bin 3,0.0625,800,0.0362499989569187,-0.0262500010430812,0.1875,0.0066124559413666,11,1142
Bin 4,0.0625,800,0.0350000001490116,-0.0274999998509883,0.1875,0.0065016603060011,11,1142
Bin 5,0.0625,800,0.067500002682209,0.005000002682209,0.1875,0.0088757058815803,11,1142
Overall,0.075,4000,0.0405000001192092,-0.0344999998807907,0.1875,0.0031172690310905,11,1142
Bin 1,0.075,800,0.0024999999441206,-0.0725000000558793,0.1875,0.0017666603611169,11,1142
Bin 2,0.075,800,0.0225000008940696,-0.0524999991059303,0.1875,0.0052465787872361,11,1142
Bin 3,0.075,800,0.0412500016391277,-0.0337499983608722,0.1875,0.0070354401325151,11,1142
Bin 4,0.075,800,0.0512499995529651,-0.0237500004470348,0.1875,0.0078009844253192,11,1142
Bin 5,0.075,800,0.0850000008940696,0.0100000008940696,0.1875,0.00986612521145,11,1142
Overall,0.0875,4000,0.050500001758337,-0.0369999982416629,0.1875,0.0034627208463102,11,1142
Bin 1,0.0875,800,0.0024999999441206,-0.0850000000558793,0.1875,0.0017666603611169,11,1142
Bin 2,0.0875,800,0.025000000372529,-0.0624999996274709,0.1875,0.0055233039310109,11,1142
Bin 3,0.0875,800,0.0562499985098838,-0.0312500014901161,0.1875,0.0081511025105841,11,1142
Bin 4,0.0875,800,0.067500002682209,-0.0199999973177909,0.1875,0.0088757069352515,11,1142
Bin 5,0.0875,800,0.1012500002980232,0.0137500002980232,0.1875,0.0106719455595267,11,1142
Overall,0.1,4000,0.0572500005364418,-0.0427499994635582,0.1875,0.00367375567973,11,1142
Bin 1,0.1,800,0.0037499999161809,-0.096250000083819,0.1875,0.0021623520970944,11,1142
Bin 2,0.1,800,0.0299999993294477,-0.0700000006705522,0.1875,0.0060349419106597,11,1142
Bin 3,0.1,800,0.0649999976158142,-0.0350000023841858,0.1875,0.008721458425907,11,1142
Bin 4,0.1,800,0.0775000005960464,-0.0224999994039535,0.1875,0.0094593354200062,11,1142
Bin 5,0.1,800,0.1099999994039535,0.0099999994039535,0.1875,0.0110692438806859,11,1142
Overall,0.1125,4000,0.0640000030398368,-0.0484999969601631,0.1875,0.0038703672954119,11,1142
Bin 1,0.1125,800,0.0049999998882412,-0.1075000001117587,0.1875,0.002495302058745,11,1142
Bin 2,0.1125,800,0.03125,-0.08125,0.1875,0.0061554170966212,11,1142
Bin 3,0.1125,800,0.0687500014901161,-0.0437499985098838,0.1875,0.008951505934956,11,1142
Bin 4,0.1125,800,0.0874999985098838,-0.0250000014901161,0.1875,0.0099964801455381,11,1142
Bin 5,0.1125,800,0.1274999976158142,0.0149999976158142,0.1875,0.0117995223248341,11,1142
Overall,0.125,4000,0.0712499991059303,-0.0537500008940696,0.1875,0.0040678614988332,11,1142
Bin 1,0.125,800,0.0049999998882412,-0.1200000001117587,0.1875,0.002495302058745,11,1142
Bin 2,0.125,800,0.0337500013411045,-0.0912499986588954,0.1875,0.0063886377365275,11,1142
Bin 3,0.125,800,0.0724999979138374,-0.0525000020861625,0.1875,0.0091738695466858,11,1142
Bin 4,0.125,800,0.1024999991059303,-0.0225000008940696,0.1875,0.0107301493036491,11,1142
Bin 5,0.125,800,0.1424999982118606,0.0174999982118606,0.1875,0.0123666229229452,11,1142
Overall,0.1375,4000,0.0769999995827674,-0.0605000004172325,0.1875,0.0042157079036339,11,1142
Bin 1,0.1375,800,0.0049999998882412,-0.1325000001117587,0.1875,0.002495302058745,11,1142
Bin 2,0.1375,800,0.0375000014901161,-0.0999999985098838,0.1875,0.0067211347512655,11,1142
Bin 3,0.1375,800,0.0825000032782554,-0.0549999967217445,0.1875,0.0097332225003693,11,1142
Bin 4,0.1375,800,0.1124999970197677,-0.0250000029802322,0.1875,0.0111785907181338,11,1142
Bin 5,0.1375,800,0.147499993443489,0.009999993443489,0.1875,0.0125449757417887,11,1142
Overall,0.15,4000,0.0827500000596046,-0.0672499999403953,0.1875,0.0043566448668844,11,1142
Bin 1,0.15,800,0.0049999998882412,-0.1450000001117587,0.1875,0.002495302058745,11,1142
Bin 2,0.15,800,0.0387500002980232,-0.1112499997019768,0.1875,0.0068277973612989,11,1142
Bin 3,0.15,800,0.0874999985098838,-0.0625000014901161,0.1875,0.0099964801455381,11,1142
Bin 4,0.15,800,0.1237500011920929,-0.0262499988079071,0.1875,0.0116496597219127,11,1142
Bin 5,0.15,800,0.1587499976158142,0.0087499976158141,0.1875,0.0129284372525818,11,1142
Overall,0.1625,4000,0.0874999985098838,-0.0750000014901161,0.1875,0.0044683249654435,11,1142
Bin 1,0.1625,800,0.0049999998882412,-0.1575000001117587,0.1875,0.002495302058745,11,1142
Bin 2,0.1625,800,0.0387500002980232,-0.1237499997019767,0.1875,0.0068277973612989,11,1142
Bin 3,0.1625,800,0.0949999988079071,-0.0675000011920929,0.1875,0.0103731981605694,11,1142
Bin 4,0.1625,800,0.1312499940395355,-0.0312500059604644,0.1875,0.0119460321459565,11,1142
Bin 5,0.1625,800,0.1675000041723251,0.0050000041723251,0.1875,0.0132107094484562,11,1142
Overall,0.175,4000,0.093249998986721,-0.0817500010132789,0.1875,0.0045982491374186,11,1142
Bin 1,0.175,800,0.0062500000931322,-0.1687499999068677,0.1875,0.0027880793566108,11,1142
Bin 2,0.175,800,0.0399999991059303,-0.1350000008940697,0.1875,0.0069325375482045,11,1142
Bin 3,0.175,800,0.1024999991059303,-0.0725000008940696,0.1875,0.0107301493036491,11,1142
Bin 4,0.175,800,0.1424999982118606,-0.0325000017881393,0.1875,0.012366621869274,11,1142
Bin 5,0.175,800,0.1749999970197677,-2.9802322554228766e-09,0.1875,0.0134422695025311,11,1142
Overall,0.1875,4000,0.0997499972581863,-0.0877500027418136,0.1875,0.0047387337332212,11,1142
Bin 1,0.1875,800,0.0062500000931322,-0.1812499999068677,0.1875,0.0027880793566108,11,1142
Bin 2,0.1875,800,0.0412500016391277,-0.1462499983608722,0.1875,0.0070354396056795,11,1142
Bin 3,0.1875,800,0.1049999967217445,-0.0825000032782554,0.1875,0.0108450795448534,11,1142
Bin 4,0.1875,800,0.15625,-0.03125,0.1875,0.0128452783594561,11,1142
Bin 5,0.1875,800,0.1899999976158142,0.0024999976158142,0.1875,0.0138786084494659,11,1142
Overall,0.2,4000,0.1057500019669532,-0.0942499980330467,0.1875,0.0048628840944268,11,1142
Bin 1,0.2,800,0.0062500000931322,-0.1937499999068677,0.1875,0.0027880793566108,11,1142
Bin 2,0.2,800,0.0437499992549419,-0.156250000745058,0.1875,0.007236047014208,11,1142
Bin 3,0.2,800,0.1124999970197677,-0.0875000029802322,0.1875,0.0111785907181338,11,1142
Bin 4,0.2,800,0.1675000041723251,-0.0324999958276748,0.1875,0.013210708394785,11,1142
Bin 5,0.2,800,0.1987500041723251,-0.0012499958276748,0.1875,0.0141177085747394,11,1142
Overall,0.2125,4000,0.1105000004172325,-0.1019999995827675,0.1875,0.0049576795779938,11,1142
Bin 1,0.2125,800,0.0062500000931322,-0.2062499999068677,0.1875,0.0027880793566108,11,1142
Bin 2,0.2125,800,0.0462500005960464,-0.1662499994039535,0.1875,0.0074301875156681,11,1142
Bin 3,0.2125,800,0.1162500008940696,-0.0962499991059303,0.1875,0.0113393398520255,11,1142
Bin 4,0.2125,800,0.178749993443489,-0.0337500065565109,0.1875,0.0135546203566066,11,1142
Bin 5,0.2125,800,0.2049999982118606,-0.0075000017881393,0.1875,0.0142819369309758,11,1142
Overall,0.225,4000,0.1145000010728836,-0.1104999989271164,0.1875,0.0050352535270634,11,1142
Bin 1,0.225,800,0.0062500000931322,-0.2187499999068677,0.1875,0.0027880793566108,11,1142
Bin 2,0.225,800,0.0462500005960464,-0.1787499994039535,0.1875,0.0074301875156681,11,1142
Bin 3,0.225,800,0.1187499985098838,-0.1062500014901161,0.1875,0.0114443993013086,11,1142
Bin 4,0.225,800,0.1899999976158142,-0.0350000023841858,0.1875,0.0138786084494659,11,1142
Bin 5,0.225,800,0.2112500071525573,-0.0137499928474426,0.1875,0.0144409137898877,11,1142
Overall,0.2375,4000,0.1187499985098838,-0.1187500014901161,0.1875,0.005115530371634,11,1142
Bin 1,0.2375,800,0.0062500000931322,-0.2312499999068677,0.1875,0.0027880793566108,11,1142
Bin 2,0.2375,800,0.0474999994039535,-0.1900000005960464,0.1875,0.0075249900025305,11,1142
Bin 3,0.2375,800,0.125,-0.1125,0.1875,0.0116999935957469,11,1142
Bin 4,0.2375,800,0.1987500041723251,-0.0387499958276748,0.1875,0.0141177085747394,11,1142
Bin 5,0.2375,800,0.2162500023841858,-0.0212499976158142,0.1875,0.0145644293441337,11,1142
Overall,0.25,4000,0.1247500032186508,-0.1252499967813491,0.1875,0.0052252926207005,11,1142
Bin 1,0.25,800,0.0062500000931322,-0.2437499999068677,0.1875,0.0027880793566108,11,1142
Bin 2,0.25,800,0.050000000745058,-0.1999999992549419,0.1875,0.00771033761772,11,1142
Bin 3,0.25,800,0.1312499940395355,-0.1187500059604644,0.1875,0.0119460321459565,11,1142
Bin 4,0.25,800,0.2087499946355819,-0.041250005364418,0.1875,0.0143779400761851,11,1142
Bin 5,0.25,800,0.2275000065565109,-0.022499993443489,0.1875,0.0148308669690226,11,1142
Overall,0.2625,4000,0.1287499964237213,-0.1337500035762787,0.1875,0.0052962601201667,11,1142
Bin 1,0.2625,800,0.0062500000931322,-0.2562499999068677,0.1875,0.0027880793566108,11,1142
Bin 2,0.2625,800,0.050000000745058,-0.2124999992549419,0.1875,0.00771033761772,11,1142
Bin 3,0.2625,800,0.1324999928474426,-0.1300000071525573,0.1875,0.0119941438272029,11,1142
Bin 4,0.2625,800,0.2175000011920929,-0.0449999988079071,0.1875,0.0145948098462116,11,1142
Bin 5,0.2625,800,0.2374999970197677,-0.0250000029802322,0.1875,0.0150549164546929,11,1142
Overall,0.275,4000,0.1330000013113021,-0.1419999986886978,0.1875,0.0053698188369202,11,1142
Bin 1,0.275,800,0.0062500000931322,-0.2687499999068677,0.1875,0.0027880793566108,11,1142
Bin 2,0.275,800,0.0524999983608722,-0.2225000016391277,0.1875,0.0078903425930252,11,1142
Bin 3,0.275,800,0.1400000005960464,-0.1349999994039535,0.1875,0.0122755182952041,11,1142
Bin 4,0.275,800,0.2237499952316284,-0.0512500047683716,0.1875,0.0147437842043006,11,1142
Bin 5,0.275,800,0.2425000071525573,-0.0324999928474426,0.1875,0.0151626037599806,11,1142
Overall,0.2875,4000,0.1385000050067901,-0.1489999949932098,0.1875,0.0054623161996088,11,1142
Bin 1,0.2875,800,0.0062500000931322,-0.2812499999068678,0.1875,0.0027880793566108,11,1142
Bin 2,0.2875,800,0.0524999983608722,-0.2350000016391277,0.1875,0.0078903425930252,11,1142
Bin 3,0.2875,800,0.1462499946355819,-0.141250005364418,0.1875,0.0125008595817812,11,1142
Bin 4,0.2875,800,0.2337500005960464,-0.0537499994039535,0.1875,0.0149722706994478,11,1142
Bin 5,0.2875,800,0.2537499964237213,-0.0337500035762787,0.1875,0.0153947212061271,11,1142
Overall,0.3,4000,0.1424999982118606,-0.1575000017881394,0.1875,0.005527754920673,11,1142
Bin 1,0.3,800,0.0062500000931322,-0.2937499999068678,0.1875,0.0027880793566108,11,1142
Bin 2,0.3,800,0.0524999983608722,-0.2475000016391277,0.1875,0.0078903425930252,11,1142
Bin 3,0.3,800,0.1512500047683715,-0.1487499952316284,0.1875,0.0126754729214906,11,1142
Bin 4,0.3,800,0.2399999946355819,-0.060000005364418,0.1875,0.0151091162482066,11,1142
Bin 5,0.3,800,0.262499988079071,-0.037500011920929,0.1875,0.0155658300353828,11,1142
Overall,0.3125,4000,0.1477500051259994,-0.1647499948740005,0.1875,0.0056114042588108,11,1142
Bin 1,0.3125,800,0.0062500000931322,-0.3062499999068677,0.1875,0.0027880793566108,11,1142
Bin 2,0.3125,800,0.0537500008940696,-0.2587499991059303,0.1875,0.0079784542676865,11,1142
Bin 3,0.3125,800,0.1525000035762787,-0.1599999964237213,0.1875,0.0127183678765626,11,1142
Bin 4,0.3125,800,0.2524999976158142,-0.0600000023841857,0.1875,0.0153696111674555,11,1142
Bin 5,0.3125,800,0.2737500071525574,-0.0387499928474426,0.1875,0.0157741777126404,11,1142
Overall,0.325,4000,0.1512500047683715,-0.1737499952316284,0.1875,0.0056658085126594,11,1142
Bin 1,0.325,800,0.0062500000931322,-0.3187499999068677,0.1875,0.0027880793566108,11,1142
Bin 2,0.325,800,0.0537500008940696,-0.2712499991059303,0.1875,0.0079784542676865,11,1142
Bin 3,0.325,800,0.1537500023841858,-0.1712499976158142,0.1875,0.0127609656963525,11,1142
Bin 4,0.325,800,0.2599999904632568,-0.0650000095367431,0.1875,0.0155177647156698,11,1142
Bin 5,0.325,800,0.2824999988079071,-0.0425000011920929,0.1875,0.0159274700153593,11,1142
Overall,0.3375,4000,0.1544999927282333,-0.1830000072717666,0.1875,0.0057153828015697,11,1142
Bin 1,0.3375,800,0.0062500000931322,-0.3312499999068677,0.1875,0.0027880793566108,11,1142
Bin 2,0.3375,800,0.0549999997019767,-0.2825000002980232,0.1875,0.0080653615961515,11,1142
Bin 3,0.3375,800,0.15625,-0.18125,0.1875,0.0128452783594561,11,1142
Bin 4,0.3375,800,0.2662500143051147,-0.0712499856948852,0.1875,0.0156367126052084,11,1142
Bin 5,0.3375,800,0.2887499928474426,-0.0487500071525573,0.1875,0.016032408292453,11,1142
Overall,0.35,4000,0.1580000072717666,-0.1919999927282333,0.1875,0.0057677825021649,11,1142
Bin 1,0.35,800,0.0062500000931322,-0.3437499999068678,0.1875,0.0027880793566108,11,1142
Bin 2,0.35,800,0.0549999997019767,-0.2950000002980232,0.1875,0.0080653615961515,11,1142
Bin 3,0.35,800,0.1587499976158142,-0.1912500023841858,0.1875,0.0129284372525818,11,1142
Bin 4,0.35,800,0.2750000059604645,-0.0749999940395355,0.1875,0.015796539776789,11,1142
Bin 5,0.35,800,0.2949999868869781,-0.0550000131130218,0.1875,0.0161336334321928,11,1142
Overall,0.3625,4000,0.1622499972581863,-0.2002500027418137,0.1875,0.0058300711436571,11,1142
Bin 1,0.3625,800,0.0062500000931322,-0.3562499999068678,0.1875,0.0027880793566108,11,1142
Bin 2,0.3625,800,0.0549999997019767,-0.3075000002980232,0.1875,0.0080653615961515,11,1142
Bin 3,0.3625,800,0.1612499952316284,-0.2012500047683716,0.1875,0.0130104623954825,11,1142
Bin 4,0.3625,800,0.2824999988079071,-0.0800000011920929,0.1875,0.0159274700153593,11,1142
Bin 5,0.3625,800,0.3062500059604645,-0.0562499940395355,0.1875,0.0163067041972467,11,1142
Overall,0.375,4000,0.1665000021457672,-0.2084999978542328,0.1875,0.0058909352989046,11,1142
Bin 1,0.375,800,0.0062500000931322,-0.3687499999068677,0.1875,0.0027880793566108,11,1142
Bin 2,0.375,800,0.0549999997019767,-0.3200000002980232,0.1875,0.0080653615961515,11,1142
Bin 3,0.375,800,0.1624999940395355,-0.2125000059604644,0.1875,0.0130510571862969,11,1142
Bin 4,0.375,800,0.2949999868869781,-0.0800000131130218,0.1875,0.0161336334321928,11,1142
Bin 5,0.375,800,0.3137499988079071,-0.0612500011920928,0.1875,0.0164157075378792,11,1142
Overall,0.3875,4000,0.1710000038146972,-0.2164999961853027,0.1875,0.0059538737473871,11,1142
Bin 1,0.3875,800,0.0062500000931322,-0.3812499999068677,0.1875,0.0027880793566108,11,1142
Bin 2,0.3875,800,0.0562499985098838,-0.3312500014901161,0.1875,0.0081511025105841,11,1142
Bin 3,0.3875,800,0.1700000017881393,-0.2174999982118606,0.1875,0.0132889329456212,11,1142
Bin 4,0.3875,800,0.2975000143051147,-0.0899999856948852,0.1875,0.0161730986874672,11,1142
Bin 5,0.3875,800,0.324999988079071,-0.0625000119209289,0.1875,0.0165699112661973,11,1142
Overall,0.4,4000,0.1724999994039535,-0.2275000005960464,0.1875,0.0059745181955735,11,1142
Bin 1,0.4,800,0.0062500000931322,-0.3937499999068677,0.1875,0.0027880793566108,11,1142
Bin 2,0.4,800,0.0562499985098838,-0.3437500014901161,0.1875,0.0081511025105841,11,1142
Bin 3,0.4,800,0.1700000017881393,-0.2299999982118606,0.1875,0.0132889329456212,11,1142
Bin 4,0.4,800,0.301250010728836,-0.0987499892711639,0.1875,0.0162312170842213,11,1142
Bin 5,0.4,800,0.3287500143051147,-0.0712499856948852,0.1875,0.016618876421126,11,1142
Overall,0.4125,4000,0.1757500022649765,-0.2367499977350235,0.1875,0.0060186824525369,11,1142
Bin 1,0.4125,800,0.0062500000931322,-0.4062499999068678,0.1875,0.0027880793566108,11,1142
Bin 2,0.4125,800,0.0562499985098838,-0.3562500014901161,0.1875,0.0081511025105841,11,1142
Bin 3,0.4125,800,0.1724999994039535,-0.2400000005960464,0.1875,0.0133661143619568,11,1142
Bin 4,0.4125,800,0.3075000047683716,-0.1049999952316284,0.1875,0.01632522141514,11,1142
Bin 5,0.4125,800,0.3362500071525574,-0.0762499928474426,0.1875,0.0167132158194904,11,1142
Overall,0.425,4000,0.1774999946355819,-0.247500005364418,0.1875,0.0060421490138955,11,1142
Bin 1,0.425,800,0.0062500000931322,-0.4187499999068678,0.1875,0.0027880793566108,11,1142
Bin 2,0.425,800,0.0562499985098838,-0.3687500014901161,0.1875,0.0081511025105841,11,1142
Bin 3,0.425,800,0.1737499982118606,-0.2512500017881394,0.1875,0.0134043183727895,11,1142
Bin 4,0.425,800,0.3137499988079071,-0.1112500011920929,0.1875,0.0164157075378792,11,1142
Bin 5,0.425,800,0.3375000059604645,-0.0874999940395355,0.1875,0.0167284782470074,11,1142
Overall,0.4375,4000,0.1792500019073486,-0.2582499980926513,0.1875,0.0060653978734198,11,1142
Bin 1,0.4375,800,0.0062500000931322,-0.4312499999068677,0.1875,0.0027880793566108,11,1142
Bin 2,0.4375,800,0.0562499985098838,-0.3812500014901161,0.1875,0.0081511025105841,11,1142
Bin 3,0.4375,800,0.1762499958276748,-0.2612500041723251,0.1875,0.0134799677511817,11,1142
Bin 4,0.4375,800,0.3162499964237213,-0.1212500035762786,0.1875,0.0164509328201934,11,1142
Bin 5,0.4375,800,0.3412500023841858,-0.0962499976158142,0.1875,0.0167734826518473,11,1142
Overall,0.45,4000,0.1805000007152557,-0.2694999992847443,0.1875,0.0060818730016283,11,1142
Bin 1,0.45,800,0.0062500000931322,-0.4437499999068677,0.1875,0.0027880793566108,11,1142
Bin 2,0.45,800,0.0562499985098838,-0.3937500014901161,0.1875,0.0081511025105841,11,1142
Bin 3,0.45,800,0.1762499958276748,-0.2737500041723251,0.1875,0.0134799677511817,11,1142
Bin 4,0.45,800,0.3174999952316284,-0.1325000047683716,0.1875,0.0164683384149572,11,1142
Bin 5,0.45,800,0.3462499976158142,-0.1037500023841858,0.1875,0.0168316748055863,11,1142
Overall,0.4625,4000,0.1835000067949295,-0.2789999932050705,0.1875,0.0061209726280398,11,1142
Bin 1,0.4625,800,0.0062500000931322,-0.4562499999068677,0.1875,0.0027880793566108,11,1142
Bin 2,0.4625,800,0.0562499985098838,-0.4062500014901161,0.1875,0.0081511025105841,11,1142
Bin 3,0.4625,800,0.1774999946355819,-0.285000005364418,0.1875,0.0135174183870973,11,1142
Bin 4,0.4625,800,0.3187499940395355,-0.1437500059604645,0.1875,0.0164856080861346,11,1142
Bin 5,0.4625,800,0.3587499856948852,-0.1037500143051147,0.1875,0.016968217950707,11,1142
Overall,0.475,4000,0.1852499991655349,-0.289750000834465,0.1875,0.0061434962859993,11,1142
Bin 1,0.475,800,0.0062500000931322,-0.4687499999068678,0.1875,0.0027880793566108,11,1142
Bin 2,0.475,800,0.0562499985098838,-0.4187500014901161,0.1875,0.0081511025105841,11,1142
Bin 3,0.475,800,0.1774999946355819,-0.297500005364418,0.1875,0.0135174183870973,11,1142
Bin 4,0.475,800,0.3199999928474426,-0.1550000071525574,0.1875,0.016502739726383,11,1142
Bin 5,0.475,800,0.3662500083446502,-0.1087499916553497,0.1875,0.017044113888163,11,1142
Overall,0.4875,4000,0.1872500032186508,-0.3002499967813492,0.1875,0.0061689848356067,11,1142
Bin 1,0.4875,800,0.0062500000931322,-0.4812499999068678,0.1875,0.0027880793566108,11,1142
Bin 2,0.4875,800,0.0562499985098838,-0.4312500014901161,0.1875,0.0081511025105841,11,1142
Bin 3,0.4875,800,0.1774999946355819,-0.3100000053644181,0.1875,0.0135174183870973,11,1142
Bin 4,0.4875,800,0.3212499916553497,-0.1662500083446503,0.1875,0.0165197364967163,11,1142
Bin 5,0.4875,800,0.375,-0.1125,0.1875,0.0171270378126082,11,1142
Overall,0.5,4000,0.1885000020265579,-0.3114999979734421,0.1875,0.006184779527779,11,1142
Bin 1,0.5,800,0.0062500000931322,-0.4937499999068677,0.1875,0.0027880793566108,11,1142
Bin 2,0.5,800,0.0562499985098838,-0.4437500014901161,0.1875,0.0081511025105841,11,1142
Bin 3,0.5,800,0.178749993443489,-0.3212500065565109,0.1875,0.0135546203566066,11,1142
Bin 4,0.5,800,0.3212499916553497,-0.1787500083446502,0.1875,0.0165197364967163,11,1142
Bin 5,0.5,800,0.3799999952316284,-0.1200000047683715,0.1875,0.0171717387601389,11,1142
Overall,0.5125000000000001,4000,0.1914999932050705,-0.3210000067949295,0.1875,0.0062222680663735,11,1142
Bin 1,0.5125000000000001,800,0.0062500000931322,-0.5062499999068678,0.1875,0.0027880793566108,11,1142
Bin 2,0.5125000000000001,800,0.0562499985098838,-0.4562500014901162,0.1875,0.0081511025105841,11,1142
Bin 3,0.5125000000000001,800,0.1800000071525573,-0.3324999928474427,0.1875,0.013591574713381,11,1142
Bin 4,0.5125000000000001,800,0.3274999856948852,-0.1850000143051148,0.1875,0.016602687816613,11,1142
Bin 5,0.5125000000000001,800,0.387499988079071,-0.125000011920929,0.1875,0.0172351676598053,11,1142
Overall,0.525,4000,0.1959999948740005,-0.3290000051259995,0.1875,0.006277407888541,11,1142
Bin 1,0.525,800,0.0062500000931322,-0.5187499999068678,0.1875,0.0027880793566108,11,1142
Bin 2,0.525,800,0.0562499985098838,-0.4687500014901161,0.1875,0.0081511025105841,11,1142
Bin 3,0.525,800,0.1800000071525573,-0.3449999928474426,0.1875,0.013591574713381,11,1142
Bin 4,0.525,800,0.3362500071525574,-0.1887499928474426,0.1875,0.0167132158194904,11,1142
Bin 5,0.525,800,0.4012500047683716,-0.1237499952316284,0.1875,0.0173403114027855,11,1142
Overall,0.5375,4000,0.1994999945163726,-0.3380000054836273,0.1875,0.006319407849996,11,1142
Bin 1,0.5375,800,0.0062500000931322,-0.5312499999068677,0.1875,0.0027880793566108,11,1142
Bin 2,0.5375,800,0.0562499985098838,-0.4812500014901161,0.1875,0.0081511025105841,11,1142
Bin 3,0.5375,800,0.1800000071525573,-0.3574999928474426,0.1875,0.013591574713381,11,1142
Bin 4,0.5375,800,0.3412500023841858,-0.1962499976158142,0.1875,0.0167734815981761,11,1142
Bin 5,0.5375,800,0.4137499928474426,-0.1237500071525573,0.1875,0.0174235661799915,11,1142
Overall,0.55,4000,0.2025000005960464,-0.3474999994039536,0.1875,0.0063548046603602,11,1142
Bin 1,0.55,800,0.0062500000931322,-0.5437499999068678,0.1875,0.0027880793566108,11,1142
Bin 2,0.55,800,0.0562499985098838,-0.4937500014901161,0.1875,0.0081511025105841,11,1142
Bin 3,0.55,800,0.1800000071525573,-0.3699999928474426,0.1875,0.013591574713381,11,1142
Bin 4,0.55,800,0.3449999988079071,-0.2050000011920929,0.1875,0.0168173206426547,11,1142
Bin 5,0.55,800,0.4250000119209289,-0.124999988079071,0.1875,0.0174885977135726,11,1142
Overall,0.5625,4000,0.2045000046491623,-0.3579999953508377,0.1875,0.0063780959293327,11,1142
Bin 1,0.5625,800,0.0062500000931322,-0.5562499999068677,0.1875,0.0027880793566108,11,1142
Bin 2,0.5625,800,0.0562499985098838,-0.5062500014901161,0.1875,0.0081511025105841,11,1142
Bin 3,0.5625,800,0.1800000071525573,-0.3824999928474426,0.1875,0.013591574713381,11,1142
Bin 4,0.5625,800,0.3474999964237213,-0.2150000035762787,0.1875,0.0168459014743011,11,1142
Bin 5,0.5625,800,0.4325000047683716,-0.1299999952316284,0.1875,0.0175267996170628,11,1142
Overall,0.5750000000000001,4000,0.2074999958276748,-0.3675000041723252,0.1875,0.0064125828214242,11,1142
Bin 1,0.5750000000000001,800,0.0062500000931322,-0.5687499999068678,0.1875,0.0027880793566108,11,1142
Bin 2,0.5750000000000001,800,0.0562499985098838,-0.5187500014901162,0.1875,0.0081511025105841,11,1142
Bin 3,0.5750000000000001,800,0.1825000047683715,-0.3924999952316285,0.1875,0.0136647574474641,11,1142
Bin 4,0.5750000000000001,800,0.3499999940395355,-0.2250000059604645,0.1875,0.016873969168067,11,1142
Bin 5,0.5750000000000001,800,0.4424999952316284,-0.1325000047683716,0.1875,0.0175713730703767,11,1142
Overall,0.5875,4000,0.2092500030994415,-0.3782499969005585,0.1875,0.0064324535327883,11,1142
Bin 1,0.5875,800,0.0062500000931322,-0.5812499999068678,0.1875,0.0027880793566108,11,1142
Bin 2,0.5875,800,0.0562499985098838,-0.5312500014901161,0.1875,0.0081511025105841,11,1142
Bin 3,0.5875,800,0.1825000047683715,-0.4049999952316284,0.1875,0.0136647574474641,11,1142
Bin 4,0.5875,800,0.3512499928474426,-0.2362500071525574,0.1875,0.016887815461474,11,1142
Bin 5,0.5875,800,0.449999988079071,-0.1375000119209289,0.1875,0.0176000624301581,11,1142
Overall,0.6000000000000001,4000,0.2112500071525573,-0.3887499928474427,0.1875,0.0064549418495409,11,1142
Bin 1,0.6000000000000001,800,0.0062500000931322,-0.5937499999068678,0.1875,0.0027880793566108,11,1142
Bin 2,0.6000000000000001,800,0.0562499985098838,-0.5437500014901162,0.1875,0.0081511025105841,11,1142
Bin 3,0.6000000000000001,800,0.1837500035762787,-0.4162499964237214,0.1875,0.0137009879321153,11,1142
Bin 4,0.6000000000000001,800,0.3524999916553497,-0.2475000083446503,0.1875,0.0169015310996507,11,1142
Bin 5,0.6000000000000001,800,0.457500010728836,-0.142499989271164,0.1875,0.0176247120145097,11,1142
Overall,0.6125,4000,0.2119999974966049,-0.4005000025033951,0.1875,0.0064633153594875,11,1142
Bin 1,0.6125,800,0.0062500000931322,-0.6062499999068678,0.1875,0.0027880793566108,11,1142
Bin 2,0.6125,800,0.0562499985098838,-0.5562500014901162,0.1875,0.0081511025105841,11,1142
Bin 3,0.6125,800,0.1837500035762787,-0.4287499964237213,0.1875,0.0137009879321153,11,1142
Bin 4,0.6125,800,0.3549999892711639,-0.2575000107288361,0.1875,0.0169285830543674,11,1142
Bin 5,0.6125,800,0.4587500095367431,-0.1537499904632568,0.1875,0.0176284293665484,11,1142
Overall,0.625,4000,0.2134999930858612,-0.4115000069141388,0.1875,0.0064799643664338,11,1142
Bin 1,0.625,800,0.0062500000931322,-0.6187499999068677,0.1875,0.0027880793566108,11,1142
Bin 2,0.625,800,0.0562499985098838,-0.5687500014901161,0.1875,0.0081511025105841,11,1142
Bin 3,0.625,800,0.1837500035762787,-0.4412499964237213,0.1875,0.0137009879321153,11,1142
Bin 4,0.625,800,0.3587499856948852,-0.2662500143051147,0.1875,0.016968217950707,11,1142
Bin 5,0.625,800,0.4625000059604645,-0.1624999940395355,0.1875,0.0176389102341018,11,1142
Overall,0.6375000000000001,4000,0.2147500067949295,-0.4227499932050705,0.1875,0.0064937394264377,11,1142
Bin 1,0.6375000000000001,800,0.0062500000931322,-0.6312499999068678,0.1875,0.0027880793566108,11,1142
Bin 2,0.6375000000000001,800,0.0562499985098838,-0.5812500014901162,0.1875,0.0081511025105841,11,1142
Bin 3,0.6375000000000001,800,0.1837500035762787,-0.4537499964237214,0.1875,0.0137009879321153,11,1142
Bin 4,0.6375000000000001,800,0.3612500131130218,-0.2762499868869782,0.1875,0.0169940139293381,11,1142
Bin 5,0.6375000000000001,800,0.4662500023841858,-0.1712499976158142,0.1875,0.0176483848456471,11,1142
Overall,0.65,4000,0.2150000035762787,-0.4349999964237213,0.1875,0.0064964833177387,11,1142
Bin 1,0.65,800,0.0062500000931322,-0.6437499999068678,0.1875,0.0027880793566108,11,1142
Bin 2,0.65,800,0.0562499985098838,-0.5937500014901161,0.1875,0.0081511025105841,11,1142
Bin 3,0.65,800,0.1837500035762787,-0.4662499964237213,0.1875,0.0137009879321153,11,1142
Bin 4,0.65,800,0.3625000119209289,-0.287499988079071,0.1875,0.017006725418849,11,1142
Bin 5,0.65,800,0.4662500023841858,-0.1837499976158142,0.1875,0.0176483848456471,11,1142
Overall,0.6625000000000001,4000,0.2157499939203262,-0.4467500060796738,0.1875,0.0065046956717821,11,1142
Bin 1,0.6625000000000001,800,0.0062500000931322,-0.6562499999068678,0.1875,0.0027880793566108,11,1142
Bin 2,0.6625000000000001,800,0.0562499985098838,-0.6062500014901162,0.1875,0.0081511025105841,11,1142
Bin 3,0.6625000000000001,800,0.1837500035762787,-0.4787499964237214,0.1875,0.0137009879321153,11,1142
Bin 4,0.6625000000000001,800,0.363750010728836,-0.298749989271164,0.1875,0.0170193125751568,11,1142
Bin 5,0.6625000000000001,800,0.46875,-0.1937500000000001,0.1875,0.0176541463198385,11,1142
Overall,0.675,4000,0.2167499959468841,-0.4582500040531159,0.1875,0.0065155944287633,11,1142
Bin 1,0.675,800,0.0062500000931322,-0.6687499999068678,0.1875,0.0027880793566108,11,1142
Bin 2,0.675,800,0.0562499985098838,-0.6187500014901162,0.1875,0.0081511025105841,11,1142
Bin 3,0.675,800,0.1837500035762787,-0.4912499964237213,0.1875,0.0137009879321153,11,1142
Bin 4,0.675,800,0.3650000095367431,-0.3099999904632569,0.1875,0.0170317743445903,11,1142
Bin 5,0.675,800,0.4724999964237213,-0.2025000035762787,0.1875,0.0176619550771964,11,1142
Overall,0.6875,4000,0.2172500044107437,-0.4702499955892563,0.1875,0.0065210233093539,11,1142
Bin 1,0.6875,800,0.0062500000931322,-0.6812499999068677,0.1875,0.0027880793566108,11,1142
Bin 2,0.6875,800,0.0562499985098838,-0.6312500014901161,0.1875,0.0081511025105841,11,1142
Bin 3,0.6875,800,0.1837500035762787,-0.5037499964237213,0.1875,0.0137009879321153,11,1142
Bin 4,0.6875,800,0.3662500083446502,-0.3212499916553497,0.1875,0.0170441128344918,11,1142
Bin 5,0.6875,800,0.4737499952316284,-0.2137500047683715,0.1875,0.017664335320466,11,1142
Overall,0.7000000000000001,4000,0.2182500064373016,-0.4817499935626984,0.1875,0.0065318372474386,11,1142
Bin 1,0.7000000000000001,800,0.0062500000931322,-0.6937499999068678,0.1875,0.0027880793566108,11,1142
Bin 2,0.7000000000000001,800,0.0562499985098838,-0.6437500014901162,0.1875,0.0081511025105841,11,1142
Bin 3,0.7000000000000001,800,0.1837500035762787,-0.5162499964237214,0.1875,0.0137009879321153,11,1142
Bin 4,0.7000000000000001,800,0.3662500083446502,-0.3337499916553498,0.1875,0.0170441128344918,11,1142
Bin 5,0.7000000000000001,800,0.4787499904632568,-0.2212500095367432,0.1875,0.0176727467777576,11,1142
Overall,0.7125,4000,0.2195000052452087,-0.4929999947547913,0.1875,0.0065452772728015,11,1142
Bin 1,0.7125,800,0.0062500000931322,-0.7062499999068678,0.1875,0.0027880793566108,11,1142
Bin 2,0.7125,800,0.0562499985098838,-0.6562500014901161,0.1875,0.0081511025105841,11,1142
Bin 3,0.7125,800,0.1837500035762787,-0.5287499964237213,0.1875,0.0137009879321153,11,1142
Bin 4,0.7125,800,0.3662500083446502,-0.3462499916553497,0.1875,0.0170441128344918,11,1142
Bin 5,0.7125,800,0.4850000143051147,-0.2274999856948852,0.1875,0.0176807652156868,11,1142
Overall,0.7250000000000001,4000,0.2205000072717666,-0.5044999927282334,0.1875,0.0065559649249737,11,1142
Bin 1,0.7250000000000001,800,0.0062500000931322,-0.7187499999068678,0.1875,0.0027880793566108,11,1142
Bin 2,0.7250000000000001,800,0.0562499985098838,-0.6687500014901162,0.1875,0.0081511025105841,11,1142
Bin 3,0.7250000000000001,800,0.1837500035762787,-0.5412499964237214,0.1875,0.0137009879321153,11,1142
Bin 4,0.7250000000000001,800,0.3662500083446502,-0.3587499916553498,0.1875,0.0170441128344918,11,1142
Bin 5,0.7250000000000001,800,0.4900000095367431,-0.2349999904632569,0.1875,0.017685188527438,11,1142
Overall,0.7375,4000,0.2217500060796737,-0.5157499939203263,0.1875,0.0065692489778102,11,1142
Bin 1,0.7375,800,0.0062500000931322,-0.7312499999068678,0.1875,0.0027880793566108,11,1142
Bin 2,0.7375,800,0.0562499985098838,-0.6812500014901162,0.1875,0.0081511025105841,11,1142
Bin 3,0.7375,800,0.1837500035762787,-0.5537499964237214,0.1875,0.0137009879321153,11,1142
Bin 4,0.7375,800,0.3662500083446502,-0.3712499916553498,0.1875,0.0170441128344918,11,1142
Bin 5,0.7375,800,0.4962500035762787,-0.2412499964237213,0.1875,0.0176882315299005,11,1142
Overall,0.75,4000,0.2217500060796737,-0.5282499939203262,0.1875,0.0065692489778102,11,1142
Bin 1,0.75,800,0.0062500000931322,-0.7437499999068677,0.1875,0.0027880793566108,11,1142
Bin 2,0.75,800,0.0562499985098838,-0.6937500014901161,0.1875,0.0081511025105841,11,1142
Bin 3,0.75,800,0.1837500035762787,-0.5662499964237213,0.1875,0.0137009879321153,11,1142
Bin 4,0.75,800,0.3662500083446502,-0.3837499916553497,0.1875,0.0170441128344918,11,1142
Bin 5,0.75,800,0.4962500035762787,-0.2537499964237213,0.1875,0.0176882315299005,11,1142
Overall,0.7625000000000001,4000,0.2220000028610229,-0.5404999971389771,0.1875,0.0065718943849481,11,1142
Bin 1,0.7625000000000001,800,0.0062500000931322,-0.7562499999068678,0.1875,0.0027880793566108,11,1142
Bin 2,0.7625000000000001,800,0.0562499985098838,-0.7062500014901162,0.1875,0.0081511025105841,11,1142
Bin 3,0.7625000000000001,800,0.1837500035762787,-0.5787499964237214,0.1875,0.0137009879321153,11,1142
Bin 4,0.7625000000000001,800,0.3675000071525574,-0.3949999928474427,0.1875,0.0170563280448615,11,1142
Bin 5,0.7625000000000001,800,0.4962500035762787,-0.2662499964237214,0.1875,0.0176882315299005,11,1142
Overall,0.775,4000,0.2230000048875808,-0.5519999951124192,0.1875,0.0065824449132377,11,1142
Bin 1,0.775,800,0.0062500000931322,-0.7687499999068678,0.1875,0.0027880793566108,11,1142
Bin 2,0.775,800,0.0562499985098838,-0.7187500014901161,0.1875,0.0081511025105841,11,1142
Bin 3,0.775,800,0.1837500035762787,-0.5912499964237213,0.1875,0.0137009879321153,11,1142
Bin 4,0.775,800,0.3675000071525574,-0.4074999928474426,0.1875,0.0170563280448615,11,1142
Bin 5,0.775,800,0.5012500286102295,-0.2737499713897705,0.1875,0.0176886740718098,11,1142
Overall,0.7875000000000001,4000,0.2237499952316284,-0.5637500047683717,0.1875,0.00659032223264,11,1142
Bin 1,0.7875000000000001,800,0.0062500000931322,-0.7812499999068678,0.1875,0.0027880793566108,11,1142
Bin 2,0.7875000000000001,800,0.0562499985098838,-0.7312500014901162,0.1875,0.0081511025105841,11,1142
Bin 3,0.7875000000000001,800,0.1837500035762787,-0.6037499964237214,0.1875,0.0137009879321153,11,1142
Bin 4,0.7875000000000001,800,0.3675000071525574,-0.4199999928474427,0.1875,0.0170563280448615,11,1142
Bin 5,0.7875000000000001,800,0.5049999952316284,-0.2825000047683716,0.1875,0.0176878437788942,11,1142
Overall,0.8,4000,0.2240000069141388,-0.5759999930858613,0.1875,0.0065929407804606,11,1142
Bin 1,0.8,800,0.0062500000931322,-0.7937499999068678,0.1875,0.0027880793566108,11,1142
Bin 2,0.8,800,0.0562499985098838,-0.7437500014901162,0.1875,0.0081511025105841,11,1142
Bin 3,0.8,800,0.1837500035762787,-0.6162499964237214,0.1875,0.0137009879321153,11,1142
Bin 4,0.8,800,0.3675000071525574,-0.4324999928474426,0.1875,0.0170563280448615,11,1142
Bin 5,0.8,800,0.5062500238418579,-0.2937499761581421,0.1875,0.0176873464460817,11,1142
Overall,0.8125,4000,0.2247499972581863,-0.5877500027418137,0.1875,0.0066007766328468,11,1142
Bin 1,0.8125,800,0.0062500000931322,-0.8062499999068677,0.1875,0.0027880793566108,11,1142
Bin 2,0.8125,800,0.0562499985098838,-0.7562500014901161,0.1875,0.0081511025105841,11,1142
Bin 3,0.8125,800,0.1837500035762787,-0.6287499964237213,0.1875,0.0137009879321153,11,1142
Bin 4,0.8125,800,0.3675000071525574,-0.4449999928474426,0.1875,0.0170563280448615,11,1142
Bin 5,0.8125,800,0.5099999904632568,-0.3025000095367431,0.1875,0.0176851906347804,11,1142
Overall,0.8250000000000001,4000,0.2252500057220459,-0.5997499942779542,0.1875,0.0066059840418744,11,1142
Bin 1,0.8250000000000001,800,0.0062500000931322,-0.8187499999068678,0.1875,0.0027880793566108,11,1142
Bin 2,0.8250000000000001,800,0.0562499985098838,-0.7687500014901162,0.1875,0.0081511025105841,11,1142
Bin 3,0.8250000000000001,800,0.1837500035762787,-0.6412499964237214,0.1875,0.0137009879321153,11,1142
Bin 4,0.8250000000000001,800,0.3675000071525574,-0.4574999928474427,0.1875,0.0170563280448615,11,1142
Bin 5,0.8250000000000001,800,0.512499988079071,-0.312500011920929,0.1875,0.0176831991961883,11,1142
Overall,0.8375,4000,0.2252500057220459,-0.6122499942779541,0.1875,0.0066059840418744,11,1142
Bin 1,0.8375,800,0.0062500000931322,-0.8312499999068678,0.1875,0.0027880793566108,11,1142
Bin 2,0.8375,800,0.0562499985098838,-0.7812500014901161,0.1875,0.0081511025105841,11,1142
Bin 3,0.8375,800,0.1837500035762787,-0.6537499964237213,0.1875,0.0137009879321153,11,1142
Bin 4,0.8375,800,0.3675000071525574,-0.4699999928474426,0.1875,0.0170563280448615,11,1142
Bin 5,0.8375,800,0.512499988079071,-0.325000011920929,0.1875,0.0176831991961883,11,1142
Overall,0.8500000000000001,4000,0.2252500057220459,-0.6247499942779542,0.1875,0.0066059840418744,11,1142
Bin 1,0.8500000000000001,800,0.0062500000931322,-0.8437499999068678,0.1875,0.0027880793566108,11,1142
Bin 2,0.8500000000000001,800,0.0562499985098838,-0.7937500014901162,0.1875,0.0081511025105841,11,1142
Bin 3,0.8500000000000001,800,0.1837500035762787,-0.6662499964237214,0.1875,0.0137009879321153,11,1142
Bin 4,0.8500000000000001,800,0.3675000071525574,-0.4824999928474427,0.1875,0.0170563280448615,11,1142
Bin 5,0.8500000000000001,800,0.512499988079071,-0.337500011920929,0.1875,0.0176831991961883,11,1142
Overall,0.8625,4000,0.225500002503395,-0.636999997496605,0.1875,0.0066085818561871,11,1142
Bin 1,0.8625,800,0.0062500000931322,-0.8562499999068678,0.1875,0.0027880793566108,11,1142
Bin 2,0.8625,800,0.0562499985098838,-0.8062500014901162,0.1875,0.0081511025105841,11,1142
Bin 3,0.8625,800,0.1837500035762787,-0.6787499964237214,0.1875,0.0137009879321153,11,1142
Bin 4,0.8625,800,0.3675000071525574,-0.4949999928474426,0.1875,0.0170563280448615,11,1142
Bin 5,0.8625,800,0.5137500166893005,-0.3487499833106995,0.1875,0.0176820380505118,11,1142
Overall,0.875,4000,0.225500002503395,-0.6494999974966049,0.1875,0.0066085818561871,11,1142
Bin 1,0.875,800,0.0062500000931322,-0.8687499999068677,0.1875,0.0027880793566108,11,1142
Bin 2,0.875,800,0.0562499985098838,-0.8187500014901161,0.1875,0.0081511025105841,11,1142
Bin 3,0.875,800,0.1837500035762787,-0.6912499964237213,0.1875,0.0137009879321153,11,1142
Bin 4,0.875,800,0.3675000071525574,-0.5074999928474426,0.1875,0.0170563280448615,11,1142
Bin 5,0.875,800,0.5137500166893005,-0.3612499833106994,0.1875,0.0176820380505118,11,1142
Overall,0.8875000000000001,4000,0.225500002503395,-0.661999997496605,0.1875,0.0066085818561871,11,1142
Bin 1,0.8875000000000001,800,0.0062500000931322,-0.8812499999068678,0.1875,0.0027880793566108,11,1142
Bin 2,0.8875000000000001,800,0.0562499985098838,-0.8312500014901162,0.1875,0.0081511025105841,11,1142
Bin 3,0.8875000000000001,800,0.1837500035762787,-0.7037499964237214,0.1875,0.0137009879321153,11,1142
Bin 4,0.8875000000000001,800,0.3675000071525574,-0.5199999928474427,0.1875,0.0170563280448615,11,1142
Bin 5,0.8875000000000001,800,0.5137500166893005,-0.3737499833106995,0.1875,0.0176820380505118,11,1142
Overall,0.9,4000,0.2257499992847442,-0.6742500007152558,0.1875,0.0066111773144193,11,1142
Bin 1,0.9,800,0.0062500000931322,-0.8937499999068678,0.1875,0.0027880793566108,11,1142
Bin 2,0.9,800,0.0562499985098838,-0.8437500014901161,0.1875,0.0081511025105841,11,1142
Bin 3,0.9,800,0.1837500035762787,-0.7162499964237213,0.1875,0.0137009879321153,11,1142
Bin 4,0.9,800,0.3675000071525574,-0.5324999928474426,0.1875,0.0170563280448615,11,1142
Bin 5,0.9,800,0.5149999856948853,-0.3850000143051147,0.1875,0.0176807652156868,11,1142
Overall,0.9125,4000,0.2257499992847442,-0.6867500007152558,0.1875,0.0066111773144193,11,1142
Bin 1,0.9125,800,0.0062500000931322,-0.9062499999068678,0.1875,0.0027880793566108,11,1142
Bin 2,0.9125,800,0.0562499985098838,-0.8562500014901162,0.1875,0.0081511025105841,11,1142
Bin 3,0.9125,800,0.1837500035762787,-0.7287499964237214,0.1875,0.0137009879321153,11,1142
Bin 4,0.9125,800,0.3675000071525574,-0.5449999928474427,0.1875,0.0170563280448615,11,1142
Bin 5,0.9125,800,0.5149999856948853,-0.3975000143051148,0.1875,0.0176807652156868,11,1142
Overall,0.925,4000,0.2257499992847442,-0.6992500007152558,0.1875,0.0066111773144193,11,1142
Bin 1,0.925,800,0.0062500000931322,-0.9187499999068678,0.1875,0.0027880793566108,11,1142
Bin 2,0.925,800,0.0562499985098838,-0.8687500014901162,0.1875,0.0081511025105841,11,1142
Bin 3,0.925,800,0.1837500035762787,-0.7412499964237214,0.1875,0.0137009879321153,11,1142
Bin 4,0.925,800,0.3675000071525574,-0.5574999928474427,0.1875,0.0170563280448615,11,1142
Bin 5,0.925,800,0.5149999856948853,-0.4100000143051148,0.1875,0.0176807652156868,11,1142
Overall,0.9375,4000,0.2257499992847442,-0.7117500007152557,0.1875,0.0066111773144193,11,1142
Bin 1,0.9375,800,0.0062500000931322,-0.9312499999068676,0.1875,0.0027880793566108,11,1142
Bin 2,0.9375,800,0.0562499985098838,-0.8812500014901161,0.1875,0.0081511025105841,11,1142
Bin 3,0.9375,800,0.1837500035762787,-0.7537499964237213,0.1875,0.0137009879321153,11,1142
Bin 4,0.9375,800,0.3675000071525574,-0.5699999928474426,0.1875,0.0170563280448615,11,1142
Bin 5,0.9375,800,0.5149999856948853,-0.4225000143051147,0.1875,0.0176807652156868,11,1142
Overall,0.95,4000,0.2257499992847442,-0.7242500007152558,0.1875,0.0066111773144193,11,1142
Bin 1,0.95,800,0.0062500000931322,-0.9437499999068678,0.1875,0.0027880793566108,11,1142
Bin 2,0.95,800,0.0562499985098838,-0.8937500014901162,0.1875,0.0081511025105841,11,1142
Bin 3,0.95,800,0.1837500035762787,-0.7662499964237214,0.1875,0.0137009879321153,11,1142
Bin 4,0.95,800,0.3675000071525574,-0.5824999928474427,0.1875,0.0170563280448615,11,1142
Bin 5,0.95,800,0.5149999856948853,-0.4350000143051148,0.1875,0.0176807652156868,11,1142
Overall,0.9625,4000,0.2257499992847442,-0.7367500007152558,0.1875,0.0066111773144193,11,1142
Bin 1,0.9625,800,0.0062500000931322,-0.9562499999068678,0.1875,0.0027880793566108,11,1142
Bin 2,0.9625,800,0.0562499985098838,-0.906250001490116,0.1875,0.0081511025105841,11,1142
Bin 3,0.9625,800,0.1837500035762787,-0.7787499964237213,0.1875,0.0137009879321153,11,1142
Bin 4,0.9625,800,0.3675000071525574,-0.5949999928474426,0.1875,0.0170563280448615,11,1142
Bin 5,0.9625,800,0.5149999856948853,-0.4475000143051147,0.1875,0.0176807652156868,11,1142
Overall,0.975,4000,0.2257499992847442,-0.7492500007152558,0.1875,0.0066111773144193,11,1142
Bin 1,0.975,800,0.0062500000931322,-0.9687499999068678,0.1875,0.0027880793566108,11,1142
Bin 2,0.975,800,0.0562499985098838,-0.9187500014901162,0.1875,0.0081511025105841,11,1142
Bin 3,0.975,800,0.1837500035762787,-0.7912499964237214,0.1875,0.0137009879321153,11,1142
Bin 4,0.975,800,0.3675000071525574,-0.6074999928474427,0.1875,0.0170563280448615,11,1142
Bin 5,0.975,800,0.5149999856948853,-0.4600000143051148,0.1875,0.0176807652156868,11,1142
Overall,0.9875,4000,0.2257499992847442,-0.7617500007152558,0.1875,0.0066111773144193,11,1142
Bin 1,0.9875,800,0.0062500000931322,-0.9812499999068678,0.1875,0.0027880793566108,11,1142
Bin 2,0.9875,800,0.0562499985098838,-0.9312500014901162,0.1875,0.0081511025105841,11,1142
Bin 3,0.9875,800,0.1837500035762787,-0.8037499964237214,0.1875,0.0137009879321153,11,1142
Bin 4,0.9875,800,0.3675000071525574,-0.6199999928474427,0.1875,0.0170563280448615,11,1142
Bin 5,0.9875,800,0.5149999856948853,-0.4725000143051148,0.1875,0.0176807652156868,11,1142
Overall,1.0,4000,0.2257499992847442,-0.7742500007152557,0.1875,0.0066111773144193,11,1142
Bin 1,1.0,800,0.0062500000931322,-0.9937499999068676,0.1875,0.0027880793566108,11,1142
Bin 2,1.0,800,0.0562499985098838,-0.943750001490116,0.1875,0.0081511025105841,11,1142
Bin 3,1.0,800,0.1837500035762787,-0.8162499964237213,0.1875,0.0137009879321153,11,1142
Bin 4,1.0,800,0.3675000071525574,-0.6324999928474426,0.1875,0.0170563280448615,11,1142
Bin 5,1.0,800,0.5149999856948853,-0.4850000143051147,0.1875,0.0176807652156868,11,1142
Overall,0.0,4000,0.0002500000118743,0.0002500000118743,0.1875,0.0002499999865391,12,1242
Bin 1,0.0,800,0.0,0.0,0.1875,0.0,12,1242
Bin 2,0.0,800,0.0,0.0,0.1875,0.0,12,1242
Bin 3,0.0,800,0.0012499999720603,0.0012499999720603,0.1875,0.0012499999259236,12,1242
Bin 4,0.0,800,0.0,0.0,0.1875,0.0,12,1242
Bin 5,0.0,800,0.0,0.0,0.1875,0.0,12,1242
Overall,0.0125,4000,0.0154999997466802,0.0029999997466802,0.1875,0.0019534309018306,12,1242
Bin 1,0.0125,800,0.0074999998323619,-0.005000000167638,0.1875,0.0030522671300426,12,1242
Bin 2,0.0125,800,0.0099999997764825,-0.0025000002235174,0.1875,0.0035200128548165,12,1242
Bin 3,0.0125,800,0.0162499994039535,0.0037499994039535,0.1875,0.0044729665339558,12,1242
Bin 4,0.0125,800,0.0199999995529651,0.0074999995529651,0.1875,0.0049528442290735,12,1242
Bin 5,0.0125,800,0.0237499997019767,0.0112499997019767,0.1875,0.0053868998704903,12,1242
Overall,0.025,4000,0.0234999991953372,-0.0015000008046627,0.1875,0.0023954896730772,12,1242
Bin 1,0.025,800,0.0074999998323619,-0.017500000167638,0.1875,0.0030522671300426,12,1242
Bin 2,0.025,800,0.0149999996647238,-0.0100000003352761,0.1875,0.004300216875204,12,1242
Bin 3,0.025,800,0.0262499991804361,0.0012499991804361,0.1875,0.0056560733526831,12,1242
Bin 4,0.025,800,0.03125,0.0062499999999999,0.1875,0.0061554170966212,12,1242
Bin 5,0.025,800,0.0375000014901161,0.0125000014901161,0.1875,0.0067211347512655,12,1242
Overall,0.0375,4000,0.0322499983012676,-0.0052500016987323,0.1875,0.0027936418247585,12,1242
Bin 1,0.0375,800,0.0087500000372529,-0.0287499999627471,0.1875,0.0032947484862379,12,1242
Bin 2,0.0375,800,0.018750000745058,-0.0187499992549419,0.1875,0.004798627856701,12,1242
Bin 3,0.0375,800,0.0350000001490116,-0.0024999998509883,0.1875,0.0065016603060011,12,1242
Bin 4,0.0375,800,0.0425000004470348,0.0050000004470348,0.1875,0.0071365851932427,12,1242
Bin 5,0.0375,800,0.0562499985098838,0.0187499985098838,0.1875,0.0081511025105841,12,1242
Overall,0.05,4000,0.0402499996125698,-0.0097500003874301,0.1875,0.0031080379078573,12,1242
Bin 1,0.05,800,0.0087500000372529,-0.0412499999627471,0.1875,0.0032947484862379,12,1242
Bin 2,0.05,800,0.0225000008940696,-0.0274999991059303,0.1875,0.0052465798409073,12,1242
Bin 3,0.05,800,0.0425000004470348,-0.0074999995529651,0.1875,0.0071365851932427,12,1242
Bin 4,0.05,800,0.050000000745058,7.450580569168253e-10,0.1875,0.00771033761772,12,1242
Bin 5,0.05,800,0.0775000005960464,0.0275000005960464,0.1875,0.0094593354200062,12,1242
Overall,0.0625,4000,0.0469999983906745,-0.0155000016093254,0.1875,0.0033467222878803,12,1242
Bin 1,0.0625,800,0.0099999997764825,-0.0525000002235174,0.1875,0.0035200128548165,12,1242
Bin 2,0.0625,800,0.0262499991804361,-0.0362500008195638,0.1875,0.0056560733526831,12,1242
Bin 3,0.0625,800,0.0512499995529651,-0.0112500004470348,0.1875,0.0078009844253192,12,1242
Bin 4,0.0625,800,0.0612500011920928,-0.0012499988079071,0.1875,0.0084831011388385,12,1242
Bin 5,0.0625,800,0.0862499997019767,0.0237499997019767,0.1875,0.0099316150920086,12,1242
Overall,0.075,4000,0.0557500012218952,-0.0192499987781047,0.1875,0.0036281919109747,12,1242
Bin 1,0.075,800,0.0099999997764825,-0.0650000002235174,0.1875,0.0035200128548165,12,1242
Bin 2,0.075,800,0.0274999998509883,-0.0475000001490116,0.1875,0.0057854583824199,12,1242
Bin 3,0.075,800,0.0575000010430812,-0.0174999989569187,0.1875,0.0082357133626409,12,1242
Bin 4,0.075,800,0.0787499994039535,0.0037499994039535,0.1875,0.00952885243194,12,1242
Bin 5,0.075,800,0.1049999967217445,0.0299999967217445,0.1875,0.0108450795448534,12,1242
Overall,0.0875,4000,0.0595000013709068,-0.0279999986290931,0.1875,0.0037407805141582,12,1242
Bin 1,0.0875,800,0.0099999997764825,-0.0775000002235174,0.1875,0.0035200128548165,12,1242
Bin 2,0.0875,800,0.0299999993294477,-0.0575000006705522,0.1875,0.0060349419106597,12,1242
Bin 3,0.0875,800,0.0649999976158142,-0.0225000023841858,0.1875,0.008721458425907,12,1242
Bin 4,0.0875,800,0.0825000032782554,-0.0049999967217445,0.1875,0.0097332225003693,12,1242
Bin 5,0.0875,800,0.1099999994039535,0.0224999994039535,0.1875,0.0110692438806859,12,1242
Overall,0.1,4000,0.0652500018477439,-0.034749998152256,0.1875,0.0039053708759477,12,1242
Bin 1,0.1,800,0.0112500004470348,-0.0887499995529651,0.1875,0.0037311788391504,12,1242
Bin 2,0.1,800,0.03125,-0.06875,0.1875,0.0061554170966212,12,1242
Bin 3,0.1,800,0.0724999979138374,-0.0275000020861625,0.1875,0.0091738695466858,12,1242
Bin 4,0.1,800,0.0900000035762786,-0.0099999964237213,0.1875,0.0101243821330429,12,1242
Bin 5,0.1,800,0.1212500035762786,0.0212500035762786,0.1875,0.0115478234528695,12,1242
Overall,0.1125,4000,0.0719999969005584,-0.0405000030994415,0.1875,0.0040875635148365,12,1242
Bin 1,0.1125,800,0.0112500004470348,-0.1012499995529651,0.1875,0.0037311788391504,12,1242
Bin 2,0.1125,800,0.0362499989569187,-0.0762500010430812,0.1875,0.0066124559413666,12,1242
Bin 3,0.1125,800,0.0775000005960464,-0.0349999994039535,0.1875,0.0094593354200062,12,1242
Bin 4,0.1125,800,0.1037499979138374,-0.0087500020861625,0.1875,0.0107878588759726,12,1242
Bin 5,0.1125,800,0.1312499940395355,0.0187499940395355,0.1875,0.0119460310922853,12,1242
Overall,0.125,4000,0.0769999995827674,-0.0480000004172325,0.1875,0.0042157074324178,12,1242
Bin 1,0.125,800,0.0112500004470348,-0.1137499995529651,0.1875,0.0037311788391504,12,1242
Bin 2,0.125,800,0.0375000014901161,-0.0874999985098838,0.1875,0.0067211347512655,12,1242
Bin 3,0.125,800,0.0850000008940696,-0.0399999991059303,0.1875,0.00986612521145,12,1242
Bin 4,0.125,800,0.1112499982118606,-0.0137500017881393,0.1875,0.0111241390972001,12,1242
Bin 5,0.125,800,0.1400000005960464,0.0150000005960464,0.1875,0.0122755182952041,12,1242
Overall,0.1375,4000,0.0847499966621398,-0.0527500033378601,0.1875,0.0044041693657966,12,1242
Bin 1,0.1375,800,0.0125000001862645,-0.1249999998137355,0.1875,0.003930521315388,12,1242
Bin 2,0.1375,800,0.0399999991059303,-0.0975000008940696,0.1875,0.0069325380750401,12,1242
Bin 3,0.1375,800,0.0925000011920929,-0.0449999988079071,0.1875,0.0102499281117159,12,1242
Bin 4,0.1375,800,0.1199999973177909,-0.017500002682209,0.1875,0.0114963126282907,12,1242
Bin 5,0.1375,800,0.1587499976158142,0.0212499976158141,0.1875,0.0129284372525818,12,1242
Overall,0.15,4000,0.0895000025629997,-0.0604999974370003,0.1875,0.0045141483742652,12,1242
Bin 1,0.15,800,0.0125000001862645,-0.1374999998137355,0.1875,0.003930521315388,12,1242
Bin 2,0.15,800,0.0425000004470348,-0.1074999995529651,0.1875,0.0071365851932427,12,1242
Bin 3,0.15,800,0.0974999964237213,-0.0525000035762787,0.1875,0.0104942765733003,12,1242
Bin 4,0.15,800,0.1274999976158142,-0.0225000023841858,0.1875,0.0117995223248341,12,1242
Bin 5,0.15,800,0.1675000041723251,0.0175000041723251,0.1875,0.013210708394785,12,1242
Overall,0.1625,4000,0.095499999821186,-0.0670000001788139,0.1875,0.0046476160912487,12,1242
Bin 1,0.1625,800,0.0125000001862645,-0.1499999998137355,0.1875,0.003930521315388,12,1242
Bin 2,0.1625,800,0.0425000004470348,-0.1199999995529651,0.1875,0.0071365851932427,12,1242
Bin 3,0.1625,800,0.1024999991059303,-0.0600000008940696,0.1875,0.0107301493036491,12,1242
Bin 4,0.1625,800,0.1387500017881393,-0.0237499982118606,0.1875,0.0122294728632059,12,1242
Bin 5,0.1625,800,0.1812500059604644,0.0187500059604644,0.1875,0.0136282877794476,12,1242
Overall,0.175,4000,0.1012500002980232,-0.0737499997019767,0.1875,0.0047702514927199,12,1242
Bin 1,0.175,800,0.0125000001862645,-0.1624999998137355,0.1875,0.003930521315388,12,1242
Bin 2,0.175,800,0.0437499992549419,-0.131250000745058,0.1875,0.007236047014208,12,1242
Bin 3,0.175,800,0.1099999994039535,-0.0650000005960464,0.1875,0.0110692438806859,12,1242
Bin 4,0.175,800,0.1525000035762787,-0.0224999964237213,0.1875,0.0127183678765626,12,1242
Bin 5,0.175,800,0.1875,0.0124999999999999,0.1875,0.013808259037274,12,1242
Overall,0.1875,4000,0.1057500019669532,-0.0817499980330467,0.1875,0.0048628845656429,12,1242
Bin 1,0.1875,800,0.0125000001862645,-0.1749999998137354,0.1875,0.003930521315388,12,1242
Bin 2,0.1875,800,0.0437499992549419,-0.143750000745058,0.1875,0.007236047014208,12,1242
Bin 3,0.1875,800,0.1187499985098838,-0.0687500014901161,0.1875,0.0114443982476374,12,1242
Bin 4,0.1875,800,0.1599999964237213,-0.0275000035762786,0.1875,0.012969590489139,12,1242
Bin 5,0.1875,800,0.1937499940395355,0.0062499940395355,0.1875,0.0139824192983619,12,1242
Overall,0.2,4000,0.1097500026226043,-0.0902499973773956,0.1875,0.0049429083671723,12,1242
Bin 1,0.2,800,0.0125000001862645,-0.1874999998137355,0.1875,0.003930521315388,12,1242
Bin 2,0.2,800,0.0450000017881393,-0.1549999982118606,0.1875,0.0073338925035328,12,1242
Bin 3,0.2,800,0.1225000023841857,-0.0774999976158142,0.1875,0.0115989380970723,12,1242
Bin 4,0.2,800,0.166250005364418,-0.0337499946355819,0.1875,0.0131711999389909,12,1242
Bin 5,0.2,800,0.2025000005960464,0.0025000005960464,0.1875,0.0142168864313129,12,1242
Overall,0.2125,4000,0.1129999980330467,-0.0995000019669533,0.1875,0.0050063976672658,12,1242
Bin 1,0.2125,800,0.0125000001862645,-0.1999999998137355,0.1875,0.003930521315388,12,1242
Bin 2,0.2125,800,0.0450000017881393,-0.1674999982118606,0.1875,0.0073338925035328,12,1242
Bin 3,0.2125,800,0.1287499964237213,-0.0837500035762787,0.1875,0.011848725609457,12,1242
Bin 4,0.2125,800,0.1700000017881393,-0.0424999982118606,0.1875,0.0132889329456212,12,1242
Bin 5,0.2125,800,0.2087499946355819,-0.003750005364418,0.1875,0.0143779411298563,12,1242
Overall,0.225,4000,0.1164999976754188,-0.1085000023245811,0.1875,0.0050732999855103,12,1242
Bin 1,0.225,800,0.0125000001862645,-0.2124999998137355,0.1875,0.003930521315388,12,1242
Bin 2,0.225,800,0.0462500005960464,-0.1787499994039535,0.1875,0.0074301875156681,12,1242
Bin 3,0.225,800,0.1362500041723251,-0.0887499958276748,0.1875,0.0121363715285165,12,1242
Bin 4,0.225,800,0.1712500005960464,-0.0537499994039535,0.1875,0.0133276532553482,12,1242
Bin 5,0.225,800,0.2162500023841858,-0.0087499976158142,0.1875,0.0145644282904625,12,1242
Overall,0.2375,4000,0.1199999973177909,-0.117500002682209,0.1875,0.0051387354080618,12,1242
Bin 1,0.2375,800,0.0125000001862645,-0.2249999998137355,0.1875,0.003930521315388,12,1242
Bin 2,0.2375,800,0.0474999994039535,-0.1900000005960464,0.1875,0.0075249900025305,12,1242
Bin 3,0.2375,800,0.1387500017881393,-0.0987499982118606,0.1875,0.0122294728632059,12,1242
Bin 4,0.2375,800,0.178749993443489,-0.0587500065565109,0.1875,0.0135546193029354,12,1242
Bin 5,0.2375,800,0.2224999964237213,-0.0150000035762787,0.1875,0.0147143741334097,12,1242
Overall,0.25,4000,0.124499998986721,-0.1255000010132789,0.1875,0.0052208000464837,12,1242
Bin 1,0.25,800,0.0125000001862645,-0.2374999998137354,0.1875,0.003930521315388,12,1242
Bin 2,0.25,800,0.0487499982118606,-0.2012500017881393,0.1875,0.0076183558086942,12,1242
Bin 3,0.25,800,0.1437499970197677,-0.1062500029802322,0.1875,0.012411686333373,12,1242
Bin 4,0.25,800,0.1825000047683715,-0.0674999952316284,0.1875,0.0136647574474641,12,1242
Bin 5,0.25,800,0.2349999994039535,-0.0150000005960464,0.1875,0.0150000001647544,12,1242
Overall,0.2625,4000,0.1270000040531158,-0.1354999959468841,0.1875,0.0052654237391364,12,1242
Bin 1,0.2625,800,0.0125000001862645,-0.2499999998137355,0.1875,0.003930521315388,12,1242
Bin 2,0.2625,800,0.0487499982118606,-0.2137500017881393,0.1875,0.0076183558086942,12,1242
Bin 3,0.2625,800,0.147499993443489,-0.1150000065565109,0.1875,0.0125449757417887,12,1242
Bin 4,0.2625,800,0.1887499988079071,-0.0737500011920929,0.1875,0.0138435496472034,12,1242
Bin 5,0.2625,800,0.2374999970197677,-0.0250000029802322,0.1875,0.0150549164546929,12,1242
Overall,0.275,4000,0.1309999972581863,-0.1440000027418136,0.1875,0.0053354351411528,12,1242
Bin 1,0.275,800,0.0125000001862645,-0.2624999998137355,0.1875,0.003930521315388,12,1242
Bin 2,0.275,800,0.0487499982118606,-0.2262500017881393,0.1875,0.0076183558086942,12,1242
Bin 3,0.275,800,0.1500000059604644,-0.1249999940395355,0.1875,0.0126322787237942,12,1242
Bin 4,0.275,800,0.197500005364418,-0.0774999946355819,0.1875,0.014084215527899,12,1242
Bin 5,0.275,800,0.2462500035762787,-0.0287499964237213,0.1875,0.0152415237338173,12,1242
Overall,0.2875,4000,0.1347499936819076,-0.1527500063180923,0.1875,0.0053995733058043,12,1242
Bin 1,0.2875,800,0.0125000001862645,-0.2749999998137355,0.1875,0.003930521315388,12,1242
Bin 2,0.2875,800,0.050000000745058,-0.2374999992549419,0.1875,0.00771033761772,12,1242
Bin 3,0.2875,800,0.1525000035762787,-0.1349999964237213,0.1875,0.0127183678765626,12,1242
Bin 4,0.2875,800,0.197500005364418,-0.089999994635582,0.1875,0.014084215527899,12,1242
Bin 5,0.2875,800,0.2612499892711639,-0.026250010728836,0.1875,0.0155418779813741,12,1242
Overall,0.3,4000,0.1375000029802322,-0.1624999970197678,0.1875,0.0054457185552165,12,1242
Bin 1,0.3,800,0.0125000001862645,-0.2874999998137355,0.1875,0.003930521315388,12,1242
Bin 2,0.3,800,0.0512499995529651,-0.2487500004470348,0.1875,0.0078009844253192,12,1242
Bin 3,0.3,800,0.1525000035762787,-0.1474999964237213,0.1875,0.0127183678765626,12,1242
Bin 4,0.3,800,0.2025000005960464,-0.0974999994039536,0.1875,0.0142168864313129,12,1242
Bin 5,0.3,800,0.2687500119209289,-0.031249988079071,0.1875,0.0156831679153084,12,1242
Overall,0.3125,4000,0.1424999982118606,-0.1700000017881393,0.1875,0.0055277553918891,12,1242
Bin 1,0.3125,800,0.0125000001862645,-0.2999999998137355,0.1875,0.003930521315388,12,1242
Bin 2,0.3125,800,0.0512499995529651,-0.2612500004470348,0.1875,0.0078009844253192,12,1242
Bin 3,0.3125,800,0.1525000035762787,-0.1599999964237213,0.1875,0.0127183678765626,12,1242
Bin 4,0.3125,800,0.2150000035762787,-0.0974999964237213,0.1875,0.0145338486445254,12,1242
Bin 5,0.3125,800,0.28125,-0.03125,0.1875,0.0159060309671931,12,1242
Overall,0.325,4000,0.1465000063180923,-0.1784999936819076,0.1875,0.0055917126095614,12,1242
Bin 1,0.325,800,0.0125000001862645,-0.3124999998137355,0.1875,0.003930521315388,12,1242
Bin 2,0.325,800,0.0512499995529651,-0.2737500004470348,0.1875,0.0078009844253192,12,1242
Bin 3,0.325,800,0.1537500023841858,-0.1712499976158142,0.1875,0.0127609656963525,12,1242
Bin 4,0.325,800,0.228750005364418,-0.0962499946355819,0.1875,0.0148595194503115,12,1242
Bin 5,0.325,800,0.2862499952316284,-0.0387500047683715,0.1875,0.0159908810026152,12,1242
Overall,0.3375,4000,0.1494999974966049,-0.1880000025033951,0.1875,0.005638739975497,12,1242
Bin 1,0.3375,800,0.0125000001862645,-0.3249999998137355,0.1875,0.003930521315388,12,1242
Bin 2,0.3375,800,0.0512499995529651,-0.2862500004470348,0.1875,0.0078009844253192,12,1242
Bin 3,0.3375,800,0.15625,-0.18125,0.1875,0.0128452783594561,12,1242
Bin 4,0.3375,800,0.2337500005960464,-0.1037499994039535,0.1875,0.0149722706994478,12,1242
Bin 5,0.3375,800,0.293749988079071,-0.0437500119209289,0.1875,0.016113682167779,12,1242
Overall,0.35,4000,0.1509999930858612,-0.1990000069141388,0.1875,0.0056619572635432,12,1242
Bin 1,0.35,800,0.0125000001862645,-0.3374999998137355,0.1875,0.003930521315388,12,1242
Bin 2,0.35,800,0.0512499995529651,-0.2987500004470348,0.1875,0.0078009844253192,12,1242
Bin 3,0.35,800,0.15625,-0.19375,0.1875,0.0128452783594561,12,1242
Bin 4,0.35,800,0.2374999970197677,-0.1125000029802322,0.1875,0.0150549164546929,12,1242
Bin 5,0.35,800,0.2975000143051147,-0.0524999856948852,0.1875,0.0161730986874672,12,1242
Overall,0.3625,4000,0.1527500003576278,-0.2097499996423721,0.1875,0.0056888005594138,12,1242
Bin 1,0.3625,800,0.0125000001862645,-0.3499999998137355,0.1875,0.003930521315388,12,1242
Bin 2,0.3625,800,0.0537500008940696,-0.3087499991059304,0.1875,0.0079784547945221,12,1242
Bin 3,0.3625,800,0.15625,-0.20625,0.1875,0.0128452783594561,12,1242
Bin 4,0.3625,800,0.2425000071525573,-0.1199999928474426,0.1875,0.0151626037599806,12,1242
Bin 5,0.3625,800,0.2987500131130218,-0.0637499868869782,0.1875,0.0161926147856702,12,1242
Overall,0.375,4000,0.1547500044107437,-0.2202499955892563,0.1875,0.0057191591273273,12,1242
Bin 1,0.375,800,0.0125000001862645,-0.3624999998137355,0.1875,0.003930521315388,12,1242
Bin 2,0.375,800,0.0537500008940696,-0.3212499991059303,0.1875,0.0079784547945221,12,1242
Bin 3,0.375,800,0.15625,-0.21875,0.1875,0.0128452783594561,12,1242
Bin 4,0.375,800,0.2462500035762787,-0.1287499964237213,0.1875,0.0152415237338173,12,1242
Bin 5,0.375,800,0.3050000071525574,-0.0699999928474426,0.1875,0.0162880447337397,12,1242
Overall,0.3875,4000,0.1570000052452087,-0.2304999947547912,0.1875,0.0057529142208286,12,1242
Bin 1,0.3875,800,0.0125000001862645,-0.3749999998137355,0.1875,0.003930521315388,12,1242
Bin 2,0.3875,800,0.0537500008940696,-0.3337499991059303,0.1875,0.0079784547945221,12,1242
Bin 3,0.3875,800,0.1574999988079071,-0.2300000011920929,0.1875,0.0128870005784683,12,1242
Bin 4,0.3875,800,0.2487500011920929,-0.1387499988079071,0.1875,0.0152932705807477,12,1242
Bin 5,0.3875,800,0.3125,-0.075,0.1875,0.0163978899576713,12,1242
Overall,0.4,4000,0.1592500060796737,-0.2407499939203262,0.1875,0.0057862537017371,12,1242
Bin 1,0.4,800,0.0125000001862645,-0.3874999998137355,0.1875,0.003930521315388,12,1242
Bin 2,0.4,800,0.0537500008940696,-0.3462499991059303,0.1875,0.0079784547945221,12,1242
Bin 3,0.4,800,0.1574999988079071,-0.2425000011920929,0.1875,0.0128870005784683,12,1242
Bin 4,0.4,800,0.2512499988079071,-0.1487500011920929,0.1875,0.0153443346487323,12,1242
Bin 5,0.4,800,0.3212499916553497,-0.0787500083446502,0.1875,0.0165197364967163,12,1242
Overall,0.4125,4000,0.1612499952316284,-0.2512500047683716,0.1875,0.0058155449652032,12,1242
Bin 1,0.4125,800,0.0125000001862645,-0.3999999998137355,0.1875,0.003930521315388,12,1242
Bin 2,0.4125,800,0.0537500008940696,-0.3587499991059303,0.1875,0.0079784547945221,12,1242
Bin 3,0.4125,800,0.1587499976158142,-0.2537500023841858,0.1875,0.0129284361989106,12,1242
Bin 4,0.4125,800,0.2562499940395355,-0.1562500059604645,0.1875,0.0154444344676169,12,1242
Bin 5,0.4125,800,0.324999988079071,-0.0875000119209289,0.1875,0.0165699112661973,12,1242
Overall,0.425,4000,0.1650000065565109,-0.2599999934434891,0.1875,0.0058696132419786,12,1242
Bin 1,0.425,800,0.0125000001862645,-0.4124999998137355,0.1875,0.003930521315388,12,1242
Bin 2,0.425,800,0.0537500008940696,-0.3712499991059304,0.1875,0.0079784547945221,12,1242
Bin 3,0.425,800,0.1612499952316284,-0.2637500047683716,0.1875,0.0130104623954825,12,1242
Bin 4,0.425,800,0.2612499892711639,-0.1637500107288361,0.1875,0.0155418779813741,12,1242
Bin 5,0.425,800,0.3362500071525574,-0.0887499928474426,0.1875,0.0167132158194904,12,1242
Overall,0.4375,4000,0.1669999957084655,-0.2705000042915344,0.1875,0.0058980040114938,12,1242
Bin 1,0.4375,800,0.0125000001862645,-0.4249999998137355,0.1875,0.003930521315388,12,1242
Bin 2,0.4375,800,0.0537500008940696,-0.3837499991059303,0.1875,0.0079784547945221,12,1242
Bin 3,0.4375,800,0.1624999940395355,-0.2750000059604645,0.1875,0.0130510571862969,12,1242
Bin 4,0.4375,800,0.2649999856948852,-0.1725000143051147,0.1875,0.0156132473473,12,1242
Bin 5,0.4375,800,0.3412500023841858,-0.0962499976158142,0.1875,0.0167734815981761,12,1242
Overall,0.45,4000,0.1710000038146972,-0.2789999961853027,0.1875,0.0059538737473871,12,1242
Bin 1,0.45,800,0.0125000001862645,-0.4374999998137355,0.1875,0.003930521315388,12,1242
Bin 2,0.45,800,0.0537500008940696,-0.3962499991059303,0.1875,0.0079784547945221,12,1242
Bin 3,0.45,800,0.1637499928474426,-0.2862500071525574,0.1875,0.0130913769689249,12,1242
Bin 4,0.45,800,0.2750000059604645,-0.1749999940395355,0.1875,0.015796539776789,12,1242
Bin 5,0.45,800,0.3499999940395355,-0.1000000059604644,0.1875,0.0168739702217382,12,1242
Overall,0.4625,4000,0.1735000014305114,-0.2889999985694885,0.1875,0.0059881891168212,12,1242
Bin 1,0.4625,800,0.0125000001862645,-0.4499999998137355,0.1875,0.003930521315388,12,1242
Bin 2,0.4625,800,0.0537500008940696,-0.4087499991059303,0.1875,0.0079784547945221,12,1242
Bin 3,0.4625,800,0.1637499928474426,-0.2987500071525574,0.1875,0.0130913769689249,12,1242
Bin 4,0.4625,800,0.2787500023841858,-0.1837499976158142,0.1875,0.0158626945238829,12,1242
Bin 5,0.4625,800,0.3587499856948852,-0.1037500143051147,0.1875,0.016968217950707,12,1242
Overall,0.475,4000,0.1759999990463256,-0.2990000009536743,0.1875,0.0060220488202948,12,1242
Bin 1,0.475,800,0.0125000001862645,-0.4624999998137355,0.1875,0.003930521315388,12,1242
Bin 2,0.475,800,0.0537500008940696,-0.4212499991059303,0.1875,0.0079784547945221,12,1242
Bin 3,0.475,800,0.166250005364418,-0.308749994635582,0.1875,0.0131712009926621,12,1242
Bin 4,0.475,800,0.2837499976158142,-0.1912500023841858,0.1875,0.015948757334871,12,1242
Bin 5,0.475,800,0.363750010728836,-0.1112499892711639,0.1875,0.0170193125751568,12,1242
Overall,0.4875,4000,0.1782499998807907,-0.3092500001192093,0.1875,0.0060521397374683,12,1242
Bin 1,0.4875,800,0.0125000001862645,-0.4749999998137355,0.1875,0.003930521315388,12,1242
Bin 2,0.4875,800,0.0537500008940696,-0.4337499991059304,0.1875,0.0079784547945221,12,1242
Bin 3,0.4875,800,0.1675000041723251,-0.3199999958276749,0.1875,0.013210708394785,12,1242
Bin 4,0.4875,800,0.2862499952316284,-0.2012500047683716,0.1875,0.0159908810026152,12,1242
Bin 5,0.4875,800,0.3712500035762787,-0.1162499964237213,0.1875,0.0170922339987791,12,1242
Overall,0.5,4000,0.1812500059604644,-0.3187499940395355,0.1875,0.0060917063390265,12,1242
Bin 1,0.5,800,0.0125000001862645,-0.4874999998137355,0.1875,0.003930521315388,12,1242
Bin 2,0.5,800,0.0537500008940696,-0.4462499991059303,0.1875,0.0079784547945221,12,1242
Bin 3,0.5,800,0.1687500029802322,-0.3312499970197677,0.1875,0.0132499523791047,12,1242
Bin 4,0.5,800,0.2899999916553497,-0.2100000083446502,0.1875,0.0160529475054035,12,1242
Bin 5,0.5,800,0.3812499940395355,-0.1187500059604644,0.1875,0.0171826105397123,12,1242
Overall,0.5125000000000001,4000,0.1844999939203262,-0.3280000060796738,0.1875,0.006133868398817,12,1242
Bin 1,0.5125000000000001,800,0.0125000001862645,-0.4999999998137355,0.1875,0.003930521315388,12,1242
Bin 2,0.5125000000000001,800,0.0537500008940696,-0.4587499991059304,0.1875,0.0079784547945221,12,1242
Bin 3,0.5125000000000001,800,0.1687500029802322,-0.3437499970197678,0.1875,0.0132499523791047,12,1242
Bin 4,0.5125000000000001,800,0.2924999892711639,-0.2200000107288361,0.1875,0.0160935833893953,12,1242
Bin 5,0.5125000000000001,800,0.395000010728836,-0.117499989271164,0.1875,0.0172942944199101,12,1242
Overall,0.525,4000,0.1877499967813491,-0.3372500032186508,0.1875,0.0061753151525804,12,1242
Bin 1,0.525,800,0.0125000001862645,-0.5124999998137355,0.1875,0.003930521315388,12,1242
Bin 2,0.525,800,0.0537500008940696,-0.4712499991059303,0.1875,0.0079784547945221,12,1242
Bin 3,0.525,800,0.1687500029802322,-0.3562499970197678,0.1875,0.0132499523791047,12,1242
Bin 4,0.525,800,0.2975000143051147,-0.2274999856948852,0.1875,0.0161730986874672,12,1242
Bin 5,0.525,800,0.40625,-0.11875,0.1875,0.0173750119568357,12,1242
Overall,0.5375,4000,0.1902499943971634,-0.3472500056028366,0.1875,0.006206719349001,12,1242
Bin 1,0.5375,800,0.0125000001862645,-0.5249999998137355,0.1875,0.003930521315388,12,1242
Bin 2,0.5375,800,0.0537500008940696,-0.4837499991059303,0.1875,0.0079784547945221,12,1242
Bin 3,0.5375,800,0.1712500005960464,-0.3662499994039535,0.1875,0.0133276532553482,12,1242
Bin 4,0.5375,800,0.301250010728836,-0.2362499892711639,0.1875,0.0162312170842213,12,1242
Bin 5,0.5375,800,0.4124999940395355,-0.1250000059604644,0.1875,0.0174157626909897,12,1242
Overall,0.55,4000,0.1927500069141388,-0.3572499930858612,0.1875,0.0062377145298542,12,1242
Bin 1,0.55,800,0.0125000001862645,-0.5374999998137355,0.1875,0.003930521315388,12,1242
Bin 2,0.55,800,0.0537500008940696,-0.4962499991059304,0.1875,0.0079784547945221,12,1242
Bin 3,0.55,800,0.1724999994039535,-0.3775000005960465,0.1875,0.0133661143619568,12,1242
Bin 4,0.55,800,0.3050000071525574,-0.2449999928474426,0.1875,0.0162880447337397,12,1242
Bin 5,0.55,800,0.4199999868869781,-0.1300000131130219,0.1875,0.0174608450674993,12,1242
Overall,0.5625,4000,0.1949999928474426,-0.3675000071525574,0.1875,0.0062652665347264,12,1242
Bin 1,0.5625,800,0.0125000001862645,-0.5499999998137355,0.1875,0.003930521315388,12,1242
Bin 2,0.5625,800,0.0549999997019767,-0.5075000002980232,0.1875,0.0080653621229871,12,1242
Bin 3,0.5625,800,0.1724999994039535,-0.3900000005960464,0.1875,0.0133661143619568,12,1242
Bin 4,0.5625,800,0.3075000047683716,-0.2549999952316284,0.1875,0.01632522141514,12,1242
Bin 5,0.5625,800,0.4275000095367431,-0.1349999904632568,0.1875,0.017501787569814,12,1242
Overall,0.5750000000000001,4000,0.1969999969005584,-0.3780000030994416,0.1875,0.0062894860993993,12,1242
Bin 1,0.5750000000000001,800,0.0125000001862645,-0.5624999998137356,0.1875,0.003930521315388,12,1242
Bin 2,0.5750000000000001,800,0.0549999997019767,-0.5200000002980233,0.1875,0.0080653621229871,12,1242
Bin 3,0.5750000000000001,800,0.1724999994039535,-0.4025000005960465,0.1875,0.0133661143619568,12,1242
Bin 4,0.5750000000000001,800,0.3125,-0.2625,0.1875,0.0163978899576713,12,1242
Bin 5,0.5750000000000001,800,0.4325000047683716,-0.1424999952316284,0.1875,0.0175267985633916,12,1242
Overall,0.5875,4000,0.1990000009536743,-0.3884999990463257,0.1875,0.0063134554483276,12,1242
Bin 1,0.5875,800,0.0125000001862645,-0.5749999998137355,0.1875,0.003930521315388,12,1242
Bin 2,0.5875,800,0.0549999997019767,-0.5325000002980232,0.1875,0.0080653621229871,12,1242
Bin 3,0.5875,800,0.1724999994039535,-0.4150000005960464,0.1875,0.0133661143619568,12,1242
Bin 4,0.5875,800,0.3162499964237213,-0.2712500035762787,0.1875,0.0164509328201934,12,1242
Bin 5,0.5875,800,0.4387499988079071,-0.1487500011920929,0.1875,0.0175555047819124,12,1242
Overall,0.6000000000000001,4000,0.2012500017881393,-0.3987499982118607,0.1875,0.0063401234518122,12,1242
Bin 1,0.6000000000000001,800,0.0125000001862645,-0.5874999998137356,0.1875,0.003930521315388,12,1242
Bin 2,0.6000000000000001,800,0.0549999997019767,-0.5450000002980233,0.1875,0.0080653621229871,12,1242
Bin 3,0.6000000000000001,800,0.1737499982118606,-0.4262500017881394,0.1875,0.0134043183727895,12,1242
Bin 4,0.6000000000000001,800,0.3187499940395355,-0.2812500059604645,0.1875,0.0164856080861346,12,1242
Bin 5,0.6000000000000001,800,0.4462499916553497,-0.1537500083446503,0.1875,0.017586225619792,12,1242
Overall,0.6125,4000,0.2045000046491623,-0.4079999953508377,0.1875,0.0063780959293327,12,1242
Bin 1,0.6125,800,0.0125000001862645,-0.5999999998137355,0.1875,0.003930521315388,12,1242
Bin 2,0.6125,800,0.0549999997019767,-0.5575000002980233,0.1875,0.0080653621229871,12,1242
Bin 3,0.6125,800,0.1774999946355819,-0.4350000053644181,0.1875,0.0135174183870973,12,1242
Bin 4,0.6125,800,0.324999988079071,-0.287500011920929,0.1875,0.0165699112661973,12,1242
Bin 5,0.6125,800,0.4524999856948852,-0.1600000143051148,0.1875,0.0176087278222119,12,1242
Overall,0.625,4000,0.2062499970197677,-0.4187500029802322,0.1875,0.0063982785857494,12,1242
Bin 1,0.625,800,0.0125000001862645,-0.6124999998137355,0.1875,0.003930521315388,12,1242
Bin 2,0.625,800,0.0549999997019767,-0.5700000002980232,0.1875,0.0080653621229871,12,1242
Bin 3,0.625,800,0.1774999946355819,-0.447500005364418,0.1875,0.0135174183870973,12,1242
Bin 4,0.625,800,0.3274999856948852,-0.2975000143051147,0.1875,0.0166026867629418,12,1242
Bin 5,0.625,800,0.4587500095367431,-0.1662499904632568,0.1875,0.0176284293665484,12,1242
Overall,0.6375000000000001,4000,0.2080000042915344,-0.4294999957084656,0.1875,0.0064182788815387,12,1242
Bin 1,0.6375000000000001,800,0.0125000001862645,-0.6249999998137356,0.1875,0.003930521315388,12,1242
Bin 2,0.6375000000000001,800,0.0549999997019767,-0.5825000002980233,0.1875,0.0080653621229871,12,1242
Bin 3,0.6375000000000001,800,0.1774999946355819,-0.4600000053644181,0.1875,0.0135174183870973,12,1242
Bin 4,0.6375000000000001,800,0.3312500119209289,-0.3062499880790711,0.1875,0.0166508511277488,12,1242
Bin 5,0.6375000000000001,800,0.4637500047683716,-0.1737499952316284,0.1875,0.0176421787222038,12,1242
Overall,0.65,4000,0.2094999998807907,-0.4405000001192093,0.1875,0.0064352770596088,12,1242
Bin 1,0.65,800,0.0125000001862645,-0.6374999998137355,0.1875,0.003930521315388,12,1242
Bin 2,0.65,800,0.0549999997019767,-0.5950000002980232,0.1875,0.0080653621229871,12,1242
Bin 3,0.65,800,0.1774999946355819,-0.472500005364418,0.1875,0.0135174183870973,12,1242
Bin 4,0.65,800,0.3312500119209289,-0.318749988079071,0.1875,0.0166508511277488,12,1242
Bin 5,0.65,800,0.4712499976158142,-0.1787500023841858,0.1875,0.0176594620911069,12,1242
Overall,0.6625000000000001,4000,0.2112500071525573,-0.4512499928474427,0.1875,0.0064549418495409,12,1242
Bin 1,0.6625000000000001,800,0.0125000001862645,-0.6499999998137356,0.1875,0.003930521315388,12,1242
Bin 2,0.6625000000000001,800,0.0549999997019767,-0.6075000002980233,0.1875,0.0080653621229871,12,1242
Bin 3,0.6625000000000001,800,0.1774999946355819,-0.4850000053644181,0.1875,0.0135174183870973,12,1242
Bin 4,0.6625000000000001,800,0.3337500095367431,-0.3287499904632569,0.1875,0.016682297945094,12,1242
Bin 5,0.6625000000000001,800,0.4774999916553497,-0.1850000083446503,0.1875,0.0176708101300685,12,1242
Overall,0.675,4000,0.213249996304512,-0.461750003695488,0.1875,0.0064771983279764,12,1242
Bin 1,0.675,800,0.0125000001862645,-0.6624999998137355,0.1875,0.003930521315388,12,1242
Bin 2,0.675,800,0.0549999997019767,-0.6200000002980233,0.1875,0.0080653621229871,12,1242
Bin 3,0.675,800,0.1774999946355819,-0.4975000053644181,0.1875,0.0135174183870973,12,1242
Bin 4,0.675,800,0.3337500095367431,-0.3412499904632569,0.1875,0.016682297945094,12,1242
Bin 5,0.675,800,0.4875000119209289,-0.1874999880790711,0.1875,0.0176831991961883,12,1242
Overall,0.6875,4000,0.2144999951124191,-0.4730000048875808,0.1875,0.0064909912941919,12,1242
Bin 1,0.6875,800,0.0125000001862645,-0.6749999998137355,0.1875,0.003930521315388,12,1242
Bin 2,0.6875,800,0.0549999997019767,-0.6325000002980232,0.1875,0.0080653621229871,12,1242
Bin 3,0.6875,800,0.1774999946355819,-0.510000005364418,0.1875,0.0135174183870973,12,1242
Bin 4,0.6875,800,0.3362500071525574,-0.3512499928474426,0.1875,0.0167132168731616,12,1242
Bin 5,0.6875,800,0.4912500083446502,-0.1962499916553497,0.1875,0.0176860188203536,12,1242
Overall,0.7000000000000001,4000,0.2164999991655349,-0.4835000008344651,0.1875,0.006512875040699,12,1242
Bin 1,0.7000000000000001,800,0.0125000001862645,-0.6874999998137356,0.1875,0.003930521315388,12,1242
Bin 2,0.7000000000000001,800,0.0549999997019767,-0.6450000002980233,0.1875,0.0080653621229871,12,1242
Bin 3,0.7000000000000001,800,0.1774999946355819,-0.5225000053644181,0.1875,0.0135174183870973,12,1242
Bin 4,0.7000000000000001,800,0.3412500023841858,-0.3587499976158143,0.1875,0.0167734815981761,12,1242
Bin 5,0.7000000000000001,800,0.4962500035762787,-0.2037499964237213,0.1875,0.0176882315299005,12,1242
Overall,0.7125,4000,0.2172500044107437,-0.4952499955892563,0.1875,0.0065210233093539,12,1242
Bin 1,0.7125,800,0.0125000001862645,-0.6999999998137355,0.1875,0.003930521315388,12,1242
Bin 2,0.7125,800,0.0549999997019767,-0.6575000002980232,0.1875,0.0080653621229871,12,1242
Bin 3,0.7125,800,0.1774999946355819,-0.535000005364418,0.1875,0.0135174183870973,12,1242
Bin 4,0.7125,800,0.34375,-0.36875,0.1875,0.0168028368781639,12,1242
Bin 5,0.7125,800,0.4975000023841858,-0.2149999976158142,0.1875,0.0176885075917582,12,1242
Overall,0.7250000000000001,4000,0.2182500064373016,-0.5067499935626985,0.1875,0.0065318372474386,12,1242
Bin 1,0.7250000000000001,800,0.0125000001862645,-0.7124999998137356,0.1875,0.003930521315388,12,1242
Bin 2,0.7250000000000001,800,0.0549999997019767,-0.6700000002980233,0.1875,0.0080653621229871,12,1242
Bin 3,0.7250000000000001,800,0.1774999946355819,-0.5475000053644181,0.1875,0.0135174183870973,12,1242
Bin 4,0.7250000000000001,800,0.3449999988079071,-0.380000001192093,0.1875,0.0168173206426547,12,1242
Bin 5,0.7250000000000001,800,0.5012500286102295,-0.2237499713897706,0.1875,0.0176886740718098,12,1242
Overall,0.7375,4000,0.2192499935626983,-0.5182500064373017,0.1875,0.0065425965244567,12,1242
Bin 1,0.7375,800,0.0125000001862645,-0.7249999998137355,0.1875,0.003930521315388,12,1242
Bin 2,0.7375,800,0.0549999997019767,-0.6825000002980233,0.1875,0.0080653621229871,12,1242
Bin 3,0.7375,800,0.178749993443489,-0.558750006556511,0.1875,0.0135546203566066,12,1242
Bin 4,0.7375,800,0.3474999964237213,-0.3900000035762787,0.1875,0.0168459014743011,12,1242
Bin 5,0.7375,800,0.5024999976158142,-0.2350000023841858,0.1875,0.0176885075917582,12,1242
Overall,0.75,4000,0.221000000834465,-0.528999999165535,0.1875,0.0065612887243759,12,1242
Bin 1,0.75,800,0.0125000001862645,-0.7374999998137355,0.1875,0.003930521315388,12,1242
Bin 2,0.75,800,0.0549999997019767,-0.6950000002980232,0.1875,0.0080653621229871,12,1242
Bin 3,0.75,800,0.178749993443489,-0.5712500065565109,0.1875,0.0135546203566066,12,1242
Bin 4,0.75,800,0.3474999964237213,-0.4025000035762787,0.1875,0.0168459014743011,12,1242
Bin 5,0.75,800,0.5112500190734863,-0.2387499809265136,0.1875,0.0176842507600586,12,1242
Overall,0.7625000000000001,4000,0.2222499996423721,-0.5402500003576279,0.1875,0.0065745379072217,12,1242
Bin 1,0.7625000000000001,800,0.0125000001862645,-0.7499999998137356,0.1875,0.003930521315388,12,1242
Bin 2,0.7625000000000001,800,0.0549999997019767,-0.7075000002980233,0.1875,0.0080653621229871,12,1242
Bin 3,0.7625000000000001,800,0.178749993443489,-0.583750006556511,0.1875,0.0135546203566066,12,1242
Bin 4,0.7625000000000001,800,0.3499999940395355,-0.4125000059604645,0.1875,0.0168739702217382,12,1242
Bin 5,0.7625000000000001,800,0.5149999856948853,-0.2475000143051148,0.1875,0.0176807652156868,12,1242
Overall,0.775,4000,0.2237499952316284,-0.5512500047683716,0.1875,0.00659032223264,12,1242
Bin 1,0.775,800,0.0125000001862645,-0.7624999998137355,0.1875,0.003930521315388,12,1242
Bin 2,0.775,800,0.0549999997019767,-0.7200000002980232,0.1875,0.0080653621229871,12,1242
Bin 3,0.775,800,0.178749993443489,-0.596250006556511,0.1875,0.0135546203566066,12,1242
Bin 4,0.775,800,0.3499999940395355,-0.4250000059604645,0.1875,0.0168739702217382,12,1242
Bin 5,0.775,800,0.5224999785423279,-0.2525000214576721,0.1875,0.0176708090763973,12,1242
Overall,0.7875000000000001,4000,0.2240000069141388,-0.5634999930858613,0.1875,0.0065929407804606,12,1242
Bin 1,0.7875000000000001,800,0.0125000001862645,-0.7749999998137356,0.1875,0.003930521315388,12,1242
Bin 2,0.7875000000000001,800,0.0549999997019767,-0.7325000002980233,0.1875,0.0080653621229871,12,1242
Bin 3,0.7875000000000001,800,0.178749993443489,-0.608750006556511,0.1875,0.0135546203566066,12,1242
Bin 4,0.7875000000000001,800,0.3499999940395355,-0.4375000059604645,0.1875,0.0168739702217382,12,1242
Bin 5,0.7875000000000001,800,0.5237500071525574,-0.2637499928474427,0.1875,0.0176687617932309,12,1242
Overall,0.8,4000,0.2247499972581863,-0.5752500027418137,0.1875,0.0066007766328468,12,1242
Bin 1,0.8,800,0.0125000001862645,-0.7874999998137355,0.1875,0.003930521315388,12,1242
Bin 2,0.8,800,0.0549999997019767,-0.7450000002980233,0.1875,0.0080653621229871,12,1242
Bin 3,0.8,800,0.178749993443489,-0.621250006556511,0.1875,0.0135546203566066,12,1242
Bin 4,0.8,800,0.3499999940395355,-0.4500000059604645,0.1875,0.0168739702217382,12,1242
Bin 5,0.8,800,0.5274999737739563,-0.2725000262260437,0.1875,0.0176619529698539,12,1242
Overall,0.8125,4000,0.2257499992847442,-0.5867500007152557,0.1875,0.0066111773144193,12,1242
Bin 1,0.8125,800,0.0125000001862645,-0.7999999998137355,0.1875,0.003930521315388,12,1242
Bin 2,0.8125,800,0.0549999997019767,-0.7575000002980232,0.1875,0.0080653621229871,12,1242
Bin 3,0.8125,800,0.178749993443489,-0.6337500065565109,0.1875,0.0135546203566066,12,1242
Bin 4,0.8125,800,0.3512499928474426,-0.4612500071525574,0.1875,0.016887815461474,12,1242
Bin 5,0.8125,800,0.53125,-0.28125,0.1875,0.0176541463198385,12,1242
Overall,0.8250000000000001,4000,0.226500004529953,-0.5984999954700471,0.1875,0.0066189410707435,12,1242
Bin 1,0.8250000000000001,800,0.0125000001862645,-0.8124999998137356,0.1875,0.003930521315388,12,1242
Bin 2,0.8250000000000001,800,0.0549999997019767,-0.7700000002980233,0.1875,0.0080653621229871,12,1242
Bin 3,0.8250000000000001,800,0.178749993443489,-0.646250006556511,0.1875,0.0135546203566066,12,1242
Bin 4,0.8250000000000001,800,0.3524999916553497,-0.4725000083446503,0.1875,0.0169015310996507,12,1242
Bin 5,0.8250000000000001,800,0.5337499976158142,-0.2912500023841858,0.1875,0.0176483848456471,12,1242
Overall,0.8375,4000,0.2267500013113021,-0.6107499986886978,0.1875,0.006621522863709,12,1242
Bin 1,0.8375,800,0.0125000001862645,-0.8249999998137355,0.1875,0.003930521315388,12,1242
Bin 2,0.8375,800,0.0549999997019767,-0.7825000002980232,0.1875,0.0080653621229871,12,1242
Bin 3,0.8375,800,0.178749993443489,-0.658750006556511,0.1875,0.0135546203566066,12,1242
Bin 4,0.8375,800,0.3524999916553497,-0.4850000083446503,0.1875,0.0169015310996507,12,1242
Bin 5,0.8375,800,0.5350000262260437,-0.3024999737739563,0.1875,0.0176453376284997,12,1242
Overall,0.8500000000000001,4000,0.2269999980926513,-0.6230000019073487,0.1875,0.0066241008869458,12,1242
Bin 1,0.8500000000000001,800,0.0125000001862645,-0.8374999998137356,0.1875,0.003930521315388,12,1242
Bin 2,0.8500000000000001,800,0.0549999997019767,-0.7950000002980233,0.1875,0.0080653621229871,12,1242
Bin 3,0.8500000000000001,800,0.178749993443489,-0.671250006556511,0.1875,0.0135546203566066,12,1242
Bin 4,0.8500000000000001,800,0.3524999916553497,-0.4975000083446503,0.1875,0.0169015310996507,12,1242
Bin 5,0.8500000000000001,800,0.5362499952316284,-0.3137500047683716,0.1875,0.017642179775875,12,1242
Overall,0.8625,4000,0.2275000065565109,-0.6349999934434891,0.1875,0.0066292470378815,12,1242
Bin 1,0.8625,800,0.0125000001862645,-0.8499999998137355,0.1875,0.003930521315388,12,1242
Bin 2,0.8625,800,0.0549999997019767,-0.8075000002980233,0.1875,0.0080653621229871,12,1242
Bin 3,0.8625,800,0.178749993443489,-0.683750006556511,0.1875,0.0135546203566066,12,1242
Bin 4,0.8625,800,0.3524999916553497,-0.5100000083446503,0.1875,0.0169015310996507,12,1242
Bin 5,0.8625,800,0.5387499928474426,-0.3237500071525574,0.1875,0.0176355268958376,12,1242
Overall,0.875,4000,0.2277500033378601,-0.6472499966621399,0.1875,0.0066318161080126,12,1242
Bin 1,0.875,800,0.0125000001862645,-0.8624999998137355,0.1875,0.003930521315388,12,1242
Bin 2,0.875,800,0.0549999997019767,-0.8200000002980232,0.1875,0.0080653621229871,12,1242
Bin 3,0.875,800,0.178749993443489,-0.6962500065565109,0.1875,0.0135546203566066,12,1242
Bin 4,0.875,800,0.3524999916553497,-0.5225000083446503,0.1875,0.0169015310996507,12,1242
Bin 5,0.875,800,0.5400000214576721,-0.3349999785423279,0.1875,0.0176320339757673,12,1242
Overall,0.8875000000000001,4000,0.2280000001192093,-0.6594999998807908,0.1875,0.0066343804659827,12,1242
Bin 1,0.8875000000000001,800,0.0125000001862645,-0.8749999998137356,0.1875,0.003930521315388,12,1242
Bin 2,0.8875000000000001,800,0.0549999997019767,-0.8325000002980233,0.1875,0.0080653621229871,12,1242
Bin 3,0.8875000000000001,800,0.178749993443489,-0.708750006556511,0.1875,0.0135546203566066,12,1242
Bin 4,0.8875000000000001,800,0.3524999916553497,-0.5350000083446503,0.1875,0.0169015310996507,12,1242
Bin 5,0.8875000000000001,800,0.5412499904632568,-0.3462500095367432,0.1875,0.0176284293665484,12,1242
Overall,0.9,4000,0.228750005364418,-0.671249994635582,0.1875,0.0066420551624656,12,1242
Bin 1,0.9,800,0.0125000001862645,-0.8874999998137355,0.1875,0.003930521315388,12,1242
Bin 2,0.9,800,0.0549999997019767,-0.8450000002980232,0.1875,0.0080653621229871,12,1242
Bin 3,0.9,800,0.178749993443489,-0.721250006556511,0.1875,0.0135546203566066,12,1242
Bin 4,0.9,800,0.3524999916553497,-0.5475000083446503,0.1875,0.0169015310996507,12,1242
Bin 5,0.9,800,0.5450000166893005,-0.3549999833106995,0.1875,0.0176169443503291,12,1242
Overall,0.9125,4000,0.2292499989271164,-0.6832500010728837,0.1875,0.0066471537205761,12,1242
Bin 1,0.9125,800,0.0125000001862645,-0.8999999998137356,0.1875,0.003930521315388,12,1242
Bin 2,0.9125,800,0.0549999997019767,-0.8575000002980233,0.1875,0.0080653621229871,12,1242
Bin 3,0.9125,800,0.178749993443489,-0.733750006556511,0.1875,0.0135546203566066,12,1242
Bin 4,0.9125,800,0.3524999916553497,-0.5600000083446504,0.1875,0.0169015310996507,12,1242
Bin 5,0.9125,800,0.5475000143051147,-0.3649999856948853,0.1875,0.0176087278222119,12,1242
Overall,0.925,4000,0.2292499989271164,-0.6957500010728837,0.1875,0.0066471537205761,12,1242
Bin 1,0.925,800,0.0125000001862645,-0.9124999998137356,0.1875,0.003930521315388,12,1242
Bin 2,0.925,800,0.0549999997019767,-0.8700000002980233,0.1875,0.0080653621229871,12,1242
Bin 3,0.925,800,0.178749993443489,-0.746250006556511,0.1875,0.0135546203566066,12,1242
Bin 4,0.925,800,0.3524999916553497,-0.5725000083446503,0.1875,0.0169015310996507,12,1242
Bin 5,0.925,800,0.5475000143051147,-0.3774999856948853,0.1875,0.0176087278222119,12,1242
Overall,0.9375,4000,0.2292499989271164,-0.7082500010728836,0.1875,0.0066471537205761,12,1242
Bin 1,0.9375,800,0.0125000001862645,-0.9249999998137356,0.1875,0.003930521315388,12,1242
Bin 2,0.9375,800,0.0549999997019767,-0.8825000002980232,0.1875,0.0080653621229871,12,1242
Bin 3,0.9375,800,0.178749993443489,-0.7587500065565109,0.1875,0.0135546203566066,12,1242
Bin 4,0.9375,800,0.3524999916553497,-0.5850000083446503,0.1875,0.0169015310996507,12,1242
Bin 5,0.9375,800,0.5475000143051147,-0.3899999856948852,0.1875,0.0176087278222119,12,1242
Overall,0.95,4000,0.2292499989271164,-0.7207500010728837,0.1875,0.0066471537205761,12,1242
Bin 1,0.95,800,0.0125000001862645,-0.9374999998137356,0.1875,0.003930521315388,12,1242
Bin 2,0.95,800,0.0549999997019767,-0.8950000002980233,0.1875,0.0080653621229871,12,1242
Bin 3,0.95,800,0.178749993443489,-0.771250006556511,0.1875,0.0135546203566066,12,1242
Bin 4,0.95,800,0.3524999916553497,-0.5975000083446503,0.1875,0.0169015310996507,12,1242
Bin 5,0.95,800,0.5475000143051147,-0.4024999856948853,0.1875,0.0176087278222119,12,1242
Overall,0.9625,4000,0.2292499989271164,-0.7332500010728836,0.1875,0.0066471537205761,12,1242
Bin 1,0.9625,800,0.0125000001862645,-0.9499999998137356,0.1875,0.003930521315388,12,1242
Bin 2,0.9625,800,0.0549999997019767,-0.9075000002980232,0.1875,0.0080653621229871,12,1242
Bin 3,0.9625,800,0.178749993443489,-0.783750006556511,0.1875,0.0135546203566066,12,1242
Bin 4,0.9625,800,0.3524999916553497,-0.6100000083446503,0.1875,0.0169015310996507,12,1242
Bin 5,0.9625,800,0.5475000143051147,-0.4149999856948853,0.1875,0.0176087278222119,12,1242
Overall,0.975,4000,0.2292499989271164,-0.7457500010728837,0.1875,0.0066471537205761,12,1242
Bin 1,0.975,800,0.0125000001862645,-0.9624999998137356,0.1875,0.003930521315388,12,1242
Bin 2,0.975,800,0.0549999997019767,-0.9200000002980232,0.1875,0.0080653621229871,12,1242
Bin 3,0.975,800,0.178749993443489,-0.796250006556511,0.1875,0.0135546203566066,12,1242
Bin 4,0.975,800,0.3524999916553497,-0.6225000083446504,0.1875,0.0169015310996507,12,1242
Bin 5,0.975,800,0.5475000143051147,-0.4274999856948853,0.1875,0.0176087278222119,12,1242
Overall,0.9875,4000,0.2292499989271164,-0.7582500010728837,0.1875,0.0066471537205761,12,1242
Bin 1,0.9875,800,0.0125000001862645,-0.9749999998137356,0.1875,0.003930521315388,12,1242
Bin 2,0.9875,800,0.0549999997019767,-0.9325000002980232,0.1875,0.0080653621229871,12,1242
Bin 3,0.9875,800,0.178749993443489,-0.808750006556511,0.1875,0.0135546203566066,12,1242
Bin 4,0.9875,800,0.3524999916553497,-0.6350000083446503,0.1875,0.0169015310996507,12,1242
Bin 5,0.9875,800,0.5475000143051147,-0.4399999856948853,0.1875,0.0176087278222119,12,1242
Overall,1.0,4000,0.2292499989271164,-0.7707500010728836,0.1875,0.0066471537205761,12,1242
Bin 1,1.0,800,0.0125000001862645,-0.9874999998137356,0.1875,0.003930521315388,12,1242
Bin 2,1.0,800,0.0549999997019767,-0.9450000002980232,0.1875,0.0080653621229871,12,1242
Bin 3,1.0,800,0.178749993443489,-0.8212500065565109,0.1875,0.0135546203566066,12,1242
Bin 4,1.0,800,0.3524999916553497,-0.6475000083446503,0.1875,0.0169015310996507,12,1242
Bin 5,1.0,800,0.5475000143051147,-0.4524999856948852,0.1875,0.0176087278222119,12,1242
Overall,0.0,4000,0.0,0.0,0.2,0.0,13,1342
Bin 1,0.0,800,0.0,0.0,0.2,0.0,13,1342
Bin 2,0.0,800,0.0,0.0,0.2,0.0,13,1342
Bin 3,0.0,800,0.0,0.0,0.2,0.0,13,1342
Bin 4,0.0,800,0.0,0.0,0.2,0.0,13,1342
Bin 5,0.0,800,0.0,0.0,0.2,0.0,13,1342
Overall,0.0125,4000,0.0054999999701976,-0.0070000000298023,0.2,0.0011695212309319,13,1342
Bin 1,0.0125,800,0.0024999999441206,-0.0100000000558793,0.2,0.0017666603611169,13,1342
Bin 2,0.0125,800,0.0024999999441206,-0.0100000000558793,0.2,0.0017666603611169,13,1342
Bin 3,0.0125,800,0.0112500004470348,-0.0012499995529651,0.2,0.0037311788391504,13,1342
Bin 4,0.0125,800,0.0049999998882412,-0.0075000001117587,0.2,0.002495302058745,13,1342
Bin 5,0.0125,800,0.0062500000931322,-0.0062499999068677,0.2,0.0027880793566108,13,1342
Overall,0.025,4000,0.0109999999403953,-0.0140000000596046,0.2,0.0016493725929561,13,1342
Bin 1,0.025,800,0.0037499999161809,-0.021250000083819,0.2,0.0021623520970944,13,1342
Bin 2,0.025,800,0.0037499999161809,-0.021250000083819,0.2,0.0021623520970944,13,1342
Bin 3,0.025,800,0.0175000000745058,-0.0074999999254941,0.2,0.0046388670664068,13,1342
Bin 4,0.025,800,0.0125000001862645,-0.0124999998137354,0.2,0.003930521315388,13,1342
Bin 5,0.025,800,0.0175000000745058,-0.0074999999254941,0.2,0.0046388670664068,13,1342
Overall,0.0375,4000,0.0160000007599592,-0.0214999992400407,0.2,0.0019841835242006,13,1342
Bin 1,0.0375,800,0.0049999998882412,-0.0325000001117587,0.2,0.002495302058745,13,1342
Bin 2,0.0375,800,0.0062500000931322,-0.0312499999068677,0.2,0.0027880793566108,13,1342
Bin 3,0.0375,800,0.0225000008940696,-0.0149999991059303,0.2,0.0052465787872361,13,1342
Bin 4,0.0375,800,0.0199999995529651,-0.0175000004470348,0.2,0.0049528442290735,13,1342
Bin 5,0.0375,800,0.0262499991804361,-0.0112500008195638,0.2,0.0056560733526831,13,1342
Overall,0.05,4000,0.0254999995231628,-0.0245000004768371,0.2,0.0024927875496984,13,1342
Bin 1,0.05,800,0.0049999998882412,-0.0450000001117587,0.2,0.002495302058745,13,1342
Bin 2,0.05,800,0.0099999997764825,-0.0400000002235174,0.2,0.0035200125913987,13,1342
Bin 3,0.05,800,0.0387500002980232,-0.0112499997019767,0.2,0.0068277973612989,13,1342
Bin 4,0.05,800,0.0350000001490116,-0.0149999998509883,0.2,0.0065016603060011,13,1342
Bin 5,0.05,800,0.0387500002980232,-0.0112499997019767,0.2,0.0068277973612989,13,1342
Overall,0.0625,4000,0.0322499983012676,-0.0302500016987323,0.2,0.0027936418247585,13,1342
Bin 1,0.0625,800,0.0049999998882412,-0.0575000001117587,0.2,0.002495302058745,13,1342
Bin 2,0.0625,800,0.0137499999254941,-0.0487500000745058,0.2,0.0041197556602636,13,1342
Bin 3,0.0625,800,0.0437499992549419,-0.018750000745058,0.2,0.007236047014208,13,1342
Bin 4,0.0625,800,0.0549999997019767,-0.0075000002980232,0.2,0.0080653621229871,13,1342
Bin 5,0.0625,800,0.0437499992549419,-0.018750000745058,0.2,0.007236047014208,13,1342
Overall,0.075,4000,0.0387500002980232,-0.0362499997019767,0.2,0.0030519563603308,13,1342
Bin 1,0.075,800,0.0049999998882412,-0.0700000001117587,0.2,0.002495302058745,13,1342
Bin 2,0.075,800,0.0149999996647238,-0.0600000003352761,0.2,0.0043002171386218,13,1342
Bin 3,0.075,800,0.0562499985098838,-0.0187500014901161,0.2,0.0081511025105841,13,1342
Bin 4,0.075,800,0.0637499988079071,-0.0112500011920929,0.2,0.0086429630815691,13,1342
Bin 5,0.075,800,0.0537500008940696,-0.0212499991059303,0.2,0.0079784542676865,13,1342
Overall,0.0875,4000,0.0432499982416629,-0.044250001758337,0.2,0.0032167446328787,13,1342
Bin 1,0.0875,800,0.0062500000931322,-0.0812499999068677,0.2,0.0027880793566108,13,1342
Bin 2,0.0875,800,0.0162499994039535,-0.0712500005960464,0.2,0.0044729665339558,13,1342
Bin 3,0.0875,800,0.0599999986588954,-0.0275000013411045,0.2,0.0084016808032139,13,1342
Bin 4,0.0875,800,0.0712499991059303,-0.0162500008940696,0.2,0.0091005677477557,13,1342
Bin 5,0.0875,800,0.0625,-0.025,0.2,0.0085635189063041,13,1342
Overall,0.1,4000,0.0520000010728836,-0.0479999989271164,0.2,0.0035109948144159,13,1342
Bin 1,0.1,800,0.0062500000931322,-0.0937499999068677,0.2,0.0027880793566108,13,1342
Bin 2,0.1,800,0.018750000745058,-0.0812499992549419,0.2,0.004798627856701,13,1342
Bin 3,0.1,800,0.0724999979138374,-0.0275000020861625,0.2,0.0091738695466858,13,1342
Bin 4,0.1,800,0.0850000008940696,-0.0149999991059303,0.2,0.00986612521145,13,1342
Bin 5,0.1,800,0.0775000005960464,-0.0224999994039535,0.2,0.0094593354200062,13,1342
Overall,0.1125,4000,0.0612500011920928,-0.0512499988079071,0.2,0.003791860338481,13,1342
Bin 1,0.1125,800,0.0062500000931322,-0.1062499999068677,0.2,0.0027880793566108,13,1342
Bin 2,0.1125,800,0.0212500002235174,-0.0912499997764825,0.2,0.0051020182578574,13,1342
Bin 3,0.1125,800,0.0775000005960464,-0.0349999994039535,0.2,0.0094593354200062,13,1342
Bin 4,0.1125,800,0.1087500005960464,-0.0037499994039535,0.2,0.0110138976928926,13,1342
Bin 5,0.1125,800,0.0925000011920929,-0.0199999988079071,0.2,0.0102499281117159,13,1342
Overall,0.125,4000,0.066500000655651,-0.0584999993443489,0.2,0.0039399642628758,13,1342
Bin 1,0.125,800,0.0062500000931322,-0.1187499999068677,0.2,0.0027880793566108,13,1342
Bin 2,0.125,800,0.0212500002235174,-0.1037499997764825,0.2,0.0051020182578574,13,1342
Bin 3,0.125,800,0.0850000008940696,-0.0399999991059303,0.2,0.00986612521145,13,1342
Bin 4,0.125,800,0.1187499985098838,-0.0062500014901161,0.2,0.0114443993013086,13,1342
Bin 5,0.125,800,0.1012500002980232,-0.0237499997019767,0.2,0.0106719455595267,13,1342
Overall,0.1375,4000,0.0712499991059303,-0.0662500008940696,0.2,0.0040678614988332,13,1342
Bin 1,0.1375,800,0.0062500000931322,-0.1312499999068677,0.2,0.0027880793566108,13,1342
Bin 2,0.1375,800,0.0212500002235174,-0.1162499997764826,0.2,0.0051020182578574,13,1342
Bin 3,0.1375,800,0.0874999985098838,-0.0500000014901161,0.2,0.0099964801455381,13,1342
Bin 4,0.1375,800,0.1262499988079071,-0.0112500011920929,0.2,0.011749946040602,13,1342
Bin 5,0.1375,800,0.1150000020861625,-0.0224999979138374,0.2,0.0112861842466836,13,1342
Overall,0.15,4000,0.0767500028014183,-0.0732499971985817,0.2,0.0042094284779981,13,1342
Bin 1,0.15,800,0.0062500000931322,-0.1437499999068677,0.2,0.0027880793566108,13,1342
Bin 2,0.15,800,0.0212500002235174,-0.1287499997764826,0.2,0.0051020182578574,13,1342
Bin 3,0.15,800,0.0949999988079071,-0.0550000011920929,0.2,0.0103731981605694,13,1342
Bin 4,0.15,800,0.135000005364418,-0.0149999946355819,0.2,0.0120893103574693,13,1342
Bin 5,0.15,800,0.1262499988079071,-0.0237500011920929,0.2,0.011749946040602,13,1342
Overall,0.1625,4000,0.0794999971985817,-0.0830000028014183,0.2,0.0042777925085585,13,1342
Bin 1,0.1625,800,0.0062500000931322,-0.1562499999068677,0.2,0.0027880793566108,13,1342
Bin 2,0.1625,800,0.0212500002235174,-0.1412499997764826,0.2,0.0051020182578574,13,1342
Bin 3,0.1625,800,0.1012500002980232,-0.0612499997019767,0.2,0.0106719455595267,13,1342
Bin 4,0.1625,800,0.1375000029802322,-0.0249999970197677,0.2,0.0121830913100909,13,1342
Bin 5,0.1625,800,0.1312499940395355,-0.0312500059604644,0.2,0.0119460321459565,13,1342
Overall,0.175,4000,0.0860000029206276,-0.0889999970793724,0.2,0.0044334987977661,13,1342
Bin 1,0.175,800,0.0062500000931322,-0.1687499999068677,0.2,0.0027880793566108,13,1342
Bin 2,0.175,800,0.0225000008940696,-0.1524999991059303,0.2,0.0052465787872361,13,1342
Bin 3,0.175,800,0.1037499979138374,-0.0712500020861625,0.2,0.0107878588759726,13,1342
Bin 4,0.175,800,0.1525000035762787,-0.0224999964237213,0.2,0.0127183678765626,13,1342
Bin 5,0.175,800,0.1449999958276748,-0.0300000041723251,0.2,0.0124564315350946,13,1342
Overall,0.1875,4000,0.0897499993443489,-0.097750000655651,0.2,0.0045198279418165,13,1342
Bin 1,0.1875,800,0.0074999998323619,-0.180000000167638,0.2,0.0030522671300426,13,1342
Bin 2,0.1875,800,0.0225000008940696,-0.1649999991059303,0.2,0.0052465787872361,13,1342
Bin 3,0.1875,800,0.1037499979138374,-0.0837500020861625,0.2,0.0107878588759726,13,1342
Bin 4,0.1875,800,0.1599999964237213,-0.0275000035762786,0.2,0.012969590489139,13,1342
Bin 5,0.1875,800,0.1550000011920929,-0.0324999988079071,0.2,0.0128032674345317,13,1342
Overall,0.2,4000,0.0942500010132789,-0.105749998986721,0.2,0.0046202888564521,13,1342
Bin 1,0.2,800,0.0074999998323619,-0.192500000167638,0.2,0.0030522671300426,13,1342
Bin 2,0.2,800,0.0225000008940696,-0.1774999991059303,0.2,0.0052465787872361,13,1342
Bin 3,0.2,800,0.1099999994039535,-0.0900000005960464,0.2,0.0110692438806859,13,1342
Bin 4,0.2,800,0.166250005364418,-0.0337499946355819,0.2,0.0131711999389909,13,1342
Bin 5,0.2,800,0.1650000065565109,-0.034999993443489,0.2,0.0131314238507087,13,1342
Overall,0.2125,4000,0.09825000166893,-0.1142499983310699,0.2,0.0047068861224585,13,1342
Bin 1,0.2125,800,0.0074999998323619,-0.205000000167638,0.2,0.0030522671300426,13,1342
Bin 2,0.2125,800,0.0225000008940696,-0.1899999991059303,0.2,0.0052465787872361,13,1342
Bin 3,0.2125,800,0.1124999970197677,-0.1000000029802322,0.2,0.0111785907181338,13,1342
Bin 4,0.2125,800,0.1724999994039535,-0.0400000005960464,0.2,0.0133661143619568,13,1342
Bin 5,0.2125,800,0.1762499958276748,-0.0362500041723251,0.2,0.0134799677511817,13,1342
Overall,0.225,4000,0.101000003516674,-0.1239999964833259,0.2,0.0047650205228877,13,1342
Bin 1,0.225,800,0.0074999998323619,-0.217500000167638,0.2,0.0030522671300426,13,1342
Bin 2,0.225,800,0.0225000008940696,-0.2024999991059303,0.2,0.0052465787872361,13,1342
Bin 3,0.225,800,0.1187499985098838,-0.1062500014901161,0.2,0.0114443993013086,13,1342
Bin 4,0.225,800,0.1774999946355819,-0.047500005364418,0.2,0.0135174183870973,13,1342
Bin 5,0.225,800,0.178749993443489,-0.0462500065565109,0.2,0.0135546193029354,13,1342
Overall,0.2375,4000,0.1037499979138374,-0.1337500020861625,0.2,0.004822064058065,13,1342
Bin 1,0.2375,800,0.0074999998323619,-0.230000000167638,0.2,0.0030522671300426,13,1342
Bin 2,0.2375,800,0.0237499997019767,-0.2137500002980232,0.2,0.0053868998704903,13,1342
Bin 3,0.2375,800,0.1199999973177909,-0.117500002682209,0.2,0.0114963126282907,13,1342
Bin 4,0.2375,800,0.1812500059604644,-0.0562499940395355,0.2,0.0136282877794476,13,1342
Bin 5,0.2375,800,0.1862500011920929,-0.0512499988079071,0.2,0.0137727366196778,13,1342
Overall,0.25,4000,0.1097500026226043,-0.1402499973773956,0.2,0.0049429083671723,13,1342
Bin 1,0.25,800,0.0074999998323619,-0.242500000167638,0.2,0.0030522671300426,13,1342
Bin 2,0.25,800,0.0237499997019767,-0.2262500002980232,0.2,0.0053868998704903,13,1342
Bin 3,0.25,800,0.125,-0.125,0.2,0.0116999935957469,13,1342
Bin 4,0.25,800,0.1962500065565109,-0.053749993443489,0.2,0.0140505043711176,13,1342
Bin 5,0.25,800,0.1962500065565109,-0.053749993443489,0.2,0.0140505043711176,13,1342
Overall,0.2625,4000,0.1142499968409538,-0.1482500031590461,0.2,0.0050304636154929,13,1342
Bin 1,0.2625,800,0.0074999998323619,-0.2550000001676381,0.2,0.0030522671300426,13,1342
Bin 2,0.2625,800,0.0237499997019767,-0.2387500002980232,0.2,0.0053868998704903,13,1342
Bin 3,0.2625,800,0.1262499988079071,-0.1362500011920929,0.2,0.011749946040602,13,1342
Bin 4,0.2625,800,0.2049999982118606,-0.0575000017881393,0.2,0.0142819369309758,13,1342
Bin 5,0.2625,800,0.2087499946355819,-0.053750005364418,0.2,0.0143779400761851,13,1342
Overall,0.275,4000,0.1207500025629997,-0.1542499974370003,0.2,0.0051525712549416,13,1342
Bin 1,0.275,800,0.0074999998323619,-0.2675000001676381,0.2,0.0030522671300426,13,1342
Bin 2,0.275,800,0.0274999998509883,-0.2475000001490116,0.2,0.0057854583824199,13,1342
Bin 3,0.275,800,0.1287499964237213,-0.1462500035762787,0.2,0.011848725609457,13,1342
Bin 4,0.275,800,0.2162500023841858,-0.0587499976158142,0.2,0.0145644282904625,13,1342
Bin 5,0.275,800,0.2237499952316284,-0.0512500047683716,0.2,0.0147437842043006,13,1342
Overall,0.2875,4000,0.1227499991655349,-0.164750000834465,0.2,0.0051891564722886,13,1342
Bin 1,0.2875,800,0.0074999998323619,-0.2800000001676381,0.2,0.0030522671300426,13,1342
Bin 2,0.2875,800,0.0287500005215406,-0.2587499994784594,0.2,0.0059116813448471,13,1342
Bin 3,0.2875,800,0.1299999952316284,-0.1575000047683716,0.2,0.0118975601091553,13,1342
Bin 4,0.2875,800,0.2175000011920929,-0.0699999988079071,0.2,0.0145948098462116,13,1342
Bin 5,0.2875,800,0.2300000041723251,-0.0574999958276749,0.2,0.0148879833244533,13,1342
Overall,0.3,4000,0.1277499943971634,-0.1722500056028366,0.2,0.0052786790477913,13,1342
Bin 1,0.3,800,0.0074999998323619,-0.2925000001676381,0.2,0.0030522671300426,13,1342
Bin 2,0.3,800,0.0299999993294477,-0.2700000006705523,0.2,0.0060349419106597,13,1342
Bin 3,0.3,800,0.1362500041723251,-0.1637499958276749,0.2,0.0121363715285165,13,1342
Bin 4,0.3,800,0.2212499976158142,-0.0787500023841858,0.2,0.0146847744017005,13,1342
Bin 5,0.3,800,0.2437500059604644,-0.0562499940395355,0.2,0.0151890856785712,13,1342
Overall,0.3125,4000,0.1312499940395355,-0.1812500059604644,0.2,0.00533975525028,13,1342
Bin 1,0.3125,800,0.0074999998323619,-0.305000000167638,0.2,0.0030522671300426,13,1342
Bin 2,0.3125,800,0.0299999993294477,-0.2825000006705522,0.2,0.0060349419106597,13,1342
Bin 3,0.3125,800,0.1362500041723251,-0.1762499958276748,0.2,0.0121363715285165,13,1342
Bin 4,0.3125,800,0.2300000041723251,-0.0824999958276748,0.2,0.0148879833244533,13,1342
Bin 5,0.3125,800,0.2524999976158142,-0.0600000023841857,0.2,0.0153696111674555,13,1342
Overall,0.325,4000,0.135000005364418,-0.1899999946355819,0.2,0.0054037996429294,13,1342
Bin 1,0.325,800,0.0074999998323619,-0.3175000001676381,0.2,0.0030522671300426,13,1342
Bin 2,0.325,800,0.03125,-0.29375,0.2,0.0061554170966212,13,1342
Bin 3,0.325,800,0.1375000029802322,-0.1874999970197677,0.2,0.0121830913100909,13,1342
Bin 4,0.325,800,0.2362499982118606,-0.0887500017881393,0.2,0.0150275473449411,13,1342
Bin 5,0.325,800,0.262499988079071,-0.0625000119209289,0.2,0.0155658300353828,13,1342
Overall,0.3375,4000,0.1387500017881393,-0.1987499982118606,0.2,0.005466450649596,13,1342
Bin 1,0.3375,800,0.0074999998323619,-0.3300000001676381,0.2,0.0030522671300426,13,1342
Bin 2,0.3375,800,0.0324999988079071,-0.3050000011920929,0.2,0.0062732665339206,13,1342
Bin 3,0.3375,800,0.1387500017881393,-0.1987499982118606,0.2,0.0122294728632059,13,1342
Bin 4,0.3375,800,0.241249993443489,-0.0962500065565109,0.2,0.0151359479856399,13,1342
Bin 5,0.3375,800,0.2737500071525574,-0.0637499928474426,0.2,0.0157741777126404,13,1342
Overall,0.35,4000,0.1412499994039535,-0.2087500005960464,0.2,0.0055074671830679,13,1342
Bin 1,0.35,800,0.0074999998323619,-0.3425000001676381,0.2,0.0030522671300426,13,1342
Bin 2,0.35,800,0.0337500013411045,-0.3162499986588955,0.2,0.0063886377365275,13,1342
Bin 3,0.35,800,0.1400000005960464,-0.2099999994039535,0.2,0.0122755182952041,13,1342
Bin 4,0.35,800,0.2450000047683715,-0.1049999952316284,0.2,0.0152153905803981,13,1342
Bin 5,0.35,800,0.2800000011920929,-0.0699999988079071,0.2,0.0158844380830297,13,1342
Overall,0.3625,4000,0.145249992609024,-0.217250007390976,0.2,0.0055718824227812,13,1342
Bin 1,0.3625,800,0.0074999998323619,-0.3550000001676381,0.2,0.0030522671300426,13,1342
Bin 2,0.3625,800,0.0350000001490116,-0.3274999998509884,0.2,0.0065016603060011,13,1342
Bin 3,0.3625,800,0.1412499994039535,-0.2212500005960465,0.2,0.0123212349817838,13,1342
Bin 4,0.3625,800,0.2512499988079071,-0.1112500011920929,0.2,0.0153443346487323,13,1342
Bin 5,0.3625,800,0.2912499904632568,-0.0712500095367432,0.2,0.0160733392043843,13,1342
Overall,0.375,4000,0.1487500071525573,-0.2262499928474426,0.2,0.0056270575861556,13,1342
Bin 1,0.375,800,0.0074999998323619,-0.367500000167638,0.2,0.0030522671300426,13,1342
Bin 2,0.375,800,0.0350000001490116,-0.3399999998509884,0.2,0.0065016603060011,13,1342
Bin 3,0.375,800,0.1449999958276748,-0.2300000041723251,0.2,0.0124564315350946,13,1342
Bin 4,0.375,800,0.2587499916553497,-0.1162500083446502,0.2,0.0154934849699139,13,1342
Bin 5,0.375,800,0.2975000143051147,-0.0774999856948852,0.2,0.0161730986874672,13,1342
Overall,0.3875,4000,0.1527500003576278,-0.2347499996423721,0.2,0.0056888005594138,13,1342
Bin 1,0.3875,800,0.0074999998323619,-0.3800000001676381,0.2,0.0030522671300426,13,1342
Bin 2,0.3875,800,0.0362499989569187,-0.3512500010430813,0.2,0.0066124559413666,13,1342
Bin 3,0.3875,800,0.1500000059604644,-0.2374999940395355,0.2,0.0126322797774654,13,1342
Bin 4,0.3875,800,0.2675000131130218,-0.1199999868869781,0.2,0.015660019812435,13,1342
Bin 5,0.3875,800,0.3025000095367431,-0.0849999904632568,0.2,0.0162503001235558,13,1342
Overall,0.4,4000,0.1560000032186508,-0.2439999967813492,0.2,0.0057379639478923,13,1342
Bin 1,0.4,800,0.0074999998323619,-0.3925000001676381,0.2,0.0030522671300426,13,1342
Bin 2,0.4,800,0.0362499989569187,-0.3637500010430813,0.2,0.0066124559413666,13,1342
Bin 3,0.4,800,0.1537500023841858,-0.2462499976158142,0.2,0.0127609646426813,13,1342
Bin 4,0.4,800,0.2737500071525574,-0.1262499928474426,0.2,0.0157741777126404,13,1342
Bin 5,0.4,800,0.3087500035762787,-0.0912499964237213,0.2,0.0163435974410907,13,1342
Overall,0.4125,4000,0.158500000834465,-0.253999999165535,0.2,0.005775185778179,13,1342
Bin 1,0.4125,800,0.0074999998323619,-0.4050000001676381,0.2,0.0030522671300426,13,1342
Bin 2,0.4125,800,0.0362499989569187,-0.3762500010430813,0.2,0.0066124559413666,13,1342
Bin 3,0.4125,800,0.1550000011920929,-0.2574999988079071,0.2,0.0128032674345317,13,1342
Bin 4,0.4125,800,0.2775000035762787,-0.1349999964237213,0.2,0.0158407971287391,13,1342
Bin 5,0.4125,800,0.3162499964237213,-0.0962500035762787,0.2,0.0164509338738646,13,1342
Overall,0.425,4000,0.1627500057220459,-0.2622499942779541,0.2,0.0058373052530944,13,1342
Bin 1,0.425,800,0.0074999998323619,-0.4175000001676381,0.2,0.0030522671300426,13,1342
Bin 2,0.425,800,0.0362499989569187,-0.3887500010430813,0.2,0.0066124559413666,13,1342
Bin 3,0.425,800,0.1587499976158142,-0.2662500023841858,0.2,0.0129284361989106,13,1342
Bin 4,0.425,800,0.2800000011920929,-0.1449999988079071,0.2,0.0158844380830297,13,1342
Bin 5,0.425,800,0.3312500119209289,-0.093749988079071,0.2,0.0166508511277488,13,1342
Overall,0.4375,4000,0.164000004529953,-0.273499995470047,0.2,0.0058553024092786,13,1342
Bin 1,0.4375,800,0.0074999998323619,-0.430000000167638,0.2,0.0030522671300426,13,1342
Bin 2,0.4375,800,0.0362499989569187,-0.4012500010430813,0.2,0.0066124559413666,13,1342
Bin 3,0.4375,800,0.1587499976158142,-0.2787500023841858,0.2,0.0129284361989106,13,1342
Bin 4,0.4375,800,0.2824999988079071,-0.1550000011920929,0.2,0.0159274700153593,13,1342
Bin 5,0.4375,800,0.3350000083446502,-0.1024999916553497,0.2,0.0166978216830718,13,1342
Overall,0.45,4000,0.1650000065565109,-0.2849999934434891,0.2,0.0058696132419786,13,1342
Bin 1,0.45,800,0.0074999998323619,-0.4425000001676381,0.2,0.0030522671300426,13,1342
Bin 2,0.45,800,0.0362499989569187,-0.4137500010430813,0.2,0.0066124559413666,13,1342
Bin 3,0.45,800,0.1599999964237213,-0.2900000035762787,0.2,0.012969590489139,13,1342
Bin 4,0.45,800,0.2837499976158142,-0.1662500023841858,0.2,0.015948757334871,13,1342
Bin 5,0.45,800,0.3375000059604645,-0.1124999940395355,0.2,0.0167284782470074,13,1342
Overall,0.4625,4000,0.1665000021457672,-0.2959999978542328,0.2,0.0058909352989046,13,1342
Bin 1,0.4625,800,0.0074999998323619,-0.4550000001676381,0.2,0.0030522671300426,13,1342
Bin 2,0.4625,800,0.0362499989569187,-0.4262500010430813,0.2,0.0066124559413666,13,1342
Bin 3,0.4625,800,0.1599999964237213,-0.3025000035762787,0.2,0.012969590489139,13,1342
Bin 4,0.4625,800,0.2837499976158142,-0.1787500023841858,0.2,0.015948757334871,13,1342
Bin 5,0.4625,800,0.3449999988079071,-0.1175000011920929,0.2,0.0168173206426547,13,1342
Overall,0.475,4000,0.1689999997615814,-0.3060000002384186,0.2,0.0059260889617656,13,1342
Bin 1,0.475,800,0.0074999998323619,-0.4675000001676381,0.2,0.0030522671300426,13,1342
Bin 2,0.475,800,0.0362499989569187,-0.4387500010430813,0.2,0.0066124559413666,13,1342
Bin 3,0.475,800,0.1624999940395355,-0.3125000059604645,0.2,0.0130510571862969,13,1342
Bin 4,0.475,800,0.2887499928474426,-0.1862500071525574,0.2,0.016032408292453,13,1342
Bin 5,0.475,800,0.3499999940395355,-0.1250000059604645,0.2,0.0168739702217382,13,1342
Overall,0.4875,4000,0.1739999949932098,-0.3135000050067902,0.2,0.0059949963044796,13,1342
Bin 1,0.4875,800,0.0074999998323619,-0.4800000001676381,0.2,0.0030522671300426,13,1342
Bin 2,0.4875,800,0.0362499989569187,-0.4512500010430813,0.2,0.0066124559413666,13,1342
Bin 3,0.4875,800,0.166250005364418,-0.321249994635582,0.2,0.0131712009926621,13,1342
Bin 4,0.4875,800,0.293749988079071,-0.193750011920929,0.2,0.016113682167779,13,1342
Bin 5,0.4875,800,0.3662500083446502,-0.1212499916553497,0.2,0.017044113888163,13,1342
Overall,0.5,4000,0.176499992609024,-0.3235000073909759,0.2,0.0060287669481119,13,1342
Bin 1,0.5,800,0.0074999998323619,-0.492500000167638,0.2,0.0030522671300426,13,1342
Bin 2,0.5,800,0.0362499989569187,-0.4637500010430813,0.2,0.0066124559413666,13,1342
Bin 3,0.5,800,0.1687500029802322,-0.3312499970197677,0.2,0.0132499534327759,13,1342
Bin 4,0.5,800,0.2987500131130218,-0.2012499868869781,0.2,0.0161926137319989,13,1342
Bin 5,0.5,800,0.3712500035762787,-0.1287499964237213,0.2,0.0170922339987791,13,1342
Overall,0.5125000000000001,4000,0.1800000071525573,-0.3324999928474427,0.2,0.0060752962386387,13,1342
Bin 1,0.5125000000000001,800,0.0074999998323619,-0.5050000001676381,0.2,0.0030522671300426,13,1342
Bin 2,0.5125000000000001,800,0.0362499989569187,-0.4762500010430813,0.2,0.0066124559413666,13,1342
Bin 3,0.5125000000000001,800,0.1712500005960464,-0.3412499994039536,0.2,0.0133276532553482,13,1342
Bin 4,0.5125000000000001,800,0.3025000095367431,-0.2099999904632569,0.2,0.0162503001235558,13,1342
Bin 5,0.5125000000000001,800,0.3824999928474426,-0.1300000071525574,0.2,0.0171933632544386,13,1342
Overall,0.525,4000,0.1837500035762787,-0.3412499964237213,0.2,0.0061242032855634,13,1342
Bin 1,0.525,800,0.0074999998323619,-0.5175000001676381,0.2,0.0030522671300426,13,1342
Bin 2,0.525,800,0.0362499989569187,-0.4887500010430813,0.2,0.0066124559413666,13,1342
Bin 3,0.525,800,0.1737499982118606,-0.3512500017881393,0.2,0.0134043183727895,13,1342
Bin 4,0.525,800,0.3112500011920929,-0.2137499988079071,0.2,0.0163799332928632,13,1342
Bin 5,0.525,800,0.3899999856948852,-0.1350000143051147,0.2,0.0172553528392284,13,1342
Overall,0.5375,4000,0.1877499967813491,-0.3497500032186508,0.2,0.0061753151525804,13,1342
Bin 1,0.5375,800,0.0074999998323619,-0.530000000167638,0.2,0.0030522671300426,13,1342
Bin 2,0.5375,800,0.0362499989569187,-0.5012500010430813,0.2,0.0066124559413666,13,1342
Bin 3,0.5375,800,0.1774999946355819,-0.360000005364418,0.2,0.0135174183870973,13,1342
Bin 4,0.5375,800,0.3174999952316284,-0.2200000047683715,0.2,0.0164683384149572,13,1342
Bin 5,0.5375,800,0.4000000059604645,-0.1374999940395355,0.2,0.0173313446607648,13,1342
Overall,0.55,4000,0.19200000166893,-0.35799999833107,0.2,0.0062284589033842,13,1342
Bin 1,0.55,800,0.0074999998323619,-0.5425000001676381,0.2,0.0030522671300426,13,1342
Bin 2,0.55,800,0.0362499989569187,-0.5137500010430813,0.2,0.0066124559413666,13,1342
Bin 3,0.55,800,0.1812500059604644,-0.3687499940395355,0.2,0.0136282877794476,13,1342
Bin 4,0.55,800,0.3237499892711639,-0.2262500107288361,0.2,0.0165533201592809,13,1342
Bin 5,0.55,800,0.4112499952316284,-0.1387500047683716,0.2,0.0174078443518257,13,1342
Overall,0.5625,4000,0.1947499960660934,-0.3677500039339065,0.2,0.0062622210651268,13,1342
Bin 1,0.5625,800,0.0074999998323619,-0.5550000001676381,0.2,0.0030522671300426,13,1342
Bin 2,0.5625,800,0.0362499989569187,-0.5262500010430813,0.2,0.0066124559413666,13,1342
Bin 3,0.5625,800,0.1825000047683715,-0.3799999952316284,0.2,0.0136647574474641,13,1342
Bin 4,0.5625,800,0.324999988079071,-0.2375000119209289,0.2,0.0165699112661973,13,1342
Bin 5,0.5625,800,0.4225000143051147,-0.1399999856948852,0.2,0.0174749505640247,13,1342
Overall,0.5750000000000001,4000,0.1967500001192093,-0.3782499998807908,0.2,0.00628647314371,13,1342
Bin 1,0.5750000000000001,800,0.0074999998323619,-0.5675000001676381,0.2,0.0030522671300426,13,1342
Bin 2,0.5750000000000001,800,0.0362499989569187,-0.5387500010430814,0.2,0.0066124559413666,13,1342
Bin 3,0.5750000000000001,800,0.1825000047683715,-0.3924999952316285,0.2,0.0136647574474641,13,1342
Bin 4,0.5750000000000001,800,0.3287500143051147,-0.2462499856948853,0.2,0.016618876421126,13,1342
Bin 5,0.5750000000000001,800,0.4287500083446502,-0.1462499916553498,0.2,0.0175082107495271,13,1342
Overall,0.5875,4000,0.1977500021457672,-0.3897499978542328,0.2,0.0062985042329592,13,1342
Bin 1,0.5875,800,0.0074999998323619,-0.5800000001676381,0.2,0.0030522671300426,13,1342
Bin 2,0.5875,800,0.0362499989569187,-0.5512500010430813,0.2,0.0066124559413666,13,1342
Bin 3,0.5875,800,0.1825000047683715,-0.4049999952316284,0.2,0.0136647574474641,13,1342
Bin 4,0.5875,800,0.3287500143051147,-0.2587499856948853,0.2,0.016618876421126,13,1342
Bin 5,0.5875,800,0.4337500035762787,-0.1537499964237213,0.2,0.0175327665571408,13,1342
Overall,0.6000000000000001,4000,0.1992499977350235,-0.4007500022649766,0.2,0.0063164335340262,13,1342
Bin 1,0.6000000000000001,800,0.0074999998323619,-0.5925000001676382,0.2,0.0030522671300426,13,1342
Bin 2,0.6000000000000001,800,0.0362499989569187,-0.5637500010430814,0.2,0.0066124559413666,13,1342
Bin 3,0.6000000000000001,800,0.1850000023841858,-0.4149999976158143,0.2,0.0137369802870723,13,1342
Bin 4,0.6000000000000001,800,0.3312500119209289,-0.2687499880790711,0.2,0.01665085218142,13,1342
Bin 5,0.6000000000000001,800,0.4362500011920929,-0.1637499988079072,0.2,0.0175443632625085,13,1342
Overall,0.6125,4000,0.2012500017881393,-0.4112499982118607,0.2,0.0063401234518122,13,1342
Bin 1,0.6125,800,0.0074999998323619,-0.6050000001676381,0.2,0.0030522671300426,13,1342
Bin 2,0.6125,800,0.0362499989569187,-0.5762500010430813,0.2,0.0066124559413666,13,1342
Bin 3,0.6125,800,0.1850000023841858,-0.4274999976158142,0.2,0.0137369802870723,13,1342
Bin 4,0.6125,800,0.332500010728836,-0.279999989271164,0.2,0.0166666414445434,13,1342
Bin 5,0.6125,800,0.4449999928474426,-0.1675000071525574,0.2,0.0175813850542405,13,1342
Overall,0.625,4000,0.2025000005960464,-0.4224999994039535,0.2,0.0063548046603602,13,1342
Bin 1,0.625,800,0.0074999998323619,-0.6175000001676381,0.2,0.0030522671300426,13,1342
Bin 2,0.625,800,0.0362499989569187,-0.5887500010430813,0.2,0.0066124559413666,13,1342
Bin 3,0.625,800,0.1862500011920929,-0.4387499988079071,0.2,0.0137727366196778,13,1342
Bin 4,0.625,800,0.3337500095367431,-0.2912499904632568,0.2,0.016682297945094,13,1342
Bin 5,0.625,800,0.4487499892711639,-0.176250010728836,0.2,0.0175955622004084,13,1342
Overall,0.6375000000000001,4000,0.2037499994039535,-0.4337500005960465,0.2,0.0063693897408255,13,1342
Bin 1,0.6375000000000001,800,0.0074999998323619,-0.6300000001676381,0.2,0.0030522671300426,13,1342
Bin 2,0.6375000000000001,800,0.0362499989569187,-0.6012500010430814,0.2,0.0066124559413666,13,1342
Bin 3,0.6375000000000001,800,0.1862500011920929,-0.4512499988079071,0.2,0.0137727366196778,13,1342
Bin 4,0.6375000000000001,800,0.3362500071525574,-0.3012499928474427,0.2,0.0167132168731616,13,1342
Bin 5,0.6375000000000001,800,0.4524999856948852,-0.1850000143051148,0.2,0.0176087278222119,13,1342
Overall,0.65,4000,0.2049999982118606,-0.4450000017881393,0.2,0.0063838810492886,13,1342
Bin 1,0.65,800,0.0074999998323619,-0.6425000001676381,0.2,0.0030522671300426,13,1342
Bin 2,0.65,800,0.0362499989569187,-0.6137500010430813,0.2,0.0066124559413666,13,1342
Bin 3,0.65,800,0.1875,-0.4625,0.2,0.013808259037274,13,1342
Bin 4,0.65,800,0.3375000059604645,-0.3124999940395355,0.2,0.0167284782470074,13,1342
Bin 5,0.65,800,0.4562500119209289,-0.193749988079071,0.2,0.0176208829733225,13,1342
Overall,0.6625000000000001,4000,0.2060000002384185,-0.4564999997615815,0.2,0.0063954065236715,13,1342
Bin 1,0.6625000000000001,800,0.0074999998323619,-0.6550000001676382,0.2,0.0030522671300426,13,1342
Bin 2,0.6625000000000001,800,0.0362499989569187,-0.6262500010430814,0.2,0.0066124559413666,13,1342
Bin 3,0.6625000000000001,800,0.1875,-0.4750000000000001,0.2,0.013808259037274,13,1342
Bin 4,0.6625000000000001,800,0.3375000059604645,-0.3249999940395356,0.2,0.0167284782470074,13,1342
Bin 5,0.6625000000000001,800,0.4612500071525574,-0.2012499928474427,0.2,0.0176355268958376,13,1342
Overall,0.675,4000,0.2072499990463256,-0.4677500009536743,0.2,0.0064097291367738,13,1342
Bin 1,0.675,800,0.0074999998323619,-0.6675000001676381,0.2,0.0030522671300426,13,1342
Bin 2,0.675,800,0.0362499989569187,-0.6387500010430813,0.2,0.0066124559413666,13,1342
Bin 3,0.675,800,0.1887499988079071,-0.4862500011920929,0.2,0.0138435496472034,13,1342
Bin 4,0.675,800,0.3387500047683716,-0.3362499952316284,0.2,0.016743610019294,13,1342
Bin 5,0.675,800,0.4650000035762787,-0.2099999964237213,0.2,0.0176453365748285,13,1342
Overall,0.6875,4000,0.2082500010728836,-0.4792499989271164,0.2,0.0064211212570029,13,1342
Bin 1,0.6875,800,0.0074999998323619,-0.6800000001676381,0.2,0.0030522671300426,13,1342
Bin 2,0.6875,800,0.0362499989569187,-0.6512500010430813,0.2,0.0066124559413666,13,1342
Bin 3,0.6875,800,0.1899999976158142,-0.4975000023841858,0.2,0.0138786084494659,13,1342
Bin 4,0.6875,800,0.3400000035762787,-0.3474999964237213,0.2,0.0167586121900214,13,1342
Bin 5,0.6875,800,0.4675000011920929,-0.2199999988079071,0.2,0.0176513214273171,13,1342
Overall,0.7000000000000001,4000,0.2084999978542328,-0.4915000021457673,0.2,0.0064239593915222,13,1342
Bin 1,0.7000000000000001,800,0.0074999998323619,-0.6925000001676381,0.2,0.0030522671300426,13,1342
Bin 2,0.7000000000000001,800,0.0362499989569187,-0.6637500010430814,0.2,0.0066124559413666,13,1342
Bin 3,0.7000000000000001,800,0.1899999976158142,-0.5100000023841859,0.2,0.0138786084494659,13,1342
Bin 4,0.7000000000000001,800,0.3400000035762787,-0.3599999964237214,0.2,0.0167586121900214,13,1342
Bin 5,0.7000000000000001,800,0.46875,-0.23125,0.2,0.0176541463198385,13,1342
Overall,0.7125,4000,0.2097499966621399,-0.5027500033378601,0.2,0.0064380977591327,13,1342
Bin 1,0.7125,800,0.0074999998323619,-0.7050000001676381,0.2,0.0030522671300426,13,1342
Bin 2,0.7125,800,0.0362499989569187,-0.6762500010430813,0.2,0.0066124559413666,13,1342
Bin 3,0.7125,800,0.1899999976158142,-0.5225000023841858,0.2,0.0138786084494659,13,1342
Bin 4,0.7125,800,0.3412500023841858,-0.3712499976158142,0.2,0.0167734826518473,13,1342
Bin 5,0.7125,800,0.4737499952316284,-0.2387500047683716,0.2,0.017664335320466,13,1342
Overall,0.7250000000000001,4000,0.2115000039339065,-0.5134999960660935,0.2,0.0064577371033959,13,1342
Bin 1,0.7250000000000001,800,0.0074999998323619,-0.7175000001676382,0.2,0.0030522671300426,13,1342
Bin 2,0.7250000000000001,800,0.0362499989569187,-0.6887500010430814,0.2,0.0066124559413666,13,1342
Bin 3,0.7250000000000001,800,0.1899999976158142,-0.5350000023841859,0.2,0.0138786084494659,13,1342
Bin 4,0.7250000000000001,800,0.34375,-0.3812500000000001,0.2,0.0168028368781639,13,1342
Bin 5,0.7250000000000001,800,0.4799999892711639,-0.2450000107288361,0.2,0.0176745727899693,13,1342
Overall,0.7375,4000,0.2142499983310699,-0.5232500016689301,0.2,0.0064882398634334,13,1342
Bin 1,0.7375,800,0.0074999998323619,-0.7300000001676381,0.2,0.0030522671300426,13,1342
Bin 2,0.7375,800,0.0362499989569187,-0.7012500010430813,0.2,0.0066124559413666,13,1342
Bin 3,0.7375,800,0.1912499964237213,-0.5462500035762787,0.2,0.0139134386050753,13,1342
Bin 4,0.7375,800,0.3449999988079071,-0.3925000011920929,0.2,0.0168173206426547,13,1342
Bin 5,0.7375,800,0.4912500083446502,-0.2462499916553497,0.2,0.0176860188203536,13,1342
Overall,0.75,4000,0.215499997138977,-0.534500002861023,0.2,0.0065019621472351,13,1342
Bin 1,0.75,800,0.0074999998323619,-0.7425000001676381,0.2,0.0030522671300426,13,1342
Bin 2,0.75,800,0.0362499989569187,-0.7137500010430813,0.2,0.0066124559413666,13,1342
Bin 3,0.75,800,0.1912499964237213,-0.5587500035762787,0.2,0.0139134386050753,13,1342
Bin 4,0.75,800,0.3487499952316284,-0.4012500047683716,0.2,0.0168600006487993,13,1342
Bin 5,0.75,800,0.4937500059604645,-0.2562499940395355,0.2,0.0176873464460817,13,1342
Overall,0.7625000000000001,4000,0.2160000056028366,-0.5464999943971635,0.2,0.0065074254266004,13,1342
Bin 1,0.7625000000000001,800,0.0074999998323619,-0.7550000001676381,0.2,0.0030522671300426,13,1342
Bin 2,0.7625000000000001,800,0.0362499989569187,-0.7262500010430814,0.2,0.0066124559413666,13,1342
Bin 3,0.7625000000000001,800,0.1912499964237213,-0.5712500035762788,0.2,0.0139134386050753,13,1342
Bin 4,0.7625000000000001,800,0.3499999940395355,-0.4125000059604645,0.2,0.0168739702217382,13,1342
Bin 5,0.7625000000000001,800,0.4950000047683716,-0.2674999952316285,0.2,0.0176878437788942,13,1342
Overall,0.775,4000,0.217749997973442,-0.557250002026558,0.2,0.0065264371110296,13,1342
Bin 1,0.775,800,0.0074999998323619,-0.7675000001676381,0.2,0.0030522671300426,13,1342
Bin 2,0.775,800,0.0362499989569187,-0.7387500010430813,0.2,0.0066124559413666,13,1342
Bin 3,0.775,800,0.1912499964237213,-0.5837500035762787,0.2,0.0139134386050753,13,1342
Bin 4,0.775,800,0.3512499928474426,-0.4237500071525574,0.2,0.016887815461474,13,1342
Bin 5,0.775,800,0.5024999976158142,-0.2725000023841858,0.2,0.0176885075917582,13,1342
Overall,0.7875000000000001,4000,0.2185000032186508,-0.5689999967813493,0.2,0.0065345326034822,13,1342
Bin 1,0.7875000000000001,800,0.0074999998323619,-0.7800000001676382,0.2,0.0030522671300426,13,1342
Bin 2,0.7875000000000001,800,0.0362499989569187,-0.7512500010430814,0.2,0.0066124559413666,13,1342
Bin 3,0.7875000000000001,800,0.1912499964237213,-0.5962500035762788,0.2,0.0139134386050753,13,1342
Bin 4,0.7875000000000001,800,0.3512499928474426,-0.4362500071525574,0.2,0.016887815461474,13,1342
Bin 5,0.7875000000000001,800,0.5062500238418579,-0.2812499761581422,0.2,0.0176873464460817,13,1342
Overall,0.8,4000,0.2195000052452087,-0.5804999947547913,0.2,0.0065452768015854,13,1342
Bin 1,0.8,800,0.0074999998323619,-0.7925000001676381,0.2,0.0030522671300426,13,1342
Bin 2,0.8,800,0.0362499989569187,-0.7637500010430813,0.2,0.0066124559413666,13,1342
Bin 3,0.8,800,0.1912499964237213,-0.6087500035762787,0.2,0.0139134386050753,13,1342
Bin 4,0.8,800,0.3512499928474426,-0.4487500071525574,0.2,0.016887815461474,13,1342
Bin 5,0.8,800,0.5112500190734863,-0.2887499809265137,0.2,0.0176842507600586,13,1342
Overall,0.8125,4000,0.2202499955892563,-0.5922500044107437,0.2,0.0065532987843278,13,1342
Bin 1,0.8125,800,0.0074999998323619,-0.8050000001676381,0.2,0.0030522671300426,13,1342
Bin 2,0.8125,800,0.0362499989569187,-0.7762500010430813,0.2,0.0066124559413666,13,1342
Bin 3,0.8125,800,0.1912499964237213,-0.6212500035762787,0.2,0.0139134386050753,13,1342
Bin 4,0.8125,800,0.3512499928474426,-0.4612500071525574,0.2,0.016887815461474,13,1342
Bin 5,0.8125,800,0.5149999856948853,-0.2975000143051147,0.2,0.0176807652156868,13,1342
Overall,0.8250000000000001,4000,0.2212499976158142,-0.6037500023841859,0.2,0.0065639454407,13,1342
Bin 1,0.8250000000000001,800,0.0074999998323619,-0.8175000001676381,0.2,0.0030522671300426,13,1342
Bin 2,0.8250000000000001,800,0.0362499989569187,-0.7887500010430814,0.2,0.0066124559413666,13,1342
Bin 3,0.8250000000000001,800,0.1912499964237213,-0.6337500035762788,0.2,0.0139134386050753,13,1342
Bin 4,0.8250000000000001,800,0.3512499928474426,-0.4737500071525574,0.2,0.016887815461474,13,1342
Bin 5,0.8250000000000001,800,0.5199999809265137,-0.3050000190734864,0.2,0.0176745727899693,13,1342
Overall,0.8375,4000,0.2217500060796737,-0.6157499939203263,0.2,0.0065692485065942,13,1342
Bin 1,0.8375,800,0.0074999998323619,-0.8300000001676381,0.2,0.0030522671300426,13,1342
Bin 2,0.8375,800,0.0362499989569187,-0.8012500010430813,0.2,0.0066124559413666,13,1342
Bin 3,0.8375,800,0.1912499964237213,-0.6462500035762787,0.2,0.0139134386050753,13,1342
Bin 4,0.8375,800,0.3512499928474426,-0.4862500071525574,0.2,0.016887815461474,13,1342
Bin 5,0.8375,800,0.5224999785423279,-0.3150000214576721,0.2,0.0176708090763973,13,1342
Overall,0.8500000000000001,4000,0.2220000028610229,-0.6279999971389771,0.2,0.0065718943849481,13,1342
Bin 1,0.8500000000000001,800,0.0074999998323619,-0.8425000001676382,0.2,0.0030522671300426,13,1342
Bin 2,0.8500000000000001,800,0.0362499989569187,-0.8137500010430814,0.2,0.0066124559413666,13,1342
Bin 3,0.8500000000000001,800,0.1912499964237213,-0.6587500035762788,0.2,0.0139134386050753,13,1342
Bin 4,0.8500000000000001,800,0.3512499928474426,-0.4987500071525574,0.2,0.016887815461474,13,1342
Bin 5,0.8500000000000001,800,0.5237500071525574,-0.3262499928474427,0.2,0.0176687628469021,13,1342
Overall,0.8625,4000,0.2227499932050705,-0.6397500067949295,0.2,0.0065798122289343,13,1342
Bin 1,0.8625,800,0.0074999998323619,-0.8550000001676381,0.2,0.0030522671300426,13,1342
Bin 2,0.8625,800,0.0362499989569187,-0.8262500010430813,0.2,0.0066124559413666,13,1342
Bin 3,0.8625,800,0.1912499964237213,-0.6712500035762787,0.2,0.0139134386050753,13,1342
Bin 4,0.8625,800,0.3512499928474426,-0.5112500071525574,0.2,0.016887815461474,13,1342
Bin 5,0.8625,800,0.5274999737739563,-0.3350000262260437,0.2,0.0176619540235251,13,1342
Overall,0.875,4000,0.2227499932050705,-0.6522500067949295,0.2,0.0065798122289343,13,1342
Bin 1,0.875,800,0.0074999998323619,-0.8675000001676381,0.2,0.0030522671300426,13,1342
Bin 2,0.875,800,0.0362499989569187,-0.8387500010430813,0.2,0.0066124559413666,13,1342
Bin 3,0.875,800,0.1912499964237213,-0.6837500035762787,0.2,0.0139134386050753,13,1342
Bin 4,0.875,800,0.3512499928474426,-0.5237500071525574,0.2,0.016887815461474,13,1342
Bin 5,0.875,800,0.5274999737739563,-0.3475000262260437,0.2,0.0176619540235251,13,1342
Overall,0.8875000000000001,4000,0.2227499932050705,-0.6647500067949296,0.2,0.0065798122289343,13,1342
Bin 1,0.8875000000000001,800,0.0074999998323619,-0.8800000001676381,0.2,0.0030522671300426,13,1342
Bin 2,0.8875000000000001,800,0.0362499989569187,-0.8512500010430814,0.2,0.0066124559413666,13,1342
Bin 3,0.8875000000000001,800,0.1912499964237213,-0.6962500035762788,0.2,0.0139134386050753,13,1342
Bin 4,0.8875000000000001,800,0.3512499928474426,-0.5362500071525574,0.2,0.016887815461474,13,1342
Bin 5,0.8875000000000001,800,0.5274999737739563,-0.3600000262260437,0.2,0.0176619540235251,13,1342
Overall,0.9,4000,0.2227499932050705,-0.6772500067949295,0.2,0.0065798122289343,13,1342
Bin 1,0.9,800,0.0074999998323619,-0.8925000001676381,0.2,0.0030522671300426,13,1342
Bin 2,0.9,800,0.0362499989569187,-0.8637500010430813,0.2,0.0066124559413666,13,1342
Bin 3,0.9,800,0.1912499964237213,-0.7087500035762787,0.2,0.0139134386050753,13,1342
Bin 4,0.9,800,0.3512499928474426,-0.5487500071525574,0.2,0.016887815461474,13,1342
Bin 5,0.9,800,0.5274999737739563,-0.3725000262260437,0.2,0.0176619540235251,13,1342
Overall,0.9125,4000,0.2227499932050705,-0.6897500067949296,0.2,0.0065798122289343,13,1342
Bin 1,0.9125,800,0.0074999998323619,-0.9050000001676382,0.2,0.0030522671300426,13,1342
Bin 2,0.9125,800,0.0362499989569187,-0.8762500010430814,0.2,0.0066124559413666,13,1342
Bin 3,0.9125,800,0.1912499964237213,-0.7212500035762788,0.2,0.0139134386050753,13,1342
Bin 4,0.9125,800,0.3512499928474426,-0.5612500071525575,0.2,0.016887815461474,13,1342
Bin 5,0.9125,800,0.5274999737739563,-0.3850000262260438,0.2,0.0176619540235251,13,1342
Overall,0.925,4000,0.2227499932050705,-0.7022500067949295,0.2,0.0065798122289343,13,1342
Bin 1,0.925,800,0.0074999998323619,-0.917500000167638,0.2,0.0030522671300426,13,1342
Bin 2,0.925,800,0.0362499989569187,-0.8887500010430813,0.2,0.0066124559413666,13,1342
Bin 3,0.925,800,0.1912499964237213,-0.7337500035762787,0.2,0.0139134386050753,13,1342
Bin 4,0.925,800,0.3512499928474426,-0.5737500071525574,0.2,0.016887815461474,13,1342
Bin 5,0.925,800,0.5274999737739563,-0.3975000262260437,0.2,0.0176619540235251,13,1342
Overall,0.9375,4000,0.2227499932050705,-0.7147500067949295,0.2,0.0065798122289343,13,1342
Bin 1,0.9375,800,0.0074999998323619,-0.930000000167638,0.2,0.0030522671300426,13,1342
Bin 2,0.9375,800,0.0362499989569187,-0.9012500010430812,0.2,0.0066124559413666,13,1342
Bin 3,0.9375,800,0.1912499964237213,-0.7462500035762787,0.2,0.0139134386050753,13,1342
Bin 4,0.9375,800,0.3512499928474426,-0.5862500071525574,0.2,0.016887815461474,13,1342
Bin 5,0.9375,800,0.5274999737739563,-0.4100000262260437,0.2,0.0176619540235251,13,1342
Overall,0.95,4000,0.2227499932050705,-0.7272500067949296,0.2,0.0065798122289343,13,1342
Bin 1,0.95,800,0.0074999998323619,-0.942500000167638,0.2,0.0030522671300426,13,1342
Bin 2,0.95,800,0.0362499989569187,-0.9137500010430814,0.2,0.0066124559413666,13,1342
Bin 3,0.95,800,0.1912499964237213,-0.7587500035762788,0.2,0.0139134386050753,13,1342
Bin 4,0.95,800,0.3512499928474426,-0.5987500071525574,0.2,0.016887815461474,13,1342
Bin 5,0.95,800,0.5274999737739563,-0.4225000262260437,0.2,0.0176619540235251,13,1342
Overall,0.9625,4000,0.2227499932050705,-0.7397500067949295,0.2,0.0065798122289343,13,1342
Bin 1,0.9625,800,0.0074999998323619,-0.955000000167638,0.2,0.0030522671300426,13,1342
Bin 2,0.9625,800,0.0362499989569187,-0.9262500010430812,0.2,0.0066124559413666,13,1342
Bin 3,0.9625,800,0.1912499964237213,-0.7712500035762787,0.2,0.0139134386050753,13,1342
Bin 4,0.9625,800,0.3512499928474426,-0.6112500071525574,0.2,0.016887815461474,13,1342
Bin 5,0.9625,800,0.5274999737739563,-0.4350000262260437,0.2,0.0176619540235251,13,1342
Overall,0.975,4000,0.2227499932050705,-0.7522500067949296,0.2,0.0065798122289343,13,1342
Bin 1,0.975,800,0.0074999998323619,-0.9675000001676382,0.2,0.0030522671300426,13,1342
Bin 2,0.975,800,0.0362499989569187,-0.9387500010430814,0.2,0.0066124559413666,13,1342
Bin 3,0.975,800,0.1912499964237213,-0.7837500035762788,0.2,0.0139134386050753,13,1342
Bin 4,0.975,800,0.3512499928474426,-0.6237500071525575,0.2,0.016887815461474,13,1342
Bin 5,0.975,800,0.5274999737739563,-0.4475000262260438,0.2,0.0176619540235251,13,1342
Overall,0.9875,4000,0.2227499932050705,-0.7647500067949295,0.2,0.0065798122289343,13,1342
Bin 1,0.9875,800,0.0074999998323619,-0.980000000167638,0.2,0.0030522671300426,13,1342
Bin 2,0.9875,800,0.0362499989569187,-0.9512500010430812,0.2,0.0066124559413666,13,1342
Bin 3,0.9875,800,0.1912499964237213,-0.7962500035762787,0.2,0.0139134386050753,13,1342
Bin 4,0.9875,800,0.3512499928474426,-0.6362500071525574,0.2,0.016887815461474,13,1342
Bin 5,0.9875,800,0.5274999737739563,-0.4600000262260437,0.2,0.0176619540235251,13,1342
Overall,1.0,4000,0.2227499932050705,-0.7772500067949295,0.2,0.0065798122289343,13,1342
Bin 1,1.0,800,0.0074999998323619,-0.992500000167638,0.2,0.0030522671300426,13,1342
Bin 2,1.0,800,0.0362499989569187,-0.9637500010430812,0.2,0.0066124559413666,13,1342
Bin 3,1.0,800,0.1912499964237213,-0.8087500035762787,0.2,0.0139134386050753,13,1342
Bin 4,1.0,800,0.3512499928474426,-0.6487500071525574,0.2,0.016887815461474,13,1342
Bin 5,1.0,800,0.5274999737739563,-0.4725000262260437,0.2,0.0176619540235251,13,1342
Overall,0.0,4000,0.0002500000118743,0.0002500000118743,0.175,0.0002499999865391,14,1442
Bin 1,0.0,800,0.0,0.0,0.175,0.0,14,1442
Bin 2,0.0,800,0.0,0.0,0.175,0.0,14,1442
Bin 3,0.0,800,0.0012499999720603,0.0012499999720603,0.175,0.0012499999259236,14,1442
Bin 4,0.0,800,0.0,0.0,0.175,0.0,14,1442
Bin 5,0.0,800,0.0,0.0,0.175,0.0,14,1442
Overall,0.0125,4000,0.0104999998584389,-0.002000000141561,0.175,0.0016118583730845,14,1442
Bin 1,0.0125,800,0.0049999998882412,-0.0075000001117587,0.175,0.002495302058745,14,1442
Bin 2,0.0125,800,0.0049999998882412,-0.0075000001117587,0.175,0.002495302058745,14,1442
Bin 3,0.0125,800,0.0175000000745058,0.0050000000745058,0.175,0.0046388670664068,14,1442
Bin 4,0.0125,800,0.0149999996647238,0.0024999996647238,0.175,0.0043002171386218,14,1442
Bin 5,0.0125,800,0.0099999997764825,-0.0025000002235174,0.175,0.0035200128548165,14,1442
Overall,0.025,4000,0.0175000000745058,-0.0074999999254941,0.175,0.0020735265663725,14,1442
Bin 1,0.025,800,0.0049999998882412,-0.0200000001117587,0.175,0.002495302058745,14,1442
Bin 2,0.025,800,0.0099999997764825,-0.0150000002235174,0.175,0.0035200128548165,14,1442
Bin 3,0.025,800,0.0324999988079071,0.0074999988079071,0.175,0.0062732670607562,14,1442
Bin 4,0.025,800,0.0225000008940696,-0.0024999991059303,0.175,0.0052465787872361,14,1442
Bin 5,0.025,800,0.0175000000745058,-0.0074999999254941,0.175,0.0046388670664068,14,1442
Overall,0.0375,4000,0.0232500005513429,-0.014249999448657,0.175,0.0023830189392147,14,1442
Bin 1,0.0375,800,0.0049999998882412,-0.0325000001117587,0.175,0.002495302058745,14,1442
Bin 2,0.0375,800,0.0137499999254941,-0.0237500000745058,0.175,0.0041197556602636,14,1442
Bin 3,0.0375,800,0.0399999991059303,0.0024999991059303,0.175,0.0069325375482045,14,1442
Bin 4,0.0375,800,0.0362499989569187,-0.0012500010430812,0.175,0.0066124559413666,14,1442
Bin 5,0.0375,800,0.0212500002235174,-0.0162499997764825,0.175,0.0051020177310218,14,1442
Overall,0.05,4000,0.0344999991357326,-0.0155000008642673,0.175,0.0028860908877977,14,1442
Bin 1,0.05,800,0.0062500000931322,-0.0437499999068677,0.175,0.0027880793566108,14,1442
Bin 2,0.05,800,0.0199999995529651,-0.0300000004470348,0.175,0.0049528442290735,14,1442
Bin 3,0.05,800,0.0575000010430812,0.0075000010430812,0.175,0.0082357133626409,14,1442
Bin 4,0.05,800,0.0524999983608722,0.0024999983608722,0.175,0.0078903425930252,14,1442
Bin 5,0.05,800,0.0362499989569187,-0.0137500010430812,0.175,0.0066124559413666,14,1442
Overall,0.0625,4000,0.0422499999403953,-0.0202500000596046,0.175,0.003181000536255,14,1442
Bin 1,0.0625,800,0.0062500000931322,-0.0562499999068677,0.175,0.0027880793566108,14,1442
Bin 2,0.0625,800,0.025000000372529,-0.0374999996274709,0.175,0.0055233039310109,14,1442
Bin 3,0.0625,800,0.067500002682209,0.005000002682209,0.175,0.0088757058815803,14,1442
Bin 4,0.0625,800,0.0700000002980232,0.0075000002980232,0.175,0.0090264525146493,14,1442
Bin 5,0.0625,800,0.0425000004470348,-0.0199999995529651,0.175,0.0071365851932427,14,1442
Overall,0.075,4000,0.0480000004172325,-0.0269999995827674,0.175,0.0033803635826954,14,1442
Bin 1,0.075,800,0.0062500000931322,-0.0687499999068677,0.175,0.0027880793566108,14,1442
Bin 2,0.075,800,0.025000000372529,-0.0499999996274709,0.175,0.0055233039310109,14,1442
Bin 3,0.075,800,0.0775000005960464,0.0025000005960464,0.175,0.0094593354200062,14,1442
Bin 4,0.075,800,0.0787499994039535,0.0037499994039535,0.175,0.00952885243194,14,1442
Bin 5,0.075,800,0.0524999983608722,-0.0225000016391277,0.175,0.0078903420661896,14,1442
Overall,0.0875,4000,0.0549999997019767,-0.0325000002980232,0.175,0.0036051350720077,14,1442
Bin 1,0.0875,800,0.0074999998323619,-0.080000000167638,0.175,0.0030522668666248,14,1442
Bin 2,0.0875,800,0.0262499991804361,-0.0612500008195638,0.175,0.0056560733526831,14,1442
Bin 3,0.0875,800,0.0799999982118606,-0.0075000017881393,0.175,0.0095976634841613,14,1442
Bin 4,0.0875,800,0.0912500023841857,0.0037500023841857,0.175,0.0101874443551273,14,1442
Bin 5,0.0875,800,0.0700000002980232,-0.0174999997019767,0.175,0.0090264525146493,14,1442
Overall,0.1,4000,0.0625,-0.0375,0.175,0.0038278061155919,14,1442
Bin 1,0.1,800,0.0074999998323619,-0.092500000167638,0.175,0.0030522668666248,14,1442
Bin 2,0.1,800,0.0262499991804361,-0.0737500008195638,0.175,0.0056560733526831,14,1442
Bin 3,0.1,800,0.0900000035762786,-0.0099999964237213,0.175,0.0101243821330429,14,1442
Bin 4,0.1,800,0.1012500002980232,0.0012500002980232,0.175,0.0106719455595267,14,1442
Bin 5,0.1,800,0.0874999985098838,-0.0125000014901161,0.175,0.0099964801455381,14,1442
Overall,0.1125,4000,0.0694999992847442,-0.0430000007152557,0.175,0.0040213779162673,14,1442
Bin 1,0.1125,800,0.0074999998323619,-0.105000000167638,0.175,0.0030522668666248,14,1442
Bin 2,0.1125,800,0.0262499991804361,-0.0862500008195638,0.175,0.0056560733526831,14,1442
Bin 3,0.1125,800,0.0962499976158142,-0.0162500023841857,0.175,0.0104340076336009,14,1442
Bin 4,0.1125,800,0.1099999994039535,-0.0025000005960464,0.175,0.0110692438806859,14,1442
Bin 5,0.1125,800,0.1075000017881393,-0.0049999982118606,0.175,0.0109580921044505,14,1442
Overall,0.125,4000,0.0750000029802322,-0.0499999970197677,0.175,0.0041651035363475,14,1442
Bin 1,0.125,800,0.0074999998323619,-0.117500000167638,0.175,0.0030522668666248,14,1442
Bin 2,0.125,800,0.0287500005215406,-0.0962499994784593,0.175,0.0059116813448471,14,1442
Bin 3,0.125,800,0.0974999964237213,-0.0275000035762786,0.175,0.0104942765733003,14,1442
Bin 4,0.125,800,0.1199999973177909,-0.005000002682209,0.175,0.0114963126282907,14,1442
Bin 5,0.125,800,0.1212500035762786,-0.0037499964237213,0.175,0.0115478234528695,14,1442
Overall,0.1375,4000,0.0807500034570694,-0.0567499965429306,0.175,0.0043083635949293,14,1442
Bin 1,0.1375,800,0.0074999998323619,-0.130000000167638,0.175,0.0030522668666248,14,1442
Bin 2,0.1375,800,0.0299999993294477,-0.1075000006705522,0.175,0.0060349419106597,14,1442
Bin 3,0.1375,800,0.1024999991059303,-0.0350000008940696,0.175,0.0107301493036491,14,1442
Bin 4,0.1375,800,0.1312499940395355,-0.0062500059604644,0.175,0.0119460321459565,14,1442
Bin 5,0.1375,800,0.1324999928474426,-0.0050000071525573,0.175,0.0119941438272029,14,1442
Overall,0.15,4000,0.0862499997019767,-0.0637500002980232,0.175,0.0044393315105472,14,1442
Bin 1,0.15,800,0.0074999998323619,-0.142500000167638,0.175,0.0030522668666248,14,1442
Bin 2,0.15,800,0.0299999993294477,-0.1200000006705522,0.175,0.0060349419106597,14,1442
Bin 3,0.15,800,0.1087500005960464,-0.0412499994039535,0.175,0.0110138966392214,14,1442
Bin 4,0.15,800,0.1400000005960464,-0.0099999994039535,0.175,0.0122755182952041,14,1442
Bin 5,0.15,800,0.1449999958276748,-0.0050000041723251,0.175,0.0124564315350946,14,1442
Overall,0.1625,4000,0.0902500003576278,-0.0722499996423721,0.175,0.0045311550342249,14,1442
Bin 1,0.1625,800,0.0074999998323619,-0.155000000167638,0.175,0.0030522668666248,14,1442
Bin 2,0.1625,800,0.0299999993294477,-0.1325000006705522,0.175,0.0060349419106597,14,1442
Bin 3,0.1625,800,0.1099999994039535,-0.0525000005960464,0.175,0.0110692438806859,14,1442
Bin 4,0.1625,800,0.147499993443489,-0.0150000065565109,0.175,0.0125449757417887,14,1442
Bin 5,0.1625,800,0.15625,-0.00625,0.175,0.0128452783594561,14,1442
Overall,0.175,4000,0.095499999821186,-0.0795000001788139,0.175,0.0046476160912487,14,1442
Bin 1,0.175,800,0.0074999998323619,-0.167500000167638,0.175,0.0030522668666248,14,1442
Bin 2,0.175,800,0.0299999993294477,-0.1450000006705522,0.175,0.0060349419106597,14,1442
Bin 3,0.175,800,0.1212500035762786,-0.0537499964237213,0.175,0.0115478234528695,14,1442
Bin 4,0.175,800,0.15625,-0.01875,0.175,0.0128452783594561,14,1442
Bin 5,0.175,800,0.1624999940395355,-0.0125000059604644,0.175,0.0130510571862969,14,1442
Overall,0.1875,4000,0.1007499992847442,-0.0867500007152557,0.175,0.0047597820135981,14,1442
Bin 1,0.1875,800,0.0074999998323619,-0.180000000167638,0.175,0.0030522668666248,14,1442
Bin 2,0.1875,800,0.03125,-0.15625,0.175,0.0061554170966212,14,1442
Bin 3,0.1875,800,0.1262499988079071,-0.0612500011920928,0.175,0.011749946040602,14,1442
Bin 4,0.1875,800,0.166250005364418,-0.0212499946355819,0.175,0.0131712009926621,14,1442
Bin 5,0.1875,800,0.1724999994039535,-0.0150000005960464,0.175,0.0133661143619568,14,1442
Overall,0.2,4000,0.1037499979138374,-0.0962500020861625,0.175,0.004822063586849,14,1442
Bin 1,0.2,800,0.0087500000372529,-0.1912499999627471,0.175,0.0032947484862379,14,1442
Bin 2,0.2,800,0.03125,-0.16875,0.175,0.0061554170966212,14,1442
Bin 3,0.2,800,0.1299999952316284,-0.0700000047683716,0.175,0.0118975601091553,14,1442
Bin 4,0.2,800,0.1724999994039535,-0.0275000005960464,0.175,0.0133661143619568,14,1442
Bin 5,0.2,800,0.1762499958276748,-0.0237500041723251,0.175,0.0134799677511817,14,1442
Overall,0.2125,4000,0.1077499985694885,-0.1047500014305115,0.175,0.0049031617610671,14,1442
Bin 1,0.2125,800,0.0087500000372529,-0.2037499999627471,0.175,0.0032947484862379,14,1442
Bin 2,0.2125,800,0.03125,-0.18125,0.175,0.0061554170966212,14,1442
Bin 3,0.2125,800,0.135000005364418,-0.0774999946355819,0.175,0.0120893103574693,14,1442
Bin 4,0.2125,800,0.1774999946355819,-0.035000005364418,0.175,0.0135174183870973,14,1442
Bin 5,0.2125,800,0.1862500011920929,-0.0262499988079071,0.175,0.0137727366196778,14,1442
Overall,0.225,4000,0.1137500032782554,-0.1112499967217445,0.175,0.0050208597603312,14,1442
Bin 1,0.225,800,0.0087500000372529,-0.2162499999627471,0.175,0.0032947484862379,14,1442
Bin 2,0.225,800,0.0324999988079071,-0.1925000011920929,0.175,0.0062732665339206,14,1442
Bin 3,0.225,800,0.135000005364418,-0.0899999946355819,0.175,0.0120893103574693,14,1442
Bin 4,0.225,800,0.1899999976158142,-0.0350000023841858,0.175,0.0138786084494659,14,1442
Bin 5,0.225,800,0.2025000005960464,-0.0224999994039535,0.175,0.0142168864313129,14,1442
Overall,0.2375,4000,0.1182499974966049,-0.1192500025033951,0.175,0.005106197465725,14,1442
Bin 1,0.2375,800,0.0099999997764825,-0.2275000002235174,0.175,0.0035200128548165,14,1442
Bin 2,0.2375,800,0.0337500013411045,-0.2037499986588955,0.175,0.0063886372096919,14,1442
Bin 3,0.2375,800,0.1424999982118606,-0.0950000017881393,0.175,0.0123666229229452,14,1442
Bin 4,0.2375,800,0.1949999928474426,-0.0425000071525573,0.175,0.0140165729970527,14,1442
Bin 5,0.2375,800,0.209999993443489,-0.0275000065565109,0.175,0.0144095301928152,14,1442
Overall,0.25,4000,0.121749997138977,-0.1282500028610229,0.175,0.0051709204095461,14,1442
Bin 1,0.25,800,0.0099999997764825,-0.2400000002235174,0.175,0.0035200128548165,14,1442
Bin 2,0.25,800,0.0337500013411045,-0.2162499986588955,0.175,0.0063886372096919,14,1442
Bin 3,0.25,800,0.1424999982118606,-0.1075000017881393,0.175,0.0123666229229452,14,1442
Bin 4,0.25,800,0.2025000005960464,-0.0474999994039535,0.175,0.0142168864313129,14,1442
Bin 5,0.25,800,0.2199999988079071,-0.0300000011920928,0.175,0.0146549797408169,14,1442
Overall,0.2625,4000,0.124499998986721,-0.1380000010132789,0.175,0.0052208000464837,14,1442
Bin 1,0.2625,800,0.0099999997764825,-0.2525000002235174,0.175,0.0035200128548165,14,1442
Bin 2,0.2625,800,0.0337500013411045,-0.2287499986588955,0.175,0.0063886372096919,14,1442
Bin 3,0.2625,800,0.1424999982118606,-0.1200000017881393,0.175,0.0123666229229452,14,1442
Bin 4,0.2625,800,0.2074999958276748,-0.0550000041723251,0.175,0.0143461487083533,14,1442
Bin 5,0.2625,800,0.228750005364418,-0.0337499946355819,0.175,0.0148595194503115,14,1442
Overall,0.275,4000,0.1274999976158142,-0.1475000023841858,0.175,0.0052742670515263,14,1442
Bin 1,0.275,800,0.0099999997764825,-0.2650000002235174,0.175,0.0035200128548165,14,1442
Bin 2,0.275,800,0.0350000001490116,-0.2399999998509884,0.175,0.0065016603060011,14,1442
Bin 3,0.275,800,0.1449999958276748,-0.1300000041723251,0.175,0.0124564315350946,14,1442
Bin 4,0.275,800,0.2125000059604644,-0.0624999940395355,0.175,0.0144720929747448,14,1442
Bin 5,0.275,800,0.2349999994039535,-0.0400000005960464,0.175,0.0150000001647544,14,1442
Overall,0.2875,4000,0.1315000057220459,-0.1559999942779541,0.175,0.0053440697048142,14,1442
Bin 1,0.2875,800,0.0112500004470348,-0.2762499995529652,0.175,0.003731179365986,14,1442
Bin 2,0.2875,800,0.0362499989569187,-0.2512500010430813,0.175,0.0066124559413666,14,1442
Bin 3,0.2875,800,0.1462499946355819,-0.141250005364418,0.175,0.0125008595817812,14,1442
Bin 4,0.2875,800,0.2224999964237213,-0.0650000035762787,0.175,0.0147143741334097,14,1442
Bin 5,0.2875,800,0.241249993443489,-0.0462500065565109,0.175,0.0151359479856399,14,1442
Overall,0.3,4000,0.1362500041723251,-0.1637499958276749,0.175,0.0054248356716878,14,1442
Bin 1,0.3,800,0.0112500004470348,-0.2887499995529652,0.175,0.003731179365986,14,1442
Bin 2,0.3,800,0.0362499989569187,-0.2637500010430813,0.175,0.0066124559413666,14,1442
Bin 3,0.3,800,0.1512500047683715,-0.1487499952316284,0.175,0.0126754729214906,14,1442
Bin 4,0.3,800,0.2275000065565109,-0.0724999934434891,0.175,0.0148308659153514,14,1442
Bin 5,0.3,800,0.2549999952316284,-0.0450000047683716,0.175,0.0154196605500622,14,1442
Overall,0.3125,4000,0.1389999985694885,-0.1735000014305114,0.175,0.0054705785025579,14,1442
Bin 1,0.3125,800,0.0112500004470348,-0.3012499995529651,0.175,0.003731179365986,14,1442
Bin 2,0.3125,800,0.0375000014901161,-0.2749999985098839,0.175,0.0067211347512655,14,1442
Bin 3,0.3125,800,0.1512500047683715,-0.1612499952316284,0.175,0.0126754729214906,14,1442
Bin 4,0.3125,800,0.2325000017881393,-0.0799999982118606,0.175,0.0149443589490215,14,1442
Bin 5,0.3125,800,0.262499988079071,-0.0500000119209289,0.175,0.0155658289817116,14,1442
Overall,0.325,4000,0.1435000002384185,-0.1814999997615814,0.175,0.0055438813489737,14,1442
Bin 1,0.325,800,0.0112500004470348,-0.3137499995529652,0.175,0.003731179365986,14,1442
Bin 2,0.325,800,0.0375000014901161,-0.2874999985098839,0.175,0.0067211347512655,14,1442
Bin 3,0.325,800,0.1574999988079071,-0.1675000011920929,0.175,0.0128870005784683,14,1442
Bin 4,0.325,800,0.241249993443489,-0.0837500065565109,0.175,0.0151359479856399,14,1442
Bin 5,0.325,800,0.270000010728836,-0.0549999892711639,0.175,0.0157061579674998,14,1442
Overall,0.3375,4000,0.1472499966621399,-0.1902500033378601,0.175,0.0056035443744039,14,1442
Bin 1,0.3375,800,0.0112500004470348,-0.3262499995529652,0.175,0.003731179365986,14,1442
Bin 2,0.3375,800,0.0387500002980232,-0.2987499997019768,0.175,0.0068277973612989,14,1442
Bin 3,0.3375,800,0.1587499976158142,-0.1787500023841858,0.175,0.0129284361989106,14,1442
Bin 4,0.3375,800,0.2462500035762787,-0.0912499964237213,0.175,0.0152415237338173,14,1442
Bin 5,0.3375,800,0.28125,-0.05625,0.175,0.0159060309671931,14,1442
Overall,0.35,4000,0.1509999930858612,-0.1990000069141388,0.175,0.0056619572635432,14,1442
Bin 1,0.35,800,0.0112500004470348,-0.3387499995529652,0.175,0.003731179365986,14,1442
Bin 2,0.35,800,0.0387500002980232,-0.3112499997019768,0.175,0.0068277973612989,14,1442
Bin 3,0.35,800,0.1637499928474426,-0.1862500071525574,0.175,0.0130913769689249,14,1442
Bin 4,0.35,800,0.2512499988079071,-0.0987500011920929,0.175,0.0153443335950611,14,1442
Bin 5,0.35,800,0.2899999916553497,-0.0600000083446503,0.175,0.0160529475054035,14,1442
Overall,0.3625,4000,0.1539999991655349,-0.208500000834465,0.175,0.0057078141287074,14,1442
Bin 1,0.3625,800,0.0112500004470348,-0.3512499995529652,0.175,0.003731179365986,14,1442
Bin 2,0.3625,800,0.0387500002980232,-0.3237499997019768,0.175,0.0068277973612989,14,1442
Bin 3,0.3625,800,0.1637499928474426,-0.1987500071525574,0.175,0.0130913769689249,14,1442
Bin 4,0.3625,800,0.2562499940395355,-0.1062500059604645,0.175,0.0154444344676169,14,1442
Bin 5,0.3625,800,0.3000000119209289,-0.062499988079071,0.175,0.0162119875845882,14,1442
Overall,0.375,4000,0.1572500020265579,-0.217749997973442,0.175,0.0057566396552483,14,1442
Bin 1,0.375,800,0.0112500004470348,-0.3637499995529651,0.175,0.003731179365986,14,1442
Bin 2,0.375,800,0.0399999991059303,-0.3350000008940696,0.175,0.0069325380750401,14,1442
Bin 3,0.375,800,0.1687500029802322,-0.2062499970197677,0.175,0.0132499534327759,14,1442
Bin 4,0.375,800,0.262499988079071,-0.1125000119209289,0.175,0.0155658300353828,14,1442
Bin 5,0.375,800,0.3037500083446502,-0.0712499916553497,0.175,0.016269243024619,14,1442
Overall,0.3875,4000,0.1595000028610229,-0.227999997138977,0.175,0.0057899320145477,14,1442
Bin 1,0.3875,800,0.0112500004470348,-0.3762499995529652,0.175,0.003731179365986,14,1442
Bin 2,0.3875,800,0.0399999991059303,-0.3475000008940697,0.175,0.0069325380750401,14,1442
Bin 3,0.3875,800,0.1700000017881393,-0.2174999982118606,0.175,0.0132889329456212,14,1442
Bin 4,0.3875,800,0.2649999856948852,-0.1225000143051147,0.175,0.0156132473473,14,1442
Bin 5,0.3875,800,0.3112500011920929,-0.0762499988079071,0.175,0.0163799332928632,14,1442
Overall,0.4,4000,0.1615000069141388,-0.2384999930858612,0.175,0.0058191846382943,14,1442
Bin 1,0.4,800,0.0112500004470348,-0.3887499995529652,0.175,0.003731179365986,14,1442
Bin 2,0.4,800,0.0399999991059303,-0.3600000008940697,0.175,0.0069325380750401,14,1442
Bin 3,0.4,800,0.1700000017881393,-0.2299999982118606,0.175,0.0132889329456212,14,1442
Bin 4,0.4,800,0.2712500095367431,-0.1287499904632568,0.175,0.0157289868079958,14,1442
Bin 5,0.4,800,0.3149999976158142,-0.0850000023841858,0.175,0.016433390248172,14,1442
Overall,0.4125,4000,0.163000002503395,-0.2494999974966049,0.175,0.0058409142971395,14,1442
Bin 1,0.4125,800,0.0112500004470348,-0.4012499995529652,0.175,0.003731179365986,14,1442
Bin 2,0.4125,800,0.0412500016391277,-0.3712499983608723,0.175,0.0070354396056795,14,1442
Bin 3,0.4125,800,0.1724999994039535,-0.2400000005960464,0.175,0.0133661143619568,14,1442
Bin 4,0.4125,800,0.2737500071525574,-0.1387499928474426,0.175,0.0157741777126404,14,1442
Bin 5,0.4125,800,0.3162499964237213,-0.0962500035762787,0.175,0.0164509338738646,14,1442
Overall,0.425,4000,0.1650000065565109,-0.2599999934434891,0.175,0.0058696132419786,14,1442
Bin 1,0.425,800,0.0112500004470348,-0.4137499995529652,0.175,0.003731179365986,14,1442
Bin 2,0.425,800,0.0412500016391277,-0.3837499983608723,0.175,0.0070354396056795,14,1442
Bin 3,0.425,800,0.1749999970197677,-0.2500000029802323,0.175,0.0134422695025311,14,1442
Bin 4,0.425,800,0.2737500071525574,-0.1512499928474426,0.175,0.0157741777126404,14,1442
Bin 5,0.425,800,0.3237499892711639,-0.1012500107288361,0.175,0.0165533201592809,14,1442
Overall,0.4375,4000,0.1669999957084655,-0.2705000042915344,0.175,0.0058980035402777,14,1442
Bin 1,0.4375,800,0.0112500004470348,-0.4262499995529651,0.175,0.003731179365986,14,1442
Bin 2,0.4375,800,0.0425000004470348,-0.3949999995529651,0.175,0.0071365851932427,14,1442
Bin 3,0.4375,800,0.1762499958276748,-0.2612500041723251,0.175,0.0134799677511817,14,1442
Bin 4,0.4375,800,0.2762500047683716,-0.1612499952316284,0.175,0.015818744843927,14,1442
Bin 5,0.4375,800,0.3287500143051147,-0.1087499856948852,0.175,0.016618876421126,14,1442
Overall,0.45,4000,0.1704999953508377,-0.2795000046491623,0.175,0.0059469553527311,14,1442
Bin 1,0.45,800,0.0112500004470348,-0.4387499995529652,0.175,0.003731179365986,14,1442
Bin 2,0.45,800,0.0425000004470348,-0.4074999995529652,0.175,0.0071365851932427,14,1442
Bin 3,0.45,800,0.1774999946355819,-0.272500005364418,0.175,0.0135174183870973,14,1442
Bin 4,0.45,800,0.2849999964237213,-0.1650000035762787,0.175,0.0159698950330704,14,1442
Bin 5,0.45,800,0.3362500071525574,-0.1137499928474426,0.175,0.0167132158194904,14,1442
Overall,0.4625,4000,0.1747500002384185,-0.2877499997615814,0.175,0.006005175514489,14,1442
Bin 1,0.4625,800,0.0112500004470348,-0.4512499995529652,0.175,0.003731179365986,14,1442
Bin 2,0.4625,800,0.0425000004470348,-0.4199999995529652,0.175,0.0071365851932427,14,1442
Bin 3,0.4625,800,0.1800000071525573,-0.2824999928474426,0.175,0.013591574713381,14,1442
Bin 4,0.4625,800,0.2912499904632568,-0.1712500095367432,0.175,0.0160733392043843,14,1442
Bin 5,0.4625,800,0.3487499952316284,-0.1137500047683716,0.175,0.0168600017024705,14,1442
Overall,0.475,4000,0.1767500042915344,-0.2982499957084656,0.175,0.0060321182369549,14,1442
Bin 1,0.475,800,0.0112500004470348,-0.4637499995529652,0.175,0.003731179365986,14,1442
Bin 2,0.475,800,0.0437499992549419,-0.4312500007450581,0.175,0.0072360464873724,14,1442
Bin 3,0.475,800,0.1812500059604644,-0.2937499940395355,0.175,0.0136282877794476,14,1442
Bin 4,0.475,800,0.2949999868869781,-0.1800000131130218,0.175,0.016133634485864,14,1442
Bin 5,0.475,800,0.3524999916553497,-0.1225000083446503,0.175,0.0169015310996507,14,1442
Overall,0.4875,4000,0.1794999986886978,-0.3080000013113022,0.175,0.0060687025118698,14,1442
Bin 1,0.4875,800,0.0112500004470348,-0.4762499995529652,0.175,0.003731179365986,14,1442
Bin 2,0.4875,800,0.0450000017881393,-0.4424999982118607,0.175,0.0073338925035328,14,1442
Bin 3,0.4875,800,0.1825000047683715,-0.3049999952316284,0.175,0.0136647585011353,14,1442
Bin 4,0.4875,800,0.301250010728836,-0.1862499892711639,0.175,0.0162312170842213,14,1442
Bin 5,0.4875,800,0.3574999868869781,-0.1300000131130219,0.175,0.0169551324079156,14,1442
Overall,0.5,4000,0.1825000047683715,-0.3174999952316284,0.175,0.0061080080597133,14,1442
Bin 1,0.5,800,0.0112500004470348,-0.4887499995529651,0.175,0.003731179365986,14,1442
Bin 2,0.5,800,0.0462500005960464,-0.4537499994039535,0.175,0.0074301880425037,14,1442
Bin 3,0.5,800,0.1850000023841858,-0.3149999976158142,0.175,0.0137369792334011,14,1442
Bin 4,0.5,800,0.3062500059604645,-0.1937499940395355,0.175,0.0163067041972467,14,1442
Bin 5,0.5,800,0.363750010728836,-0.1362499892711639,0.175,0.0170193125751568,14,1442
Overall,0.5125000000000001,4000,0.1852499991655349,-0.3272500008344651,0.175,0.0061434962859993,14,1442
Bin 1,0.5125000000000001,800,0.0112500004470348,-0.5012499995529652,0.175,0.003731179365986,14,1442
Bin 2,0.5125000000000001,800,0.0462500005960464,-0.4662499994039536,0.175,0.0074301880425037,14,1442
Bin 3,0.5125000000000001,800,0.1862500011920929,-0.3262499988079071,0.175,0.013772737673349,14,1442
Bin 4,0.5125000000000001,800,0.3112500011920929,-0.2012499988079071,0.175,0.0163799332928632,14,1442
Bin 5,0.5125000000000001,800,0.3712500035762787,-0.1412499964237213,0.175,0.0170922339987791,14,1442
Overall,0.525,4000,0.1882500052452087,-0.3367499947547913,0.175,0.006181629448207,14,1442
Bin 1,0.525,800,0.0112500004470348,-0.5137499995529652,0.175,0.003731179365986,14,1442
Bin 2,0.525,800,0.0462500005960464,-0.4787499994039536,0.175,0.0074301880425037,14,1442
Bin 3,0.525,800,0.1875,-0.3375,0.175,0.013808259037274,14,1442
Bin 4,0.525,800,0.3149999976158142,-0.2100000023841858,0.175,0.0164333913018432,14,1442
Bin 5,0.525,800,0.3812499940395355,-0.1437500059604645,0.175,0.0171826105397123,14,1442
Overall,0.5375,4000,0.1909999996423721,-0.3465000003576278,0.175,0.0062160602655836,14,1442
Bin 1,0.5375,800,0.0112500004470348,-0.5262499995529651,0.175,0.003731179365986,14,1442
Bin 2,0.5375,800,0.0474999994039535,-0.4900000005960464,0.175,0.0075249900025305,14,1442
Bin 3,0.5375,800,0.1899999976158142,-0.3475000023841857,0.175,0.0138786084494659,14,1442
Bin 4,0.5375,800,0.3199999928474426,-0.2175000071525573,0.175,0.016502739726383,14,1442
Bin 5,0.5375,800,0.3862499892711639,-0.151250010728836,0.175,0.0172248943654808,14,1442
Overall,0.55,4000,0.1914999932050705,-0.3585000067949295,0.175,0.0062222680663735,14,1442
Bin 1,0.55,800,0.0112500004470348,-0.5387499995529652,0.175,0.003731179365986,14,1442
Bin 2,0.55,800,0.0474999994039535,-0.5025000005960465,0.175,0.0075249900025305,14,1442
Bin 3,0.55,800,0.1899999976158142,-0.3600000023841858,0.175,0.0138786084494659,14,1442
Bin 4,0.55,800,0.3199999928474426,-0.2300000071525574,0.175,0.016502739726383,14,1442
Bin 5,0.55,800,0.3887499868869781,-0.1612500131130219,0.175,0.0172453208356116,14,1442
Overall,0.5625,4000,0.1947499960660934,-0.3677500039339065,0.175,0.0062622210651268,14,1442
Bin 1,0.5625,800,0.0112500004470348,-0.5512499995529652,0.175,0.003731179365986,14,1442
Bin 2,0.5625,800,0.0474999994039535,-0.5150000005960464,0.175,0.0075249900025305,14,1442
Bin 3,0.5625,800,0.1899999976158142,-0.3725000023841858,0.175,0.0138786084494659,14,1442
Bin 4,0.5625,800,0.3237499892711639,-0.238750010728836,0.175,0.0165533201592809,14,1442
Bin 5,0.5625,800,0.4012500047683716,-0.1612499952316284,0.175,0.0173403114027855,14,1442
Overall,0.5750000000000001,4000,0.1969999969005584,-0.3780000030994416,0.175,0.0062894860993993,14,1442
Bin 1,0.5750000000000001,800,0.0112500004470348,-0.5637499995529652,0.175,0.003731179365986,14,1442
Bin 2,0.5750000000000001,800,0.0474999994039535,-0.5275000005960465,0.175,0.0075249900025305,14,1442
Bin 3,0.5750000000000001,800,0.1899999976158142,-0.3850000023841858,0.175,0.0138786084494659,14,1442
Bin 4,0.5750000000000001,800,0.3274999856948852,-0.2475000143051148,0.175,0.0166026888702842,14,1442
Bin 5,0.5750000000000001,800,0.4087499976158142,-0.1662500023841858,0.175,0.0173916610156687,14,1442
Overall,0.5875,4000,0.197500005364418,-0.389999994635582,0.175,0.00629550211524,14,1442
Bin 1,0.5875,800,0.0112500004470348,-0.5762499995529652,0.175,0.003731179365986,14,1442
Bin 2,0.5875,800,0.0474999994039535,-0.5400000005960465,0.175,0.0075249900025305,14,1442
Bin 3,0.5875,800,0.1899999976158142,-0.3975000023841858,0.175,0.0138786084494659,14,1442
Bin 4,0.5875,800,0.3274999856948852,-0.2600000143051147,0.175,0.0166026888702842,14,1442
Bin 5,0.5875,800,0.4112499952316284,-0.1762500047683716,0.175,0.0174078443518257,14,1442
Overall,0.6000000000000001,4000,0.1990000009536743,-0.4009999990463258,0.175,0.0063134554483276,14,1442
Bin 1,0.6000000000000001,800,0.0112500004470348,-0.5887499995529653,0.175,0.003731179365986,14,1442
Bin 2,0.6000000000000001,800,0.0474999994039535,-0.5525000005960465,0.175,0.0075249900025305,14,1442
Bin 3,0.6000000000000001,800,0.1912499964237213,-0.4087500035762788,0.175,0.0139134386050753,14,1442
Bin 4,0.6000000000000001,800,0.3274999856948852,-0.2725000143051148,0.175,0.0166026888702842,14,1442
Bin 5,0.6000000000000001,800,0.4174999892711639,-0.1825000107288361,0.175,0.017446279116654,14,1442
Overall,0.6125,4000,0.1994999945163726,-0.4130000054836273,0.175,0.006319407849996,14,1442
Bin 1,0.6125,800,0.0112500004470348,-0.6012499995529652,0.175,0.003731179365986,14,1442
Bin 2,0.6125,800,0.0474999994039535,-0.5650000005960465,0.175,0.0075249900025305,14,1442
Bin 3,0.6125,800,0.1912499964237213,-0.4212500035762787,0.175,0.0139134386050753,14,1442
Bin 4,0.6125,800,0.3287500143051147,-0.2837499856948853,0.175,0.016618876421126,14,1442
Bin 5,0.6125,800,0.418749988079071,-0.193750011920929,0.175,0.0174536189903222,14,1442
Overall,0.625,4000,0.202000007033348,-0.4229999929666519,0.175,0.0063489427321814,14,1442
Bin 1,0.625,800,0.0112500004470348,-0.6137499995529652,0.175,0.003731179365986,14,1442
Bin 2,0.625,800,0.0474999994039535,-0.5775000005960464,0.175,0.0075249900025305,14,1442
Bin 3,0.625,800,0.1912499964237213,-0.4337500035762787,0.175,0.0139134386050753,14,1442
Bin 4,0.625,800,0.3300000131130218,-0.2949999868869781,0.175,0.0166349301557238,14,1442
Bin 5,0.625,800,0.4300000071525574,-0.1949999928474426,0.175,0.0175145211864204,14,1442
Overall,0.6375000000000001,4000,0.2035000026226043,-0.4339999973773957,0.175,0.0063664799814602,14,1442
Bin 1,0.6375000000000001,800,0.0112500004470348,-0.6262499995529652,0.175,0.003731179365986,14,1442
Bin 2,0.6375000000000001,800,0.0474999994039535,-0.5900000005960465,0.175,0.0075249900025305,14,1442
Bin 3,0.6375000000000001,800,0.1912499964237213,-0.4462500035762787,0.175,0.0139134386050753,14,1442
Bin 4,0.6375000000000001,800,0.3300000131130218,-0.3074999868869782,0.175,0.0166349301557238,14,1442
Bin 5,0.6375000000000001,800,0.4375,-0.2,0.175,0.0175499909204559,14,1442
Overall,0.65,4000,0.2042499929666519,-0.4457500070333481,0.175,0.0063751974791537,14,1442
Bin 1,0.65,800,0.0112500004470348,-0.6387499995529652,0.175,0.003731179365986,14,1442
Bin 2,0.65,800,0.0474999994039535,-0.6025000005960465,0.175,0.0075249900025305,14,1442
Bin 3,0.65,800,0.1912499964237213,-0.4587500035762787,0.175,0.0139134386050753,14,1442
Bin 4,0.65,800,0.3312500119209289,-0.318749988079071,0.175,0.01665085218142,14,1442
Bin 5,0.65,800,0.4399999976158142,-0.2100000023841858,0.175,0.0175609080078915,14,1442
Overall,0.6625000000000001,4000,0.2052499949932098,-0.4572500050067902,0.175,0.0063867681902814,14,1442
Bin 1,0.6625000000000001,800,0.0112500004470348,-0.6512499995529653,0.175,0.003731179365986,14,1442
Bin 2,0.6625000000000001,800,0.0474999994039535,-0.6150000005960465,0.175,0.0075249900025305,14,1442
Bin 3,0.6625000000000001,800,0.1924999952316284,-0.4700000047683716,0.175,0.0139480411677028,14,1442
Bin 4,0.6625000000000001,800,0.3312500119209289,-0.3312499880790711,0.175,0.01665085218142,14,1442
Bin 5,0.6625000000000001,800,0.4437499940395355,-0.2187500059604645,0.175,0.0175764338532117,14,1442
Overall,0.675,4000,0.2067500054836273,-0.4682499945163727,0.175,0.0064040114007191,14,1442
Bin 1,0.675,800,0.0112500004470348,-0.6637499995529652,0.175,0.003731179365986,14,1442
Bin 2,0.675,800,0.0474999994039535,-0.6275000005960465,0.175,0.0075249900025305,14,1442
Bin 3,0.675,800,0.1924999952316284,-0.4825000047683716,0.175,0.0139480411677028,14,1442
Bin 4,0.675,800,0.3337500095367431,-0.3412499904632569,0.175,0.016682297945094,14,1442
Bin 5,0.675,800,0.4487499892711639,-0.2262500107288361,0.175,0.0175955622004084,14,1442
Overall,0.6875,4000,0.2072499990463256,-0.4802500009536743,0.175,0.0064097291367738,14,1442
Bin 1,0.6875,800,0.0112500004470348,-0.6762499995529652,0.175,0.003731179365986,14,1442
Bin 2,0.6875,800,0.0474999994039535,-0.6400000005960464,0.175,0.0075249900025305,14,1442
Bin 3,0.6875,800,0.1924999952316284,-0.4950000047683716,0.175,0.0139480411677028,14,1442
Bin 4,0.6875,800,0.3337500095367431,-0.3537499904632568,0.175,0.016682297945094,14,1442
Bin 5,0.6875,800,0.4512499868869781,-0.2362500131130218,0.175,0.0176044509707593,14,1442
Overall,0.7000000000000001,4000,0.2084999978542328,-0.4915000021457673,0.175,0.0064239593915222,14,1442
Bin 1,0.7000000000000001,800,0.0112500004470348,-0.6887499995529652,0.175,0.003731179365986,14,1442
Bin 2,0.7000000000000001,800,0.0474999994039535,-0.6525000005960465,0.175,0.0075249900025305,14,1442
Bin 3,0.7000000000000001,800,0.1924999952316284,-0.5075000047683716,0.175,0.0139480411677028,14,1442
Bin 4,0.7000000000000001,800,0.3362500071525574,-0.3637499928474427,0.175,0.0167132158194904,14,1442
Bin 5,0.7000000000000001,800,0.4550000131130218,-0.2449999868869782,0.175,0.0176169443503291,14,1442
Overall,0.7125,4000,0.2092500030994415,-0.5032499969005585,0.175,0.0064324535327883,14,1442
Bin 1,0.7125,800,0.0112500004470348,-0.7012499995529652,0.175,0.003731179365986,14,1442
Bin 2,0.7125,800,0.0474999994039535,-0.6650000005960465,0.175,0.0075249900025305,14,1442
Bin 3,0.7125,800,0.1924999952316284,-0.5200000047683716,0.175,0.0139480411677028,14,1442
Bin 4,0.7125,800,0.3387500047683716,-0.3737499952316284,0.175,0.016743610019294,14,1442
Bin 5,0.7125,800,0.4562500119209289,-0.256249988079071,0.175,0.0176208829733225,14,1442
Overall,0.7250000000000001,4000,0.210999995470047,-0.5140000045299531,0.175,0.0064521437683893,14,1442
Bin 1,0.7250000000000001,800,0.0112500004470348,-0.7137499995529653,0.175,0.003731179365986,14,1442
Bin 2,0.7250000000000001,800,0.0474999994039535,-0.6775000005960465,0.175,0.0075249900025305,14,1442
Bin 3,0.7250000000000001,800,0.1924999952316284,-0.5325000047683717,0.175,0.0139480411677028,14,1442
Bin 4,0.7250000000000001,800,0.3400000035762787,-0.3849999964237214,0.175,0.0167586121900214,14,1442
Bin 5,0.7250000000000001,800,0.4637500047683716,-0.2612499952316285,0.175,0.0176421787222038,14,1442
Overall,0.7375,4000,0.2127500027418136,-0.5247499972581864,0.175,0.0064716558843078,14,1442
Bin 1,0.7375,800,0.0112500004470348,-0.7262499995529652,0.175,0.003731179365986,14,1442
Bin 2,0.7375,800,0.0474999994039535,-0.6900000005960465,0.175,0.0075249900025305,14,1442
Bin 3,0.7375,800,0.1924999952316284,-0.5450000047683716,0.175,0.0139480411677028,14,1442
Bin 4,0.7375,800,0.3412500023841858,-0.3962499976158142,0.175,0.0167734826518473,14,1442
Bin 5,0.7375,800,0.4712499976158142,-0.2662500023841858,0.175,0.0176594631447781,14,1442
Overall,0.75,4000,0.2144999951124191,-0.5355000048875809,0.175,0.0064909912941919,14,1442
Bin 1,0.75,800,0.0112500004470348,-0.7387499995529652,0.175,0.003731179365986,14,1442
Bin 2,0.75,800,0.0474999994039535,-0.7025000005960464,0.175,0.0075249900025305,14,1442
Bin 3,0.75,800,0.1924999952316284,-0.5575000047683716,0.175,0.0139480411677028,14,1442
Bin 4,0.75,800,0.3425000011920929,-0.4074999988079071,0.175,0.0167882245657852,14,1442
Bin 5,0.75,800,0.4787499904632568,-0.2712500095367431,0.175,0.0176727467777576,14,1442
Overall,0.7625000000000001,4000,0.2164999991655349,-0.5460000008344651,0.175,0.006512875040699,14,1442
Bin 1,0.7625000000000001,800,0.0112500004470348,-0.7512499995529652,0.175,0.003731179365986,14,1442
Bin 2,0.7625000000000001,800,0.0474999994039535,-0.7150000005960465,0.175,0.0075249900025305,14,1442
Bin 3,0.7625000000000001,800,0.1924999952316284,-0.5700000047683716,0.175,0.0139480411677028,14,1442
Bin 4,0.7625000000000001,800,0.34375,-0.41875,0.175,0.0168028368781639,14,1442
Bin 5,0.7625000000000001,800,0.4875000119209289,-0.2749999880790711,0.175,0.0176831991961883,14,1442
Overall,0.775,4000,0.2169999927282333,-0.5580000072717667,0.175,0.0065183105183149,14,1442
Bin 1,0.775,800,0.0112500004470348,-0.7637499995529652,0.175,0.003731179365986,14,1442
Bin 2,0.775,800,0.0474999994039535,-0.7275000005960465,0.175,0.0075249900025305,14,1442
Bin 3,0.775,800,0.1924999952316284,-0.5825000047683716,0.175,0.0139480411677028,14,1442
Bin 4,0.775,800,0.34375,-0.43125,0.175,0.0168028368781639,14,1442
Bin 5,0.775,800,0.4900000095367431,-0.2849999904632568,0.175,0.017685188527438,14,1442
Overall,0.7875000000000001,4000,0.217749997973442,-0.569750002026558,0.175,0.0065264371110296,14,1442
Bin 1,0.7875000000000001,800,0.0112500004470348,-0.7762499995529653,0.175,0.003731179365986,14,1442
Bin 2,0.7875000000000001,800,0.0474999994039535,-0.7400000005960465,0.175,0.0075249900025305,14,1442
Bin 3,0.7875000000000001,800,0.1924999952316284,-0.5950000047683717,0.175,0.0139480411677028,14,1442
Bin 4,0.7875000000000001,800,0.3449999988079071,-0.442500001192093,0.175,0.0168173206426547,14,1442
Bin 5,0.7875000000000001,800,0.4925000071525574,-0.2949999928474427,0.175,0.0176867374241208,14,1442
Overall,0.8,4000,0.2185000032186508,-0.5814999967813492,0.175,0.0065345321322661,14,1442
Bin 1,0.8,800,0.0112500004470348,-0.7887499995529652,0.175,0.003731179365986,14,1442
Bin 2,0.8,800,0.0474999994039535,-0.7525000005960465,0.175,0.0075249900025305,14,1442
Bin 3,0.8,800,0.1924999952316284,-0.6075000047683716,0.175,0.0139480411677028,14,1442
Bin 4,0.8,800,0.3449999988079071,-0.4550000011920929,0.175,0.0168173206426547,14,1442
Bin 5,0.8,800,0.4962500035762787,-0.3037499964237213,0.175,0.0176882315299005,14,1442
Overall,0.8125,4000,0.2189999967813491,-0.5935000032186508,0.175,0.0065399115351671,14,1442
Bin 1,0.8125,800,0.0112500004470348,-0.8012499995529652,0.175,0.003731179365986,14,1442
Bin 2,0.8125,800,0.0474999994039535,-0.7650000005960464,0.175,0.0075249900025305,14,1442
Bin 3,0.8125,800,0.1924999952316284,-0.6200000047683716,0.175,0.0139480411677028,14,1442
Bin 4,0.8125,800,0.3449999988079071,-0.4675000011920929,0.175,0.0168173206426547,14,1442
Bin 5,0.8125,800,0.4987500011920929,-0.3137499988079071,0.175,0.0176886740718098,14,1442
Overall,0.8250000000000001,4000,0.2199999988079071,-0.605000001192093,0.175,0.0065506274603048,14,1442
Bin 1,0.8250000000000001,800,0.0112500004470348,-0.8137499995529652,0.175,0.003731179365986,14,1442
Bin 2,0.8250000000000001,800,0.0474999994039535,-0.7775000005960465,0.175,0.0075249900025305,14,1442
Bin 3,0.8250000000000001,800,0.1924999952316284,-0.6325000047683716,0.175,0.0139480411677028,14,1442
Bin 4,0.8250000000000001,800,0.3462499976158142,-0.4787500023841858,0.175,0.0168316748055863,14,1442
Bin 5,0.8250000000000001,800,0.5024999976158142,-0.3225000023841858,0.175,0.0176885075917582,14,1442
Overall,0.8375,4000,0.2205000072717666,-0.6169999927282334,0.175,0.0065559649249737,14,1442
Bin 1,0.8375,800,0.0112500004470348,-0.8262499995529652,0.175,0.003731179365986,14,1442
Bin 2,0.8375,800,0.0474999994039535,-0.7900000005960465,0.175,0.0075249900025305,14,1442
Bin 3,0.8375,800,0.1924999952316284,-0.6450000047683716,0.175,0.0139480411677028,14,1442
Bin 4,0.8375,800,0.3462499976158142,-0.4912500023841858,0.175,0.0168316748055863,14,1442
Bin 5,0.8375,800,0.5049999952316284,-0.3325000047683716,0.175,0.0176878437788942,14,1442
Overall,0.8500000000000001,4000,0.2207500040531158,-0.6292499959468842,0.175,0.0065586296519713,14,1442
Bin 1,0.8500000000000001,800,0.0112500004470348,-0.8387499995529653,0.175,0.003731179365986,14,1442
Bin 2,0.8500000000000001,800,0.0474999994039535,-0.8025000005960465,0.175,0.0075249900025305,14,1442
Bin 3,0.8500000000000001,800,0.1924999952316284,-0.6575000047683717,0.175,0.0139480411677028,14,1442
Bin 4,0.8500000000000001,800,0.3462499976158142,-0.5037500023841859,0.175,0.0168316748055863,14,1442
Bin 5,0.8500000000000001,800,0.5062500238418579,-0.3437499761581422,0.175,0.0176873443387393,14,1442
Overall,0.8625,4000,0.2207500040531158,-0.6417499959468842,0.175,0.0065586296519713,14,1442
Bin 1,0.8625,800,0.0112500004470348,-0.8512499995529652,0.175,0.003731179365986,14,1442
Bin 2,0.8625,800,0.0474999994039535,-0.8150000005960465,0.175,0.0075249900025305,14,1442
Bin 3,0.8625,800,0.1924999952316284,-0.6700000047683716,0.175,0.0139480411677028,14,1442
Bin 4,0.8625,800,0.3462499976158142,-0.5162500023841858,0.175,0.0168316748055863,14,1442
Bin 5,0.8625,800,0.5062500238418579,-0.3562499761581421,0.175,0.0176873443387393,14,1442
Overall,0.875,4000,0.2212499976158142,-0.6537500023841858,0.175,0.0065639454407,14,1442
Bin 1,0.875,800,0.0112500004470348,-0.8637499995529652,0.175,0.003731179365986,14,1442
Bin 2,0.875,800,0.0474999994039535,-0.8275000005960464,0.175,0.0075249900025305,14,1442
Bin 3,0.875,800,0.1924999952316284,-0.6825000047683716,0.175,0.0139480411677028,14,1442
Bin 4,0.875,800,0.3462499976158142,-0.5287500023841858,0.175,0.0168316748055863,14,1442
Bin 5,0.875,800,0.5087500214576721,-0.3662499785423279,0.175,0.0176860209276961,14,1442
Overall,0.8875000000000001,4000,0.2212499976158142,-0.6662500023841859,0.175,0.0065639454407,14,1442
Bin 1,0.8875000000000001,800,0.0112500004470348,-0.8762499995529652,0.175,0.003731179365986,14,1442
Bin 2,0.8875000000000001,800,0.0474999994039535,-0.8400000005960465,0.175,0.0075249900025305,14,1442
Bin 3,0.8875000000000001,800,0.1924999952316284,-0.6950000047683716,0.175,0.0139480411677028,14,1442
Bin 4,0.8875000000000001,800,0.3462499976158142,-0.5412500023841859,0.175,0.0168316748055863,14,1442
Bin 5,0.8875000000000001,800,0.5087500214576721,-0.3787499785423279,0.175,0.0176860209276961,14,1442
Overall,0.9,4000,0.2212499976158142,-0.6787500023841858,0.175,0.0065639454407,14,1442
Bin 1,0.9,800,0.0112500004470348,-0.8887499995529652,0.175,0.003731179365986,14,1442
Bin 2,0.9,800,0.0474999994039535,-0.8525000005960465,0.175,0.0075249900025305,14,1442
Bin 3,0.9,800,0.1924999952316284,-0.7075000047683716,0.175,0.0139480411677028,14,1442
Bin 4,0.9,800,0.3462499976158142,-0.5537500023841858,0.175,0.0168316748055863,14,1442
Bin 5,0.9,800,0.5087500214576721,-0.3912499785423279,0.175,0.0176860209276961,14,1442
Overall,0.9125,4000,0.2217500060796737,-0.6907499939203263,0.175,0.0065692485065942,14,1442
Bin 1,0.9125,800,0.0112500004470348,-0.9012499995529653,0.175,0.003731179365986,14,1442
Bin 2,0.9125,800,0.0474999994039535,-0.8650000005960465,0.175,0.0075249900025305,14,1442
Bin 3,0.9125,800,0.1924999952316284,-0.7200000047683717,0.175,0.0139480411677028,14,1442
Bin 4,0.9125,800,0.3462499976158142,-0.5662500023841859,0.175,0.0168316748055863,14,1442
Bin 5,0.9125,800,0.5112500190734863,-0.4012499809265137,0.175,0.0176842507600586,14,1442
Overall,0.925,4000,0.2217500060796737,-0.7032499939203263,0.175,0.0065692485065942,14,1442
Bin 1,0.925,800,0.0112500004470348,-0.9137499995529652,0.175,0.003731179365986,14,1442
Bin 2,0.925,800,0.0474999994039535,-0.8775000005960465,0.175,0.0075249900025305,14,1442
Bin 3,0.925,800,0.1924999952316284,-0.7325000047683716,0.175,0.0139480411677028,14,1442
Bin 4,0.925,800,0.3462499976158142,-0.5787500023841858,0.175,0.0168316748055863,14,1442
Bin 5,0.925,800,0.5112500190734863,-0.4137499809265137,0.175,0.0176842507600586,14,1442
Overall,0.9375,4000,0.2220000028610229,-0.715499997138977,0.175,0.0065718943849481,14,1442
Bin 1,0.9375,800,0.0112500004470348,-0.9262499995529652,0.175,0.003731179365986,14,1442
Bin 2,0.9375,800,0.0474999994039535,-0.8900000005960464,0.175,0.0075249900025305,14,1442
Bin 3,0.9375,800,0.1924999952316284,-0.7450000047683716,0.175,0.0139480411677028,14,1442
Bin 4,0.9375,800,0.3462499976158142,-0.5912500023841858,0.175,0.0168316748055863,14,1442
Bin 5,0.9375,800,0.512499988079071,-0.4250000119209289,0.175,0.0176832013035307,14,1442
Overall,0.95,4000,0.2227499932050705,-0.7272500067949296,0.175,0.0065798122289343,14,1442
Bin 1,0.95,800,0.0112500004470348,-0.9387499995529652,0.175,0.003731179365986,14,1442
Bin 2,0.95,800,0.0474999994039535,-0.9025000005960464,0.175,0.0075249900025305,14,1442
Bin 3,0.95,800,0.1924999952316284,-0.7575000047683716,0.175,0.0139480411677028,14,1442
Bin 4,0.95,800,0.3462499976158142,-0.6037500023841859,0.175,0.0168316748055863,14,1442
Bin 5,0.95,800,0.5162500143051147,-0.4337499856948853,0.175,0.0176793827990556,14,1442
Overall,0.9625,4000,0.2227499932050705,-0.7397500067949295,0.175,0.0065798122289343,14,1442
Bin 1,0.9625,800,0.0112500004470348,-0.9512499995529652,0.175,0.003731179365986,14,1442
Bin 2,0.9625,800,0.0474999994039535,-0.9150000005960464,0.175,0.0075249900025305,14,1442
Bin 3,0.9625,800,0.1924999952316284,-0.7700000047683716,0.175,0.0139480411677028,14,1442
Bin 4,0.9625,800,0.3462499976158142,-0.6162500023841858,0.175,0.0168316748055863,14,1442
Bin 5,0.9625,800,0.5162500143051147,-0.4462499856948853,0.175,0.0176793827990556,14,1442
Overall,0.975,4000,0.2227499932050705,-0.7522500067949296,0.175,0.0065798122289343,14,1442
Bin 1,0.975,800,0.0112500004470348,-0.9637499995529653,0.175,0.003731179365986,14,1442
Bin 2,0.975,800,0.0474999994039535,-0.9275000005960464,0.175,0.0075249900025305,14,1442
Bin 3,0.975,800,0.1924999952316284,-0.7825000047683717,0.175,0.0139480411677028,14,1442
Bin 4,0.975,800,0.3462499976158142,-0.6287500023841859,0.175,0.0168316748055863,14,1442
Bin 5,0.975,800,0.5162500143051147,-0.4587499856948853,0.175,0.0176793827990556,14,1442
Overall,0.9875,4000,0.2227499932050705,-0.7647500067949295,0.175,0.0065798122289343,14,1442
Bin 1,0.9875,800,0.0112500004470348,-0.9762499995529652,0.175,0.003731179365986,14,1442
Bin 2,0.9875,800,0.0474999994039535,-0.9400000005960464,0.175,0.0075249900025305,14,1442
Bin 3,0.9875,800,0.1924999952316284,-0.7950000047683716,0.175,0.0139480411677028,14,1442
Bin 4,0.9875,800,0.3462499976158142,-0.6412500023841858,0.175,0.0168316748055863,14,1442
Bin 5,0.9875,800,0.5162500143051147,-0.4712499856948853,0.175,0.0176793827990556,14,1442
Overall,1.0,4000,0.2227499932050705,-0.7772500067949295,0.175,0.0065798122289343,14,1442
Bin 1,1.0,800,0.0112500004470348,-0.9887499995529652,0.175,0.003731179365986,14,1442
Bin 2,1.0,800,0.0474999994039535,-0.9525000005960464,0.175,0.0075249900025305,14,1442
Bin 3,1.0,800,0.1924999952316284,-0.8075000047683716,0.175,0.0139480411677028,14,1442
Bin 4,1.0,800,0.3462499976158142,-0.6537500023841858,0.175,0.0168316748055863,14,1442
Bin 5,1.0,800,0.5162500143051147,-0.4837499856948852,0.175,0.0176793827990556,14,1442
Overall,0.0,4000,0.0,0.0,0.2375,0.0,15,1542
Bin 1,0.0,800,0.0,0.0,0.2375,0.0,15,1542
Bin 2,0.0,800,0.0,0.0,0.2375,0.0,15,1542
Bin 3,0.0,800,0.0,0.0,0.2375,0.0,15,1542
Bin 4,0.0,800,0.0,0.0,0.2375,0.0,15,1542
Bin 5,0.0,800,0.0,0.0,0.2375,0.0,15,1542
Overall,0.0125,4000,0.0070000002160668,-0.0054999997839331,0.2375,0.0013184021906616,15,1542
Bin 1,0.0125,800,0.0,-0.0125,0.2375,0.0,15,1542
Bin 2,0.0125,800,0.0024999999441206,-0.0100000000558793,0.2375,0.0017666603611169,15,1542
Bin 3,0.0125,800,0.0049999998882412,-0.0075000001117587,0.2375,0.002495302058745,15,1542
Bin 4,0.0125,800,0.0125000001862645,1.8626451422920626e-10,0.2375,0.0039305210519702,15,1542
Bin 5,0.0125,800,0.0149999996647238,0.0024999996647238,0.2375,0.004300216875204,15,1542
Overall,0.025,4000,0.0094999996945261,-0.0155000003054738,0.2375,0.0015339575178515,15,1542
Bin 1,0.025,800,0.0012499999720603,-0.0237500000279396,0.2375,0.0012499999259236,15,1542
Bin 2,0.025,800,0.0037499999161809,-0.021250000083819,0.2375,0.0021623519653855,15,1542
Bin 3,0.025,800,0.0062500000931322,-0.0187499999068677,0.2375,0.0027880793566108,15,1542
Bin 4,0.025,800,0.0162499994039535,-0.0087500005960464,0.2375,0.0044729665339558,15,1542
Bin 5,0.025,800,0.0199999995529651,-0.0050000004470348,0.2375,0.0049528442290735,15,1542
Overall,0.0375,4000,0.0127499997615814,-0.0247500002384185,0.2375,0.0017741606273375,15,1542
Bin 1,0.0375,800,0.0012499999720603,-0.0362500000279396,0.2375,0.0012499999259236,15,1542
Bin 2,0.0375,800,0.0062500000931322,-0.0312499999068677,0.2375,0.0027880796200286,15,1542
Bin 3,0.0375,800,0.0087500000372529,-0.0287499999627471,0.2375,0.0032947484862379,15,1542
Bin 4,0.0375,800,0.0212500002235174,-0.0162499997764825,0.2375,0.0051020177310218,15,1542
Bin 5,0.0375,800,0.0262499991804361,-0.0112500008195638,0.2375,0.0056560733526831,15,1542
Overall,0.05,4000,0.0167500004172325,-0.0332499995827674,0.2375,0.0020293813936608,15,1542
Bin 1,0.05,800,0.0012499999720603,-0.0487500000279396,0.2375,0.0012499999259236,15,1542
Bin 2,0.05,800,0.0137499999254941,-0.0362500000745058,0.2375,0.0041197556602636,15,1542
Bin 3,0.05,800,0.0162499994039535,-0.0337500005960464,0.2375,0.0044729665339558,15,1542
Bin 4,0.05,800,0.0225000008940696,-0.0274999991059303,0.2375,0.0052465787872361,15,1542
Bin 5,0.05,800,0.0299999993294477,-0.0200000006705522,0.2375,0.0060349419106597,15,1542
Overall,0.0625,4000,0.0242500007152557,-0.0382499992847442,0.2375,0.0024324808430872,15,1542
Bin 1,0.0625,800,0.0024999999441206,-0.0600000000558793,0.2375,0.0017666603611169,15,1542
Bin 2,0.0625,800,0.0162499994039535,-0.0462500005960464,0.2375,0.0044729665339558,15,1542
Bin 3,0.0625,800,0.0237499997019767,-0.0387500002980232,0.2375,0.0053868998704903,15,1542
Bin 4,0.0625,800,0.0350000001490116,-0.0274999998509883,0.2375,0.0065016603060011,15,1542
Bin 5,0.0625,800,0.0437499992549419,-0.018750000745058,0.2375,0.007236047014208,15,1542
Overall,0.075,4000,0.0309999994933605,-0.0440000005066394,0.2375,0.0027407348600408,15,1542
Bin 1,0.075,800,0.0024999999441206,-0.0725000000558793,0.2375,0.0017666603611169,15,1542
Bin 2,0.075,800,0.0212500002235174,-0.0537499997764825,0.2375,0.0051020182578574,15,1542
Bin 3,0.075,800,0.0262499991804361,-0.0487500008195638,0.2375,0.0056560733526831,15,1542
Bin 4,0.075,800,0.0462500005960464,-0.0287499994039535,0.2375,0.0074301875156681,15,1542
Bin 5,0.075,800,0.0587499998509883,-0.0162500001490116,0.2375,0.0083192289234721,15,1542
Overall,0.0875,4000,0.0377499982714653,-0.0497500017285347,0.2375,0.0030138856342552,15,1542
Bin 1,0.0875,800,0.0024999999441206,-0.0850000000558793,0.2375,0.0017666603611169,15,1542
Bin 2,0.0875,800,0.0237499997019767,-0.0637500002980232,0.2375,0.0053868998704903,15,1542
Bin 3,0.0875,800,0.0287500005215406,-0.0587499994784593,0.2375,0.0059116818716827,15,1542
Bin 4,0.0875,800,0.0549999997019767,-0.0325000002980232,0.2375,0.0080653621229871,15,1542
Bin 5,0.0875,800,0.0787499994039535,-0.0087500005960464,0.2375,0.00952885243194,15,1542
Overall,0.1,4000,0.0442500002682209,-0.0557499997317791,0.2375,0.0032520191626672,15,1542
Bin 1,0.1,800,0.0024999999441206,-0.0975000000558793,0.2375,0.0017666603611169,15,1542
Bin 2,0.1,800,0.0274999998509883,-0.0725000001490116,0.2375,0.0057854583824199,15,1542
Bin 3,0.1,800,0.0375000014901161,-0.0624999985098838,0.2375,0.0067211347512655,15,1542
Bin 4,0.1,800,0.0612500011920928,-0.0387499988079071,0.2375,0.0084831011388385,15,1542
Bin 5,0.1,800,0.0925000011920929,-0.0074999988079071,0.2375,0.0102499270580447,15,1542
Overall,0.1125,4000,0.050000000745058,-0.0624999992549419,0.2375,0.0034464431576441,15,1542
Bin 1,0.1125,800,0.0024999999441206,-0.1100000000558793,0.2375,0.0017666603611169,15,1542
Bin 2,0.1125,800,0.0299999993294477,-0.0825000006705522,0.2375,0.0060349419106597,15,1542
Bin 3,0.1125,800,0.0474999994039535,-0.0650000005960464,0.2375,0.0075249905293661,15,1542
Bin 4,0.1125,800,0.0700000002980232,-0.0424999997019767,0.2375,0.0090264525146493,15,1542
Bin 5,0.1125,800,0.1000000014901161,-0.0124999985098838,0.2375,0.0106132371068935,15,1542
Overall,0.125,4000,0.0555000007152557,-0.0694999992847442,0.2375,0.0036205266388137,15,1542
Bin 1,0.125,800,0.0024999999441206,-0.1225000000558793,0.2375,0.0017666603611169,15,1542
Bin 2,0.125,800,0.0324999988079071,-0.0925000011920929,0.2375,0.0062732670607562,15,1542
Bin 3,0.125,800,0.050000000745058,-0.0749999992549419,0.2375,0.00771033761772,15,1542
Bin 4,0.125,800,0.0775000005960464,-0.0474999994039535,0.2375,0.0094593354200062,15,1542
Bin 5,0.125,800,0.1150000020861625,-0.0099999979138374,0.2375,0.0112861853003548,15,1542
Overall,0.1375,4000,0.0607500001788139,-0.076749999821186,0.2375,0.0037773567783996,15,1542
Bin 1,0.1375,800,0.0037499999161809,-0.133750000083819,0.2375,0.0021623520970944,15,1542
Bin 2,0.1375,800,0.0350000001490116,-0.1024999998509884,0.2375,0.0065016603060011,15,1542
Bin 3,0.1375,800,0.0562499985098838,-0.0812500014901161,0.2375,0.0081511025105841,15,1542
Bin 4,0.1375,800,0.0799999982118606,-0.0575000017881393,0.2375,0.0095976634841613,15,1542
Bin 5,0.1375,800,0.1287499964237213,-0.0087500035762786,0.2375,0.011848725609457,15,1542
Overall,0.15,4000,0.0635000020265579,-0.0864999979734421,0.2375,0.0038562489544852,15,1542
Bin 1,0.15,800,0.0037499999161809,-0.146250000083819,0.2375,0.0021623520970944,15,1542
Bin 2,0.15,800,0.0399999991059303,-0.1100000008940697,0.2375,0.0069325380750401,15,1542
Bin 3,0.15,800,0.0625,-0.0875,0.2375,0.0085635189063041,15,1542
Bin 4,0.15,800,0.0825000032782554,-0.0674999967217445,0.2375,0.0097332225003693,15,1542
Bin 5,0.15,800,0.1287499964237213,-0.0212500035762787,0.2375,0.011848725609457,15,1542
Overall,0.1625,4000,0.0694999992847442,-0.0930000007152557,0.2375,0.0040213779162673,15,1542
Bin 1,0.1625,800,0.0037499999161809,-0.158750000083819,0.2375,0.0021623520970944,15,1542
Bin 2,0.1625,800,0.0412500016391277,-0.1212499983608722,0.2375,0.0070354396056795,15,1542
Bin 3,0.1625,800,0.0649999976158142,-0.0975000023841858,0.2375,0.008721458425907,15,1542
Bin 4,0.1625,800,0.0974999964237213,-0.0650000035762786,0.2375,0.0104942765733003,15,1542
Bin 5,0.1625,800,0.1400000005960464,-0.0224999994039535,0.2375,0.0122755182952041,15,1542
Overall,0.175,4000,0.0737499967217445,-0.1012500032782554,0.2375,0.0041330377525344,15,1542
Bin 1,0.175,800,0.0037499999161809,-0.171250000083819,0.2375,0.0021623520970944,15,1542
Bin 2,0.175,800,0.0412500016391277,-0.1337499983608722,0.2375,0.0070354396056795,15,1542
Bin 3,0.175,800,0.0712499991059303,-0.1037500008940696,0.2375,0.0091005677477557,15,1542
Bin 4,0.175,800,0.1037499979138374,-0.0712500020861625,0.2375,0.0107878599296438,15,1542
Bin 5,0.175,800,0.1487500071525573,-0.0262499928474426,0.2375,0.0125887800151173,15,1542
Overall,0.1875,4000,0.0757500007748603,-0.1117499992251396,0.2375,0.0041841797773813,15,1542
Bin 1,0.1875,800,0.0037499999161809,-0.183750000083819,0.2375,0.0021623520970944,15,1542
Bin 2,0.1875,800,0.0425000004470348,-0.1449999995529651,0.2375,0.0071365851932427,15,1542
Bin 3,0.1875,800,0.0750000029802322,-0.1124999970197677,0.2375,0.0093181160820431,15,1542
Bin 4,0.1875,800,0.1049999967217445,-0.0825000032782554,0.2375,0.0108450795448534,15,1542
Bin 5,0.1875,800,0.1525000035762787,-0.0349999964237213,0.2375,0.0127183678765626,15,1542
Overall,0.2,4000,0.0802500024437904,-0.1197499975562095,0.2375,0.004296172292209,15,1542
Bin 1,0.2,800,0.0037499999161809,-0.196250000083819,0.2375,0.0021623520970944,15,1542
Bin 2,0.2,800,0.0425000004470348,-0.1574999995529651,0.2375,0.0071365851932427,15,1542
Bin 3,0.2,800,0.0787499994039535,-0.1212500005960464,0.2375,0.0095288534856112,15,1542
Bin 4,0.2,800,0.1137500032782554,-0.0862499967217445,0.2375,0.0112326029581717,15,1542
Bin 5,0.2,800,0.1624999940395355,-0.0375000059604644,0.2375,0.0130510571862969,15,1542
Overall,0.2125,4000,0.0869999974966049,-0.1255000025033951,0.2375,0.0044567603801249,15,1542
Bin 1,0.2125,800,0.0037499999161809,-0.208750000083819,0.2375,0.0021623520970944,15,1542
Bin 2,0.2125,800,0.0425000004470348,-0.1699999995529652,0.2375,0.0071365851932427,15,1542
Bin 3,0.2125,800,0.0862499997019767,-0.1262500002980232,0.2375,0.0099316150920086,15,1542
Bin 4,0.2125,800,0.1237500011920929,-0.0887499988079071,0.2375,0.0116496597219127,15,1542
Bin 5,0.2125,800,0.178749993443489,-0.0337500065565109,0.2375,0.0135546193029354,15,1542
Overall,0.225,4000,0.0912500023841857,-0.1337499976158142,0.2375,0.0045536848179935,15,1542
Bin 1,0.225,800,0.0037499999161809,-0.221250000083819,0.2375,0.0021623520970944,15,1542
Bin 2,0.225,800,0.0425000004470348,-0.1824999995529651,0.2375,0.0071365851932427,15,1542
Bin 3,0.225,800,0.0912500023841857,-0.1337499976158142,0.2375,0.0101874443551273,15,1542
Bin 4,0.225,800,0.1287499964237213,-0.0962500035762786,0.2375,0.011848725609457,15,1542
Bin 5,0.225,800,0.1899999976158142,-0.0350000023841858,0.2375,0.0138786084494659,15,1542
Overall,0.2375,4000,0.0942500010132789,-0.143249998986721,0.2375,0.0046202893276682,15,1542
Bin 1,0.2375,800,0.0037499999161809,-0.233750000083819,0.2375,0.0021623520970944,15,1542
Bin 2,0.2375,800,0.0425000004470348,-0.1949999995529651,0.2375,0.0071365851932427,15,1542
Bin 3,0.2375,800,0.0962499976158142,-0.1412500023841858,0.2375,0.0104340065799297,15,1542
Bin 4,0.2375,800,0.1337500065565109,-0.103749993443489,0.2375,0.0120419035822642,15,1542
Bin 5,0.2375,800,0.1949999928474426,-0.0425000071525573,0.2375,0.0140165740507239,15,1542
Overall,0.25,4000,0.0989999994635582,-0.1510000005364418,0.2375,0.004722851866072,15,1542
Bin 1,0.25,800,0.0037499999161809,-0.246250000083819,0.2375,0.0021623520970944,15,1542
Bin 2,0.25,800,0.0425000004470348,-0.2074999995529651,0.2375,0.0071365851932427,15,1542
Bin 3,0.25,800,0.1062500029802322,-0.1437499970197677,0.2375,0.0109018229006748,15,1542
Bin 4,0.25,800,0.1362500041723251,-0.1137499958276748,0.2375,0.0121363715285165,15,1542
Bin 5,0.25,800,0.2062499970197677,-0.0437500029802322,0.2375,0.014314146606279,15,1542
Overall,0.2625,4000,0.1027500033378601,-0.1597499966621399,0.2375,0.0048014450555476,15,1542
Bin 1,0.2625,800,0.0037499999161809,-0.258750000083819,0.2375,0.0021623520970944,15,1542
Bin 2,0.2625,800,0.0425000004470348,-0.2199999995529651,0.2375,0.0071365851932427,15,1542
Bin 3,0.2625,800,0.1087500005960464,-0.1537499994039535,0.2375,0.0110138966392214,15,1542
Bin 4,0.2625,800,0.1449999958276748,-0.1175000041723251,0.2375,0.0124564315350946,15,1542
Bin 5,0.2625,800,0.2137500047683715,-0.0487499952316284,0.2375,0.0145030719620715,15,1542
Overall,0.275,4000,0.1062500029802322,-0.1687499970197677,0.2375,0.0048730044024247,15,1542
Bin 1,0.275,800,0.0037499999161809,-0.271250000083819,0.2375,0.0021623520970944,15,1542
Bin 2,0.275,800,0.0425000004470348,-0.2324999995529652,0.2375,0.0071365851932427,15,1542
Bin 3,0.275,800,0.1099999994039535,-0.1650000005960464,0.2375,0.0110692438806859,15,1542
Bin 4,0.275,800,0.1537500023841858,-0.1212499976158142,0.2375,0.0127609656963525,15,1542
Bin 5,0.275,800,0.2212499976158142,-0.0537500023841858,0.2375,0.0146847744017005,15,1542
Overall,0.2875,4000,0.1117499992251396,-0.1757500007748604,0.2375,0.0049821371067929,15,1542
Bin 1,0.2875,800,0.0037499999161809,-0.283750000083819,0.2375,0.0021623520970944,15,1542
Bin 2,0.2875,800,0.0450000017881393,-0.2424999982118607,0.2375,0.0073338925035328,15,1542
Bin 3,0.2875,800,0.1162500008940696,-0.1712499991059303,0.2375,0.0113393409056967,15,1542
Bin 4,0.2875,800,0.1587499976158142,-0.1287500023841858,0.2375,0.0129284361989106,15,1542
Bin 5,0.2875,800,0.2349999994039535,-0.0525000005960464,0.2375,0.0150000001647544,15,1542
Overall,0.3,4000,0.1180000007152557,-0.1819999992847443,0.2375,0.0051015197035843,15,1542
Bin 1,0.3,800,0.0062500000931322,-0.2937499999068678,0.2375,0.0027880793566108,15,1542
Bin 2,0.3,800,0.0450000017881393,-0.2549999982118607,0.2375,0.0073338925035328,15,1542
Bin 3,0.3,800,0.1237500011920929,-0.1762499988079071,0.2375,0.0116496597219127,15,1542
Bin 4,0.3,800,0.1675000041723251,-0.1324999958276749,0.2375,0.013210708394785,15,1542
Bin 5,0.3,800,0.2475000023841858,-0.0524999976158142,0.2375,0.0152674830314863,15,1542
Overall,0.3125,4000,0.1242500022053718,-0.1882499977946281,0.2375,0.0052163004040256,15,1542
Bin 1,0.3125,800,0.0062500000931322,-0.3062499999068677,0.2375,0.0027880793566108,15,1542
Bin 2,0.3125,800,0.0450000017881393,-0.2674999982118606,0.2375,0.0073338925035328,15,1542
Bin 3,0.3125,800,0.1299999952316284,-0.1825000047683715,0.2375,0.0118975601091553,15,1542
Bin 4,0.3125,800,0.1774999946355819,-0.135000005364418,0.2375,0.0135174183870973,15,1542
Bin 5,0.3125,800,0.262499988079071,-0.0500000119209289,0.2375,0.0155658289817116,15,1542
Overall,0.325,4000,0.12950000166893,-0.1954999983310699,0.2375,0.0053093768912907,15,1542
Bin 1,0.325,800,0.0062500000931322,-0.3187499999068677,0.2375,0.0027880793566108,15,1542
Bin 2,0.325,800,0.0462500005960464,-0.2787499994039535,0.2375,0.0074301875156681,15,1542
Bin 3,0.325,800,0.1362500041723251,-0.1887499958276748,0.2375,0.0121363715285165,15,1542
Bin 4,0.325,800,0.1875,-0.1375,0.2375,0.013808259037274,15,1542
Bin 5,0.325,800,0.2712500095367431,-0.0537499904632568,0.2375,0.0157289868079958,15,1542
Overall,0.3375,4000,0.1342500001192093,-0.2032499998807907,0.2375,0.005391103667775,15,1542
Bin 1,0.3375,800,0.0062500000931322,-0.3312499999068677,0.2375,0.0027880793566108,15,1542
Bin 2,0.3375,800,0.0462500005960464,-0.2912499994039536,0.2375,0.0074301875156681,15,1542
Bin 3,0.3375,800,0.1375000029802322,-0.1999999970197677,0.2375,0.0121830913100909,15,1542
Bin 4,0.3375,800,0.1962500065565109,-0.1412499934434891,0.2375,0.0140505054247888,15,1542
Bin 5,0.3375,800,0.2849999964237213,-0.0525000035762787,0.2375,0.0159698950330704,15,1542
Overall,0.35,4000,0.1385000050067901,-0.2114999949932098,0.2375,0.0054623161996088,15,1542
Bin 1,0.35,800,0.0062500000931322,-0.3437499999068678,0.2375,0.0027880793566108,15,1542
Bin 2,0.35,800,0.0462500005960464,-0.3037499994039536,0.2375,0.0074301875156681,15,1542
Bin 3,0.35,800,0.1387500017881393,-0.2112499982118607,0.2375,0.0122294728632059,15,1542
Bin 4,0.35,800,0.2049999982118606,-0.1450000017881393,0.2375,0.0142819369309758,15,1542
Bin 5,0.35,800,0.2962499856948852,-0.0537500143051147,0.2375,0.0161534382363081,15,1542
Overall,0.3625,4000,0.1435000002384185,-0.2189999997615814,0.2375,0.0055438813489737,15,1542
Bin 1,0.3625,800,0.0062500000931322,-0.3562499999068678,0.2375,0.0027880793566108,15,1542
Bin 2,0.3625,800,0.0462500005960464,-0.3162499994039536,0.2375,0.0074301875156681,15,1542
Bin 3,0.3625,800,0.1437499970197677,-0.2187500029802322,0.2375,0.012411686333373,15,1542
Bin 4,0.3625,800,0.2175000011920929,-0.1449999988079071,0.2375,0.0145948098462116,15,1542
Bin 5,0.3625,800,0.3037500083446502,-0.0587499916553497,0.2375,0.0162692440782902,15,1542
Overall,0.375,4000,0.145249992609024,-0.2297500073909759,0.2375,0.0055718824227812,15,1542
Bin 1,0.375,800,0.0062500000931322,-0.3687499999068677,0.2375,0.0027880793566108,15,1542
Bin 2,0.375,800,0.0462500005960464,-0.3287499994039535,0.2375,0.0074301875156681,15,1542
Bin 3,0.375,800,0.1437499970197677,-0.2312500029802322,0.2375,0.012411686333373,15,1542
Bin 4,0.375,800,0.21875,-0.15625,0.2375,0.0146249922581014,15,1542
Bin 5,0.375,800,0.3112500011920929,-0.0637499988079071,0.2375,0.0163799332928632,15,1542
Overall,0.3875,4000,0.148499995470047,-0.239000004529953,0.2375,0.005623152618405,15,1542
Bin 1,0.3875,800,0.0062500000931322,-0.3812499999068677,0.2375,0.0027880793566108,15,1542
Bin 2,0.3875,800,0.0462500005960464,-0.3412499994039535,0.2375,0.0074301875156681,15,1542
Bin 3,0.3875,800,0.1487500071525573,-0.2387499928474426,0.2375,0.0125887800151173,15,1542
Bin 4,0.3875,800,0.2249999940395355,-0.1625000059604645,0.2375,0.0147730003996883,15,1542
Bin 5,0.3875,800,0.3162499964237213,-0.0712500035762787,0.2375,0.0164509328201934,15,1542
Overall,0.4,4000,0.1522500067949295,-0.2477499932050705,0.2375,0.005681157434409,15,1542
Bin 1,0.4,800,0.0062500000931322,-0.3937499999068677,0.2375,0.0027880793566108,15,1542
Bin 2,0.4,800,0.0462500005960464,-0.3537499994039536,0.2375,0.0074301875156681,15,1542
Bin 3,0.4,800,0.1512500047683715,-0.2487499952316284,0.2375,0.0126754729214906,15,1542
Bin 4,0.4,800,0.2300000041723251,-0.1699999958276749,0.2375,0.0148879843781245,15,1542
Bin 5,0.4,800,0.3274999856948852,-0.0725000143051147,0.2375,0.016602687816613,15,1542
Overall,0.4125,4000,0.1554999947547912,-0.2570000052452088,0.2375,0.0057304579467702,15,1542
Bin 1,0.4125,800,0.0062500000931322,-0.4062499999068678,0.2375,0.0027880793566108,15,1542
Bin 2,0.4125,800,0.0462500005960464,-0.3662499994039536,0.2375,0.0074301875156681,15,1542
Bin 3,0.4125,800,0.1525000035762787,-0.2599999964237213,0.2375,0.0127183678765626,15,1542
Bin 4,0.4125,800,0.2374999970197677,-0.1750000029802322,0.2375,0.0150549164546929,15,1542
Bin 5,0.4125,800,0.3350000083446502,-0.0774999916553497,0.2375,0.0166978216830718,15,1542
Overall,0.425,4000,0.1570000052452087,-0.2679999947547913,0.2375,0.0057529142208286,15,1542
Bin 1,0.425,800,0.0062500000931322,-0.4187499999068678,0.2375,0.0027880793566108,15,1542
Bin 2,0.425,800,0.0462500005960464,-0.3787499994039536,0.2375,0.0074301875156681,15,1542
Bin 3,0.425,800,0.1525000035762787,-0.2724999964237213,0.2375,0.0127183678765626,15,1542
Bin 4,0.425,800,0.2399999946355819,-0.185000005364418,0.2375,0.0151091162482066,15,1542
Bin 5,0.425,800,0.3400000035762787,-0.0849999964237213,0.2375,0.0167586121900214,15,1542
Overall,0.4375,4000,0.1615000069141388,-0.2759999930858612,0.2375,0.0058191846382943,15,1542
Bin 1,0.4375,800,0.0062500000931322,-0.4312499999068677,0.2375,0.0027880793566108,15,1542
Bin 2,0.4375,800,0.0462500005960464,-0.3912499994039535,0.2375,0.0074301875156681,15,1542
Bin 3,0.4375,800,0.1537500023841858,-0.2837499976158142,0.2375,0.0127609656963525,15,1542
Bin 4,0.4375,800,0.2437500059604644,-0.1937499940395355,0.2375,0.0151890856785712,15,1542
Bin 5,0.4375,800,0.3574999868869781,-0.0800000131130218,0.2375,0.0169551324079156,15,1542
Overall,0.45,4000,0.1669999957084655,-0.2830000042915344,0.2375,0.0058980035402777,15,1542
Bin 1,0.45,800,0.0062500000931322,-0.4437499999068677,0.2375,0.0027880793566108,15,1542
Bin 2,0.45,800,0.0462500005960464,-0.4037499994039535,0.2375,0.0074301875156681,15,1542
Bin 3,0.45,800,0.1587499976158142,-0.2912500023841858,0.2375,0.0129284361989106,15,1542
Bin 4,0.45,800,0.2562499940395355,-0.1937500059604645,0.2375,0.0154444344676169,15,1542
Bin 5,0.45,800,0.3675000071525574,-0.0824999928474426,0.2375,0.0170563280448615,15,1542
Overall,0.4625,4000,0.1714999973773956,-0.2910000026226044,0.2375,0.0059607737646155,15,1542
Bin 1,0.4625,800,0.0062500000931322,-0.4562499999068677,0.2375,0.0027880793566108,15,1542
Bin 2,0.4625,800,0.0462500005960464,-0.4162499994039536,0.2375,0.0074301875156681,15,1542
Bin 3,0.4625,800,0.1624999940395355,-0.3000000059604645,0.2375,0.0130510571862969,15,1542
Bin 4,0.4625,800,0.2612499892711639,-0.201250010728836,0.2375,0.0155418790350453,15,1542
Bin 5,0.4625,800,0.3812499940395355,-0.0812500059604645,0.2375,0.0171826105397123,15,1542
Overall,0.475,4000,0.1752499938011169,-0.2997500061988831,0.2375,0.0060119379366187,15,1542
Bin 1,0.475,800,0.0062500000931322,-0.4687499999068678,0.2375,0.0027880793566108,15,1542
Bin 2,0.475,800,0.0462500005960464,-0.4287499994039536,0.2375,0.0074301875156681,15,1542
Bin 3,0.475,800,0.1624999940395355,-0.3125000059604645,0.2375,0.0130510571862969,15,1542
Bin 4,0.475,800,0.2649999856948852,-0.2100000143051147,0.2375,0.0156132473473,15,1542
Bin 5,0.475,800,0.3962500095367431,-0.0787499904632568,0.2375,0.0173037353139765,15,1542
Overall,0.4875,4000,0.1777500063180923,-0.3097499936819077,0.2375,0.0060454838101753,15,1542
Bin 1,0.4875,800,0.0062500000931322,-0.4812499999068678,0.2375,0.0027880793566108,15,1542
Bin 2,0.4875,800,0.0462500005960464,-0.4412499994039536,0.2375,0.0074301875156681,15,1542
Bin 3,0.4875,800,0.1624999940395355,-0.3250000059604645,0.2375,0.0130510571862969,15,1542
Bin 4,0.4875,800,0.2712500095367431,-0.2162499904632568,0.2375,0.0157289857543246,15,1542
Bin 5,0.4875,800,0.4025000035762787,-0.0849999964237213,0.2375,0.0173491622409728,15,1542
Overall,0.5,4000,0.1802500039339065,-0.3197499960660934,0.2375,0.0060785867406059,15,1542
Bin 1,0.5,800,0.0062500000931322,-0.4937499999068677,0.2375,0.0027880793566108,15,1542
Bin 2,0.5,800,0.0462500005960464,-0.4537499994039535,0.2375,0.0074301875156681,15,1542
Bin 3,0.5,800,0.1637499928474426,-0.3362500071525574,0.2375,0.0130913769689249,15,1542
Bin 4,0.5,800,0.2750000059604645,-0.2249999940395355,0.2375,0.015796539776789,15,1542
Bin 5,0.5,800,0.4099999964237213,-0.0900000035762786,0.2375,0.0173998122161707,15,1542
Overall,0.5125000000000001,4000,0.1829999983310699,-0.3295000016689301,0.2375,0.0061144985901582,15,1542
Bin 1,0.5125000000000001,800,0.0062500000931322,-0.5062499999068678,0.2375,0.0027880793566108,15,1542
Bin 2,0.5125000000000001,800,0.0462500005960464,-0.4662499994039536,0.2375,0.0074301875156681,15,1542
Bin 3,0.5125000000000001,800,0.166250005364418,-0.346249994635582,0.2375,0.0131712009926621,15,1542
Bin 4,0.5125000000000001,800,0.2800000011920929,-0.2324999988079071,0.2375,0.0158844380830297,15,1542
Bin 5,0.5125000000000001,800,0.4162499904632568,-0.0962500095367432,0.2375,0.0174388222854812,15,1542
Overall,0.525,4000,0.1875,-0.3375,0.2375,0.006172152350174,15,1542
Bin 1,0.525,800,0.0062500000931322,-0.5187499999068678,0.2375,0.0027880793566108,15,1542
Bin 2,0.525,800,0.0462500005960464,-0.4787499994039536,0.2375,0.0074301875156681,15,1542
Bin 3,0.525,800,0.1675000041723251,-0.3574999958276749,0.2375,0.013210708394785,15,1542
Bin 4,0.525,800,0.2874999940395355,-0.2375000059604645,0.2375,0.016011718404519,15,1542
Bin 5,0.525,800,0.4300000071525574,-0.0949999928474426,0.2375,0.0175145211864204,15,1542
Overall,0.5375,4000,0.1922499984502792,-0.3452500015497207,0.2375,0.0062315481960803,15,1542
Bin 1,0.5375,800,0.0062500000931322,-0.5312499999068677,0.2375,0.0027880793566108,15,1542
Bin 2,0.5375,800,0.0462500005960464,-0.4912499994039535,0.2375,0.0074301875156681,15,1542
Bin 3,0.5375,800,0.1700000017881393,-0.3674999982118606,0.2375,0.0132889329456212,15,1542
Bin 4,0.5375,800,0.2962499856948852,-0.2412500143051147,0.2375,0.0161534382363081,15,1542
Bin 5,0.5375,800,0.4424999952316284,-0.0950000047683715,0.2375,0.0175713720167055,15,1542
Overall,0.55,4000,0.1959999948740005,-0.3540000051259995,0.2375,0.006277407888541,15,1542
Bin 1,0.55,800,0.0062500000931322,-0.5437499999068678,0.2375,0.0027880793566108,15,1542
Bin 2,0.55,800,0.0462500005960464,-0.5037499994039536,0.2375,0.0074301875156681,15,1542
Bin 3,0.55,800,0.1737499982118606,-0.3762500017881394,0.2375,0.0134043183727895,15,1542
Bin 4,0.55,800,0.3025000095367431,-0.2474999904632568,0.2375,0.0162503001235558,15,1542
Bin 5,0.55,800,0.4512499868869781,-0.0987500131130219,0.2375,0.0176044509707593,15,1542
Overall,0.5625,4000,0.1979999989271164,-0.3645000010728836,0.2375,0.0063015021097336,15,1542
Bin 1,0.5625,800,0.0062500000931322,-0.5562499999068677,0.2375,0.0027880793566108,15,1542
Bin 2,0.5625,800,0.0462500005960464,-0.5162499994039536,0.2375,0.0074301875156681,15,1542
Bin 3,0.5625,800,0.1737499982118606,-0.3887500017881393,0.2375,0.0134043183727895,15,1542
Bin 4,0.5625,800,0.3075000047683716,-0.2549999952316284,0.2375,0.01632522141514,15,1542
Bin 5,0.5625,800,0.4562500119209289,-0.106249988079071,0.2375,0.0176208829733225,15,1542
Overall,0.5750000000000001,4000,0.2022500038146972,-0.3727499961853028,0.2375,0.0063518751099191,15,1542
Bin 1,0.5750000000000001,800,0.0062500000931322,-0.5687499999068678,0.2375,0.0027880793566108,15,1542
Bin 2,0.5750000000000001,800,0.0462500005960464,-0.5287499994039536,0.2375,0.0074301875156681,15,1542
Bin 3,0.5750000000000001,800,0.1737499982118606,-0.4012500017881394,0.2375,0.0134043183727895,15,1542
Bin 4,0.5750000000000001,800,0.3149999976158142,-0.2600000023841858,0.2375,0.016433390248172,15,1542
Bin 5,0.5750000000000001,800,0.4699999988079071,-0.1050000011920929,0.2375,0.0176568595232114,15,1542
Overall,0.5875,4000,0.2037499994039535,-0.3837500005960464,0.2375,0.0063693897408255,15,1542
Bin 1,0.5875,800,0.0062500000931322,-0.5812499999068678,0.2375,0.0027880793566108,15,1542
Bin 2,0.5875,800,0.0462500005960464,-0.5412499994039536,0.2375,0.0074301875156681,15,1542
Bin 3,0.5875,800,0.1737499982118606,-0.4137500017881393,0.2375,0.0134043183727895,15,1542
Bin 4,0.5875,800,0.3199999928474426,-0.2675000071525574,0.2375,0.016502739726383,15,1542
Bin 5,0.5875,800,0.4724999964237213,-0.1150000035762787,0.2375,0.0176619550771964,15,1542
Overall,0.6000000000000001,4000,0.2080000042915344,-0.3919999957084656,0.2375,0.0064182784103226,15,1542
Bin 1,0.6000000000000001,800,0.0062500000931322,-0.5937499999068678,0.2375,0.0027880793566108,15,1542
Bin 2,0.6000000000000001,800,0.0462500005960464,-0.5537499994039536,0.2375,0.0074301875156681,15,1542
Bin 3,0.6000000000000001,800,0.1737499982118606,-0.4262500017881394,0.2375,0.0134043183727895,15,1542
Bin 4,0.6000000000000001,800,0.324999988079071,-0.275000011920929,0.2375,0.0165699112661973,15,1542
Bin 5,0.6000000000000001,800,0.488750010728836,-0.111249989271164,0.2375,0.0176842507600586,15,1542
Overall,0.6125,4000,0.2117500007152557,-0.4007499992847443,0.2375,0.0064605271738739,15,1542
Bin 1,0.6125,800,0.0062500000931322,-0.6062499999068678,0.2375,0.0027880793566108,15,1542
Bin 2,0.6125,800,0.0462500005960464,-0.5662499994039536,0.2375,0.0074301875156681,15,1542
Bin 3,0.6125,800,0.1749999970197677,-0.4375000029802323,0.2375,0.0134422695025311,15,1542
Bin 4,0.6125,800,0.3312500119209289,-0.2812499880790711,0.2375,0.0166508511277488,15,1542
Bin 5,0.6125,800,0.5,-0.1125,0.2375,0.0176887288627129,15,1542
Overall,0.625,4000,0.2134999930858612,-0.4115000069141388,0.2375,0.0064799643664338,15,1542
Bin 1,0.625,800,0.0062500000931322,-0.6187499999068677,0.2375,0.0027880793566108,15,1542
Bin 2,0.625,800,0.0462500005960464,-0.5787499994039536,0.2375,0.0074301875156681,15,1542
Bin 3,0.625,800,0.1749999970197677,-0.4500000029802322,0.2375,0.0134422695025311,15,1542
Bin 4,0.625,800,0.3350000083446502,-0.2899999916553497,0.2375,0.0166978216830718,15,1542
Bin 5,0.625,800,0.5049999952316284,-0.1200000047683715,0.2375,0.0176878437788942,15,1542
Overall,0.6375000000000001,4000,0.2147500067949295,-0.4227499932050705,0.2375,0.0064937394264377,15,1542
Bin 1,0.6375000000000001,800,0.0062500000931322,-0.6312499999068678,0.2375,0.0027880793566108,15,1542
Bin 2,0.6375000000000001,800,0.0462500005960464,-0.5912499994039536,0.2375,0.0074301875156681,15,1542
Bin 3,0.6375000000000001,800,0.1749999970197677,-0.4625000029802323,0.2375,0.0134422695025311,15,1542
Bin 4,0.6375000000000001,800,0.3362500071525574,-0.3012499928474427,0.2375,0.0167132168731616,15,1542
Bin 5,0.6375000000000001,800,0.5099999904632568,-0.1275000095367432,0.2375,0.017685188527438,15,1542
Overall,0.65,4000,0.215499997138977,-0.4345000028610229,0.2375,0.0065019621472351,15,1542
Bin 1,0.65,800,0.0062500000931322,-0.6437499999068678,0.2375,0.0027880793566108,15,1542
Bin 2,0.65,800,0.0462500005960464,-0.6037499994039536,0.2375,0.0074301875156681,15,1542
Bin 3,0.65,800,0.1749999970197677,-0.4750000029802322,0.2375,0.0134422695025311,15,1542
Bin 4,0.65,800,0.3375000059604645,-0.3124999940395355,0.2375,0.0167284782470074,15,1542
Bin 5,0.65,800,0.512499988079071,-0.1375000119209289,0.2375,0.0176831991961883,15,1542
Overall,0.6625000000000001,4000,0.2169999927282333,-0.4455000072717667,0.2375,0.0065183105183149,15,1542
Bin 1,0.6625000000000001,800,0.0062500000931322,-0.6562499999068678,0.2375,0.0027880793566108,15,1542
Bin 2,0.6625000000000001,800,0.0462500005960464,-0.6162499994039536,0.2375,0.0074301875156681,15,1542
Bin 3,0.6625000000000001,800,0.1749999970197677,-0.4875000029802323,0.2375,0.0134422695025311,15,1542
Bin 4,0.6625000000000001,800,0.3412500023841858,-0.3212499976158143,0.2375,0.0167734826518473,15,1542
Bin 5,0.6625000000000001,800,0.5162500143051147,-0.1462499856948853,0.2375,0.0176793827990556,15,1542
Overall,0.675,4000,0.21875,-0.45625,0.2375,0.006537223718581,15,1542
Bin 1,0.675,800,0.0062500000931322,-0.6687499999068678,0.2375,0.0027880793566108,15,1542
Bin 2,0.675,800,0.0462500005960464,-0.6287499994039536,0.2375,0.0074301875156681,15,1542
Bin 3,0.675,800,0.1749999970197677,-0.5000000029802323,0.2375,0.0134422695025311,15,1542
Bin 4,0.675,800,0.34375,-0.33125,0.2375,0.0168028368781639,15,1542
Bin 5,0.675,800,0.5224999785423279,-0.1525000214576721,0.2375,0.0176708090763973,15,1542
Overall,0.6875,4000,0.2212499976158142,-0.4662500023841858,0.2375,0.0065639454407,15,1542
Bin 1,0.6875,800,0.0062500000931322,-0.6812499999068677,0.2375,0.0027880793566108,15,1542
Bin 2,0.6875,800,0.0462500005960464,-0.6412499994039536,0.2375,0.0074301875156681,15,1542
Bin 3,0.6875,800,0.1749999970197677,-0.5125000029802322,0.2375,0.0134422695025311,15,1542
Bin 4,0.6875,800,0.3474999964237213,-0.3400000035762787,0.2375,0.0168459025279724,15,1542
Bin 5,0.6875,800,0.53125,-0.15625,0.2375,0.0176541463198385,15,1542
Overall,0.7000000000000001,4000,0.2224999964237213,-0.4775000035762787,0.2375,0.0065771767173343,15,1542
Bin 1,0.7000000000000001,800,0.0062500000931322,-0.6937499999068678,0.2375,0.0027880793566108,15,1542
Bin 2,0.7000000000000001,800,0.0462500005960464,-0.6537499994039536,0.2375,0.0074301875156681,15,1542
Bin 3,0.7000000000000001,800,0.1749999970197677,-0.5250000029802323,0.2375,0.0134422695025311,15,1542
Bin 4,0.7000000000000001,800,0.3487499952316284,-0.3512500047683716,0.2375,0.0168600017024705,15,1542
Bin 5,0.7000000000000001,800,0.5362499952316284,-0.1637500047683716,0.2375,0.017642179775875,15,1542
Overall,0.7125,4000,0.2237499952316284,-0.4887500047683716,0.2375,0.00659032223264,15,1542
Bin 1,0.7125,800,0.0062500000931322,-0.7062499999068678,0.2375,0.0027880793566108,15,1542
Bin 2,0.7125,800,0.0462500005960464,-0.6662499994039536,0.2375,0.0074301875156681,15,1542
Bin 3,0.7125,800,0.1749999970197677,-0.5375000029802323,0.2375,0.0134422695025311,15,1542
Bin 4,0.7125,800,0.3512499928474426,-0.3612500071525574,0.2375,0.016887815461474,15,1542
Bin 5,0.7125,800,0.5400000214576721,-0.1724999785423279,0.2375,0.0176320339757673,15,1542
Overall,0.7250000000000001,4000,0.2247499972581863,-0.5002500027418137,0.2375,0.0066007766328468,15,1542
Bin 1,0.7250000000000001,800,0.0062500000931322,-0.7187499999068678,0.2375,0.0027880793566108,15,1542
Bin 2,0.7250000000000001,800,0.0462500005960464,-0.6787499994039536,0.2375,0.0074301875156681,15,1542
Bin 3,0.7250000000000001,800,0.1749999970197677,-0.5500000029802323,0.2375,0.0134422695025311,15,1542
Bin 4,0.7250000000000001,800,0.3524999916553497,-0.3725000083446503,0.2375,0.0169015310996507,15,1542
Bin 5,0.7250000000000001,800,0.543749988079071,-0.181250011920929,0.2375,0.0176208829733225,15,1542
Overall,0.7375,4000,0.2257499992847442,-0.5117500007152558,0.2375,0.0066111773144193,15,1542
Bin 1,0.7375,800,0.0062500000931322,-0.7312499999068678,0.2375,0.0027880793566108,15,1542
Bin 2,0.7375,800,0.0462500005960464,-0.6912499994039536,0.2375,0.0074301875156681,15,1542
Bin 3,0.7375,800,0.1762499958276748,-0.5612500041723252,0.2375,0.0134799688048529,15,1542
Bin 4,0.7375,800,0.3537499904632568,-0.3837500095367432,0.2375,0.0169151192436106,15,1542
Bin 5,0.7375,800,0.5462499856948853,-0.1912500143051148,0.2375,0.0176128908771736,15,1542
Overall,0.75,4000,0.2267500013113021,-0.5232499986886978,0.2375,0.006621522863709,15,1542
Bin 1,0.75,800,0.0062500000931322,-0.7437499999068677,0.2375,0.0027880793566108,15,1542
Bin 2,0.75,800,0.0462500005960464,-0.7037499994039536,0.2375,0.0074301875156681,15,1542
Bin 3,0.75,800,0.1762499958276748,-0.5737500041723251,0.2375,0.0134799688048529,15,1542
Bin 4,0.75,800,0.3537499904632568,-0.3962500095367431,0.2375,0.0169151192436106,15,1542
Bin 5,0.75,800,0.5512499809265137,-0.1987500190734863,0.2375,0.0175955632540796,15,1542
Overall,0.7625000000000001,4000,0.2275000065565109,-0.5349999934434891,0.2375,0.0066292475090976,15,1542
Bin 1,0.7625000000000001,800,0.0062500000931322,-0.7562499999068678,0.2375,0.0027880793566108,15,1542
Bin 2,0.7625000000000001,800,0.0462500005960464,-0.7162499994039536,0.2375,0.0074301875156681,15,1542
Bin 3,0.7625000000000001,800,0.1762499958276748,-0.5862500041723252,0.2375,0.0134799688048529,15,1542
Bin 4,0.7625000000000001,800,0.3537499904632568,-0.4087500095367432,0.2375,0.0169151192436106,15,1542
Bin 5,0.7625000000000001,800,0.5550000071525574,-0.2074999928474427,0.2375,0.0175813850542405,15,1542
Overall,0.775,4000,0.2282499969005584,-0.5467500030994416,0.2375,0.0066369415254402,15,1542
Bin 1,0.775,800,0.0062500000931322,-0.7687499999068678,0.2375,0.0027880793566108,15,1542
Bin 2,0.775,800,0.0462500005960464,-0.7287499994039536,0.2375,0.0074301875156681,15,1542
Bin 3,0.775,800,0.1762499958276748,-0.5987500041723252,0.2375,0.0134799688048529,15,1542
Bin 4,0.775,800,0.3537499904632568,-0.4212500095367432,0.2375,0.0169151192436106,15,1542
Bin 5,0.775,800,0.5587499737739563,-0.2162500262260437,0.2375,0.0175661963837084,15,1542
Overall,0.7875000000000001,4000,0.2292499989271164,-0.5582500010728837,0.2375,0.0066471537205761,15,1542
Bin 1,0.7875000000000001,800,0.0062500000931322,-0.7812499999068678,0.2375,0.0027880793566108,15,1542
Bin 2,0.7875000000000001,800,0.0462500005960464,-0.7412499994039536,0.2375,0.0074301875156681,15,1542
Bin 3,0.7875000000000001,800,0.1762499958276748,-0.6112500041723252,0.2375,0.0134799688048529,15,1542
Bin 4,0.7875000000000001,800,0.3537499904632568,-0.4337500095367432,0.2375,0.0169151192436106,15,1542
Bin 5,0.7875000000000001,800,0.5637500286102295,-0.2237499713897706,0.2375,0.0175443632625085,15,1542
Overall,0.8,4000,0.2297500073909759,-0.5702499926090241,0.2375,0.0066522400270681,15,1542
Bin 1,0.8,800,0.0062500000931322,-0.7937499999068678,0.2375,0.0027880793566108,15,1542
Bin 2,0.8,800,0.0462500005960464,-0.7537499994039536,0.2375,0.0074301875156681,15,1542
Bin 3,0.8,800,0.1762499958276748,-0.6237500041723252,0.2375,0.0134799688048529,15,1542
Bin 4,0.8,800,0.3537499904632568,-0.4462500095367432,0.2375,0.0169151192436106,15,1542
Bin 5,0.8,800,0.5662500262260437,-0.2337499737739563,0.2375,0.0175327665571408,15,1542
Overall,0.8125,4000,0.2300000041723251,-0.5824999958276749,0.2375,0.0066547779969372,15,1542
Bin 1,0.8125,800,0.0062500000931322,-0.8062499999068677,0.2375,0.0027880793566108,15,1542
Bin 2,0.8125,800,0.0462500005960464,-0.7662499994039536,0.2375,0.0074301875156681,15,1542
Bin 3,0.8125,800,0.1762499958276748,-0.6362500041723251,0.2375,0.0134799688048529,15,1542
Bin 4,0.8125,800,0.3537499904632568,-0.4587500095367431,0.2375,0.0169151192436106,15,1542
Bin 5,0.8125,800,0.5674999952316284,-0.2450000047683715,0.2375,0.0175267996170628,15,1542
Overall,0.8250000000000001,4000,0.2300000041723251,-0.5949999958276749,0.2375,0.0066547779969372,15,1542
Bin 1,0.8250000000000001,800,0.0062500000931322,-0.8187499999068678,0.2375,0.0027880793566108,15,1542
Bin 2,0.8250000000000001,800,0.0462500005960464,-0.7787499994039536,0.2375,0.0074301875156681,15,1542
Bin 3,0.8250000000000001,800,0.1762499958276748,-0.6487500041723252,0.2375,0.0134799688048529,15,1542
Bin 4,0.8250000000000001,800,0.3537499904632568,-0.4712500095367432,0.2375,0.0169151192436106,15,1542
Bin 5,0.8250000000000001,800,0.5674999952316284,-0.2575000047683716,0.2375,0.0175267996170628,15,1542
Overall,0.8375,4000,0.2307499945163726,-0.6067500054836273,0.2375,0.0066623725866845,15,1542
Bin 1,0.8375,800,0.0062500000931322,-0.8312499999068678,0.2375,0.0027880793566108,15,1542
Bin 2,0.8375,800,0.0462500005960464,-0.7912499994039536,0.2375,0.0074301875156681,15,1542
Bin 3,0.8375,800,0.1762499958276748,-0.6612500041723252,0.2375,0.0134799688048529,15,1542
Bin 4,0.8375,800,0.3537499904632568,-0.4837500095367432,0.2375,0.0169151192436106,15,1542
Bin 5,0.8375,800,0.5712500214576721,-0.2662499785423279,0.2375,0.0175082118031983,15,1542
Overall,0.8500000000000001,4000,0.2307499945163726,-0.6192500054836274,0.2375,0.0066623725866845,15,1542
Bin 1,0.8500000000000001,800,0.0062500000931322,-0.8437499999068678,0.2375,0.0027880793566108,15,1542
Bin 2,0.8500000000000001,800,0.0462500005960464,-0.8037499994039536,0.2375,0.0074301875156681,15,1542
Bin 3,0.8500000000000001,800,0.1762499958276748,-0.6737500041723252,0.2375,0.0134799688048529,15,1542
Bin 4,0.8500000000000001,800,0.3537499904632568,-0.4962500095367432,0.2375,0.0169151192436106,15,1542
Bin 5,0.8500000000000001,800,0.5712500214576721,-0.2787499785423279,0.2375,0.0175082118031983,15,1542
Overall,0.8625,4000,0.2307499945163726,-0.6317500054836274,0.2375,0.0066623725866845,15,1542
Bin 1,0.8625,800,0.0062500000931322,-0.8562499999068678,0.2375,0.0027880793566108,15,1542
Bin 2,0.8625,800,0.0462500005960464,-0.8162499994039536,0.2375,0.0074301875156681,15,1542
Bin 3,0.8625,800,0.1762499958276748,-0.6862500041723252,0.2375,0.0134799688048529,15,1542
Bin 4,0.8625,800,0.3537499904632568,-0.5087500095367432,0.2375,0.0169151192436106,15,1542
Bin 5,0.8625,800,0.5712500214576721,-0.2912499785423279,0.2375,0.0175082118031983,15,1542
Overall,0.875,4000,0.2307499945163726,-0.6442500054836273,0.2375,0.0066623725866845,15,1542
Bin 1,0.875,800,0.0062500000931322,-0.8687499999068677,0.2375,0.0027880793566108,15,1542
Bin 2,0.875,800,0.0462500005960464,-0.8287499994039536,0.2375,0.0074301875156681,15,1542
Bin 3,0.875,800,0.1762499958276748,-0.6987500041723251,0.2375,0.0134799688048529,15,1542
Bin 4,0.875,800,0.3537499904632568,-0.5212500095367432,0.2375,0.0169151192436106,15,1542
Bin 5,0.875,800,0.5712500214576721,-0.3037499785423279,0.2375,0.0175082118031983,15,1542
Overall,0.8875000000000001,4000,0.2307499945163726,-0.6567500054836274,0.2375,0.0066623725866845,15,1542
Bin 1,0.8875000000000001,800,0.0062500000931322,-0.8812499999068678,0.2375,0.0027880793566108,15,1542
Bin 2,0.8875000000000001,800,0.0462500005960464,-0.8412499994039536,0.2375,0.0074301875156681,15,1542
Bin 3,0.8875000000000001,800,0.1762499958276748,-0.7112500041723252,0.2375,0.0134799688048529,15,1542
Bin 4,0.8875000000000001,800,0.3537499904632568,-0.5337500095367432,0.2375,0.0169151192436106,15,1542
Bin 5,0.8875000000000001,800,0.5712500214576721,-0.3162499785423279,0.2375,0.0175082118031983,15,1542
Overall,0.9,4000,0.2307499945163726,-0.6692500054836273,0.2375,0.0066623725866845,15,1542
Bin 1,0.9,800,0.0062500000931322,-0.8937499999068678,0.2375,0.0027880793566108,15,1542
Bin 2,0.9,800,0.0462500005960464,-0.8537499994039536,0.2375,0.0074301875156681,15,1542
Bin 3,0.9,800,0.1762499958276748,-0.7237500041723252,0.2375,0.0134799688048529,15,1542
Bin 4,0.9,800,0.3537499904632568,-0.5462500095367432,0.2375,0.0169151192436106,15,1542
Bin 5,0.9,800,0.5712500214576721,-0.3287499785423279,0.2375,0.0175082118031983,15,1542
Overall,0.9125,4000,0.2307499945163726,-0.6817500054836274,0.2375,0.0066623725866845,15,1542
Bin 1,0.9125,800,0.0062500000931322,-0.9062499999068678,0.2375,0.0027880793566108,15,1542
Bin 2,0.9125,800,0.0462500005960464,-0.8662499994039536,0.2375,0.0074301875156681,15,1542
Bin 3,0.9125,800,0.1762499958276748,-0.7362500041723252,0.2375,0.0134799688048529,15,1542
Bin 4,0.9125,800,0.3537499904632568,-0.5587500095367433,0.2375,0.0169151192436106,15,1542
Bin 5,0.9125,800,0.5712500214576721,-0.3412499785423279,0.2375,0.0175082118031983,15,1542
Overall,0.925,4000,0.2307499945163726,-0.6942500054836274,0.2375,0.0066623725866845,15,1542
Bin 1,0.925,800,0.0062500000931322,-0.9187499999068678,0.2375,0.0027880793566108,15,1542
Bin 2,0.925,800,0.0462500005960464,-0.8787499994039536,0.2375,0.0074301875156681,15,1542
Bin 3,0.925,800,0.1762499958276748,-0.7487500041723252,0.2375,0.0134799688048529,15,1542
Bin 4,0.925,800,0.3537499904632568,-0.5712500095367432,0.2375,0.0169151192436106,15,1542
Bin 5,0.925,800,0.5712500214576721,-0.3537499785423279,0.2375,0.0175082118031983,15,1542
Overall,0.9375,4000,0.2307499945163726,-0.7067500054836273,0.2375,0.0066623725866845,15,1542
Bin 1,0.9375,800,0.0062500000931322,-0.9312499999068676,0.2375,0.0027880793566108,15,1542
Bin 2,0.9375,800,0.0462500005960464,-0.8912499994039536,0.2375,0.0074301875156681,15,1542
Bin 3,0.9375,800,0.1762499958276748,-0.7612500041723251,0.2375,0.0134799688048529,15,1542
Bin 4,0.9375,800,0.3537499904632568,-0.5837500095367432,0.2375,0.0169151192436106,15,1542
Bin 5,0.9375,800,0.5712500214576721,-0.3662499785423279,0.2375,0.0175082118031983,15,1542
Overall,0.95,4000,0.2307499945163726,-0.7192500054836274,0.2375,0.0066623725866845,15,1542
Bin 1,0.95,800,0.0062500000931322,-0.9437499999068678,0.2375,0.0027880793566108,15,1542
Bin 2,0.95,800,0.0462500005960464,-0.9037499994039536,0.2375,0.0074301875156681,15,1542
Bin 3,0.95,800,0.1762499958276748,-0.7737500041723252,0.2375,0.0134799688048529,15,1542
Bin 4,0.95,800,0.3537499904632568,-0.5962500095367432,0.2375,0.0169151192436106,15,1542
Bin 5,0.95,800,0.5712500214576721,-0.3787499785423279,0.2375,0.0175082118031983,15,1542
Overall,0.9625,4000,0.2307499945163726,-0.7317500054836273,0.2375,0.0066623725866845,15,1542
Bin 1,0.9625,800,0.0062500000931322,-0.9562499999068678,0.2375,0.0027880793566108,15,1542
Bin 2,0.9625,800,0.0462500005960464,-0.9162499994039536,0.2375,0.0074301875156681,15,1542
Bin 3,0.9625,800,0.1762499958276748,-0.7862500041723252,0.2375,0.0134799688048529,15,1542
Bin 4,0.9625,800,0.3537499904632568,-0.6087500095367432,0.2375,0.0169151192436106,15,1542
Bin 5,0.9625,800,0.5712500214576721,-0.3912499785423279,0.2375,0.0175082118031983,15,1542
Overall,0.975,4000,0.2307499945163726,-0.7442500054836274,0.2375,0.0066623725866845,15,1542
Bin 1,0.975,800,0.0062500000931322,-0.9687499999068678,0.2375,0.0027880793566108,15,1542
Bin 2,0.975,800,0.0462500005960464,-0.9287499994039536,0.2375,0.0074301875156681,15,1542
Bin 3,0.975,800,0.1762499958276748,-0.7987500041723252,0.2375,0.0134799688048529,15,1542
Bin 4,0.975,800,0.3537499904632568,-0.6212500095367433,0.2375,0.0169151192436106,15,1542
Bin 5,0.975,800,0.5712500214576721,-0.4037499785423279,0.2375,0.0175082118031983,15,1542
Overall,0.9875,4000,0.2307499945163726,-0.7567500054836274,0.2375,0.0066623725866845,15,1542
Bin 1,0.9875,800,0.0062500000931322,-0.9812499999068678,0.2375,0.0027880793566108,15,1542
Bin 2,0.9875,800,0.0462500005960464,-0.9412499994039536,0.2375,0.0074301875156681,15,1542
Bin 3,0.9875,800,0.1762499958276748,-0.8112500041723252,0.2375,0.0134799688048529,15,1542
Bin 4,0.9875,800,0.3537499904632568,-0.6337500095367432,0.2375,0.0169151192436106,15,1542
Bin 5,0.9875,800,0.5712500214576721,-0.4162499785423279,0.2375,0.0175082118031983,15,1542
Overall,1.0,4000,0.2307499945163726,-0.7692500054836273,0.2375,0.0066623725866845,15,1542
Bin 1,1.0,800,0.0062500000931322,-0.9937499999068676,0.2375,0.0027880793566108,15,1542
Bin 2,1.0,800,0.0462500005960464,-0.9537499994039536,0.2375,0.0074301875156681,15,1542
Bin 3,1.0,800,0.1762499958276748,-0.8237500041723251,0.2375,0.0134799688048529,15,1542
Bin 4,1.0,800,0.3537499904632568,-0.6462500095367432,0.2375,0.0169151192436106,15,1542
Bin 5,1.0,800,0.5712500214576721,-0.4287499785423279,0.2375,0.0175082118031983,15,1542
Overall,0.0,4000,0.0,0.0,0.2,0.0,16,1642
Bin 1,0.0,800,0.0,0.0,0.2,0.0,16,1642
Bin 2,0.0,800,0.0,0.0,0.2,0.0,16,1642
Bin 3,0.0,800,0.0,0.0,0.2,0.0,16,1642
Bin 4,0.0,800,0.0,0.0,0.2,0.0,16,1642
Bin 5,0.0,800,0.0,0.0,0.2,0.0,16,1642
Overall,0.0125,4000,0.004749999847263,-0.0077500001527369,0.2,0.0010872695197216,16,1642
Bin 1,0.0125,800,0.0012499999720603,-0.0112500000279396,0.2,0.0012499999259236,16,1642
Bin 2,0.0125,800,0.0024999999441206,-0.0100000000558793,0.2,0.0017666603611169,16,1642
Bin 3,0.0125,800,0.0074999998323619,-0.005000000167638,0.2,0.0030522671300426,16,1642
Bin 4,0.0125,800,0.0037499999161809,-0.008750000083819,0.2,0.0021623519653855,16,1642
Bin 5,0.0125,800,0.0087500000372529,-0.003749999962747,0.2,0.0032947487496557,16,1642
Overall,0.025,4000,0.0099999997764825,-0.0150000002235174,0.2,0.0015734100851155,16,1642
Bin 1,0.025,800,0.0037499999161809,-0.021250000083819,0.2,0.0021623520970944,16,1642
Bin 2,0.025,800,0.0087500000372529,-0.0162499999627471,0.2,0.0032947482228201,16,1642
Bin 3,0.025,800,0.0125000001862645,-0.0124999998137354,0.2,0.003930521315388,16,1642
Bin 4,0.025,800,0.0087500000372529,-0.0162499999627471,0.2,0.0032947484862379,16,1642
Bin 5,0.025,800,0.0162499994039535,-0.0087500005960464,0.2,0.0044729665339558,16,1642
Overall,0.0375,4000,0.0192499998956918,-0.0182500001043081,0.2,0.0021727953042965,16,1642
Bin 1,0.0375,800,0.0037499999161809,-0.033750000083819,0.2,0.0021623520970944,16,1642
Bin 2,0.0375,800,0.018750000745058,-0.0187499992549419,0.2,0.004798627856701,16,1642
Bin 3,0.0375,800,0.025000000372529,-0.0124999996274709,0.2,0.0055233039310109,16,1642
Bin 4,0.0375,800,0.0212500002235174,-0.0162499997764825,0.2,0.0051020182578574,16,1642
Bin 5,0.0375,800,0.0274999998509883,-0.0100000001490116,0.2,0.0057854583824199,16,1642
Overall,0.05,4000,0.0262499991804361,-0.0237500008195638,0.2,0.0025282076852591,16,1642
Bin 1,0.05,800,0.0049999998882412,-0.0450000001117587,0.2,0.0024953017953272,16,1642
Bin 2,0.05,800,0.0237499997019767,-0.0262500002980232,0.2,0.0053868998704903,16,1642
Bin 3,0.05,800,0.0375000014901161,-0.0124999985098838,0.2,0.0067211347512655,16,1642
Bin 4,0.05,800,0.0299999993294477,-0.0200000006705522,0.2,0.0060349419106597,16,1642
Bin 5,0.05,800,0.0350000001490116,-0.0149999998509883,0.2,0.0065016603060011,16,1642
Overall,0.0625,4000,0.0350000001490116,-0.0274999998509883,0.2,0.0029061762380915,16,1642
Bin 1,0.0625,800,0.0049999998882412,-0.0575000001117587,0.2,0.0024953017953272,16,1642
Bin 2,0.0625,800,0.0262499991804361,-0.0362500008195638,0.2,0.0056560733526831,16,1642
Bin 3,0.0625,800,0.0562499985098838,-0.0062500014901161,0.2,0.0081511025105841,16,1642
Bin 4,0.0625,800,0.0437499992549419,-0.018750000745058,0.2,0.007236047014208,16,1642
Bin 5,0.0625,800,0.0437499992549419,-0.018750000745058,0.2,0.007236047014208,16,1642
Overall,0.075,4000,0.0437499992549419,-0.031250000745058,0.2,0.0032344397395482,16,1642
Bin 1,0.075,800,0.0049999998882412,-0.0700000001117587,0.2,0.0024953017953272,16,1642
Bin 2,0.075,800,0.0287500005215406,-0.0462499994784593,0.2,0.0059116813448471,16,1642
Bin 3,0.075,800,0.0700000002980232,-0.0049999997019767,0.2,0.0090264525146493,16,1642
Bin 4,0.075,800,0.0575000010430812,-0.0174999989569187,0.2,0.0082357133626409,16,1642
Bin 5,0.075,800,0.0575000010430812,-0.0174999989569187,0.2,0.0082357133626409,16,1642
Overall,0.0875,4000,0.0517500005662441,-0.0357499994337558,0.2,0.0035030058168,16,1642
Bin 1,0.0875,800,0.0049999998882412,-0.0825000001117587,0.2,0.0024953017953272,16,1642
Bin 2,0.0875,800,0.0324999988079071,-0.0550000011920929,0.2,0.0062732670607562,16,1642
Bin 3,0.0875,800,0.0837500020861625,-0.0037499979138374,0.2,0.0097999978598076,16,1642
Bin 4,0.0875,800,0.0700000002980232,-0.0174999997019767,0.2,0.0090264525146493,16,1642
Bin 5,0.0875,800,0.067500002682209,-0.0199999973177909,0.2,0.0088757069352515,16,1642
Overall,0.1,4000,0.0587499998509883,-0.0412500001490116,0.2,0.0037186112106996,16,1642
Bin 1,0.1,800,0.0062500000931322,-0.0937499999068677,0.2,0.0027880793566108,16,1642
Bin 2,0.1,800,0.0337500013411045,-0.0662499986588955,0.2,0.0063886377365275,16,1642
Bin 3,0.1,800,0.0925000011920929,-0.0074999988079071,0.2,0.0102499270580447,16,1642
Bin 4,0.1,800,0.0837500020861625,-0.0162499979138374,0.2,0.0097999978598076,16,1642
Bin 5,0.1,800,0.0775000005960464,-0.0224999994039535,0.2,0.0094593354200062,16,1642
Overall,0.1125,4000,0.0684999972581863,-0.0440000027418136,0.2,0.0039944870275714,16,1642
Bin 1,0.1125,800,0.0062500000931322,-0.1062499999068677,0.2,0.0027880793566108,16,1642
Bin 2,0.1125,800,0.0362499989569187,-0.0762500010430812,0.2,0.0066124559413666,16,1642
Bin 3,0.1125,800,0.1000000014901161,-0.0124999985098838,0.2,0.0106132371068935,16,1642
Bin 4,0.1125,800,0.1062500029802322,-0.0062499970197677,0.2,0.0109018229006748,16,1642
Bin 5,0.1125,800,0.09375,-0.01875,0.2,0.0103118418321784,16,1642
Overall,0.125,4000,0.0747499987483024,-0.0502500012516975,0.2,0.0041587180870911,16,1642
Bin 1,0.125,800,0.0062500000931322,-0.1187499999068677,0.2,0.0027880793566108,16,1642
Bin 2,0.125,800,0.0399999991059303,-0.0850000008940696,0.2,0.0069325380750401,16,1642
Bin 3,0.125,800,0.1062500029802322,-0.0187499970197677,0.2,0.0109018229006748,16,1642
Bin 4,0.125,800,0.1187499985098838,-0.0062500014901161,0.2,0.0114443993013086,16,1642
Bin 5,0.125,800,0.1024999991059303,-0.0225000008940696,0.2,0.0107301493036491,16,1642
Overall,0.1375,4000,0.0837500020861625,-0.0537499979138374,0.2,0.0043804997103025,16,1642
Bin 1,0.1375,800,0.0087500000372529,-0.1287499999627471,0.2,0.0032947484862379,16,1642
Bin 2,0.1375,800,0.0412500016391277,-0.0962499983608722,0.2,0.0070354401325151,16,1642
Bin 3,0.1375,800,0.1162500008940696,-0.0212499991059303,0.2,0.0113393398520255,16,1642
Bin 4,0.1375,800,0.1337500065565109,-0.003749993443489,0.2,0.012041902528593,16,1642
Bin 5,0.1375,800,0.1187499985098838,-0.0187500014901161,0.2,0.0114443993013086,16,1642
Overall,0.15,4000,0.090999998152256,-0.059000001847744,0.2,0.0045480679221824,16,1642
Bin 1,0.15,800,0.0112500004470348,-0.1387499995529652,0.2,0.0037311788391504,16,1642
Bin 2,0.15,800,0.0425000004470348,-0.1074999995529651,0.2,0.0071365851932427,16,1642
Bin 3,0.15,800,0.1225000023841857,-0.0274999976158142,0.2,0.0115989380970723,16,1642
Bin 4,0.15,800,0.1512500047683715,0.0012500047683715,0.2,0.0126754729214906,16,1642
Bin 5,0.15,800,0.1274999976158142,-0.0225000023841858,0.2,0.0117995223248341,16,1642
Overall,0.1625,4000,0.0972499996423721,-0.0652500003576278,0.2,0.0046854669950176,16,1642
Bin 1,0.1625,800,0.0112500004470348,-0.1512499995529651,0.2,0.0037311788391504,16,1642
Bin 2,0.1625,800,0.0425000004470348,-0.1199999995529651,0.2,0.0071365851932427,16,1642
Bin 3,0.1625,800,0.1312499940395355,-0.0312500059604644,0.2,0.0119460321459565,16,1642
Bin 4,0.1625,800,0.1599999964237213,-0.0025000035762786,0.2,0.012969590489139,16,1642
Bin 5,0.1625,800,0.1412499994039535,-0.0212500005960464,0.2,0.0123212349817838,16,1642
Overall,0.175,4000,0.1035000011324882,-0.0714999988675117,0.2,0.0048169221480742,16,1642
Bin 1,0.175,800,0.0112500004470348,-0.1637499995529651,0.2,0.0037311788391504,16,1642
Bin 2,0.175,800,0.0425000004470348,-0.1324999995529651,0.2,0.0071365851932427,16,1642
Bin 3,0.175,800,0.1375000029802322,-0.0374999970197677,0.2,0.0121830913100909,16,1642
Bin 4,0.175,800,0.1749999970197677,-2.9802322554228766e-09,0.2,0.0134422695025311,16,1642
Bin 5,0.175,800,0.1512500047683715,-0.0237499952316284,0.2,0.0126754729214906,16,1642
Overall,0.1875,4000,0.1077499985694885,-0.0797500014305114,0.2,0.0049031622322832,16,1642
Bin 1,0.1875,800,0.0112500004470348,-0.1762499995529651,0.2,0.0037311788391504,16,1642
Bin 2,0.1875,800,0.0450000017881393,-0.1424999982118606,0.2,0.0073338930303684,16,1642
Bin 3,0.1875,800,0.1412499994039535,-0.0462500005960464,0.2,0.0123212349817838,16,1642
Bin 4,0.1875,800,0.1850000023841858,-0.0024999976158142,0.2,0.0137369802870723,16,1642
Bin 5,0.1875,800,0.15625,-0.03125,0.2,0.0128452783594561,16,1642
Overall,0.2,4000,0.1132500022649765,-0.0867499977350235,0.2,0.0050112262185558,16,1642
Bin 1,0.2,800,0.0112500004470348,-0.1887499995529651,0.2,0.0037311788391504,16,1642
Bin 2,0.2,800,0.0450000017881393,-0.1549999982118606,0.2,0.0073338930303684,16,1642
Bin 3,0.2,800,0.1437499970197677,-0.0562500029802322,0.2,0.0124116873870443,16,1642
Bin 4,0.2,800,0.1937499940395355,-0.0062500059604644,0.2,0.0139824192983619,16,1642
Bin 5,0.2,800,0.1724999994039535,-0.0275000005960464,0.2,0.0133661143619568,16,1642
Overall,0.2125,4000,0.1162500008940696,-0.0962499991059303,0.2,0.0050685703895995,16,1642
Bin 1,0.2125,800,0.0112500004470348,-0.2012499995529652,0.2,0.0037311788391504,16,1642
Bin 2,0.2125,800,0.0450000017881393,-0.1674999982118606,0.2,0.0073338930303684,16,1642
Bin 3,0.2125,800,0.1449999958276748,-0.0675000041723251,0.2,0.0124564315350946,16,1642
Bin 4,0.2125,800,0.2000000029802322,-0.0124999970197677,0.2,0.0141509824579676,16,1642
Bin 5,0.2125,800,0.1800000071525573,-0.0324999928474426,0.2,0.013591574713381,16,1642
Overall,0.225,4000,0.1202500015497207,-0.1047499984502792,0.2,0.0051433552106233,16,1642
Bin 1,0.225,800,0.0112500004470348,-0.2137499995529651,0.2,0.0037311788391504,16,1642
Bin 2,0.225,800,0.0462500005960464,-0.1787499994039535,0.2,0.0074301880425037,16,1642
Bin 3,0.225,800,0.147499993443489,-0.0775000065565109,0.2,0.0125449757417887,16,1642
Bin 4,0.225,800,0.2025000005960464,-0.0224999994039535,0.2,0.0142168864313129,16,1642
Bin 5,0.225,800,0.1937499940395355,-0.0312500059604644,0.2,0.0139824182446907,16,1642
Overall,0.2375,4000,0.124499998986721,-0.1130000010132789,0.2,0.0052208000464837,16,1642
Bin 1,0.2375,800,0.0112500004470348,-0.2262499995529651,0.2,0.0037311788391504,16,1642
Bin 2,0.2375,800,0.0462500005960464,-0.1912499994039535,0.2,0.0074301880425037,16,1642
Bin 3,0.2375,800,0.1487500071525573,-0.0887499928474426,0.2,0.0125887800151173,16,1642
Bin 4,0.2375,800,0.2112500071525573,-0.0262499928474426,0.2,0.0144409137898877,16,1642
Bin 5,0.2375,800,0.2049999982118606,-0.0325000017881393,0.2,0.0142819369309758,16,1642
Overall,0.25,4000,0.1287499964237213,-0.1212500035762786,0.2,0.0052962601201667,16,1642
Bin 1,0.25,800,0.0112500004470348,-0.2387499995529651,0.2,0.0037311788391504,16,1642
Bin 2,0.25,800,0.0474999994039535,-0.2025000005960464,0.2,0.0075249900025305,16,1642
Bin 3,0.25,800,0.1537500023841858,-0.0962499976158142,0.2,0.0127609646426813,16,1642
Bin 4,0.25,800,0.2150000035762787,-0.0349999964237213,0.2,0.0145338486445254,16,1642
Bin 5,0.25,800,0.2162500023841858,-0.0337499976158142,0.2,0.0145644282904625,16,1642
Overall,0.2625,4000,0.135000005364418,-0.1274999946355819,0.2,0.0054037996429294,16,1642
Bin 1,0.2625,800,0.0112500004470348,-0.2512499995529652,0.2,0.0037311788391504,16,1642
Bin 2,0.2625,800,0.050000000745058,-0.2124999992549419,0.2,0.00771033761772,16,1642
Bin 3,0.2625,800,0.1599999964237213,-0.1025000035762787,0.2,0.012969590489139,16,1642
Bin 4,0.2625,800,0.2262499928474426,-0.0362500071525573,0.2,0.014802027987929,16,1642
Bin 5,0.2625,800,0.2275000065565109,-0.034999993443489,0.2,0.0148308669690226,16,1642
Overall,0.275,4000,0.1397500038146972,-0.1352499961853027,0.2,0.0054829276626688,16,1642
Bin 1,0.275,800,0.0112500004470348,-0.2637499995529652,0.2,0.0037311788391504,16,1642
Bin 2,0.275,800,0.050000000745058,-0.2249999992549419,0.2,0.00771033761772,16,1642
Bin 3,0.275,800,0.1650000065565109,-0.1099999934434891,0.2,0.0131314238507087,16,1642
Bin 4,0.275,800,0.2362499982118606,-0.0387500017881393,0.2,0.0150275483986123,16,1642
Bin 5,0.275,800,0.2362499982118606,-0.0387500017881393,0.2,0.0150275473449411,16,1642
Overall,0.2875,4000,0.1465000063180923,-0.1409999936819077,0.2,0.0055917126095614,16,1642
Bin 1,0.2875,800,0.0112500004470348,-0.2762499995529652,0.2,0.0037311788391504,16,1642
Bin 2,0.2875,800,0.0524999983608722,-0.2350000016391277,0.2,0.0078903425930252,16,1642
Bin 3,0.2875,800,0.1675000041723251,-0.1199999958276749,0.2,0.0132107094484562,16,1642
Bin 4,0.2875,800,0.25,-0.0375,0.2,0.0153188884889439,16,1642
Bin 5,0.2875,800,0.2512499988079071,-0.0362500011920929,0.2,0.0153443335950611,16,1642
Overall,0.3,4000,0.1525000035762787,-0.1474999964237213,0.2,0.005684981824208,16,1642
Bin 1,0.3,800,0.0112500004470348,-0.2887499995529652,0.2,0.0037311788391504,16,1642
Bin 2,0.3,800,0.0537500008940696,-0.2462499991059303,0.2,0.0079784542676865,16,1642
Bin 3,0.3,800,0.1724999994039535,-0.1275000005960465,0.2,0.0133661143619568,16,1642
Bin 4,0.3,800,0.2587499916553497,-0.0412500083446503,0.2,0.0154934860235851,16,1642
Bin 5,0.3,800,0.2662500143051147,-0.0337499856948853,0.2,0.0156367136588797,16,1642
Overall,0.3125,4000,0.1560000032186508,-0.1564999967813491,0.2,0.0057379639478923,16,1642
Bin 1,0.3125,800,0.0112500004470348,-0.3012499995529651,0.2,0.0037311788391504,16,1642
Bin 2,0.3125,800,0.0537500008940696,-0.2587499991059303,0.2,0.0079784542676865,16,1642
Bin 3,0.3125,800,0.1749999970197677,-0.1375000029802322,0.2,0.0134422695025311,16,1642
Bin 4,0.3125,800,0.2649999856948852,-0.0475000143051147,0.2,0.0156132473473,16,1642
Bin 5,0.3125,800,0.2750000059604645,-0.0374999940395355,0.2,0.0157965387231178,16,1642
Overall,0.325,4000,0.1599999964237213,-0.1650000035762787,0.2,0.0057972749749021,16,1642
Bin 1,0.325,800,0.0125000001862645,-0.3124999998137355,0.2,0.003930521315388,16,1642
Bin 2,0.325,800,0.0537500008940696,-0.2712499991059303,0.2,0.0079784542676865,16,1642
Bin 3,0.325,800,0.1749999970197677,-0.1500000029802322,0.2,0.0134422695025311,16,1642
Bin 4,0.325,800,0.2712500095367431,-0.0537499904632568,0.2,0.0157289868079958,16,1642
Bin 5,0.325,800,0.2874999940395355,-0.0375000059604644,0.2,0.016011718404519,16,1642
Overall,0.3375,4000,0.164000004529953,-0.173499995470047,0.2,0.0058553024092786,16,1642
Bin 1,0.3375,800,0.0125000001862645,-0.3249999998137355,0.2,0.003930521315388,16,1642
Bin 2,0.3375,800,0.0537500008940696,-0.2837499991059303,0.2,0.0079784542676865,16,1642
Bin 3,0.3375,800,0.178749993443489,-0.1587500065565109,0.2,0.0135546193029354,16,1642
Bin 4,0.3375,800,0.2750000059604645,-0.0624999940395355,0.2,0.0157965387231178,16,1642
Bin 5,0.3375,800,0.3000000119209289,-0.037499988079071,0.2,0.016211986530917,16,1642
Overall,0.35,4000,0.1687500029802322,-0.1812499970197678,0.2,0.0059225944232307,16,1642
Bin 1,0.35,800,0.0125000001862645,-0.3374999998137355,0.2,0.003930521315388,16,1642
Bin 2,0.35,800,0.0549999997019767,-0.2950000002980232,0.2,0.0080653615961515,16,1642
Bin 3,0.35,800,0.1812500059604644,-0.1687499940395355,0.2,0.0136282877794476,16,1642
Bin 4,0.35,800,0.2800000011920929,-0.0699999988079071,0.2,0.0158844380830297,16,1642
Bin 5,0.35,800,0.3149999976158142,-0.0350000023841858,0.2,0.0164333913018432,16,1642
Overall,0.3625,4000,0.1704999953508377,-0.1920000046491623,0.2,0.0059469553527311,16,1642
Bin 1,0.3625,800,0.0125000001862645,-0.3499999998137355,0.2,0.003930521315388,16,1642
Bin 2,0.3625,800,0.0549999997019767,-0.3075000002980232,0.2,0.0080653615961515,16,1642
Bin 3,0.3625,800,0.1812500059604644,-0.1812499940395355,0.2,0.0136282877794476,16,1642
Bin 4,0.3625,800,0.2849999964237213,-0.0775000035762787,0.2,0.0159698950330704,16,1642
Bin 5,0.3625,800,0.3187499940395355,-0.0437500059604645,0.2,0.0164856080861346,16,1642
Overall,0.375,4000,0.1732500046491623,-0.2017499953508377,0.2,0.0059847775123185,16,1642
Bin 1,0.375,800,0.0125000001862645,-0.3624999998137355,0.2,0.003930521315388,16,1642
Bin 2,0.375,800,0.0549999997019767,-0.3200000002980232,0.2,0.0080653615961515,16,1642
Bin 3,0.375,800,0.1837500035762787,-0.1912499964237213,0.2,0.0137009879321153,16,1642
Bin 4,0.375,800,0.2899999916553497,-0.0850000083446502,0.2,0.0160529485590748,16,1642
Bin 5,0.375,800,0.324999988079071,-0.0500000119209289,0.2,0.0165699112661973,16,1642
Overall,0.3875,4000,0.1762499958276748,-0.2112500041723251,0.2,0.0060254095334597,16,1642
Bin 1,0.3875,800,0.0125000001862645,-0.3749999998137355,0.2,0.003930521315388,16,1642
Bin 2,0.3875,800,0.0549999997019767,-0.3325000002980232,0.2,0.0080653615961515,16,1642
Bin 3,0.3875,800,0.1850000023841858,-0.2024999976158142,0.2,0.0137369802870723,16,1642
Bin 4,0.3875,800,0.2924999892711639,-0.095000010728836,0.2,0.0160935833893953,16,1642
Bin 5,0.3875,800,0.3362500071525574,-0.0512499928474426,0.2,0.0167132168731616,16,1642
Overall,0.4,4000,0.1782499998807907,-0.2217500001192093,0.2,0.0060521397374683,16,1642
Bin 1,0.4,800,0.0125000001862645,-0.3874999998137355,0.2,0.003930521315388,16,1642
Bin 2,0.4,800,0.0549999997019767,-0.3450000002980232,0.2,0.0080653615961515,16,1642
Bin 3,0.4,800,0.1850000023841858,-0.2149999976158142,0.2,0.0137369802870723,16,1642
Bin 4,0.4,800,0.2962499856948852,-0.1037500143051147,0.2,0.0161534382363081,16,1642
Bin 5,0.4,800,0.3425000011920929,-0.0574999988079071,0.2,0.0167882245657852,16,1642
Overall,0.4125,4000,0.179749995470047,-0.232750004529953,0.2,0.0060720014957267,16,1642
Bin 1,0.4125,800,0.0125000001862645,-0.3999999998137355,0.2,0.003930521315388,16,1642
Bin 2,0.4125,800,0.0549999997019767,-0.3575000002980232,0.2,0.0080653615961515,16,1642
Bin 3,0.4125,800,0.1862500011920929,-0.2262499988079071,0.2,0.013772737673349,16,1642
Bin 4,0.4125,800,0.2975000143051147,-0.1149999856948852,0.2,0.0161730986874672,16,1642
Bin 5,0.4125,800,0.3474999964237213,-0.0650000035762787,0.2,0.0168459025279724,16,1642
Overall,0.425,4000,0.1832499951124191,-0.2417500048875809,0.2,0.0061177372583553,16,1642
Bin 1,0.425,800,0.0137499999254941,-0.4112500000745058,0.2,0.0041197556602636,16,1642
Bin 2,0.425,800,0.0549999997019767,-0.3700000002980232,0.2,0.0080653615961515,16,1642
Bin 3,0.425,800,0.1875,-0.2375,0.2,0.013808259037274,16,1642
Bin 4,0.425,800,0.301250010728836,-0.1237499892711639,0.2,0.0162312170842213,16,1642
Bin 5,0.425,800,0.3587499856948852,-0.0662500143051147,0.2,0.016968217950707,16,1642
Overall,0.4375,4000,0.1847500056028366,-0.2527499943971634,0.2,0.0061370816213452,16,1642
Bin 1,0.4375,800,0.0137499999254941,-0.4237500000745058,0.2,0.0041197556602636,16,1642
Bin 2,0.4375,800,0.0549999997019767,-0.3825000002980232,0.2,0.0080653615961515,16,1642
Bin 3,0.4375,800,0.1875,-0.25,0.2,0.013808259037274,16,1642
Bin 4,0.4375,800,0.3037500083446502,-0.1337499916553497,0.2,0.016269243024619,16,1642
Bin 5,0.4375,800,0.363750010728836,-0.0737499892711639,0.2,0.0170193125751568,16,1642
Overall,0.45,4000,0.1877499967813491,-0.2622500032186508,0.2,0.0061753151525804,16,1642
Bin 1,0.45,800,0.0137499999254941,-0.4362500000745058,0.2,0.0041197556602636,16,1642
Bin 2,0.45,800,0.0549999997019767,-0.3950000002980232,0.2,0.0080653615961515,16,1642
Bin 3,0.45,800,0.1899999976158142,-0.2600000023841858,0.2,0.0138786084494659,16,1642
Bin 4,0.45,800,0.3100000023841858,-0.1399999976158142,0.2,0.0163618343824414,16,1642
Bin 5,0.45,800,0.3700000047683716,-0.0799999952316284,0.2,0.0170803875733339,16,1642
Overall,0.4625,4000,0.1909999996423721,-0.2715000003576279,0.2,0.0062160602655836,16,1642
Bin 1,0.4625,800,0.0137499999254941,-0.4487500000745058,0.2,0.0041197556602636,16,1642
Bin 2,0.4625,800,0.0549999997019767,-0.4075000002980232,0.2,0.0080653615961515,16,1642
Bin 3,0.4625,800,0.1899999976158142,-0.2725000023841858,0.2,0.0138786084494659,16,1642
Bin 4,0.4625,800,0.3162499964237213,-0.1462500035762787,0.2,0.0164509328201934,16,1642
Bin 5,0.4625,800,0.3799999952316284,-0.0825000047683716,0.2,0.0171717387601389,16,1642
Overall,0.475,4000,0.1924999952316284,-0.2825000047683716,0.2,0.0062346332478316,16,1642
Bin 1,0.475,800,0.0137499999254941,-0.4612500000745058,0.2,0.0041197556602636,16,1642
Bin 2,0.475,800,0.0549999997019767,-0.4200000002980232,0.2,0.0080653615961515,16,1642
Bin 3,0.475,800,0.1899999976158142,-0.2850000023841858,0.2,0.0138786084494659,16,1642
Bin 4,0.475,800,0.3187499940395355,-0.1562500059604645,0.2,0.0164856080861346,16,1642
Bin 5,0.475,800,0.3849999904632568,-0.0900000095367432,0.2,0.0172145051673229,16,1642
Overall,0.4875,4000,0.1949999928474426,-0.2925000071525574,0.2,0.0062652665347264,16,1642
Bin 1,0.4875,800,0.0137499999254941,-0.4737500000745058,0.2,0.0041197556602636,16,1642
Bin 2,0.4875,800,0.0549999997019767,-0.4325000002980232,0.2,0.0080653615961515,16,1642
Bin 3,0.4875,800,0.1912499964237213,-0.2962500035762787,0.2,0.0139134386050753,16,1642
Bin 4,0.4875,800,0.3224999904632568,-0.1650000095367432,0.2,0.0165365962897918,16,1642
Bin 5,0.4875,800,0.3925000131130218,-0.0949999868869782,0.2,0.0172750607055921,16,1642
Overall,0.5,4000,0.1979999989271164,-0.3020000010728836,0.2,0.0063015021097336,16,1642
Bin 1,0.5,800,0.0137499999254941,-0.4862500000745058,0.2,0.0041197556602636,16,1642
Bin 2,0.5,800,0.0562499985098838,-0.4437500014901161,0.2,0.0081511025105841,16,1642
Bin 3,0.5,800,0.1912499964237213,-0.3087500035762787,0.2,0.0139134386050753,16,1642
Bin 4,0.5,800,0.324999988079071,-0.1750000119209289,0.2,0.0165699112661973,16,1642
Bin 5,0.5,800,0.4037500023841858,-0.0962499976158142,0.2,0.0173578961216554,16,1642
Overall,0.5125000000000001,4000,0.2002499997615814,-0.3122500002384186,0.2,0.0063283095931812,16,1642
Bin 1,0.5125000000000001,800,0.0137499999254941,-0.4987500000745059,0.2,0.0041197556602636,16,1642
Bin 2,0.5125000000000001,800,0.0562499985098838,-0.4562500014901162,0.2,0.0081511025105841,16,1642
Bin 3,0.5125000000000001,800,0.1949999928474426,-0.3175000071525574,0.2,0.0140165740507239,16,1642
Bin 4,0.5125000000000001,800,0.324999988079071,-0.187500011920929,0.2,0.0165699112661973,16,1642
Bin 5,0.5125000000000001,800,0.4112499952316284,-0.1012500047683716,0.2,0.0174078443518257,16,1642
Overall,0.525,4000,0.2014999985694885,-0.3235000014305115,0.2,0.0063430666675199,16,1642
Bin 1,0.525,800,0.0137499999254941,-0.5112500000745058,0.2,0.0041197556602636,16,1642
Bin 2,0.525,800,0.0562499985098838,-0.4687500014901161,0.2,0.0081511025105841,16,1642
Bin 3,0.525,800,0.1949999928474426,-0.3300000071525574,0.2,0.0140165740507239,16,1642
Bin 4,0.525,800,0.3274999856948852,-0.1975000143051147,0.2,0.0166026888702842,16,1642
Bin 5,0.525,800,0.4149999916553497,-0.1100000083446502,0.2,0.0174312537651598,16,1642
Overall,0.5375,4000,0.2032500058412552,-0.3342499941587448,0.2,0.0063635664523662,16,1642
Bin 1,0.5375,800,0.0137499999254941,-0.5237500000745058,0.2,0.0041197556602636,16,1642
Bin 2,0.5375,800,0.0562499985098838,-0.4812500014901161,0.2,0.0081511025105841,16,1642
Bin 3,0.5375,800,0.1949999928474426,-0.3425000071525573,0.2,0.0140165740507239,16,1642
Bin 4,0.5375,800,0.3287500143051147,-0.2087499856948852,0.2,0.016618876421126,16,1642
Bin 5,0.5375,800,0.4225000143051147,-0.1149999856948852,0.2,0.0174749505640247,16,1642
Overall,0.55,4000,0.2052499949932098,-0.3447500050067902,0.2,0.0063867681902814,16,1642
Bin 1,0.55,800,0.0137499999254941,-0.5362500000745059,0.2,0.0041197556602636,16,1642
Bin 2,0.55,800,0.0562499985098838,-0.4937500014901161,0.2,0.0081511025105841,16,1642
Bin 3,0.55,800,0.1962500065565109,-0.3537499934434891,0.2,0.0140505054247888,16,1642
Bin 4,0.55,800,0.3312500119209289,-0.2187499880790711,0.2,0.0166508511277488,16,1642
Bin 5,0.55,800,0.4287500083446502,-0.1212499916553497,0.2,0.0175082107495271,16,1642
Overall,0.5625,4000,0.2070000022649765,-0.3554999977350235,0.2,0.0064068721536108,16,1642
Bin 1,0.5625,800,0.0137499999254941,-0.5487500000745058,0.2,0.0041197556602636,16,1642
Bin 2,0.5625,800,0.0562499985098838,-0.5062500014901161,0.2,0.0081511025105841,16,1642
Bin 3,0.5625,800,0.1962500065565109,-0.3662499934434891,0.2,0.0140505054247888,16,1642
Bin 4,0.5625,800,0.332500010728836,-0.2299999892711639,0.2,0.0166666414445434,16,1642
Bin 5,0.5625,800,0.4362500011920929,-0.1262499988079071,0.2,0.0175443632625085,16,1642
Overall,0.5750000000000001,4000,0.2084999978542328,-0.3665000021457673,0.2,0.0064239598627383,16,1642
Bin 1,0.5750000000000001,800,0.0137499999254941,-0.5612500000745059,0.2,0.0041197556602636,16,1642
Bin 2,0.5750000000000001,800,0.0562499985098838,-0.5187500014901162,0.2,0.0081511025105841,16,1642
Bin 3,0.5750000000000001,800,0.1962500065565109,-0.3787499934434891,0.2,0.0140505054247888,16,1642
Bin 4,0.5750000000000001,800,0.332500010728836,-0.242499989271164,0.2,0.0166666414445434,16,1642
Bin 5,0.5750000000000001,800,0.4437499940395355,-0.1312500059604645,0.2,0.0175764338532117,16,1642
Overall,0.5875,4000,0.2102500051259994,-0.3772499948740005,0.2,0.0064437264353462,16,1642
Bin 1,0.5875,800,0.0137499999254941,-0.5737500000745058,0.2,0.0041197556602636,16,1642
Bin 2,0.5875,800,0.0562499985098838,-0.5312500014901161,0.2,0.0081511025105841,16,1642
Bin 3,0.5875,800,0.1962500065565109,-0.3912499934434891,0.2,0.0140505054247888,16,1642
Bin 4,0.5875,800,0.3362500071525574,-0.2512499928474426,0.2,0.0167132158194904,16,1642
Bin 5,0.5875,800,0.4487499892711639,-0.138750010728836,0.2,0.0175955622004084,16,1642
Overall,0.6000000000000001,4000,0.2125000059604644,-0.3874999940395356,0.2,0.0064688790078803,16,1642
Bin 1,0.6000000000000001,800,0.0137499999254941,-0.5862500000745059,0.2,0.0041197556602636,16,1642
Bin 2,0.6000000000000001,800,0.0562499985098838,-0.5437500014901162,0.2,0.0081511025105841,16,1642
Bin 3,0.6000000000000001,800,0.1962500065565109,-0.4037499934434891,0.2,0.0140505054247888,16,1642
Bin 4,0.6000000000000001,800,0.3400000035762787,-0.2599999964237214,0.2,0.0167586121900214,16,1642
Bin 5,0.6000000000000001,800,0.4562500119209289,-0.1437499880790711,0.2,0.0176208829733225,16,1642
Overall,0.6125,4000,0.2147500067949295,-0.3977499932050705,0.2,0.0064937394264377,16,1642
Bin 1,0.6125,800,0.0137499999254941,-0.5987500000745059,0.2,0.0041197556602636,16,1642
Bin 2,0.6125,800,0.0562499985098838,-0.5562500014901162,0.2,0.0081511025105841,16,1642
Bin 3,0.6125,800,0.197500005364418,-0.414999994635582,0.2,0.014084215527899,16,1642
Bin 4,0.6125,800,0.3425000011920929,-0.2699999988079071,0.2,0.0167882245657852,16,1642
Bin 5,0.6125,800,0.4637500047683716,-0.1487499952316284,0.2,0.0176421787222038,16,1642
Overall,0.625,4000,0.2169999927282333,-0.4080000072717666,0.2,0.0065183105183149,16,1642
Bin 1,0.625,800,0.0137499999254941,-0.6112500000745058,0.2,0.0041197556602636,16,1642
Bin 2,0.625,800,0.0562499985098838,-0.5687500014901161,0.2,0.0081511025105841,16,1642
Bin 3,0.625,800,0.197500005364418,-0.4274999946355819,0.2,0.014084215527899,16,1642
Bin 4,0.625,800,0.3449999988079071,-0.2800000011920929,0.2,0.0168173206426547,16,1642
Bin 5,0.625,800,0.4724999964237213,-0.1525000035762787,0.2,0.0176619550771964,16,1642
Overall,0.6375000000000001,4000,0.2189999967813491,-0.4185000032186509,0.2,0.0065399115351671,16,1642
Bin 1,0.6375000000000001,800,0.0137499999254941,-0.6237500000745059,0.2,0.0041197556602636,16,1642
Bin 2,0.6375000000000001,800,0.0562499985098838,-0.5812500014901162,0.2,0.0081511025105841,16,1642
Bin 3,0.6375000000000001,800,0.1987500041723251,-0.4387499958276749,0.2,0.0141177085747394,16,1642
Bin 4,0.6375000000000001,800,0.3462499976158142,-0.2912500023841858,0.2,0.0168316748055863,16,1642
Bin 5,0.6375000000000001,800,0.4799999892711639,-0.1575000107288361,0.2,0.0176745727899693,16,1642
Overall,0.65,4000,0.2207500040531158,-0.4292499959468842,0.2,0.0065586296519713,16,1642
Bin 1,0.65,800,0.0137499999254941,-0.6362500000745058,0.2,0.0041197556602636,16,1642
Bin 2,0.65,800,0.0562499985098838,-0.5937500014901161,0.2,0.0081511025105841,16,1642
Bin 3,0.65,800,0.1987500041723251,-0.4512499958276749,0.2,0.0141177085747394,16,1642
Bin 4,0.65,800,0.3487499952316284,-0.3012500047683716,0.2,0.0168600017024705,16,1642
Bin 5,0.65,800,0.4862500131130218,-0.1637499868869781,0.2,0.0176820380505118,16,1642
Overall,0.6625000000000001,4000,0.2217500060796737,-0.4407499939203263,0.2,0.0065692485065942,16,1642
Bin 1,0.6625000000000001,800,0.0137499999254941,-0.6487500000745059,0.2,0.0041197556602636,16,1642
Bin 2,0.6625000000000001,800,0.0562499985098838,-0.6062500014901162,0.2,0.0081511025105841,16,1642
Bin 3,0.6625000000000001,800,0.1987500041723251,-0.4637499958276749,0.2,0.0141177085747394,16,1642
Bin 4,0.6625000000000001,800,0.3499999940395355,-0.3125000059604645,0.2,0.016873969168067,16,1642
Bin 5,0.6625000000000001,800,0.4900000095367431,-0.1724999904632569,0.2,0.0176851906347804,16,1642
Overall,0.675,4000,0.22325000166893,-0.45174999833107,0.2,0.0065850738278124,16,1642
Bin 1,0.675,800,0.0137499999254941,-0.6612500000745059,0.2,0.0041197556602636,16,1642
Bin 2,0.675,800,0.0562499985098838,-0.6187500014901162,0.2,0.0081511025105841,16,1642
Bin 3,0.675,800,0.1987500041723251,-0.4762499958276749,0.2,0.0141177085747394,16,1642
Bin 4,0.675,800,0.3524999916553497,-0.3225000083446503,0.2,0.0169015310996507,16,1642
Bin 5,0.675,800,0.4950000047683716,-0.1799999952316284,0.2,0.0176878437788942,16,1642
Overall,0.6875,4000,0.2252500057220459,-0.4622499942779541,0.2,0.0066059840418744,16,1642
Bin 1,0.6875,800,0.0137499999254941,-0.6737500000745058,0.2,0.0041197556602636,16,1642
Bin 2,0.6875,800,0.0575000010430812,-0.6299999989569187,0.2,0.0082357133626409,16,1642
Bin 3,0.6875,800,0.1987500041723251,-0.4887499958276748,0.2,0.0141177085747394,16,1642
Bin 4,0.6875,800,0.3537499904632568,-0.3337500095367431,0.2,0.0169151202972818,16,1642
Bin 5,0.6875,800,0.5024999976158142,-0.1850000023841858,0.2,0.0176885075917582,16,1642
Overall,0.7000000000000001,4000,0.2262499928474426,-0.4737500071525574,0.2,0.0066163564504814,16,1642
Bin 1,0.7000000000000001,800,0.0137499999254941,-0.6862500000745059,0.2,0.0041197556602636,16,1642
Bin 2,0.7000000000000001,800,0.0587499998509883,-0.6412500001490117,0.2,0.0083192294503077,16,1642
Bin 3,0.7000000000000001,800,0.1987500041723251,-0.5012499958276749,0.2,0.0141177085747394,16,1642
Bin 4,0.7000000000000001,800,0.3549999892711639,-0.3450000107288361,0.2,0.0169285830543674,16,1642
Bin 5,0.7000000000000001,800,0.5049999952316284,-0.1950000047683716,0.2,0.0176878437788942,16,1642
Overall,0.7125,4000,0.2269999980926513,-0.4855000019073486,0.2,0.0066241013581619,16,1642
Bin 1,0.7125,800,0.0137499999254941,-0.6987500000745058,0.2,0.0041197556602636,16,1642
Bin 2,0.7125,800,0.0587499998509883,-0.6537500001490116,0.2,0.0083192294503077,16,1642
Bin 3,0.7125,800,0.1987500041723251,-0.5137499958276749,0.2,0.0141177085747394,16,1642
Bin 4,0.7125,800,0.356249988079071,-0.356250011920929,0.2,0.0169419214782499,16,1642
Bin 5,0.7125,800,0.5074999928474426,-0.2050000071525574,0.2,0.0176867374241208,16,1642
Overall,0.7250000000000001,4000,0.2284999936819076,-0.4965000063180924,0.2,0.0066394992863851,16,1642
Bin 1,0.7250000000000001,800,0.0137499999254941,-0.7112500000745059,0.2,0.0041197556602636,16,1642
Bin 2,0.7250000000000001,800,0.0587499998509883,-0.6662500001490117,0.2,0.0083192294503077,16,1642
Bin 3,0.7250000000000001,800,0.1987500041723251,-0.526249995827675,0.2,0.0141177085747394,16,1642
Bin 4,0.7250000000000001,800,0.356249988079071,-0.368750011920929,0.2,0.0169419214782499,16,1642
Bin 5,0.7250000000000001,800,0.5149999856948853,-0.2100000143051148,0.2,0.0176807652156868,16,1642
Overall,0.7375,4000,0.2290000021457672,-0.5084999978542328,0.2,0.0066446063263852,16,1642
Bin 1,0.7375,800,0.0137499999254941,-0.7237500000745059,0.2,0.0041197556602636,16,1642
Bin 2,0.7375,800,0.0587499998509883,-0.6787500001490117,0.2,0.0083192294503077,16,1642
Bin 3,0.7375,800,0.1987500041723251,-0.5387499958276749,0.2,0.0141177085747394,16,1642
Bin 4,0.7375,800,0.3574999868869781,-0.3800000131130219,0.2,0.0169551324079156,16,1642
Bin 5,0.7375,800,0.5162500143051147,-0.2212499856948853,0.2,0.0176793827990556,16,1642
Overall,0.75,4000,0.2302500009536743,-0.5197499990463257,0.2,0.0066573126682936,16,1642
Bin 1,0.75,800,0.0137499999254941,-0.7362500000745058,0.2,0.0041197556602636,16,1642
Bin 2,0.75,800,0.0587499998509883,-0.6912500001490116,0.2,0.0083192294503077,16,1642
Bin 3,0.75,800,0.1987500041723251,-0.5512499958276749,0.2,0.0141177085747394,16,1642
Bin 4,0.75,800,0.3574999868869781,-0.3925000131130218,0.2,0.0169551324079156,16,1642
Bin 5,0.75,800,0.5224999785423279,-0.2275000214576721,0.2,0.0176708090763973,16,1642
Overall,0.7625000000000001,4000,0.2307499945163726,-0.5317500054836274,0.2,0.0066623725866845,16,1642
Bin 1,0.7625000000000001,800,0.0137499999254941,-0.7487500000745059,0.2,0.0041197556602636,16,1642
Bin 2,0.7625000000000001,800,0.0587499998509883,-0.7037500001490117,0.2,0.0083192294503077,16,1642
Bin 3,0.7625000000000001,800,0.1987500041723251,-0.5637499958276749,0.2,0.0141177085747394,16,1642
Bin 4,0.7625000000000001,800,0.3574999868869781,-0.4050000131130219,0.2,0.0169551324079156,16,1642
Bin 5,0.7625000000000001,800,0.5249999761581421,-0.2375000238418579,0.2,0.0176666038745871,16,1642
Overall,0.775,4000,0.2314999997615814,-0.5435000002384186,0.2,0.0066699360761698,16,1642
Bin 1,0.775,800,0.0137499999254941,-0.7612500000745058,0.2,0.0041197556602636,16,1642
Bin 2,0.775,800,0.0587499998509883,-0.7162500001490116,0.2,0.0083192294503077,16,1642
Bin 3,0.775,800,0.1987500041723251,-0.5762499958276749,0.2,0.0141177085747394,16,1642
Bin 4,0.775,800,0.3574999868869781,-0.4175000131130219,0.2,0.0169551324079156,16,1642
Bin 5,0.775,800,0.5287500023841858,-0.2462499976158142,0.2,0.0176594631447781,16,1642
Overall,0.7875000000000001,4000,0.2325000017881393,-0.5549999982118607,0.2,0.0066799767486483,16,1642
Bin 1,0.7875000000000001,800,0.0137499999254941,-0.7737500000745059,0.2,0.0041197556602636,16,1642
Bin 2,0.7875000000000001,800,0.0587499998509883,-0.7287500001490117,0.2,0.0083192294503077,16,1642
Bin 3,0.7875000000000001,800,0.1987500041723251,-0.588749995827675,0.2,0.0141177085747394,16,1642
Bin 4,0.7875000000000001,800,0.3574999868869781,-0.4300000131130219,0.2,0.0169551324079156,16,1642
Bin 5,0.7875000000000001,800,0.5337499976158142,-0.2537500023841859,0.2,0.0176483848456471,16,1642
Overall,0.8,4000,0.2329999953508377,-0.5670000046491623,0.2,0.0066849777650278,16,1642
Bin 1,0.8,800,0.0137499999254941,-0.7862500000745059,0.2,0.0041197556602636,16,1642
Bin 2,0.8,800,0.0587499998509883,-0.7412500001490117,0.2,0.0083192294503077,16,1642
Bin 3,0.8,800,0.1987500041723251,-0.6012499958276749,0.2,0.0141177085747394,16,1642
Bin 4,0.8,800,0.3574999868869781,-0.4425000131130219,0.2,0.0169551324079156,16,1642
Bin 5,0.8,800,0.5362499952316284,-0.2637500047683716,0.2,0.017642179775875,16,1642
Overall,0.8125,4000,0.2337500005960464,-0.5787499994039536,0.2,0.0066924536083201,16,1642
Bin 1,0.8125,800,0.0137499999254941,-0.7987500000745058,0.2,0.0041197556602636,16,1642
Bin 2,0.8125,800,0.0587499998509883,-0.7537500001490116,0.2,0.0083192294503077,16,1642
Bin 3,0.8125,800,0.1987500041723251,-0.6137499958276749,0.2,0.0141177085747394,16,1642
Bin 4,0.8125,800,0.3574999868869781,-0.4550000131130218,0.2,0.0169551324079156,16,1642
Bin 5,0.8125,800,0.5400000214576721,-0.2724999785423279,0.2,0.0176320339757673,16,1642
Overall,0.8250000000000001,4000,0.2337500005960464,-0.5912499994039536,0.2,0.0066924536083201,16,1642
Bin 1,0.8250000000000001,800,0.0137499999254941,-0.8112500000745059,0.2,0.0041197556602636,16,1642
Bin 2,0.8250000000000001,800,0.0587499998509883,-0.7662500001490117,0.2,0.0083192294503077,16,1642
Bin 3,0.8250000000000001,800,0.1987500041723251,-0.6262499958276749,0.2,0.0141177085747394,16,1642
Bin 4,0.8250000000000001,800,0.3574999868869781,-0.4675000131130219,0.2,0.0169551324079156,16,1642
Bin 5,0.8250000000000001,800,0.5400000214576721,-0.2849999785423279,0.2,0.0176320339757673,16,1642
Overall,0.8375,4000,0.2339999973773956,-0.6035000026226044,0.2,0.0066949383307707,16,1642
Bin 1,0.8375,800,0.0137499999254941,-0.8237500000745058,0.2,0.0041197556602636,16,1642
Bin 2,0.8375,800,0.0587499998509883,-0.7787500001490116,0.2,0.0083192294503077,16,1642
Bin 3,0.8375,800,0.1987500041723251,-0.6387499958276749,0.2,0.0141177085747394,16,1642
Bin 4,0.8375,800,0.3574999868869781,-0.4800000131130219,0.2,0.0169551324079156,16,1642
Bin 5,0.8375,800,0.5412499904632568,-0.2962500095367432,0.2,0.0176284293665484,16,1642
Overall,0.8500000000000001,4000,0.2342499941587448,-0.6157500058412553,0.2,0.006697420697141,16,1642
Bin 1,0.8500000000000001,800,0.0137499999254941,-0.8362500000745059,0.2,0.0041197556602636,16,1642
Bin 2,0.8500000000000001,800,0.0587499998509883,-0.7912500001490117,0.2,0.0083192294503077,16,1642
Bin 3,0.8500000000000001,800,0.1987500041723251,-0.651249995827675,0.2,0.0141177085747394,16,1642
Bin 4,0.8500000000000001,800,0.3574999868869781,-0.4925000131130219,0.2,0.0169551324079156,16,1642
Bin 5,0.8500000000000001,800,0.5425000190734863,-0.3074999809265137,0.2,0.0176247120145097,16,1642
Overall,0.8625,4000,0.2345000058412552,-0.6279999941587449,0.2,0.0066999002362146,16,1642
Bin 1,0.8625,800,0.0137499999254941,-0.8487500000745059,0.2,0.0041197556602636,16,1642
Bin 2,0.8625,800,0.0587499998509883,-0.8037500001490117,0.2,0.0083192294503077,16,1642
Bin 3,0.8625,800,0.1987500041723251,-0.6637499958276749,0.2,0.0141177085747394,16,1642
Bin 4,0.8625,800,0.3574999868869781,-0.5050000131130219,0.2,0.0169551324079156,16,1642
Bin 5,0.8625,800,0.543749988079071,-0.318750011920929,0.2,0.0176208829733225,16,1642
Overall,0.875,4000,0.2345000058412552,-0.6404999941587448,0.2,0.0066999002362146,16,1642
Bin 1,0.875,800,0.0137499999254941,-0.8612500000745058,0.2,0.0041197556602636,16,1642
Bin 2,0.875,800,0.0587499998509883,-0.8162500001490116,0.2,0.0083192294503077,16,1642
Bin 3,0.875,800,0.1987500041723251,-0.6762499958276749,0.2,0.0141177085747394,16,1642
Bin 4,0.875,800,0.3574999868869781,-0.5175000131130219,0.2,0.0169551324079156,16,1642
Bin 5,0.875,800,0.543749988079071,-0.3312500119209289,0.2,0.0176208829733225,16,1642
Overall,0.8875000000000001,4000,0.2345000058412552,-0.6529999941587449,0.2,0.0066999002362146,16,1642
Bin 1,0.8875000000000001,800,0.0137499999254941,-0.8737500000745059,0.2,0.0041197556602636,16,1642
Bin 2,0.8875000000000001,800,0.0587499998509883,-0.8287500001490117,0.2,0.0083192294503077,16,1642
Bin 3,0.8875000000000001,800,0.1987500041723251,-0.6887499958276749,0.2,0.0141177085747394,16,1642
Bin 4,0.8875000000000001,800,0.3574999868869781,-0.5300000131130219,0.2,0.0169551324079156,16,1642
Bin 5,0.8875000000000001,800,0.543749988079071,-0.343750011920929,0.2,0.0176208829733225,16,1642
Overall,0.9,4000,0.2345000058412552,-0.6654999941587448,0.2,0.0066999002362146,16,1642
Bin 1,0.9,800,0.0137499999254941,-0.8862500000745058,0.2,0.0041197556602636,16,1642
Bin 2,0.9,800,0.0587499998509883,-0.8412500001490116,0.2,0.0083192294503077,16,1642
Bin 3,0.9,800,0.1987500041723251,-0.7012499958276749,0.2,0.0141177085747394,16,1642
Bin 4,0.9,800,0.3574999868869781,-0.5425000131130219,0.2,0.0169551324079156,16,1642
Bin 5,0.9,800,0.543749988079071,-0.356250011920929,0.2,0.0176208829733225,16,1642
Overall,0.9125,4000,0.2345000058412552,-0.6779999941587449,0.2,0.0066999002362146,16,1642
Bin 1,0.9125,800,0.0137499999254941,-0.8987500000745059,0.2,0.0041197556602636,16,1642
Bin 2,0.9125,800,0.0587499998509883,-0.8537500001490117,0.2,0.0083192294503077,16,1642
Bin 3,0.9125,800,0.1987500041723251,-0.713749995827675,0.2,0.0141177085747394,16,1642
Bin 4,0.9125,800,0.3574999868869781,-0.5550000131130219,0.2,0.0169551324079156,16,1642
Bin 5,0.9125,800,0.543749988079071,-0.368750011920929,0.2,0.0176208829733225,16,1642
Overall,0.925,4000,0.2347500026226043,-0.6902499973773957,0.2,0.0067023760055596,16,1642
Bin 1,0.925,800,0.0137499999254941,-0.911250000074506,0.2,0.0041197556602636,16,1642
Bin 2,0.925,800,0.0587499998509883,-0.8662500001490117,0.2,0.0083192294503077,16,1642
Bin 3,0.925,800,0.1987500041723251,-0.7262499958276749,0.2,0.0141177085747394,16,1642
Bin 4,0.925,800,0.3574999868869781,-0.5675000131130219,0.2,0.0169551324079156,16,1642
Bin 5,0.925,800,0.5450000166893005,-0.3799999833106995,0.2,0.0176169443503291,16,1642
Overall,0.9375,4000,0.2347500026226043,-0.7027499973773956,0.2,0.0067023760055596,16,1642
Bin 1,0.9375,800,0.0137499999254941,-0.9237500000745058,0.2,0.0041197556602636,16,1642
Bin 2,0.9375,800,0.0587499998509883,-0.8787500001490116,0.2,0.0083192294503077,16,1642
Bin 3,0.9375,800,0.1987500041723251,-0.7387499958276749,0.2,0.0141177085747394,16,1642
Bin 4,0.9375,800,0.3574999868869781,-0.5800000131130219,0.2,0.0169551324079156,16,1642
Bin 5,0.9375,800,0.5450000166893005,-0.3924999833106994,0.2,0.0176169443503291,16,1642
Overall,0.95,4000,0.2347500026226043,-0.7152499973773957,0.2,0.0067023760055596,16,1642
Bin 1,0.95,800,0.0137499999254941,-0.936250000074506,0.2,0.0041197556602636,16,1642
Bin 2,0.95,800,0.0587499998509883,-0.8912500001490117,0.2,0.0083192294503077,16,1642
Bin 3,0.95,800,0.1987500041723251,-0.7512499958276749,0.2,0.0141177085747394,16,1642
Bin 4,0.95,800,0.3574999868869781,-0.5925000131130219,0.2,0.0169551324079156,16,1642
Bin 5,0.95,800,0.5450000166893005,-0.4049999833106995,0.2,0.0176169443503291,16,1642
Overall,0.9625,4000,0.2347500026226043,-0.7277499973773957,0.2,0.0067023760055596,16,1642
Bin 1,0.9625,800,0.0137499999254941,-0.9487500000745058,0.2,0.0041197556602636,16,1642
Bin 2,0.9625,800,0.0587499998509883,-0.9037500001490116,0.2,0.0083192294503077,16,1642
Bin 3,0.9625,800,0.1987500041723251,-0.7637499958276749,0.2,0.0141177085747394,16,1642
Bin 4,0.9625,800,0.3574999868869781,-0.6050000131130219,0.2,0.0169551324079156,16,1642
Bin 5,0.9625,800,0.5450000166893005,-0.4174999833106995,0.2,0.0176169443503291,16,1642
Overall,0.975,4000,0.2347500026226043,-0.7402499973773957,0.2,0.0067023760055596,16,1642
Bin 1,0.975,800,0.0137499999254941,-0.961250000074506,0.2,0.0041197556602636,16,1642
Bin 2,0.975,800,0.0587499998509883,-0.9162500001490116,0.2,0.0083192294503077,16,1642
Bin 3,0.975,800,0.1987500041723251,-0.776249995827675,0.2,0.0141177085747394,16,1642
Bin 4,0.975,800,0.3574999868869781,-0.6175000131130219,0.2,0.0169551324079156,16,1642
Bin 5,0.975,800,0.5450000166893005,-0.4299999833106995,0.2,0.0176169443503291,16,1642
Overall,0.9875,4000,0.2347500026226043,-0.7527499973773957,0.2,0.0067023760055596,16,1642
Bin 1,0.9875,800,0.0137499999254941,-0.973750000074506,0.2,0.0041197556602636,16,1642
Bin 2,0.9875,800,0.0587499998509883,-0.9287500001490115,0.2,0.0083192294503077,16,1642
Bin 3,0.9875,800,0.1987500041723251,-0.7887499958276749,0.2,0.0141177085747394,16,1642
Bin 4,0.9875,800,0.3574999868869781,-0.6300000131130219,0.2,0.0169551324079156,16,1642
Bin 5,0.9875,800,0.5450000166893005,-0.4424999833106995,0.2,0.0176169443503291,16,1642
Overall,1.0,4000,0.2347500026226043,-0.7652499973773956,0.2,0.0067023760055596,16,1642
Bin 1,1.0,800,0.0137499999254941,-0.9862500000745058,0.2,0.0041197556602636,16,1642
Bin 2,1.0,800,0.0587499998509883,-0.9412500001490116,0.2,0.0083192294503077,16,1642
Bin 3,1.0,800,0.1987500041723251,-0.8012499958276749,0.2,0.0141177085747394,16,1642
Bin 4,1.0,800,0.3574999868869781,-0.6425000131130219,0.2,0.0169551324079156,16,1642
Bin 5,1.0,800,0.5450000166893005,-0.4549999833106994,0.2,0.0176169443503291,16,1642
Overall,0.0,4000,0.0,0.0,0.1375,0.0,17,1742
Bin 1,0.0,800,0.0,0.0,0.1375,0.0,17,1742
Bin 2,0.0,800,0.0,0.0,0.1375,0.0,17,1742
Bin 3,0.0,800,0.0,0.0,0.1375,0.0,17,1742
Bin 4,0.0,800,0.0,0.0,0.1375,0.0,17,1742
Bin 5,0.0,800,0.0,0.0,0.1375,0.0,17,1742
Overall,0.0125,4000,0.0067500001750886,-0.0057499998249113,0.1375,0.0012948081653502,17,1742
Bin 1,0.0125,800,0.0024999999441206,-0.0100000000558793,0.1375,0.0017666604928258,17,1742
Bin 2,0.0125,800,0.0037499999161809,-0.008750000083819,0.1375,0.0021623520970944,17,1742
Bin 3,0.0125,800,0.0074999998323619,-0.005000000167638,0.1375,0.0030522671300426,17,1742
Bin 4,0.0125,800,0.0074999998323619,-0.005000000167638,0.1375,0.0030522671300426,17,1742
Bin 5,0.0125,800,0.0125000001862645,1.8626451422920626e-10,0.1375,0.003930521315388,17,1742
Overall,0.025,4000,0.0140000004321336,-0.0109999995678663,0.1375,0.0018579188163924,17,1742
Bin 1,0.025,800,0.0049999998882412,-0.0200000001117587,0.1375,0.002495302058745,17,1742
Bin 2,0.025,800,0.0074999998323619,-0.017500000167638,0.1375,0.0030522671300426,17,1742
Bin 3,0.025,800,0.0137499999254941,-0.0112500000745058,0.1375,0.0041197556602636,17,1742
Bin 4,0.025,800,0.0175000000745058,-0.0074999999254941,0.1375,0.0046388670664068,17,1742
Bin 5,0.025,800,0.0262499991804361,0.0012499991804361,0.1375,0.0056560733526831,17,1742
Overall,0.0375,4000,0.0209999997168779,-0.016500000283122,0.1375,0.0022673851020396,17,1742
Bin 1,0.0375,800,0.0062500000931322,-0.0312499999068677,0.1375,0.0027880793566108,17,1742
Bin 2,0.0375,800,0.0137499999254941,-0.0237500000745058,0.1375,0.0041197556602636,17,1742
Bin 3,0.0375,800,0.018750000745058,-0.0187499992549419,0.1375,0.004798627856701,17,1742
Bin 4,0.0375,800,0.0237499997019767,-0.0137500002980232,0.1375,0.0053868998704903,17,1742
Bin 5,0.0375,800,0.0425000004470348,0.0050000004470348,0.1375,0.0071365851932427,17,1742
Overall,0.05,4000,0.0274999998509883,-0.0225000001490116,0.1375,0.0025860414498219,17,1742
Bin 1,0.05,800,0.0062500000931322,-0.0437499999068677,0.1375,0.0027880793566108,17,1742
Bin 2,0.05,800,0.0162499994039535,-0.0337500005960464,0.1375,0.0044729665339558,17,1742
Bin 3,0.05,800,0.0287500005215406,-0.0212499994784593,0.1375,0.0059116813448471,17,1742
Bin 4,0.05,800,0.03125,-0.01875,0.1375,0.0061554170966212,17,1742
Bin 5,0.05,800,0.0549999997019767,0.0049999997019767,0.1375,0.0080653621229871,17,1742
Overall,0.0625,4000,0.0370000004768371,-0.0254999995231628,0.1375,0.0029849583852198,17,1742
Bin 1,0.0625,800,0.0074999998323619,-0.055000000167638,0.1375,0.0030522671300426,17,1742
Bin 2,0.0625,800,0.018750000745058,-0.0437499992549419,0.1375,0.004798627856701,17,1742
Bin 3,0.0625,800,0.0450000017881393,-0.0174999982118606,0.1375,0.0073338925035328,17,1742
Bin 4,0.0625,800,0.0425000004470348,-0.0199999995529651,0.1375,0.0071365851932427,17,1742
Bin 5,0.0625,800,0.0712499991059303,0.0087499991059303,0.1375,0.0091005677477557,17,1742
Overall,0.075,4000,0.0492499992251396,-0.0257500007748603,0.1375,0.003421846855706,17,1742
Bin 1,0.075,800,0.0087500000372529,-0.0662499999627471,0.1375,0.0032947484862379,17,1742
Bin 2,0.075,800,0.0199999995529651,-0.0550000004470348,0.1375,0.0049528442290735,17,1742
Bin 3,0.075,800,0.0649999976158142,-0.0100000023841858,0.1375,0.008721458425907,17,1742
Bin 4,0.075,800,0.0662499964237213,-0.0087500035762786,0.1375,0.0087990307542625,17,1742
Bin 5,0.075,800,0.0862499997019767,0.0112499997019767,0.1375,0.0099316150920086,17,1742
Overall,0.0875,4000,0.0570000000298023,-0.0304999999701976,0.1375,0.0036662119813205,17,1742
Bin 1,0.0875,800,0.0112500004470348,-0.0762499995529651,0.1375,0.0037311788391504,17,1742
Bin 2,0.0875,800,0.0225000008940696,-0.0649999991059303,0.1375,0.0052465787872361,17,1742
Bin 3,0.0875,800,0.0750000029802322,-0.0124999970197677,0.1375,0.0093181160820431,17,1742
Bin 4,0.0875,800,0.0750000029802322,-0.0124999970197677,0.1375,0.0093181160820431,17,1742
Bin 5,0.0875,800,0.1012500002980232,0.0137500002980232,0.1375,0.0106719455595267,17,1742
Overall,0.1,4000,0.0659999996423721,-0.0340000003576278,0.1375,0.0039261757732132,17,1742
Bin 1,0.1,800,0.0112500004470348,-0.0887499995529651,0.1375,0.0037311788391504,17,1742
Bin 2,0.1,800,0.0237499997019767,-0.0762500002980232,0.1375,0.0053868998704903,17,1742
Bin 3,0.1,800,0.0862499997019767,-0.0137500002980232,0.1375,0.0099316150920086,17,1742
Bin 4,0.1,800,0.0900000035762786,-0.0099999964237213,0.1375,0.0101243831867141,17,1742
Bin 5,0.1,800,0.1187499985098838,0.0187499985098838,0.1375,0.0114443993013086,17,1742
Overall,0.1125,4000,0.0729999989271164,-0.0395000010728836,0.1375,0.0041136335451009,17,1742
Bin 1,0.1125,800,0.0112500004470348,-0.1012499995529651,0.1375,0.0037311788391504,17,1742
Bin 2,0.1125,800,0.0262499991804361,-0.0862500008195638,0.1375,0.0056560733526831,17,1742
Bin 3,0.1125,800,0.0962499976158142,-0.0162500023841857,0.1375,0.0104340065799297,17,1742
Bin 4,0.1125,800,0.1024999991059303,-0.0100000008940696,0.1375,0.0107301493036491,17,1742
Bin 5,0.1125,800,0.1287499964237213,0.0162499964237213,0.1375,0.011848725609457,17,1742
Overall,0.125,4000,0.0827500000596046,-0.0422499999403953,0.1375,0.0043566448668844,17,1742
Bin 1,0.125,800,0.0112500004470348,-0.1137499995529651,0.1375,0.0037311788391504,17,1742
Bin 2,0.125,800,0.0274999998509883,-0.0975000001490116,0.1375,0.0057854583824199,17,1742
Bin 3,0.125,800,0.1087500005960464,-0.0162499994039535,0.1375,0.0110138966392214,17,1742
Bin 4,0.125,800,0.1137500032782554,-0.0112499967217445,0.1375,0.0112326040118429,17,1742
Bin 5,0.125,800,0.1525000035762787,0.0275000035762786,0.1375,0.0127183678765626,17,1742
Overall,0.1375,4000,0.0895000025629997,-0.0479999974370002,0.1375,0.0045141479030491,17,1742
Bin 1,0.1375,800,0.0125000001862645,-0.1249999998137355,0.1375,0.0039305210519702,17,1742
Bin 2,0.1375,800,0.0287500005215406,-0.1087499994784593,0.1375,0.0059116813448471,17,1742
Bin 3,0.1375,800,0.1187499985098838,-0.0187500014901161,0.1375,0.0114443993013086,17,1742
Bin 4,0.1375,800,0.125,-0.0125,0.1375,0.0116999935957469,17,1742
Bin 5,0.1375,800,0.1624999940395355,0.0249999940395355,0.1375,0.0130510571862969,17,1742
Overall,0.15,4000,0.0965000018477439,-0.053499998152256,0.1375,0.0046693028694296,17,1742
Bin 1,0.15,800,0.0125000001862645,-0.1374999998137355,0.1375,0.0039305210519702,17,1742
Bin 2,0.15,800,0.0287500005215406,-0.1212499994784593,0.1375,0.0059116813448471,17,1742
Bin 3,0.15,800,0.1237500011920929,-0.0262499988079071,0.1375,0.0116496597219127,17,1742
Bin 4,0.15,800,0.1462499946355819,-0.003750005364418,0.1375,0.0125008606354524,17,1742
Bin 5,0.15,800,0.1712500005960464,0.0212500005960464,0.1375,0.0133276532553482,17,1742
Overall,0.1625,4000,0.1017500013113021,-0.0607499986886978,0.1375,0.0047806851594188,17,1742
Bin 1,0.1625,800,0.0125000001862645,-0.1499999998137355,0.1375,0.0039305210519702,17,1742
Bin 2,0.1625,800,0.0299999993294477,-0.1325000006705522,0.1375,0.0060349419106597,17,1742
Bin 3,0.1625,800,0.1324999928474426,-0.0300000071525573,0.1375,0.0119941438272029,17,1742
Bin 4,0.1625,800,0.1574999988079071,-0.0050000011920929,0.1375,0.0128870005784683,17,1742
Bin 5,0.1625,800,0.1762499958276748,0.0137499958276748,0.1375,0.0134799688048529,17,1742
Overall,0.175,4000,0.1077499985694885,-0.0672500014305114,0.1375,0.0049031617610671,17,1742
Bin 1,0.175,800,0.0125000001862645,-0.1624999998137355,0.1375,0.0039305210519702,17,1742
Bin 2,0.175,800,0.03125,-0.14375,0.1375,0.0061554170966212,17,1742
Bin 3,0.175,800,0.1424999982118606,-0.0325000017881393,0.1375,0.0123666229229452,17,1742
Bin 4,0.175,800,0.1724999994039535,-0.0025000005960464,0.1375,0.0133661143619568,17,1742
Bin 5,0.175,800,0.1800000071525573,0.0050000071525573,0.1375,0.013591574713381,17,1742
Overall,0.1875,4000,0.1124999970197677,-0.0750000029802322,0.1375,0.0049967170038812,17,1742
Bin 1,0.1875,800,0.0125000001862645,-0.1749999998137354,0.1375,0.0039305210519702,17,1742
Bin 2,0.1875,800,0.0324999988079071,-0.1550000011920929,0.1375,0.0062732670607562,17,1742
Bin 3,0.1875,800,0.1525000035762787,-0.0349999964237213,0.1375,0.0127183678765626,17,1742
Bin 4,0.1875,800,0.1774999946355819,-0.010000005364418,0.1375,0.0135174183870973,17,1742
Bin 5,0.1875,800,0.1875,0.0,0.1375,0.013808259037274,17,1742
Overall,0.2,4000,0.1185000017285347,-0.0814999982714653,0.1375,0.0051108676884082,17,1742
Bin 1,0.2,800,0.0125000001862645,-0.1874999998137355,0.1375,0.0039305210519702,17,1742
Bin 2,0.2,800,0.0362499989569187,-0.1637500010430813,0.1375,0.0066124559413666,17,1742
Bin 3,0.2,800,0.1587499976158142,-0.0412500023841858,0.1375,0.0129284372525818,17,1742
Bin 4,0.2,800,0.1862500011920929,-0.0137499988079071,0.1375,0.0137727366196778,17,1742
Bin 5,0.2,800,0.1987500041723251,-0.0012499958276748,0.1375,0.0141177085747394,17,1742
Overall,0.2125,4000,0.123999997973442,-0.0885000020265579,0.1375,0.0052117932221101,17,1742
Bin 1,0.2125,800,0.0125000001862645,-0.1999999998137355,0.1375,0.0039305210519702,17,1742
Bin 2,0.2125,800,0.0362499989569187,-0.1762500010430813,0.1375,0.0066124559413666,17,1742
Bin 3,0.2125,800,0.1599999964237213,-0.0525000035762787,0.1375,0.012969590489139,17,1742
Bin 4,0.2125,800,0.2049999982118606,-0.0075000017881393,0.1375,0.0142819369309758,17,1742
Bin 5,0.2125,800,0.2062499970197677,-0.0062500029802322,0.1375,0.014314146606279,17,1742
Overall,0.225,4000,0.1284999996423721,-0.0965000003576278,0.1375,0.0052918749832188,17,1742
Bin 1,0.225,800,0.0125000001862645,-0.2124999998137355,0.1375,0.0039305210519702,17,1742
Bin 2,0.225,800,0.0362499989569187,-0.1887500010430813,0.1375,0.0066124559413666,17,1742
Bin 3,0.225,800,0.1624999940395355,-0.0625000059604644,0.1375,0.0130510571862969,17,1742
Bin 4,0.225,800,0.2137500047683715,-0.0112499952316284,0.1375,0.0145030719620715,17,1742
Bin 5,0.225,800,0.2175000011920929,-0.0074999988079071,0.1375,0.0145948098462116,17,1742
Overall,0.2375,4000,0.1340000033378601,-0.1034999966621399,0.1375,0.0053868598956546,17,1742
Bin 1,0.2375,800,0.0137499999254941,-0.2237500000745058,0.1375,0.0041197556602636,17,1742
Bin 2,0.2375,800,0.0375000014901161,-0.1999999985098839,0.1375,0.0067211347512655,17,1742
Bin 3,0.2375,800,0.1650000065565109,-0.072499993443489,0.1375,0.0131314238507087,17,1742
Bin 4,0.2375,800,0.2262499928474426,-0.0112500071525573,0.1375,0.014802027987929,17,1742
Bin 5,0.2375,800,0.2275000065565109,-0.009999993443489,0.1375,0.0148308669690226,17,1742
Overall,0.25,4000,0.1377499997615814,-0.1122500002384185,0.1375,0.0054498765660083,17,1742
Bin 1,0.25,800,0.0137499999254941,-0.2362500000745058,0.1375,0.0041197556602636,17,1742
Bin 2,0.25,800,0.0375000014901161,-0.2124999985098838,0.1375,0.0067211347512655,17,1742
Bin 3,0.25,800,0.1700000017881393,-0.0799999982118606,0.1375,0.0132889329456212,17,1742
Bin 4,0.25,800,0.2337500005960464,-0.0162499994039535,0.1375,0.0149722706994478,17,1742
Bin 5,0.25,800,0.2337500005960464,-0.0162499994039535,0.1375,0.0149722706994478,17,1742
Overall,0.2625,4000,0.1420000046491623,-0.1204999953508377,0.1375,0.0055196570721399,17,1742
Bin 1,0.2625,800,0.0137499999254941,-0.2487500000745058,0.1375,0.0041197556602636,17,1742
Bin 2,0.2625,800,0.0387500002980232,-0.2237499997019768,0.1375,0.0068277973612989,17,1742
Bin 3,0.2625,800,0.1724999994039535,-0.0900000005960464,0.1375,0.0133661143619568,17,1742
Bin 4,0.2625,800,0.2450000047683715,-0.0174999952316284,0.1375,0.0152153905803981,17,1742
Bin 5,0.2625,800,0.2399999946355819,-0.022500005364418,0.1375,0.0151091162482066,17,1742
Overall,0.275,4000,0.1455000042915344,-0.1294999957084656,0.1375,0.0055758594865938,17,1742
Bin 1,0.275,800,0.0137499999254941,-0.2612500000745058,0.1375,0.0041197556602636,17,1742
Bin 2,0.275,800,0.0387500002980232,-0.2362499997019768,0.1375,0.0068277973612989,17,1742
Bin 3,0.275,800,0.1774999946355819,-0.097500005364418,0.1375,0.0135174183870973,17,1742
Bin 4,0.275,800,0.2537499964237213,-0.0212500035762787,0.1375,0.0153947201524559,17,1742
Bin 5,0.275,800,0.2437500059604644,-0.0312499940395355,0.1375,0.0151890856785712,17,1742
Overall,0.2875,4000,0.1494999974966049,-0.1380000025033951,0.1375,0.005638739975497,17,1742
Bin 1,0.2875,800,0.0137499999254941,-0.2737500000745058,0.1375,0.0041197556602636,17,1742
Bin 2,0.2875,800,0.0399999991059303,-0.2475000008940697,0.1375,0.0069325380750401,17,1742
Bin 3,0.2875,800,0.1812500059604644,-0.1062499940395355,0.1375,0.0136282877794476,17,1742
Bin 4,0.2875,800,0.2587499916553497,-0.0287500083446503,0.1375,0.0154934849699139,17,1742
Bin 5,0.2875,800,0.2537499964237213,-0.0337500035762787,0.1375,0.0153947212061271,17,1742
Overall,0.3,4000,0.1522500067949295,-0.1477499932050705,0.1375,0.005681157434409,17,1742
Bin 1,0.3,800,0.0137499999254941,-0.2862500000745058,0.1375,0.0041197556602636,17,1742
Bin 2,0.3,800,0.0399999991059303,-0.2600000008940697,0.1375,0.0069325380750401,17,1742
Bin 3,0.3,800,0.1812500059604644,-0.1187499940395355,0.1375,0.0136282877794476,17,1742
Bin 4,0.3,800,0.262499988079071,-0.037500011920929,0.1375,0.0155658300353828,17,1742
Bin 5,0.3,800,0.2637499868869781,-0.0362500131130218,0.1375,0.015589620877696,17,1742
Overall,0.3125,4000,0.1544999927282333,-0.1580000072717666,0.1375,0.0057153828015697,17,1742
Bin 1,0.3125,800,0.0137499999254941,-0.2987500000745058,0.1375,0.0041197556602636,17,1742
Bin 2,0.3125,800,0.0399999991059303,-0.2725000008940696,0.1375,0.0069325380750401,17,1742
Bin 3,0.3125,800,0.1825000047683715,-0.1299999952316284,0.1375,0.0136647574474641,17,1742
Bin 4,0.3125,800,0.2675000131130218,-0.0449999868869781,0.1375,0.0156600187587638,17,1742
Bin 5,0.3125,800,0.2687500119209289,-0.043749988079071,0.1375,0.0156831679153084,17,1742
Overall,0.325,4000,0.1560000032186508,-0.1689999967813492,0.1375,0.0057379639478923,17,1742
Bin 1,0.325,800,0.0137499999254941,-0.3112500000745058,0.1375,0.0041197556602636,17,1742
Bin 2,0.325,800,0.0399999991059303,-0.2850000008940697,0.1375,0.0069325380750401,17,1742
Bin 3,0.325,800,0.1850000023841858,-0.1399999976158142,0.1375,0.0137369802870723,17,1742
Bin 4,0.325,800,0.2712500095367431,-0.0537499904632568,0.1375,0.0157289868079958,17,1742
Bin 5,0.325,800,0.270000010728836,-0.0549999892711639,0.1375,0.0157061579674998,17,1742
Overall,0.3375,4000,0.158500000834465,-0.178999999165535,0.1375,0.0057751862493951,17,1742
Bin 1,0.3375,800,0.0137499999254941,-0.3237500000745058,0.1375,0.0041197556602636,17,1742
Bin 2,0.3375,800,0.0412500016391277,-0.2962499983608723,0.1375,0.0070354396056795,17,1742
Bin 3,0.3375,800,0.1850000023841858,-0.1524999976158142,0.1375,0.0137369802870723,17,1742
Bin 4,0.3375,800,0.2775000035762787,-0.0599999964237213,0.1375,0.0158407971287391,17,1742
Bin 5,0.3375,800,0.2750000059604645,-0.0624999940395355,0.1375,0.015796539776789,17,1742
Overall,0.35,4000,0.1622499972581863,-0.1877500027418137,0.1375,0.0058300716148732,17,1742
Bin 1,0.35,800,0.0137499999254941,-0.3362500000745058,0.1375,0.0041197556602636,17,1742
Bin 2,0.35,800,0.0412500016391277,-0.3087499983608723,0.1375,0.0070354396056795,17,1742
Bin 3,0.35,800,0.1850000023841858,-0.1649999976158142,0.1375,0.0137369802870723,17,1742
Bin 4,0.35,800,0.2800000011920929,-0.0699999988079071,0.1375,0.0158844380830297,17,1742
Bin 5,0.35,800,0.2912499904632568,-0.0587500095367432,0.1375,0.0160733392043843,17,1742
Overall,0.3625,4000,0.1647499948740005,-0.1977500051259995,0.1375,0.0058660433088691,17,1742
Bin 1,0.3625,800,0.0137499999254941,-0.3487500000745058,0.1375,0.0041197556602636,17,1742
Bin 2,0.3625,800,0.0412500016391277,-0.3212499983608723,0.1375,0.0070354396056795,17,1742
Bin 3,0.3625,800,0.1862500011920929,-0.1762499988079071,0.1375,0.0137727366196778,17,1742
Bin 4,0.3625,800,0.2849999964237213,-0.0775000035762787,0.1375,0.0159698950330704,17,1742
Bin 5,0.3625,800,0.2975000143051147,-0.0649999856948853,0.1375,0.0161730986874672,17,1742
Overall,0.375,4000,0.168500006198883,-0.2064999938011169,0.1375,0.0059190961149672,17,1742
Bin 1,0.375,800,0.0137499999254941,-0.3612500000745058,0.1375,0.0041197556602636,17,1742
Bin 2,0.375,800,0.0425000004470348,-0.3324999995529651,0.1375,0.0071365851932427,17,1742
Bin 3,0.375,800,0.1912499964237213,-0.1837500035762787,0.1375,0.0139134386050753,17,1742
Bin 4,0.375,800,0.2887499928474426,-0.0862500071525573,0.1375,0.016032408292453,17,1742
Bin 5,0.375,800,0.3062500059604645,-0.0687499940395355,0.1375,0.0163067041972467,17,1742
Overall,0.3875,4000,0.1712500005960464,-0.2162499994039535,0.1375,0.0059573263476898,17,1742
Bin 1,0.3875,800,0.0137499999254941,-0.3737500000745058,0.1375,0.0041197556602636,17,1742
Bin 2,0.3875,800,0.0437499992549419,-0.343750000745058,0.1375,0.0072360464873724,17,1742
Bin 3,0.3875,800,0.1924999952316284,-0.1950000047683716,0.1375,0.013948042221374,17,1742
Bin 4,0.3875,800,0.2949999868869781,-0.0925000131130218,0.1375,0.016133634485864,17,1742
Bin 5,0.3875,800,0.3112500011920929,-0.0762499988079071,0.1375,0.0163799332928632,17,1742
Overall,0.4,4000,0.1735000014305114,-0.2264999985694885,0.1375,0.0059881891168212,17,1742
Bin 1,0.4,800,0.0149999996647238,-0.3850000003352761,0.1375,0.0043002171386218,17,1742
Bin 2,0.4,800,0.0437499992549419,-0.3562500007450581,0.1375,0.0072360464873724,17,1742
Bin 3,0.4,800,0.1924999952316284,-0.2075000047683716,0.1375,0.013948042221374,17,1742
Bin 4,0.4,800,0.2987500131130218,-0.1012499868869781,0.1375,0.0161926137319989,17,1742
Bin 5,0.4,800,0.3174999952316284,-0.0825000047683716,0.1375,0.0164683384149572,17,1742
Overall,0.4125,4000,0.1777500063180923,-0.2347499936819077,0.1375,0.0060454838101753,17,1742
Bin 1,0.4125,800,0.0149999996647238,-0.3975000003352761,0.1375,0.0043002171386218,17,1742
Bin 2,0.4125,800,0.0437499992549419,-0.3687500007450581,0.1375,0.0072360464873724,17,1742
Bin 3,0.4125,800,0.1924999952316284,-0.2200000047683716,0.1375,0.013948042221374,17,1742
Bin 4,0.4125,800,0.3050000071525574,-0.1074999928474426,0.1375,0.0162880426263973,17,1742
Bin 5,0.4125,800,0.332500010728836,-0.0799999892711639,0.1375,0.0166666414445434,17,1742
Overall,0.425,4000,0.1809999942779541,-0.2440000057220459,0.1375,0.0060884332720547,17,1742
Bin 1,0.425,800,0.0149999996647238,-0.4100000003352761,0.1375,0.0043002171386218,17,1742
Bin 2,0.425,800,0.0437499992549419,-0.3812500007450581,0.1375,0.0072360464873724,17,1742
Bin 3,0.425,800,0.1962500065565109,-0.2287499934434891,0.1375,0.0140505043711176,17,1742
Bin 4,0.425,800,0.3075000047683716,-0.1174999952316284,0.1375,0.01632522141514,17,1742
Bin 5,0.425,800,0.3425000011920929,-0.0824999988079071,0.1375,0.0167882245657852,17,1742
Overall,0.4375,4000,0.1829999983310699,-0.25450000166893,0.1375,0.0061144995325903,17,1742
Bin 1,0.4375,800,0.0149999996647238,-0.4225000003352761,0.1375,0.0043002171386218,17,1742
Bin 2,0.4375,800,0.0437499992549419,-0.393750000745058,0.1375,0.0072360464873724,17,1742
Bin 3,0.4375,800,0.197500005364418,-0.2399999946355819,0.1375,0.014084215527899,17,1742
Bin 4,0.4375,800,0.3087500035762787,-0.1287499964237213,0.1375,0.0163435974410907,17,1742
Bin 5,0.4375,800,0.3499999940395355,-0.0875000059604644,0.1375,0.0168739702217382,17,1742
Overall,0.45,4000,0.184249997138977,-0.2657500028610229,0.1375,0.0061306504641278,17,1742
Bin 1,0.45,800,0.0149999996647238,-0.4350000003352761,0.1375,0.0043002171386218,17,1742
Bin 2,0.45,800,0.0437499992549419,-0.406250000745058,0.1375,0.0072360464873724,17,1742
Bin 3,0.45,800,0.1987500041723251,-0.2512499958276749,0.1375,0.0141177085747394,17,1742
Bin 4,0.45,800,0.3100000023841858,-0.1399999976158142,0.1375,0.0163618343824414,17,1742
Bin 5,0.45,800,0.3537499904632568,-0.0962500095367431,0.1375,0.0169151192436106,17,1742
Overall,0.4625,4000,0.1854999959468841,-0.2770000040531158,0.1375,0.006146696785693,17,1742
Bin 1,0.4625,800,0.0149999996647238,-0.4475000003352761,0.1375,0.0043002171386218,17,1742
Bin 2,0.4625,800,0.0437499992549419,-0.4187500007450581,0.1375,0.0072360464873724,17,1742
Bin 3,0.4625,800,0.1987500041723251,-0.2637499958276749,0.1375,0.0141177085747394,17,1742
Bin 4,0.4625,800,0.3112500011920929,-0.1512499988079071,0.1375,0.016379932239192,17,1742
Bin 5,0.4625,800,0.3587499856948852,-0.1037500143051147,0.1375,0.016968217950707,17,1742
Overall,0.475,4000,0.1870000064373016,-0.2879999935626984,0.1375,0.0061658135513106,17,1742
Bin 1,0.475,800,0.0149999996647238,-0.4600000003352761,0.1375,0.0043002171386218,17,1742
Bin 2,0.475,800,0.0437499992549419,-0.4312500007450581,0.1375,0.0072360464873724,17,1742
Bin 3,0.475,800,0.1987500041723251,-0.2762499958276749,0.1375,0.0141177085747394,17,1742
Bin 4,0.475,800,0.3137499988079071,-0.1612500011920929,0.1375,0.0164157085915504,17,1742
Bin 5,0.475,800,0.363750010728836,-0.1112499892711639,0.1375,0.0170193125751568,17,1742
Overall,0.4875,4000,0.1895000040531158,-0.2979999959468842,0.1375,0.0061973416775633,17,1742
Bin 1,0.4875,800,0.0149999996647238,-0.4725000003352761,0.1375,0.0043002171386218,17,1742
Bin 2,0.4875,800,0.0437499992549419,-0.4437500007450581,0.1375,0.0072360464873724,17,1742
Bin 3,0.4875,800,0.2000000029802322,-0.2874999970197678,0.1375,0.0141509824579676,17,1742
Bin 4,0.4875,800,0.3162499964237213,-0.1712500035762787,0.1375,0.0164509338738646,17,1742
Bin 5,0.4875,800,0.3725000023841858,-0.1149999976158142,0.1375,0.0171039581983636,17,1742
Overall,0.5,4000,0.1922499984502792,-0.3077500015497207,0.1375,0.0062315481960803,17,1742
Bin 1,0.5,800,0.0149999996647238,-0.4850000003352761,0.1375,0.0043002171386218,17,1742
Bin 2,0.5,800,0.0437499992549419,-0.456250000745058,0.1375,0.0072360464873724,17,1742
Bin 3,0.5,800,0.2025000005960464,-0.2974999994039535,0.1375,0.0142168864313129,17,1742
Bin 4,0.5,800,0.3187499940395355,-0.1812500059604644,0.1375,0.0164856080861346,17,1742
Bin 5,0.5,800,0.3812499940395355,-0.1187500059604644,0.1375,0.0171826105397123,17,1742
Overall,0.5125000000000001,4000,0.1944999992847442,-0.3180000007152558,0.1375,0.0062591722970146,17,1742
Bin 1,0.5125000000000001,800,0.0149999996647238,-0.4975000003352762,0.1375,0.0043002171386218,17,1742
Bin 2,0.5125000000000001,800,0.0437499992549419,-0.4687500007450581,0.1375,0.0072360464873724,17,1742
Bin 3,0.5125000000000001,800,0.2037499994039535,-0.3087500005960465,0.1375,0.01424951652143,17,1742
Bin 4,0.5125000000000001,800,0.3199999928474426,-0.1925000071525574,0.1375,0.016502739726383,17,1742
Bin 5,0.5125000000000001,800,0.3899999856948852,-0.1225000143051148,0.1375,0.0172553528392284,17,1742
Overall,0.525,4000,0.1987500041723251,-0.3262499958276749,0.1375,0.0063104731216843,17,1742
Bin 1,0.525,800,0.0149999996647238,-0.5100000003352761,0.1375,0.0043002171386218,17,1742
Bin 2,0.525,800,0.0437499992549419,-0.4812500007450581,0.1375,0.0072360464873724,17,1742
Bin 3,0.525,800,0.2062499970197677,-0.3187500029802322,0.1375,0.014314146606279,17,1742
Bin 4,0.525,800,0.3287500143051147,-0.1962499856948852,0.1375,0.016618876421126,17,1742
Bin 5,0.525,800,0.4000000059604645,-0.1249999940395355,0.1375,0.0173313436070936,17,1742
Overall,0.5375,4000,0.2004999965429306,-0.3370000034570694,0.1375,0.0063312678878039,17,1742
Bin 1,0.5375,800,0.0149999996647238,-0.5225000003352761,0.1375,0.0043002171386218,17,1742
Bin 2,0.5375,800,0.0437499992549419,-0.493750000745058,0.1375,0.0072360464873724,17,1742
Bin 3,0.5375,800,0.2062499970197677,-0.3312500029802322,0.1375,0.014314146606279,17,1742
Bin 4,0.5375,800,0.332500010728836,-0.2049999892711639,0.1375,0.0166666414445434,17,1742
Bin 5,0.5375,800,0.4050000011920929,-0.132499998807907,0.1375,0.0173665130448335,17,1742
Overall,0.55,4000,0.2025000005960464,-0.3474999994039536,0.1375,0.0063548046603602,17,1742
Bin 1,0.55,800,0.0149999996647238,-0.5350000003352762,0.1375,0.0043002171386218,17,1742
Bin 2,0.55,800,0.0437499992549419,-0.5062500007450581,0.1375,0.0072360464873724,17,1742
Bin 3,0.55,800,0.2087499946355819,-0.3412500053644181,0.1375,0.0143779400761851,17,1742
Bin 4,0.55,800,0.3350000083446502,-0.2149999916553497,0.1375,0.0166978216830718,17,1742
Bin 5,0.55,800,0.4099999964237213,-0.1400000035762787,0.1375,0.0173998122161707,17,1742
Overall,0.5625,4000,0.2037499994039535,-0.3587500005960464,0.1375,0.0063693897408255,17,1742
Bin 1,0.5625,800,0.0149999996647238,-0.5475000003352761,0.1375,0.0043002171386218,17,1742
Bin 2,0.5625,800,0.0437499992549419,-0.5187500007450581,0.1375,0.0072360464873724,17,1742
Bin 3,0.5625,800,0.2087499946355819,-0.353750005364418,0.1375,0.0143779400761851,17,1742
Bin 4,0.5625,800,0.3375000059604645,-0.2249999940395355,0.1375,0.0167284782470074,17,1742
Bin 5,0.5625,800,0.4137499928474426,-0.1487500071525573,0.1375,0.0174235661799915,17,1742
Overall,0.5750000000000001,4000,0.2052499949932098,-0.3697500050067902,0.1375,0.0063867686614975,17,1742
Bin 1,0.5750000000000001,800,0.0149999996647238,-0.5600000003352762,0.1375,0.0043002171386218,17,1742
Bin 2,0.5750000000000001,800,0.0450000017881393,-0.5299999982118607,0.1375,0.0073338925035328,17,1742
Bin 3,0.5750000000000001,800,0.2087499946355819,-0.3662500053644181,0.1375,0.0143779400761851,17,1742
Bin 4,0.5750000000000001,800,0.3375000059604645,-0.2374999940395356,0.1375,0.0167284782470074,17,1742
Bin 5,0.5750000000000001,800,0.4199999868869781,-0.1550000131130219,0.1375,0.0174608450674993,17,1742
Overall,0.5875,4000,0.2067500054836273,-0.3807499945163727,0.1375,0.0064040114007191,17,1742
Bin 1,0.5875,800,0.0149999996647238,-0.5725000003352761,0.1375,0.0043002171386218,17,1742
Bin 2,0.5875,800,0.0450000017881393,-0.5424999982118607,0.1375,0.0073338925035328,17,1742
Bin 3,0.5875,800,0.209999993443489,-0.3775000065565109,0.1375,0.0144095301928152,17,1742
Bin 4,0.5875,800,0.3400000035762787,-0.2474999964237213,0.1375,0.0167586121900214,17,1742
Bin 5,0.5875,800,0.4237500131130218,-0.1637499868869781,0.1375,0.0174818299833729,17,1742
Overall,0.6000000000000001,4000,0.2092500030994415,-0.3907499969005585,0.1375,0.0064324535327883,17,1742
Bin 1,0.6000000000000001,800,0.0149999996647238,-0.5850000003352762,0.1375,0.0043002171386218,17,1742
Bin 2,0.6000000000000001,800,0.0450000017881393,-0.5549999982118607,0.1375,0.0073338925035328,17,1742
Bin 3,0.6000000000000001,800,0.2112500071525573,-0.3887499928474427,0.1375,0.0144409137898877,17,1742
Bin 4,0.6000000000000001,800,0.3449999988079071,-0.255000001192093,0.1375,0.0168173206426547,17,1742
Bin 5,0.6000000000000001,800,0.4300000071525574,-0.1699999928474427,0.1375,0.0175145201327492,17,1742
Overall,0.6125,4000,0.2102500051259994,-0.4022499948740006,0.1375,0.0064437264353462,17,1742
Bin 1,0.6125,800,0.0149999996647238,-0.5975000003352762,0.1375,0.0043002171386218,17,1742
Bin 2,0.6125,800,0.0450000017881393,-0.5674999982118607,0.1375,0.0073338925035328,17,1742
Bin 3,0.6125,800,0.2112500071525573,-0.4012499928474426,0.1375,0.0144409137898877,17,1742
Bin 4,0.6125,800,0.3462499976158142,-0.2662500023841858,0.1375,0.0168316748055863,17,1742
Bin 5,0.6125,800,0.4337500035762787,-0.1787499964237213,0.1375,0.0175327655034695,17,1742
Overall,0.625,4000,0.2117500007152557,-0.4132499992847442,0.1375,0.0064605271738739,17,1742
Bin 1,0.625,800,0.0149999996647238,-0.6100000003352761,0.1375,0.0043002171386218,17,1742
Bin 2,0.625,800,0.0450000017881393,-0.5799999982118607,0.1375,0.0073338925035328,17,1742
Bin 3,0.625,800,0.2112500071525573,-0.4137499928474426,0.1375,0.0144409137898877,17,1742
Bin 4,0.625,800,0.3462499976158142,-0.2787500023841858,0.1375,0.0168316748055863,17,1742
Bin 5,0.625,800,0.4412499964237213,-0.1837500035762787,0.1375,0.0175661963837084,17,1742
Overall,0.6375000000000001,4000,0.2134999930858612,-0.4240000069141388,0.1375,0.0064799643664338,17,1742
Bin 1,0.6375000000000001,800,0.0149999996647238,-0.6225000003352762,0.1375,0.0043002171386218,17,1742
Bin 2,0.6375000000000001,800,0.0450000017881393,-0.5924999982118607,0.1375,0.0073338925035328,17,1742
Bin 3,0.6375000000000001,800,0.2112500071525573,-0.4262499928474427,0.1375,0.0144409137898877,17,1742
Bin 4,0.6375000000000001,800,0.3462499976158142,-0.2912500023841858,0.1375,0.0168316748055863,17,1742
Bin 5,0.6375000000000001,800,0.449999988079071,-0.187500011920929,0.1375,0.0176000613764869,17,1742
Overall,0.65,4000,0.2142499983310699,-0.4357500016689301,0.1375,0.0064882398634334,17,1742
Bin 1,0.65,800,0.0149999996647238,-0.6350000003352761,0.1375,0.0043002171386218,17,1742
Bin 2,0.65,800,0.0450000017881393,-0.6049999982118607,0.1375,0.0073338925035328,17,1742
Bin 3,0.65,800,0.2112500071525573,-0.4387499928474426,0.1375,0.0144409137898877,17,1742
Bin 4,0.65,800,0.3474999964237213,-0.3025000035762787,0.1375,0.0168459025279724,17,1742
Bin 5,0.65,800,0.4524999856948852,-0.1975000143051147,0.1375,0.0176087278222119,17,1742
Overall,0.6625000000000001,4000,0.2157499939203262,-0.4467500060796738,0.1375,0.0065046956717821,17,1742
Bin 1,0.6625000000000001,800,0.0149999996647238,-0.6475000003352762,0.1375,0.0043002171386218,17,1742
Bin 2,0.6625000000000001,800,0.0450000017881393,-0.6174999982118607,0.1375,0.0073338925035328,17,1742
Bin 3,0.6625000000000001,800,0.2112500071525573,-0.4512499928474427,0.1375,0.0144409137898877,17,1742
Bin 4,0.6625000000000001,800,0.3537499904632568,-0.3087500095367432,0.1375,0.0169151202972818,17,1742
Bin 5,0.6625000000000001,800,0.4537500143051147,-0.2087499856948853,0.1375,0.0176128908771736,17,1742
Overall,0.675,4000,0.2160000056028366,-0.4589999943971634,0.1375,0.0065074249553843,17,1742
Bin 1,0.675,800,0.0149999996647238,-0.6600000003352762,0.1375,0.0043002171386218,17,1742
Bin 2,0.675,800,0.0450000017881393,-0.6299999982118607,0.1375,0.0073338925035328,17,1742
Bin 3,0.675,800,0.2112500071525573,-0.4637499928474426,0.1375,0.0144409137898877,17,1742
Bin 4,0.675,800,0.3537499904632568,-0.3212500095367432,0.1375,0.0169151202972818,17,1742
Bin 5,0.675,800,0.4550000131130218,-0.2199999868869782,0.1375,0.0176169443503291,17,1742
Overall,0.6875,4000,0.2172500044107437,-0.4702499955892563,0.1375,0.0065210228381378,17,1742
Bin 1,0.6875,800,0.0149999996647238,-0.6725000003352761,0.1375,0.0043002171386218,17,1742
Bin 2,0.6875,800,0.0450000017881393,-0.6424999982118607,0.1375,0.0073338925035328,17,1742
Bin 3,0.6875,800,0.2112500071525573,-0.4762499928474426,0.1375,0.0144409137898877,17,1742
Bin 4,0.6875,800,0.3537499904632568,-0.3337500095367431,0.1375,0.0169151202972818,17,1742
Bin 5,0.6875,800,0.4612500071525574,-0.2262499928474426,0.1375,0.0176355268958376,17,1742
Overall,0.7000000000000001,4000,0.2195000052452087,-0.4804999947547913,0.1375,0.0065452768015854,17,1742
Bin 1,0.7000000000000001,800,0.0149999996647238,-0.6850000003352762,0.1375,0.0043002171386218,17,1742
Bin 2,0.7000000000000001,800,0.0450000017881393,-0.6549999982118607,0.1375,0.0073338925035328,17,1742
Bin 3,0.7000000000000001,800,0.2112500071525573,-0.4887499928474427,0.1375,0.0144409137898877,17,1742
Bin 4,0.7000000000000001,800,0.3574999868869781,-0.3425000131130219,0.1375,0.0169551324079156,17,1742
Bin 5,0.7000000000000001,800,0.46875,-0.23125,0.1375,0.0176541463198385,17,1742
Overall,0.7125,4000,0.2197500020265579,-0.4927499979734421,0.1375,0.0065479537802014,17,1742
Bin 1,0.7125,800,0.0149999996647238,-0.6975000003352761,0.1375,0.0043002171386218,17,1742
Bin 2,0.7125,800,0.0450000017881393,-0.6674999982118607,0.1375,0.0073338925035328,17,1742
Bin 3,0.7125,800,0.2112500071525573,-0.5012499928474426,0.1375,0.0144409137898877,17,1742
Bin 4,0.7125,800,0.3574999868869781,-0.3550000131130219,0.1375,0.0169551324079156,17,1742
Bin 5,0.7125,800,0.4699999988079071,-0.2425000011920929,0.1375,0.0176568595232114,17,1742
Overall,0.7250000000000001,4000,0.2214999943971634,-0.5035000056028367,0.1375,0.0065665983872953,17,1742
Bin 1,0.7250000000000001,800,0.0149999996647238,-0.7100000003352762,0.1375,0.0043002171386218,17,1742
Bin 2,0.7250000000000001,800,0.0450000017881393,-0.6799999982118607,0.1375,0.0073338925035328,17,1742
Bin 3,0.7250000000000001,800,0.2112500071525573,-0.5137499928474427,0.1375,0.0144409137898877,17,1742
Bin 4,0.7250000000000001,800,0.3587499856948852,-0.3662500143051148,0.1375,0.016968217950707,17,1742
Bin 5,0.7250000000000001,800,0.4774999916553497,-0.2475000083446503,0.1375,0.0176708101300685,17,1742
Overall,0.7375,4000,0.22325000166893,-0.51424999833107,0.1375,0.0065850733565963,17,1742
Bin 1,0.7375,800,0.0149999996647238,-0.7225000003352762,0.1375,0.0043002171386218,17,1742
Bin 2,0.7375,800,0.0450000017881393,-0.6924999982118607,0.1375,0.0073338925035328,17,1742
Bin 3,0.7375,800,0.2112500071525573,-0.5262499928474427,0.1375,0.0144409137898877,17,1742
Bin 4,0.7375,800,0.3612500131130218,-0.3762499868869782,0.1375,0.0169940139293381,17,1742
Bin 5,0.7375,800,0.4837499856948852,-0.2537500143051148,0.1375,0.0176793827990556,17,1742
Overall,0.75,4000,0.2242500036954879,-0.525749996304512,0.1375,0.0065955560297687,17,1742
Bin 1,0.75,800,0.0149999996647238,-0.7350000003352761,0.1375,0.0043002171386218,17,1742
Bin 2,0.75,800,0.0450000017881393,-0.7049999982118607,0.1375,0.0073338925035328,17,1742
Bin 3,0.75,800,0.2112500071525573,-0.5387499928474426,0.1375,0.0144409137898877,17,1742
Bin 4,0.75,800,0.3625000119209289,-0.387499988079071,0.1375,0.017006725418849,17,1742
Bin 5,0.75,800,0.4875000119209289,-0.262499988079071,0.1375,0.0176831991961883,17,1742
Overall,0.7625000000000001,4000,0.225500002503395,-0.536999997496605,0.1375,0.0066085818561871,17,1742
Bin 1,0.7625000000000001,800,0.0149999996647238,-0.7475000003352762,0.1375,0.0043002171386218,17,1742
Bin 2,0.7625000000000001,800,0.0450000017881393,-0.7174999982118607,0.1375,0.0073338925035328,17,1742
Bin 3,0.7625000000000001,800,0.2112500071525573,-0.5512499928474427,0.1375,0.0144409137898877,17,1742
Bin 4,0.7625000000000001,800,0.3625000119209289,-0.3999999880790711,0.1375,0.017006725418849,17,1742
Bin 5,0.7625000000000001,800,0.4937500059604645,-0.2687499940395356,0.1375,0.0176873464460817,17,1742
Overall,0.775,4000,0.2262499928474426,-0.5487500071525574,0.1375,0.0066163564504814,17,1742
Bin 1,0.775,800,0.0149999996647238,-0.7600000003352761,0.1375,0.0043002171386218,17,1742
Bin 2,0.775,800,0.0450000017881393,-0.7299999982118607,0.1375,0.0073338925035328,17,1742
Bin 3,0.775,800,0.2112500071525573,-0.5637499928474426,0.1375,0.0144409137898877,17,1742
Bin 4,0.775,800,0.3625000119209289,-0.412499988079071,0.1375,0.017006725418849,17,1742
Bin 5,0.775,800,0.4975000023841858,-0.2774999976158142,0.1375,0.0176885075917582,17,1742
Overall,0.7875000000000001,4000,0.2267500013113021,-0.5607499986886979,0.1375,0.006621522863709,17,1742
Bin 1,0.7875000000000001,800,0.0149999996647238,-0.7725000003352762,0.1375,0.0043002171386218,17,1742
Bin 2,0.7875000000000001,800,0.0450000017881393,-0.7424999982118607,0.1375,0.0073338925035328,17,1742
Bin 3,0.7875000000000001,800,0.2112500071525573,-0.5762499928474427,0.1375,0.0144409137898877,17,1742
Bin 4,0.7875000000000001,800,0.3625000119209289,-0.4249999880790711,0.1375,0.017006725418849,17,1742
Bin 5,0.7875000000000001,800,0.5,-0.2875000000000001,0.1375,0.0176887288627129,17,1742
Overall,0.8,4000,0.2272499948740005,-0.5727500051259995,0.1375,0.0066266765541022,17,1742
Bin 1,0.8,800,0.0149999996647238,-0.7850000003352762,0.1375,0.0043002171386218,17,1742
Bin 2,0.8,800,0.0450000017881393,-0.7549999982118607,0.1375,0.0073338925035328,17,1742
Bin 3,0.8,800,0.2112500071525573,-0.5887499928474427,0.1375,0.0144409137898877,17,1742
Bin 4,0.8,800,0.3625000119209289,-0.4374999880790711,0.1375,0.017006725418849,17,1742
Bin 5,0.8,800,0.5024999976158142,-0.2975000023841858,0.1375,0.0176885075917582,17,1742
Overall,0.8125,4000,0.2275000065565109,-0.5849999934434891,0.1375,0.0066292475090976,17,1742
Bin 1,0.8125,800,0.0149999996647238,-0.7975000003352761,0.1375,0.0043002171386218,17,1742
Bin 2,0.8125,800,0.0450000017881393,-0.7674999982118607,0.1375,0.0073338925035328,17,1742
Bin 3,0.8125,800,0.2112500071525573,-0.6012499928474426,0.1375,0.0144409137898877,17,1742
Bin 4,0.8125,800,0.3625000119209289,-0.449999988079071,0.1375,0.017006725418849,17,1742
Bin 5,0.8125,800,0.5037500262260437,-0.3087499737739563,0.1375,0.0176882315299005,17,1742
Overall,0.8250000000000001,4000,0.2282499969005584,-0.5967500030994416,0.1375,0.0066369415254402,17,1742
Bin 1,0.8250000000000001,800,0.0149999996647238,-0.8100000003352762,0.1375,0.0043002171386218,17,1742
Bin 2,0.8250000000000001,800,0.0450000017881393,-0.7799999982118607,0.1375,0.0073338925035328,17,1742
Bin 3,0.8250000000000001,800,0.2112500071525573,-0.6137499928474427,0.1375,0.0144409137898877,17,1742
Bin 4,0.8250000000000001,800,0.3650000095367431,-0.4599999904632569,0.1375,0.0170317743445903,17,1742
Bin 5,0.8250000000000001,800,0.5049999952316284,-0.3200000047683716,0.1375,0.0176878437788942,17,1742
Overall,0.8375,4000,0.2292499989271164,-0.6082500010728836,0.1375,0.0066471537205761,17,1742
Bin 1,0.8375,800,0.0149999996647238,-0.8225000003352761,0.1375,0.0043002171386218,17,1742
Bin 2,0.8375,800,0.0450000017881393,-0.7924999982118607,0.1375,0.0073338925035328,17,1742
Bin 3,0.8375,800,0.2112500071525573,-0.6262499928474426,0.1375,0.0144409137898877,17,1742
Bin 4,0.8375,800,0.3650000095367431,-0.4724999904632568,0.1375,0.0170317743445903,17,1742
Bin 5,0.8375,800,0.5099999904632568,-0.3275000095367432,0.1375,0.017685188527438,17,1742
Overall,0.8500000000000001,4000,0.2294999957084655,-0.6205000042915345,0.1375,0.0066496987586865,17,1742
Bin 1,0.8500000000000001,800,0.0149999996647238,-0.8350000003352762,0.1375,0.0043002171386218,17,1742
Bin 2,0.8500000000000001,800,0.0450000017881393,-0.8049999982118607,0.1375,0.0073338925035328,17,1742
Bin 3,0.8500000000000001,800,0.2112500071525573,-0.6387499928474427,0.1375,0.0144409137898877,17,1742
Bin 4,0.8500000000000001,800,0.3650000095367431,-0.4849999904632569,0.1375,0.0170317743445903,17,1742
Bin 5,0.8500000000000001,800,0.5112500190734863,-0.3387499809265137,0.1375,0.0176842507600586,17,1742
Overall,0.8625,4000,0.2302500009536743,-0.6322499990463257,0.1375,0.0066573126682936,17,1742
Bin 1,0.8625,800,0.0149999996647238,-0.8475000003352762,0.1375,0.0043002171386218,17,1742
Bin 2,0.8625,800,0.0450000017881393,-0.8174999982118607,0.1375,0.0073338925035328,17,1742
Bin 3,0.8625,800,0.2112500071525573,-0.6512499928474427,0.1375,0.0144409137898877,17,1742
Bin 4,0.8625,800,0.3650000095367431,-0.4974999904632569,0.1375,0.0170317743445903,17,1742
Bin 5,0.8625,800,0.5149999856948853,-0.3475000143051148,0.1375,0.0176807652156868,17,1742
Overall,0.875,4000,0.231000006198883,-0.6439999938011169,0.1375,0.0066648968912869,17,1742
Bin 1,0.875,800,0.0149999996647238,-0.8600000003352761,0.1375,0.0043002171386218,17,1742
Bin 2,0.875,800,0.0450000017881393,-0.8299999982118607,0.1375,0.0073338925035328,17,1742
Bin 3,0.875,800,0.2112500071525573,-0.6637499928474426,0.1375,0.0144409137898877,17,1742
Bin 4,0.875,800,0.3650000095367431,-0.5099999904632568,0.1375,0.0170317743445903,17,1742
Bin 5,0.875,800,0.518750011920929,-0.356249988079071,0.1375,0.0176762860593613,17,1742
Overall,0.8875000000000001,4000,0.2314999997615814,-0.6560000002384186,0.1375,0.0066699360761698,17,1742
Bin 1,0.8875000000000001,800,0.0149999996647238,-0.8725000003352762,0.1375,0.0043002171386218,17,1742
Bin 2,0.8875000000000001,800,0.0450000017881393,-0.8424999982118607,0.1375,0.0073338925035328,17,1742
Bin 3,0.8875000000000001,800,0.2112500071525573,-0.6762499928474427,0.1375,0.0144409137898877,17,1742
Bin 4,0.8875000000000001,800,0.3650000095367431,-0.5224999904632569,0.1375,0.0170317743445903,17,1742
Bin 5,0.8875000000000001,800,0.5212500095367432,-0.3662499904632569,0.1375,0.0176727457240864,17,1742
Overall,0.9,4000,0.2317499965429306,-0.6682500034570694,0.1375,0.0066724523700986,17,1742
Bin 1,0.9,800,0.0149999996647238,-0.8850000003352761,0.1375,0.0043002171386218,17,1742
Bin 2,0.9,800,0.0450000017881393,-0.8549999982118607,0.1375,0.0073338925035328,17,1742
Bin 3,0.9,800,0.2112500071525573,-0.6887499928474426,0.1375,0.0144409137898877,17,1742
Bin 4,0.9,800,0.3650000095367431,-0.5349999904632569,0.1375,0.0170317743445903,17,1742
Bin 5,0.9,800,0.5224999785423279,-0.3775000214576721,0.1375,0.0176708090763973,17,1742
Overall,0.9125,4000,0.2319999933242797,-0.6805000066757203,0.1375,0.0066749634806504,17,1742
Bin 1,0.9125,800,0.0149999996647238,-0.8975000003352762,0.1375,0.0043002171386218,17,1742
Bin 2,0.9125,800,0.0450000017881393,-0.8674999982118607,0.1375,0.0073338925035328,17,1742
Bin 3,0.9125,800,0.2112500071525573,-0.7012499928474427,0.1375,0.0144409137898877,17,1742
Bin 4,0.9125,800,0.3650000095367431,-0.5474999904632569,0.1375,0.0170317743445903,17,1742
Bin 5,0.9125,800,0.5237500071525574,-0.3887499928474427,0.1375,0.0176687617932309,17,1742
Overall,0.925,4000,0.2319999933242797,-0.6930000066757203,0.1375,0.0066749634806504,17,1742
Bin 1,0.925,800,0.0149999996647238,-0.9100000003352762,0.1375,0.0043002171386218,17,1742
Bin 2,0.925,800,0.0450000017881393,-0.8799999982118607,0.1375,0.0073338925035328,17,1742
Bin 3,0.925,800,0.2112500071525573,-0.7137499928474427,0.1375,0.0144409137898877,17,1742
Bin 4,0.925,800,0.3650000095367431,-0.5599999904632569,0.1375,0.0170317743445903,17,1742
Bin 5,0.925,800,0.5237500071525574,-0.4012499928474426,0.1375,0.0176687617932309,17,1742
Overall,0.9375,4000,0.2319999933242797,-0.7055000066757202,0.1375,0.0066749634806504,17,1742
Bin 1,0.9375,800,0.0149999996647238,-0.922500000335276,0.1375,0.0043002171386218,17,1742
Bin 2,0.9375,800,0.0450000017881393,-0.8924999982118607,0.1375,0.0073338925035328,17,1742
Bin 3,0.9375,800,0.2112500071525573,-0.7262499928474426,0.1375,0.0144409137898877,17,1742
Bin 4,0.9375,800,0.3650000095367431,-0.5724999904632568,0.1375,0.0170317743445903,17,1742
Bin 5,0.9375,800,0.5237500071525574,-0.4137499928474426,0.1375,0.0176687617932309,17,1742
Overall,0.95,4000,0.2319999933242797,-0.7180000066757203,0.1375,0.0066749634806504,17,1742
Bin 1,0.95,800,0.0149999996647238,-0.9350000003352762,0.1375,0.0043002171386218,17,1742
Bin 2,0.95,800,0.0450000017881393,-0.9049999982118608,0.1375,0.0073338925035328,17,1742
Bin 3,0.95,800,0.2112500071525573,-0.7387499928474427,0.1375,0.0144409137898877,17,1742
Bin 4,0.95,800,0.3650000095367431,-0.5849999904632569,0.1375,0.0170317743445903,17,1742
Bin 5,0.95,800,0.5237500071525574,-0.4262499928474427,0.1375,0.0176687617932309,17,1742
Overall,0.9625,4000,0.2319999933242797,-0.7305000066757202,0.1375,0.0066749634806504,17,1742
Bin 1,0.9625,800,0.0149999996647238,-0.947500000335276,0.1375,0.0043002171386218,17,1742
Bin 2,0.9625,800,0.0450000017881393,-0.9174999982118608,0.1375,0.0073338925035328,17,1742
Bin 3,0.9625,800,0.2112500071525573,-0.7512499928474426,0.1375,0.0144409137898877,17,1742
Bin 4,0.9625,800,0.3650000095367431,-0.5974999904632569,0.1375,0.0170317743445903,17,1742
Bin 5,0.9625,800,0.5237500071525574,-0.4387499928474426,0.1375,0.0176687617932309,17,1742
Overall,0.975,4000,0.2319999933242797,-0.7430000066757203,0.1375,0.0066749634806504,17,1742
Bin 1,0.975,800,0.0149999996647238,-0.9600000003352762,0.1375,0.0043002171386218,17,1742
Bin 2,0.975,800,0.0450000017881393,-0.9299999982118607,0.1375,0.0073338925035328,17,1742
Bin 3,0.975,800,0.2112500071525573,-0.7637499928474427,0.1375,0.0144409137898877,17,1742
Bin 4,0.975,800,0.3650000095367431,-0.6099999904632569,0.1375,0.0170317743445903,17,1742
Bin 5,0.975,800,0.5237500071525574,-0.4512499928474427,0.1375,0.0176687617932309,17,1742
Overall,0.9875,4000,0.2319999933242797,-0.7555000066757203,0.1375,0.0066749634806504,17,1742
Bin 1,0.9875,800,0.0149999996647238,-0.9725000003352762,0.1375,0.0043002171386218,17,1742
Bin 2,0.9875,800,0.0450000017881393,-0.9424999982118608,0.1375,0.0073338925035328,17,1742
Bin 3,0.9875,800,0.2112500071525573,-0.7762499928474427,0.1375,0.0144409137898877,17,1742
Bin 4,0.9875,800,0.3650000095367431,-0.6224999904632569,0.1375,0.0170317743445903,17,1742
Bin 5,0.9875,800,0.5237500071525574,-0.4637499928474426,0.1375,0.0176687617932309,17,1742
Overall,1.0,4000,0.2319999933242797,-0.7680000066757202,0.1375,0.0066749634806504,17,1742
Bin 1,1.0,800,0.0149999996647238,-0.985000000335276,0.1375,0.0043002171386218,17,1742
Bin 2,1.0,800,0.0450000017881393,-0.9549999982118608,0.1375,0.0073338925035328,17,1742
Bin 3,1.0,800,0.2112500071525573,-0.7887499928474426,0.1375,0.0144409137898877,17,1742
Bin 4,1.0,800,0.3650000095367431,-0.6349999904632568,0.1375,0.0170317743445903,17,1742
Bin 5,1.0,800,0.5237500071525574,-0.4762499928474426,0.1375,0.0176687617932309,17,1742
Overall,0.0,4000,0.0002500000118743,0.0002500000118743,0.175,0.0002499999865391,18,1842
Bin 1,0.0,800,0.0,0.0,0.175,0.0,18,1842
Bin 2,0.0,800,0.0,0.0,0.175,0.0,18,1842
Bin 3,0.0,800,0.0,0.0,0.175,0.0,18,1842
Bin 4,0.0,800,0.0012499999720603,0.0012499999720603,0.175,0.0012499999259236,18,1842
Bin 5,0.0,800,0.0,0.0,0.175,0.0,18,1842
Overall,0.0125,4000,0.0152500001713633,0.0027500001713633,0.175,0.0019378592126737,18,1842
Bin 1,0.0125,800,0.0049999998882412,-0.0075000001117587,0.175,0.0024953017953272,18,1842
Bin 2,0.0125,800,0.0112500004470348,-0.0012499995529651,0.175,0.0037311788391504,18,1842
Bin 3,0.0125,800,0.0125000001862645,1.8626451422920626e-10,0.175,0.0039305210519702,18,1842
Bin 4,0.0125,800,0.0162499994039535,0.0037499994039535,0.175,0.0044729665339558,18,1842
Bin 5,0.0125,800,0.03125,0.01875,0.175,0.0061554170966212,18,1842
Overall,0.025,4000,0.0202500000596046,-0.0047499999403953,0.175,0.0022273807407323,18,1842
Bin 1,0.025,800,0.0074999998323619,-0.017500000167638,0.175,0.0030522671300426,18,1842
Bin 2,0.025,800,0.0125000001862645,-0.0124999998137354,0.175,0.0039305215788058,18,1842
Bin 3,0.025,800,0.018750000745058,-0.0062499992549419,0.175,0.004798627856701,18,1842
Bin 4,0.025,800,0.0199999995529651,-0.0050000004470348,0.175,0.0049528442290735,18,1842
Bin 5,0.025,800,0.0425000004470348,0.0175000004470348,0.175,0.0071365851932427,18,1842
Overall,0.0375,4000,0.0280000008642673,-0.0094999991357326,0.175,0.0026087738565099,18,1842
Bin 1,0.0375,800,0.0074999998323619,-0.030000000167638,0.175,0.0030522671300426,18,1842
Bin 2,0.0375,800,0.018750000745058,-0.0187499992549419,0.175,0.004798627856701,18,1842
Bin 3,0.0375,800,0.0287500005215406,-0.0087499994784593,0.175,0.0059116813448471,18,1842
Bin 4,0.0375,800,0.0237499997019767,-0.0137500002980232,0.175,0.0053868998704903,18,1842
Bin 5,0.0375,800,0.0612500011920928,0.0237500011920928,0.175,0.0084831016656741,18,1842
Overall,0.05,4000,0.0342499986290931,-0.0157500013709068,0.175,0.0028759870723629,18,1842
Bin 1,0.05,800,0.0074999998323619,-0.042500000167638,0.175,0.0030522671300426,18,1842
Bin 2,0.05,800,0.0212500002235174,-0.0287499997764825,0.175,0.0051020182578574,18,1842
Bin 3,0.05,800,0.0362499989569187,-0.0137500010430812,0.175,0.0066124559413666,18,1842
Bin 4,0.05,800,0.0299999993294477,-0.0200000006705522,0.175,0.0060349419106597,18,1842
Bin 5,0.05,800,0.0762500017881393,0.0262500017881393,0.175,0.0093890955896203,18,1842
Overall,0.0625,4000,0.0447500012814998,-0.0177499987185001,0.175,0.0032694847871001,18,1842
Bin 1,0.0625,800,0.0087500000372529,-0.0537499999627471,0.175,0.0032947484862379,18,1842
Bin 2,0.0625,800,0.025000000372529,-0.0374999996274709,0.175,0.0055233039310109,18,1842
Bin 3,0.0625,800,0.0437499992549419,-0.018750000745058,0.175,0.007236047014208,18,1842
Bin 4,0.0625,800,0.0474999994039535,-0.0150000005960464,0.175,0.0075249900025305,18,1842
Bin 5,0.0625,800,0.098750002682209,0.036250002682209,0.175,0.010554017623722,18,1842
Overall,0.075,4000,0.0535000003874301,-0.0214999996125698,0.175,0.0035584554635477,18,1842
Bin 1,0.075,800,0.0099999997764825,-0.0650000002235174,0.175,0.0035200128548165,18,1842
Bin 2,0.075,800,0.0299999993294477,-0.0450000006705522,0.175,0.0060349419106597,18,1842
Bin 3,0.075,800,0.0587499998509883,-0.0162500001490116,0.175,0.0083192294503077,18,1842
Bin 4,0.075,800,0.0562499985098838,-0.0187500014901161,0.175,0.0081511025105841,18,1842
Bin 5,0.075,800,0.1124999970197677,0.0374999970197677,0.175,0.0111785907181338,18,1842
Overall,0.0875,4000,0.0610000006854534,-0.0264999993145465,0.175,0.003784617511546,18,1842
Bin 1,0.0875,800,0.0099999997764825,-0.0775000002235174,0.175,0.0035200128548165,18,1842
Bin 2,0.0875,800,0.0324999988079071,-0.0550000011920929,0.175,0.0062732670607562,18,1842
Bin 3,0.0875,800,0.0637499988079071,-0.0237500011920929,0.175,0.0086429625547335,18,1842
Bin 4,0.0875,800,0.0662499964237213,-0.0212500035762786,0.175,0.0087990307542625,18,1842
Bin 5,0.0875,800,0.1324999928474426,0.0449999928474426,0.175,0.0119941438272029,18,1842
Overall,0.1,4000,0.0684999972581863,-0.0315000027418136,0.175,0.0039944870275714,18,1842
Bin 1,0.1,800,0.0099999997764825,-0.0900000002235174,0.175,0.0035200128548165,18,1842
Bin 2,0.1,800,0.0375000014901161,-0.0624999985098838,0.175,0.0067211347512655,18,1842
Bin 3,0.1,800,0.0687500014901161,-0.0312499985098838,0.175,0.008951505934956,18,1842
Bin 4,0.1,800,0.0812499970197677,-0.0187500029802322,0.175,0.0096657822743959,18,1842
Bin 5,0.1,800,0.1449999958276748,0.0449999958276748,0.175,0.0124564315350946,18,1842
Overall,0.1125,4000,0.0769999995827674,-0.0355000004172325,0.175,0.0042157074324178,18,1842
Bin 1,0.1125,800,0.0099999997764825,-0.1025000002235174,0.175,0.0035200128548165,18,1842
Bin 2,0.1125,800,0.0412500016391277,-0.0712499983608722,0.175,0.0070354401325151,18,1842
Bin 3,0.1125,800,0.0775000005960464,-0.0349999994039535,0.175,0.0094593354200062,18,1842
Bin 4,0.1125,800,0.0925000011920929,-0.0199999988079071,0.175,0.0102499281117159,18,1842
Bin 5,0.1125,800,0.1637499928474426,0.0512499928474426,0.175,0.0130913769689249,18,1842
Overall,0.125,4000,0.0820000022649765,-0.0429999977350235,0.175,0.0043386293332727,18,1842
Bin 1,0.125,800,0.0099999997764825,-0.1150000002235174,0.175,0.0035200128548165,18,1842
Bin 2,0.125,800,0.0412500016391277,-0.0837499983608722,0.175,0.0070354401325151,18,1842
Bin 3,0.125,800,0.0837500020861625,-0.0412499979138374,0.175,0.0097999978598076,18,1842
Bin 4,0.125,800,0.098750002682209,-0.0262499973177909,0.175,0.010554017623722,18,1842
Bin 5,0.125,800,0.1762499958276748,0.0512499958276748,0.175,0.0134799688048529,18,1842
Overall,0.1375,4000,0.0872500017285347,-0.0502499982714653,0.175,0.0044625487985934,18,1842
Bin 1,0.1375,800,0.0099999997764825,-0.1275000002235174,0.175,0.0035200128548165,18,1842
Bin 2,0.1375,800,0.0412500016391277,-0.0962499983608722,0.175,0.0070354401325151,18,1842
Bin 3,0.1375,800,0.09375,-0.04375,0.175,0.0103118418321784,18,1842
Bin 4,0.1375,800,0.1049999967217445,-0.0325000032782554,0.175,0.0108450795448534,18,1842
Bin 5,0.1375,800,0.1862500011920929,0.0487500011920928,0.175,0.0137727366196778,18,1842
Overall,0.15,4000,0.0922499969601631,-0.0577500030398369,0.175,0.004576048733698,18,1842
Bin 1,0.15,800,0.0099999997764825,-0.1400000002235174,0.175,0.0035200128548165,18,1842
Bin 2,0.15,800,0.0437499992549419,-0.106250000745058,0.175,0.0072360464873724,18,1842
Bin 3,0.15,800,0.098750002682209,-0.051249997317791,0.175,0.010554017623722,18,1842
Bin 4,0.15,800,0.1099999994039535,-0.0400000005960464,0.175,0.0110692438806859,18,1842
Bin 5,0.15,800,0.1987500041723251,0.0487500041723251,0.175,0.0141177085747394,18,1842
Overall,0.1625,4000,0.09825000166893,-0.0642499983310699,0.175,0.0047068856512424,18,1842
Bin 1,0.1625,800,0.0099999997764825,-0.1525000002235174,0.175,0.0035200128548165,18,1842
Bin 2,0.1625,800,0.0450000017881393,-0.1174999982118606,0.175,0.0073338930303684,18,1842
Bin 3,0.1625,800,0.1049999967217445,-0.0575000032782554,0.175,0.0108450795448534,18,1842
Bin 4,0.1625,800,0.1225000023841857,-0.0399999976158142,0.175,0.0115989380970723,18,1842
Bin 5,0.1625,800,0.2087499946355819,0.0462499946355819,0.175,0.0143779411298563,18,1842
Overall,0.175,4000,0.1030000001192092,-0.0719999998807907,0.175,0.0048066124112074,18,1842
Bin 1,0.175,800,0.0099999997764825,-0.1650000002235174,0.175,0.0035200128548165,18,1842
Bin 2,0.175,800,0.0474999994039535,-0.1275000005960464,0.175,0.0075249900025305,18,1842
Bin 3,0.175,800,0.1075000017881393,-0.0674999982118606,0.175,0.0109580931581217,18,1842
Bin 4,0.175,800,0.1337500065565109,-0.041249993443489,0.175,0.012041902528593,18,1842
Bin 5,0.175,800,0.2162500023841858,0.0412500023841857,0.175,0.0145644282904625,18,1842
Overall,0.1875,4000,0.1052500009536743,-0.0822499990463256,0.175,0.0048527308013024,18,1842
Bin 1,0.1875,800,0.0099999997764825,-0.1775000002235174,0.175,0.0035200128548165,18,1842
Bin 2,0.1875,800,0.0474999994039535,-0.1400000005960464,0.175,0.0075249900025305,18,1842
Bin 3,0.1875,800,0.1087500005960464,-0.0787499994039535,0.175,0.0110138976928926,18,1842
Bin 4,0.1875,800,0.135000005364418,-0.0524999946355819,0.175,0.0120893103574693,18,1842
Bin 5,0.1875,800,0.2249999940395355,0.0374999940395355,0.175,0.0147730003996883,18,1842
Overall,0.2,4000,0.1097500026226043,-0.0902499973773956,0.175,0.0049429083671723,18,1842
Bin 1,0.2,800,0.0099999997764825,-0.1900000002235174,0.175,0.0035200128548165,18,1842
Bin 2,0.2,800,0.0474999994039535,-0.1525000005960464,0.175,0.0075249900025305,18,1842
Bin 3,0.2,800,0.1174999997019767,-0.0825000002980232,0.175,0.0113920760962248,18,1842
Bin 4,0.2,800,0.1387500017881393,-0.0612499982118606,0.175,0.0122294728632059,18,1842
Bin 5,0.2,800,0.2349999994039535,0.0349999994039535,0.175,0.0150000001647544,18,1842
Overall,0.2125,4000,0.1140000000596046,-0.0984999999403953,0.175,0.0050256656932488,18,1842
Bin 1,0.2125,800,0.0099999997764825,-0.2025000002235174,0.175,0.0035200128548165,18,1842
Bin 2,0.2125,800,0.0512499995529651,-0.1612500004470348,0.175,0.0078009849521548,18,1842
Bin 3,0.2125,800,0.1187499985098838,-0.0937500014901161,0.175,0.0114443993013086,18,1842
Bin 4,0.2125,800,0.1462499946355819,-0.066250005364418,0.175,0.01250085852811,18,1842
Bin 5,0.2125,800,0.2437500059604644,0.0312500059604644,0.175,0.0151890867322424,18,1842
Overall,0.225,4000,0.1182499974966049,-0.106750002503395,0.175,0.0051061969945089,18,1842
Bin 1,0.225,800,0.0099999997764825,-0.2150000002235174,0.175,0.0035200128548165,18,1842
Bin 2,0.225,800,0.0512499995529651,-0.1737500004470348,0.175,0.0078009849521548,18,1842
Bin 3,0.225,800,0.1262499988079071,-0.0987500011920929,0.175,0.011749946040602,18,1842
Bin 4,0.225,800,0.15625,-0.06875,0.175,0.0128452783594561,18,1842
Bin 5,0.225,800,0.2475000023841858,0.0225000023841857,0.175,0.0152674830314863,18,1842
Overall,0.2375,4000,0.1232500001788139,-0.114249999821186,0.175,0.0051982316229956,18,1842
Bin 1,0.2375,800,0.0099999997764825,-0.2275000002235174,0.175,0.0035200128548165,18,1842
Bin 2,0.2375,800,0.0512499995529651,-0.1862500004470348,0.175,0.0078009849521548,18,1842
Bin 3,0.2375,800,0.135000005364418,-0.1024999946355819,0.175,0.0120893103574693,18,1842
Bin 4,0.2375,800,0.1650000065565109,-0.072499993443489,0.175,0.0131314238507087,18,1842
Bin 5,0.2375,800,0.2549999952316284,0.0174999952316284,0.175,0.0154196605500622,18,1842
Overall,0.25,4000,0.1277499943971634,-0.1222500056028366,0.175,0.0052786790477913,18,1842
Bin 1,0.25,800,0.0099999997764825,-0.2400000002235174,0.175,0.0035200128548165,18,1842
Bin 2,0.25,800,0.0537500008940696,-0.1962499991059303,0.175,0.0079784542676865,18,1842
Bin 3,0.25,800,0.1387500017881393,-0.1112499982118606,0.175,0.0122294728632059,18,1842
Bin 4,0.25,800,0.1724999994039535,-0.0775000005960464,0.175,0.0133661143619568,18,1842
Bin 5,0.25,800,0.2637499868869781,0.0137499868869781,0.175,0.015589620877696,18,1842
Overall,0.2625,4000,0.1322499960660934,-0.1302500039339065,0.175,0.0053569730150488,18,1842
Bin 1,0.2625,800,0.0099999997764825,-0.2525000002235174,0.175,0.0035200128548165,18,1842
Bin 2,0.2625,800,0.0537500008940696,-0.2087499991059303,0.175,0.0079784542676865,18,1842
Bin 3,0.2625,800,0.1412499994039535,-0.1212500005960464,0.175,0.0123212339281126,18,1842
Bin 4,0.2625,800,0.1850000023841858,-0.0774999976158142,0.175,0.0137369802870723,18,1842
Bin 5,0.2625,800,0.2712500095367431,0.0087500095367431,0.175,0.0157289868079958,18,1842
Overall,0.275,4000,0.1347499936819076,-0.1402500063180923,0.175,0.0053995733058043,18,1842
Bin 1,0.275,800,0.0099999997764825,-0.2650000002235174,0.175,0.0035200128548165,18,1842
Bin 2,0.275,800,0.0549999997019767,-0.2200000002980232,0.175,0.0080653621229871,18,1842
Bin 3,0.275,800,0.1424999982118606,-0.1325000017881393,0.175,0.0123666229229452,18,1842
Bin 4,0.275,800,0.1899999976158142,-0.0850000023841858,0.175,0.0138786084494659,18,1842
Bin 5,0.275,800,0.2762500047683716,0.0012500047683715,0.175,0.0158187458975982,18,1842
Overall,0.2875,4000,0.1375000029802322,-0.1499999970197678,0.175,0.0054457190264326,18,1842
Bin 1,0.2875,800,0.0099999997764825,-0.2775000002235174,0.175,0.0035200128548165,18,1842
Bin 2,0.2875,800,0.0549999997019767,-0.2325000002980232,0.175,0.0080653621229871,18,1842
Bin 3,0.2875,800,0.1424999982118606,-0.1450000017881393,0.175,0.0123666229229452,18,1842
Bin 4,0.2875,800,0.1937499940395355,-0.0937500059604645,0.175,0.0139824192983619,18,1842
Bin 5,0.2875,800,0.2862499952316284,-0.0012500047683716,0.175,0.0159908810026152,18,1842
Overall,0.3,4000,0.1414999961853027,-0.1585000038146973,0.175,0.0055115361340183,18,1842
Bin 1,0.3,800,0.0099999997764825,-0.2900000002235174,0.175,0.0035200128548165,18,1842
Bin 2,0.3,800,0.0549999997019767,-0.2450000002980232,0.175,0.0080653621229871,18,1842
Bin 3,0.3,800,0.1500000059604644,-0.1499999940395355,0.175,0.0126322797774654,18,1842
Bin 4,0.3,800,0.1987500041723251,-0.1012499958276749,0.175,0.0141177085747394,18,1842
Bin 5,0.3,800,0.293749988079071,-0.0062500119209289,0.175,0.016113682167779,18,1842
Overall,0.3125,4000,0.1445000022649765,-0.1679999977350235,0.175,0.0055599154189205,18,1842
Bin 1,0.3125,800,0.0099999997764825,-0.3025000002235174,0.175,0.0035200128548165,18,1842
Bin 2,0.3125,800,0.0549999997019767,-0.2575000002980232,0.175,0.0080653621229871,18,1842
Bin 3,0.3125,800,0.1525000035762787,-0.1599999964237213,0.175,0.0127183678765626,18,1842
Bin 4,0.3125,800,0.2062499970197677,-0.1062500029802322,0.175,0.014314146606279,18,1842
Bin 5,0.3125,800,0.2987500131130218,-0.0137499868869781,0.175,0.0161926147856702,18,1842
Overall,0.325,4000,0.1477500051259994,-0.1772499948740005,0.175,0.0056114042588108,18,1842
Bin 1,0.325,800,0.0099999997764825,-0.3150000002235174,0.175,0.0035200128548165,18,1842
Bin 2,0.325,800,0.0549999997019767,-0.2700000002980232,0.175,0.0080653621229871,18,1842
Bin 3,0.325,800,0.15625,-0.16875,0.175,0.0128452783594561,18,1842
Bin 4,0.325,800,0.2125000059604644,-0.1124999940395355,0.175,0.0144720929747448,18,1842
Bin 5,0.325,800,0.3050000071525574,-0.0199999928474426,0.175,0.0162880447337397,18,1842
Overall,0.3375,4000,0.1512500047683715,-0.1862499952316284,0.175,0.0056658080414433,18,1842
Bin 1,0.3375,800,0.0099999997764825,-0.3275000002235174,0.175,0.0035200128548165,18,1842
Bin 2,0.3375,800,0.0549999997019767,-0.2825000002980232,0.175,0.0080653621229871,18,1842
Bin 3,0.3375,800,0.1574999988079071,-0.1800000011920929,0.175,0.0128870005784683,18,1842
Bin 4,0.3375,800,0.2199999988079071,-0.1175000011920929,0.175,0.0146549786871457,18,1842
Bin 5,0.3375,800,0.3137499988079071,-0.0237500011920929,0.175,0.0164157075378792,18,1842
Overall,0.35,4000,0.1547500044107437,-0.1952499955892563,0.175,0.0057191591273273,18,1842
Bin 1,0.35,800,0.0099999997764825,-0.3400000002235174,0.175,0.0035200128548165,18,1842
Bin 2,0.35,800,0.0562499985098838,-0.2937500014901161,0.175,0.0081511025105841,18,1842
Bin 3,0.35,800,0.1599999964237213,-0.1900000035762787,0.175,0.012969590489139,18,1842
Bin 4,0.35,800,0.2262499928474426,-0.1237500071525574,0.175,0.014802027987929,18,1842
Bin 5,0.35,800,0.3212499916553497,-0.0287500083446503,0.175,0.016519735443045,18,1842
Overall,0.3625,4000,0.1574999988079071,-0.2050000011920929,0.175,0.0057603589638588,18,1842
Bin 1,0.3625,800,0.0099999997764825,-0.3525000002235174,0.175,0.0035200128548165,18,1842
Bin 2,0.3625,800,0.0562499985098838,-0.3062500014901161,0.175,0.0081511025105841,18,1842
Bin 3,0.3625,800,0.1612499952316284,-0.2012500047683716,0.175,0.0130104623954825,18,1842
Bin 4,0.3625,800,0.2312500029802322,-0.1312499970197678,0.175,0.0149162638598041,18,1842
Bin 5,0.3625,800,0.3287500143051147,-0.0337499856948853,0.175,0.016618876421126,18,1842
Overall,0.375,4000,0.1609999984502792,-0.2140000015497207,0.175,0.0058119010511674,18,1842
Bin 1,0.375,800,0.0099999997764825,-0.3650000002235174,0.175,0.0035200128548165,18,1842
Bin 2,0.375,800,0.0575000010430812,-0.3174999989569187,0.175,0.0082357133626409,18,1842
Bin 3,0.375,800,0.1637499928474426,-0.2112500071525573,0.175,0.0130913769689249,18,1842
Bin 4,0.375,800,0.2374999970197677,-0.1375000029802322,0.175,0.0150549164546929,18,1842
Bin 5,0.375,800,0.3362500071525574,-0.0387499928474426,0.175,0.0167132158194904,18,1842
Overall,0.3875,4000,0.1659999936819076,-0.2215000063180923,0.175,0.0058838467952396,18,1842
Bin 1,0.3875,800,0.0099999997764825,-0.3775000002235174,0.175,0.0035200128548165,18,1842
Bin 2,0.3875,800,0.0575000010430812,-0.3299999989569187,0.175,0.0082357133626409,18,1842
Bin 3,0.3875,800,0.166250005364418,-0.2212499946355819,0.175,0.0131711999389909,18,1842
Bin 4,0.3875,800,0.2462500035762787,-0.1412499964237213,0.175,0.0152415237338173,18,1842
Bin 5,0.3875,800,0.3499999940395355,-0.0375000059604644,0.175,0.0168739702217382,18,1842
Overall,0.4,4000,0.1700000017881393,-0.2299999982118606,0.175,0.0059400185806476,18,1842
Bin 1,0.4,800,0.0099999997764825,-0.3900000002235174,0.175,0.0035200128548165,18,1842
Bin 2,0.4,800,0.0575000010430812,-0.3424999989569187,0.175,0.0082357133626409,18,1842
Bin 3,0.4,800,0.1712500005960464,-0.2287499994039535,0.175,0.0133276532553482,18,1842
Bin 4,0.4,800,0.2549999952316284,-0.1450000047683716,0.175,0.0154196605500622,18,1842
Bin 5,0.4,800,0.356249988079071,-0.0437500119209289,0.175,0.0169419214782499,18,1842
Overall,0.4125,4000,0.1732500046491623,-0.2392499953508377,0.175,0.0059847775123185,18,1842
Bin 1,0.4125,800,0.0099999997764825,-0.4025000002235174,0.175,0.0035200128548165,18,1842
Bin 2,0.4125,800,0.0575000010430812,-0.3549999989569187,0.175,0.0082357133626409,18,1842
Bin 3,0.4125,800,0.1724999994039535,-0.2400000005960464,0.175,0.0133661143619568,18,1842
Bin 4,0.4125,800,0.2637499868869781,-0.1487500131130218,0.175,0.015589620877696,18,1842
Bin 5,0.4125,800,0.3625000119209289,-0.049999988079071,0.175,0.017006725418849,18,1842
Overall,0.425,4000,0.1755000054836273,-0.2494999945163727,0.175,0.0060153118438341,18,1842
Bin 1,0.425,800,0.0099999997764825,-0.4150000002235174,0.175,0.0035200128548165,18,1842
Bin 2,0.425,800,0.0575000010430812,-0.3674999989569187,0.175,0.0082357133626409,18,1842
Bin 3,0.425,800,0.1762499958276748,-0.2487500041723251,0.175,0.0134799677511817,18,1842
Bin 4,0.425,800,0.2662500143051147,-0.1587499856948853,0.175,0.0156367136588797,18,1842
Bin 5,0.425,800,0.3675000071525574,-0.0574999928474426,0.175,0.0170563290985327,18,1842
Overall,0.4375,4000,0.1780000030994415,-0.2594999969005584,0.175,0.0060488138942942,18,1842
Bin 1,0.4375,800,0.0099999997764825,-0.4275000002235174,0.175,0.0035200128548165,18,1842
Bin 2,0.4375,800,0.0575000010430812,-0.3799999989569187,0.175,0.0082357133626409,18,1842
Bin 3,0.4375,800,0.1762499958276748,-0.2612500041723251,0.175,0.0134799677511817,18,1842
Bin 4,0.4375,800,0.2737500071525574,-0.1637499928474426,0.175,0.0157741787663116,18,1842
Bin 5,0.4375,800,0.3725000023841858,-0.0649999976158142,0.175,0.0171039581983636,18,1842
Overall,0.45,4000,0.179749995470047,-0.270250004529953,0.175,0.0060720014957267,18,1842
Bin 1,0.45,800,0.0099999997764825,-0.4400000002235174,0.175,0.0035200128548165,18,1842
Bin 2,0.45,800,0.0575000010430812,-0.3924999989569187,0.175,0.0082357133626409,18,1842
Bin 3,0.45,800,0.1774999946355819,-0.272500005364418,0.175,0.0135174183870973,18,1842
Bin 4,0.45,800,0.2762500047683716,-0.1737499952316284,0.175,0.0158187458975982,18,1842
Bin 5,0.45,800,0.3774999976158142,-0.0725000023841858,0.175,0.0171496306307525,18,1842
Overall,0.4625,4000,0.1837500035762787,-0.2787499964237213,0.175,0.0061242028143473,18,1842
Bin 1,0.4625,800,0.0099999997764825,-0.4525000002235174,0.175,0.0035200128548165,18,1842
Bin 2,0.4625,800,0.0575000010430812,-0.4049999989569187,0.175,0.0082357133626409,18,1842
Bin 3,0.4625,800,0.1774999946355819,-0.285000005364418,0.175,0.0135174183870973,18,1842
Bin 4,0.4625,800,0.2837499976158142,-0.1787500023841858,0.175,0.015948757334871,18,1842
Bin 5,0.4625,800,0.3899999856948852,-0.0725000143051147,0.175,0.0172553528392284,18,1842
Overall,0.475,4000,0.1867499947547912,-0.2882500052452088,0.175,0.0061626380260698,18,1842
Bin 1,0.475,800,0.0099999997764825,-0.4650000002235174,0.175,0.0035200128548165,18,1842
Bin 2,0.475,800,0.0575000010430812,-0.4174999989569187,0.175,0.0082357133626409,18,1842
Bin 3,0.475,800,0.178749993443489,-0.2962500065565109,0.175,0.0135546203566066,18,1842
Bin 4,0.475,800,0.2887499928474426,-0.1862500071525574,0.175,0.016032408292453,18,1842
Bin 5,0.475,800,0.3987500071525574,-0.0762499928474426,0.175,0.0173222578002258,18,1842
Overall,0.4875,4000,0.1899999976158142,-0.2975000023841858,0.175,0.0062035970711785,18,1842
Bin 1,0.4875,800,0.0099999997764825,-0.4775000002235174,0.175,0.0035200128548165,18,1842
Bin 2,0.4875,800,0.0575000010430812,-0.4299999989569187,0.175,0.0082357133626409,18,1842
Bin 3,0.4875,800,0.1800000071525573,-0.3074999928474426,0.175,0.013591574713381,18,1842
Bin 4,0.4875,800,0.293749988079071,-0.193750011920929,0.175,0.016113682167779,18,1842
Bin 5,0.4875,800,0.4087499976158142,-0.0787500023841858,0.175,0.0173916610156687,18,1842
Overall,0.5,4000,0.19200000166893,-0.3079999983310699,0.175,0.0062284584321681,18,1842
Bin 1,0.5,800,0.0099999997764825,-0.4900000002235174,0.175,0.0035200128548165,18,1842
Bin 2,0.5,800,0.0575000010430812,-0.4424999989569187,0.175,0.0082357133626409,18,1842
Bin 3,0.5,800,0.1800000071525573,-0.3199999928474426,0.175,0.013591574713381,18,1842
Bin 4,0.5,800,0.2975000143051147,-0.2024999856948852,0.175,0.0161730986874672,18,1842
Bin 5,0.5,800,0.4149999916553497,-0.0850000083446502,0.175,0.0174312537651598,18,1842
Overall,0.5125000000000001,4000,0.1957499980926513,-0.3167500019073487,0.175,0.0062743789115046,18,1842
Bin 1,0.5125000000000001,800,0.0099999997764825,-0.5025000002235175,0.175,0.0035200128548165,18,1842
Bin 2,0.5125000000000001,800,0.0575000010430812,-0.4549999989569188,0.175,0.0082357133626409,18,1842
Bin 3,0.5125000000000001,800,0.1812500059604644,-0.3312499940395356,0.175,0.0136282877794476,18,1842
Bin 4,0.5125000000000001,800,0.3025000095367431,-0.2099999904632569,0.175,0.0162503001235558,18,1842
Bin 5,0.5125000000000001,800,0.4275000095367431,-0.0849999904632569,0.175,0.017501787569814,18,1842
Overall,0.525,4000,0.1977500021457672,-0.3272499978542328,0.175,0.0062985042329592,18,1842
Bin 1,0.525,800,0.0099999997764825,-0.5150000002235174,0.175,0.0035200128548165,18,1842
Bin 2,0.525,800,0.0575000010430812,-0.4674999989569187,0.175,0.0082357133626409,18,1842
Bin 3,0.525,800,0.1837500035762787,-0.3412499964237213,0.175,0.0137009879321153,18,1842
Bin 4,0.525,800,0.3087500035762787,-0.2162499964237213,0.175,0.0163435974410907,18,1842
Bin 5,0.525,800,0.4287500083446502,-0.0962499916553497,0.175,0.0175082107495271,18,1842
Overall,0.5375,4000,0.199750006198883,-0.3377499938011169,0.175,0.0063223793386692,18,1842
Bin 1,0.5375,800,0.0099999997764825,-0.5275000002235174,0.175,0.0035200128548165,18,1842
Bin 2,0.5375,800,0.0575000010430812,-0.4799999989569187,0.175,0.0082357133626409,18,1842
Bin 3,0.5375,800,0.1862500011920929,-0.3512499988079071,0.175,0.0137727366196778,18,1842
Bin 4,0.5375,800,0.3125,-0.2249999999999999,0.175,0.0163978899576713,18,1842
Bin 5,0.5375,800,0.4325000047683716,-0.1049999952316284,0.175,0.0175267996170628,18,1842
Overall,0.55,4000,0.2025000005960464,-0.3474999994039536,0.175,0.0063548041891441,18,1842
Bin 1,0.55,800,0.0099999997764825,-0.5400000002235175,0.175,0.0035200128548165,18,1842
Bin 2,0.55,800,0.0575000010430812,-0.4924999989569187,0.175,0.0082357133626409,18,1842
Bin 3,0.55,800,0.1862500011920929,-0.3637499988079071,0.175,0.0137727366196778,18,1842
Bin 4,0.55,800,0.3174999952316284,-0.2325000047683716,0.175,0.0164683384149572,18,1842
Bin 5,0.55,800,0.4412499964237213,-0.1087500035762787,0.175,0.0175661963837084,18,1842
Overall,0.5625,4000,0.2049999982118606,-0.3575000017881393,0.175,0.0063838810492886,18,1842
Bin 1,0.5625,800,0.0099999997764825,-0.5525000002235174,0.175,0.0035200128548165,18,1842
Bin 2,0.5625,800,0.0575000010430812,-0.5049999989569187,0.175,0.0082357133626409,18,1842
Bin 3,0.5625,800,0.1862500011920929,-0.3762499988079071,0.175,0.0137727366196778,18,1842
Bin 4,0.5625,800,0.3237499892711639,-0.238750010728836,0.175,0.0165533201592809,18,1842
Bin 5,0.5625,800,0.4474999904632568,-0.1150000095367431,0.175,0.01759095028151,18,1842
Overall,0.5750000000000001,4000,0.2080000042915344,-0.3669999957084656,0.175,0.0064182788815387,18,1842
Bin 1,0.5750000000000001,800,0.0099999997764825,-0.5650000002235175,0.175,0.0035200128548165,18,1842
Bin 2,0.5750000000000001,800,0.0575000010430812,-0.5174999989569188,0.175,0.0082357133626409,18,1842
Bin 3,0.5750000000000001,800,0.1875,-0.3875,0.175,0.013808259037274,18,1842
Bin 4,0.5750000000000001,800,0.3312500119209289,-0.2437499880790711,0.175,0.0166508511277488,18,1842
Bin 5,0.5750000000000001,800,0.4537500143051147,-0.1212499856948853,0.175,0.0176128898235024,18,1842
Overall,0.5875,4000,0.209999993443489,-0.3775000065565109,0.175,0.0064409142177119,18,1842
Bin 1,0.5875,800,0.0099999997764825,-0.5775000002235174,0.175,0.0035200128548165,18,1842
Bin 2,0.5875,800,0.0575000010430812,-0.5299999989569187,0.175,0.0082357133626409,18,1842
Bin 3,0.5875,800,0.1875,-0.4,0.175,0.013808259037274,18,1842
Bin 4,0.5875,800,0.332500010728836,-0.2549999892711639,0.175,0.0166666414445434,18,1842
Bin 5,0.5875,800,0.4625000059604645,-0.1249999940395355,0.175,0.0176389102341018,18,1842
Overall,0.6000000000000001,4000,0.2117500007152557,-0.3882499992847443,0.175,0.0064605271738739,18,1842
Bin 1,0.6000000000000001,800,0.0099999997764825,-0.5900000002235175,0.175,0.0035200128548165,18,1842
Bin 2,0.6000000000000001,800,0.0575000010430812,-0.5424999989569188,0.175,0.0082357133626409,18,1842
Bin 3,0.6000000000000001,800,0.1875,-0.4125000000000001,0.175,0.013808259037274,18,1842
Bin 4,0.6000000000000001,800,0.3337500095367431,-0.2662499904632569,0.175,0.016682297945094,18,1842
Bin 5,0.6000000000000001,800,0.4699999988079071,-0.1300000011920929,0.175,0.0176568595232114,18,1842
Overall,0.6125,4000,0.2134999930858612,-0.3990000069141388,0.175,0.0064799643664338,18,1842
Bin 1,0.6125,800,0.0099999997764825,-0.6025000002235175,0.175,0.0035200128548165,18,1842
Bin 2,0.6125,800,0.0575000010430812,-0.5549999989569188,0.175,0.0082357133626409,18,1842
Bin 3,0.6125,800,0.1875,-0.425,0.175,0.013808259037274,18,1842
Bin 4,0.6125,800,0.3375000059604645,-0.2749999940395355,0.175,0.0167284771933362,18,1842
Bin 5,0.6125,800,0.4749999940395355,-0.1375000059604645,0.175,0.0176666028209159,18,1842
Overall,0.625,4000,0.2157499939203262,-0.4092500060796737,0.175,0.0065046956717821,18,1842
Bin 1,0.625,800,0.0099999997764825,-0.6150000002235174,0.175,0.0035200128548165,18,1842
Bin 2,0.625,800,0.0575000010430812,-0.5674999989569187,0.175,0.0082357133626409,18,1842
Bin 3,0.625,800,0.1875,-0.4375,0.175,0.013808259037274,18,1842
Bin 4,0.625,800,0.3449999988079071,-0.2800000011920929,0.175,0.0168173206426547,18,1842
Bin 5,0.625,800,0.4787499904632568,-0.1462500095367431,0.175,0.0176727457240864,18,1842
Overall,0.6375000000000001,4000,0.217749997973442,-0.419750002026558,0.175,0.0065264371110296,18,1842
Bin 1,0.6375000000000001,800,0.0099999997764825,-0.6275000002235175,0.175,0.0035200128548165,18,1842
Bin 2,0.6375000000000001,800,0.0575000010430812,-0.5799999989569188,0.175,0.0082357133626409,18,1842
Bin 3,0.6375000000000001,800,0.1887499988079071,-0.4487500011920929,0.175,0.0138435496472034,18,1842
Bin 4,0.6375000000000001,800,0.3487499952316284,-0.2887500047683716,0.175,0.0168600006487993,18,1842
Bin 5,0.6375000000000001,800,0.4837499856948852,-0.1537500143051148,0.175,0.0176793827990556,18,1842
Overall,0.65,4000,0.2195000052452087,-0.4304999947547913,0.175,0.0065452763303693,18,1842
Bin 1,0.65,800,0.0099999997764825,-0.6400000002235174,0.175,0.0035200128548165,18,1842
Bin 2,0.65,800,0.0575000010430812,-0.5924999989569187,0.175,0.0082357133626409,18,1842
Bin 3,0.65,800,0.1899999976158142,-0.4600000023841858,0.175,0.0138786084494659,18,1842
Bin 4,0.65,800,0.3499999940395355,-0.3000000059604645,0.175,0.0168739702217382,18,1842
Bin 5,0.65,800,0.4900000095367431,-0.1599999904632568,0.175,0.017685188527438,18,1842
Overall,0.6625000000000001,4000,0.221000000834465,-0.441499999165535,0.175,0.0065612887243759,18,1842
Bin 1,0.6625000000000001,800,0.0099999997764825,-0.6525000002235175,0.175,0.0035200128548165,18,1842
Bin 2,0.6625000000000001,800,0.0575000010430812,-0.6049999989569188,0.175,0.0082357133626409,18,1842
Bin 3,0.6625000000000001,800,0.1899999976158142,-0.4725000023841859,0.175,0.0138786084494659,18,1842
Bin 4,0.6625000000000001,800,0.3537499904632568,-0.3087500095367432,0.175,0.0169151192436106,18,1842
Bin 5,0.6625000000000001,800,0.4937500059604645,-0.1687499940395356,0.175,0.0176873464460817,18,1842
Overall,0.675,4000,0.2222499996423721,-0.4527500003576279,0.175,0.0065745379072217,18,1842
Bin 1,0.675,800,0.0099999997764825,-0.6650000002235175,0.175,0.0035200128548165,18,1842
Bin 2,0.675,800,0.0575000010430812,-0.6174999989569188,0.175,0.0082357133626409,18,1842
Bin 3,0.675,800,0.1899999976158142,-0.4850000023841858,0.175,0.0138786084494659,18,1842
Bin 4,0.675,800,0.356249988079071,-0.318750011920929,0.175,0.0169419214782499,18,1842
Bin 5,0.675,800,0.4975000023841858,-0.1774999976158142,0.175,0.0176885075917582,18,1842
Overall,0.6875,4000,0.2234999984502792,-0.4640000015497207,0.175,0.0065876999150905,18,1842
Bin 1,0.6875,800,0.0099999997764825,-0.6775000002235174,0.175,0.0035200128548165,18,1842
Bin 2,0.6875,800,0.0575000010430812,-0.6299999989569187,0.175,0.0082357133626409,18,1842
Bin 3,0.6875,800,0.1899999976158142,-0.4975000023841858,0.175,0.0138786084494659,18,1842
Bin 4,0.6875,800,0.3574999868869781,-0.3300000131130218,0.175,0.0169551324079156,18,1842
Bin 5,0.6875,800,0.5024999976158142,-0.1850000023841858,0.175,0.0176885075917582,18,1842
Overall,0.7000000000000001,4000,0.225500002503395,-0.474499997496605,0.175,0.0066085818561871,18,1842
Bin 1,0.7000000000000001,800,0.0099999997764825,-0.6900000002235175,0.175,0.0035200128548165,18,1842
Bin 2,0.7000000000000001,800,0.0575000010430812,-0.6424999989569188,0.175,0.0082357133626409,18,1842
Bin 3,0.7000000000000001,800,0.1899999976158142,-0.5100000023841859,0.175,0.0138786084494659,18,1842
Bin 4,0.7000000000000001,800,0.3600000143051147,-0.3399999856948853,0.175,0.0169811791602953,18,1842
Bin 5,0.7000000000000001,800,0.5099999904632568,-0.1900000095367432,0.175,0.017685188527438,18,1842
Overall,0.7125,4000,0.226500004529953,-0.485999995470047,0.175,0.0066189410707435,18,1842
Bin 1,0.7125,800,0.0099999997764825,-0.7025000002235174,0.175,0.0035200128548165,18,1842
Bin 2,0.7125,800,0.0575000010430812,-0.6549999989569187,0.175,0.0082357133626409,18,1842
Bin 3,0.7125,800,0.1899999976158142,-0.5225000023841858,0.175,0.0138786084494659,18,1842
Bin 4,0.7125,800,0.3600000143051147,-0.3524999856948853,0.175,0.0169811791602953,18,1842
Bin 5,0.7125,800,0.5149999856948853,-0.1975000143051147,0.175,0.0176807652156868,18,1842
Overall,0.7250000000000001,4000,0.2277500033378601,-0.49724999666214,0.175,0.0066318161080126,18,1842
Bin 1,0.7250000000000001,800,0.0099999997764825,-0.7150000002235175,0.175,0.0035200128548165,18,1842
Bin 2,0.7250000000000001,800,0.0575000010430812,-0.6674999989569188,0.175,0.0082357133626409,18,1842
Bin 3,0.7250000000000001,800,0.1899999976158142,-0.5350000023841859,0.175,0.0138786084494659,18,1842
Bin 4,0.7250000000000001,800,0.3625000119209289,-0.3624999880790711,0.175,0.017006725418849,18,1842
Bin 5,0.7250000000000001,800,0.518750011920929,-0.2062499880790711,0.175,0.0176762860593613,18,1842
Overall,0.7375,4000,0.2294999957084655,-0.5080000042915345,0.175,0.0066496987586865,18,1842
Bin 1,0.7375,800,0.0099999997764825,-0.7275000002235175,0.175,0.0035200128548165,18,1842
Bin 2,0.7375,800,0.0575000010430812,-0.6799999989569188,0.175,0.0082357133626409,18,1842
Bin 3,0.7375,800,0.1899999976158142,-0.5475000023841858,0.175,0.0138786084494659,18,1842
Bin 4,0.7375,800,0.3650000095367431,-0.3724999904632569,0.175,0.0170317743445903,18,1842
Bin 5,0.7375,800,0.5249999761581421,-0.2125000238418579,0.175,0.0176666038745871,18,1842
Overall,0.75,4000,0.2307499945163726,-0.5192500054836273,0.175,0.0066623721154684,18,1842
Bin 1,0.75,800,0.0099999997764825,-0.7400000002235174,0.175,0.0035200128548165,18,1842
Bin 2,0.75,800,0.0575000010430812,-0.6924999989569187,0.175,0.0082357133626409,18,1842
Bin 3,0.75,800,0.1899999976158142,-0.5600000023841858,0.175,0.0138786084494659,18,1842
Bin 4,0.75,800,0.3650000095367431,-0.3849999904632568,0.175,0.0170317743445903,18,1842
Bin 5,0.75,800,0.53125,-0.21875,0.175,0.0176541463198385,18,1842
Overall,0.7625000000000001,4000,0.2317499965429306,-0.5307500034570695,0.175,0.0066724518988825,18,1842
Bin 1,0.7625000000000001,800,0.0099999997764825,-0.7525000002235175,0.175,0.0035200128548165,18,1842
Bin 2,0.7625000000000001,800,0.0575000010430812,-0.7049999989569188,0.175,0.0082357133626409,18,1842
Bin 3,0.7625000000000001,800,0.1899999976158142,-0.5725000023841859,0.175,0.0138786084494659,18,1842
Bin 4,0.7625000000000001,800,0.3662500083446502,-0.3962499916553498,0.175,0.0170441128344918,18,1842
Bin 5,0.7625000000000001,800,0.5350000262260437,-0.2274999737739563,0.175,0.0176453376284997,18,1842
Overall,0.775,4000,0.2327499985694885,-0.5422500014305115,0.175,0.0066824784348783,18,1842
Bin 1,0.775,800,0.0099999997764825,-0.7650000002235174,0.175,0.0035200128548165,18,1842
Bin 2,0.775,800,0.0575000010430812,-0.7174999989569187,0.175,0.0082357133626409,18,1842
Bin 3,0.775,800,0.1912499964237213,-0.5837500035762787,0.175,0.0139134386050753,18,1842
Bin 4,0.775,800,0.3662500083446502,-0.4087499916553497,0.175,0.0170441128344918,18,1842
Bin 5,0.775,800,0.5387499928474426,-0.2362500071525574,0.175,0.0176355268958376,18,1842
Overall,0.7875000000000001,4000,0.2329999953508377,-0.5545000046491624,0.175,0.0066849777650278,18,1842
Bin 1,0.7875000000000001,800,0.0099999997764825,-0.7775000002235175,0.175,0.0035200128548165,18,1842
Bin 2,0.7875000000000001,800,0.0575000010430812,-0.7299999989569188,0.175,0.0082357133626409,18,1842
Bin 3,0.7875000000000001,800,0.1912499964237213,-0.5962500035762788,0.175,0.0139134386050753,18,1842
Bin 4,0.7875000000000001,800,0.3662500083446502,-0.4212499916553498,0.175,0.0170441128344918,18,1842
Bin 5,0.7875000000000001,800,0.5400000214576721,-0.2474999785423279,0.175,0.0176320339757673,18,1842
Overall,0.8,4000,0.2339999973773956,-0.5660000026226044,0.175,0.0066949388019868,18,1842
Bin 1,0.8,800,0.0099999997764825,-0.7900000002235175,0.175,0.0035200128548165,18,1842
Bin 2,0.8,800,0.0575000010430812,-0.7424999989569188,0.175,0.0082357133626409,18,1842
Bin 3,0.8,800,0.1912499964237213,-0.6087500035762787,0.175,0.0139134386050753,18,1842
Bin 4,0.8,800,0.3675000071525574,-0.4324999928474426,0.175,0.0170563290985327,18,1842
Bin 5,0.8,800,0.543749988079071,-0.256250011920929,0.175,0.0176208829733225,18,1842
Overall,0.8125,4000,0.2345000058412552,-0.5779999941587448,0.175,0.0066999002362146,18,1842
Bin 1,0.8125,800,0.0099999997764825,-0.8025000002235174,0.175,0.0035200128548165,18,1842
Bin 2,0.8125,800,0.0575000010430812,-0.7549999989569187,0.175,0.0082357133626409,18,1842
Bin 3,0.8125,800,0.1912499964237213,-0.6212500035762787,0.175,0.0139134386050753,18,1842
Bin 4,0.8125,800,0.3675000071525574,-0.4449999928474426,0.175,0.0170563290985327,18,1842
Bin 5,0.8125,800,0.5462499856948853,-0.2662500143051147,0.175,0.0176128898235024,18,1842
Overall,0.8250000000000001,4000,0.2345000058412552,-0.5904999941587449,0.175,0.0066999002362146,18,1842
Bin 1,0.8250000000000001,800,0.0099999997764825,-0.8150000002235175,0.175,0.0035200128548165,18,1842
Bin 2,0.8250000000000001,800,0.0575000010430812,-0.7674999989569188,0.175,0.0082357133626409,18,1842
Bin 3,0.8250000000000001,800,0.1912499964237213,-0.6337500035762788,0.175,0.0139134386050753,18,1842
Bin 4,0.8250000000000001,800,0.3675000071525574,-0.4574999928474427,0.175,0.0170563290985327,18,1842
Bin 5,0.8250000000000001,800,0.5462499856948853,-0.2787500143051148,0.175,0.0176128898235024,18,1842
Overall,0.8375,4000,0.2349999994039535,-0.6025000005960465,0.175,0.0067048480051758,18,1842
Bin 1,0.8375,800,0.0099999997764825,-0.8275000002235174,0.175,0.0035200128548165,18,1842
Bin 2,0.8375,800,0.0575000010430812,-0.7799999989569187,0.175,0.0082357133626409,18,1842
Bin 3,0.8375,800,0.1912499964237213,-0.6462500035762787,0.175,0.0139134386050753,18,1842
Bin 4,0.8375,800,0.3675000071525574,-0.4699999928474426,0.175,0.0170563290985327,18,1842
Bin 5,0.8375,800,0.5487499833106995,-0.2887500166893005,0.175,0.0176044509707593,18,1842
Overall,0.8500000000000001,4000,0.2349999994039535,-0.6150000005960465,0.175,0.0067048480051758,18,1842
Bin 1,0.8500000000000001,800,0.0099999997764825,-0.8400000002235175,0.175,0.0035200128548165,18,1842
Bin 2,0.8500000000000001,800,0.0575000010430812,-0.7924999989569188,0.175,0.0082357133626409,18,1842
Bin 3,0.8500000000000001,800,0.1912499964237213,-0.6587500035762788,0.175,0.0139134386050753,18,1842
Bin 4,0.8500000000000001,800,0.3675000071525574,-0.4824999928474427,0.175,0.0170563290985327,18,1842
Bin 5,0.8500000000000001,800,0.5487499833106995,-0.3012500166893006,0.175,0.0176044509707593,18,1842
Overall,0.8625,4000,0.2349999994039535,-0.6275000005960465,0.175,0.0067048480051758,18,1842
Bin 1,0.8625,800,0.0099999997764825,-0.8525000002235175,0.175,0.0035200128548165,18,1842
Bin 2,0.8625,800,0.0575000010430812,-0.8049999989569188,0.175,0.0082357133626409,18,1842
Bin 3,0.8625,800,0.1912499964237213,-0.6712500035762787,0.175,0.0139134386050753,18,1842
Bin 4,0.8625,800,0.3675000071525574,-0.4949999928474426,0.175,0.0170563290985327,18,1842
Bin 5,0.8625,800,0.5487499833106995,-0.3137500166893006,0.175,0.0176044509707593,18,1842
Overall,0.875,4000,0.2349999994039535,-0.6400000005960464,0.175,0.0067048480051758,18,1842
Bin 1,0.875,800,0.0099999997764825,-0.8650000002235174,0.175,0.0035200128548165,18,1842
Bin 2,0.875,800,0.0575000010430812,-0.8174999989569187,0.175,0.0082357133626409,18,1842
Bin 3,0.875,800,0.1912499964237213,-0.6837500035762787,0.175,0.0139134386050753,18,1842
Bin 4,0.875,800,0.3675000071525574,-0.5074999928474426,0.175,0.0170563290985327,18,1842
Bin 5,0.875,800,0.5487499833106995,-0.3262500166893005,0.175,0.0176044509707593,18,1842
Overall,0.8875000000000001,4000,0.2354999929666519,-0.6520000070333482,0.175,0.0067097830513025,18,1842
Bin 1,0.8875000000000001,800,0.0099999997764825,-0.8775000002235175,0.175,0.0035200128548165,18,1842
Bin 2,0.8875000000000001,800,0.0575000010430812,-0.8299999989569188,0.175,0.0082357133626409,18,1842
Bin 3,0.8875000000000001,800,0.1912499964237213,-0.6962500035762788,0.175,0.0139134386050753,18,1842
Bin 4,0.8875000000000001,800,0.3675000071525574,-0.5199999928474427,0.175,0.0170563290985327,18,1842
Bin 5,0.8875000000000001,800,0.5512499809265137,-0.3362500190734864,0.175,0.0175955632540796,18,1842
Overall,0.9,4000,0.2357500046491623,-0.6642499953508377,0.175,0.006712246097813,18,1842
Bin 1,0.9,800,0.0099999997764825,-0.8900000002235174,0.175,0.0035200128548165,18,1842
Bin 2,0.9,800,0.0575000010430812,-0.8424999989569187,0.175,0.0082357133626409,18,1842
Bin 3,0.9,800,0.1912499964237213,-0.7087500035762787,0.175,0.0139134386050753,18,1842
Bin 4,0.9,800,0.3675000071525574,-0.5324999928474426,0.175,0.0170563290985327,18,1842
Bin 5,0.9,800,0.5525000095367432,-0.3474999904632568,0.175,0.01759095028151,18,1842
Overall,0.9125,4000,0.2357500046491623,-0.6767499953508378,0.175,0.006712246097813,18,1842
Bin 1,0.9125,800,0.0099999997764825,-0.9025000002235176,0.175,0.0035200128548165,18,1842
Bin 2,0.9125,800,0.0575000010430812,-0.8549999989569188,0.175,0.0082357133626409,18,1842
Bin 3,0.9125,800,0.1912499964237213,-0.7212500035762788,0.175,0.0139134386050753,18,1842
Bin 4,0.9125,800,0.3675000071525574,-0.5449999928474427,0.175,0.0170563290985327,18,1842
Bin 5,0.9125,800,0.5525000095367432,-0.3599999904632569,0.175,0.01759095028151,18,1842
Overall,0.925,4000,0.2357500046491623,-0.6892499953508378,0.175,0.006712246097813,18,1842
Bin 1,0.925,800,0.0099999997764825,-0.9150000002235176,0.175,0.0035200128548165,18,1842
Bin 2,0.925,800,0.0575000010430812,-0.8674999989569188,0.175,0.0082357133626409,18,1842
Bin 3,0.925,800,0.1912499964237213,-0.7337500035762787,0.175,0.0139134386050753,18,1842
Bin 4,0.925,800,0.3675000071525574,-0.5574999928474427,0.175,0.0170563290985327,18,1842
Bin 5,0.925,800,0.5525000095367432,-0.3724999904632569,0.175,0.01759095028151,18,1842
Overall,0.9375,4000,0.2360000014305114,-0.7014999985694885,0.175,0.0067147058458108,18,1842
Bin 1,0.9375,800,0.0099999997764825,-0.9275000002235174,0.175,0.0035200128548165,18,1842
Bin 2,0.9375,800,0.0575000010430812,-0.8799999989569187,0.175,0.0082357133626409,18,1842
Bin 3,0.9375,800,0.1912499964237213,-0.7462500035762787,0.175,0.0139134386050753,18,1842
Bin 4,0.9375,800,0.3675000071525574,-0.5699999928474426,0.175,0.0170563290985327,18,1842
Bin 5,0.9375,800,0.5537499785423279,-0.3837500214576721,0.175,0.0175862245661208,18,1842
Overall,0.95,4000,0.2367500066757202,-0.7132499933242799,0.175,0.0067220643562963,18,1842
Bin 1,0.95,800,0.0099999997764825,-0.9400000002235176,0.175,0.0035200128548165,18,1842
Bin 2,0.95,800,0.0575000010430812,-0.8924999989569188,0.175,0.0082357133626409,18,1842
Bin 3,0.95,800,0.1912499964237213,-0.7587500035762788,0.175,0.0139134386050753,18,1842
Bin 4,0.95,800,0.3675000071525574,-0.5824999928474427,0.175,0.0170563290985327,18,1842
Bin 5,0.95,800,0.5575000047683716,-0.3924999952316285,0.175,0.0175713730703767,18,1842
Overall,0.9625,4000,0.2370000034570694,-0.7254999965429306,0.175,0.0067245118526757,18,1842
Bin 1,0.9625,800,0.0099999997764825,-0.9525000002235174,0.175,0.0035200128548165,18,1842
Bin 2,0.9625,800,0.0575000010430812,-0.9049999989569188,0.175,0.0082357133626409,18,1842
Bin 3,0.9625,800,0.1912499964237213,-0.7712500035762787,0.175,0.0139134386050753,18,1842
Bin 4,0.9625,800,0.3675000071525574,-0.5949999928474426,0.175,0.0170563290985327,18,1842
Bin 5,0.9625,800,0.5587499737739563,-0.4037500262260437,0.175,0.0175661963837084,18,1842
Overall,0.975,4000,0.2370000034570694,-0.7379999965429307,0.175,0.0067245118526757,18,1842
Bin 1,0.975,800,0.0099999997764825,-0.9650000002235176,0.175,0.0035200128548165,18,1842
Bin 2,0.975,800,0.0575000010430812,-0.9174999989569188,0.175,0.0082357133626409,18,1842
Bin 3,0.975,800,0.1912499964237213,-0.7837500035762788,0.175,0.0139134386050753,18,1842
Bin 4,0.975,800,0.3675000071525574,-0.6074999928474427,0.175,0.0170563290985327,18,1842
Bin 5,0.975,800,0.5587499737739563,-0.4162500262260438,0.175,0.0175661963837084,18,1842
Overall,0.9875,4000,0.2370000034570694,-0.7504999965429306,0.175,0.0067245118526757,18,1842
Bin 1,0.9875,800,0.0099999997764825,-0.9775000002235176,0.175,0.0035200128548165,18,1842
Bin 2,0.9875,800,0.0575000010430812,-0.9299999989569188,0.175,0.0082357133626409,18,1842
Bin 3,0.9875,800,0.1912499964237213,-0.7962500035762787,0.175,0.0139134386050753,18,1842
Bin 4,0.9875,800,0.3675000071525574,-0.6199999928474427,0.175,0.0170563290985327,18,1842
Bin 5,0.9875,800,0.5587499737739563,-0.4287500262260437,0.175,0.0175661963837084,18,1842
Overall,1.0,4000,0.2370000034570694,-0.7629999965429306,0.175,0.0067245118526757,18,1842
Bin 1,1.0,800,0.0099999997764825,-0.9900000002235174,0.175,0.0035200128548165,18,1842
Bin 2,1.0,800,0.0575000010430812,-0.9424999989569188,0.175,0.0082357133626409,18,1842
Bin 3,1.0,800,0.1912499964237213,-0.8087500035762787,0.175,0.0139134386050753,18,1842
Bin 4,1.0,800,0.3675000071525574,-0.6324999928474426,0.175,0.0170563290985327,18,1842
Bin 5,1.0,800,0.5587499737739563,-0.4412500262260437,0.175,0.0175661963837084,18,1842
Overall,0.0,4000,0.0,0.0,0.1875,0.0,19,1942
Bin 1,0.0,800,0.0,0.0,0.1875,0.0,19,1942
Bin 2,0.0,800,0.0,0.0,0.1875,0.0,19,1942
Bin 3,0.0,800,0.0,0.0,0.1875,0.0,19,1942
Bin 4,0.0,800,0.0,0.0,0.1875,0.0,19,1942
Bin 5,0.0,800,0.0,0.0,0.1875,0.0,19,1942
Overall,0.0125,4000,0.0085000004619359,-0.003999999538064,0.1875,0.0014517107544102,19,1942
Bin 1,0.0125,800,0.0049999998882412,-0.0075000001117587,0.1875,0.002495302058745,19,1942
Bin 2,0.0125,800,0.0074999998323619,-0.005000000167638,0.1875,0.0030522671300426,19,1942
Bin 3,0.0125,800,0.0049999998882412,-0.0075000001117587,0.1875,0.002495302058745,19,1942
Bin 4,0.0125,800,0.0125000001862645,1.8626451422920626e-10,0.1875,0.0039305210519702,19,1942
Bin 5,0.0125,800,0.0125000001862645,1.8626451422920626e-10,0.1875,0.003930521315388,19,1942
Overall,0.025,4000,0.0147500000894069,-0.010249999910593,0.1875,0.0019063099995009,19,1942
Bin 1,0.025,800,0.0049999998882412,-0.0200000001117587,0.1875,0.002495302058745,19,1942
Bin 2,0.025,800,0.0125000001862645,-0.0124999998137354,0.1875,0.0039305210519702,19,1942
Bin 3,0.025,800,0.0112500004470348,-0.0137499995529651,0.1875,0.0037311788391504,19,1942
Bin 4,0.025,800,0.0237499997019767,-0.0012500002980232,0.1875,0.0053868998704903,19,1942
Bin 5,0.025,800,0.0212500002235174,-0.0037499997764825,0.1875,0.0051020177310218,19,1942
Overall,0.0375,4000,0.0205000005662441,-0.0169999994337558,0.1875,0.0022408021530595,19,1942
Bin 1,0.0375,800,0.0049999998882412,-0.0325000001117587,0.1875,0.002495302058745,19,1942
Bin 2,0.0375,800,0.018750000745058,-0.0187499992549419,0.1875,0.004798627856701,19,1942
Bin 3,0.0375,800,0.0125000001862645,-0.0249999998137354,0.1875,0.0039305210519702,19,1942
Bin 4,0.0375,800,0.0387500002980232,0.0012500002980232,0.1875,0.0068277973612989,19,1942
Bin 5,0.0375,800,0.0274999998509883,-0.0100000001490116,0.1875,0.0057854583824199,19,1942
Overall,0.05,4000,0.0292499996721744,-0.0207500003278255,0.1875,0.0026646546659814,19,1942
Bin 1,0.05,800,0.0049999998882412,-0.0450000001117587,0.1875,0.002495302058745,19,1942
Bin 2,0.05,800,0.0287500005215406,-0.0212499994784593,0.1875,0.0059116813448471,19,1942
Bin 3,0.05,800,0.025000000372529,-0.0249999996274709,0.1875,0.0055233039310109,19,1942
Bin 4,0.05,800,0.0537500008940696,0.0037500008940696,0.1875,0.0079784542676865,19,1942
Bin 5,0.05,800,0.0337500013411045,-0.0162499986588954,0.1875,0.0063886377365275,19,1942
Overall,0.0625,4000,0.0377499982714653,-0.0247500017285347,0.1875,0.0030138856342552,19,1942
Bin 1,0.0625,800,0.0062500000931322,-0.0562499999068677,0.1875,0.0027880793566108,19,1942
Bin 2,0.0625,800,0.0287500005215406,-0.0337499994784593,0.1875,0.0059116813448471,19,1942
Bin 3,0.0625,800,0.0337500013411045,-0.0287499986588954,0.1875,0.0063886377365275,19,1942
Bin 4,0.0625,800,0.0700000002980232,0.0075000002980232,0.1875,0.0090264525146493,19,1942
Bin 5,0.0625,800,0.050000000745058,-0.0124999992549419,0.1875,0.00771033761772,19,1942
Overall,0.075,4000,0.0460000000894069,-0.028999999910593,0.1875,0.0033126644380402,19,1942
Bin 1,0.075,800,0.0062500000931322,-0.0687499999068677,0.1875,0.0027880793566108,19,1942
Bin 2,0.075,800,0.0324999988079071,-0.0425000011920929,0.1875,0.0062732670607562,19,1942
Bin 3,0.075,800,0.0412500016391277,-0.0337499983608722,0.1875,0.0070354396056795,19,1942
Bin 4,0.075,800,0.0837500020861625,0.0087500020861625,0.1875,0.0097999978598076,19,1942
Bin 5,0.075,800,0.0662499964237213,-0.0087500035762786,0.1875,0.0087990307542625,19,1942
Overall,0.0875,4000,0.0560000017285347,-0.0314999982714653,0.1875,0.0036358362140197,19,1942
Bin 1,0.0875,800,0.0062500000931322,-0.0812499999068677,0.1875,0.0027880793566108,19,1942
Bin 2,0.0875,800,0.0350000001490116,-0.0524999998509883,0.1875,0.0065016603060011,19,1942
Bin 3,0.0875,800,0.050000000745058,-0.0374999992549419,0.1875,0.00771033761772,19,1942
Bin 4,0.0875,800,0.1062500029802322,0.0187500029802322,0.1875,0.0109018229006748,19,1942
Bin 5,0.0875,800,0.0825000032782554,-0.0049999967217445,0.1875,0.0097332214466981,19,1942
Overall,0.1,4000,0.066500000655651,-0.0334999993443489,0.1875,0.0039399642628758,19,1942
Bin 1,0.1,800,0.0074999998323619,-0.092500000167638,0.1875,0.0030522671300426,19,1942
Bin 2,0.1,800,0.0362499989569187,-0.0637500010430812,0.1875,0.0066124559413666,19,1942
Bin 3,0.1,800,0.0612500011920928,-0.0387499988079071,0.1875,0.0084831016656741,19,1942
Bin 4,0.1,800,0.1225000023841857,0.0225000023841857,0.1875,0.0115989380970723,19,1942
Bin 5,0.1,800,0.1049999967217445,0.0049999967217445,0.1875,0.0108450795448534,19,1942
Overall,0.1125,4000,0.0719999969005584,-0.0405000030994415,0.1875,0.0040875635148365,19,1942
Bin 1,0.1125,800,0.0074999998323619,-0.105000000167638,0.1875,0.0030522671300426,19,1942
Bin 2,0.1125,800,0.0362499989569187,-0.0762500010430812,0.1875,0.0066124559413666,19,1942
Bin 3,0.1125,800,0.0662499964237213,-0.0462500035762786,0.1875,0.0087990307542625,19,1942
Bin 4,0.1125,800,0.1324999928474426,0.0199999928474426,0.1875,0.0119941438272029,19,1942
Bin 5,0.1125,800,0.1174999997019767,0.0049999997019767,0.1875,0.0113920760962248,19,1942
Overall,0.125,4000,0.0769999995827674,-0.0480000004172325,0.1875,0.0042157079036339,19,1942
Bin 1,0.125,800,0.0074999998323619,-0.117500000167638,0.1875,0.0030522671300426,19,1942
Bin 2,0.125,800,0.0362499989569187,-0.0887500010430812,0.1875,0.0066124559413666,19,1942
Bin 3,0.125,800,0.0712499991059303,-0.0537500008940696,0.1875,0.0091005677477557,19,1942
Bin 4,0.125,800,0.1375000029802322,0.0125000029802322,0.1875,0.0121830913100909,19,1942
Bin 5,0.125,800,0.1324999928474426,0.0074999928474426,0.1875,0.0119941448808741,19,1942
Overall,0.1375,4000,0.0825000032782554,-0.0549999967217445,0.1875,0.0043506514694161,19,1942
Bin 1,0.1375,800,0.0074999998323619,-0.130000000167638,0.1875,0.0030522671300426,19,1942
Bin 2,0.1375,800,0.0362499989569187,-0.1012500010430813,0.1875,0.0066124559413666,19,1942
Bin 3,0.1375,800,0.0799999982118606,-0.0575000017881393,0.1875,0.0095976634841613,19,1942
Bin 4,0.1375,800,0.1449999958276748,0.0074999958276748,0.1875,0.0124564315350946,19,1942
Bin 5,0.1375,800,0.1437499970197677,0.0062499970197677,0.1875,0.0124116873870443,19,1942
Overall,0.15,4000,0.0877500027418136,-0.0622499972581863,0.1875,0.0044740907655395,19,1942
Bin 1,0.15,800,0.0074999998323619,-0.142500000167638,0.1875,0.0030522671300426,19,1942
Bin 2,0.15,800,0.0387500002980232,-0.1112499997019768,0.1875,0.0068277973612989,19,1942
Bin 3,0.15,800,0.0850000008940696,-0.0649999991059303,0.1875,0.00986612521145,19,1942
Bin 4,0.15,800,0.1525000035762787,0.0025000035762786,0.1875,0.0127183678765626,19,1942
Bin 5,0.15,800,0.1550000011920929,0.0050000011920928,0.1875,0.0128032674345317,19,1942
Overall,0.1625,4000,0.0914999991655349,-0.071000000834465,0.1875,0.0045592913470507,19,1942
Bin 1,0.1625,800,0.0074999998323619,-0.155000000167638,0.1875,0.0030522671300426,19,1942
Bin 2,0.1625,800,0.0387500002980232,-0.1237499997019767,0.1875,0.0068277973612989,19,1942
Bin 3,0.1625,800,0.0912500023841857,-0.0712499976158142,0.1875,0.0101874443551273,19,1942
Bin 4,0.1625,800,0.1587499976158142,-0.0037500023841857,0.1875,0.0129284361989106,19,1942
Bin 5,0.1625,800,0.1612499952316284,-0.0012500047683715,0.1875,0.0130104623954825,19,1942
Overall,0.175,4000,0.0965000018477439,-0.078499998152256,0.1875,0.0046693028694296,19,1942
Bin 1,0.175,800,0.0074999998323619,-0.167500000167638,0.1875,0.0030522671300426,19,1942
Bin 2,0.175,800,0.0387500002980232,-0.1362499997019768,0.1875,0.0068277973612989,19,1942
Bin 3,0.175,800,0.0949999988079071,-0.0800000011920929,0.1875,0.0103731981605694,19,1942
Bin 4,0.175,800,0.1650000065565109,-0.009999993443489,0.1875,0.0131314238507087,19,1942
Bin 5,0.175,800,0.1762499958276748,0.0012499958276748,0.1875,0.0134799688048529,19,1942
Overall,0.1875,4000,0.098750002682209,-0.0887499973177909,0.1875,0.0047175384334238,19,1942
Bin 1,0.1875,800,0.0074999998323619,-0.180000000167638,0.1875,0.0030522671300426,19,1942
Bin 2,0.1875,800,0.0399999991059303,-0.1475000008940696,0.1875,0.0069325380750401,19,1942
Bin 3,0.1875,800,0.0962499976158142,-0.0912500023841857,0.1875,0.0104340065799297,19,1942
Bin 4,0.1875,800,0.1687500029802322,-0.0187499970197677,0.1875,0.0132499534327759,19,1942
Bin 5,0.1875,800,0.1812500059604644,-0.0062499940395355,0.1875,0.0136282877794476,19,1942
Overall,0.2,4000,0.1035000011324882,-0.0964999988675117,0.1875,0.0048169221480742,19,1942
Bin 1,0.2,800,0.0099999997764825,-0.1900000002235174,0.1875,0.0035200128548165,19,1942
Bin 2,0.2,800,0.0399999991059303,-0.1600000008940696,0.1875,0.0069325380750401,19,1942
Bin 3,0.2,800,0.1024999991059303,-0.0975000008940696,0.1875,0.0107301493036491,19,1942
Bin 4,0.2,800,0.1737499982118606,-0.0262500017881393,0.1875,0.0134043183727895,19,1942
Bin 5,0.2,800,0.1912499964237213,-0.0087500035762786,0.1875,0.0139134386050753,19,1942
Overall,0.2125,4000,0.1094999983906745,-0.1030000016093254,0.1875,0.0049379690801008,19,1942
Bin 1,0.2125,800,0.0099999997764825,-0.2025000002235174,0.1875,0.0035200128548165,19,1942
Bin 2,0.2125,800,0.0412500016391277,-0.1712499983608723,0.1875,0.0070354396056795,19,1942
Bin 3,0.2125,800,0.1099999994039535,-0.1025000005960464,0.1875,0.0110692438806859,19,1942
Bin 4,0.2125,800,0.1800000071525573,-0.0324999928474426,0.1875,0.0135915757670522,19,1942
Bin 5,0.2125,800,0.2062499970197677,-0.0062500029802322,0.1875,0.014314146606279,19,1942
Overall,0.225,4000,0.1120000034570694,-0.1129999965429306,0.1875,0.0049870047690185,19,1942
Bin 1,0.225,800,0.0099999997764825,-0.2150000002235174,0.1875,0.0035200128548165,19,1942
Bin 2,0.225,800,0.0425000004470348,-0.1824999995529651,0.1875,0.0071365851932427,19,1942
Bin 3,0.225,800,0.1112499982118606,-0.1137500017881393,0.1875,0.0111241390972001,19,1942
Bin 4,0.225,800,0.1850000023841858,-0.0399999976158142,0.1875,0.0137369802870723,19,1942
Bin 5,0.225,800,0.2112500071525573,-0.0137499928474426,0.1875,0.0144409137898877,19,1942
Overall,0.2375,4000,0.1180000007152557,-0.1194999992847442,0.1875,0.0051015197035843,19,1942
Bin 1,0.2375,800,0.0099999997764825,-0.2275000002235174,0.1875,0.0035200128548165,19,1942
Bin 2,0.2375,800,0.0437499992549419,-0.193750000745058,0.1875,0.0072360475410436,19,1942
Bin 3,0.2375,800,0.1137500032782554,-0.1237499967217445,0.1875,0.0112326029581717,19,1942
Bin 4,0.2375,800,0.1949999928474426,-0.0425000071525573,0.1875,0.0140165740507239,19,1942
Bin 5,0.2375,800,0.2275000065565109,-0.009999993443489,0.1875,0.0148308669690226,19,1942
Overall,0.25,4000,0.1220000013709068,-0.1279999986290931,0.1875,0.0051754897919857,19,1942
Bin 1,0.25,800,0.0099999997764825,-0.2400000002235174,0.1875,0.0035200128548165,19,1942
Bin 2,0.25,800,0.0450000017881393,-0.2049999982118606,0.1875,0.0073338925035328,19,1942
Bin 3,0.25,800,0.1212500035762786,-0.1287499964237213,0.1875,0.0115478234528695,19,1942
Bin 4,0.25,800,0.2000000029802322,-0.0499999970197677,0.1875,0.0141509824579676,19,1942
Bin 5,0.25,800,0.2337500005960464,-0.0162499994039535,0.1875,0.0149722706994478,19,1942
Overall,0.2625,4000,0.1270000040531158,-0.1354999959468841,0.1875,0.0052654237391364,19,1942
Bin 1,0.2625,800,0.0099999997764825,-0.2525000002235174,0.1875,0.0035200128548165,19,1942
Bin 2,0.2625,800,0.0450000017881393,-0.2174999982118606,0.1875,0.0073338925035328,19,1942
Bin 3,0.2625,800,0.1262499988079071,-0.1362500011920929,0.1875,0.011749946040602,19,1942
Bin 4,0.2625,800,0.2062499970197677,-0.0562500029802322,0.1875,0.014314146606279,19,1942
Bin 5,0.2625,800,0.2475000023841858,-0.0149999976158142,0.1875,0.0152674830314863,19,1942
Overall,0.275,4000,0.1309999972581863,-0.1440000027418136,0.1875,0.0053354351411528,19,1942
Bin 1,0.275,800,0.0099999997764825,-0.2650000002235174,0.1875,0.0035200128548165,19,1942
Bin 2,0.275,800,0.0450000017881393,-0.2299999982118606,0.1875,0.0073338925035328,19,1942
Bin 3,0.275,800,0.1324999928474426,-0.1425000071525574,0.1875,0.0119941438272029,19,1942
Bin 4,0.275,800,0.2162500023841858,-0.0587499976158142,0.1875,0.0145644282904625,19,1942
Bin 5,0.275,800,0.2512499988079071,-0.0237500011920929,0.1875,0.0153443335950611,19,1942
Overall,0.2875,4000,0.1344999969005584,-0.1530000030994415,0.1875,0.0053953417853023,19,1942
Bin 1,0.2875,800,0.0099999997764825,-0.2775000002235174,0.1875,0.0035200128548165,19,1942
Bin 2,0.2875,800,0.0450000017881393,-0.2424999982118607,0.1875,0.0073338925035328,19,1942
Bin 3,0.2875,800,0.135000005364418,-0.152499994635582,0.1875,0.0120893103574693,19,1942
Bin 4,0.2875,800,0.2237499952316284,-0.0637500047683716,0.1875,0.0147437842043006,19,1942
Bin 5,0.2875,800,0.2587499916553497,-0.0287500083446503,0.1875,0.0154934849699139,19,1942
Overall,0.3,4000,0.139500007033348,-0.1604999929666519,0.1875,0.0054788172447023,19,1942
Bin 1,0.3,800,0.0099999997764825,-0.2900000002235174,0.1875,0.0035200128548165,19,1942
Bin 2,0.3,800,0.0450000017881393,-0.2549999982118607,0.1875,0.0073338925035328,19,1942
Bin 3,0.3,800,0.1412499994039535,-0.1587500005960465,0.1875,0.0123212349817838,19,1942
Bin 4,0.3,800,0.2337500005960464,-0.0662499994039536,0.1875,0.0149722717531191,19,1942
Bin 5,0.3,800,0.2675000131130218,-0.0324999868869781,0.1875,0.015660019812435,19,1942
Overall,0.3125,4000,0.1420000046491623,-0.1704999953508377,0.1875,0.005519657543356,19,1942
Bin 1,0.3125,800,0.0099999997764825,-0.3025000002235174,0.1875,0.0035200128548165,19,1942
Bin 2,0.3125,800,0.0450000017881393,-0.2674999982118606,0.1875,0.0073338925035328,19,1942
Bin 3,0.3125,800,0.1437499970197677,-0.1687500029802322,0.1875,0.012411686333373,19,1942
Bin 4,0.3125,800,0.2387499958276748,-0.0737500041723251,0.1875,0.0150821053866672,19,1942
Bin 5,0.3125,800,0.2725000083446502,-0.0399999916553497,0.1875,0.0157516607588234,19,1942
Overall,0.325,4000,0.1442500054836273,-0.1807499945163727,0.1875,0.0055559157367355,19,1942
Bin 1,0.325,800,0.0099999997764825,-0.3150000002235174,0.1875,0.0035200128548165,19,1942
Bin 2,0.325,800,0.0450000017881393,-0.2799999982118606,0.1875,0.0073338925035328,19,1942
Bin 3,0.325,800,0.1449999958276748,-0.1800000041723251,0.1875,0.0124564315350946,19,1942
Bin 4,0.325,800,0.2437500059604644,-0.0812499940395355,0.1875,0.0151890856785712,19,1942
Bin 5,0.325,800,0.2775000035762787,-0.0474999964237213,0.1875,0.0158407971287391,19,1942
Overall,0.3375,4000,0.1465000063180923,-0.1909999936819076,0.1875,0.0055917126095614,19,1942
Bin 1,0.3375,800,0.0099999997764825,-0.3275000002235174,0.1875,0.0035200128548165,19,1942
Bin 2,0.3375,800,0.0450000017881393,-0.2924999982118607,0.1875,0.0073338925035328,19,1942
Bin 3,0.3375,800,0.1462499946355819,-0.191250005364418,0.1875,0.0125008595817812,19,1942
Bin 4,0.3375,800,0.2487500011920929,-0.0887499988079071,0.1875,0.0152932716344189,19,1942
Bin 5,0.3375,800,0.2824999988079071,-0.0550000011920929,0.1875,0.0159274700153593,19,1942
Overall,0.35,4000,0.1502500027418136,-0.1997499972581863,0.1875,0.0056503733583649,19,1942
Bin 1,0.35,800,0.0099999997764825,-0.3400000002235174,0.1875,0.0035200128548165,19,1942
Bin 2,0.35,800,0.0450000017881393,-0.3049999982118607,0.1875,0.0073338925035328,19,1942
Bin 3,0.35,800,0.1500000059604644,-0.1999999940395355,0.1875,0.0126322797774654,19,1942
Bin 4,0.35,800,0.2512499988079071,-0.0987500011920929,0.1875,0.0153443335950611,19,1942
Bin 5,0.35,800,0.2949999868869781,-0.0550000131130218,0.1875,0.016133634485864,19,1942
Overall,0.3625,4000,0.1535000056028366,-0.2089999943971634,0.1875,0.0057002247223371,19,1942
Bin 1,0.3625,800,0.0099999997764825,-0.3525000002235174,0.1875,0.0035200128548165,19,1942
Bin 2,0.3625,800,0.0474999994039535,-0.3150000005960465,0.1875,0.0075249900025305,19,1942
Bin 3,0.3625,800,0.1537500023841858,-0.2087499976158142,0.1875,0.0127609656963525,19,1942
Bin 4,0.3625,800,0.2562499940395355,-0.1062500059604645,0.1875,0.0154444344676169,19,1942
Bin 5,0.3625,800,0.3000000119209289,-0.062499988079071,0.1875,0.0162119875845882,19,1942
Overall,0.375,4000,0.1567499935626983,-0.2182500064373016,0.1875,0.005749184545464,19,1942
Bin 1,0.375,800,0.0099999997764825,-0.3650000002235174,0.1875,0.0035200128548165,19,1942
Bin 2,0.375,800,0.0487499982118606,-0.3262500017881393,0.1875,0.0076183558086942,19,1942
Bin 3,0.375,800,0.1537500023841858,-0.2212499976158142,0.1875,0.0127609656963525,19,1942
Bin 4,0.375,800,0.2662500143051147,-0.1087499856948852,0.1875,0.0156367126052084,19,1942
Bin 5,0.375,800,0.3050000071525574,-0.0699999928474426,0.1875,0.0162880447337397,19,1942
Overall,0.3875,4000,0.1592500060796737,-0.2282499939203262,0.1875,0.0057862537017371,19,1942
Bin 1,0.3875,800,0.0099999997764825,-0.3775000002235174,0.1875,0.0035200128548165,19,1942
Bin 2,0.3875,800,0.0487499982118606,-0.3387500017881393,0.1875,0.0076183558086942,19,1942
Bin 3,0.3875,800,0.15625,-0.23125,0.1875,0.0128452783594561,19,1942
Bin 4,0.3875,800,0.2662500143051147,-0.1212499856948852,0.1875,0.0156367126052084,19,1942
Bin 5,0.3875,800,0.3149999976158142,-0.0725000023841858,0.1875,0.0164333913018432,19,1942
Overall,0.4,4000,0.1617500036954879,-0.238249996304512,0.1875,0.0058228181855761,19,1942
Bin 1,0.4,800,0.0099999997764825,-0.3900000002235174,0.1875,0.0035200128548165,19,1942
Bin 2,0.4,800,0.050000000745058,-0.3499999992549419,0.1875,0.00771033761772,19,1942
Bin 3,0.4,800,0.1599999964237213,-0.2400000035762787,0.1875,0.012969590489139,19,1942
Bin 4,0.4,800,0.2687500119209289,-0.131249988079071,0.1875,0.0156831679153084,19,1942
Bin 5,0.4,800,0.3199999928474426,-0.0800000071525574,0.1875,0.016502739726383,19,1942
Overall,0.4125,4000,0.1634999960660934,-0.2490000039339066,0.1875,0.0058481177775309,19,1942
Bin 1,0.4125,800,0.0099999997764825,-0.4025000002235174,0.1875,0.0035200128548165,19,1942
Bin 2,0.4125,800,0.050000000745058,-0.362499999254942,0.1875,0.00771033761772,19,1942
Bin 3,0.4125,800,0.1599999964237213,-0.2525000035762787,0.1875,0.012969590489139,19,1942
Bin 4,0.4125,800,0.2712500095367431,-0.1412499904632568,0.1875,0.0157289868079958,19,1942
Bin 5,0.4125,800,0.3262499868869781,-0.0862500131130218,0.1875,0.0165863675031983,19,1942
Overall,0.425,4000,0.1657499969005584,-0.2592500030994416,0.1875,0.0058802957107738,19,1942
Bin 1,0.425,800,0.0099999997764825,-0.4150000002235174,0.1875,0.0035200128548165,19,1942
Bin 2,0.425,800,0.050000000745058,-0.374999999254942,0.1875,0.00771033761772,19,1942
Bin 3,0.425,800,0.1599999964237213,-0.2650000035762787,0.1875,0.012969590489139,19,1942
Bin 4,0.425,800,0.2762500047683716,-0.1487499952316284,0.1875,0.0158187458975982,19,1942
Bin 5,0.425,800,0.332500010728836,-0.0924999892711639,0.1875,0.0166666414445434,19,1942
Overall,0.4375,4000,0.1679999977350235,-0.2695000022649765,0.1875,0.005912083948309,19,1942
Bin 1,0.4375,800,0.0099999997764825,-0.4275000002235174,0.1875,0.0035200128548165,19,1942
Bin 2,0.4375,800,0.050000000745058,-0.3874999992549419,0.1875,0.00771033761772,19,1942
Bin 3,0.4375,800,0.1612499952316284,-0.2762500047683716,0.1875,0.0130104623954825,19,1942
Bin 4,0.4375,800,0.2787500023841858,-0.1587499976158142,0.1875,0.0158626945238829,19,1942
Bin 5,0.4375,800,0.3400000035762787,-0.0974999964237213,0.1875,0.0167586121900214,19,1942
Overall,0.45,4000,0.1710000038146972,-0.2789999961853027,0.1875,0.0059538737473871,19,1942
Bin 1,0.45,800,0.0099999997764825,-0.4400000002235174,0.1875,0.0035200128548165,19,1942
Bin 2,0.45,800,0.050000000745058,-0.3999999992549419,0.1875,0.00771033761772,19,1942
Bin 3,0.45,800,0.1637499928474426,-0.2862500071525574,0.1875,0.0130913769689249,19,1942
Bin 4,0.45,800,0.2837499976158142,-0.1662500023841858,0.1875,0.015948757334871,19,1942
Bin 5,0.45,800,0.3474999964237213,-0.1025000035762787,0.1875,0.0168459025279724,19,1942
Overall,0.4625,4000,0.1722500026226043,-0.2902499973773956,0.1875,0.0059710882136432,19,1942
Bin 1,0.4625,800,0.0099999997764825,-0.4525000002235174,0.1875,0.0035200128548165,19,1942
Bin 2,0.4625,800,0.050000000745058,-0.4124999992549419,0.1875,0.00771033761772,19,1942
Bin 3,0.4625,800,0.166250005364418,-0.296249994635582,0.1875,0.0131712009926621,19,1942
Bin 4,0.4625,800,0.2862499952316284,-0.1762500047683716,0.1875,0.0159908810026152,19,1942
Bin 5,0.4625,800,0.3487499952316284,-0.1137500047683716,0.1875,0.0168600006487993,19,1942
Overall,0.475,4000,0.176499992609024,-0.298500007390976,0.1875,0.0060287669481119,19,1942
Bin 1,0.475,800,0.0099999997764825,-0.4650000002235174,0.1875,0.0035200128548165,19,1942
Bin 2,0.475,800,0.050000000745058,-0.424999999254942,0.1875,0.00771033761772,19,1942
Bin 3,0.475,800,0.1675000041723251,-0.3074999958276749,0.1875,0.013210708394785,19,1942
Bin 4,0.475,800,0.293749988079071,-0.181250011920929,0.1875,0.016113682167779,19,1942
Bin 5,0.475,800,0.3612500131130218,-0.1137499868869781,0.1875,0.0169940139293381,19,1942
Overall,0.4875,4000,0.1782499998807907,-0.3092500001192093,0.1875,0.0060521397374683,19,1942
Bin 1,0.4875,800,0.0099999997764825,-0.4775000002235174,0.1875,0.0035200128548165,19,1942
Bin 2,0.4875,800,0.050000000745058,-0.437499999254942,0.1875,0.00771033761772,19,1942
Bin 3,0.4875,800,0.1687500029802322,-0.3187499970197678,0.1875,0.0132499534327759,19,1942
Bin 4,0.4875,800,0.2962499856948852,-0.1912500143051148,0.1875,0.0161534382363081,19,1942
Bin 5,0.4875,800,0.3662500083446502,-0.1212499916553497,0.1875,0.017044113888163,19,1942
Overall,0.5,4000,0.1805000007152557,-0.3194999992847442,0.1875,0.0060818734728444,19,1942
Bin 1,0.5,800,0.0099999997764825,-0.4900000002235174,0.1875,0.0035200128548165,19,1942
Bin 2,0.5,800,0.050000000745058,-0.4499999992549419,0.1875,0.00771033761772,19,1942
Bin 3,0.5,800,0.1687500029802322,-0.3312499970197677,0.1875,0.0132499534327759,19,1942
Bin 4,0.5,800,0.3025000095367431,-0.1974999904632568,0.1875,0.0162503001235558,19,1942
Bin 5,0.5,800,0.3712500035762787,-0.1287499964237213,0.1875,0.0170922339987791,19,1942
Overall,0.5125000000000001,4000,0.184249997138977,-0.328250002861023,0.1875,0.0061306504641278,19,1942
Bin 1,0.5125000000000001,800,0.0099999997764825,-0.5025000002235175,0.1875,0.0035200128548165,19,1942
Bin 2,0.5125000000000001,800,0.050000000745058,-0.462499999254942,0.1875,0.00771033761772,19,1942
Bin 3,0.5125000000000001,800,0.1687500029802322,-0.3437499970197678,0.1875,0.0132499534327759,19,1942
Bin 4,0.5125000000000001,800,0.3100000023841858,-0.2024999976158142,0.1875,0.0163618354361126,19,1942
Bin 5,0.5125000000000001,800,0.3824999928474426,-0.1300000071525574,0.1875,0.0171933622007674,19,1942
Overall,0.525,4000,0.1854999959468841,-0.3395000040531158,0.1875,0.006146696785693,19,1942
Bin 1,0.525,800,0.0099999997764825,-0.5150000002235174,0.1875,0.0035200128548165,19,1942
Bin 2,0.525,800,0.050000000745058,-0.4749999992549419,0.1875,0.00771033761772,19,1942
Bin 3,0.525,800,0.1687500029802322,-0.3562499970197678,0.1875,0.0132499534327759,19,1942
Bin 4,0.525,800,0.3112500011920929,-0.2137499988079071,0.1875,0.0163799332928632,19,1942
Bin 5,0.525,800,0.387499988079071,-0.1375000119209289,0.1875,0.0172351676598053,19,1942
Overall,0.5375,4000,0.1879999935626983,-0.3495000064373016,0.1875,0.0061784741852581,19,1942
Bin 1,0.5375,800,0.0099999997764825,-0.5275000002235174,0.1875,0.0035200128548165,19,1942
Bin 2,0.5375,800,0.050000000745058,-0.4874999992549419,0.1875,0.00771033761772,19,1942
Bin 3,0.5375,800,0.1700000017881393,-0.3674999982118606,0.1875,0.0132889329456212,19,1942
Bin 4,0.5375,800,0.3174999952316284,-0.2200000047683715,0.1875,0.0164683384149572,19,1942
Bin 5,0.5375,800,0.3925000131130218,-0.1449999868869781,0.1875,0.0172750607055921,19,1942
Overall,0.55,4000,0.1914999932050705,-0.3585000067949295,0.1875,0.0062222680663735,19,1942
Bin 1,0.55,800,0.0099999997764825,-0.5400000002235175,0.1875,0.0035200128548165,19,1942
Bin 2,0.55,800,0.050000000745058,-0.499999999254942,0.1875,0.00771033761772,19,1942
Bin 3,0.55,800,0.1712500005960464,-0.3787499994039536,0.1875,0.0133276532553482,19,1942
Bin 4,0.55,800,0.3212499916553497,-0.2287500083446503,0.1875,0.016519735443045,19,1942
Bin 5,0.55,800,0.4050000011920929,-0.1449999988079071,0.1875,0.0173665140985047,19,1942
Overall,0.5625,4000,0.1947499960660934,-0.3677500039339065,0.1875,0.0062622210651268,19,1942
Bin 1,0.5625,800,0.0099999997764825,-0.5525000002235174,0.1875,0.0035200128548165,19,1942
Bin 2,0.5625,800,0.050000000745058,-0.5124999992549419,0.1875,0.00771033761772,19,1942
Bin 3,0.5625,800,0.1737499982118606,-0.3887500017881393,0.1875,0.0134043183727895,19,1942
Bin 4,0.5625,800,0.324999988079071,-0.2375000119209289,0.1875,0.0165699112661973,19,1942
Bin 5,0.5625,800,0.4149999916553497,-0.1475000083446502,0.1875,0.0174312537651598,19,1942
Overall,0.5750000000000001,4000,0.197500005364418,-0.377499994635582,0.1875,0.00629550211524,19,1942
Bin 1,0.5750000000000001,800,0.0099999997764825,-0.5650000002235175,0.1875,0.0035200128548165,19,1942
Bin 2,0.5750000000000001,800,0.050000000745058,-0.524999999254942,0.1875,0.00771033761772,19,1942
Bin 3,0.5750000000000001,800,0.1749999970197677,-0.4000000029802323,0.1875,0.0134422695025311,19,1942
Bin 4,0.5750000000000001,800,0.3287500143051147,-0.2462499856948853,0.1875,0.0166188753674548,19,1942
Bin 5,0.5750000000000001,800,0.4237500131130218,-0.1512499868869782,0.1875,0.0174818299833729,19,1942
Overall,0.5875,4000,0.1990000009536743,-0.3884999990463257,0.1875,0.0063134554483276,19,1942
Bin 1,0.5875,800,0.0099999997764825,-0.5775000002235174,0.1875,0.0035200128548165,19,1942
Bin 2,0.5875,800,0.050000000745058,-0.537499999254942,0.1875,0.00771033761772,19,1942
Bin 3,0.5875,800,0.1762499958276748,-0.4112500041723251,0.1875,0.0134799677511817,19,1942
Bin 4,0.5875,800,0.3300000131130218,-0.2574999868869781,0.1875,0.0166349301557238,19,1942
Bin 5,0.5875,800,0.4287500083446502,-0.1587499916553497,0.1875,0.0175082107495271,19,1942
Overall,0.6000000000000001,4000,0.2000000029802322,-0.3999999970197678,0.1875,0.0063253461151815,19,1942
Bin 1,0.6000000000000001,800,0.0099999997764825,-0.5900000002235175,0.1875,0.0035200128548165,19,1942
Bin 2,0.6000000000000001,800,0.050000000745058,-0.549999999254942,0.1875,0.00771033761772,19,1942
Bin 3,0.6000000000000001,800,0.1774999946355819,-0.4225000053644181,0.1875,0.0135174183870973,19,1942
Bin 4,0.6000000000000001,800,0.332500010728836,-0.267499989271164,0.1875,0.0166666414445434,19,1942
Bin 5,0.6000000000000001,800,0.4300000071525574,-0.1699999928474427,0.1875,0.0175145211864204,19,1942
Overall,0.6125,4000,0.202000007033348,-0.4104999929666519,0.1875,0.0063489427321814,19,1942
Bin 1,0.6125,800,0.0099999997764825,-0.6025000002235175,0.1875,0.0035200128548165,19,1942
Bin 2,0.6125,800,0.050000000745058,-0.562499999254942,0.1875,0.00771033761772,19,1942
Bin 3,0.6125,800,0.178749993443489,-0.4337500065565109,0.1875,0.0135546193029354,19,1942
Bin 4,0.6125,800,0.3362500071525574,-0.2762499928474426,0.1875,0.0167132147658191,19,1942
Bin 5,0.6125,800,0.4350000023841858,-0.1774999976158142,0.1875,0.0175386218080701,19,1942
Overall,0.625,4000,0.2035000026226043,-0.4214999973773956,0.1875,0.0063664799814602,19,1942
Bin 1,0.625,800,0.0099999997764825,-0.6150000002235174,0.1875,0.0035200128548165,19,1942
Bin 2,0.625,800,0.050000000745058,-0.5749999992549419,0.1875,0.00771033761772,19,1942
Bin 3,0.625,800,0.1812500059604644,-0.4437499940395355,0.1875,0.0136282877794476,19,1942
Bin 4,0.625,800,0.3375000059604645,-0.2874999940395355,0.1875,0.0167284782470074,19,1942
Bin 5,0.625,800,0.4387499988079071,-0.1862500011920929,0.1875,0.0175555047819124,19,1942
Overall,0.6375000000000001,4000,0.2037499994039535,-0.4337500005960465,0.1875,0.0063693897408255,19,1942
Bin 1,0.6375000000000001,800,0.0099999997764825,-0.6275000002235175,0.1875,0.0035200128548165,19,1942
Bin 2,0.6375000000000001,800,0.050000000745058,-0.587499999254942,0.1875,0.00771033761772,19,1942
Bin 3,0.6375000000000001,800,0.1825000047683715,-0.4549999952316285,0.1875,0.0136647574474641,19,1942
Bin 4,0.6375000000000001,800,0.3375000059604645,-0.2999999940395356,0.1875,0.0167284782470074,19,1942
Bin 5,0.6375000000000001,800,0.4387499988079071,-0.1987500011920929,0.1875,0.0175555047819124,19,1942
Overall,0.65,4000,0.2047500014305114,-0.4452499985694885,0.1875,0.0063809906097831,19,1942
Bin 1,0.65,800,0.0099999997764825,-0.6400000002235174,0.1875,0.0035200128548165,19,1942
Bin 2,0.65,800,0.050000000745058,-0.599999999254942,0.1875,0.00771033761772,19,1942
Bin 3,0.65,800,0.1825000047683715,-0.4674999952316284,0.1875,0.0136647574474641,19,1942
Bin 4,0.65,800,0.3387500047683716,-0.3112499952316284,0.1875,0.016743610019294,19,1942
Bin 5,0.65,800,0.4424999952316284,-0.2075000047683716,0.1875,0.0175713720167055,19,1942
Overall,0.6625000000000001,4000,0.2057500034570694,-0.4567499965429307,0.1875,0.0063925306918648,19,1942
Bin 1,0.6625000000000001,800,0.0099999997764825,-0.6525000002235175,0.1875,0.0035200128548165,19,1942
Bin 2,0.6625000000000001,800,0.050000000745058,-0.612499999254942,0.1875,0.00771033761772,19,1942
Bin 3,0.6625000000000001,800,0.1825000047683715,-0.4799999952316285,0.1875,0.0136647574474641,19,1942
Bin 4,0.6625000000000001,800,0.3412500023841858,-0.3212499976158143,0.1875,0.0167734826518473,19,1942
Bin 5,0.6625000000000001,800,0.4449999928474426,-0.2175000071525574,0.1875,0.0175813850542405,19,1942
Overall,0.675,4000,0.2080000042915344,-0.4669999957084656,0.1875,0.0064182784103226,19,1942
Bin 1,0.675,800,0.0099999997764825,-0.6650000002235175,0.1875,0.0035200128548165,19,1942
Bin 2,0.675,800,0.050000000745058,-0.624999999254942,0.1875,0.00771033761772,19,1942
Bin 3,0.675,800,0.1825000047683715,-0.4924999952316284,0.1875,0.0136647574474641,19,1942
Bin 4,0.675,800,0.3425000011920929,-0.3324999988079071,0.1875,0.0167882245657852,19,1942
Bin 5,0.675,800,0.4550000131130218,-0.2199999868869782,0.1875,0.0176169443503291,19,1942
Overall,0.6875,4000,0.2082500010728836,-0.4792499989271164,0.1875,0.0064211212570029,19,1942
Bin 1,0.6875,800,0.0099999997764825,-0.6775000002235174,0.1875,0.0035200128548165,19,1942
Bin 2,0.6875,800,0.050000000745058,-0.6374999992549419,0.1875,0.00771033761772,19,1942
Bin 3,0.6875,800,0.1825000047683715,-0.5049999952316284,0.1875,0.0136647574474641,19,1942
Bin 4,0.6875,800,0.34375,-0.34375,0.1875,0.0168028368781639,19,1942
Bin 5,0.6875,800,0.4550000131130218,-0.2324999868869781,0.1875,0.0176169443503291,19,1942
Overall,0.7000000000000001,4000,0.2092500030994415,-0.4907499969005585,0.1875,0.0064324535327883,19,1942
Bin 1,0.7000000000000001,800,0.0099999997764825,-0.6900000002235175,0.1875,0.0035200128548165,19,1942
Bin 2,0.7000000000000001,800,0.050000000745058,-0.649999999254942,0.1875,0.00771033761772,19,1942
Bin 3,0.7000000000000001,800,0.1825000047683715,-0.5174999952316285,0.1875,0.0136647574474641,19,1942
Bin 4,0.7000000000000001,800,0.3449999988079071,-0.3550000011920929,0.1875,0.0168173206426547,19,1942
Bin 5,0.7000000000000001,800,0.4587500095367431,-0.2412499904632569,0.1875,0.0176284293665484,19,1942
Overall,0.7125,4000,0.210999995470047,-0.501500004529953,0.1875,0.0064521437683893,19,1942
Bin 1,0.7125,800,0.0099999997764825,-0.7025000002235174,0.1875,0.0035200128548165,19,1942
Bin 2,0.7125,800,0.050000000745058,-0.662499999254942,0.1875,0.00771033761772,19,1942
Bin 3,0.7125,800,0.1825000047683715,-0.5299999952316284,0.1875,0.0136647574474641,19,1942
Bin 4,0.7125,800,0.3474999964237213,-0.3650000035762787,0.1875,0.0168459014743011,19,1942
Bin 5,0.7125,800,0.4650000035762787,-0.2474999964237213,0.1875,0.0176453365748285,19,1942
Overall,0.7250000000000001,4000,0.2119999974966049,-0.5130000025033952,0.1875,0.0064633153594875,19,1942
Bin 1,0.7250000000000001,800,0.0099999997764825,-0.7150000002235175,0.1875,0.0035200128548165,19,1942
Bin 2,0.7250000000000001,800,0.050000000745058,-0.674999999254942,0.1875,0.00771033761772,19,1942
Bin 3,0.7250000000000001,800,0.1837500035762787,-0.5412499964237214,0.1875,0.0137009879321153,19,1942
Bin 4,0.7250000000000001,800,0.3474999964237213,-0.3775000035762788,0.1875,0.0168459014743011,19,1942
Bin 5,0.7250000000000001,800,0.46875,-0.2562500000000001,0.1875,0.0176541463198385,19,1942
Overall,0.7375,4000,0.2140000015497207,-0.5234999984502793,0.1875,0.0064854851341622,19,1942
Bin 1,0.7375,800,0.0099999997764825,-0.7275000002235175,0.1875,0.0035200128548165,19,1942
Bin 2,0.7375,800,0.050000000745058,-0.687499999254942,0.1875,0.00771033761772,19,1942
Bin 3,0.7375,800,0.1837500035762787,-0.5537499964237214,0.1875,0.0137009879321153,19,1942
Bin 4,0.7375,800,0.3487499952316284,-0.3887500047683716,0.1875,0.0168600027561417,19,1942
Bin 5,0.7375,800,0.4774999916553497,-0.2600000083446503,0.1875,0.0176708101300685,19,1942
Overall,0.75,4000,0.2144999951124191,-0.5355000048875809,0.1875,0.0064909912941919,19,1942
Bin 1,0.75,800,0.0099999997764825,-0.7400000002235174,0.1875,0.0035200128548165,19,1942
Bin 2,0.75,800,0.050000000745058,-0.6999999992549419,0.1875,0.00771033761772,19,1942
Bin 3,0.75,800,0.1837500035762787,-0.5662499964237213,0.1875,0.0137009879321153,19,1942
Bin 4,0.75,800,0.3499999940395355,-0.4000000059604645,0.1875,0.016873969168067,19,1942
Bin 5,0.75,800,0.4787499904632568,-0.2712500095367431,0.1875,0.0176727467777576,19,1942
Overall,0.7625000000000001,4000,0.2160000056028366,-0.5464999943971635,0.1875,0.0065074249553843,19,1942
Bin 1,0.7625000000000001,800,0.0099999997764825,-0.7525000002235175,0.1875,0.0035200128548165,19,1942
Bin 2,0.7625000000000001,800,0.050000000745058,-0.712499999254942,0.1875,0.00771033761772,19,1942
Bin 3,0.7625000000000001,800,0.1837500035762787,-0.5787499964237214,0.1875,0.0137009879321153,19,1942
Bin 4,0.7625000000000001,800,0.3524999916553497,-0.4100000083446503,0.1875,0.0169015310996507,19,1942
Bin 5,0.7625000000000001,800,0.4837499856948852,-0.2787500143051148,0.1875,0.0176793827990556,19,1942
Overall,0.775,4000,0.2185000032186508,-0.5564999967813492,0.1875,0.0065345321322661,19,1942
Bin 1,0.775,800,0.0099999997764825,-0.7650000002235174,0.1875,0.0035200128548165,19,1942
Bin 2,0.775,800,0.050000000745058,-0.724999999254942,0.1875,0.00771033761772,19,1942
Bin 3,0.775,800,0.1850000023841858,-0.5899999976158142,0.1875,0.0137369802870723,19,1942
Bin 4,0.775,800,0.3537499904632568,-0.4212500095367432,0.1875,0.0169151202972818,19,1942
Bin 5,0.775,800,0.4937500059604645,-0.2812499940395355,0.1875,0.0176873464460817,19,1942
Overall,0.7875000000000001,4000,0.2195000052452087,-0.5679999947547913,0.1875,0.0065452763303693,19,1942
Bin 1,0.7875000000000001,800,0.0099999997764825,-0.7775000002235175,0.1875,0.0035200128548165,19,1942
Bin 2,0.7875000000000001,800,0.050000000745058,-0.737499999254942,0.1875,0.00771033761772,19,1942
Bin 3,0.7875000000000001,800,0.1862500011920929,-0.6012499988079072,0.1875,0.0137727366196778,19,1942
Bin 4,0.7875000000000001,800,0.3537499904632568,-0.4337500095367432,0.1875,0.0169151202972818,19,1942
Bin 5,0.7875000000000001,800,0.4975000023841858,-0.2899999976158143,0.1875,0.0176885075917582,19,1942
Overall,0.8,4000,0.221000000834465,-0.578999999165535,0.1875,0.0065612887243759,19,1942
Bin 1,0.8,800,0.0099999997764825,-0.7900000002235175,0.1875,0.0035200128548165,19,1942
Bin 2,0.8,800,0.050000000745058,-0.749999999254942,0.1875,0.00771033761772,19,1942
Bin 3,0.8,800,0.1862500011920929,-0.6137499988079071,0.1875,0.0137727366196778,19,1942
Bin 4,0.8,800,0.3537499904632568,-0.4462500095367432,0.1875,0.0169151202972818,19,1942
Bin 5,0.8,800,0.5049999952316284,-0.2950000047683716,0.1875,0.0176878437788942,19,1942
Overall,0.8125,4000,0.2217500060796737,-0.5907499939203262,0.1875,0.0065692485065942,19,1942
Bin 1,0.8125,800,0.0099999997764825,-0.8025000002235174,0.1875,0.0035200128548165,19,1942
Bin 2,0.8125,800,0.050000000745058,-0.7624999992549419,0.1875,0.00771033761772,19,1942
Bin 3,0.8125,800,0.1862500011920929,-0.6262499988079071,0.1875,0.0137727366196778,19,1942
Bin 4,0.8125,800,0.3537499904632568,-0.4587500095367431,0.1875,0.0169151202972818,19,1942
Bin 5,0.8125,800,0.5087500214576721,-0.3037499785423279,0.1875,0.0176860209276961,19,1942
Overall,0.8250000000000001,4000,0.2227499932050705,-0.6022500067949296,0.1875,0.0065798122289343,19,1942
Bin 1,0.8250000000000001,800,0.0099999997764825,-0.8150000002235175,0.1875,0.0035200128548165,19,1942
Bin 2,0.8250000000000001,800,0.050000000745058,-0.774999999254942,0.1875,0.00771033761772,19,1942
Bin 3,0.8250000000000001,800,0.1862500011920929,-0.6387499988079072,0.1875,0.0137727366196778,19,1942
Bin 4,0.8250000000000001,800,0.356249988079071,-0.468750011920929,0.1875,0.0169419214782499,19,1942
Bin 5,0.8250000000000001,800,0.5112500190734863,-0.3137499809265137,0.1875,0.0176842507600586,19,1942
Overall,0.8375,4000,0.2237499952316284,-0.6137500047683716,0.1875,0.006590322703856,19,1942
Bin 1,0.8375,800,0.0099999997764825,-0.8275000002235174,0.1875,0.0035200128548165,19,1942
Bin 2,0.8375,800,0.050000000745058,-0.787499999254942,0.1875,0.00771033761772,19,1942
Bin 3,0.8375,800,0.1862500011920929,-0.6512499988079071,0.1875,0.0137727366196778,19,1942
Bin 4,0.8375,800,0.3574999868869781,-0.4800000131130219,0.1875,0.0169551334615868,19,1942
Bin 5,0.8375,800,0.5149999856948853,-0.3225000143051147,0.1875,0.0176807652156868,19,1942
Overall,0.8500000000000001,4000,0.2240000069141388,-0.6259999930858613,0.1875,0.0065929407804606,19,1942
Bin 1,0.8500000000000001,800,0.0099999997764825,-0.8400000002235175,0.1875,0.0035200128548165,19,1942
Bin 2,0.8500000000000001,800,0.050000000745058,-0.799999999254942,0.1875,0.00771033761772,19,1942
Bin 3,0.8500000000000001,800,0.1862500011920929,-0.6637499988079072,0.1875,0.0137727366196778,19,1942
Bin 4,0.8500000000000001,800,0.3574999868869781,-0.4925000131130219,0.1875,0.0169551334615868,19,1942
Bin 5,0.8500000000000001,800,0.5162500143051147,-0.3337499856948853,0.1875,0.0176793827990556,19,1942
Overall,0.8625,4000,0.2247499972581863,-0.6377500027418137,0.1875,0.0066007766328468,19,1942
Bin 1,0.8625,800,0.0099999997764825,-0.8525000002235175,0.1875,0.0035200128548165,19,1942
Bin 2,0.8625,800,0.050000000745058,-0.812499999254942,0.1875,0.00771033761772,19,1942
Bin 3,0.8625,800,0.1862500011920929,-0.6762499988079071,0.1875,0.0137727366196778,19,1942
Bin 4,0.8625,800,0.3574999868869781,-0.5050000131130219,0.1875,0.0169551334615868,19,1942
Bin 5,0.8625,800,0.5199999809265137,-0.3425000190734864,0.1875,0.0176745727899693,19,1942
Overall,0.875,4000,0.2247499972581863,-0.6502500027418137,0.1875,0.0066007766328468,19,1942
Bin 1,0.875,800,0.0099999997764825,-0.8650000002235174,0.1875,0.0035200128548165,19,1942
Bin 2,0.875,800,0.050000000745058,-0.8249999992549419,0.1875,0.00771033761772,19,1942
Bin 3,0.875,800,0.1862500011920929,-0.6887499988079071,0.1875,0.0137727366196778,19,1942
Bin 4,0.875,800,0.3574999868869781,-0.5175000131130219,0.1875,0.0169551334615868,19,1942
Bin 5,0.875,800,0.5199999809265137,-0.3550000190734863,0.1875,0.0176745727899693,19,1942
Overall,0.8875000000000001,4000,0.2249999940395355,-0.6625000059604645,0.1875,0.0066033815154009,19,1942
Bin 1,0.8875000000000001,800,0.0099999997764825,-0.8775000002235175,0.1875,0.0035200128548165,19,1942
Bin 2,0.8875000000000001,800,0.050000000745058,-0.837499999254942,0.1875,0.00771033761772,19,1942
Bin 3,0.8875000000000001,800,0.1862500011920929,-0.7012499988079072,0.1875,0.0137727366196778,19,1942
Bin 4,0.8875000000000001,800,0.3574999868869781,-0.5300000131130219,0.1875,0.0169551334615868,19,1942
Bin 5,0.8875000000000001,800,0.5212500095367432,-0.3662499904632569,0.1875,0.0176727457240864,19,1942
Overall,0.9,4000,0.225500002503395,-0.6744999974966049,0.1875,0.0066085818561871,19,1942
Bin 1,0.9,800,0.0099999997764825,-0.8900000002235174,0.1875,0.0035200128548165,19,1942
Bin 2,0.9,800,0.050000000745058,-0.849999999254942,0.1875,0.00771033761772,19,1942
Bin 3,0.9,800,0.1862500011920929,-0.7137499988079071,0.1875,0.0137727366196778,19,1942
Bin 4,0.9,800,0.3574999868869781,-0.5425000131130219,0.1875,0.0169551334615868,19,1942
Bin 5,0.9,800,0.5237500071525574,-0.3762499928474426,0.1875,0.0176687628469021,19,1942
Overall,0.9125,4000,0.2257499992847442,-0.6867500007152558,0.1875,0.0066111773144193,19,1942
Bin 1,0.9125,800,0.0099999997764825,-0.9025000002235176,0.1875,0.0035200128548165,19,1942
Bin 2,0.9125,800,0.050000000745058,-0.862499999254942,0.1875,0.00771033761772,19,1942
Bin 3,0.9125,800,0.1862500011920929,-0.7262499988079072,0.1875,0.0137727366196778,19,1942
Bin 4,0.9125,800,0.3574999868869781,-0.5550000131130219,0.1875,0.0169551334615868,19,1942
Bin 5,0.9125,800,0.5249999761581421,-0.387500023841858,0.1875,0.0176666038745871,19,1942
Overall,0.925,4000,0.2259999960660934,-0.6990000039339066,0.1875,0.0066137685317066,19,1942
Bin 1,0.925,800,0.0099999997764825,-0.9150000002235176,0.1875,0.0035200128548165,19,1942
Bin 2,0.925,800,0.050000000745058,-0.874999999254942,0.1875,0.00771033761772,19,1942
Bin 3,0.925,800,0.1862500011920929,-0.7387499988079071,0.1875,0.0137727366196778,19,1942
Bin 4,0.925,800,0.3574999868869781,-0.5675000131130219,0.1875,0.0169551334615868,19,1942
Bin 5,0.925,800,0.5262500047683716,-0.3987499952316284,0.1875,0.017664335320466,19,1942
Overall,0.9375,4000,0.2275000065565109,-0.7099999934434891,0.1875,0.0066292470378815,19,1942
Bin 1,0.9375,800,0.0099999997764825,-0.9275000002235174,0.1875,0.0035200128548165,19,1942
Bin 2,0.9375,800,0.050000000745058,-0.8874999992549419,0.1875,0.00771033761772,19,1942
Bin 3,0.9375,800,0.1862500011920929,-0.7512499988079071,0.1875,0.0137727366196778,19,1942
Bin 4,0.9375,800,0.3574999868869781,-0.5800000131130219,0.1875,0.0169551334615868,19,1942
Bin 5,0.9375,800,0.5337499976158142,-0.4037500023841858,0.1875,0.0176483858993183,19,1942
Overall,0.95,4000,0.2284999936819076,-0.7215000063180924,0.1875,0.0066394997576012,19,1942
Bin 1,0.95,800,0.0099999997764825,-0.9400000002235176,0.1875,0.0035200128548165,19,1942
Bin 2,0.95,800,0.050000000745058,-0.899999999254942,0.1875,0.00771033761772,19,1942
Bin 3,0.95,800,0.1862500011920929,-0.7637499988079072,0.1875,0.0137727366196778,19,1942
Bin 4,0.95,800,0.3574999868869781,-0.5925000131130219,0.1875,0.0169551334615868,19,1942
Bin 5,0.95,800,0.5387499928474426,-0.4112500071525574,0.1875,0.0176355268958376,19,1942
Overall,0.9625,4000,0.2284999936819076,-0.7340000063180924,0.1875,0.0066394997576012,19,1942
Bin 1,0.9625,800,0.0099999997764825,-0.9525000002235174,0.1875,0.0035200128548165,19,1942
Bin 2,0.9625,800,0.050000000745058,-0.912499999254942,0.1875,0.00771033761772,19,1942
Bin 3,0.9625,800,0.1862500011920929,-0.7762499988079071,0.1875,0.0137727366196778,19,1942
Bin 4,0.9625,800,0.3574999868869781,-0.6050000131130219,0.1875,0.0169551334615868,19,1942
Bin 5,0.9625,800,0.5387499928474426,-0.4237500071525574,0.1875,0.0176355268958376,19,1942
Overall,0.975,4000,0.2284999936819076,-0.7465000063180924,0.1875,0.0066394997576012,19,1942
Bin 1,0.975,800,0.0099999997764825,-0.9650000002235176,0.1875,0.0035200128548165,19,1942
Bin 2,0.975,800,0.050000000745058,-0.924999999254942,0.1875,0.00771033761772,19,1942
Bin 3,0.975,800,0.1862500011920929,-0.7887499988079072,0.1875,0.0137727366196778,19,1942
Bin 4,0.975,800,0.3574999868869781,-0.6175000131130219,0.1875,0.0169551334615868,19,1942
Bin 5,0.975,800,0.5387499928474426,-0.4362500071525574,0.1875,0.0176355268958376,19,1942
Overall,0.9875,4000,0.2284999936819076,-0.7590000063180924,0.1875,0.0066394997576012,19,1942
Bin 1,0.9875,800,0.0099999997764825,-0.9775000002235176,0.1875,0.0035200128548165,19,1942
Bin 2,0.9875,800,0.050000000745058,-0.937499999254942,0.1875,0.00771033761772,19,1942
Bin 3,0.9875,800,0.1862500011920929,-0.8012499988079071,0.1875,0.0137727366196778,19,1942
Bin 4,0.9875,800,0.3574999868869781,-0.6300000131130219,0.1875,0.0169551334615868,19,1942
Bin 5,0.9875,800,0.5387499928474426,-0.4487500071525574,0.1875,0.0176355268958376,19,1942
Overall,1.0,4000,0.2284999936819076,-0.7715000063180923,0.1875,0.0066394997576012,19,1942
Bin 1,1.0,800,0.0099999997764825,-0.9900000002235174,0.1875,0.0035200128548165,19,1942
Bin 2,1.0,800,0.050000000745058,-0.949999999254942,0.1875,0.00771033761772,19,1942
Bin 3,1.0,800,0.1862500011920929,-0.8137499988079071,0.1875,0.0137727366196778,19,1942
Bin 4,1.0,800,0.3574999868869781,-0.6425000131130219,0.1875,0.0169551334615868,19,1942
Bin 5,1.0,800,0.5387499928474426,-0.4612500071525574,0.1875,0.0176355268958376,19,1942
