test_index,threshold_u,lambda,loss,width
5322,0.3848856381024927,0.9548090327102569,0.0,36.83175552295222
7238,0.47084729348780346,0.7532214551835996,0.0,10.842626065477162
9150,0.5112903019513667,0.6708177445093421,0.0,42.868607144000194
7286,0.5092640310440273,0.6747886718855575,0.0,37.54861338185108
6369,0.4712040367276249,0.752464079772235,0.0,62.262642347457906
4196,0.47151328021499606,0.7518080114198125,0.0,62.33240498001982
10864,0.44844038461136715,0.8019795280319457,0.0,14.736373062759725
20051,0.5677978720953564,0.5659897825808692,0.2,8.164402451798063
19609,0.5812083613428867,0.5426459610459151,0.2,8.185813825570413
12170,0.5201142204533176,0.6537068368093111,0.0,10.748902348055498
15603,0.5356680269704898,0.6242406624564257,0.0,8.959101837553405
18817,0.5094255443025855,0.6744715718310946,0.0,2.980051617599237
15995,0.5243648189959109,0.6455676174515842,0.0,7.979215530063528
558,0.39271798404389985,0.9346635225621283,0.2,72.02050158171986
10525,0.5877155249628058,0.5315122492366785,0.0,1.883679363647168
12251,0.4015522040583534,0.9124177314862426,0.2,15.658457313092246
13104,0.4766847721471849,0.7408998615920869,0.0,5.338924292406539
20333,0.45936737651475174,0.7779050044947772,0.0,48.34290686042458
10941,0.49336666631494885,0.7065026363199971,0.0,6.2320594881644205
10317,0.4681558844269142,0.7589539521431489,0.2,57.57425016798758
336,0.46445380422533555,0.7668931783643338,0.0,26.11271506367781
5522,0.4982950790249112,0.6965628492705108,0.0,52.99798374902447
706,0.4505920976548331,0.7971927885216338,0.0,39.154125146301666
61,0.49758141499062664,0.6979960875500342,0.8,62.01346325042879
19340,0.46743888094957914,0.760486674736812,0.0,19.47264099297636
20495,0.5582721093344313,0.5829087843270273,0.0,26.848779406606273
17553,0.47438990426416605,0.745725712587111,0.0,27.393487768610235
13366,0.5312019534260686,0.6326130034432623,0.0,9.799175278542506
4416,0.4054100569414837,0.9028562378188447,0.0,39.8114469087414
17880,0.48246875605370887,0.7288391145925776,0.0,26.420417903980933
17716,0.4680850506484205,0.7591052674210333,0.0,19.664621025899695
11724,0.530295712805551,0.6343204793417474,0.0,9.76853513988885
14653,0.44324090359317314,0.8136418563068196,0.2,27.08695133627488
18427,0.5285453590990672,0.6376266512448229,0.0,6.472548455424393
1838,0.47268380535388765,0.7493286016515989,0.0,59.34682868096075
7430,0.48116758094300527,0.7315396684250471,0.0,59.98295990005391
5974,0.4397163266438545,0.82162547215915,0.0,50.36564395075786
7527,0.4891363544811451,0.7151139848571696,0.0,35.63591797774811
15822,0.5262278688507217,0.6420209493102925,0.0,7.46349353573215
522,0.46685773753751447,0.7617306982632025,0.0,62.778036194747116
6537,0.43025717409767783,0.8433721697757477,0.0,68.5197694240072
12835,0.5483116394407889,0.600911468563292,0.0,4.92747378433577
15188,0.510994965276475,0.6713955415148865,0.0,11.418088440687846
5683,0.48453687195685324,0.7245617474368907,0.8,52.12243930649126
16109,0.5090748214729901,0.6751602762346341,0.0,6.043359615835252
12166,0.5300410897260202,0.6348007476561492,0.2,2.879773577212685
318,0.4678437189120659,0.7596209727814242,0.0,22.032804229163887
17043,0.568290860668229,0.5651219126872622,0.2,42.96056806117795
11907,0.45679668531481643,0.7835168769827399,0.0,5.8024126397765405
12540,0.5208139772174935,0.6523623504726918,0.8,6.347485682542116
14853,0.5321320518990088,0.630863602586168,0.2,6.513351317845071
15047,0.511320687426053,0.6707583172686595,0.0,6.83987354475491
10554,0.5481192181712117,0.6012624642876768,0.0,5.276859593993457
19455,0.4682530518970768,0.7587464200132382,0.2,17.434096560507278
1802,0.4711978692078669,0.7524771687095965,0.0,40.77297929037222
3152,0.4912934016991421,0.7107137701864615,0.0,17.074899413192895
17386,0.4544801176191426,0.7886011119339182,0.0,12.229231502653278
9956,0.5321930394937441,0.6307489992656314,0.8,46.741653098787395
10963,0.44351236566655017,0.8130295956222129,0.0,12.228778445494035
2053,0.45335416493749003,0.7910816379079203,0.0,52.725589355920704
17002,0.38955411100222714,0.9427524990528243,0.0,89.01940040748448
14168,0.41174470201864233,0.8873517769928573,0.0,31.261402697260955
14114,0.48243986052613613,0.7288990073680899,0.0,8.0215336595017
8033,0.4994002490950968,0.6943474023478485,0.0,19.67433367201354
12254,0.5385000868921456,0.618967621026105,0.0,6.051646695223727
10630,0.4554687507198594,0.7864281689826901,0.0,25.09767373883703
16453,0.41933279732384365,0.8690904086327041,0.0,10.871886904412632
9466,0.4390476908440751,0.8231472366272141,0.8,69.61768130581565
15441,0.5607824196800031,0.5784222923979234,0.0,4.804953937716178
6798,0.48246162480394356,0.7288538954511906,0.0,62.9256059572068
3546,0.5138516533731948,0.6658206672978704,0.0,48.022318168763185
632,0.4998314076283682,0.6934844221627663,0.0,45.14583747005597
2689,0.44983248000348314,0.798880032185132,0.0,37.547361512701215
4734,0.45247959984135083,0.7930126000819694,0.0,36.42703789890534
10221,0.50045217231549,0.692243244602202,0.0,3.0288063966921395
11390,0.5180531199617718,0.6576774937916113,0.0,4.648661913538847
18963,0.45554343282685933,0.7862642148479024,0.0,23.021816750631373
5299,0.44983248000348314,0.798880032185132,0.0,37.547361512701215
1826,0.47680171072063593,0.7406545753166368,0.8,63.37411054520673
19190,0.4989095414863083,0.6953304792503052,0.0,25.474474689267666
16399,0.4821559098112989,0.729487752896053,0.2,6.3860453230477034
15850,0.4402069690176782,0.8205102785346784,0.0,9.997917305745293
18056,0.4679717118559994,0.759347429643486,0.0,19.306407819349516
8364,0.5101175772368168,0.6731140362332563,0.0,45.09864042762817
17849,0.45948595218134586,0.7776469096203306,0.0,8.609328642724414
2876,0.4713352447469708,0.7521856658689159,0.0,59.524211406018
575,0.4702742047568468,0.7544393400217665,0.0,55.613496064822826
17519,0.47182433475131474,0.7511485348068647,0.0,5.585165039441804
12631,0.5323300377945983,0.6304916101971679,0.0,8.684075870762655
5715,0.484437954169803,0.724765917420933,0.8,49.49064056049791
9044,0.5333354444685091,0.6286047010517539,0.0,15.42815884720845
6486,0.45202720207864094,0.7940129193708315,0.0,11.830792574348362
2245,0.5002585429924676,0.6926302282179,0.8,29.71383520524312
793,0.49447377874717496,0.7042611551146198,0.0,48.62923490989898
5323,0.3886992625735622,0.9449493382866488,0.0,56.8330303488562
1646,0.48570567311049434,0.7221524494217436,0.0,49.019711792882966
19226,0.4689378698662403,0.7572849929440143,0.0,19.61746681779453
20691,0.5968328047062073,0.5161182639319942,0.2,13.297786755194242
10092,0.5877155249628058,0.5315122492366785,0.0,1.883679363647168
1840,0.47436083957349534,0.7457869819792429,0.0,59.07379184969058
6479,0.4340447284932312,0.8346076891478452,0.0,72.58583174399632
3743,0.45260103438654176,0.7927442603532706,0.0,73.78467263719654
4650,0.4648933871359848,0.765947174658683,0.0,63.19830301732763
3010,0.5080981783064447,0.6770805856940451,0.0,38.01164202193361
10545,0.5290899718743095,0.636596782428173,0.0,9.138983829870416
14721,0.4574836450588527,0.7820141434107941,0.0,24.637356423438288
11345,0.4090204600530315,0.8939900996109837,0.2,9.181278945384843
17277,0.49357873767322546,0.7060728833454484,0.0,7.925667879875407
15609,0.48935343134712633,0.7146702870839552,0.0,11.831366139212243
18811,0.5528189294817241,0.5927247642030055,0.0,20.90955289056153
631,0.4990072529283656,0.695134648409665,0.0,43.7517711645539
13049,0.4203618502523505,0.8666393904044803,0.0,14.178219302988547
18214,0.4761823058696463,0.7419545025503146,0.0,15.581044553556605
4251,0.49012169516085025,0.7131015612419531,0.0,58.72391248016821
8267,0.47485429707543725,0.7447472650018319,0.8,63.271491097244464
8709,0.49775978323081693,0.6976376813222634,0.0,23.131572312184424
11308,0.40133284188380736,0.9129641663242384,0.0,15.605296871109854
660,0.46637097932570043,0.7627738685968184,0.0,25.114710219032165
9905,0.49051363888286,0.7123021942820372,0.0,51.310685739200636
21100,0.5465614610199651,0.6041085147064782,0.0,3.5157906014957483
12602,0.49885823884549396,0.6954333140819581,0.0,12.84500102244507
8513,0.5042245141452836,0.6847336455266805,0.0,33.62042095053938
15435,0.5546060960939483,0.5894971539857374,0.0,4.89695281206008
17360,0.5010830565253498,0.6909834101497804,0.0,3.7126538805270446
4443,0.4945613348046709,0.7040841016277922,0.0,25.47024183921185
3077,0.4484554894063281,0.8019458456494084,0.0,58.99113444809489
17132,0.4993623910366781,0.694423212268876,0.0,20.363961229587655
4963,0.44698019839038033,0.8052409842527458,0.0,72.01270146746312
15476,0.561015079719854,0.5780074937496624,0.0,7.600798597931151
17073,0.47463511499990146,0.7452089490957071,0.0,63.421004428914024
16076,0.44170592158328825,0.8171109541229318,0.0,4.142793296478863
9902,0.4428076334395544,0.8146198392728615,0.0,63.31958556142093
4597,0.49637747606692273,0.7004186012441498,0.0,52.706499743622274
4775,0.45594770993843364,0.7853771472306398,0.0,51.36366662727426
11048,0.4400786443429723,0.8208018308982914,0.0,10.343334691633627
10260,0.5613359129453823,0.5774357773501332,0.0,8.713794252271583
7481,0.497955787711144,0.6972439855951326,0.0,43.63004293057036
10790,0.49514577548562955,0.7029030638382968,0.0,7.364666489381832
8376,0.3985632498287544,0.9198890735754901,0.2,81.96211505193685
7361,0.50793412237187,0.6774035201832161,0.0,46.80994144202583
11473,0.4107128996704403,0.8898608495271436,0.0,8.837208303721598
5812,0.409412650391617,0.8930317063993701,0.8,90.80792688496678
11602,0.5066588765930511,0.6799173290734173,0.2,8.292271812815045
4688,0.4919685650825641,0.7093404566396262,0.0,62.84756878774144
12596,0.4493539539575049,0.7999443856341606,0.8,12.993497061711242
21020,0.3862529810420486,0.9512627328917483,0.0,7.371953466204759
15123,0.44316503436384985,0.8138130402446967,0.0,15.263064050979096
17810,0.5904631619050167,0.5268480298715543,0.0,2.1442715092115052
4407,0.48782098140156593,0.7178067818219865,0.8,48.20072649463263
18558,0.4690112888971677,0.7571284406823242,0.0,19.613411331646553
12136,0.5192467497006443,0.6553760758494657,0.8,8.585426531126467
145,0.44764464701735535,0.8037555599376033,0.0,58.29237321090833
13937,0.5411855333607472,0.6139931137139737,0.0,10.37893918199419
16698,0.4694677289777469,0.7561557175678476,0.0,11.520411049404538
14605,0.44883321153091305,0.8011039267742415,0.0,5.925485229790416
471,0.45963234680420173,0.7773283551442518,0.0,53.66208894268896
10877,0.43796167603537806,0.8256238700699555,0.0,27.482128932186548
13492,0.5033198794016829,0.6865293678640513,0.0,14.55476619862124
16656,0.37291926064968006,0.986393342153271,0.2,6.690706032300053
19147,0.4971516702763723,0.6988601278586463,0.0,10.755457940921628
14978,0.6066372431672127,0.4998242890294073,0.0,15.414580911599263
15993,0.5316274104935883,0.6318123912195344,0.0,7.556476223087362
8036,0.4029968289745095,0.9088265856160155,0.0,64.63574233138121
20903,0.4325014204210043,0.8381696684051815,0.0,12.66683887397104
10464,0.40109138183096277,0.9135659927721358,0.0,32.18492950716502
19866,0.4593892639595022,0.7778573587009067,0.8,21.70222149467143
9965,0.4820270872871717,0.7297549688193402,0.0,45.3086627400885
10731,0.50045217231549,0.692243244602202,0.0,3.0288063966921395
20228,0.5890655477015911,0.5292178151020662,0.0,2.1041701963690813
979,0.504133178496905,0.6849148027673994,0.0,21.07140218272891
14227,0.46206962427095577,0.7720396973696009,0.0,6.880032113575826
20658,0.3346616910303029,1.0946351349484276,0.8,32.40940879757419
13339,0.5091904086459297,0.6749332485997565,0.2,13.932241304077678
2130,0.41174470201864233,0.8873517769928573,0.0,31.261402697260955
19717,0.5469477409847465,0.6034020186291877,0.0,3.491978007416847
5363,0.4523484032727137,0.7933025923658179,0.0,53.79940297169831
17730,0.5743729152247359,0.5544764155201466,0.2,12.710817230934897
725,0.4711826619667641,0.7525094428082244,0.0,40.21034598046765
17007,0.3886992625735622,0.9449493382866488,0.0,56.8330303488562
18555,0.46924114532127753,0.7566384735469878,0.0,18.84029770268532
17932,0.49596283081475745,0.7012542929386651,0.2,7.577052180439896
9395,0.5120159821452099,0.669399439302448,0.0,15.416268908386442
661,0.4686381500869203,0.7579243433180665,0.0,49.26508231567432
9932,0.47170964458402365,0.7513916424646022,0.0,48.52111588541801
12641,0.45232533668975705,0.7933535866236209,0.2,12.58972841114027
8001,0.4719149525169216,0.7509564949774163,0.8,56.471926130564356
9411,0.48195139675701054,0.7299120066196014,0.8,42.13051634430259
15742,0.5327925635796089,0.6296231170988397,0.2,1.9754425786846106
411,0.4731528598601383,0.7483367717470216,0.0,43.40727524449589
6091,0.44489060466651925,0.8099268592476567,0.0,81.88360423408778
15928,0.48278149161854506,0.7281911259978412,0.0,12.164431315323013
19580,0.5640385911094077,0.5726326058720396,0.0,25.313224298885107
5332,0.47565219171766443,0.7430683815032968,0.8,52.75674109643129
7455,0.4409680843893691,0.8187827771533612,0.0,61.175352196541304
2213,0.4943014761506308,0.7046096723280811,0.0,46.50775948674673
15427,0.531158731201105,0.6326943735948743,0.8,4.055981893806591
8366,0.5102026325221322,0.6729473135030803,0.0,45.44076837113161
13823,0.5253462485405622,0.643697712749289,0.0,4.561950078687376
20039,0.5166022623928064,0.6604820189401174,0.0,5.056650270237757
10995,0.48815292365652563,0.717126554069915,0.0,7.809257084874974
12979,0.4252385283097525,0.8551050244139434,0.0,14.013889690769755
9396,0.5529333955716011,0.5925177267178607,0.0,8.57669375519967
13576,0.5016123397320615,0.68992768922427,0.0,9.665887083943938
8380,0.40964198536257346,0.8924717071833507,0.0,91.03211413270176
12129,0.4947363294521763,0.7037303261047053,0.0,6.303312375217793
10304,0.44946667481751623,0.7996935661558495,0.0,71.70851756232352
1784,0.509364302944924,0.6745917955610439,0.0,51.33643461285004
1373,0.4707290683980184,0.7534725768030285,0.0,18.384732023701815
19348,0.4787073675138499,0.7366657920318563,0.0,8.014555771046592
17806,0.5031491970014941,0.686868538546642,0.0,13.596906018549884
3018,0.5096580517034315,0.6740152649966179,0.0,34.38488833241619
8829,0.49915480579075944,0.694838999297019,0.2,37.99727163077364
1156,0.48052295540899076,0.7328802777087882,0.0,24.115426041236624
6926,0.4729052788626851,0.7488601666483949,0.8,44.197727378389246
9195,0.4844145513483613,0.7248142278114474,0.0,56.25283542778479
9623,0.47396542911632455,0.7466208943006455,0.0,55.71658138905299
8495,0.4716183654133898,0.7515851683006876,0.2,62.456727772494126
9978,0.5068356038811656,0.679568580672098,0.0,7.564278548064057
15199,0.5157527856015159,0.6621277259760141,0.8,11.154865880344047
13781,0.4576935462642452,0.7815554317840989,0.0,14.430247987284751
13350,0.5181365518070233,0.6575164579355226,0.0,9.014879868071514
3891,0.3586489569191548,1.0254112047670392,0.0,45.16936669929473
16352,0.5907641088706436,0.5263384802199607,0.0,5.679310642990872
5462,0.49581936111967595,0.7015436098819396,0.0,52.86482107768888
1028,0.48290298473953713,0.7279395052570972,0.0,41.98026993527974
13845,0.42050090044846594,0.8663086581957649,0.0,16.53666337765624
4854,0.4825189268839555,0.728735132269945,0.2,53.088358833711766
19304,0.556426088814125,0.586220931437324,0.0,25.35024582361727
5663,0.4617991385385305,0.7726252475062484,0.0,25.439071785092835
12890,0.4841207695353247,0.7254208795580839,0.0,8.637948971138528
15173,0.4266013109832132,0.8519053998525314,0.0,13.96145263991014
14822,0.5265705388659611,0.641369979428825,0.8,8.889067185854419
7983,0.45344515643018424,0.7908809507418506,0.0,37.70129347371774
21183,0.4753387045677774,0.7437276668076388,0.0,25.956095287877005
5276,0.492623314275119,0.7080104653959521,0.8,42.78153453222688
13702,0.5444324241257609,0.6080114505997217,0.0,8.217274963599404
6279,0.5044312504780252,0.6843237210650605,0.2,21.214035353016875
14510,0.5645097537291858,0.5717976170134625,0.0,6.145266299607282
1116,0.4523271701997544,0.7933495331113974,0.0,37.783274540818596
5891,0.4615166563998302,0.7732371338165713,0.0,61.12439778793243
17754,0.4736050093746938,0.7473816182413079,0.0,47.48787603416252
10416,0.48479018859779216,0.724039082472682,0.8,10.686816850391812
19884,0.42275896106744626,0.8609530943436642,0.0,11.367594414350123
21249,0.41863987160783894,0.8707442236069405,0.0,6.473547704535258
3682,0.4351527317300029,0.832058202091947,0.8,78.22678296296525
12679,0.5521695935557239,0.5939000451895597,0.2,8.26708839115604
11837,0.5516668356209932,0.5948109735775113,0.8,4.064343207740303
5210,0.5271936229130328,0.6401873920107147,0.0,55.12013347527411
8879,0.5432479142075319,0.6101894993236877,0.2,20.642710715566587
20098,0.538135443921164,0.6196449960048943,0.0,4.93587521301081
5104,0.45977874294516685,0.7770098988109869,0.0,21.375541753119315
7181,0.4920784633882417,0.7091170967737765,0.0,33.39232419527981
20620,0.46662131303682447,0.7622372431194578,0.0,27.865488655034532
17168,0.4772249137889973,0.73976738184583,0.0,56.399862200618145
8534,0.4671699073502283,0.7610622601799277,0.0,43.16744942321445
5626,0.49790734701267275,0.6973412694423209,0.0,32.76806476141299
15342,0.5122624395375831,0.668918208043618,0.0,5.317899945325797
5373,0.4576903797877215,0.7815623501413775,0.0,51.69096960456078
1454,0.47029190764390566,0.7544016969750363,0.0,51.54826358002682
10145,0.5341046544839263,0.6271634770443035,0.2,7.949924010124345
14420,0.5326870230672608,0.6298212260330999,0.0,4.00178967655572
13692,0.40133284188380736,0.9129641663242384,0.0,15.605296871109854
4585,0.5200160675038196,0.6538955688382229,0.0,47.82919168200145
18698,0.55144585858394,0.5952116163063456,0.2,23.78019173719093
19163,0.527602310852977,0.6394124782149511,0.0,4.474928374527445
13440,0.5443346476790503,0.6081910600855438,0.0,17.943155914950438
18599,0.4665910357983738,0.7623021313273756,0.2,29.348632056103966
3095,0.5361097456599945,0.6234163895039644,0.2,16.707559357613484
18729,0.6380453118001446,0.4493459765289431,0.0,3.007247838644874
20768,0.4044613436748158,0.9051991127491315,0.0,19.049915828499252
19967,0.4492046407708571,0.8002767249805273,0.0,8.763830395418466
6722,0.5167142763104542,0.6602652142846395,0.0,45.574807423482
15085,0.4422784748909984,0.8158155616022995,0.0,15.670797760225154
14719,0.5154542321077857,0.6627067629626613,0.0,14.029502222480055
3243,0.5329706294937067,0.6292889604739685,0.2,18.06059304557555
4472,0.500794821923237,0.6915587988598522,0.0,45.6677763561011
8281,0.5079637519806965,0.6773451883182068,0.0,44.70816729455912
7763,0.5412770902760189,0.6138239495996832,0.0,15.67629737629098
19861,0.4484971123329401,0.8018530360035896,0.2,26.19293086145812
5871,0.5339674430000942,0.6274204100451938,0.0,21.358331945995523
936,0.5027531700921181,0.6876559448452909,0.0,46.70009228912329
16284,0.562004870663329,0.5762447624652735,0.2,7.437591049121215
17977,0.45455055060318006,0.7884461491001205,0.0,52.869253760839875
2748,0.44452839158095053,0.8107413529949711,0.0,44.62198936709988
18694,0.5310319317632215,0.632933124400934,0.8,17.9215017554352
9832,0.5118610766530368,0.6697020254225763,0.0,15.4232374666522
4836,0.4494071831667831,0.7998259354539252,0.0,53.14443403714856
11673,0.41349662796974684,0.8831059194011055,0.0,12.00648759678159
16211,0.5688134687963466,0.564202721454985,0.0,5.70973147655657
15499,0.5130065651009935,0.6674666364254308,0.0,12.227988575619243
12490,0.4829327786561413,0.7278778096402174,0.0,6.365291188465104
2907,0.4524287815522383,0.7931249170639111,0.0,36.3251236219523
747,0.5017425342843962,0.6896681707698586,0.2,52.000981128397456
9609,0.49857939685301345,0.6959924307420174,0.0,43.36380728228122
12988,0.4206965822472074,0.865843412385366,0.0,14.43793989240513
21042,0.595805266833717,0.5178413988062819,0.0,24.743497504417682
11215,0.3106986338726076,1.1689318595267975,0.0,7.514478385392518
1334,0.46891364605141544,0.7573366510464306,0.0,43.0167240906453
16445,0.3545854975614883,1.036805784200124,0.0,2.1876706943295465
18150,0.49441452708236344,0.7043809900131279,0.8,19.75788690421825
12227,0.4936359582246413,0.7059569601289126,0.0,7.676575530669259
12007,0.5301152293189709,0.6346608822575476,0.0,5.223639932803288
8984,0.4510774302685414,0.796116268476209,0.0,55.76794399936993
19524,0.446569640561984,0.8061599209239646,0.0,26.542816318998348
16125,0.3970618315022202,0.9236632635652514,0.2,8.98724313167041
8825,0.5069856597577543,0.6792725602924387,0.2,46.85282640090246
1349,0.5083961874360609,0.6764942388372447,0.8,17.527965625048182
14996,0.43756657170089425,0.8265264208724598,0.0,9.243871306590128
13979,0.45412848352193297,0.7893751176264088,0.0,4.670535379283023
5227,0.5065140417149684,0.6802032326471353,0.0,49.04265203595069
16845,0.4949358294378061,0.7033271623164953,0.8,8.38014311217124
18952,0.43638688010602444,0.8292260893935174,0.0,37.688324813961415
20665,0.45148713343886937,0.7952084038979998,0.2,19.896114629545472
13395,0.4612750790219142,0.7737607132422676,0.0,4.417399997498329
7578,0.5083772918530189,0.6765314065711184,0.2,39.62106089676304
1707,0.476799195020516,0.7406598515283199,0.2,54.916225030614456
4102,0.40981883905482824,0.8920400728947285,0.2,83.20949691070416
4801,0.4603202204873327,0.775832900191934,0.0,45.51617927642981
7223,0.42062306063926996,0.8660181892582138,0.0,54.048195059461236
1224,0.508528317981675,0.6762343757979458,0.0,54.54844396322292
12705,0.5249582362372033,0.6444365695791591,0.0,5.650291168139232
16279,0.5407252566619076,0.6148439726403339,0.0,10.026875266583314
1956,0.4364377084564393,0.8291096207441728,0.0,82.49640726404519
20988,0.46337702374561507,0.7692142501172384,0.0,12.363388775785452
12955,0.5433463302959902,0.6100083533453702,0.0,10.425042851752265
13923,0.45818532866775596,0.7804815289695803,0.0,12.271510746531028
10471,0.4693645189898974,0.7563755864283148,0.0,22.615629745672226
9315,0.4979554286786297,0.6972447066082278,0.2,22.27034340239623
20355,0.5625869924100522,0.575209503687705,0.0,3.323560579232188
19269,0.5019768558569281,0.6892012642238852,0.8,25.249921706599675
7171,0.48286333657589975,0.7280216124144593,0.8,19.96963305070318
7809,0.42696307095760794,0.8510577543703415,0.0,66.62931561534836
12370,0.46279121917570315,0.7704792571016785,0.0,13.033041999886684
10238,0.4996634933039646,0.6938204205271935,0.0,5.421443710562052
2284,0.4831821698717135,0.727361533142288,0.0,51.71540667121511
3347,0.5055695085113676,0.6820697455009581,0.0,51.47784961078219
5660,0.5041496833374967,0.6848820642547897,0.0,56.91712363638017
9556,0.5189638976721169,0.6559209595611505,0.0,19.391482817840785
17888,0.5103266519791414,0.6727042642158071,0.0,31.55319397495179
14394,0.5319930459296272,0.6311248612867775,0.2,7.36932964504928
18238,0.571139769736618,0.5601213186554661,0.0,15.472510639058381
7392,0.5342513781945923,0.6268888051051735,0.0,16.189403272271555
3974,0.45084207169989216,0.7966381744189853,0.2,38.45770908564991
17169,0.4772217041083549,0.73977410758739,0.0,56.681492744188965
2716,0.46479698166282307,0.7661545673062627,0.0,69.37720981931761
259,0.48844332322532386,0.7165318362870344,0.8,44.792196962563644
6603,0.4678437189120659,0.7596209727814242,0.0,22.032804229163887
1683,0.4833461678741152,0.7270221783658765,0.0,62.55298889220869
4206,0.45551802647233963,0.7863199879338276,0.0,82.87812192890911
20445,0.5569862502230344,0.5852147247759982,0.0,11.438020724186721
20099,0.47389867894331494,0.7467617376400069,0.0,5.698202886253014
20366,0.49900988939197805,0.695129365006203,0.0,7.5247750778749865
10647,0.48710247089945763,0.7192807655086041,0.0,4.610229639860531
7807,0.40242018948173514,0.910258488786886,0.0,73.18478388740985
3672,0.4479768281732935,0.8030137707322934,0.8,75.68083453761584
10293,0.5228850221338806,0.6483936820424705,0.0,19.08546892135334
16132,0.4392762684953683,0.8226267506401862,0.2,15.836388301468862
17549,0.45860454707365156,0.779566993488317,0.0,10.927970212855026
3753,0.43965606291274567,0.8217625329354921,0.0,72.64791572103408
25,0.49927316636267505,0.6946019054339239,0.0,40.56301281180254
5717,0.4949867396327501,0.7032243053929752,0.0,56.96116873683099
11569,0.36683825205223214,1.002834258180534,0.0,13.187271068900388
2720,0.4343507335630352,0.8339029294022217,0.0,41.61175744960576
17402,0.48352207788182017,0.7266583025008492,0.8,4.410997239205933
5181,0.46014684971859066,0.7762096019260947,0.0,49.134064248716214
5929,0.48497145394137225,0.723665247629686,0.0,43.96989923133163
7675,0.5091029090060348,0.6751051040732107,0.0,30.818546455749107
2508,0.47179855223708306,0.7512031806078381,0.0,45.82339401707813
8470,0.4712129957055984,0.7524450670047118,0.8,40.7712398593265
11812,0.48153793080812407,0.7307702745057898,0.8,13.643846962118488
13547,0.5217639325455253,0.6505400298920913,0.0,8.594284622771557
16673,0.5982667890765028,0.5137184889409576,0.0,5.32469226525226
6645,0.4994597840395033,0.6942281965682556,0.0,44.81242955882682
21213,0.5152864344258312,0.6630323495799064,0.2,10.277001102330086
365,0.4933302740630403,0.7065764021348806,0.8,32.27994120649197
6725,0.5158361239947611,0.6619661531001307,0.2,39.4531817146876
20252,0.5110485621690966,0.6712906596948243,0.0,7.786971588440695
19479,0.490343116863768,0.7126498944325655,0.2,13.982191526846531
10298,0.37493256707638434,0.9810090903111258,0.0,34.56094980259064
39,0.46806745338365197,0.7591428622887387,0.2,29.230793827379742
19502,0.39614995923768215,0.9259624544670617,0.0,6.69794963868641
8814,0.49188973785008255,0.709500697667049,0.0,52.7407337115128
19279,0.48997107939618423,0.7134089112597507,0.0,22.12138276650374
8604,0.49420770803215436,0.7047993885598736,0.2,19.52646566198122
17456,0.4776184052293628,0.7389431807338713,0.8,26.609344107357376
6536,0.43025717409767783,0.8433721697757477,0.0,68.5197694240072
14794,0.45632714498112614,0.7845453034885351,0.0,25.037586411198042
12809,0.5036192164963995,0.6859348192865778,0.0,9.232339914751657
20339,0.5439450190789143,0.6089071051035384,0.0,3.054795606986772
19305,0.5467319596915431,0.6037966155040678,0.0,26.110279946789518
15947,0.45277724569401134,0.7923550057984147,0.8,13.232724783404208
18420,0.5621398816270224,0.5760045603666247,0.0,9.841037111855481
6729,0.4994594961004934,0.6942287730693115,0.0,43.77459814601984
14574,0.5576590832682958,0.5840074651988666,0.0,18.0823311969152
5152,0.524723593743904,0.6448836431408911,0.0,46.83306202959434
10334,0.5067180057609452,0.6798006317834143,0.0,4.096478784763358
11015,0.37436019314386926,0.9825368617623744,0.0,6.236898313653024
15636,0.583920444328476,0.5379905308983798,0.0,8.350150467751497
11924,0.4905955701458772,0.7121351766606477,0.0,11.106815886167096
17636,0.38931389985213477,0.9433693202712101,0.0,14.823162410117657
16365,0.4809281265928733,0.7320374450042392,0.0,9.11825865512791
9750,0.47693892152271977,0.7403668434147093,0.2,60.7841153024998
12033,0.52714642073025,0.6402769308328413,0.0,5.091482244353872
15589,0.49594895410493434,0.7012822726643525,0.2,15.033667827983507
12633,0.5327054515856103,0.6297866312358025,0.0,8.766315234511723
16415,0.40444270274766747,0.9052452020899725,0.8,6.4737840003230005
13997,0.4650712260367952,0.765564710852084,0.8,23.91547624762165
9990,0.48970409701031264,0.7139539539410612,0.0,58.08372087253466
7744,0.4966560116310391,0.6998576220327304,0.0,31.750790881149484
2881,0.47352592936831683,0.7475486067818061,0.0,54.79493873778903
2025,0.5327871808751619,0.6296332199643927,0.0,18.726866837404792
1540,0.4980482269915216,0.6970583652978678,0.0,36.01700977672212
11669,0.40299412999752676,0.9088332829044967,0.2,9.276461767572837
11760,0.46282566636163447,0.7704048263377513,0.0,10.419725166010792
14020,0.5210685824215395,0.6518736097662491,0.0,14.667156219740605
13469,0.5198583123606204,0.6541989807646326,0.0,9.240887211163319
2668,0.466260590674978,0.7630105936976809,0.0,63.11241846347543
15235,0.5474462080306938,0.6024910722905943,0.0,4.729554716378074
7553,0.5074421417040126,0.6783725810599855,0.0,33.72021055914561
9490,0.48969215966684565,0.7139783308842774,0.0,58.17495679722876
5843,0.4777238822300128,0.738722365634481,0.0,51.30796043978174
13986,0.5189889952681639,0.655872599763278,0.2,23.232975321586675
9500,0.49859919740891906,0.695952717583267,0.8,55.81540582629888
1967,0.47215792397821066,0.7504417646579613,0.0,60.02033485652691
18567,0.5459610763613078,0.6052075944939468,0.0,20.268402201081255
2382,0.4504500208192424,0.7975081496659248,0.0,59.11928302881776
12464,0.5029899633089175,0.6871850627416785,0.0,5.320529738801252
2193,0.3971110210303845,0.923539387439115,0.0,53.94393900242096
2866,0.5029067521911975,0.6873505093857079,0.0,51.63273907148012
18809,0.5511338113772533,0.5957776474486197,0.0,21.017249459944313
9222,0.490460369141364,0.712410800098527,0.0,48.718211368979894
9425,0.5422241515592716,0.6120757992739193,0.8,15.607932881484942
11211,0.4389412034248746,0.823389807849738,0.0,10.24791002278625
11869,0.5071385923379509,0.6789709550778117,0.0,10.252462004440401
16920,0.5256182735351199,0.6431800454162467,0.0,4.410285490452477
18142,0.5641503866282231,0.5724344200691511,0.0,9.655251422265302
9610,0.4992055483627002,0.6947373474800707,0.2,48.72887712821813
319,0.5052448850131409,0.6827120464247808,0.0,52.73950298197454
20989,0.4667902971564649,0.7618751646545209,0.0,12.245429485743093
6538,0.45202720207864094,0.7940129193708315,0.0,11.830792574348362
15103,0.4809428966190647,0.7320067339716037,0.0,13.472584441376501
19483,0.5495089105537507,0.5987302895215258,0.8,11.2112240431975
14598,0.4642903179769095,0.7672452371202525,0.0,4.00014793851338
20354,0.5102819070266514,0.6727919471028921,0.0,4.22873308184886
1686,0.45604461037670185,0.7851646444793022,0.0,47.13735631634286
976,0.445112668527964,0.8094278411592044,0.0,44.29593737234859
11709,0.4560585012558837,0.7851341854686799,0.0,8.45354030506499
3093,0.40029339679669806,0.915557508756191,0.8,46.18529126465063
17159,0.4650627464380377,0.7655829439217464,0.2,29.156076514519032
10028,0.3106986338726076,1.1689318595267975,0.0,7.514478385392518
536,0.49313340208709383,0.7069755490742359,0.8,25.854095613892994
8795,0.4520731394132055,0.7939112993791206,0.0,38.572182782018345
320,0.5083314836674062,0.6766215173024245,0.0,52.46184665969298
8188,0.4648583492140398,0.7660225451486574,0.0,54.138642793952535
7199,0.5084326411128588,0.6764225381226503,0.0,35.42086734414535
10836,0.4119815671990679,0.8867766704415533,0.0,12.870188151146195
11448,0.35077851444149555,1.0476002676759497,0.0,13.017481050025966
17516,0.5370523237559511,0.6216597520580441,0.0,20.89087568333732
1018,0.42234394254680835,0.8619352671707264,0.0,73.27742621243577
7559,0.503532823068652,0.6861063791396398,0.8,32.322471940034525
13637,0.523838143380421,0.6465725290549968,0.0,7.235793316943461
14030,0.5013117212663158,0.6905271732459205,0.2,6.977776769551771
5578,0.49070056603891316,0.7119211823533943,0.0,61.31421454594988
5567,0.4915315344317765,0.7102291818767025,0.0,39.79414019357265
3042,0.5012456211998687,0.6906590361603755,0.0,29.905533104158096
4054,0.45720250812923474,0.7826288612295585,0.0,46.6798958008039
5055,0.4800831453667807,0.7337959705668418,0.0,62.409349536077485
20102,0.49145452357817326,0.7103858694576366,0.0,33.95786468685608
8203,0.5427220228185777,0.611158018639246,0.0,15.013097054266677
3199,0.5042704680023743,0.6846425119902009,0.0,39.15470170880225
1257,0.4807037270519637,0.7325041507277076,0.0,51.227681581365175
5972,0.4397163266438545,0.82162547215915,0.0,50.36564395075786
3074,0.5381573918647221,0.6196042116703128,0.0,14.72489312126796
16472,0.5372644026271521,0.6212649357645849,0.0,6.133749245224687
4909,0.4708305844257494,0.7532569430344831,0.0,11.622754860897842
18118,0.510473873807651,0.6724158203410024,0.0,21.00627007354915
11203,0.5853964807562516,0.5354659164331435,0.0,3.3869289302618717
3925,0.5010532526342052,0.6910428908628949,0.0,47.68195946953975
6230,0.540287033058763,0.6156547379411854,0.0,47.31214152227426
13505,0.530111405811619,0.6346680948802554,0.0,8.251637317901906
3422,0.39381243843445796,0.9318805276119926,0.0,44.264324172859126
7897,0.5044798286792204,0.6842274227841985,0.0,48.15250487843796
9364,0.5339203701939303,0.6275085706283802,0.0,17.65181795890541
17820,0.46856035467292706,0.758090360258505,0.0,19.638329857093296
5243,0.4718749070854365,0.7510413558839025,0.2,52.632979595541684
10271,0.31193805833926874,1.1649506418464175,0.0,18.336323391518324
15348,0.46001938909360995,0.7764866401837913,0.0,6.540346490414117
18621,0.591240798700936,0.5255319017479386,0.2,2.179380835641231
19885,0.4259233549030275,0.8534958669679743,0.0,10.508668269021726
1063,0.4298821349107789,0.8442442127267856,0.0,43.90069906179285
1084,0.4649421744118409,0.76584223723121,0.0,17.154867282561625
9117,0.48251167032256054,0.7287501712985853,0.8,41.92135471593564
10799,0.5050019178077735,0.6831930520748328,0.0,6.74653106346714
19281,0.49380237152049894,0.7056198994894374,0.0,12.050928635145562
9017,0.420358455796198,0.8666474655184703,0.0,64.37024512978118
6368,0.44048494840880015,0.8198790035227181,0.0,64.56956867056672
16243,0.5632022257286549,0.5741165222131324,0.2,12.067929559729729
14129,0.37493256707638434,0.9810090903111258,0.0,34.56094980259064
3222,0.4806114177240155,0.7326961987334704,0.0,54.51992124094278
20910,0.557438766191485,0.584402618108155,0.2,8.161766593316868
9598,0.5067262812765259,0.6797843003171725,0.0,15.498062412271798
2627,0.46172685891441484,0.7727817772075509,0.2,65.28885509768625
20346,0.5326867325727642,0.6298217713712876,0.0,3.424813476023179
9398,0.4688470200066122,0.7574787470999905,0.2,47.06972888246508
5420,0.4741725729742486,0.7461839455426313,0.0,63.53457815885771
13087,0.36281887935386997,1.0138515241847443,0.0,12.17635607062682
4232,0.4547845305981481,0.7879315313206707,0.0,68.6485376720337
10447,0.4951468590585657,0.7029008754489291,0.0,38.74741075912222
13816,0.4124919276725795,0.8855386426774774,0.2,13.835212024502006
20513,0.5084758636828438,0.6763375303371765,0.0,4.890596806999235
5515,0.4525773688387427,0.7927965495986175,0.0,58.73036682164059
7693,0.4204101289574118,0.8665245466506252,0.0,74.5029173813356
20865,0.4393490831074228,0.8224610039721932,0.0,5.699860706915626
17230,0.445834497558671,0.8078074775369429,0.0,6.207354450621258
689,0.4395433038957289,0.8220190368000123,0.0,37.915628072400565
688,0.4333298681043673,0.8362560209148215,0.0,40.161196680459724
15493,0.46220237808532116,0.7717524360116027,0.0,13.974506557959657
17088,0.3868436205017107,0.9497347490061685,0.0,8.188137700179663
5124,0.4520731394132055,0.7939112993791206,0.0,38.572182782018345
5760,0.5380535387385851,0.6197972093875933,0.0,19.855203508158006
6288,0.5049155047496907,0.6833641810332279,0.0,22.21446090639146
3390,0.5154054463299391,0.6628014136292912,0.0,30.893174293803142
2113,0.4712129957055984,0.7524450670047118,0.0,40.7712398593265
13659,0.5509849141997912,0.5960478491517801,0.0,3.6543991599713532
13214,0.483640328121842,0.7264137722340046,0.8,5.462631380153932
2966,0.47043130593676746,0.754105332875863,0.0,52.71573237414847
1854,0.4486519093620183,0.8015079494530366,0.0,67.19442432361325
19803,0.45108402453410223,0.796101649661526,0.0,26.211647726171776
1821,0.47607547181096965,0.7421788830943835,0.8,49.97832610082329
16465,0.4478798671501052,0.8032302362095802,0.0,11.496232755749617
19232,0.5632981920160476,0.5739461427155073,0.8,27.48341117529791
2754,0.4707290683980184,0.7534725768030285,0.2,18.384732023701815
8545,0.5091940769313447,0.6749260444730892,0.0,38.92635910005772
2363,0.4980088957523896,0.6971373391604192,0.0,47.502937864892104
8637,0.43041908689685193,0.8429959242385534,0.0,51.69419488275165
5766,0.44983248000348314,0.798880032185132,0.0,37.547361512701215
12309,0.507172267681934,0.6789045546372311,0.0,10.572919540371512
7399,0.5087417454972826,0.6758147674237266,0.8,37.64288048307857
6974,0.4524440315548293,0.7930912106636931,0.0,36.32357986871945
12334,0.5264773803640721,0.6415469106024797,0.0,6.601196782463858
5240,0.46992179053211364,0.755189001247731,0.0,53.69771358802183
9921,0.48680406476937266,0.7198935679254569,0.0,47.75413916925294
19959,0.40107854651574143,0.913597994259025,0.0,9.161104462473837
17883,0.48591482599251473,0.721721925600058,0.0,23.026539220124633
12847,0.4107175800183334,0.8898494539239638,0.0,6.908346001317759
13272,0.4494247191778717,0.7997869158974429,0.2,8.874235365449081
5255,0.49813528775004917,0.696883576702271,0.8,51.917826464319184
20881,0.6101937267465036,0.4939787874038339,0.0,7.2960666805327286
11729,0.5421355758852933,0.6122391688125208,0.0,8.264310632746955
2619,0.41174470201864233,0.8873517769928573,0.0,31.261402697260955
10394,0.4389412034248746,0.823389807849738,0.0,10.24791002278625
8113,0.4977404817376466,0.6976764587969703,0.0,29.236133815655677
10985,0.5086296186686747,0.6760351920061577,0.0,4.3082032995142425
11041,0.5434899860411966,0.6097439975378147,0.2,4.814842962513838
51,0.4589517533335956,0.7788101870092771,0.0,69.0025873225021
16523,0.5016256942996801,0.6899010662949824,0.0,5.169773471848573
16165,0.4650712260367952,0.765564710852084,0.0,23.91547624762165
1631,0.5525431780424619,0.5932236983407065,0.2,14.903262044748764
16527,0.49912503441816974,0.6948986446417398,0.0,9.450969090673166
5128,0.46988978460412406,0.7552571126199438,0.0,53.702556647111834
9391,0.5138050583657849,0.6659113493455028,0.0,20.984529999112546
3115,0.48160274728855496,0.7306356805009829,0.0,21.444156804630758
15398,0.5315735875650348,0.6319136381685078,0.2,6.95831725328509
8956,0.5250584958218623,0.6442456019842578,0.0,55.469545347803816
6610,0.49571259595309863,0.7017589638425021,0.0,36.60725431432565
15560,0.512513002960864,0.6684291966604741,0.0,7.89949645777145
19769,0.48770945499610946,0.7180354295438438,0.2,7.04051684486165
3697,0.3844355088074883,0.955979231523011,0.0,89.75808560521833
10288,0.49761376673966484,0.6979310716624103,0.0,10.657756557615834
10013,0.47736782876908,0.7394679557664582,0.0,56.658035391412234
20870,0.44390450758794564,0.8121458126815492,0.0,5.464441685909895
15444,0.5262278688507217,0.6420209493102925,0.2,7.46349353573215
13820,0.48686293791893503,0.7197726371565768,0.0,11.504125573682064
5787,0.37185486222130454,0.9892516561584532,0.8,68.45621536090408
1354,0.49840892382164353,0.6963344067300931,0.0,49.97940044926945
19757,0.42211768081352397,0.8624711393345755,0.0,14.183769033094974
17795,0.44054964560400706,0.8197321371096105,0.0,5.513805121607099
17683,0.48501016933557545,0.7235854205622556,0.2,24.832002276730105
15590,0.49114723128365345,0.7110113360884813,0.2,13.889251709687063
8782,0.5054000588146097,0.6824049676556525,0.0,54.698169349424944
3548,0.506237757898447,0.6807488427827691,0.8,42.667636736131335
6988,0.5164651755104012,0.6607474166831497,0.0,14.019408767173974
16906,0.4301979097125731,0.8435099210339214,0.0,4.860177436918203
5235,0.5540707116295238,0.5904629620594904,0.8,42.01143614663283
21165,0.6179289694433712,0.4813817643058895,0.0,1.997493636955347
16196,0.49272329032519274,0.7078075397453232,0.8,6.785397098571686
3490,0.48126443932012897,0.7313383900481614,0.0,61.18193667853201
16218,0.500984893705343,0.691179330636606,0.0,4.541739120585787
15864,0.506213812239695,0.680796145112012,0.0,8.175000040385196
6135,0.4043561964997993,0.9054591149631935,0.0,62.96563113756545
10301,0.3226604800238598,1.1311546540372566,0.8,18.86426540809462
16979,0.5306927975902329,0.6335719607681133,0.0,18.091647533084295
18039,0.5197908020002953,0.6543288521981527,0.0,23.562382117419467
3821,0.4911241915413236,0.7110582472411398,0.0,54.69815512653029
5917,0.4936355460637317,0.7059577950783825,0.0,29.064281130729682
8718,0.5100139336449726,0.6733172327644785,0.0,49.909638594416265
15465,0.449805668632182,0.7989396369747904,0.0,5.92293924557735
19233,0.5040355801613324,0.6851084178443183,0.0,11.822572926422975
8393,0.4949708828878956,0.7032563405922506,0.0,47.83901364187186
14672,0.521628683935996,0.6507992776731285,0.0,7.580184611523785
2511,0.49169623050143163,0.7098941708506322,0.0,52.045892869054164
13862,0.449226889173601,0.8002271977722606,0.0,12.388316824397561
12016,0.5009164763218121,0.6913159057241026,0.0,4.5558064545337436
19382,0.5028414947326442,0.6874802783588968,0.0,11.600543250304504
1667,0.4956968349577479,0.7017907589714582,0.0,39.7038127242341
13264,0.4959377434528629,0.7013048773672879,0.2,11.196683602815378
517,0.4830264308716736,0.7276839045251733,0.0,42.31117818582966
3989,0.48569521635576274,0.7221739786479269,0.0,56.98313690365464
10411,0.49210200115089536,0.7090692645651395,0.0,11.352198411759812
6520,0.46544516094872257,0.7647609959744394,0.0,69.2299903275188
5267,0.5072398132403035,0.6787713828035362,0.0,15.834718711236532
392,0.5028014504950941,0.6875599174350944,0.0,49.17772676651123
11022,0.2915421583081895,1.2325706582348077,0.0,20.09090020111509
9577,0.4944195012609238,0.7043709293185768,0.0,41.013756244806416
20329,0.4212025582778843,0.8646414249566112,0.0,25.624512168366806
4565,0.3939456858972011,0.9315422322395978,0.0,83.87140118399853
19744,0.4714200893166122,0.7520056731034446,0.2,59.035827505248626
14530,0.5168810398468924,0.6599425279580311,0.0,6.608763403162145
373,0.4849631163910613,0.7236824396147252,0.0,53.84559103613221
4188,0.4714310136168913,0.7519825001968306,0.0,58.66215644676268
4529,0.4710426125684979,0.7528067165135316,0.0,28.15873144050542
18088,0.5036337275883694,0.6859060060831891,0.0,4.743040005900015
16327,0.5551901391489882,0.5884446308460655,0.0,9.135602669411355
19917,0.48169181180134163,0.730450764034467,0.0,9.556122454854737
362,0.4914796226397732,0.7103347997868922,0.8,17.467130125435943
18063,0.4684120716288648,0.7584068755392919,0.0,19.646529185055712
5757,0.524137917159023,0.6460004286071602,0.0,19.086082712484473
12210,0.4908674076999605,0.7115812330740416,0.2,11.714049843551425
21049,0.5074685794827092,0.6783204823321848,0.0,5.405874642762715
14975,0.5702930714451082,0.5616048898587102,0.0,17.41649089143008
3025,0.4311608773551249,0.8412739931994444,0.0,56.0961501232754
18760,0.5473837273820039,0.6026052099237311,0.0,21.130352007801534
14502,0.48815292365652563,0.717126554069915,0.0,7.809257084874974
20296,0.5268118861126029,0.6409117465114307,0.8,23.07923213856968
15063,0.45733510540595573,0.7823388845775594,0.0,12.57805293929395
4157,0.4708804941735015,0.7531509450295046,0.0,10.457496734552976
11009,0.5389869158736729,0.6180639831847115,0.0,5.061943762932818
726,0.47136026254644264,0.7521325887103124,0.0,49.77237204949422
17167,0.4772506508391413,0.7397134526493078,0.0,55.74850136782522
15408,0.6020133644096952,0.5074756339036277,0.2,15.224268533142352
15411,0.5974169355797253,0.5151400247908908,0.2,15.454201235002536
17768,0.507870515566023,0.6775287545118547,0.0,33.10066699152861
3810,0.5016424889302757,0.689867586452049,0.0,50.591438820868376
17270,0.4859059077600714,0.721740279257546,0.2,11.154495960860961
17042,0.5662647978764389,0.5686934694112333,0.0,44.581582609183776
14799,0.4604750478053311,0.7754966097595458,0.0,24.432021518794237
5444,0.47555376930797366,0.743275323877661,0.0,52.073870211602255
10157,0.5318090611685421,0.6314707616411608,0.0,10.305602637274161
3368,0.5036092004914584,0.6859547075359015,0.0,46.54545636584345
5642,0.49798422849869484,0.6971868721403147,0.0,44.93369444135466
14941,0.48430800921052863,0.7250341920047059,0.2,4.273351739258361
18455,0.5508607166670743,0.5962732846025615,0.2,5.06563959949428
11052,0.5332127124560729,0.6288348491462044,0.0,11.004609260354929
18312,0.4018425385617665,0.9116949622156711,0.0,25.813274811884405
513,0.4800404107669804,0.7338849895260279,0.0,53.012179866791406
13063,0.5213314614921055,0.6513692370397248,0.2,45.13988762989764
8493,0.5409189594773846,0.6144858089952879,0.0,17.08270560727287
12434,0.5972677019296897,0.5153898541535968,0.0,6.988429085217938
11141,0.48478111369245785,0.7240578018908684,0.0,11.58492517551156
11991,0.37481202753552567,0.9813306385897357,0.0,3.6382832361162523
17765,0.4735015456807877,0.7476001019879684,0.8,26.921079843698827
12714,0.3106986338726076,1.1689318595267975,0.0,7.514478385392518
15357,0.5263177180978662,0.6418502217931629,0.2,3.7356005371108547
5200,0.40475996241113854,0.9044610729876181,0.8,33.469579521730296
14833,0.445834497558671,0.8078074775369429,0.0,6.207354450621258
14385,0.5174674099197881,0.6588087318260939,0.0,7.075935166586071
13950,0.5289957545205033,0.6367748726371322,0.0,10.775504351041691
11341,0.4598068268253058,0.7769488193833166,0.8,13.200360263493078
12157,0.5521695935557239,0.5939000451895597,0.2,8.26708839115604
20041,0.49571474812467015,0.7017546222806431,0.0,4.62038747879826
19847,0.5209749957148735,0.6520532312501893,0.2,19.24697995998691
13971,0.42423447578968354,0.857468967665339,0.0,16.36792561279452
14039,0.4954678392055106,0.7022528330592077,0.0,6.833973716822199
7139,0.5065821852416088,0.6800687073672458,0.0,54.45650226128345
1484,0.4588166819955898,0.7791045343277977,0.0,29.99552457162021
11587,0.4063114758135137,0.9006352317072565,0.0,4.104644965436298
15137,0.4296062689018702,0.8448861434780514,0.0,6.9413735169899375
11808,0.5048566510769043,0.6834807492560958,0.2,11.41993738455291
20244,0.4688732409655845,0.7574228221934476,0.2,36.31274301735483
19743,0.5149562032216152,0.6636734242228272,0.0,20.10930551346562
14984,0.5937788369390444,0.5212483573363624,0.0,16.07034779502666
16340,0.5534088145787514,0.5916582837136038,0.8,7.826159925251723
17678,0.5348419270884445,0.6257840391301216,0.0,15.394287601318657
3221,0.47814482721280044,0.7378416065807718,0.0,38.08369576210917
14393,0.5151633738966436,0.6632711977582044,0.2,8.264359149369017
4436,0.49963621046095996,0.6938750244521394,0.0,36.18731731861712
1479,0.48339272054727045,0.7269258696857379,0.0,36.02281446711904
6103,0.4680577632492448,0.7591635649345715,0.0,54.7546692249268
14720,0.516463356867036,0.6607509380175075,0.2,13.988097408241927
12461,0.46122283762269023,0.7738739739842969,0.0,3.7730610016026263
19732,0.4949766967585818,0.7032445947770058,0.0,11.46499728053718
3761,0.37089421221507224,0.9918383993129241,0.0,86.12133002845154
1073,0.44437777821444735,0.8110802264847999,0.0,47.4481932493608
5591,0.4307643104780094,0.8421941818902869,0.0,45.37320833662337
6167,0.5031461972990128,0.6868745004192657,0.0,50.141838530606385
12060,0.5331302142799408,0.6289895801885892,0.0,3.9151457546559008
9550,0.5172928008809226,0.6591462187891609,0.8,46.78619956514309
7817,0.47493481795575637,0.7445777097200589,0.0,43.61363991492016
473,0.4526571635423416,0.7926202533992321,0.0,69.6170235610604
2738,0.45344515643018424,0.7908809507418506,0.2,37.70129347371774
4492,0.4689659691560014,0.7572250736034584,0.0,62.069740207622495
19723,0.5855850817288195,0.5351437918493908,0.0,2.127731881747514
14190,0.5321964518313741,0.6307425874442862,0.0,19.23764891705073
10659,0.41852891798773884,0.8710092923054603,0.0,6.016496815352142
14298,0.5431338579547372,0.6103994738577537,0.0,10.62400238843881
17842,0.6100499061691584,0.49421451176925013,0.0,3.799768414662466
1734,0.5367849676951936,0.6221576972652189,0.2,17.796820645470397
6441,0.48052295540899076,0.7328802777087882,0.0,24.115426041236624
2373,0.4960054808637171,0.7011683021897999,0.0,49.89864286727585
13903,0.535486936173762,0.6245787849591148,0.0,11.451027214712829
15029,0.5265705388659611,0.641369979428825,0.0,8.889067185854419
14073,0.49797931778243276,0.6971967333772655,0.0,8.045371684056713
1598,0.5031430865178176,0.6868806830970408,0.0,51.647246742389555
14045,0.37493256707638434,0.9810090903111258,0.0,34.56094980259064
7571,0.5047351041156188,0.6837215336350243,0.2,40.37546962077683
4156,0.44983248000348314,0.798880032185132,0.0,37.547361512701215
4533,0.4710266921981143,0.7528405152379026,0.0,28.15999568162033
2699,0.5371068968956075,0.6215581411633944,0.0,17.900874584058563
16014,0.5011979014676653,0.6907542429848208,0.0,3.9257290171882446
8313,0.47081978871175956,0.7532798723812943,0.8,49.49425539410959
7672,0.5105986651791575,0.6721713883983871,0.0,39.12037275348184
10814,0.5214843858294759,0.6510759458726231,0.0,44.52382746568997
10532,0.4836112230453096,0.7264739532210623,0.2,10.874951889854422
10268,0.5209508556467398,0.6520995686514669,0.0,8.372957939096722
95,0.4707290683980184,0.7534725768030285,0.0,18.384732023701815
9855,0.5259735851805598,0.6425042857933168,0.0,10.494986150899681
90,0.4707290683980184,0.7534725768030285,0.0,18.384732023701815
225,0.5024655729980203,0.6882281528426484,0.0,47.93509189564328
10090,0.4645355186834393,0.7667172571641663,0.0,3.2535647677887676
15005,0.5086296186686747,0.6760351920061577,0.0,4.3082032995142425
5311,0.45838244081138535,0.7800514197005622,0.0,68.59186765397487
476,0.4882146669597832,0.7170000785417772,0.0,50.96078112938446
20724,0.4970204119993178,0.6991241833077124,0.0,21.39459775619656
8268,0.48440648750360343,0.7248308745283016,0.8,23.316721257300937
19184,0.4952974355836577,0.7025968169025442,0.0,25.74068786433977
20578,0.5614973687685398,0.577148190890238,0.0,8.173861198441855
13170,0.5096442059286714,0.6740424321585804,0.0,4.416190894093292
1830,0.47723382509657936,0.7397487088383562,0.8,47.36610892390639
1692,0.4994308509952197,0.6942861269227446,0.0,60.98609084634216
1710,0.44983248000348314,0.798880032185132,0.0,37.547361512701215
19198,0.4431178611842929,0.8139194919879007,0.0,24.835532592644768
19838,0.5535086394232822,0.5914779182411098,0.0,21.05661411501443
18294,0.5087734831408232,0.6757523847828429,0.0,14.221208989310744
16591,0.5211949053417936,0.6516312086414746,0.0,9.319303628469243
4139,0.47907766149470143,0.7358925621564963,0.0,58.38976117956835
19506,0.5116036942427888,0.670204988344199,0.0,6.683284385369806
16020,0.488906310108241,0.7155844027345798,0.0,3.4946997276610796
5857,0.5243978170982643,0.6455046897666561,0.0,49.797462049942254
17660,0.4271428882477191,0.8506366888319737,0.2,11.524000249908234
20030,0.5777644881209218,0.5485889533425461,0.0,5.260968146263048
5752,0.5302635612694251,0.634381110627375,0.0,18.53978820008222
1975,0.5160475639092903,0.6615563396299364,0.0,34.44062394964387
8282,0.4967548911687708,0.6996585512599423,0.8,45.3081357507113
17398,0.5192073370071182,0.6554519823224616,0.0,18.71151524031889
2139,0.5315732508913948,0.6319142715215458,0.0,39.69053867263213
10599,0.5563948995827496,0.5862769857923529,0.0,8.542934995595687
20238,0.5095350880308863,0.6742565611128257,0.0,4.258941613923666
20674,0.5921892539542412,0.5239290094532121,0.0,18.92300515950155
5087,0.46891364605141544,0.7573366510464306,0.0,43.0167240906453
2517,0.4541887079804995,0.7892425109572447,0.0,61.166294599186465
17875,0.4713501465731487,0.7521540501754589,0.0,27.629626316774264
16981,0.5284931296555284,0.6377254734620589,0.0,19.527153924426354
13622,0.5409187148424913,0.6144862612533283,0.2,7.994466399550545
9895,0.4993379020983501,0.6944722538852673,0.0,59.431196233792846
5876,0.4701827263629573,0.7546338803375447,0.0,35.72436801032735
7534,0.5071703171777686,0.6789084004861475,0.0,31.945698314159614
53,0.44728631607515457,0.8045563612868197,0.2,43.20467414579107
10863,0.44599166727428596,0.8074550103781182,0.0,14.836985045648818
55,0.44983248000348314,0.798880032185132,0.0,37.547361512701215
11287,0.36693503424676915,1.0025704649983471,0.0,11.715537075037867
17450,0.5194470332110259,0.6549904308862267,0.2,23.58620556612843
1617,0.5135052006694546,0.6664951217788233,0.0,56.03557787205
17038,0.5408317840355857,0.614646983725253,0.0,15.643380514094172
19396,0.4955150695285356,0.702157512902534,0.2,51.61560027343555
15705,0.5530043288003967,0.592389449641621,0.2,1.2499477321210994
20118,0.5856736239899625,0.5349926002110631,0.2,2.152542836133875
15171,0.41482046091579894,0.8799094766596098,0.0,16.278324479055712
15740,0.544935081788166,0.6070886073987819,0.0,1.9047405165692683
10837,0.41625285145959134,0.8764623873575744,0.0,7.840174364741621
3684,0.4129155533102999,0.884512178331864,0.0,68.2480721446733
8537,0.4925384534863605,0.7081827432730388,0.0,20.402745130861554
17050,0.4805735770570358,0.7327749362651728,0.8,34.9167268311613
17480,0.5586215834594156,0.5822829877294742,0.0,26.122671203383533
17104,0.46091212698169287,0.7745478680772063,0.2,29.497492185673497
543,0.4953354059582255,0.7025201580780148,0.0,41.67349288289397
17128,0.5129054298035315,0.667663798166968,0.8,7.7949746525792065
16328,0.5310559553140936,0.6328878860526419,0.0,10.376195974408304
12017,0.47895423236287393,0.7361502344392289,0.0,4.866210448364955
10705,0.4724801556887369,0.7497595314726588,0.0,10.498507524834285
15225,0.6109448731822853,0.4927485478052115,0.2,6.994812194578159
845,0.45344515643018424,0.7908809507418506,0.0,37.70129347371774
3863,0.43799404053719815,0.8255499747777107,0.2,29.09444523804133
4740,0.491556753220042,0.7101778766407683,0.0,50.90199876640435
17757,0.5380689503318915,0.619768566564004,0.0,8.069696586665286
5816,0.4145254425675238,0.8806209249454936,0.8,26.854974234200913
430,0.5100667023444088,0.6732137729052841,0.0,27.495735266196647
7391,0.5342513781945923,0.6268888051051735,0.0,16.189403272271555
479,0.4714310136168913,0.7519825001968306,0.8,58.66215644676268
21212,0.5689503346455314,0.5639621339983778,0.0,15.739336519658007
18201,0.4909138954380626,0.7114865322725734,0.0,24.830879704902237
1399,0.4541887079804995,0.7892425109572447,0.0,61.166294599186465
3285,0.5030041385213213,0.6871568812396619,0.2,61.723867381611726
1519,0.46637097932570043,0.7627738685968184,0.0,25.114710219032165
15901,0.558816346821434,0.5819343985887034,0.0,6.803976937241339
1058,0.4781450763258084,0.7378410855818425,0.0,57.66596914296398
7565,0.4949922556936278,0.7032131615992102,0.0,49.660915403568865
202,0.43472369968667307,0.8330446228354528,0.0,63.557141151693656
11043,0.5379381697040766,0.6200116516254756,0.0,4.690698089469748
19870,0.5598347812847322,0.580113572203985,0.2,8.434851317716364
961,0.464154841982569,0.7675370712557397,0.2,22.066690798602522
10920,0.49187181904560023,0.7095371268288896,0.0,7.338032801910881
15034,0.419979863094084,0.8675485138682076,0.0,29.179125735850555
10280,0.5354444522398691,0.624658125119231,0.0,16.17239788235542
20649,0.47105844968952293,0.7527730956597591,0.0,28.157473852639356
15182,0.49490803079129514,0.7033833300569545,0.0,11.786594440298833
8601,0.4311608773551249,0.8412739931994444,0.0,56.0961501232754
16238,0.47871780079239135,0.7366439975796375,0.8,10.63235100137208
19406,0.47733199359418127,0.7395430268496953,0.0,55.735657228126556
18261,0.510230768234435,0.6728921688708307,0.2,13.320236795404774
2777,0.49987461699984714,0.6933979780073019,0.2,44.481481347209765
12883,0.5003278110437603,0.692491773298694,0.8,9.491291811601878
928,0.5086481303403733,0.6759987974782746,0.0,48.063175655482894
5918,0.5001079398059356,0.6929313242467244,0.8,47.22326816142032
16161,0.4649402252762889,0.7658464294506835,0.0,24.127992577856027
18737,0.5153299487526061,0.6629479062748882,0.8,9.165255626157638
8252,0.4624820179604062,0.7711476028711155,0.0,57.64251259061705
4689,0.488728041962697,0.7159490956223495,0.0,47.48962037938543
602,0.4892355345827483,0.7149112396576159,0.0,38.79465252933343
13647,0.5033198794016829,0.6865293678640513,0.0,14.55476619862124
15549,0.5172303002159999,0.6592670486960667,0.0,6.827039597092023
11973,0.5393555473085907,0.6173802830396026,0.0,8.064530241594667
19239,0.4790036207233995,0.7360471226782882,0.0,18.713997532536087
4430,0.4883763248572023,0.7166690128238867,0.0,37.4531241411465
20851,0.44550499916263925,0.8085468106692741,0.0,24.91904927453413
677,0.45344515643018424,0.7908809507418506,0.0,37.70129347371774
1793,0.5103656712433725,0.6726278077492258,0.0,49.73746303874679
14827,0.5153299487526061,0.6629479062748882,0.8,9.165255626157638
13814,0.40636922867844083,0.9004931024190743,0.2,10.910374586924497
12844,0.37759434258831975,0.9739348273751502,0.0,13.061441143952361
5045,0.4818557830357861,0.7301104150223251,0.0,53.99531707984815
872,0.4712129957055984,0.7524450670047118,0.0,40.7712398593265
13419,0.4754402983960715,0.7435139603030482,0.0,9.800257683767597
189,0.5560656941605688,0.5868688367462509,0.0,45.05597489763061
18391,0.5680102402518851,0.5656158318110255,0.2,10.776395236413727
8790,0.5339317677405754,0.6274872239526738,0.0,48.03414651484242
10057,0.5422569710257301,0.6120152736164688,0.2,16.845721340154498
12889,0.4710384102857732,0.7528156377902006,0.0,14.139384075736471
12176,0.4174074992286801,0.8736923179726894,0.0,12.503411065798483
18978,0.3428443594919898,1.070478697211539,0.0,16.849334959540514
14251,0.4608809841221944,0.7746154382491574,0.0,11.839222850194867
9974,0.4168453689984013,0.8750399437028757,0.2,82.2712525694934
8456,0.47403697848931264,0.7464699466394372,0.0,46.38564202856553
12624,0.540623707516867,0.6150317920190972,0.0,4.127170694882226
17659,0.4271428882477191,0.8506366888319737,0.2,11.524000249908234
14591,0.44637103720918936,0.8066047508236736,0.2,15.898180438742372
5677,0.4598958407112132,0.7767552483753652,0.0,50.667741532868625
16774,0.365835722690843,1.005570891448874,0.2,8.198671089354598
12736,0.3607153338798112,1.0196661805267948,0.0,6.412094269383524
11663,0.5701973778511833,0.5617727011616607,0.2,5.845245207388731
7554,0.5061303455903498,0.6809610428869214,0.0,33.981658546571
6597,0.4835031052563402,0.726697541655761,0.8,49.2664612780605
9840,0.5440558569718087,0.6087033591402445,0.0,17.533700445796264
15591,0.5103800509436487,0.6725996328571551,0.0,14.15149560821591
1991,0.46644763845065257,0.7626095084014625,0.8,65.39300315483092
7211,0.5128404775374084,0.6677904421355085,0.0,43.74027395987581
1225,0.5089297015676439,0.6754453828388675,0.0,55.70398025892987
11524,0.4682046099176725,0.7588498779300726,0.8,5.4280530842007675
7547,0.505825146754427,0.681564229188068,0.0,33.265788582986076
5162,0.4830681586822781,0.7275975200011698,0.0,49.89500326475734
1178,0.46644763845065257,0.7626095084014625,0.0,65.39300315483092
11888,0.486760703741247,0.7199826447481948,0.0,6.3790463285970604
20226,0.5130587944148561,0.6673648313826558,0.0,4.238434091208451
2936,0.507065949353499,0.6791142062300003,0.8,50.006573435875424
14706,0.5077907573201613,0.6776858112947701,0.2,19.727433087834246
1983,0.5317501607932384,0.6315815225168085,0.0,10.801938280881469
7360,0.5085524613483745,0.6761868999883646,0.0,45.87590105513405
232,0.4662510103835335,0.7630311409840287,0.8,55.01835716063265
20443,0.5787239137024526,0.5469297481138153,0.0,10.689740925426243
16501,0.49496754513113794,0.7032630839545915,0.0,6.3851718452182755
12338,0.515807823945572,0.6620210170854285,0.0,6.84198660547956
4283,0.5012336975799297,0.6906828244215718,0.8,47.13219446307037
12830,0.4953096115467809,0.7025722340709177,0.0,6.224790087671845
9579,0.49624523663745074,0.7006850457422693,0.0,38.85824124500006
7765,0.5401040087097185,0.6159935492487943,0.0,14.697605286134403
6813,0.47343603207816776,0.747738471410121,0.2,49.42551467164653
11119,0.5758594452297428,0.551891666762016,0.0,2.460884937354905
5606,0.5047493381555997,0.6836933330221454,0.0,29.009110936859365
303,0.4665910357983738,0.7623021313273756,0.0,29.348632056103966
7241,0.4990072529283656,0.695134648409665,0.0,43.7517711645539
9551,0.5189459815382479,0.6559554830476876,0.0,44.860795085267895
4395,0.48928752257921015,0.7148049815656268,0.0,60.318819896403596
10839,0.42598874223133726,0.8533423597489594,0.0,7.802962786570555
8506,0.5124388472628486,0.6685738975030133,0.0,16.64748979278433
19303,0.5647404792010005,0.5713889822072927,0.0,24.7088604024198
18479,0.5294047333515085,0.6360020482553465,0.0,4.357568055456904
13543,0.5266552936606905,0.6412090361775394,0.8,8.281214372020443
9197,0.4709463631981166,0.7530110700106368,0.0,59.99728819724792
16928,0.40848787886163146,0.8952930374316589,0.0,6.639851243191
18456,0.5292116176172533,0.6363668938128908,0.0,6.767761757909536
7891,0.5126952720688803,0.6680736218677688,0.0,52.45046402849637
13648,0.5033198794016829,0.6865293678640513,0.0,14.55476619862124
8422,0.40811876286437726,0.896197061483221,0.0,75.31639844882233
3329,0.4859866525715527,0.7215741193033233,0.0,24.27736295056414
2925,0.44868356717696184,0.8014373898556856,0.8,55.603723906973926
15443,0.5286317382057203,0.637463236605846,0.0,7.477443929528301
1864,0.4331396170190996,0.8366951617999688,0.0,41.144487134904466
8979,0.46119508571866097,0.7739341460675477,0.0,52.04319787333693
10451,0.4120020688873083,0.886726908074082,0.0,10.432341532276423
17607,0.5371068968956075,0.6215581411633944,0.0,17.900874584058563
9937,0.49053314572871326,0.7122624268699997,0.0,46.638944743932484
1961,0.42598479139155265,0.8533516343088576,0.0,88.36371145403047
2940,0.4935115794756273,0.7062089564008417,0.0,49.36400713000818
18513,0.3875411447108236,0.9479332559265221,0.0,7.06878565374297
3082,0.4590520415636716,0.7785916950356438,0.0,25.63552004703117
2879,0.4761867734929495,0.741945120424414,0.0,52.344227679883204
21087,0.4570639756642118,0.7829319073731913,0.0,9.583869242210028
15988,0.5285186582943374,0.6376771700484073,0.0,7.626618978104405
12639,0.5455375451648334,0.6059836490108796,0.2,9.440012747990036
5908,0.4831502320798775,0.7274276341894703,0.0,21.82282902568411
7740,0.5243447535180215,0.6456058844387803,0.8,18.748395475172025
11176,0.4927364330851795,0.7077808663873455,0.0,12.430401465927755
8441,0.5225890042244087,0.6489599666366723,0.0,51.26783736429711
17292,0.5331302142799408,0.6289895801885892,0.0,3.9151457546559008
6963,0.4853258930253024,0.7229346693161346,0.0,38.461928545270446
11598,0.491213387957211,0.7108766469074173,0.0,8.622933808340347
16987,0.5055941355694756,0.6820210351695354,0.0,21.376927710349555
20415,0.5060661378662336,0.6810879109905984,0.2,23.027240250890742
14297,0.5050011360101376,0.6831946001842824,0.0,8.237618813536567
11917,0.39044673746307745,0.9404637147463003,0.0,7.2570880718730235
8639,0.43953121745461715,0.8220465349035722,0.0,71.49338814403845
17855,0.5631395765205601,0.5742277659013879,0.0,7.7064238921864465
20823,0.5126822247749443,0.6680990706297649,0.0,11.164937093818603
2408,0.49556711010750065,0.7020524952156415,0.2,46.925188887338194
6320,0.5587541036504059,0.5820457887405568,0.0,46.450163237902174
211,0.506510996477987,0.6802092448124156,0.0,48.60094846601322
5895,0.46461391257975576,0.7665485138084374,0.0,60.95977173027619
11684,0.38211377604419017,0.9620368716743788,0.0,8.194148981088931
9251,0.44902925019113643,0.800667248169898,0.0,68.10475722888066
13198,0.5478418728828202,0.6017685868071272,0.0,3.5317798824562203
13764,0.43479147460614836,0.8328887315488684,0.0,16.770214006064975
10332,0.43244727224774976,0.8382948739203392,0.0,26.887469287257737
6149,0.49367708100823565,0.7058736577071193,0.0,36.70190277122157
13922,0.49323078690692534,0.706778086876734,0.8,9.795944715494644
15112,0.46235268946733166,0.7714272820243282,0.0,14.016833773237275
2682,0.4990072529283656,0.695134648409665,0.0,43.7517711645539
15301,0.4867868686570531,0.7199288930537647,0.0,2.6781354598462297
18826,0.511033508068929,0.6713201174078729,0.2,31.55204615839078
17923,0.5012679614012207,0.6906144677839597,0.0,6.4082116768639406
13875,0.45783851549098387,0.781238743305331,0.0,12.283416427208518
8335,0.49520979931395714,0.702773769209083,0.0,46.11952860434607
7515,0.46792044641140634,0.7594569838142128,0.2,45.55602763763132
17287,0.39916724159220857,0.9183747980517037,0.2,16.29380444787733
13530,0.5126234206826463,0.6682137761180708,0.0,20.88969912508186
8577,0.49632902588763816,0.7005162135378693,0.8,19.716029150694204
16311,0.44316503436384985,0.8138130402446967,0.0,15.263064050979096
12488,0.624553648354668,0.4707180470138791,0.0,2.6360210183865522
8689,0.5156229706101342,0.6623794576873433,0.0,18.61286238199778
14097,0.5782552829479946,0.5477398418154878,0.0,7.015451811439033
12658,0.32789977597749725,1.115047278335497,0.0,8.149880308520432
11653,0.4273646055460828,0.8501177529421201,0.0,6.387784946403887
16741,0.508000701815092,0.6772724498788377,0.0,10.226814574478055
17711,0.46886193389087133,0.7574469379033344,0.0,19.621662001768037
13546,0.5351984796087156,0.6251176109630435,0.0,8.270931375346452
3623,0.4311608773551249,0.8412739931994444,0.0,56.0961501232754
221,0.504813399228601,0.6835664244691352,0.8,27.910015755123325
21109,0.40444270274766747,0.9052452020899725,0.0,6.4737840003230005
10406,0.4595592664752324,0.777487365144055,0.0,13.240609620791734
11835,0.3801236845878739,0.9672585934631407,0.0,5.673599963422683
1458,0.4705009929944229,0.7539572094500608,0.0,53.02580616892266
11700,0.5126238713809131,0.6682128969189345,0.0,7.541450922863069
6501,0.47564694180784584,0.7430794188513478,0.0,40.32319854118265
7637,0.46674688269661413,0.7619681753258021,0.8,28.973841029434794
17250,0.4208974518963605,0.8653660571646346,0.0,48.373957313727814
601,0.48798227937288335,0.7174761865487991,0.0,38.93383935124897
1801,0.47124304891650076,0.7523812906385161,0.0,48.799448099924405
18622,0.5063687932544052,0.6804900347461426,0.0,11.419642775675438
17474,0.5444377813593211,0.6080016106141416,0.0,21.894138137375766
9783,0.5199721045503808,0.6539801139410352,0.0,16.983864357364254
15010,0.5358009481488178,0.6239925522785362,0.0,19.66512490420324
5029,0.5318150844008304,0.631459435775133,0.0,35.09967215944239
4026,0.5052918696541371,0.682619056950003,0.0,53.78013969366154
14136,0.43154342156133535,0.8403871441788391,0.0,26.934408932678554
3765,0.4921203960657075,0.7090318849751885,0.8,36.96005861033702
15258,0.6042802623168113,0.5037171782085882,0.0,8.09977290773673
12485,0.5483116394407889,0.600911468563292,0.0,4.92747378433577
19836,0.5452195708731188,0.6065666831181923,0.2,28.509847730461342
10492,0.45020134104111165,0.7980603717464791,0.2,42.41690693171013
3846,0.4126653044356952,0.8851184154555111,0.0,59.037395609715546
1748,0.5367724997961129,0.6221809245249769,0.0,17.209523684065616
18902,0.46970294925470013,0.7556548069510165,0.2,16.877550862725478
11198,0.4860420468891801,0.7214601425910758,0.0,24.861517229248
16632,0.5324027096721131,0.6303551029322217,0.0,4.17209992682181
15540,0.47084322476326745,0.7532300965035602,0.0,14.553159487588452
19315,0.4608210777994667,0.7747454288942628,0.0,26.80658077291731
17620,0.5377236026894571,0.6204106004827692,0.0,16.533942266197936
4356,0.48125510067772964,0.7313577946254433,0.0,55.594162312067695
9570,0.39170972158055034,0.9372342196738627,0.0,101.26816029597272
26,0.5094463292853015,0.6744307718379694,0.0,13.977576717242222
11629,0.5239654105620637,0.6463296072176168,0.0,10.0310361080776
13194,0.44011893845729566,0.8207102739225876,0.0,5.472577883564726
12322,0.49385251865055596,0.7055183516095065,0.0,8.593813233656832
119,0.4234478557430703,0.8593248994056703,0.0,69.26587984516199
13793,0.5012679614012207,0.6906144677839597,0.0,6.4082116768639406
5650,0.44273282194151914,0.8147888016229352,0.0,79.36043052134293
12051,0.505961725110399,0.6812942546299876,0.0,4.662096865117589
3603,0.39212191057680373,0.9361824911716241,0.0,33.43575424379186
8507,0.5104718646032809,0.6724197563080073,0.0,14.120814882468153
18229,0.5430797218617539,0.6104991523998639,0.0,21.2273608903052
17993,0.4970298391599609,0.6991052161365208,0.0,21.40660197145337
18396,0.361199680564614,1.0183243418123058,0.0,10.175249398786715
20444,0.5630781007126743,0.5743369380608908,0.0,11.22541440275777
14194,0.532485316050811,0.6301999572702025,0.0,19.221098095735663
21207,0.511207685660334,0.6709793414850104,0.0,11.376454203764865
8049,0.5416888751024174,0.6130634735378154,0.2,16.622448866948353
1169,0.5100647510344862,0.6732175985101433,0.0,14.137569568713005
9552,0.4072404680338408,0.8983514374612154,0.0,36.93122814234076
15552,0.5307498979691294,0.6334643706378302,0.0,7.107786965908825
20580,0.4087834530812866,0.8945697177188793,0.8,5.269910022806234
2264,0.452022337203471,0.7940236817792142,0.0,38.57764288125271
356,0.4945581324974546,0.7040905766943988,0.0,46.350278581235834
6172,0.46090284340533605,0.7745680100290195,0.0,45.05661972511167
18831,0.5112747117013104,0.6708482369471809,0.0,11.5764921248896
12310,0.5155808422738372,0.6624611647869372,0.0,3.913820556507047
12649,0.49812587557376675,0.6969024717001474,0.0,8.235993631205513
20184,0.4884965970549239,0.7164227736342614,0.0,14.847862256863667
4091,0.44219408626523543,0.8160063840873041,0.0,69.98805549138507
15935,0.509887746510465,0.6735646823718412,0.8,12.07634112343916
9528,0.47403697848931264,0.7464699466394372,0.0,46.38564202856553
873,0.5025158069206025,0.6881281829852405,0.0,18.826842318884495
20186,0.48256036262051694,0.7286492621512147,0.2,14.9664551218961
17336,0.4750907324618958,0.7442494774794193,0.0,54.907002078049075
17434,0.49455020816710554,0.7041065998741122,0.0,44.96425058366689
3736,0.4986197392611172,0.6959115193038408,0.0,45.26904645446827
20079,0.5267893666238505,0.6409544941613549,0.0,19.615930326073396
15897,0.5089871832065129,0.6753324430894835,0.0,6.366358649895224
10598,0.5734071195584671,0.556159309219181,0.0,8.84376738072199
2666,0.5025713178928989,0.6880177229644475,0.2,51.986620092042216
18680,0.5330085635436755,0.6292177882592899,0.0,18.250462620537807
18920,0.47610654425358495,0.7421136173319514,0.0,18.868238154477105
12073,0.46697485112569337,0.761479874742553,0.2,7.569109635411305
2570,0.4493554572418553,0.7999410402049668,0.0,52.35214113209142
21162,0.43183058923869533,0.8397219221907839,0.0,11.851835478876659
17573,0.5082472901385617,0.6767871582369126,0.0,10.433350756509839
3572,0.42968781133086237,0.8446963541355836,0.0,39.97103121991495
12281,0.42742907190475554,0.8499669180436046,0.8,11.04999529251921
13476,0.5043237530820339,0.6845368499140253,0.2,11.123724137515516
9160,0.5194455653435293,0.6549932567173062,0.0,42.0443460645176
19360,0.49434030873693535,0.704531114883073,0.0,9.608747760836875
4335,0.4340342684907411,0.8346317883427963,0.0,63.09816192516836
3905,0.415927606381021,0.8772440569872,0.0,63.87214434036992
17165,0.4774411591303501,0.7393143536065631,0.0,55.71842327008255
11637,0.5282034725788456,0.6382737047771313,0.0,10.041640500397397
11977,0.5120364925355014,0.6693593819991334,0.2,10.369046304005131
7770,0.40699514642989915,0.8989540188443113,0.2,39.59892727348185
20953,0.4612012855390797,0.7739207032123674,0.0,17.82378107417793
12465,0.29855531658230283,1.2088000481346237,0.0,5.849564838929661
13148,0.41970945580022856,0.8681925789935305,0.0,6.032462810588097
8040,0.5071063009743658,0.6790346307518208,0.0,19.073233906820857
15704,0.5521479896014291,0.5939391715326102,0.2,1.2532176609900763
12796,0.48205178726754383,0.729703728239281,0.0,6.677883137314406
8800,0.5340837175670246,0.6272026778396917,0.0,14.61382311144132
15880,0.46729607935803963,0.7607922193001682,0.0,12.362872838079733
3447,0.4967485109599607,0.6996713951189497,0.2,36.35807451059053
6333,0.4715664908454247,0.7516951670303601,0.0,62.394458142252105
9866,0.4883899380920391,0.7166411387349586,0.0,57.40295411916259
18934,0.36346427175152746,1.0120742763811743,0.8,7.152582184564815
14401,0.4901801471111474,0.7129823082775173,0.2,7.134457131882236
4175,0.48347264232952863,0.7267605482552496,0.0,47.07227827080562
17834,0.45313127699859596,0.7915734007825889,0.0,27.180652857217304
6986,0.4707290683980184,0.7534725768030285,0.0,18.384732023701815
10998,0.4383229315208944,0.8247993536905346,0.0,22.07575419810958
3108,0.45214424646583673,0.7937540207116491,0.0,37.95334741027223
18146,0.5120528780071185,0.669327381917715,0.0,11.185464016941939
12620,0.49911602393627874,0.6949166973591988,0.0,6.21151284897816
10658,0.45776391135079425,0.7814017051721143,0.0,10.518057840260335
1216,0.5009921567211986,0.6911648332669256,0.0,54.70223840871638
1104,0.4928517524709674,0.707546855087283,0.0,35.479934673163996
5198,0.4876952701423648,0.718064514606444,0.0,43.1682436759888
382,0.503621638101847,0.6859300108925648,0.0,47.36346672880853
12914,0.43884539334668016,0.8236081071013496,0.0,15.137504739480548
18834,0.4986999867519515,0.695750592995227,0.0,9.861916772448613
18735,0.5150924088628797,0.6634089597296753,0.0,14.044367728091315
15011,0.5371244816317714,0.6215254019667614,0.0,19.587372663633488
12066,0.5323978401960855,0.6303642492010291,0.0,4.994060547876763
8103,0.49490646859658444,0.7033864865973197,0.0,48.78337213917884
20379,0.554606225998772,0.5894969197567786,0.0,6.1189780945379315
18281,0.35348468147285655,1.0399151284660433,0.0,30.425315561997998
5123,0.45212393018787156,0.7937989548993009,0.0,37.9554959383931
11463,0.48758242111538397,0.7182959338801465,0.0,22.21330086471703
7615,0.5088002687044533,0.6756997388422658,0.0,48.212866234364355
8116,0.4988366133841892,0.6954766649346958,0.0,35.33021404807596
4640,0.42857100634510026,0.8472988455824549,0.0,69.19466100021644
11312,0.47789082963069474,0.7383729624695687,0.2,4.669780889091605
15643,0.5002712376499717,0.6926048523465359,0.0,6.335602913260716
6123,0.4631668844909152,0.7696678481743512,0.0,21.25822220843179
15879,0.5039414274527124,0.6852952330359003,0.0,10.608369893692476
7934,0.4707290683980184,0.7534725768030285,0.2,18.384732023701815
512,0.4825002032896033,0.7287739368775825,0.0,50.43115420788715
9218,0.45853249738723145,0.7797241121806727,0.0,23.82446974203051
4561,0.46891364605141544,0.7573366510464306,0.0,43.0167240906453
11349,0.40304244011268564,0.9087134121268964,0.0,8.257206561310419
14028,0.2812571265515203,1.2684859869346805,0.0,44.68876073904199
1486,0.46449630972441697,0.7668016653789264,0.0,22.045547879644133
9631,0.4976745154147709,0.6978089991407685,0.8,45.02612673433012
2555,0.44983248000348314,0.798880032185132,0.0,37.547361512701215
2604,0.46751908050922397,0.7603151171627871,0.0,54.05840657049737
12524,0.4798628792079627,0.7342548842079109,0.0,12.44561979715607
6043,0.4762647541590935,0.7417813731594788,0.2,49.06883613669669
13132,0.45852267310160294,0.7797455379049804,0.0,12.259938759336773
12619,0.5054596748344707,0.6822870165335617,0.2,8.972074332484297
10012,0.4772208588688993,0.7397758787562133,0.0,56.6816284511457
13745,0.46644126710642886,0.762623167786167,0.0,12.305687918320892
10847,0.5486937168898529,0.6002148858851698,0.0,5.431944974845071
2878,0.47186569086287333,0.7510608871461657,0.0,53.70085343095084
4643,0.4388570773767486,0.8235814829765262,0.0,64.60502605168031
15136,0.46455194862083565,0.76668188926184,0.0,14.344617446170792
99,0.4707290683980184,0.7534725768030285,0.0,18.384732023701815
7697,0.4469055678691796,0.8054079642499471,0.0,28.273849288695445
3696,0.38512314763506916,0.9541921318527392,0.0,89.59029258221116
19314,0.45489517784617317,0.7876882649324164,0.0,27.25440939732439
18553,0.46930905512507703,0.7564937614071667,0.0,18.927474256702673
6669,0.46790278713670935,0.7594947244345907,0.0,51.37981926689704
6883,0.4707290683980184,0.7534725768030285,0.0,18.384732023701815
8414,0.5013270175157022,0.6904966612603053,0.0,51.74236825979384
7218,0.48897455047221733,0.7154448348856977,0.0,46.54147632225225
7003,0.5493863873841648,0.5989532828682507,0.0,15.698565566825105
10091,0.42811516223232143,0.8483630489570867,0.2,13.573808783313387
18739,0.527834451206266,0.6389725838216963,0.0,8.30983852572577
13202,0.433826975136382,0.8351094991746221,0.0,6.124776385480924
13130,0.45852267310160294,0.7797455379049804,0.0,12.259938759336773
3817,0.4982028528095151,0.6967479499369811,0.0,54.983867765051166
8091,0.49490646859658444,0.7033864865973197,0.0,48.78337213917884
20173,0.5090166491487527,0.6752745534405226,0.0,13.566265881658818
9785,0.5207275962192546,0.6525282219091086,0.2,19.00406676168335
8926,0.49331657334617257,0.7066041744161271,0.2,62.92310119265993
13774,0.502378937251008,0.6884005889685232,0.8,11.543789513177723
18119,0.5118610766530368,0.6697020254225763,0.0,15.4232374666522
716,0.46806745338365197,0.7591428622887387,0.0,29.230793827379742
3649,0.4798936216103848,0.7341908212869379,0.0,51.47411892854173
20797,0.41667043343804683,0.8754596971434504,0.0,14.283123756634456
1875,0.4904303692005539,0.7124719688702297,0.0,20.526317722116453
3250,0.5062294967635717,0.6807651616016496,0.0,18.804095117170682
20913,0.6194753687578302,0.47888233857775087,0.0,7.268236127458559
4857,0.47084729348780346,0.7532214551835996,0.0,10.842626065477162
3342,0.47764698119011767,0.7388833524156476,0.0,45.66298779694745
2148,0.4425654774539495,0.8151668538335337,0.0,69.77013114399674
15153,0.529438434536708,0.635938391641727,0.0,4.775897315164589
16923,0.428652165868583,0.8471094911031175,0.0,14.722763860182734
9941,0.48715454332914965,0.7191738688089014,0.0,48.99731370668043
15025,0.531491557675365,0.6320679652860882,0.0,8.063923337412412
11380,0.5400002778056449,0.6161856249690514,0.0,3.237131171372665
11699,0.5084381835799835,0.6764116370976819,0.0,14.401141748043136
19750,0.4675234867248437,0.760305692531708,0.2,24.11955746590981
6108,0.46891364605141544,0.7573366510464306,0.0,43.0167240906453
17237,0.31037860307742016,1.1699624264336883,0.0,96.03051810394233
15303,0.530056581532965,0.6347715205247897,0.0,10.615918289362519
17001,0.3884288002949506,0.9456453941941735,0.0,89.29256201796376
4246,0.48897455047221733,0.7154448348856977,0.0,46.54147632225225
7336,0.4940969822951996,0.7050234606269228,0.8,43.37304630995348
4024,0.5076006201142715,0.6780603214833293,0.0,52.74800983519537
20454,0.5065582307199803,0.6801159950309409,0.2,16.164656860009153
421,0.5032910603989735,0.6865866273305994,0.0,24.2605378481379
20207,0.5586715885143023,0.5821934766572249,0.0,11.440684578339445
20942,0.4492736574753007,0.8001230947710629,0.0,5.435436280702525
2838,0.4521605650507298,0.7937179298168822,0.0,41.32492292591026
16507,0.41055025660739414,0.8902569297943008,0.0,7.4890195339761965
20201,0.4617616248657228,0.7727064845494723,0.2,8.430227812756671
8375,0.4696906343576279,0.7556810257740695,0.0,58.73152736292853
2939,0.47019452880961476,0.7546087788230342,0.0,56.33607453474421
8850,0.4879079707074519,0.7176284755291817,0.0,22.103673733062156
12968,0.45953870051429735,0.7775321176332937,0.0,9.408138919967817
82,0.5039684326520083,0.6852416464993036,0.0,53.40088172080989
11862,0.5379292299068855,0.6200282703968865,0.0,10.311069912004307
4174,0.44323818556893324,0.8136479884858482,0.0,59.49394004901541
13258,0.5385000868921456,0.618967621026105,0.2,6.051646695223727
6296,0.5095707445867037,0.6741865849539408,0.0,13.898356294516425
4424,0.4707969977028421,0.7533282806281538,0.0,9.239570902109222
17873,0.46602586759494463,0.7635141365367103,0.0,25.665528981214642
19625,0.4488491338627153,0.8010684524622298,0.2,38.99761376715287
5728,0.4711826619667641,0.7525094428082244,0.0,40.21034598046765
2840,0.44391642093851724,0.8121189753989632,0.0,45.9050263236216
4955,0.39868076986824574,0.9195942578416896,0.0,45.91534157467345
7669,0.4968035097649841,0.6995606836434913,0.0,51.081924108493425
16839,0.535446150765811,0.6246549529447117,0.0,8.153308630338678
17805,0.5057502487082166,0.6817123111732235,0.0,13.49483592060219
6382,0.5035103126839223,0.6861510850393858,0.0,20.117949603958095
3663,0.47258230396507356,0.7495433589314876,0.0,60.15085741353288
11037,0.4554687507198594,0.7864281689826901,0.0,25.09767373883703
127,0.4803094156722125,0.733324766772065,0.0,43.01133099499503
12431,0.39906848116650706,0.9186222448231013,0.0,4.40736586508394
8196,0.537445082424977,0.6209286964328582,0.0,16.966877103758854
11881,0.4989889186912789,0.6951713905087034,0.0,11.203033530729279
17685,0.4763756805521495,0.741548491183204,0.0,9.881133503577042
7240,0.49790734701267275,0.6973412694423209,0.0,32.76806476141299
19724,0.5798135622289777,0.5450486715488047,0.0,2.40584478995432
11117,0.5824501850038711,0.5405116165059248,0.0,2.38581822938014
4827,0.4952868523683046,0.7026181845246279,0.0,39.50821751391108
14761,0.4329028860143943,0.837241857856507,0.0,26.853694850653028
8234,0.5403371320220623,0.6155620156701977,0.2,16.93749668444061
18766,0.5443716255322469,0.6081231301872402,0.0,15.850728553200387
2403,0.5016417887083114,0.6898689823115874,0.0,50.08448706316473
1769,0.4898233447502794,0.7137104737985518,0.0,44.185818046554154
5969,0.4536055667997024,0.7905272541577847,0.0,34.78319918294254
12686,0.4452071421343853,0.8092156171793615,0.0,11.98448362998673
3506,0.5118168239359518,0.6697884837061576,0.0,45.75325479682243
3514,0.47091836134692716,0.7530705304627973,0.0,15.942507496456273
4983,0.5208545257553193,0.6522844974172703,0.0,45.56859787596125
12340,0.5287330950426533,0.6372715206832877,0.0,8.071043785143859
13429,0.5016123397320615,0.68992768922427,0.0,9.665887083943938
20053,0.4769182557419604,0.740410174389734,0.0,5.316515456328552
15470,0.5179430904618387,0.6578899067314267,0.0,4.309507778831893
3999,0.4043698369634498,0.9054253817504927,0.0,82.16282529984981
8630,0.49877461837061793,0.6956009518546458,0.0,21.299301066184036
19971,0.49986352614013513,0.6934201655366835,0.0,6.105218084212058
12484,0.5283569399642065,0.6379832010167815,0.2,5.392552465093254
1185,0.5074935311017299,0.6782713147450098,0.8,66.86737694316086
20697,0.5832861880860299,0.5390773244227821,0.0,13.652133652290317
20763,0.4726225239781583,0.7494582556566841,0.2,64.11240796680835
3613,0.49828529887637557,0.6965824766859262,0.0,39.83406988589515
1353,0.4963587724332137,0.7004562822167938,0.8,39.79992306976726
4710,0.33508570460411363,1.0933689452380262,0.0,48.162905374432256
19958,0.5297467967723434,0.6353561285299837,0.2,10.274661611921255
12297,0.5135367602743244,0.666433664494545,0.0,6.201165133720821
7028,0.49612937773176785,0.7009185440694771,0.0,50.536231305476576
19915,0.487704188533092,0.7180462279636781,0.0,9.397430419343983
15691,0.5831067184757335,0.5393850588246344,0.0,1.6923207281568113
12472,0.5399428541137927,0.6162919707389517,0.0,8.472782396926778
5782,0.4078919432118997,0.8967529847244975,0.0,82.18741241833666
19376,0.4589507592871632,0.7788123529177885,0.0,5.0915090790268644
13898,0.4430653786311025,0.8140379382660377,0.8,13.436917426728082
15286,0.4609327079417752,0.774503216397648,0.2,8.525343918137487
18329,0.5207887660117847,0.6524107589583213,0.0,7.666707746190513
14047,0.48448365314035574,0.7246715878688994,0.0,10.304830173003943
7490,0.43538752911098316,0.8315187729644602,0.0,71.2819455435814
8240,0.48384904162539594,0.7259823183838271,0.0,61.06962907761199
15167,0.4198601533752557,0.8678335913050803,0.0,17.462982632824552
9532,0.4690746999510846,0.756993248269758,0.0,47.2515186147523
18225,0.5064360698949864,0.6803571826181011,0.0,31.568573013944224
8586,0.536397156461629,0.6228804287414816,0.0,53.592632659181135
11021,0.23987649354941593,1.4276310983081917,0.0,8.568555870906469
7508,0.507859397287112,0.6775506467073502,0.0,7.481175527650823
10722,0.41717530162021876,0.8742487579429747,0.0,45.504650518927306
18797,0.4938735588699021,0.7054757482606061,0.2,12.502794513695637
21089,0.41943541608013946,0.8688457194440393,0.0,4.991453565787712
4890,0.49462730949604644,0.7039507101016086,0.0,52.47917446167335
20879,0.576133038390807,0.5514166755270935,0.0,6.694750138390049
20757,0.5777190897427942,0.5486675323531365,0.0,10.723706176826862
9599,0.5071598139044553,0.678929110259015,0.0,15.838398256299602
20776,0.4412488051620409,0.8181463785863627,0.8,26.307903872964143
475,0.48847206267260124,0.7164729991600928,0.0,48.53388216568082
7058,0.5046806806158801,0.6838293653147239,0.0,16.331555912741734
4191,0.47112112048911015,0.7526400619968285,0.0,40.051738142911006
10519,0.4707290683980184,0.7534725768030285,0.2,18.384732023701815
20250,0.4203092531427978,0.8667645216464342,0.0,32.100623926917926
17341,0.4678961465432492,0.7595089167855782,0.0,72.9774135739911
16822,0.5674154761048156,0.5666634815038254,0.2,1.9647923895025916
15797,0.5140671612173415,0.665401358215781,0.2,4.3623713006552025
19902,0.4069185677514632,0.8991421927927966,0.8,18.317325375826712
10509,0.4429308172633152,0.8143416898384382,0.8,67.91609817511255
13636,0.5235982271056179,0.6470306309230607,0.0,7.240919935051192
300,0.4782315732129153,0.737660201016364,0.0,54.36924083870658
9955,0.5260638662327048,0.6423326549217249,0.0,45.820799350768134
19021,0.42752003258126786,0.8497541318639871,0.0,67.17306671709198
9070,0.4541795891605822,0.7892625883200199,0.0,68.96971296639173
18026,0.41339571449527696,0.8833499982727759,0.0,11.87310731330553
17428,0.48352207788182017,0.7266583025008492,0.0,4.410997239205933
13242,0.5130252460349737,0.6674302224784566,0.2,6.1363534692859965
19597,0.576133038390807,0.5514166755270935,0.0,6.694750138390049
2205,0.4217830545814852,0.8632641858044782,0.0,75.10398416498961
1812,0.4659985529031263,0.7635727502194108,0.0,49.28862335690208
10838,0.42058613171928333,0.8661059888694065,0.0,7.74753380068641
13631,0.5153299487526061,0.6629479062748882,0.8,9.165255626157638
5587,0.43096152772546453,0.8417364556804994,0.0,56.126987121653286
12662,0.4610050753092159,0.774346226698551,0.2,9.296026540132997
12638,0.4457617871804632,0.8079705791101852,0.0,6.914208138270515
715,0.494670610472704,0.7038631713009882,0.2,49.16484412638898
2920,0.4823701985805525,0.7290434128809619,0.0,39.080371813754375
4802,0.479523512305088,0.7349623508137154,0.0,52.26500961150856
17372,0.5370523237559511,0.6216597520580441,0.0,20.89087568333732
10714,0.4279241623707448,0.8488092898230298,0.0,14.423816287866348
13233,0.4742143398983149,0.7460958656175999,0.0,14.870062960928148
21057,0.4709670394566577,0.7529671673365989,0.8,23.861907647970625
440,0.5105357233272114,0.6722946666911059,0.0,18.904922744665086
18701,0.39328327456840423,0.9332251263362312,0.0,21.09181958869717
4187,0.47134586142350704,0.7521631414405229,0.0,49.77439387633432
7996,0.47508440040906263,0.7442628056599077,0.0,55.075447618833174
6965,0.4831369380214291,0.7274551499401924,0.0,21.823654498205777
15243,0.4788520632739487,0.7363635742132065,0.2,7.566135444140286
9421,0.5227023650285921,0.6487430686349048,0.8,17.409019652875653
10621,0.5647209254225886,0.571423607168064,0.0,4.0519647079667065
20145,0.5162963121703938,0.6610744299258517,0.0,3.8891009607776437
18931,0.49223328426581064,0.7088025198539852,0.8,6.376032960543776
9747,0.50448425989079,0.684218639098793,0.0,17.413364234559932
19722,0.5890382832458145,0.5292641004210088,0.0,2.104354163718301
10369,0.5065399150830361,0.6801521527063292,0.0,43.18966169685191
2900,0.4894569164695001,0.7144588362692184,0.8,57.95332697772891
21178,0.5593605336636878,0.5809610518942495,0.0,5.995372717773297
14558,0.566585971823923,0.5681264504098266,0.0,16.97135735735909
10885,0.549876968499209,0.5980607194165759,0.0,7.565468157655199
6688,0.5029750310184263,0.6872147502369224,0.0,21.02327397218049
4473,0.5020810082841127,0.6889938012254307,0.0,42.4974821775116
4152,0.49158233308392674,0.7101258395195779,0.0,52.31496929712805
16899,0.3241146208716275,1.1266580576286884,0.0,5.389537997455784
19203,0.5136840477340736,0.6661468956526168,0.0,38.57989807159699
13786,0.4499480110898783,0.798623233803363,0.0,11.02898719394009
20722,0.5850951530428306,0.5359807902030648,0.0,5.238676333407351
2309,0.5350293720463954,0.6254336325718365,0.0,15.789071982700813
571,0.5140348214388141,0.6654642698317172,0.0,21.121836406782204
8265,0.4533978981166594,0.7909851767450837,0.0,58.23628363785679
11156,0.6162027870919973,0.48417916979831954,0.0,1.3801527175073698
5417,0.4772364545862884,0.7397431989974214,0.0,61.47265870792717
1831,0.4521908716199943,0.7936509059408824,0.0,65.88492947227628
8488,0.5083961874360609,0.6764942388372447,0.0,17.527965625048182
6488,0.5187071444456502,0.6564158239666993,0.0,20.350531933091464
5880,0.47644738317604274,0.7413979855400094,0.8,53.82549261892113
20225,0.5625869924100522,0.575209503687705,0.0,3.323560579232188
672,0.5365094311034676,0.6226711381218701,0.0,17.63716105618782
17419,0.4688470200066122,0.7574787470999905,0.0,47.06972888246508
7677,0.5039684326520083,0.6852416464993036,0.0,53.40088172080989
4969,0.4718973510445874,0.750993793648497,0.0,57.06426386875129
17772,0.46058535801275824,0.7752570810440398,0.0,21.629673744077135
11712,0.4935537933132843,0.7061234223747347,0.0,5.6447502721276255
15271,0.48851196578746614,0.7163913128403072,0.0,5.987240280918188
11656,0.39374011316803736,0.9320641985720491,0.2,16.46677646995639
19019,0.435607196502542,0.8310143671632392,0.0,58.25410587011578
11171,0.4691025276717695,0.7569339253190963,0.0,13.549116613530224
7926,0.5056368187864679,0.6819366168339736,0.0,47.47983434568367
19100,0.5471896217341382,0.602959878982789,0.2,19.12136550725811
13570,0.5022973311995585,0.6885630414005982,0.0,14.597881095425805
2190,0.4767590992624539,0.7407439486586707,0.8,58.67062015842486
10210,0.4429667886433215,0.814260480949767,0.0,13.490260223050328
340,0.4649613706938589,0.7658009506222455,0.0,56.70755980931753
9141,0.46891364605141544,0.7573366510464306,0.0,43.0167240906453
9536,0.4932224999718443,0.7067948883516573,0.0,52.4159074642063
19616,0.437166874909,0.8274402919980257,0.0,73.64632722952007
13207,0.5310559553140936,0.6328878860526419,0.0,10.376195974408304
21069,0.5011500557000028,0.6908497103668945,0.8,9.390029268577596
12005,0.4237854154569408,0.858528047480216,0.0,5.879672329328658
922,0.4982809157955481,0.6965912730524153,0.0,54.368950987568866
16553,0.4493539539575049,0.7999443856341606,0.0,12.993497061711242
11997,0.5127827101581035,0.6679030904844518,0.2,1.4092822782930574
11056,0.539330686257099,0.6174263780962047,0.0,3.9827085645636124
18310,0.3840807121892026,0.9569025604880964,0.0,26.272239738800714
13329,0.5033134399498941,0.6865421619006982,0.8,6.972521963176895
2390,0.427359423222447,0.8501298792506393,0.0,71.42366128636435
11823,0.5617120325990842,0.5767659579194375,0.2,9.998237902535324
2842,0.45303124287836644,0.7917941870509272,0.0,37.293505001916614
10543,0.5385000868921456,0.618967621026105,0.0,6.051646695223727
16434,0.3492430520400938,1.0519871749868503,0.0,2.4148366336706086
865,0.5083961874360609,0.6764942388372447,0.0,17.527965625048182
20447,0.5285593964386496,0.6376000931586736,0.0,21.135167129161296
560,0.39319955335624535,0.9334380266297978,0.2,71.92607098760524
15987,0.5375301609160845,0.6207704072223631,0.0,7.672722020143802
16614,0.5254949583105518,0.6434146827919315,0.0,6.456666397041757
4888,0.496188745059044,0.7007988902488252,0.0,41.8166684979463
6413,0.39353737442484676,0.9325792361562993,0.2,83.7409508030513
12395,0.5117030921956625,0.6700107202038846,0.0,4.120900574872747
13031,0.42098014546371554,0.8651696068305711,0.0,14.154173645625697
20622,0.4253020916202324,0.854955558746793,0.0,21.609001421185532
950,0.5101228138702144,0.673103770743979,0.0,21.673941931493545
6436,0.46433803579887,0.7671424665731149,0.0,58.87051417244399
10692,0.45015681086247517,0.798159288335569,0.0,71.31553423962472
11339,0.46836492799260676,0.7585075262519307,0.8,12.7087936891554
19262,0.5388959698052965,0.6182327326282744,0.0,31.035901542740763
5537,0.49288295440379865,0.7074835481292869,0.0,29.553361264181213
16901,0.3698569200403242,0.9946390507263145,0.0,5.661485389466504
14236,0.45399225825586353,0.7896751333860412,0.0,9.713398911942825
9784,0.5203827855204308,0.653190612213689,0.0,18.2632101653431
4512,0.5064015530908512,0.680425341231812,0.0,22.341426079516502
8008,0.47094613899983545,0.7530115460698062,0.8,16.024090526184096
12733,0.46749641726515606,0.7603635938867052,0.2,11.005122667555984
8224,0.5354181250999803,0.6247072950882845,0.0,17.86975189003207
6985,0.4072404680338408,0.8983514374612154,0.0,36.93122814234076
1009,0.4711826619667641,0.7525094428082244,0.0,40.21034598046765
10755,0.5130542409760039,0.6673737065040024,0.0,6.569393095396623
16460,0.49278771879723493,0.7076767883452117,0.0,7.643263093131861
18475,0.460251406423889,0.7759824030911331,0.0,17.373469975445172
21015,0.549827202390031,0.5981512275923732,0.0,3.4291113098255463
3624,0.43075192170558396,0.842222942282636,0.2,45.37475780265146
13681,0.517909058948232,0.6579556140114441,0.2,11.201694077554688
18336,0.549810322560844,0.5981819283074823,0.0,9.011910281319787
11867,0.5033954172429586,0.6863792999318977,0.0,9.962795446869972
10624,0.529438434536708,0.635938391641727,0.0,4.775897315164589
19823,0.46755858124876926,0.760230630619724,0.0,8.533588574952052
5166,0.48278722689615094,0.7281792464133103,0.2,42.27080469873599
13925,0.5094007030352707,0.6745203363135264,0.0,8.026454669916262
12539,0.5205726906332712,0.6528257452826868,0.8,6.351994514052205
8678,0.5048727630469804,0.6834488358150251,0.0,52.24966141233834
6681,0.4916336524699712,0.7100214486495248,0.0,39.92805388965184
17448,0.5256357900682155,0.6431467203929178,0.0,7.020589221983943
4758,0.47116738444875894,0.7525418671033463,0.0,40.2120785728457
3504,0.5164651755104012,0.6607474166831497,0.0,14.019408767173974
18133,0.4763756805521495,0.741548491183204,0.0,9.881133503577042
13406,0.46863091978524596,0.7579397717620574,0.0,3.2979095747273357
14840,0.4847274641840425,0.724168475503654,0.0,11.28363044911408
7829,0.4867029585602989,0.7201012833440709,0.0,51.141593472732126
16219,0.4332726768978637,0.8363880103877731,0.0,6.669357576867818
12321,0.5219835736928783,0.6501191596159329,0.2,8.077730372227382
13888,0.46829182240927103,0.7586636252357961,0.0,11.933779924706453
13094,0.482621063396385,0.7285234810818492,0.0,5.24464045415624
20617,0.5638469552870691,0.572972420181736,0.0,17.320956273022464
7537,0.5021603819502358,0.6888357243585336,0.0,49.36885510348023
15588,0.5080728701901461,0.677130396434749,0.2,14.488625817796617
14896,0.4767607127189576,0.7407405644468622,0.0,15.226291988667832
14544,0.543907923530853,0.6089753046673263,0.0,18.749436065535495
7080,0.46855270326076504,0.7581066900110304,0.8,62.74849397119421
8383,0.40676333089288563,0.8995237592519243,0.0,81.89713901401426
281,0.4505020283582925,0.7973926994837417,0.0,64.34958841488856
3677,0.43951797248027125,0.8220766696775952,0.0,72.38796139933854
10926,0.5035726312857789,0.6860273244250108,0.0,10.795324874092136
991,0.41595856822839616,0.8771696192856623,0.0,59.612443177444284
14274,0.46091212698169287,0.7745478680772063,0.2,29.497492185673497
17446,0.47884523990872246,0.7363778237369415,0.0,8.068491827326431
8007,0.4708305844257494,0.7532569430344831,0.0,11.622754860897842
15449,0.4697329967645216,0.7555908376938063,0.0,14.202841284541957
14779,0.3563326182964319,1.0318906632789493,0.0,36.36640701551641
11929,0.6267644839760287,0.4671844325561453,0.0,2.9589126722077825
9069,0.45423423369526744,0.7891422807390998,0.0,67.90963920983035
18650,0.2812571265515203,1.2684859869346805,0.0,44.68876073904199
18212,0.5600817206012227,0.5796725762545964,0.2,18.281422436300332
12687,0.5229314747902046,0.6483048468472116,0.0,7.844488894159934
10412,0.4880036087419974,0.7174324781932231,0.0,11.877094211234896
10968,0.5315148217792366,0.632024194892373,0.0,10.289354326824407
16289,0.5044866855999601,0.684213830815302,0.8,9.527677072089354
12550,0.5249582362372033,0.6444365695791591,0.0,5.650291168139232
2307,0.5164651755104012,0.6607474166831497,0.0,14.019408767173974
4853,0.48372800712158076,0.726232498986195,0.2,51.56250742801984
6512,0.48314804989175303,0.7274321507826698,0.0,43.027610053834856
986,0.4106680750089275,0.8899699941578062,0.0,62.74288458812532
4346,0.43041908689685193,0.8429959242385534,0.0,51.69419488275165
16966,0.4018432500045475,0.9116931917655994,0.0,32.11895072856204
3685,0.4129155533102999,0.884512178331864,0.8,68.2480721446733
8208,0.5425704404080486,0.6114373579263984,0.0,17.245590633665095
2386,0.4282571935977658,0.8480313442592885,0.0,71.54925440985055
18081,0.5034587537574037,0.6862534892308987,0.0,11.009221941307102
8969,0.5086925908790296,0.6759113920736598,0.0,16.316500592114572
5545,0.5154467991249633,0.6627211833242622,0.0,43.110012469627115
14270,0.5892810874372125,0.5288519809211931,0.0,1.8046546296166968
16436,0.3472282184083471,1.0577730252809225,0.0,2.4281180534248312
6679,0.4930036248587565,0.7072387523117991,0.0,40.18707551406219
14634,0.37493256707638434,0.9810090903111258,0.0,34.56094980259064
17530,0.31193805833926874,1.1649506418464175,0.2,18.336323391518324
11029,0.4420883387760306,0.8162455553898526,0.0,20.863237516707315
11447,0.3999844418272425,0.9163296280624957,0.2,32.293747196634115
15238,0.5126238713809131,0.6682128969189345,0.0,7.541450922863069
12530,0.5384756505353211,0.6190130006126258,0.0,7.181169273455193
2022,0.5330266582456656,0.6291838405967324,0.0,19.139773679028455
9463,0.4599662840906948,0.7766020876402508,0.8,52.28084934043968
16107,0.5037624346600778,0.6856504818371539,0.0,6.0680068623419
6468,0.46090284340533605,0.7745680100290195,0.2,45.05661972511167
7051,0.4307931825588788,0.8421271588973619,0.2,45.369597473135194
3338,0.45344515643018424,0.7908809507418506,0.0,37.70129347371774
12522,0.4826901069055817,0.7283804318528782,0.0,6.521554393871854
17245,0.4918078147451361,0.7096672592385803,0.0,55.48178654384547
20694,0.5904760726557958,0.5268261646469911,0.8,13.341873021621517
19692,0.4669512569213493,0.7615304016614297,0.0,22.816973813239535
9949,0.48969788095020284,0.7139666475239818,0.2,27.573391164777533
10888,0.5002143335105228,0.692718605390359,0.0,7.033864914679576
18879,0.5009651533099592,0.6912187345878213,0.0,25.32383475838744
1036,0.5083961874360609,0.6764942388372447,0.0,17.527965625048182
20429,0.571990379890252,0.5586331061174549,0.0,12.887665587648389
12505,0.5483116394407889,0.600911468563292,0.0,4.92747378433577
374,0.4848704949242921,0.7238734444757039,0.2,53.37481163159137
17624,0.5368264377288559,0.622080443924814,0.0,17.79461081370348
15652,0.5193489039163209,0.6551793598018869,0.2,4.586255674820141
20006,0.5780563357389689,0.5480839483829107,0.0,16.77136876824771
4553,0.35931945047903996,1.0235434519581574,0.0,73.69512854098733
18069,0.5178947803234493,0.6579831841444023,0.0,30.93179026473041
4519,0.4255970093085677,0.8542623679799377,0.0,71.79221018713451
8732,0.4832770876759626,0.7271651093327729,0.0,42.26283537772462
378,0.46718753631667864,0.7610245252283374,0.0,56.315814866896964
1212,0.43479632960458436,0.832877565342506,0.0,38.41647770142309
731,0.5104718646032809,0.6724197563080073,0.0,14.120814882468153
12912,0.43104132015177016,0.8415513230519239,0.0,15.46729126434795
3212,0.512149043741252,0.6691395952471884,0.0,53.9313128118456
16817,0.45311769034651045,0.7916033851523947,0.2,2.567169707840557
2725,0.5145975365663489,0.664370166230388,0.2,21.62225784607827
10737,0.35348468147285655,1.0399151284660433,0.0,30.425315561997998
18745,0.48394288310049505,0.7257883893521919,0.0,26.135640066692208
6026,0.4835075556395894,0.7266883372417267,0.0,47.5690220486844
1025,0.4923405768095641,0.7085845726822799,0.0,39.84370749452469
13891,0.4430653786311025,0.8140379382660377,0.8,13.436917426728082
6039,0.4734548063776643,0.7476988167873566,0.2,48.290130249917354
12143,0.5017045171229615,0.6897439438988934,0.0,11.657017071302981
11952,0.4443940783484476,0.8110435463539392,0.8,6.003749588904759
5334,0.47773755156130043,0.7386937525878311,0.8,54.51929263517632
19044,0.4206452953085698,0.8659653293850288,0.0,45.30730576915305
9813,0.5475744770281462,0.6022567954412356,0.0,18.890989251814197
6470,0.46090284340533605,0.7745680100290195,0.0,45.05661972511167
10773,0.46970765222367794,0.755644794355948,0.0,5.646177815509681
435,0.5033793703746338,0.6864111777034182,0.0,28.365942442283924
10085,0.5086296186686747,0.6760351920061577,0.0,4.3082032995142425
13756,0.43289565050052653,0.8372585719385083,0.0,15.076514280873617
19749,0.49311528053210846,0.707012297523804,0.2,14.153326584184999
8852,0.503607533569124,0.6859580174934866,0.0,20.140070602889065
3019,0.5121365200152405,0.6691640488301642,0.0,31.82209399367286
6130,0.4053687287668982,0.902958184676236,0.8,75.2109944325542
14293,0.45274729324812996,0.7924211607055524,0.0,25.242577222957166
3429,0.4751377209953052,0.7441505780341822,0.0,35.46063695267682
6318,0.5608189257862086,0.5783571959955948,0.0,46.9264585344729
9487,0.47627508861933276,0.741759674413084,0.0,46.074400591599094
17106,0.3067714318003001,1.181652330512082,0.0,16.070472145728907
3825,0.46090284340533605,0.7745680100290195,0.0,45.05661972511167
8555,0.5232726625718406,0.6476526074198437,0.0,44.00443750627004
7802,0.43378048511241774,0.8352166675108543,0.0,56.00127691938304
3967,0.3611469972395134,1.0184702089611772,0.0,83.87102403904626
17389,0.5684081640161758,0.564915519709322,0.0,7.24278193422274
7115,0.46613416348506775,0.763281781818637,0.0,60.31070952452937
13375,0.5069088752364723,0.6794240248063079,0.0,8.521336642663702
11954,0.5120528120101429,0.6693275108047554,0.0,3.9102110838577735
19538,0.5267893666238505,0.6409544941613549,0.0,19.615930326073396
2650,0.5068129394308211,0.6796132992296253,0.0,49.39429738792968
4035,0.39212191057680373,0.9361824911716241,0.0,33.43575424379186
17893,0.5511338113772533,0.5957776474486197,0.0,21.017249459944313
21075,0.5932091046845964,0.5222083204130231,0.0,19.58281101945504
16568,0.5746053272294981,0.554071861283444,0.2,7.850921432908468
12055,0.552913072993141,0.5925544815098508,0.0,7.513591006378183
14201,0.3772239639015637,0.9749161992186715,0.8,14.310307601305738
359,0.4921139979272264,0.7090448862247288,0.0,19.79298864811328
10399,0.49392149229132687,0.7053786969109237,0.0,9.314172470580667
4664,0.46032468960313805,0.7758231915284602,0.0,65.72774025357563
5280,0.4692550318015825,0.7566088805009115,0.2,48.50619579071085
2005,0.4217830545814852,0.8632641858044782,0.0,75.10398416498961
6002,0.4784825252564265,0.7371355885962727,0.0,53.906723569442065
10415,0.4595592664752324,0.777487365144055,0.0,13.240609620791734
20606,0.44283624080909534,0.8145552368510921,0.0,24.723787795449958
5325,0.4241102960697291,0.8577617253387768,0.0,75.95479685222712
18465,0.5437753591821617,0.6092190600903519,0.0,6.642924803200181
17493,0.5184010647865477,0.6570060799597855,0.0,7.154795809757378
2063,0.4542109182825452,0.7891936111087464,0.0,63.83392390989568
20509,0.5614973687685398,0.577148190890238,0.0,8.173861198441855
5442,0.4574145820703021,0.7821651175555325,0.0,62.62014038563625
18808,0.5495018271699025,0.5987431799940303,0.0,21.064983225484973
13135,0.4928768306922103,0.7074959724778576,0.0,8.133373904720555
6153,0.49585878085206775,0.7014641088205686,0.0,41.789724818160025
6957,0.4328260485038056,0.8374193672540258,0.0,43.98545354281826
17103,0.5775613312577912,0.548940640912956,0.0,7.471082457872109
8332,0.4930936831613327,0.7070560962958174,0.0,24.262628973397184
14520,0.5265705388659611,0.641369979428825,0.0,8.889067185854419
16150,0.5224632373251662,0.6492006568047795,0.8,8.515565391736896
12973,0.4605294352922917,0.7753785050423116,0.0,13.440800047386212
1328,0.4969639811480971,0.6992377280508097,0.8,37.32530800283845
156,0.5034951107133498,0.6861812774697748,0.0,51.51848633371845
20448,0.5297347167069457,0.6353789322603829,0.0,21.46278204119259
7921,0.5109940446070577,0.6713973432356651,0.2,52.65769639604503
772,0.4487391909609157,0.8013134264649187,0.0,43.67959658839287
10125,0.4406988980834035,0.8193934075153486,0.0,63.73160241874423
17327,0.5136300607540008,0.6662519988137171,0.0,56.30162841293675
13541,0.48465235883160246,0.7243234309727222,0.0,7.287417945072022
9285,0.4742378628507472,0.7460462627965638,0.0,67.40527870529328
14237,0.6248398896044376,0.4702598386974741,0.0,1.398317580586244
10450,0.5259735851805598,0.6425042857933168,0.0,10.494986150899681
19849,0.5310280266217864,0.6329404783010679,0.2,18.46920304817373
8872,0.4665206007184357,0.7624530995016335,0.0,63.855447083261815
18112,0.5138228221072241,0.6658767770226252,0.0,11.325564593002817
10552,0.5120889463163711,0.6692569457566074,0.2,20.846685673084863
19887,0.5241868469831975,0.645907080007788,0.2,25.923479571978987
17626,0.4673495301826797,0.7606778426334343,0.8,32.30979165603069
5025,0.5107671509453413,0.6718414659258465,0.8,54.38556717927164
5558,0.5221527672265777,0.6497950763931781,0.0,60.41469623614714
6450,0.4158871207805956,0.8773413998188075,0.0,59.62411738166429
18763,0.4177594814166101,0.8728494153749409,0.2,30.761394122895712
10004,0.4864097988224158,0.7207038029278041,0.0,56.35543639926513
9211,0.48688375279200224,0.7197298850255165,0.0,39.822655856326605
3121,0.4857819065419893,0.7219955077721577,0.0,46.357526895784126
8080,0.43037714679754835,0.8430933691336286,0.0,53.523779837885805
14754,0.5974363713157378,0.5151074923688738,0.0,11.589918332677268
15848,0.3909390065577835,0.9392037246233704,0.0,16.421975906895156
2215,0.4952908695328626,0.7026100737737616,0.0,44.334697263271195
19223,0.4692757286371468,0.7565647757439018,0.0,18.929251035440295
17483,0.5544235605949199,0.589826334543851,0.8,21.46083075487633
10071,0.5529623014558892,0.5924654507493905,0.0,5.5780621962047485
9100,0.5416774416851644,0.6130845807424169,0.0,15.584611258612915
9513,0.4802698942033799,0.7334070535097631,0.0,42.88341361798548
17705,0.5334477925659784,0.6283940713868241,0.8,7.231873232880727
18937,0.574385387316216,0.5544547014808172,0.2,24.84511593478308
12238,0.4984528916732703,0.6962461941995861,0.0,6.062911820578453
2999,0.3997730180826701,0.9168583477308848,0.0,93.15280673044307
9458,0.43525958997552405,0.8318126673186143,0.8,69.11115152950632
20670,0.5488896690675785,0.5998578247592189,0.0,7.1101749625119925
2137,0.5220295000673668,0.6500311791573113,0.0,22.975352820810258
19407,0.47727693742246946,0.7396583749676188,0.0,55.744350438567444
11532,0.4075278008767539,0.8976461256178644,0.8,7.002986108613593
15945,0.48583253329647047,0.7218912961580622,0.8,12.322684549338977
8530,0.5239298181440926,0.6463975384706845,0.0,45.92654461517995
12014,0.49341862577950496,0.7063973257422647,0.0,4.7187343515336835
3928,0.45344515643018424,0.7908809507418506,0.0,37.70129347371774
20011,0.4194851623945574,0.8687271234392383,0.0,11.855214443667247
13275,0.4571268438745602,0.7827943688875626,0.0,5.714399042185384
5828,0.4950166063201499,0.7031639688546575,0.0,32.13811048403381
9595,0.5002560044451034,0.6926353027015659,0.0,46.27496816687545
9765,0.506911657293402,0.6794185365431678,0.0,15.63681720385684
9794,0.48278968018012897,0.7281741649248032,0.8,21.16802275214291
16658,0.42981025547385504,0.8444114340210424,0.0,6.139800216599394
14912,0.5171696200654421,0.6593843730489357,0.0,3.2856133939430414
9386,0.5246757793957866,0.6449747702167677,0.0,42.35548951876757
17947,0.4919548577341287,0.7093683192722628,0.0,9.674719973932179
15018,0.5367659803532193,0.6221930702337971,0.8,7.880075210776258
1743,0.5232801417454528,0.6476383144504273,0.2,19.655823090624878
9217,0.458639277938632,0.7794912647364847,0.0,23.150890413997434
13387,0.533068743763247,0.6291048879673076,0.0,5.957937836694697
11105,0.4524350601574039,0.7931110396054996,0.2,2.5720590310982594
4975,0.5155260200878347,0.6625675013618458,0.0,47.07542046626027
15787,0.44892361567832256,0.8009025266957901,0.0,10.165454647942166
8512,0.5043849993834119,0.6844154148589542,0.0,26.51425170956682
14252,0.4603107695633478,0.7758534315972143,0.0,11.858144341312876
610,0.4892355345827483,0.7149112396576159,0.0,38.79465252933343
1276,0.4972027834295028,0.6987573211522751,0.0,33.99105287286578
17590,0.5052650273180658,0.682672180799156,0.0,20.12517492640967
11685,0.5747623316846054,0.5537986598324266,0.0,3.770704437173817
1021,0.4217830545814852,0.8632641858044782,0.0,75.10398416498961
3860,0.4999802296371816,0.6931867220673372,0.0,34.707856318070284
16036,0.5795752724627681,0.5454597325534215,0.0,4.5834979360142265
4249,0.4896814460419948,0.7140002094090586,0.0,63.153316343275506
20985,0.6367592483713157,0.45136364089147035,0.0,2.8232795716238774
10115,0.53150279418605,0.6320468240435865,0.2,6.102412369441234
20380,0.4684120716288648,0.7584068755392919,0.8,19.646529185055712
16575,0.5624885891028019,0.5753844311487897,0.0,6.689419492014736
15821,0.5726226356395344,0.557528355769506,0.0,3.12912780370877
5661,0.5088828243590886,0.6755374964794336,0.0,56.00543532099671
13890,0.4430653786311025,0.8140379382660377,0.8,13.436917426728082
518,0.48062991306845376,0.7326577165254169,0.0,46.13545171422829
9267,0.4716859212700397,0.7514419359254739,0.0,54.89283284605117
1844,0.4202856155831729,0.8668207617223866,0.0,78.24791386413769
20223,0.5369804618542752,0.6217935690192132,0.0,3.162970645859019
4101,0.4043561964997993,0.9054591149631935,0.0,62.96563113756545
7110,0.44247897428879235,0.8153623313946037,0.0,58.05379550700741
14492,0.48465235883160246,0.7243234309727222,0.0,7.287417945072022
8498,0.4712728011138191,0.7523181570639937,0.0,48.769025105646605
8034,0.5020527098936958,0.6890501650142612,0.0,20.0031267634972
1251,0.502727012543367,0.6877079748091005,0.0,48.854777783451695
11603,0.4378051387550272,0.8259813562851769,0.0,5.334229105284654
19821,0.5042161335802379,0.6847502663661217,0.8,5.318797805013737
15904,0.5509275408182857,0.5961519833437409,0.0,6.970208936949813
12393,0.5664423839184659,0.5683799090377559,0.0,3.945693278671564
13526,0.5266841770151295,0.6411541946848387,0.0,18.946105963775153
12580,0.511320687426053,0.6707583172686595,0.2,6.83987354475491
4370,0.469597374620588,0.7558796011555392,0.0,50.27733120950839
11297,0.4697007533247843,0.7556594821080547,0.0,12.253017897033551
4522,0.45252293963803336,0.7929168217944508,0.0,60.9031451525713
5944,0.5162903216877194,0.6610860327928231,0.8,35.738314362486605
20560,0.47881429507840995,0.7364424496905143,0.2,7.733382110823296
13311,0.49806033050206555,0.697034063708541,0.0,6.208482450654532
3625,0.4307931825588788,0.8421271588973619,0.2,45.369597473135194
6416,0.47396205394356145,0.7466280154630202,0.0,14.344217709347049
5453,0.5158798596919211,0.6618813706641159,0.0,48.390144888356794
7351,0.5112454125403062,0.6709055446916793,0.0,48.321972880138816
18419,0.5585697333432474,0.582375809998007,0.0,9.949889902936544
17611,0.5425886779883128,0.6114037451963265,0.0,15.92095291850909
7396,0.5073247431491142,0.6786039614039334,0.0,47.24440447944594
1931,0.4678437189120659,0.7596209727814242,0.0,22.032804229163887
20858,0.4989095414863083,0.6953304792503052,0.0,25.474474689267666
7195,0.5038598655928148,0.6854570940309963,0.0,40.37684928715622
15036,0.43525992079219294,0.8318119072743768,0.2,27.912692661798975
16663,0.39135014545358415,0.9381526070600056,0.0,6.229333185621551
1664,0.4978577774752854,0.6974408301443564,0.0,42.1498375275634
1254,0.4878436692847961,0.7177602742781941,0.0,52.09863158939171
18193,0.46058535801275824,0.7752570810440398,0.0,21.629673744077135
6080,0.5092381871843649,0.6748394206403573,0.0,13.95230450687777
4825,0.4941625105143199,0.7048908472400681,0.0,39.63600932869042
599,0.5013841733702143,0.6903826586340385,0.0,66.01439171477935
10623,0.529438434536708,0.635938391641727,0.0,4.775897315164589
20177,0.49046373302987,0.7124039414873489,0.2,28.675684028881104
3469,0.4928853931953204,0.7074786001280092,0.0,54.91449088508409
8747,0.46339733900047214,0.7691704093385614,0.0,63.30657077534248
17718,0.5507691067143514,0.5964396017283139,0.0,7.888808697141236
4735,0.4922987829410643,0.7086694644106292,0.8,50.31553467651413
6639,0.48784652091295516,0.7177544289223882,0.0,50.7811231082431
14154,0.411253728659683,0.8885449102939721,0.0,31.3145442721977
11561,0.4081391973301508,0.896146992836361,0.0,6.572431453681975
6816,0.4871535638545403,0.7191758794143807,0.0,63.53918784888523
18998,0.46355612007415203,0.7688278223970523,0.0,51.5114641006025
16795,0.36473290885761334,1.0085899498186395,0.0,2.1281349983167672
2820,0.5039451291319581,0.6852878876075453,0.8,47.514435059869356
1904,0.5092330338014103,0.6748495404804636,0.0,46.264307879239226
8901,0.4874275148208542,0.71861368714629,0.8,50.37877131790586
14797,0.4650712260367952,0.765564710852084,0.0,23.91547624762165
6061,0.4047828802086343,0.9044044538779297,0.0,86.05408516649669
15370,0.5401875330965483,0.6158389162006516,0.0,4.054797283658522
16431,0.4831843738115475,0.7273569718506158,0.0,4.175334583321664
9657,0.5030511603461009,0.6870634036249289,0.0,44.7539363208008
16128,0.48624451858982315,0.7210436569360056,0.2,13.921550323775026
3793,0.5216588180042989,0.6507415101483471,0.0,19.789049224315963
9297,0.49479703169394135,0.7036076374835336,0.0,25.428379589206884
6894,0.44139643640384746,0.8178118585861838,0.2,73.56218042347282
3424,0.4217830545814852,0.8632641858044782,0.0,75.10398416498961
14738,0.49340643032502546,0.7064220422903594,0.0,24.896079041000892
1222,0.5080100101968923,0.6772541264858056,0.0,47.88186467573088
10691,0.33450157099401007,1.095113702880757,0.0,15.16951474912003
592,0.4707969977028421,0.7533282806281538,0.0,9.239570902109222
880,0.5056527000185955,0.6819052089496168,0.2,18.56827722691566
20817,0.6134730649391067,0.4886189197247131,0.0,3.7411105752748397
17815,0.48009828305671026,0.7337644396717782,0.0,9.05832237862742
14411,0.49016804423134325,0.7130069992595819,0.0,7.182761708671834
7437,0.45586524698380343,0.7855580241401616,0.0,42.27480099363698
8133,0.49428728507709185,0.704638382089099,0.0,45.029914947249594
10455,0.4639132193493825,0.7680577715119234,0.0,23.986444585205394
6492,0.4714997768069858,0.7518366502767416,0.0,62.33477942775269
9553,0.41603996126212534,0.8769739626081471,0.0,35.95593246693403
10121,0.41125173823565564,0.8885497501986475,0.0,74.6670613577716
13577,0.37253640886234196,0.987420504026625,0.0,34.78682390485276
16563,0.5682277891618902,0.5652329033980842,0.2,7.117412723901062
2156,0.4394670513736003,0.8221925331003976,0.0,61.17112571723584
1115,0.45247959984135083,0.7930126000819694,0.0,36.42703789890534
18394,0.535958504242245,0.6236985383667193,0.2,11.0357222388322
5553,0.5295282473567249,0.635768768136535,0.0,59.11060024738819
12800,0.4958660565754379,0.7014494359534674,0.2,6.192395668761922
4818,0.4939071646575221,0.7054077052489689,0.0,39.66507225232265
5629,0.5224456813161293,0.6492342597508838,0.0,38.515822955047604
5312,0.4311608773551249,0.8412739931994444,0.0,56.0961501232754
8147,0.5441323765715771,0.608562722442409,0.0,15.862186524727676
11410,0.4788520632739487,0.7363635742132065,0.2,7.566135444140286
11974,0.5380787962994311,0.6197502680216882,0.0,8.219438106949614
1044,0.47620726839026517,0.7419020817315672,0.0,48.99892445962992
11001,0.41382705210962656,0.8823071409655194,0.2,9.9652176822074
9586,0.5016923899732502,0.6897681160876378,0.0,46.2834382213496
13610,0.537797950440694,0.6202723461611538,0.0,8.137973110649801
16710,0.5166427365688706,0.6604036751279032,0.0,11.444796269391784
13597,0.5386186328744574,0.6187475041891862,0.0,7.677109528408934
12163,0.4983038649633523,0.6965452174267398,0.0,11.167710129965986
17097,0.4707170964644248,0.7534980098740656,0.0,10.08764327343975
21012,0.4857601548146972,0.722040285508832,0.0,9.593387892591267
18562,0.46856035467292706,0.758090360258505,0.0,19.638329857093296
12763,0.44170592158328825,0.8171109541229318,0.0,4.142793296478863
10702,0.4568470001811554,0.7834067358693307,0.0,14.833414637102596
6109,0.5116662541085333,0.6700827139318151,0.2,15.127117778243267
328,0.44983248000348314,0.798880032185132,0.0,37.547361512701215
19640,0.5241868469831975,0.645907080007788,0.2,25.923479571978987
4321,0.499946825566286,0.6932535350828151,0.8,47.52599630916658
3668,0.4708032723722297,0.7533149529569815,0.0,57.417660886618066
8659,0.5075678053607058,0.6781249703686841,0.0,52.93782746740987
15861,0.4402069690176782,0.8205102785346784,0.0,9.997917305745293
17162,0.4701276997764242,0.7547509195302757,0.0,5.06286921643479
11863,0.5654056506632809,0.5702118396741073,0.0,9.652546006776989
19773,0.504135125905791,0.6849109398890811,0.2,11.03425809029859
2585,0.4543747872739219,0.7888328988673995,0.0,47.36941497515561
1481,0.4707290683980184,0.7534725768030285,0.0,18.384732023701815
10872,0.4782198486834858,0.7376847177438457,0.0,6.898458487430226
5898,0.46461391257975576,0.7665485138084374,0.0,60.95977173027619
16177,0.49016804423134325,0.7130069992595819,0.0,7.182761708671834
1159,0.5012681167805101,0.6906141578114953,0.2,62.03441725231434
13658,0.5549391561846625,0.5888967997414489,0.0,3.4371846548144562
1703,0.5124388472628486,0.6685738975030133,0.0,16.64748979278433
1214,0.46637097932570043,0.7627738685968184,0.0,25.114710219032165
3378,0.5077475433014957,0.677770916935129,0.2,46.786525568674875
19745,0.47185682239566407,0.751079681796256,0.0,59.44795509508869
5941,0.4898958242179241,0.7135625141177113,0.0,49.985056291565655
2227,0.45344515643018424,0.7908809507418506,0.0,37.70129347371774
18305,0.5016424889302757,0.689867586452049,0.0,50.591438820868376
4707,0.4896635077779345,0.7140368425973798,0.0,35.14489154043565
11627,0.5051309713702085,0.6829375340840422,0.0,10.998708673799506
2709,0.4715267202921478,0.751779507693257,0.0,61.894008244935236
15106,0.45794122511956137,0.7810144325361504,0.0,14.636600579671692
7991,0.4832195344630836,0.7272842058958208,0.0,43.004315871443225
16266,0.565912847570563,0.5693151921923324,0.2,4.485065367506541
19799,0.534263406407977,0.6268662912128841,0.8,23.32381455628836
17724,0.4394912808820829,0.8221374007747809,0.0,14.552037650375823
6247,0.48334470439835703,0.7270252061709384,0.0,42.29832671689569
9341,0.479707836055205,0.7345780352829505,0.0,47.1048165125192
629,0.4959532597351345,0.7012735911025209,0.0,27.134029172775293
20220,0.48366913436281794,0.7263542127194921,0.0,11.277374830602405
17285,0.4951418756275203,0.7029109400510414,0.2,5.269020777995459
2515,0.5080981783064447,0.6770805856940451,0.0,38.01164202193361
20169,0.5399671556485273,0.6162469641467005,0.2,30.07285138019987
10061,0.4822035600500061,0.7293889303299143,0.8,43.12876822947926
6064,0.41252572293840023,0.8854567165130744,0.0,59.462848094305045
552,0.39304738831726194,0.9338250934222214,0.0,59.811500083501315
14802,0.5365925205490596,0.6225162796843655,0.8,19.301119697566236
18893,0.43951992996965045,0.8220722159688899,0.2,15.542096644013114
18919,0.4760712816808255,0.7421876845320374,0.0,18.870121312982782
6384,0.5025158069206025,0.6881281829852405,0.0,18.826842318884495
10882,0.5272543187852073,0.6400722685042023,0.0,10.690167258566264
14106,0.5407624886693049,0.6147751193267893,0.0,8.367704186679825
11020,0.3246946530969078,1.1248700672189387,0.0,12.887073716978392
9799,0.5044879121927544,0.684211399450237,0.0,53.560067513745565
6274,0.506206725918646,0.6808101438818551,0.0,22.35406088224971
1638,0.5478350602093611,0.6017810223586175,0.2,15.184439692576063
10713,0.44007724047618,0.8208050209395477,0.8,11.012741207042357
1033,0.4910701148389879,0.7111683613031722,0.0,40.04588868873074
12982,0.4114593654641435,0.8880450110940891,0.0,14.808151576280798
19593,0.40691384848726986,0.8991537904241989,0.0,18.52886247483142
17126,0.5345308528806955,0.6263658273004401,0.0,7.647926775232333
10840,0.42890251119879774,0.8465256325013953,0.0,7.7406306306295445
16894,0.5316499275177639,0.6317700372195497,0.0,6.342165302011092
5282,0.49790734701267275,0.6973412694423209,0.0,32.76806476141299
4939,0.4896917011830585,0.7139792671541211,0.0,24.40024227207651
9051,0.5191670819449007,0.6555295170950888,0.0,19.746515113318267
6575,0.4221173113288971,0.862472014646853,0.0,68.13528915710138
2119,0.37253640886234196,0.987420504026625,0.0,34.78682390485276
7912,0.5077575729258174,0.6777511639586807,0.0,48.232159618203724
11217,0.415093044970582,0.8792525791331768,0.0,11.212668565707073
14044,0.5877155249628058,0.5315122492366785,0.0,1.883679363647168
20679,0.5309260607658532,0.6331325126977664,0.8,22.799101927159096
10571,0.5166610663280494,0.6603681971607664,0.0,10.656031020504367
3195,0.531212765801275,0.6325926491032647,0.0,19.97569399095443
15957,0.5385000868921456,0.618967621026105,0.0,6.051646695223727
11232,0.4089603121283748,0.8941371640086093,0.2,90.51708269814978
12886,0.5020292128265259,0.6890969681020221,0.0,12.719006947012552
8029,0.4904303692005539,0.7124719688702297,0.0,20.526317722116453
12379,0.4596620731563197,0.7772636830403363,0.2,4.784893342851442
13783,0.4294485733065049,0.845253280916521,0.0,14.68078140323793
10901,0.5252159302866682,0.6439458051653093,0.0,6.108469640044169
10132,0.2812571265515203,1.2684859869346805,0.0,44.68876073904199
19161,0.5421120732742173,0.6122825216592581,0.0,4.352165426890908
8384,0.40461493077765376,0.9048194523647338,0.0,82.3792853837733
3809,0.5014647406121213,0.6902219819040605,0.0,51.71799102628236
1359,0.4649421744118409,0.76584223723121,0.2,17.154867282561625
7384,0.5529333955716011,0.5925177267178607,0.0,8.57669375519967
5197,0.48864605674923656,0.716116861913191,0.0,43.05115566460778
15512,0.5030567703977941,0.6870522516371116,0.0,11.286207369093589
13934,0.5577043144484917,0.5839263594707905,0.0,9.75974502517964
17985,0.5506587495355224,0.5966399910294781,0.0,25.80169691278999
13180,0.4842884028094416,0.7250746761544434,0.0,12.618112162415319
19796,0.5339286541942979,0.6274930553257886,0.8,23.34713456909626
17302,0.4645355186834393,0.7667172571641663,0.0,3.2535647677887676
12098,0.5752040427705212,0.5530304441394274,0.0,8.626167840290295
6876,0.5085524613483745,0.6761868999883646,0.0,45.87590105513405
3938,0.48715826952883523,0.719166219931382,0.0,52.89503431285792
3219,0.44696362587351224,0.8052780615643625,0.0,33.97065920486578
17265,0.4572472021826069,0.7825311105213375,0.2,20.94992313565703
21029,0.5263968046661596,0.6416999691525238,0.0,26.844877498474695
20996,0.45376989598352946,0.7901650464667819,0.0,13.689607772204752
15109,0.49337614602861823,0.7064834221670261,0.0,12.817729154189575
15119,0.44724985991777233,0.8046378698012451,0.0,14.895457080651017
19927,0.509570646227744,0.674186777977128,0.0,31.28226495504766
12612,0.44808928569082995,0.802762768007412,0.0,13.034459437736572
8631,0.5192969668395605,0.6552793690124679,0.0,30.61465292016407
16462,0.4813814700734178,0.7310952461201118,0.0,12.089756172118408
13316,0.5066922578258265,0.6798514462186918,0.2,8.546412922022721
11303,0.4270644908198637,0.8508202447927316,0.8,14.214227247960348
3812,0.5059201104516243,0.6813765066426944,0.0,52.60226943191013
17570,0.42236056886950923,0.8618959011617178,0.8,7.242510946758015
6113,0.5014647406121213,0.6902219819040605,0.0,51.71799102628236
4592,0.4998669805302311,0.6934132548941195,0.0,51.343783188957495
20435,0.5763980757023577,0.5509567533384745,0.0,10.768448735168537
4988,0.48844030231549423,0.7165380210766054,0.0,49.15451261925613
5048,0.4787832574729844,0.7365072735935281,0.0,51.566556311122504
10518,0.4707290683980184,0.7534725768030285,0.2,18.384732023701815
16799,0.3739241348919702,0.9837023500264521,0.0,2.0756219109601277
8424,0.4224232262086574,0.8617475618123408,0.2,76.57489215591964
2476,0.4471664149893405,0.8048244606113968,0.0,46.89309670629717
17203,0.5348982535845688,0.6256787303884402,0.0,8.136951960304913
3264,0.4164919484198257,0.8758881490871244,0.0,73.33373728706837
12694,0.4474974078310844,0.8040845338402399,0.8,12.81228374131451
17986,0.5427780477323338,0.6110547944841754,0.0,26.397567587914192
17176,0.4120020688873083,0.886726908074082,0.0,10.432341532276423
11205,0.4533974142126759,0.7909862440289062,0.0,8.213601396368635
2340,0.45891117807606624,0.7788985994642685,0.8,29.987596079374327
9762,0.5066100010459592,0.6800138001053584,0.0,16.162227942123167
6893,0.44957274755967613,0.7994575970981821,0.2,63.24109285248905
19454,0.4683216621874831,0.7585999067890453,0.0,17.430730052764247
19581,0.567807428859614,0.5659729514437658,0.0,26.176249004274165
1270,0.49991642446328,0.6933143456046829,0.0,45.235291093653586
18355,0.5461143223571512,0.6049269435479973,0.0,21.211762444769786
792,0.49432559230568607,0.7045608851648939,0.0,48.86834073738039
6047,0.4818474155008379,0.7301277803998835,0.0,48.955067118768895
10349,0.4437000595074647,0.8126064864808415,0.0,36.80294851668077
5492,0.44413759858722135,0.8116208578331072,0.0,69.6370720789509
20885,0.5430797218617539,0.6104991523998639,0.0,21.2273608903052
1786,0.5090958903324516,0.6751188905235344,0.0,46.90726277990446
9405,0.4706213265219225,0.7537014859895499,0.8,53.298003571899734
4621,0.48597665663610035,0.7215946878481604,0.0,55.77926882012975
21180,0.5472115522523702,0.6029198013243285,0.0,6.420945006956551
13830,0.41963940392038535,0.8683594985745715,0.0,18.08662480905177
6938,0.4937342330366504,0.7057578963670057,0.0,54.7650455633959
6293,0.5117833027475308,0.669853980353841,0.0,16.07649552849218
17311,0.4952697880277166,0.7026526385677261,0.0,31.851242712463332
15805,0.4598628538782282,0.7768269776956603,0.0,24.791266140622756
16854,0.4949018551918465,0.7033958084117097,0.0,9.660436836000457
17756,0.5359556932801137,0.6237037831188418,0.2,10.810346403821399
12470,0.4145988875058694,0.8804437622791149,0.0,5.063806132548518
7207,0.553990587291792,0.5906075828272215,0.0,34.40584311544761
1914,0.4748908783672679,0.7446702310925378,0.2,60.3555216619119
3197,0.5334434198154147,0.6284022685685293,0.0,20.123011069916267
14652,0.5079409111674333,0.6773901547684961,0.0,8.926308609419554
19930,0.4843860462457722,0.7248730739819972,0.0,9.268227479258332
9042,0.5312742446996,0.6324769227032503,0.0,15.093112818134461
7600,0.5026168362145484,0.6879271561954408,0.0,34.484070201696625
14926,0.2915421583081895,1.2325706582348077,0.0,20.09090020111509
3292,0.4967681933579067,0.6996317734440186,0.8,52.03161424374431
7532,0.5096582587044013,0.6740148588401232,0.0,31.429313587640486
6227,0.5596654731235441,0.5804160431713872,0.0,44.850200378685756
739,0.47141700585484675,0.7520122139189922,0.0,58.814874562116636
21143,0.5133180910139479,0.6668595655133843,0.8,9.082627205976273
12456,0.5265891619648697,0.6413346132846478,0.0,3.2960751149402157
7712,0.4682241324341958,0.7588081822502132,0.0,43.47591051798318
18820,0.510230768234435,0.6728921688708307,0.0,13.320236795404774
21262,0.5126822247749443,0.6680990706297649,0.0,11.164937093818603
2052,0.4585207058825829,0.7797498282560479,0.0,40.936865983442516
2211,0.4707461319063528,0.7534363283530837,0.0,12.887525177452218
1616,0.47290696752289224,0.7488565958335454,0.0,51.94443902692481
8970,0.5069319892194861,0.6793784279403142,0.0,19.082890740059806
832,0.4978226462302182,0.697511397455404,0.0,70.72765410550107
17204,0.4394445886557871,0.8222436479492518,0.0,8.77144880223796
18122,0.5416813873723831,0.6130772965682117,0.0,16.933194861052876
7465,0.36589982968223667,1.0053956724333437,0.0,68.41717474203301
5460,0.500777954433526,0.691592480865016,0.0,52.11495371721332
19385,0.5338425669367594,0.6276543019599391,0.8,32.7384470973024
3133,0.5048600813275762,0.6834739547749075,0.0,22.968141937341215
1220,0.5066068281769345,0.6800200630669145,0.0,52.313943659263394
3642,0.5114173599703131,0.6705692707287481,0.0,51.36225155201569
5761,0.5216321003573745,0.6507927281671375,0.0,19.384023917964363
14305,0.5491375863617318,0.5994062561899685,0.0,19.8523345647768
12043,0.4809281265928733,0.7320374450042392,0.0,9.11825865512791
15453,0.4493539539575049,0.7999443856341606,0.0,12.993497061711242
4284,0.47021709834646885,0.7545607795507865,0.8,49.684055450616235
5657,0.4519824648701143,0.7941118944375787,0.8,63.29071556323785
20963,0.49935465751771513,0.6944386991757519,0.2,21.26371255815514
9857,0.555791216473079,0.5873625651935726,0.0,8.502072795085406
15544,0.5558497437590193,0.5872572662920602,0.0,8.562504365072183
850,0.4884519397515602,0.7165141956523357,0.0,72.37868103649514
6524,0.4868852820825365,0.7197267440537265,0.0,45.4183585995853
13686,0.3986313174122508,0.9197183057693388,0.0,15.720745379427575
11274,0.44783349239007275,0.8033337844252676,0.0,15.488276298384092
10953,0.4878556166994154,0.7177357843256206,0.0,6.502327494160809
12039,0.5229901925562757,0.6481925673754961,0.0,5.392962271833757
15645,0.569802412978007,0.5624656221466586,0.0,3.645817607528363
7718,0.46366823211378805,0.7685859994985966,0.0,44.27439908120883
14999,0.5583428672082495,0.5827820479400014,0.0,17.968044742186073
2214,0.47747012869342753,0.7392536787282666,0.0,54.65302469398306
12117,0.5676191272913755,0.5663046357239064,0.0,8.756201947040088
20285,0.5264285083833087,0.6416397431743568,0.0,8.664061618524313
3482,0.4311608773551249,0.8412739931994444,0.0,56.0961501232754
4198,0.4716183654133898,0.7515851683006876,0.0,62.456727772494126
11294,0.48100892385669286,0.7318694563318582,0.2,12.0158325470018
587,0.48476641740887233,0.7240881176476833,0.0,44.84277458471822
9522,0.4771403045289454,0.7399446918706498,0.2,45.98016270121579
13689,0.3986313174122508,0.9197183057693388,0.0,15.720745379427575
20160,0.49216911157214993,0.708932898841324,0.0,4.3857072837624385
13078,0.4590382094165258,0.7786218274700795,0.0,8.458169217738748
4360,0.4971259108694947,0.6989119431813928,0.0,48.158526591749876
1422,0.4715664908454247,0.7516951670303601,0.0,62.394458142252105
8750,0.4707969977028421,0.7533282806281538,0.0,9.239570902109222
7364,0.5089814011137874,0.6753438031507164,0.0,45.81870114915464
16841,0.5245044148645428,0.6453014338989552,0.0,8.378271169488716
3038,0.49612937773176785,0.7009185440694771,0.0,50.536231305476576
9642,0.47403697848931264,0.7464699466394372,0.0,46.38564202856553
5678,0.48935053399138917,0.7146762078850142,0.0,41.75853104482325
4569,0.39456131055494914,0.929980737451077,0.0,83.73081200690893
905,0.4505020283582925,0.7973926994837417,0.0,64.34958841488856
11207,0.4917767580839682,0.709730409194438,0.0,9.255594526215704
9503,0.4960021468512957,0.7011750239373516,0.0,56.43757885361643
12824,0.48664161171932035,0.7202273370416676,0.8,6.313512688144998
6606,0.4967485109599607,0.6996713951189497,0.0,36.35807451059053
16411,0.5068303978938707,0.679578852274945,0.0,6.273871716629277
213,0.48424454275212814,0.7251652462430386,0.8,35.44970461171103
17415,0.5204747940143356,0.6530138185851398,0.0,18.699048353598453
7623,0.5036165869674126,0.6859400405644114,0.0,42.920979420235454
17943,0.43454198209203226,0.8334627173285335,0.2,12.320661649189622
16049,0.5081746403396032,0.6769301102864577,0.0,5.381729494758375
6366,0.49880788840925266,0.6955342505273451,0.2,48.621320934073225
4544,0.5130704548249687,0.6673421044013876,0.0,40.487644252092295
9818,0.4740989203841472,0.7463392862668129,0.8,33.0031184556603
2977,0.4343810376215904,0.8338331631991825,0.0,41.00374834497667
11362,0.37708630711085117,0.9752811864063865,0.0,4.599913525945196
1614,0.47290696752289224,0.7488565958335454,0.0,51.94443902692481
5739,0.43652731388625754,0.8289043308921408,0.0,38.21248838932006
15639,0.5599724969066834,0.5798676091256455,0.8,7.048870459661622
20352,0.5450093905381952,0.6069522541220214,0.0,3.7412234711291434
17746,0.4774470234706572,0.7393020708274608,0.8,46.576030462130035
19754,0.4135650988622758,0.8829403431437016,0.0,14.604274048561322
12743,0.5229314747902046,0.6483048468472116,0.0,7.844488894159934
13313,0.5356923068309006,0.62419533716362,0.2,4.527912794820065
12521,0.4757490381036943,0.7428647946603777,0.0,6.542781593957146
9671,0.5552382621579143,0.5883579561736605,0.0,8.516481078952612
11328,0.38762452418253096,0.9477181290823523,0.0,8.80036798258439
19771,0.5022408700241131,0.6886754536024162,0.0,9.62320629591515
12750,0.47061720446726724,0.7537102447781451,0.0,5.734604579968219
19639,0.5380533637369713,0.6197975346370892,0.2,21.577630860158195
1409,0.44023968284606185,0.8204359666423464,0.0,39.89369887798409
16564,0.5643111545692322,0.5721494871117973,0.2,7.204506346076904
3709,0.5030158170484573,0.6871336639524264,0.0,53.41261627500267
5435,0.33508570460411363,1.0933689452380262,0.0,48.162905374432256
4729,0.49237967221310236,0.7085051686005672,0.0,50.303869673373
13504,0.5313585880143249,0.6323181786624013,0.0,8.223297985867601
10225,0.4901608123075345,0.7130217533367686,0.0,49.77605093960725
17261,0.4296062689018702,0.8448861434780514,0.0,6.9413735169899375
7681,0.5025205333150422,0.6881187775652561,0.0,53.922704556999605
8444,0.5275946424722121,0.6394270127162892,0.0,50.54350704933325
15040,0.4688883797499332,0.7573905351302632,0.2,26.140575438650654
18025,0.4725492308985172,0.7496133450981742,0.2,4.392734123637732
7854,0.5046806806158801,0.6838293653147239,0.0,16.331555912741734
442,0.5062294967635717,0.6807651616016496,0.8,18.804095117170682
17543,0.351869963680329,1.044493592999623,0.0,9.987186545128889
8635,0.4309574351824651,0.8417459520326522,0.0,56.127620338417735
5511,0.47002639402038543,0.7549664283646238,0.0,47.22692515674652
19453,0.46878452118400354,0.7576120592166496,0.0,16.099256258353805
11408,0.49575333804357674,0.7016767782845237,0.0,8.748857006401225
46,0.4590031400028853,0.7786982279800995,0.2,68.99266775183361
20441,0.5892669100364825,0.5288760400189323,0.2,13.808953223319143
12124,0.5182722422170152,0.6572546106575962,0.0,9.183490025475022
8680,0.5064332089559137,0.6803628317954084,0.0,52.16341966335064
18323,0.5223671482753451,0.6493845891471313,0.0,15.976484174894892
4310,0.5130521177538048,0.6673778449096971,0.0,43.4162659042679
4819,0.4572868304284509,0.7824444472710795,0.0,43.973375548803716
2643,0.5124388472628486,0.6685738975030133,0.0,16.64748979278433
8418,0.5059201104516243,0.6813765066426944,0.0,52.60226943191013
14326,0.38595927687839165,0.9520234153979034,0.0,33.5397844886664
3247,0.5142596535539821,0.6650269785222364,0.2,21.643634129139564
16886,0.4865307489378066,0.7204551749591327,0.0,8.772982698457179
10133,0.4481293220283759,0.8026734229810362,0.0,20.588574524246024
14104,0.5628444446148566,0.5747519863288939,0.2,7.051632013932714
4867,0.5400906920422497,0.6160182052991532,0.0,50.5042494125543
6071,0.47869660222350013,0.7366882805334513,0.2,44.937985112540524
19140,0.5057496152916547,0.6817135636035686,0.0,31.651961616288876
7870,0.5124388472628486,0.6685738975030133,0.0,16.64748979278433
7067,0.45344515643018424,0.7908809507418506,0.0,37.70129347371774
12067,0.5647579217551236,0.571358096720231,0.8,4.4103130701193685
6779,0.5007239221770632,0.6917003833218703,0.0,52.15420731929248
7295,0.4899017202007304,0.713550479013439,0.0,29.330492113209928
11844,0.43031123113145414,0.8432465387776331,0.8,14.326758500828172
19053,0.5496359087732767,0.5984992040123954,0.0,18.17641961581701
4532,0.4709134426486824,0.7530809754238273,0.0,15.671619005545125
7892,0.511860208158588,0.6697037221626201,0.0,50.030212680988754
2926,0.4515619215391476,0.7950427692626787,0.8,55.764299350828686
17409,0.49268857973942654,0.7078779886344324,0.0,22.540605339153156
5376,0.4682162819274884,0.7588249489479918,0.0,52.476539865542115
6360,0.4972043590464195,0.6987541521949145,0.0,52.91315977428124
4885,0.5013303489162209,0.6904900161178464,0.2,48.7589536471263
15035,0.42925662163332406,0.8457003532703605,0.0,28.378740239677676
20108,0.4735374977047335,0.7475241768733405,0.0,19.005801626688996
780,0.4707290683980184,0.7534725768030285,0.0,18.384732023701815
2871,0.4500218267599742,0.7984591934829944,0.2,66.32002170721435
14858,0.4442570087149744,0.8113520355609082,0.0,19.68340056841138
18292,0.42389336770208075,0.858273346648089,0.0,11.638401186536358
5783,0.4078919432118997,0.8967529847244975,0.8,82.18741241833666
17173,0.4120020688873083,0.886726908074082,0.0,10.432341532276423
2163,0.4774640120076134,0.7392664894249493,0.0,63.861537268217845
18022,0.469149818631252,0.7568331188362586,0.0,19.223560929732045
5429,0.31927677460556636,1.1416969203799865,0.0,51.37636141709939
18715,0.50709865713207,0.6790497043170501,0.0,3.890954818688543
12403,0.38600195965156675,0.9519128327126627,0.0,7.793024661200932
16794,0.36192650640535884,1.0163141087475867,0.0,2.1444330518044206
17559,0.5000571134638593,0.6930329601556255,0.0,8.357977294589245
13817,0.3667520006730519,1.0030694068326793,0.2,7.829458166068536
14396,0.5194730415279486,0.6549403629020564,0.0,7.132300152259521
11967,0.4609260179742163,0.7745177304817933,0.0,6.738458944385047
14246,0.5023169794450246,0.688523925403025,0.0,17.24063906582664
4064,0.5108179935270578,0.6717419292753116,0.0,38.76622612348014
5707,0.407720464705745,0.8971734749157124,0.0,80.45402725613226
5382,0.46193492983887596,0.7723312423245143,0.0,51.08044260886866
13768,0.4357303163449423,0.8307317675014448,0.0,16.088656655526464
6917,0.5062307988098813,0.680762589557461,0.0,52.4357420963279
20611,0.4029830256855144,0.9088608378095824,0.0,11.993327705878002
10105,0.45491270365042963,0.7876497385476376,0.0,68.77835914203243
15031,0.4120020688873083,0.886726908074082,0.0,10.432341532276423
10988,0.5081117463880738,0.6770538823893435,0.0,3.9797228156008284
7422,0.4714725063252582,0.7518944896898887,0.0,59.42974115346877
16644,0.5364352007324612,0.6228095056926138,0.0,4.601316486695163
17081,0.5432706074891137,0.6101477268529347,0.0,9.57931919521463
15234,0.4887050849571177,0.7159960696913703,0.0,5.090660454259888
1894,0.4692123308567779,0.7566998819497271,0.0,31.8608474614583
14409,0.5133180910139479,0.6668595655133843,0.0,9.082627205976273
3335,0.4708149373872848,0.7532901764287988,0.0,35.34437369872373
18237,0.5703693951804075,0.5614710663348433,0.0,15.509795392617377
5207,0.5234186428639137,0.6473736707510063,0.0,48.06425872820607
11763,0.3610049825696217,1.0188635186125885,0.2,7.959870996244856
15579,0.5304098765711155,0.6341052192975867,0.0,13.571118964866209
7035,0.4493359370864798,0.7999844814919355,0.0,65.21873454846018
20170,0.46080571620465677,0.7747787647193739,0.0,5.679515832308403
7956,0.5075397178980879,0.6781803092603413,0.0,18.989048659289555
16478,0.5036192164963995,0.6859348192865778,0.0,9.232339914751657
19925,0.5109160275691498,0.6715500318922968,0.0,31.597437181208267
14935,0.48385183020558276,0.7259765550735563,0.0,6.806393338869308
830,0.4954458332512788,0.7022972485412968,0.0,70.50362035241258
19951,0.5391828403916492,0.6177005440899039,0.0,7.536564175853419
18970,0.5817434864416604,0.541725673352902,0.0,2.303417678304998
1833,0.4534571217590898,0.7908545634911092,0.0,60.20380062888994
7708,0.49720339015679443,0.6987561008716539,0.2,46.33102348153844
11428,0.4429047589775984,0.8144005230721065,0.0,10.907673284605291
3609,0.4144777511492983,0.8807359822061642,0.0,61.69115026095501
4997,0.47351500354680753,0.7475716803811197,0.0,64.36592054011055
2613,0.5025158069206025,0.6881281829852405,0.0,18.826842318884495
11491,0.44481616942928437,0.8100941845723048,0.8,6.177008717079753
9403,0.4575288940130449,0.7819152399481705,0.0,37.8016962125506
16738,0.42481926258989233,0.8560914650026809,0.2,14.84034557847877
7472,0.4311608773551249,0.8412739931994444,0.0,56.0961501232754
4749,0.5006473546340469,0.6918533087051695,0.0,53.175848368564
12652,0.5292164001659064,0.6363578567341801,0.0,7.612112917722982
8641,0.4389657106764412,0.8233339767560781,0.0,71.60535696352247
1550,0.46474786330734313,0.7662602499009035,0.0,36.972054134667715
15421,0.49835162007287404,0.6964493867003249,0.0,9.055235157014316
19689,0.4729925140743348,0.748675717096766,0.0,23.688099231986282
9318,0.48052295540899076,0.7328802777087882,0.0,24.115426041236624
20248,0.33977420729595587,1.0794739781698448,0.0,5.163825739527455
10030,0.30344385838689425,1.1925586661969199,0.0,9.295874907513781
14861,0.4650712260367952,0.765564710852084,0.0,23.91547624762165
12378,0.5597554097857832,0.5802553589036453,0.0,6.859198378463637
3931,0.4892355345827483,0.7149112396576159,0.0,38.79465252933343
7614,0.5101434136415721,0.6730633895752114,0.0,44.445738260364685
4626,0.49374415558669876,0.7057377996232936,0.8,45.31542615986548
5546,0.5056677867783519,0.681875373185476,0.2,44.29462361785297
2459,0.4111673174297659,0.8887550489587009,0.0,62.301727575872356
11980,0.5192271138299734,0.6554138926330417,0.0,8.992278469414025
8447,0.5002407464116386,0.6926658036171419,0.0,61.23511952323413
21002,0.48263747337665736,0.7284894798694305,0.0,5.527159027777106
4976,0.5138455391669565,0.6658325661456687,0.0,47.30740331665983
1760,0.5094393898598426,0.6744443934352273,0.0,27.60837959867827
11224,0.49662214403428273,0.6999258156128999,0.2,61.243508866128735
17321,0.47827725283601696,0.7375646877876465,0.2,65.3305299430394
20243,0.4662584256897049,0.76301523700304,0.2,37.001279209323904
18518,0.4845141866656419,0.724608567036361,0.0,8.40545930851773
8736,0.4956155606291279,0.7019547321632873,0.0,43.98097556455723
18534,0.4932882422634954,0.7066616058866343,0.0,4.59708115764734
16209,0.527353951574398,0.6398833210205018,0.0,6.91393917378327
18829,0.5035415858124458,0.6860889767635756,0.0,26.87067409446778
19894,0.5442656924642622,0.6083177460920377,0.0,30.259549662420614
12535,0.4997975633143146,0.6935521359146689,0.0,5.593637079993304
15913,0.5638134057366653,0.5730319231164375,0.0,5.967955587605497
6745,0.5004125520212233,0.6923224167287123,0.0,47.6733220384992
12893,0.5105500567158187,0.6722665918929092,0.0,12.817099523243204
3706,0.5019954662105246,0.6891641907843299,0.0,50.818968585175696
3523,0.4709607597180907,0.7529805011368594,0.0,22.31081592534774
5827,0.4938839652574407,0.7054546775275875,0.2,27.47040417412969
13047,0.44909114566616815,0.8005294148116641,0.0,12.942159284401033
14714,0.516463356867036,0.6607509380175075,0.2,13.988097408241927
2308,0.5358876049180337,0.6238308322169442,0.0,14.98441568555521
19664,0.5803181748237392,0.5441787485728741,0.0,7.847874194125719
18165,0.4771610490457083,0.7399012160510077,0.0,34.338074418001554
14527,0.5619186514634705,0.5763981878511297,0.0,5.312806259636186
7070,0.50448425989079,0.684218639098793,0.0,17.413364234559932
11260,0.4951895765474875,0.7028146068084703,0.0,6.737532346134499
14567,0.554481045243512,0.5897226562863328,0.0,17.581401389892275
13709,0.5626199320840419,0.5751509550362843,0.2,8.063616104385225
5985,0.5170916236199291,0.6595351984736281,0.0,20.221349713546132
7746,0.5003219894413469,0.692503408942674,0.0,46.50160628802233
14075,0.49797931778243276,0.6971967333772655,0.0,8.045371684056713
12678,0.368288517958439,0.9988886318019444,0.2,9.591578225638514
18164,0.507859397287112,0.6775506467073502,0.8,7.481175527650823
1758,0.5156941830595847,0.6622413576871439,0.2,20.544381912549348
12483,0.5010989886281532,0.690951615321921,0.2,6.368155098718746
3251,0.53948700811516,0.6171365759174482,0.2,18.770209521534596
7723,0.5255244021594161,0.6433586536644398,0.0,19.69964190157859
12571,0.5240305656696659,0.6462052649316465,0.0,5.828641752656881
13369,0.5030217016305972,0.687121965418265,0.0,11.475280718976506
8394,0.49520979931395714,0.702773769209083,0.0,46.11952860434607
11073,0.4245301415275852,0.8567722709750468,0.2,11.665382832582463
10144,0.5453348709350844,0.6063552309284161,0.0,8.159722786711532
13671,0.472027033040684,0.7507190216453601,0.2,23.007285375252696
19934,0.5337355538277337,0.6278547802337116,0.0,3.503963353500662
19387,0.47763144773534505,0.7389158737294419,0.8,42.88667798775449
5959,0.5136236144735071,0.6662645493270891,0.0,48.25754151108886
11012,0.4402069690176782,0.8205102785346784,0.0,9.997917305745293
9121,0.4776967449319995,0.7387791726517237,0.0,51.79211356056282
4627,0.49556320000819915,0.7020603853977126,0.0,50.58696128408401
17013,0.4707290683980184,0.7534725768030285,0.0,18.384732023701815
4708,0.4530234532168268,0.7918113817337061,0.0,58.77616152415123
11537,0.5036223217014649,0.6859286535260375,0.0,4.579602547985572
15275,0.5788172177656176,0.5467685373182236,0.0,3.306582672073655
6188,0.49618831829481164,0.7007997503336622,0.0,61.40407337570059
14546,0.42284768079556767,0.8607432574666702,0.0,8.921604282285093
4241,0.4961222886877161,0.7009328328719892,0.0,45.03493451202531
870,0.5229221767092941,0.6483226276923565,0.0,53.80397321370723
16755,0.5188835681364599,0.6560757598347242,0.0,3.7734855144554365
14212,0.40222981722395257,0.9107316690758267,0.8,27.857460564676302
7766,0.5399995004676772,0.6161870644841019,0.0,17.514502164547906
4558,0.4572868304284509,0.7824444472710795,0.0,43.973375548803716
10866,0.5484396416427217,0.6006780479058981,0.0,5.567084080395419
7627,0.5013553113534762,0.6904402249654451,0.2,50.98210631680129
19679,0.4025992322147418,0.909813672845473,0.0,18.759903606838073
8346,0.4333298681043673,0.8362560209148215,0.0,40.161196680459724
16386,0.5444803940543047,0.6079233445038543,0.0,9.50184252392743
16241,0.5616140694560126,0.5769403741341783,0.0,7.624843755668602
9009,0.39852005137540975,0.9199974648899781,0.0,74.56579733694218
192,0.44983248000348314,0.798880032185132,0.0,37.547361512701215
12529,0.5201026182843564,0.6537291440216721,0.0,7.426363163368453
4577,0.4491907861374097,0.8003075680436896,0.8,59.911025032219584
17500,0.5295787380234391,0.6356734224019691,0.2,9.980072307353122
12350,0.5620598979888213,0.5761468547164127,0.0,8.558085432705413
13789,0.5253742160432273,0.6436444778431186,0.0,9.363417820444974
16061,0.5066338021928886,0.6799668200066741,0.0,6.601457809781975
7222,0.39304738831726194,0.9338250934222214,0.0,59.811500083501315
5500,0.5071491744059698,0.6789500890704195,0.0,50.87339368266939
18101,0.47690088188543767,0.7404466044755632,0.0,4.703946181866954
17961,0.4508115230519462,0.7967059358034804,0.0,55.76941550624363
9649,0.49945564031396167,0.6942364930174657,0.0,47.343456105310885
16062,0.5066908448430854,0.6798542348634549,0.0,6.600364776929338
3150,0.4707969977028421,0.7533282806281538,0.0,9.239570902109222
2733,0.40050546808467324,0.915027859421675,0.2,75.42574673137301
10695,0.4371090377095524,0.8275726008005382,0.0,72.8677668690996
11625,0.41695313321189503,0.8747814538787562,0.0,3.98681634987112
10414,0.4999743371841246,0.6931985075089014,0.0,10.952882629176056
12600,0.44963862466116067,0.799311075148755,0.0,12.983210199175488
7889,0.5169865586129282,0.6597384036261352,0.2,54.619745556918566
11375,0.3742439340643701,0.9828474640585904,0.0,2.073818092918808
19804,0.4521061451145892,0.7938382923948574,0.0,26.52610575302844
18093,0.45202720207864094,0.7940129193708315,0.0,11.830792574348362
4004,0.4796083044726525,0.7347855405644833,0.0,57.28461725458606
12884,0.512603827144165,0.6682519989384752,0.0,12.304524127831158
19636,0.5417010134381005,0.6130410654725159,0.0,9.949963002628122
7611,0.4990810949004524,0.694986681604157,0.0,50.0390410754993
6500,0.45344515643018424,0.7908809507418506,0.0,37.70129347371774
3432,0.4929925715862669,0.7072611728293019,0.0,33.227129575762135
17976,0.45298555898128184,0.7918950326357542,0.0,53.10051863421787
2989,0.46474408545662577,0.7662683787517717,0.0,82.4006699921485
5746,0.5293988141768575,0.6360132291295792,0.0,19.089936684132653
10940,0.4952689263729155,0.7026543783377898,0.0,6.191438770599579
15163,0.4347715578543375,0.8329345401931435,0.0,15.899596496569137
5383,0.46150655971921123,0.7732590112307968,0.0,51.14180191260128
13539,0.5685168464097713,0.5647243331439287,0.8,7.108185120963563
18719,0.5434453887382471,0.6098260581717941,0.0,4.5151521614564345
3089,0.45288615038528046,0.7921145087389873,0.0,36.50340889095287
14350,0.37820594667440605,0.9723163992578991,0.0,30.632829197166068
4186,0.47133139908730926,0.7521938249773064,0.0,51.58169212169713
16490,0.5260386705385713,0.6423805508125867,0.0,8.815388330657463
2639,0.49147719247032406,0.7103397443977068,0.0,26.229295874804645
7357,0.5041813519862597,0.6848192502628286,0.0,53.42959821899126
11752,0.467524166154507,0.7603042392802909,0.2,23.266450566980108
12731,0.42748754890219787,0.8498301164044498,0.0,6.459218381079113
1391,0.47680171072063593,0.7406545753166368,0.8,63.37411054520673
8168,0.4525812414933599,0.7927879927455467,0.0,38.45021764815901
5194,0.4821412327042927,0.7295181939424074,0.0,45.96694295873009
13458,0.5355682570149308,0.6244269331370196,0.0,8.49532843723915
3336,0.47339407182536813,0.7478271045295245,0.0,35.719961191415294
1338,0.5164651755104012,0.6607474166831497,0.0,14.019408767173974
17138,0.4804818414561119,0.7329658422200956,0.0,9.986659600248803
17922,0.5415267444236815,0.6133628242432964,0.0,16.569996322565693
9169,0.43718865222891823,0.8273904785771763,0.0,70.03860211781145
13778,0.4095169968796357,0.8927768701288038,0.0,15.924014793902042
8867,0.4636740210090547,0.7685735145821654,0.0,62.90774099580012
13266,0.4245301415275852,0.8567722709750468,0.2,11.665382832582463
6838,0.49391445639884,0.7053929419735706,0.0,48.19915120479864
5784,0.4078919432118997,0.8967529847244975,0.8,82.18741241833666
19720,0.5442363909385421,0.6083715843458617,0.0,3.0410367376366025
10439,0.5305701690706854,0.6338030599846987,0.8,17.702119658793976
2713,0.47825245646546355,0.7376165343122612,0.8,64.910255019479
11741,0.4601929357294491,0.7761094519344814,0.0,11.246990600849088
8452,0.4925384534863605,0.7081827432730388,0.8,20.402745130861554
18613,0.43337452398522963,0.8361529733675623,0.0,17.734804597022702
11128,0.37493256707638434,0.9810090903111258,0.0,34.56094980259064
13978,0.5100155902075717,0.6733139846965347,0.0,4.902432926459412
3573,0.45344515643018424,0.7908809507418506,0.0,37.70129347371774
15675,0.6106150686316947,0.4932885205847941,0.0,1.0667413036040374
7127,0.47081382497644747,0.7532925391663909,0.0,11.698632213707484
18991,0.4843860462457722,0.7248730739819972,0.0,9.268227479258332
15428,0.532256607582492,0.630629560851615,0.0,4.07509673091963
8117,0.4994379362154969,0.6942719404342528,0.0,39.47283085557697
21152,0.47546105636406943,0.7434703007417334,0.8,65.50716723407533
1404,0.44728631607515457,0.8045563612868197,0.0,43.20467414579107
6307,0.5052650273180658,0.682672180799156,0.2,20.12517492640967
6787,0.48193050754373157,0.7299553505462568,0.0,48.52743137016811
13112,0.5129812702524562,0.6675159447070124,0.2,8.480122559011512
5489,0.4755193385709513,0.743347727853238,0.0,59.583781993710694
11214,0.4474974078310844,0.8040845338402399,0.8,12.81228374131451
15007,0.44509024302197425,0.8094782240678728,0.0,19.63794190116146
17155,0.36262735219440045,1.0143795499862176,0.0,28.514462257436662
9388,0.5240762847272548,0.6461180237164965,0.2,43.890797548241174
12962,0.4603645877053719,0.7757365214580203,0.0,14.159130532400518
6797,0.4805191902543766,0.732888113274858,0.0,47.01184084703113
18705,0.42583475198676707,0.8537039141021626,0.0,48.49038166967844
10302,0.33161009531895275,1.1037954119173676,0.8,18.40578791475837
7365,0.50793412237187,0.6774035201832161,0.0,46.80994144202583
8510,0.43075192170558396,0.842222942282636,0.0,45.37475780265146
9021,0.4634463469431269,0.769064657002016,0.0,64.40685616357848
7198,0.5038598655928148,0.6854570940309963,0.2,40.37684928715622
5116,0.508110506998451,0.6770563215991102,0.0,47.86787987084518
18501,0.5241985729297696,0.6458847104739317,0.0,8.39973073362912
6321,0.5315119072177052,0.632029678407419,0.2,18.35730085206258
17942,0.5598347812847322,0.580113572203985,0.0,8.434851317716364
19015,0.4193270203623939,0.86910418528285,0.8,61.762891048962125
14972,0.5427454701015034,0.6111148164557034,0.0,18.954033962961812
19596,0.4671951062857415,0.7610083220826069,0.0,23.925340010903547
1360,0.507040838238774,0.6791637298404078,0.0,16.142023897165814
5002,0.47351500354680753,0.7475716803811197,0.0,64.36592054011055
8302,0.4963282898119658,0.7005176965787147,0.0,48.76653795085997
3111,0.4983186793110337,0.6965154883226421,0.0,51.37497859260423
1905,0.5073695647812768,0.6785156163095706,0.0,41.67612585690766
12299,0.5021158435714379,0.6889244218258145,0.0,9.7482799775267
12926,0.538860796762002,0.6182980034656248,0.0,9.954597502003605
5779,0.4078919432118997,0.8967529847244975,0.0,82.18741241833666
10313,0.48724669590196146,0.7189847217319555,0.0,7.103569304412307
2704,0.5345159231523666,0.6263937582173363,0.0,17.917993167066598
8650,0.5088930549328926,0.6755173926942831,0.0,19.204959680450017
13678,0.4748890958508018,0.744673984628124,0.0,7.543547549504069
1753,0.5104718646032809,0.6724197563080073,0.0,14.120814882468153
11558,0.4001171341586014,0.9159979393455677,0.0,6.793956548401844
6498,0.4883899380920391,0.7166411387349586,0.0,57.40295411916259
7780,0.40646424273025733,0.9002593176265151,0.0,40.51482190417639
15980,0.47796367730600686,0.738220538277551,0.2,12.145942214959144
627,0.49010543332053114,0.7131347409813178,0.0,37.95302906515839
3948,0.4926135839788829,0.7080302175921066,0.0,51.4812275926226
8073,0.5052319595365937,0.6827376293495506,0.0,55.250544738662285
1062,0.5101228138702144,0.673103770743979,0.0,21.673941931493545
11092,0.5544116036640651,0.5898479011954882,0.0,7.4916586003504
3795,0.507485014254514,0.6782880970647053,0.0,50.13227315055383
11892,0.5192928456770354,0.655287305085931,0.2,5.660699524969286
6171,0.4329280533202754,0.8371837233992017,0.0,53.06907252169654
7394,0.5096293321241977,0.6740716172672279,0.0,27.53582196543544
19497,0.5469257851530016,0.6034421619021041,0.0,18.902555127459067
4518,0.43841968519271723,0.8245786420007613,0.0,61.90524217731072
15871,0.47847480549321575,0.7371517225720788,0.0,6.7007092706606235
15001,0.5168139388627607,0.6600723553937987,0.0,10.159833353035573
4727,0.4521747419146721,0.7936865767029779,0.0,37.95012257509025
5378,0.46710510674458555,0.7612009786616789,0.0,50.34430924653064
11172,0.46969786712078615,0.7556656268988502,0.0,13.526414072896408
10845,0.5089262321599494,0.6754521999287515,0.0,6.768368732024692
861,0.5016155432944468,0.6899213027144062,0.0,48.3793522682125
10643,0.4850072792415334,0.7235913794118543,0.0,4.32573772588691
9040,0.5278134230886696,0.6390124230864952,0.0,15.91140970049957
6277,0.5053172867046349,0.6825687564943951,0.2,20.08799806098521
6395,0.5218707131148121,0.6503353978015345,0.0,18.928010835105574
11235,0.5234219402168716,0.6473673711233242,0.2,50.70342983822192
20536,0.4130768511538146,0.8841216230563113,0.0,25.017546845772266
20368,0.5935430076754167,0.521645603066825,0.2,15.216401783777668
3281,0.4070446178165455,0.8988324734631639,0.2,39.593573199071386
3268,0.49204368480052907,0.7091877761864717,0.0,20.639136553079258
13748,0.3748526959642053,0.9812221409442025,0.0,20.31620341762205
2072,0.48519710937173266,0.7232000595315289,0.2,49.9987963032419
5179,0.4901726525471722,0.712997597801815,0.0,50.761863757910625
9741,0.47589158822680594,0.7425652065170519,0.0,66.45216157758202
9853,0.3869894594574221,0.9493578228674057,0.0,14.917260205882622
6502,0.4778885271884217,0.7383777804063795,0.0,38.02276301335395
18227,0.5109430456000896,0.6714971517414902,0.0,24.63555175451592
981,0.4043561964997993,0.9054591149631935,0.0,62.96563113756545
8943,0.500673196838354,0.6918016924584544,0.0,28.82045840225865
7062,0.5046806806158801,0.6838293653147239,0.0,16.331555912741734
4359,0.47943947343054133,0.7351376211338672,0.0,46.806213795843604
13615,0.5520161562235301,0.5941779646124687,0.0,7.7709566711134155
10003,0.48627903104391673,0.7209726818853324,0.0,56.37646139029268
20907,0.4519373158128266,0.7942117905971496,0.0,24.425982953286276
14169,0.41174470201864233,0.8873517769928573,0.0,31.261402697260955
11722,0.5346373546661133,0.6261666036702979,0.2,5.805816795809404
11632,0.5094837239362131,0.6743573719989714,0.0,8.503646872502106
12673,0.5098985012515603,0.6735435902241106,0.0,9.16322429221562
9795,0.5428842572700829,0.6108591359675288,0.0,20.782954394197006
18973,0.5859045195180783,0.5345984386566082,0.0,1.8491761221829126
15059,0.5130420169593798,0.667397532761101,0.0,6.894216621623755
19437,0.4624337012253869,0.7712520810069304,0.0,26.916697332932554
5942,0.4912408755984871,0.7108206898164809,0.2,51.232404472401754
4146,0.4782204430497754,0.7376834748721376,0.2,51.49768720791715
2413,0.4999564448304678,0.6932342946933356,0.2,44.66508978536838
15210,0.5587976823637381,0.5819677991316642,0.0,3.8400271859968385
16176,0.5089523925003394,0.6754007982394694,0.8,7.92937413521987
11556,0.4001171341586014,0.9159979393455677,0.0,6.793956548401844
7803,0.4353690610561795,0.831561191373956,0.0,55.75617724719291
9538,0.5306927975902329,0.6335719607681133,0.2,18.091647533084295
1886,0.50448425989079,0.684218639098793,0.0,17.413364234559932
20816,0.6127155961961233,0.4898544047089465,0.0,3.6530893305641277
1937,0.504466502380385,0.6842538390531829,0.0,32.5362695249346
18824,0.49971760754387995,0.6937121250232615,0.0,30.76613367098726
7153,0.4708305844257494,0.7532569430344831,0.0,11.622754860897842
6073,0.4730372557724008,0.7485811287454784,0.2,66.60949951863067
1939,0.5036684361777072,0.685837092125491,0.0,47.71025637185588
7099,0.49528973753195193,0.7026123593038892,0.0,44.44725935050596
19050,0.5285239641810018,0.6376671309325731,0.0,32.00132584155372
12647,0.5057900280096836,0.6816336602239669,0.0,8.185056921763291
13430,0.5022973311995585,0.6885630414005982,0.0,14.597881095425805
2740,0.4707290683980184,0.7534725768030285,0.0,18.384732023701815
7561,0.5014694977108641,0.6902124955418224,0.0,33.37522227301889
15358,0.5281597429803199,0.6383564975096054,0.2,3.7152667340613204
13819,0.543907923530853,0.6089753046673263,0.0,18.749436065535495
12204,0.4742143398983149,0.7460958656175999,0.0,14.870062960928148
17912,0.5514778011156518,0.5951536929288936,0.0,9.209408798342505
14778,0.3605115614476627,1.0202312521814731,0.0,35.95550021635544
21255,0.45791124380311315,0.781079904470717,0.0,7.709258753962436
15622,0.5790222056339959,0.5464144504450748,0.2,4.630862154861152
11690,0.4601450734233775,0.7762134622125287,0.0,14.084780040196685
3474,0.4594907390909468,0.7776364917073488,0.0,56.88410758852388
15028,0.5033198794016829,0.6865293678640513,0.0,14.55476619862124
15586,0.5239906848740571,0.6462813717770132,0.0,13.34079783535342
20666,0.45516527629391196,0.7870946813865308,0.0,20.01188167374696
11484,0.37004949624608313,0.9941185086526997,0.0,8.031035940796412
15212,0.5496876625857158,0.5984050482718553,0.0,4.370451232388382
16832,0.37436019314386926,0.9825368617623744,0.0,6.236898313653024
5822,0.5026301111423644,0.6879007449183875,0.0,48.091143596412245
4349,0.4295250699054949,0.8450751692834185,0.2,70.28744056220182
10176,0.512677074985239,0.6681091154788371,0.0,53.452070497501886
9777,0.5068819352391354,0.6794771718600491,0.0,15.78595409507851
13019,0.4292265813627157,0.8457703377977591,0.0,14.83481088611967
11377,0.5156164553759824,0.6623920934225327,0.0,5.571048892505521
19710,0.5271649072397678,0.6402418624255706,0.0,30.467828718445265
3118,0.5012613817109891,0.6906275939638105,0.0,31.6411049035545
11541,0.43766747138859763,0.8262958546851706,0.0,5.958832694753124
8676,0.47116738444875894,0.7525418671033463,0.0,40.2120785728457
6063,0.4192903521952617,0.8691916343826552,0.0,58.370566461645225
20957,0.46352043542701366,0.768904805569465,0.0,19.434068667454323
9615,0.5161018352169303,0.6614511779009542,0.2,14.320417749232057
5590,0.43076843478571575,0.8421846075410145,0.0,45.372692518592835
3346,0.5110780145474866,0.6712330300840322,0.0,53.18313695546413
1493,0.4217194303900668,0.8634150429570594,0.0,75.11710873726416
11382,0.47919165537110014,0.7356546459988357,0.0,5.236426625354547
8547,0.504007423246886,0.6851642823547779,0.0,48.90531523654252
8963,0.5120159821452099,0.669399439302448,0.0,15.416268908386442
19981,0.5508832637833404,0.5962323547374215,0.0,9.545679993660006
6921,0.49267097643974983,0.7079137183324258,0.0,40.7970656431546
18243,0.5229314747902046,0.6483048468472116,0.0,7.844488894159934
19510,0.5000507214036685,0.693045742897582,0.0,25.86238627455278
9314,0.4999939225864277,0.6931593354609604,0.2,22.13985461199942
2625,0.5104718646032809,0.6724197563080073,0.0,14.120814882468153
10616,0.5601121685184608,0.5796182143846714,0.8,4.109493228430041
8142,0.53818078828404,0.6195607375656994,0.8,17.561448680881156
11468,0.36935968620141285,0.9959843503575871,0.0,9.741473733392896
8573,0.4983954396526833,0.6963614615253069,0.0,46.16179926564239
12114,0.5013126359129485,0.6905253487408083,0.0,9.080408401795257
16627,0.4296062689018702,0.8448861434780514,0.0,6.9413735169899375
14526,0.5691062034314959,0.563688213008121,0.0,5.817262455007304
16534,0.5104747901714354,0.6724140252188445,0.8,8.13620964102162
4332,0.48821513700330227,0.716999115761827,0.0,42.32087390189566
13460,0.5141933742424283,0.6651558697984623,0.0,6.8111964302507095
3462,0.4971558983950783,0.6988516232091008,0.0,53.85350704421997
12032,0.4555674856456773,0.7862114159661507,0.0,5.476355896833967
231,0.46812918303725026,0.7590109890234731,0.8,48.208579609165206
16142,0.4622951717257767,0.7715516920706672,0.0,24.622913323776782
9338,0.479707836055205,0.7345780352829505,0.0,47.1048165125192
19104,0.5317213830437003,0.6316356429109309,0.8,12.399008345001224
8105,0.52610402884543,0.6422563123286227,0.8,19.27475398349317
6115,0.47403697848931264,0.7464699466394372,0.0,46.38564202856553
898,0.4671680070253299,0.7610663279264447,0.0,39.545008605518674
16526,0.4889712601727124,0.715451563887385,0.0,10.637332850249818
20324,0.5341429728804018,0.6270917363813516,0.8,23.332202694836656
2166,0.47699732173602816,0.7402444029187242,0.0,40.45065291254238
6000,0.49166802931938924,0.7099515273831043,0.0,53.01208331211155
17934,0.46796295836162577,0.7593661349968668,0.0,19.306883402944955
10495,0.44757827157411634,0.8039038480164319,0.0,10.282331916588888
665,0.4806089783314352,0.7327012743489907,0.0,38.029028003699835
182,0.4440876446340306,0.811733338205906,0.0,32.5423865560185
11248,0.4893508217593091,0.7146756198242779,0.0,5.450366701141114
8015,0.48355399750099193,0.7265922898675189,0.0,40.249577458089135
11359,0.4603988092833169,0.7756621884033558,0.0,4.456373501199657
12123,0.5490605352692989,0.5995465789441996,0.0,7.284490991349243
19193,0.44958458310879473,0.7994312712290252,0.8,24.820742377482546
5704,0.483330058925993,0.7270555068944511,0.0,63.87364458508395
6343,0.503237668682335,0.6866927181259159,0.2,38.88912514970394
154,0.47997246685100015,0.7340265374524729,0.8,57.83395155790171
152,0.5043643595738395,0.6844563364404986,0.0,53.291773384009936
19072,0.46092513842915106,0.774519638696713,0.0,17.648979515165966
4849,0.5048918445775094,0.6834110417977123,0.8,49.13042198472277
325,0.4463549837107914,0.8066407159418028,0.0,41.21933935379006
938,0.5043741824270297,0.6844368609217562,0.0,39.1432851666285
14879,0.30344385838689425,1.1925586661969199,0.0,9.295874907513781
18888,0.5074685794827092,0.6783204823321848,0.0,5.405874642762715
13777,0.40954933623607875,0.8926979037370665,0.8,16.388147939725712
3162,0.44998692409981106,0.798536754195926,0.0,70.13548458319264
6237,0.5494500511401965,0.5988374080139576,0.2,49.96399767563915
16935,0.4170226341919237,0.8746147800186609,0.0,68.84530254262452
8974,0.4834743829435694,0.72675694802898,0.0,64.27074892463389
3903,0.4217830545814852,0.8632641858044782,0.0,75.10398416498961
9163,0.5248440245493908,0.6446541566287001,0.2,43.80102893456464
7509,0.4313853058238193,0.8407536072116893,0.0,40.776549949766945
2609,0.45990185250165383,0.7767421763911995,0.0,56.438083455026856
5036,0.4650774749336062,0.7655512745127018,0.0,60.11491499924845
12823,0.46926386011407567,0.7565900672142116,0.2,8.77644506830106
7771,0.40692056254679254,0.8991372906069589,0.0,38.87869452508042
8723,0.4523068333893282,0.7933944945219765,0.0,38.16227700244296
1465,0.5084282087889558,0.6764312557832888,0.0,25.44396153146558
10486,0.4313853058238193,0.8407536072116893,0.0,40.776549949766945
12909,0.5202285277040345,0.6534870875942003,0.0,10.54499400007837
12618,0.5119325549786566,0.669562391176909,0.0,6.82685788757616
6510,0.4883531849375188,0.7167163952761538,0.0,40.05727889453527
13002,0.5215455851353279,0.6509585967884628,0.0,8.320877971671353
12525,0.4705971912291966,0.7537527711954315,0.2,5.87173387915036
19582,0.4593978775505882,0.7778386087844198,0.0,6.013469872068935
6118,0.39140485267654984,0.9380128258431869,0.0,53.84193763469291
7344,0.5041987880032069,0.684784668032859,0.0,46.59822732017766
11945,0.49138449432262865,0.7105283734779037,0.0,4.764447928397789
16171,0.5133180910139479,0.6668595655133843,0.0,9.082627205976273
13926,0.5149102586858746,0.663762648481448,0.0,7.899439294770033
15289,0.49412192600310056,0.7049729784762641,0.0,7.717338878047162
18629,0.44626499173736695,0.8068423515229114,0.0,62.44959308329845
3201,0.4709946761860512,0.7529084882439299,0.0,27.39457695314144
4806,0.4038423257927408,0.906730759892334,0.0,66.26841675659442
13034,0.4226725680733771,0.8611574704318322,0.8,14.088535099346057
1284,0.5124097374518171,0.6686307055261175,0.0,35.8386047959504
4183,0.47124304891650076,0.7523812906385161,0.0,48.799448099924405
4060,0.48684752737294024,0.719804290397546,0.0,41.76664504865178
5535,0.49668218846472006,0.6998049172566843,0.0,37.626764839523744
3547,0.5059128804878185,0.6813907974671105,0.8,40.621110935394015
8775,0.5121452275048602,0.6691470466925374,0.0,21.675011907347887
18986,0.3919362480536072,0.9366560849340844,0.0,23.186920596470188
16665,0.5970986576071805,0.5156729236193234,0.2,5.972008051717076
18899,0.46811842674989024,0.7590339664650133,0.0,18.89994547543035
6871,0.5236605173053176,0.6469116723560292,0.8,17.392219225472083
4921,0.35881341278920903,1.0249527671405438,0.0,90.78518822156605
17119,0.5074685794827092,0.6783204823321848,0.0,5.405874642762715
9146,0.4960787877293185,0.7010205186434711,0.0,52.81138013020245
12608,0.40032108427092494,0.9154883431967548,0.0,8.105275508676593
1444,0.50096843531769,0.6912121832399715,0.0,43.556735304984365
5724,0.45196644994416263,0.7941473276920268,0.0,45.94142472464274
9208,0.49630230346555826,0.7005700551229496,0.0,26.698621002285364
15247,0.501363307024003,0.6904242769808752,0.0,5.502129734654254
16105,0.5026704002647182,0.6878205915275991,0.0,9.044841172162029
8468,0.47136026254644264,0.7521325887103124,0.0,49.77237204949422
3904,0.4140524229430132,0.8817626877069349,0.0,64.7698798400686
9628,0.5529333955716011,0.5925177267178607,0.0,8.57669375519967
9330,0.47979244355992373,0.7344016778461981,0.0,24.04761515751866
16464,0.44062355330275266,0.819564388705527,0.0,5.721788901676848
5286,0.4967422337203556,0.6996840318538943,0.0,37.317647198347586
817,0.4922782393454698,0.7087111952150912,0.8,54.73730689148189
9278,0.5099481097468492,0.673446304034613,0.0,31.608200635708542
15663,0.3246946530969078,1.1248700672189387,0.0,12.887073716978392
10290,0.5232470824417288,0.6477014935115561,0.0,19.065094968691575
15680,0.5918982440649145,0.5244205438975376,0.0,2.0753942612140763
3322,0.469737587147285,0.7555810654181395,0.0,53.650031474749625
15851,0.37493256707638434,0.9810090903111258,0.0,34.56094980259064
17921,0.5434434931400691,0.6098295462895026,0.8,17.212438013495166
6598,0.4882722452349111,0.7168821491062147,0.0,48.321445854780876
11976,0.46784366886648204,0.7596210797521592,0.0,9.229396191431844
2394,0.43389069183076906,0.834962638745413,0.0,65.12708582214222
17183,0.4913936423951478,0.7105097567175634,0.0,26.235573579909914
4957,0.42217619340579576,0.8623325321643658,0.0,58.70328778499671
18912,0.4812105645046795,0.731450340624107,0.0,18.213113202514105
5125,0.452022337203471,0.7940236817792142,0.0,38.57764288125271
16422,0.3581225442542013,1.0268800487674954,0.0,83.93203749553257
7084,0.422196037668514,0.8622855285752102,0.0,59.21745801703091
20135,0.5240997565615666,0.6460732376626445,0.0,5.796730596760367
16664,0.5982667890765028,0.5137184889409576,0.0,5.32469226525226
18779,0.4402069690176782,0.8205102785346784,0.0,9.997917305745293
7473,0.488728041962697,0.7159490956223495,0.0,47.48962037938543
6740,0.5000122921927617,0.693122596476613,0.2,46.44961037983177
17470,0.47438990426416605,0.745725712587111,0.0,27.393487768610235
18488,0.37120665011562365,0.9909963630483907,0.8,30.35421965867052
387,0.504042683353878,0.6850943253024934,0.0,42.4415913617475
9616,0.5189114694387376,0.6560219894826331,0.0,19.394469641112643
2656,0.5042786640354104,0.6846262588741633,0.0,23.07190283474577
18813,0.5100337567644597,0.6732783657199747,0.0,3.040087297472951
2551,0.46141822576906116,0.7734504330060242,0.0,59.706505939861685
17625,0.4957481814215643,0.7016871799267023,0.8,29.804163235059093
8455,0.5009858378852932,0.6911774459908366,0.0,20.064881731707878
1494,0.4215922369529167,0.8637166952240448,0.0,75.1433524844919
550,0.43926098029143484,0.8226615544096477,0.0,45.278059393396774
9199,0.4817220699493216,0.7303879496022421,0.0,74.47765732631856
19725,0.5789189680249088,0.54659276280102,0.0,2.4126604086105403
5488,0.4058956959336539,0.9016590589539046,0.0,39.71808429856458
20295,0.5143730165472784,0.6648065636024105,0.0,33.90579918509739
7262,0.47079362121222873,0.7533354525148434,0.0,13.11180263142191
15305,0.5260623289748041,0.6423355771147237,0.0,9.89196794882464
17012,0.46419804987367635,0.7674439861982846,0.0,51.45711868908168
8649,0.5105709461723019,0.6722256771405397,0.0,18.85592973092465
8319,0.46420330730817894,0.7674326604188424,0.0,56.13769735312435
14531,0.49272329032519274,0.7078075397453232,0.8,6.785397098571686
8664,0.5072555832145271,0.6787402935067687,0.0,51.957571539294136
4604,0.46457841986224657,0.766624908579008,0.0,60.68219370274996
9058,0.5041643629494083,0.6848529471122353,0.0,21.059569708947645
6473,0.4608268866282227,0.7747328235851203,0.0,52.78642258998003
2244,0.5038695330440448,0.6854379074294277,0.8,26.74921276859054
17969,0.2648063417046519,1.328756506170363,0.0,108.70556652576296
117,0.44269338052241863,0.814877891869004,0.0,62.5092823392283
20489,0.43686691493577945,0.8281266727500793,0.2,16.555493506384707
17000,0.38787697514160685,0.9470670640148743,0.0,89.94769295970303
15750,0.5181198304894983,0.6575487304846951,0.2,2.0630592712324938
18660,0.4773225574752353,0.7395627955061915,0.0,24.701397087785978
16003,0.4537851623365946,0.7901314036526592,0.0,5.809441115215055
6098,0.45202720207864094,0.7940129193708315,0.0,11.830792574348362
12803,0.4818581171008102,0.7301055711261775,0.2,8.870783106952814
19324,0.48872779754389684,0.7159495957345597,0.0,12.083081223429186
11206,0.4897765593080018,0.7138059932899674,0.0,9.308744219898028
14021,0.5224245887268606,0.6492746333549116,0.0,14.608679250485512
2175,0.47980381659495963,0.7343779740542835,0.0,57.64500109042034
1916,0.4922301067846281,0.7088089751091252,0.0,24.900458700727402
11102,0.4524350601574039,0.7931110396054996,0.2,2.5720590310982594
13560,0.5427438530355744,0.6111177958787057,0.0,18.089085825517937
6717,0.5059201104516243,0.6813765066426944,0.0,52.60226943191013
20661,0.5461143223571512,0.6049269435479973,0.0,21.211762444769786
9842,0.5068356038811656,0.679568580672098,0.0,7.564278548064057
9167,0.43718865222891823,0.8273904785771763,0.0,70.03860211781145
3076,0.4158871207805956,0.8773413998188075,0.0,59.62411738166429
3127,0.45872571928437655,0.7793028090045524,0.0,68.65657925698363
17613,0.5127317850798627,0.6680024066394533,0.0,20.38910284507825
11093,0.5578454120398257,0.5836733943384684,0.2,7.675304912897129
2442,0.4939864654554292,0.7052471600330465,0.0,44.48487487665769
10821,0.5657274921019219,0.5696427794367963,0.2,8.753700650276647
494,0.39304738831726194,0.9338250934222214,0.0,59.811500083501315
16164,0.4598628538782282,0.7768269776956603,0.0,24.791266140622756
16696,0.4619664046528329,0.7722631077460825,0.0,10.151398536592506
2384,0.4371010792416343,0.8275908080204364,0.0,66.94382626966853
14597,0.4606907010194668,0.7750283917035649,0.0,4.177402835414177
13146,0.5221666380115415,0.6497685121353561,0.0,4.767773807563966
13656,0.5629154995578004,0.5746257517023983,0.0,2.6418417372701173
14365,0.5542559024267733,0.5901287811481523,0.8,7.347693580140752
6317,0.5167497511395269,0.6601965620081317,0.0,17.468802315144675
18791,0.43624755068568155,0.8295454199553438,0.0,16.389743381610536
14303,0.566033700751765,0.5691016605872574,0.8,17.64898128863058
5374,0.4572511320677074,0.7825225158963867,0.0,51.75447006081654
6225,0.4966961332179902,0.6997768418437893,0.2,19.5937515716261
2923,0.44338936774905974,0.8133069610024908,0.8,56.85829262210318
19650,0.45938909287000274,0.7778577311291386,0.0,36.22677936104932
11103,0.4524350601574039,0.7931110396054996,0.2,2.5720590310982594
21221,0.4830583971086541,0.7276177276511216,0.0,3.3038210121217166
15097,0.4408371128116008,0.8190798304688715,0.0,15.733501068317231
16827,0.5720894794804016,0.5584598671786069,0.2,1.936347996103835
11758,0.4876117587991446,0.7182357659989721,0.0,7.943471596264105
8317,0.460276460469507,0.775927969007114,0.0,48.18512569136965
16752,0.4768372114650105,0.7405801220963139,0.8,5.6839524017755965
16740,0.5320678725589034,0.6309842177801898,0.0,6.948082940345854
7792,0.46284846819461045,0.7703555609815543,0.0,46.048001894468456
9725,0.44998692409981106,0.798536754195926,0.0,70.13548458319264
8387,0.44492465984417373,0.8098503148703475,0.0,65.12897024444393
5178,0.489371256686243,0.7146338614387527,0.0,52.629213778902205
406,0.4669685362371564,0.7614933978074893,0.0,44.429330319768546
10720,0.4129397755230258,0.8844535186323084,0.0,73.55026713290965
10529,0.4674742898088274,0.760410926827011,0.0,8.980453364908124
20347,0.528328091513091,0.6380378028144096,0.0,3.469490202812997
11939,0.4443940783484476,0.8110435463539392,0.0,6.003749588904759
8050,0.5424837836881843,0.6115970858333069,0.0,15.552915245914479
5158,0.4772531234911029,0.7397082716284924,0.0,60.61169193964083
514,0.4437000595074647,0.8126064864808415,0.0,36.80294851668077
20639,0.42252537445163557,0.8615057761146168,0.8,30.010552922220583
19976,0.6221213485968966,0.4746201110641283,0.0,1.4136560614573292
20654,0.5017780889935091,0.6895973108227823,0.8,21.529227570378367
14611,0.5053676632373513,0.6824690685891562,0.0,7.913911452133913
8526,0.39781548961105695,0.9217669751326621,0.0,61.942737915905326
2333,0.4031848050062346,0.9083602489315552,0.0,27.577818578260953
11909,0.48292518630660786,0.7278935311019831,0.2,6.970599467967648
10358,0.5400129265084727,0.6161622017316728,0.0,16.614813863713447
657,0.4797411548042285,0.7345085813581367,0.0,64.65144286544665
1985,0.48466605693996495,0.724295167590658,0.8,53.11618268918208
17637,0.4785448788202805,0.7370052818492002,0.0,23.630968449722737
4777,0.46090284340533605,0.7745680100290195,0.0,45.05661972511167
8194,0.53818078828404,0.6195607375656994,0.8,17.561448680881156
6183,0.4901608123075345,0.7130217533367686,0.0,49.77605093960725
21021,0.38806350854865335,0.946586270926846,0.0,7.34740271437486
15712,0.4961548049570028,0.7008672941842443,0.0,2.598465417157684
17339,0.4711442450518087,0.7525909790875996,0.0,72.53471936831676
17953,0.539837816459702,0.6164865244243151,0.0,18.62097659905698
11698,0.5196229159263449,0.6546518921436814,0.0,6.676270606056257
17055,0.4566478614767896,0.7838427289238706,0.0,64.02035578189395
15475,0.5607881301399824,0.5784121094273019,0.0,7.606119294130698
470,0.4707290683980184,0.7534725768030285,0.0,18.384732023701815
16240,0.47735233633748775,0.7395004101591899,0.0,7.440113530698623
14100,0.5636613072642069,0.5733017269029476,0.2,6.745468000643564
5144,0.52009189816011,0.6537497557901006,0.0,30.47127651639377
735,0.5409189594773846,0.6144858089952879,0.2,17.08270560727287
9749,0.5071873497196245,0.6788748175746886,0.0,45.45745716327269
14013,0.5153299487526061,0.6629479062748882,0.8,9.165255626157638
9975,0.45114714265778827,0.7959617340255245,0.0,59.00066657099505
12650,0.512513002960864,0.6684291966604741,0.0,7.89949645777145
10652,0.4862497469455463,0.7210329044700867,0.0,5.577910764896588
15973,0.5848074275566086,0.536472669607033,0.0,7.6930179082139825
21216,0.451088205082251,0.7960923819230353,0.0,4.412740059333553
6365,0.49895587697861465,0.6952376100287002,0.2,48.66663270200901
9873,0.5279418142828896,0.6387692015701663,0.0,10.433975418269302
8492,0.5430017644829326,0.6106427095453181,0.0,18.276537647753276
18663,0.4852853993328813,0.7230181088820317,0.0,23.87405690720851
13064,0.5081169143019024,0.6770437116196564,0.2,5.995899073945642
6730,0.4999728791527868,0.6932014237255055,0.0,43.37707961849422
14713,0.5158030307479106,0.6620303097322433,0.2,14.015181707540494
7918,0.5037094691208143,0.6857556272791528,0.0,48.04404018891949
17982,0.4784309706152702,0.7372433405329496,0.0,49.19993196808386
6460,0.5251934453585287,0.6439886169083578,0.0,47.07782332030662
7030,0.5000843673772664,0.6929784600395201,0.0,48.04419525991836
5283,0.4976221526391536,0.6979142195787471,0.0,35.431009992629754
2823,0.46072479154950574,0.7749543957043019,0.0,58.896534073526944
659,0.47171022458078127,0.7513904129022905,0.0,64.96596538927538
3058,0.3396636872473996,1.0797993060634423,0.0,96.72842381433475
5358,0.45686992658976516,0.7833565531312359,0.0,51.82099300641075
13243,0.4731435125806498,0.7483565272480698,0.2,15.865157521233002
20332,0.4801577249853166,0.7336406353358834,0.0,47.44454274176084
8531,0.5231002519032915,0.647982147047111,0.0,46.039131053326095
13377,0.520433975853213,0.6530922465172029,0.0,7.136665374335783
20944,0.4571552857810308,0.7827321519732049,0.0,5.317295443699359
9105,0.5386534616081439,0.6186828432110045,0.0,17.654114246600567
7904,0.5070514034543543,0.679142893046384,0.0,47.25815759085874
12921,0.5595885853356642,0.5805534342979498,0.0,9.547201049858938
4001,0.4345956989869708,0.8333391076952698,0.2,65.68795579986691
5901,0.44642414439563977,0.8064857824698848,0.0,78.85011224476142
10856,0.38179664395454277,0.9628671577905612,0.0,9.660687460022631
461,0.45869930152605237,0.7793604001051486,0.0,25.66083004499955
315,0.4665910357983738,0.7623021313273756,0.0,29.348632056103966
5092,0.45344515643018424,0.7908809507418506,0.0,37.70129347371774
10841,0.4339675306815393,0.8347855617782821,0.0,7.633279420511359
4062,0.47702384386397206,0.7401888022069013,0.0,54.77397136331069
2069,0.467697115729883,0.7599343811928037,0.2,70.69669455471225
7584,0.510048935144656,0.6732486066027623,0.0,37.91399692450791
18277,0.4680850506484205,0.7591052674210333,0.0,19.664621025899695
10457,0.45715259387221174,0.7827380403809918,0.0,24.44530054330127
8415,0.5014647406121213,0.6902219819040605,0.0,51.71799102628236
15404,0.5601099673568419,0.579622144250987,0.0,17.482563218819173
20125,0.5693747888370364,0.5632163818359762,0.0,15.718523696355344
463,0.5124388472628486,0.6685738975030133,0.0,16.64748979278433
21073,0.6044117003102006,0.5034996902166572,0.0,18.931588544216197
7478,0.41900499664324664,0.8698724339682237,0.0,69.01349892067395
9057,0.5020384010033345,0.6890786661935007,0.2,20.927662706353182
14823,0.5265705388659611,0.641369979428825,0.0,8.889067185854419
4298,0.49002641969278515,0.713295971590596,0.0,43.411195987373176
19591,0.5173974169193122,0.6589440016676567,0.0,9.729307939539943
2700,0.5364404198875101,0.6227997764100229,0.0,16.6972622668899
15401,0.5623506333838165,0.5756297208167158,0.0,4.78175604580947
19078,0.4426397883012624,0.8149989586563082,0.0,11.655707479755247
15783,0.520062914889715,0.6538054845528557,0.0,5.076489144425575
6905,0.5411217636828033,0.6141109539580373,0.0,16.51651321649541
14860,0.46439773617140806,0.7670139039088523,0.0,23.960747589986404
7745,0.49818415033620744,0.6967854905176005,0.0,40.981089466536005
20440,0.5574514107179209,0.5843799351090608,0.0,11.421704761674974
6918,0.4640599309514764,0.7677415735631601,0.0,63.54597332396865
10275,0.47751861554820524,0.7391521343799972,0.0,55.70619761872836
18134,0.4624781494142017,0.7711559676555484,0.0,21.696473326492445
16301,0.49617509001567967,0.7008264104846149,0.2,49.064855821714026
4877,0.48462087263343423,0.7243883996464815,0.8,43.97037364788347
4377,0.5031430865178176,0.6868806830970408,0.0,51.647246742389555
19059,0.46351828626779074,0.7689094421810168,0.0,35.70046563511714
20586,0.497704569797109,0.6977486113291425,0.8,5.463719923424011
370,0.44332826219554317,0.8134447851565387,0.0,31.573855115709037
14988,0.5620084725148728,0.5762383535528425,0.0,17.529141083680198
4072,0.4726700284572739,0.749357748191491,0.0,55.827152240266074
3740,0.4528175817893596,0.7922659238068864,0.0,75.28507061865125
19706,0.525263536137443,0.6438551687419827,0.8,30.940459102328703
8395,0.49526145372625946,0.7026694665103613,0.0,41.55938323794059
18900,0.4684416351039131,0.7583437632842072,0.0,18.88275941649157
16939,0.41713804661795684,0.8743380649218583,0.0,75.19307358327981
4634,0.46807269845978117,0.7591316565390037,0.0,23.722861370986408
21105,0.5473837273820039,0.6026052099237311,0.0,21.130352007801534
12392,0.5873113952169002,0.5322001139228398,0.0,3.459673342397256
15324,0.5022659300112216,0.6886255584954587,0.0,6.862154123845423
11204,0.5791028420865251,0.546275196997758,0.0,3.455299789986201
5636,0.49556607970590844,0.702054574455047,0.0,38.823620109864635
11055,0.5347812295389303,0.6258975324650466,0.0,4.0251468784757005
8904,0.4981391237761558,0.696875875960262,0.0,31.429100942459613
18722,0.5017954735989971,0.6895626654193205,0.0,25.263162181281174
6760,0.5368484976881802,0.6220393514887333,0.2,16.87281740913189
5949,0.4710266921981143,0.7528405152379026,0.0,28.15999568162033
3533,0.5182830460709316,0.6572337649698864,0.8,49.35825474637934
2375,0.4963291111649281,0.7005160417218396,0.2,43.19802515761222
12188,0.48230409883337927,0.7291804534291633,0.0,12.272836450884078
208,0.5105357233272114,0.6722946666911059,0.0,18.904922744665086
9817,0.47733673192073267,0.7395331002093335,0.8,40.13075758929451
13782,0.44703004179713274,0.8051294790270482,0.0,14.923879458121522
15240,0.48272874886847206,0.7283003796295765,0.0,6.4511026432119545
15351,0.4957426873900812,0.7016982622909599,0.2,3.0984715261705245
5296,0.5069361675321761,0.6793701856207145,0.0,45.58913729088285
20210,0.5771966632389561,0.5495722330434204,0.0,11.123341871011728
19252,0.47988501612595613,0.7342087535144132,0.0,32.588590898616935
3722,0.48011741501999317,0.733724590368494,0.0,58.59524903359507
16865,0.4835298732345443,0.7266421806105716,0.0,9.231262259704781
11166,0.5557161260246626,0.5874976798179384,0.0,7.766719484071951
1934,0.4702742047568468,0.7544393400217665,0.0,55.613496064822826
18569,0.5418730952131534,0.6127234466310806,0.2,20.52010808743362
13633,0.5093879119984684,0.6745454465996332,0.0,20.508543183025534
13071,0.534249869952525,0.626891628203546,0.2,4.001041987371044
18274,0.4679717118559994,0.759347429643486,0.0,19.306407819349516
19366,0.48006790102591435,0.7338277246141345,0.2,14.135356055496906
20256,0.5828285635636267,0.5398621949430257,0.0,2.1365046905465586
3151,0.4909333408000723,0.7114469225221061,0.0,22.91214672856802
2788,0.45304953687703065,0.7917538065482713,0.0,39.369956822492355
6349,0.4987460086388844,0.6956583135391396,0.0,52.11872488401566
1954,0.4283583199068362,0.8477952376094651,0.0,68.76890888760573
11610,0.4809100295274831,0.7320750751715958,0.0,13.965430126828627
11246,0.3246946530969078,1.1248700672189387,0.0,12.887073716978392
14568,0.5506294287068335,0.5966932392696301,0.0,17.789215378458792
8820,0.5087344614615837,0.67582908527342,0.0,49.03275311473585
10127,0.4431511666857987,0.8138443330903784,0.0,60.93252590148198
1364,0.45913017643119736,0.7784215003483953,0.0,27.92587132499868
12943,0.4879038194101165,0.7176369839267589,0.0,11.98812576174515
16801,0.4572086890558653,0.7826153423079844,0.0,2.455463603885919
19355,0.5450006327105655,0.6069683233827494,0.2,21.39108016434838
7192,0.43738864198282684,0.8269331381940722,0.0,42.43200665358333
10240,0.4650764473457249,0.7655534840134235,0.8,6.2825148899633
7830,0.4939987710995349,0.7052222494500722,0.2,51.72099988227667
3941,0.4868316706777064,0.7198368610743501,0.0,50.05025881775216
9140,0.4946870122318698,0.7038300149199367,0.0,41.88140310468397
18041,0.5054990460910104,0.6822091275837072,0.0,24.69597093901446
10981,0.5125078656817919,0.6684392204155591,0.0,3.330732260057248
13863,0.449226889173601,0.8002271977722606,0.2,12.388316824397561
12286,0.5074971870762117,0.6782641107885274,0.8,10.930904528487032
21028,0.6194753687578302,0.47888233857775087,0.8,7.268236127458559
9652,0.48555170473857295,0.7224694990045268,0.0,46.292230943913125
8693,0.5166677539513835,0.6603552533171361,0.0,23.092622125306434
12767,0.4805259361217937,0.7328740746678624,0.0,9.890721426129478
16307,0.5166538951120392,0.660382077180466,0.0,10.63314172349898
13324,0.45852267310160294,0.7797455379049804,0.0,12.259938759336773
10016,0.4066026633354925,0.8999188275498934,0.0,10.090339725168759
8578,0.4969046155048059,0.6993571918180758,0.0,19.683408483860063
7202,0.5523851742168204,0.5935096966615848,0.2,23.160232726632245
5014,0.4824093750971545,0.7289621994770044,0.2,51.781826947848096
20769,0.5828524385413489,0.5398212318018533,0.8,16.199224458439247
1669,0.49697083941876335,0.6992239278085314,0.0,39.22646128312756
20383,0.40516618825254475,0.9034579546782835,0.0,34.33727583665562
9316,0.4926150908775666,0.7080271586095127,0.0,23.287366633635227
18345,0.4900453028802175,0.7132574372935649,0.0,22.590645937802925
363,0.49229369982341664,0.7086797897335149,0.8,19.782796979226802
13495,0.539033795860606,0.6179770089986827,0.0,7.279769000986818
13110,0.4889686965366392,0.7154568068188258,0.0,9.014756038842318
17064,0.5359556932801137,0.6237037831188418,0.2,10.810346403821399
3130,0.48336265557525787,0.7269880673683469,0.8,21.845990869770944
7747,0.5028916767255097,0.6873804864969371,0.2,36.54801920841088
2861,0.48415346321913705,0.7253533497556398,0.0,51.98281095176938
13154,0.5339051607608161,0.6275370573664744,0.2,5.556526609929487
143,0.46548911000974924,0.7646665767175049,0.0,31.588374417338365
1085,0.44023968284606185,0.8204359666423464,0.0,39.89369887798409
3978,0.46891364605141544,0.7573366510464306,0.0,43.0167240906453
15978,0.4105431241985302,0.8902743027485369,0.0,12.730922274594558
4593,0.5006031209218025,0.6919416656415267,0.0,50.57401908686908
1657,0.4961891705613497,0.700798032707965,0.0,49.977408066836546
10649,0.4813391361357811,0.7311831925863886,0.0,3.994928867200313
11475,0.4656977764667318,0.764218403609602,0.0,12.206094978110016
13889,0.4430653786311025,0.8140379382660377,0.0,13.436917426728082
18607,0.3857436281585276,0.952582305934844,0.0,45.02856240378452
12496,0.5577835463461296,0.5837843016312463,0.0,5.063452897459934
20271,0.35152693532300816,1.04546894101438,0.0,8.295796236386114
9175,0.5360816972112888,0.623468709355794,0.8,19.04696859515063
957,0.4712728011138191,0.7523181570639937,0.0,48.769025105646605
3306,0.5051357621124973,0.6829280499703322,0.2,53.98136390651991
11042,0.5410023525456724,0.6143316516318525,0.2,4.647726123309971
3037,0.4953375583562796,0.7025158127529043,0.0,49.79081090874725
13201,0.433826975136382,0.8351094991746221,0.2,6.124776385480924
19290,0.5038432802798818,0.6854900110919432,0.0,12.62775503427104
96,0.4610146692009617,0.7743254160992049,0.0,61.95377819623493
11354,0.344589686279427,1.0654008848793657,0.0,7.615752048574676
15385,0.5827596833994162,0.539980384474312,0.2,5.660074193342946
17770,0.5166118975805719,0.6604633680386119,0.0,44.290674367677724
20563,0.47282587969277984,0.7490280773054004,0.2,5.218852928613302
1562,0.46123710911108995,0.7738430317445794,0.0,58.19493012245542
8138,0.50793412237187,0.6774035201832161,0.0,46.80994144202583
20083,0.5693747888370364,0.5632163818359762,0.0,15.718523696355344
15688,0.6063159674367142,0.5003540303833243,0.2,1.944876173003075
9179,0.5009230437198152,0.6913027950454524,0.0,47.074265991051014
16921,0.52565420380745,0.643111689641472,0.0,4.377339688558639
1787,0.5089597782754595,0.6753862866237678,0.0,43.942317697064674
8703,0.5053889324837352,0.6824269827962421,0.0,21.346316490451873
1264,0.4959532597351345,0.7012735911025209,0.0,27.134029172775293
18585,0.46782764649043634,0.7596553276248562,0.0,15.876796057573983
19289,0.5098586115317894,0.6736218239903502,0.0,24.679145553754985
14948,0.48191771134240297,0.7299819028624382,0.2,4.611477924542176
12782,0.49454279776017473,0.7041215841210667,0.0,8.55507731422123
20519,0.41416788981730374,0.8814838564026076,0.0,5.016524613336864
4661,0.46086081740512913,0.7746591960933499,0.0,65.62912656111234
963,0.50579756650696,0.6816187559342795,0.0,44.785756406404644
2855,0.49678641355574393,0.6995950966519983,0.0,54.60339942868327
11648,0.48686293791893503,0.7197726371565768,0.0,11.504125573682064
16170,0.45722846258750854,0.7825720948707804,0.0,5.726471766934658
5915,0.47952713612092085,0.7349547937241314,0.0,53.2180793050492
14762,0.43165171500205685,0.8401362311773576,0.0,26.926367170693922
4025,0.49613411068235974,0.7009090043642532,0.0,35.781406811799656
2487,0.5266579745475942,0.6412039457889824,0.0,21.75284337169144
18554,0.46930905512507703,0.7564937614071667,0.0,18.927474256702673
18399,0.4217830545814852,0.8632641858044782,0.0,75.10398416498961
14196,0.4318851149006786,0.839595663835646,0.0,29.740997481896773
17641,0.4276079155474981,0.8495485884321954,0.0,68.05308604669786
4624,0.4822078550384004,0.7293800233669167,0.0,61.86601335939275
7004,0.5487626281989957,0.6000893021942253,0.0,15.728340633402233
4998,0.4687662235910714,0.7576510919688211,0.0,65.23375786243167
20905,0.4337771431870364,0.8352243717261648,0.0,20.187373128343964
7727,0.5278349638624167,0.6389716125779654,0.2,19.84006869241999
12629,0.5262351321198501,0.6420071468885032,0.0,7.166083888675429
4155,0.5015067022783629,0.6901383072061147,0.2,49.33108588317283
21166,0.6204937808957437,0.4772396971181725,0.0,1.980306129108563
9373,0.4627718049189613,0.7705212083383621,0.0,54.15608301048958
2755,0.5142596535539821,0.6650269785222364,0.0,21.643634129139564
14783,0.3903988932369338,0.9405862593935967,0.8,29.33782420836755
17762,0.48001327545239536,0.7339415182701632,0.0,33.5136048579878
3540,0.5059946385207773,0.681229205559548,0.8,51.57926940288851
3367,0.5041806053109388,0.6848207312296889,0.0,27.09493129064448
3057,0.4311608773551249,0.8412739931994444,0.0,56.0961501232754
7288,0.5097682555025056,0.6737990575106537,0.0,46.85598707617232
10368,0.5058515862158972,0.6815119605915597,0.0,45.957759998406075
14336,0.47289256787605866,0.7488870455140447,0.2,7.30689070167773
19843,0.5185091521191139,0.6567976003225028,0.0,12.617738364060743
12198,0.5198768158109699,0.6541633881413768,0.0,14.023561504245631
12728,0.43618154940262754,0.8296967245901232,0.0,10.899311320092087
14424,0.5071339940071253,0.6789800223263749,0.0,4.8033424014968
11746,0.49818524050514307,0.6967833022349301,0.2,10.056115777024269
953,0.4707290683980184,0.7534725768030285,0.0,18.384732023701815
12343,0.5518079386166729,0.5945552305379004,0.0,7.402212506794449
16680,0.43668628645526214,0.8285402216508309,0.0,6.152324753716234
19991,0.5135124355926939,0.6664810325889516,0.2,6.695801831195764
20882,0.6163696495168078,0.4839084150404263,0.0,7.148537079644338
20616,0.5870316979676932,0.5326764606670223,0.0,16.01491705843423
20059,0.516129548402669,0.6613974822156938,0.2,4.134064938620398
15847,0.3727787771099711,0.986770126144263,0.0,17.25367484632314
11283,0.4262486539077791,0.8527324083770119,0.0,16.277511087003553
16793,0.3867861184377525,0.9498834042637675,0.2,16.310067242416203
20632,0.5554354009886802,0.5880029665140017,0.2,22.394092441352967
2320,0.5013314699681733,0.6904877799661722,0.0,47.35710375681948
14098,0.5697840249221585,0.5624978936010013,0.0,7.124597855793422
1442,0.5038598655928148,0.6854570940309963,0.0,40.37684928715622
201,0.3612526279794089,1.0181777648984707,0.0,75.46224675442772
16606,0.5259735851805598,0.6425042857933168,0.0,10.494986150899681
2201,0.5038611804107749,0.6854544845430526,0.0,56.491731971168
14667,0.47782631943366777,0.7385079609828592,0.0,9.60060349277717
2322,0.5080433329826007,0.6771885338947392,0.0,46.461905723841134
21248,0.41863987160783894,0.8707442236069405,0.0,6.473547704535258
738,0.4712579485422655,0.7523496734289723,0.0,48.77106815403039
2562,0.4745905107309084,0.745302929426235,0.8,51.279453789442094
17343,0.4743990912587076,0.7457063468596727,0.0,72.14708905867333
16562,0.5781829060682785,0.5478650138834773,0.0,6.994592740927192
2516,0.4568833277808347,0.7833272209433473,0.0,60.70785962310942
9091,0.5419390516520874,0.612601734691966,0.0,16.31664617528884
1256,0.48301300750457826,0.7277116950408871,0.0,52.82095549430265
21173,0.5074685794827092,0.6783204823321848,0.0,5.405874642762715
10704,0.4599155274445648,0.7767124423522258,0.0,14.547435546815718
19542,0.5708156587185456,0.56068896082205,0.0,15.488190901832041
20746,0.41270849667876386,0.8850137544084806,0.0,3.2811884512136786
13574,0.5033198794016829,0.6865293678640513,0.0,14.55476619862124
4961,0.43683553640324846,0.8281985016261375,0.0,73.72623099387795
311,0.5098631425805609,0.6736129371567541,0.0,47.321311404891404
19142,0.5133180910139479,0.6668595655133843,0.0,9.082627205976273
12667,0.5172065841981766,0.6593129016972209,0.2,24.99422378491289
6420,0.48835382813930833,0.7167150781937924,0.8,50.75310279597277
5774,0.4539930686496949,0.7896733483487562,0.0,68.73316896324329
2741,0.4450028963154068,0.8096744882631297,0.0,45.196029687754844
12240,0.5229314747902046,0.6483048468472116,0.0,7.844488894159934
266,0.49122886553210504,0.7108451385417289,0.0,51.735308315336155
19133,0.5094715501226901,0.6743812666954974,0.0,9.14831892672183
20970,0.44545072839763544,0.8086686366217702,0.0,24.960771163286903
14213,0.40489959909611345,0.9041161460751281,0.8,27.65510494516251
10849,0.47236221396708583,0.7500091852266636,0.2,15.504564624102983
20357,0.5130852960725215,0.6673131784853348,0.0,4.23810604365392
18497,0.5270992800035905,0.6403663610798095,0.2,8.05036559594585
4177,0.3397233035084344,1.0796238059081582,0.0,28.70881468035221
13337,0.5308234515636525,0.6333257959558769,0.0,7.297813299004178
5164,0.48342510257655186,0.7268588828583977,0.0,53.09704083825664
6817,0.4897680486101246,0.7138233701359193,0.0,63.60880094849498
4178,0.515735157609196,0.6621619057111001,0.2,44.08342937790593
3705,0.5024844390508321,0.6881906065914164,0.0,55.81225714446833
5611,0.4308606640161854,0.8419705264916393,0.0,46.84302882814278
17451,0.5218217707497097,0.6504291847472009,0.2,23.421955091618134
19062,0.44508199804684395,0.8094967485168506,0.0,21.47837645022537
17619,0.5379640872254772,0.6199634734173927,0.0,15.880364229688134
12876,0.49829688172655695,0.6965592315378444,0.0,12.858831529060295
11340,0.49774985096368,0.6976576354579063,0.8,12.665973520105432
5340,0.3586489569191548,1.0254112047670392,0.0,45.16936669929473
2502,0.5093672747844837,0.674585961169287,0.0,18.88975534354011
14627,0.3789669620880214,0.9703062489710582,0.8,32.49361558411146
12858,0.49971025582432044,0.6937268368795727,0.0,7.543585178317171
16031,0.6248031527768049,0.4703186344117659,0.0,2.638487377578918
18050,0.48128433346770516,0.7312970536543256,0.2,26.334007069472875
10323,0.4997056950744686,0.6937359637097934,0.2,61.50177430607975
1636,0.547992709626388,0.6014932957240969,0.0,15.17717963024857
17444,0.4708197303574702,0.7532799963231811,0.0,7.4763037479924375
14650,0.5062856122511025,0.6806543178481319,0.0,8.969322117654349
1186,0.5089030908937677,0.6754976717296939,0.8,66.59393734903527
12293,0.4891229110804438,0.7151414691881142,0.8,8.166915291683203
18721,0.5286357391169811,0.6374556682064643,0.0,4.098935433362805
17350,0.48352207788182017,0.7266583025008492,0.0,4.410997239205933
1958,0.43863722106483133,0.8240825832501308,0.0,82.42886164704457
11819,0.452631102392817,0.7926778287606113,0.8,13.271804911129522
10504,0.2812571265515203,1.2684859869346805,0.0,44.68876073904199
9689,0.518049513010863,0.6576844563275496,0.0,19.62448074154411
20886,0.5461143223571512,0.6049269435479973,0.0,21.211762444769786
13163,0.5241075102151855,0.6460584435396407,0.0,6.266443773299791
9992,0.4899269343328353,0.7134990126024624,0.0,56.09529433048916
16971,0.465434509405379,0.7647838808728494,0.2,21.26099057542667
14954,0.41193886392862744,0.8868803291660257,0.0,6.767340421056548
6997,0.5477574566795783,0.6019226873092561,0.2,15.188014253453861
19394,0.49576381037464157,0.7016556544318865,0.0,48.070433060630634
12290,0.5030464177285637,0.6870728313735698,0.0,12.475181116184622
2831,0.46140940107704936,0.7734695583372461,0.0,37.26576355673269
19611,0.5812083613428867,0.5426459610459151,0.0,8.185813825570413
18749,0.5665038672177376,0.5682713720276897,0.0,24.62319959049576
9916,0.49935865902634113,0.6944306858478835,0.0,48.610148009351846
400,0.5080865449256221,0.6771034818871428,0.8,18.960928978925907
11480,0.38810140538398474,0.9464886194234574,0.0,10.29424642276269
11651,0.368322003190625,0.9987977147399484,0.0,7.953925862324176
20054,0.5052901688754053,0.6826224228889707,0.2,6.0917226815370284
10020,0.3106986338726076,1.1689318595267975,0.0,7.514478385392518
14355,0.512443463465539,0.668564889243934,0.2,10.00707953764345
2501,0.5092977662279762,0.6747224310662934,0.0,18.443537035470293
9919,0.4911399702405488,0.711026120039842,0.0,46.86017557327398
7495,0.4877627734856951,0.7179261112299401,0.0,44.57962275319778
5470,0.47573841753724483,0.7428871187937899,0.0,66.58125802189342
12047,0.5195521561929749,0.6547880765756944,0.2,7.763168025366547
16852,0.5149102586858746,0.663762648481448,0.0,7.899439294770033
16787,0.38244444064005084,0.9611718894944437,0.2,6.670292234211543
1659,0.49633342021050875,0.7005073599282905,0.0,46.57673420129862
16654,0.4524738869182082,0.793025225975402,0.2,5.922669303993743
7252,0.5007239221770632,0.6917003833218703,0.0,52.15420731929248
16442,0.4255997788699986,0.854255860527209,0.2,1.8024885084687399
4348,0.4296543920747532,0.8447741328272237,0.0,70.26240245578133
4573,0.4273646806053869,0.8501175773091909,0.0,62.35612624139387
16303,0.5105311748547666,0.6723035759456375,0.0,8.03522096086192
17578,0.4532281442418102,0.791359650605092,0.0,7.461136496009166
6954,0.4854515048985459,0.7226758831634839,0.0,56.19888685633225
19920,0.5508832637833404,0.5962323547374215,0.0,9.545679993660006
5979,0.45344515643018424,0.7908809507418506,0.0,37.70129347371774
445,0.4707290683980184,0.7534725768030285,0.0,18.384732023701815
5001,0.4779036466707643,0.7383461428124393,0.0,63.62624316955841
2099,0.5237695753089353,0.6467034331527051,0.2,18.67679584020391
11116,0.583713278941386,0.5383453774313894,0.0,2.191065714383094
15550,0.5116316914976006,0.6701502653445669,0.0,8.472038988538504
20131,0.496115097591294,0.7009473275816658,0.2,24.00744530119659
11317,0.4666509250622705,0.7621737846252541,0.0,12.298436671351832
20048,0.5852177839885218,0.5357712207071467,0.2,7.988348818991355
16117,0.5400603817259992,0.616074327663875,0.0,6.401628211847925
2785,0.4491494803043058,0.8003995283724783,0.0,40.16004877871461
5352,0.5241936385807957,0.6458941236475889,0.0,22.829128588769002
14314,0.541709132990028,0.613026076593273,0.0,19.69039721770705
4410,0.464393076665994,0.7670239373961557,0.0,17.87933196001559
19595,0.453299315758727,0.7912026305032122,0.0,27.26484192277305
16984,0.5128171597861738,0.6678359110139921,0.0,19.527521885193618
8938,0.48479730087181444,0.7240244117511646,0.0,35.89351076495077
7543,0.5035912070255678,0.6859904371995478,0.0,53.52097422433022
8448,0.4995690704952076,0.6940094111835409,0.8,61.35390114850148
314,0.46449630972441697,0.7668016653789264,0.0,22.045547879644133
14639,0.4828403717152368,0.7280691732977201,0.0,8.008760906274922
17778,0.4461745926305964,0.8070449402665377,0.0,60.29836283515965
18486,0.5055509020982406,0.6821065490565661,0.0,35.27173097875033
4715,0.508568620054709,0.6761551265709587,0.0,50.11999746740875
1273,0.47081382497644747,0.7532925391663909,0.0,11.698632213707484
10791,0.47403697848931264,0.7464699466394372,0.0,46.38564202856553
20358,0.5054879252846892,0.6822311274840748,0.0,4.243477632469734
17150,0.5102267143514148,0.6729001140975344,0.0,7.042909394585088
11998,0.5340361823880045,0.6272916850364557,0.2,3.5520455376893993
13873,0.5362300936922296,0.6231919307487751,0.0,10.650350191588108
5820,0.5169470909717769,0.6598147482565402,0.0,46.65220298363556
6841,0.5290940794383431,0.6365890190073795,0.0,44.04782261694876
8905,0.4985019923067157,0.6961476929849892,0.8,32.729383360794436
16504,0.5094348390151753,0.6744533265194852,0.0,4.726231640560676
3023,0.4748791945131686,0.7446948346348762,0.0,70.8577146518226
12661,0.32789977597749725,1.115047278335497,0.0,8.149880308520432
18591,0.4680254009773278,0.7592327089447762,0.0,15.883148329049579
10651,0.4862973115458189,0.720935089973821,0.0,5.688538205056799
9422,0.5240298027809822,0.6462067207422213,0.8,17.25695042811936
134,0.4649421744118409,0.76584223723121,0.0,17.154867282561625
18023,0.5536024485687934,0.591308451695696,0.0,7.132524973499118
2636,0.5164651755104012,0.6607474166831497,0.0,14.019408767173974
8457,0.4038451160952221,0.9067238505302798,0.0,44.95083212293703
4066,0.48653455232987286,0.7204473576172516,0.0,50.80955099527209
2335,0.4052297926457348,0.9033009835312891,0.0,27.42421927279605
2427,0.4511995946854131,0.7958454771022971,0.0,71.66588764178951
13171,0.43501735939500485,0.8323693420345187,0.0,11.557864063812833
7604,0.46546343853112077,0.7647217277102708,0.8,55.147905760204324
555,0.5103481688886178,0.6726621020912212,0.0,23.751699107101274
15241,0.4875948673993669,0.7182704076827457,0.2,11.234826236531664
18910,0.4819180152165447,0.7299812723107096,0.0,18.176533402070916
454,0.46839199770545614,0.7584497317224977,0.0,55.18859715912268
216,0.47026875360752773,0.7544509315163828,0.0,54.17334936777401
17074,0.47704638760509815,0.7401415441741346,0.0,62.98974295471389
19783,0.4689905803046866,0.7571725953757517,0.0,19.614555158925896
8722,0.45236021551685596,0.7932764795513766,0.0,37.55370866300656
3556,0.47068916866971566,0.7535573419515154,0.8,54.32018030467264
6868,0.5254132569440229,0.6435701699515285,0.0,17.66278311791767
8390,0.49208811467533914,0.7090974836568249,0.0,19.7944569054784
6878,0.5041813519862597,0.6848192502628286,0.0,53.42959821899126
11664,0.5510362801218656,0.5959546278555361,0.2,6.752255260641855
3384,0.4707290683980184,0.7534725768030285,0.0,18.384732023701815
6364,0.4991025575213693,0.6949436782532844,0.2,51.460581495455514
4840,0.4498903769313181,0.7987513327140257,0.0,53.07303205842387
12558,0.5088598606602746,0.6755826232077432,0.8,6.413981396385738
1994,0.5201736086797852,0.6535926602807216,0.2,20.787514759689
13604,0.5459999908323842,0.6051363200277373,0.2,7.937875862636793
20394,0.42389967603710427,0.8582584648675171,0.0,28.837483109950085
19293,0.5039271644036026,0.6853235364262946,0.8,15.274147272380311
14499,0.5039356042624017,0.685306788394595,0.0,7.891461490123669
15635,0.5930764647228475,0.5224319427274511,0.0,8.10866563701277
18688,0.5287827965041889,0.6371775240597486,0.0,20.42090233247508
10858,0.4568678358277949,0.7833611294157153,0.0,14.4690717348964
3233,0.5364555574085059,0.6227715583510178,0.0,16.99138704254807
7266,0.47110087028898257,0.7526830459227587,0.0,40.054025532371966
3945,0.4928386922519814,0.7075733547232623,0.0,48.86855547143612
2280,0.4706393555526544,0.7536631777268604,0.8,59.61475620819592
16122,0.5269723352348662,0.6406072266291761,0.0,9.077404144744548
14019,0.5191360938685032,0.6555892069373785,0.0,14.750757156091016
4916,0.5434766748440915,0.6097684899120241,0.0,15.25488314985242
8074,0.5051562731008618,0.6828874458921996,0.0,54.306625176580724
4162,0.4644834400629874,0.7668293724660471,0.0,26.90803987162056
17565,0.5276922064577224,0.6392421075677276,0.0,15.971783893222788
16169,0.4499909760149173,0.7985277497190255,0.0,26.131820914169275
7137,0.5087193718282516,0.6758587468321848,0.0,55.89351630046447
10740,0.42820172081214863,0.8481608841233997,0.0,6.716585763122181
1723,0.5434434931400691,0.6098295462895026,0.0,17.212438013495166
11660,0.42048399225503064,0.8663488686527762,0.0,6.356964828617295
14876,0.2480683322586569,1.3940510374684476,0.0,22.097799403556706
16514,0.515913099876125,0.6618169387760958,0.0,6.599307709778037
19790,0.5017954735989971,0.6895626654193205,0.0,25.263162181281174
7995,0.47195955340777807,0.7508619890010186,0.0,55.56378718607539
12684,0.5385000868921456,0.618967621026105,0.8,6.051646695223727
8274,0.4890576903504755,0.7152748202890653,0.2,53.45248699277503
12964,0.5030567703977941,0.6870522516371116,0.0,11.286207369093589
4514,0.5057647522419336,0.6816836343197821,0.0,22.25185798127515
19208,0.5311051036571484,0.6327953420026134,0.0,54.81589408705373
7280,0.4929886777770244,0.7072690711726934,0.0,29.298618035707953
12611,0.3607153338798112,1.0196661805267948,0.0,6.412094269383524
6170,0.43942205221866654,0.8222949331751948,0.0,60.87038368301628
20579,0.5372781036716463,0.6212394345965723,0.0,9.666795423403757
8450,0.5141219456485187,0.6652947933224882,0.0,60.1326713156761
2698,0.5377895276805649,0.6202880078535788,0.0,16.474847974216033
17401,0.4611639267950785,0.774001709615302,0.0,13.021805040110568
11589,0.4406044307423159,0.8196077885084972,0.0,10.996678329982737
11403,0.5088241851257794,0.6756527344267556,0.0,8.42876811971484
20399,0.413939260680223,0.8820360292530711,0.0,30.8933141116441
12406,0.46409419425498005,0.7676677424987093,0.8,11.992505274182275
11794,0.46112585361232405,0.7740842719153186,0.2,13.363017164044981
2574,0.470943869900132,0.7530163642538449,0.0,49.059017280149774
15316,0.49548864030646955,0.7022108511934203,0.2,11.38985952418735
9870,0.4658110776115762,0.7639751399091937,0.0,55.884785564424945
8726,0.5090140037949995,0.6752797504426865,0.8,47.74227629550768
19860,0.5060506347517114,0.6811185460219362,0.0,3.8898679929469284
18309,0.468030165783057,0.7592225283403368,0.0,19.303232203812243
13043,0.3463600544449628,1.0602764252107173,0.0,98.41485341985452
16631,0.533535089699144,0.6282304377713063,0.0,4.158037361552061
16388,0.5499116518452627,0.5979976466670972,0.0,9.191224331132881
6789,0.48709260887920675,0.719301012008419,0.0,56.21337518602419
10959,0.40971140428225467,0.8923022591265668,0.0,15.389537257176087
18603,0.6312041805435727,0.46012588630451473,0.2,14.163365125498867
16108,0.5113772385334956,0.6706477252628192,0.0,5.485898437420428
1317,0.46891364605141544,0.7573366510464306,0.0,43.0167240906453
8989,0.5688559366831847,0.5641280637615405,0.0,11.09639932622628
20834,0.648747376161525,0.43271188896258744,0.0,6.653594519922386
17333,0.5159805501696838,0.661686207680596,0.0,21.266595573059426
7519,0.4927423537615912,0.7077688505499865,0.0,20.748244231862202
14908,0.538339191313056,0.6192664503566159,0.2,7.682619372878229
15321,0.5204206598690839,0.6531178331527865,0.2,6.140450645147487
11570,0.3837566566626812,0.9577466338789126,0.0,14.845071911744778
16446,0.350146762864125,1.0494028899208467,0.0,2.2142507148488737
8259,0.5279892976320009,0.6386792651176695,0.0,51.50629084596265
14916,0.4984522299893209,0.6962475216758623,0.0,3.4692968494413066
19465,0.4124789076872087,0.8855702073942258,0.0,28.347102541380103
14571,0.5532955644869572,0.5918629455805517,0.0,18.222572765109078
19256,0.5059983236606793,0.681221922623718,0.0,12.786874924016253
2886,0.5121157515269301,0.6692046022931932,0.0,48.02546787512094
8151,0.4668024728316056,0.7618490811724443,0.0,57.580554950000675
4017,0.4526320520997123,0.7926757305709511,0.0,38.44477293269113
11821,0.45722739222646747,0.7825744358499221,0.8,13.100295877010623
12131,0.49918380704048904,0.6947809002725698,0.0,6.210993757272243
9006,0.4125793885072473,0.8853266347376053,0.0,69.20597466185093
17143,0.4085853057658741,0.8950545596391248,0.0,12.03848365642812
820,0.5007475582120059,0.6916531807096943,0.0,56.02390763748524
2644,0.5104718646032809,0.6724197563080073,0.0,14.120814882468153
12789,0.4539388863790915,0.7897927015015286,0.0,7.07219890226208
19547,0.40426274038009696,0.905690264929775,0.0,18.663559607261817
20804,0.5333589456515196,0.6285606374788468,0.0,3.9765888346456273
13486,0.4630728658528665,0.769870859626487,0.0,11.625435732226913
19144,0.49380237152049894,0.7056198994894374,0.0,12.050928635145562
15845,0.3561641596553557,1.0323635317870696,0.0,18.060682495443494
8706,0.501445062619978,0.6902612237024404,0.0,22.149103009833034
13265,0.4245301415275852,0.8567722709750468,0.2,11.665382832582463
2286,0.4871161826809356,0.7192526162190612,0.2,53.602302321217934
5404,0.4823614126153841,0.7290616272010207,0.0,56.93971197193996
13562,0.5022973311995585,0.6885630414005982,0.0,14.597881095425805
14453,0.5535535893105085,0.5913967125309262,0.0,4.2338091586328765
20984,0.573503173743705,0.555991808437257,0.0,1.9418012955248007
12184,0.4742143398983149,0.7460958656175999,0.0,14.870062960928148
9262,0.4712729428329449,0.7523178563483485,0.0,54.96434074809683
5216,0.4933118970254139,0.7066136538116629,0.8,44.725109924160954
9448,0.5267754558431128,0.6409809012327411,0.0,55.188454618079774
3571,0.42035476585889053,0.866656243630227,0.8,94.38753466755799
10077,0.47403697848931264,0.7464699466394372,0.0,46.38564202856553
1249,0.5043542505147924,0.6844763798082848,0.0,49.33192534593191
5865,0.3933240677809809,0.9331214069570264,0.0,95.86329570443417
8212,0.538268075508083,0.6193985613078755,0.8,16.172496813799505
105,0.4595288829194957,0.777553481883277,0.0,66.674433945132
2790,0.507870515566023,0.6775287545118547,0.0,33.10066699152861
5802,0.49335154315983054,0.7065332897628428,0.0,44.26784510283412
5000,0.4728408894579207,0.7489963330046979,0.8,62.29777228342117
13403,0.5079663413309399,0.6773400908213212,0.0,10.227835952767613
11680,0.4975472176792045,0.6980648169792012,0.0,4.969610446521162
3631,0.4911749292571268,0.7109549432377582,0.0,69.49584570149086
15526,0.5498125737239246,0.5981778338800413,0.0,6.613453700104807
11992,0.5661451915791285,0.5689047114505458,0.0,9.722581334222891
8845,0.5110351474716032,0.671316909398968,0.0,20.150248854450098
308,0.4649421744118409,0.76584223723121,0.0,17.154867282561625
11538,0.42272838237127336,0.8610254282382482,0.8,6.472328314863582
12605,0.4962064058017667,0.7007632980903805,0.0,4.159065136278778
18799,0.4756197159645592,0.743136660095055,0.0,18.894249015948496
3301,0.5039823856903367,0.6852139605486096,0.0,30.18024763769928
344,0.4699005257288292,0.7552342540639713,0.0,50.75929640519194
7116,0.46730669432454164,0.7607695038390089,0.8,63.39111658570114
15903,0.554943454781975,0.5888890537018767,0.0,6.885290764214373
17192,0.5022973311995585,0.6885630414005982,0.0,14.597881095425805
434,0.4753342276390947,0.7437370852491049,0.0,56.259989316992524
10902,0.5252159302866682,0.6439458051653093,0.0,6.108469640044169
8662,0.5073768433594049,0.6785012706995348,0.0,49.259189923336976
18566,0.5094940086457675,0.6743371856706034,0.0,25.817336033883958
16029,0.5994049743947157,0.511817825177194,0.0,2.9685432395954705
7219,0.4829378159336548,0.7278673790969505,0.0,55.99483491946221
20300,0.5698132029177657,0.5624466860429259,0.0,24.42987258067747
13075,0.44990776106401537,0.798712692641402,0.0,8.355733158557246
2206,0.4217830545814852,0.8632641858044782,0.0,75.10398416498961
8941,0.5080065303303772,0.6772609765052222,0.0,32.90303170109043
9369,0.47080204811113113,0.7533175533269495,0.0,9.23943933176649
10056,0.5428708352443851,0.6108838598224591,0.0,17.104748075028855
12927,0.5028632646444617,0.6874369855105374,0.0,10.278902089654569
21098,0.5724973887783934,0.5577471046499198,0.2,1.947931667246209
20737,0.44230831134665716,0.8157481030869017,0.0,8.916126626707392
18827,0.5088898305434826,0.6755237287988808,0.2,31.364567578515146
9276,0.5131892410465038,0.6671106109060406,0.0,27.721779094961505
18506,0.4905766019260458,0.712173841067107,0.0,7.3553313096467035
15565,0.5140920419629649,0.665352959591227,0.0,6.762647504128312
7226,0.4619053938724186,0.7723951840376208,0.0,13.632776176845525
6839,0.5007239221770632,0.6917003833218703,0.0,52.15420731929248
6284,0.5053947731827709,0.6824154260230115,0.0,20.083485545311827
7812,0.46842783282593337,0.7583732279608846,0.0,29.65997740842448
3641,0.5176716634382159,0.65841409205964,0.0,43.90634212154082
19643,0.3934199574116866,0.9328776437300809,0.0,59.75081592782831
4450,0.5030104332834471,0.6871443669833036,0.0,37.18997063507916
2268,0.4526828767497753,0.7925634499744497,0.0,38.43932732376081
5455,0.5502258463940953,0.5974264552335212,0.8,42.19652972040344
14130,0.4196953052382146,0.8682262946994025,0.2,13.536082355528938
1100,0.4957597102193059,0.7016639248465575,0.0,33.300974584096025
8549,0.4977922205912663,0.6975725167495714,0.0,52.46478226280885
21146,0.4718979759555781,0.7509924693974168,0.0,10.293102673833447
17316,0.35897280024877265,1.0245086586879484,0.0,80.50076472985324
10769,0.5150667061744802,0.6634588601538517,0.0,6.704251478147306
10936,0.5118852023798849,0.6696548931841562,0.0,6.124328788575005
20711,0.5238140160406444,0.646618588884233,0.0,4.171336500858935
18222,0.4669512569213493,0.7615304016614297,0.0,22.816973813239535
10156,0.5308524449752249,0.6332711777589788,0.0,10.334985427767508
14962,0.4562819687729283,0.784644307996717,0.0,14.442946705736954
327,0.4565238107241412,0.7841144209992774,0.8,58.95219011630702
2274,0.4959532597351345,0.7012735911025209,0.0,27.134029172775293
15551,0.5136264019238637,0.6662591223126096,0.0,8.282933356488037
2292,0.4823246692688535,0.7291378039951891,0.2,53.97442983475986
14551,0.4480143385943139,0.802930041288447,0.0,12.686695667126656
4002,0.4789587647452938,0.7361407714035804,0.0,55.96951487944788
19199,0.51297496140452,0.6675282431808489,0.2,7.536393521745332
17537,0.4353403493461279,0.8316271415284369,0.0,7.268420828338829
16675,0.4975962754347707,0.6979662226439212,0.0,9.07495705845636
18017,0.43043344044528,0.8429625769508973,0.0,28.174758938256907
14986,0.5496689017460272,0.5984391788538684,0.0,18.147638307364456
11289,0.40133284188380736,0.9129641663242384,0.0,15.605296871109854
17540,0.4353403493461279,0.8316271415284369,0.0,7.268420828338829
17729,0.5771877523916785,0.5495876713101834,0.2,12.598748183837698
9788,0.4995167853036838,0.6941140772465585,0.0,47.199757252765984
5356,0.45751409434627016,0.7819475874268449,0.0,53.42696026654323
15069,0.408801325848379,0.8945259968288728,0.2,19.845059188463356
21141,0.5192002357187899,0.6554656595885272,0.2,8.908105966624982
19844,0.4475063128081425,0.8040646345328895,0.0,4.592013100211964
9225,0.488993136589213,0.7154068252106465,0.0,49.398842099513274
13292,0.47607786009760955,0.7421738664934645,0.0,6.505895960798605
3510,0.4316051533321217,0.8402441056042826,0.0,71.35353111465967
18638,0.5263830331576828,0.6417261313337944,0.8,32.450164920853325
13985,0.5137046153308886,0.6661068570624372,0.2,23.595503421330363
3413,0.500798558147053,0.691551338299728,0.8,47.73778803865135
13330,0.42510261597784016,0.8554246898423018,0.0,13.821524654550029
16043,0.5737088975757108,0.5556331583857903,0.2,3.4105176641903525
12150,0.47689030926048576,0.740468774160187,0.8,6.609794749812702
5625,0.43232872733970057,0.838569037192327,0.0,25.945743113608252
12777,0.41849384317125266,0.8710931008185243,0.2,27.439433506522633
3686,0.42554632421568694,0.8543814668225047,0.0,71.30325753102574
7107,0.4647289049812978,0.7663010434456046,0.0,49.31913562387216
6489,0.5170916236199291,0.6595351984736281,0.0,20.221349713546132
12961,0.455459868822231,0.7864476697370592,0.0,14.354635761869098
4097,0.3886992625735622,0.9449493382866488,0.0,56.8330303488562
19197,0.4812653001187612,0.7313366014309438,0.0,25.536081373166404
6207,0.5101746508424427,0.6730021592550441,0.8,16.858703575878955
4079,0.46490015822258945,0.7659326099488319,0.8,19.040318725882702
9349,0.4568744255617284,0.7833467057993149,0.0,36.930877815265816
19613,0.47708314449878264,0.7400644961581873,0.8,3.9260422015238183
4994,0.4864027223940823,0.7207183513185358,0.8,52.33135992913045
11318,0.3789668190747857,0.9703066263476556,0.0,7.833770468237137
15521,0.5120692916912649,0.6692953277651277,0.0,5.729502431208537
14518,0.5444324241257609,0.6080114505997217,0.0,8.217274963599404
11979,0.4939742220557328,0.7052719452291616,0.0,4.741225939748411
2642,0.4597195701850228,0.7771386054315012,0.0,47.01688562860583
17692,0.5011804570400282,0.6907890490587764,0.0,11.627362438494107
14607,0.5526653174944525,0.5930026731622339,0.0,7.193715453014443
18364,0.4684261994043889,0.7583767149961927,0.0,27.00048667002968
4235,0.4792886311694789,0.7354522927526157,0.2,56.48641076377902
10679,0.4866879487261798,0.7201321236447309,0.0,48.691734748956335
11567,0.46225927132520667,0.7716293519658911,0.0,5.941545862960743
17918,0.4923039859147139,0.7086588957349881,0.0,21.98684956363408
19212,0.48570227324632603,0.7221594492907092,0.2,33.63277111738073
17374,0.4424129285751952,0.8155116054777002,0.2,28.887866319133458
6975,0.4720168776943311,0.7507405362089049,0.0,39.66912432013671
10684,0.48336265557525787,0.7269880673683469,0.0,21.845990869770944
9632,0.4796039379013764,0.7347946450589492,0.0,45.15680345452778
13410,0.47685642055546873,0.7405398385297347,0.0,9.564072339479083
15477,0.5611272236910627,0.57780761897221,0.2,8.187533729399295
5615,0.4539139094009541,0.7898477257923824,0.0,58.59090454032132
3160,0.44456510106332864,0.8106587756671587,0.0,68.91004699904599
2563,0.47684430998796573,0.7405652355271697,0.8,51.0990012513747
11654,0.4694881656504734,0.7561121869337749,0.0,5.681427106742152
15964,0.5287799494304778,0.6371829082768498,0.0,10.36174089822801
10474,0.4744260557737666,0.7456495091690811,0.0,23.972631435343246
16210,0.5292015549100673,0.6363859085180127,0.0,6.6881930066321065
593,0.5088930549328926,0.6755173926942831,0.0,19.204959680450017
13277,0.4274289976223269,0.8499670918325207,0.0,6.704624731647693
8647,0.4423588087037888,0.8156339418254691,0.0,71.81901662455196
10164,0.44769760075318754,0.8036372727998616,0.2,8.45587125257793
20364,0.494940281919852,0.7033181662775064,0.0,4.293863059533158
19417,0.40994041856718333,0.8917434504116859,0.8,18.217427710448145
6970,0.48272932540868674,0.7282991852945142,0.0,21.280903083342793
19567,0.5510008455564469,0.5960189352451969,0.0,4.348851999588721
14289,0.43154342156133535,0.8403871441788391,0.0,26.934408932678554
1891,0.509979748244716,0.6733842633762879,0.0,20.64259248741928
2134,0.4158871207805956,0.8773413998188075,0.0,59.62411738166429
7923,0.5080786721837647,0.6771189768907604,0.0,51.49490025894546
6576,0.41735303930164885,0.8738227983310551,0.0,69.07569154139603
3867,0.40211530272421664,0.9110164087918258,0.0,32.106496064866064
6942,0.49391445639884,0.7053929419735706,0.0,48.19915120479864
7029,0.4982950790249112,0.6965628492705108,0.0,52.99798374902447
11078,0.49138449432262865,0.7105283734779037,0.0,4.764447928397789
3698,0.39686718249508596,0.9241536071793593,0.8,72.26880573576668
1171,0.5104718646032809,0.6724197563080073,0.0,14.120814882468153
15261,0.549789145521319,0.5982204460407884,0.0,9.964856669159051
11239,0.48207739329902505,0.729650610810614,0.0,56.1447891506554
21214,0.5156134025413348,0.662398014187189,0.0,10.25392095639594
17892,0.4957481814215643,0.7016871799267023,0.8,29.804163235059093
9882,0.46419804987367635,0.7674439861982846,0.0,51.45711868908168
3316,0.46554872469348924,0.7645385160059003,0.2,21.254169432546686
4237,0.4931050780434487,0.7070329876029965,0.2,61.345714040718505
20648,0.4715664908454247,0.7516951670303601,0.0,62.394458142252105
20990,0.46978284228376205,0.7554847287444613,0.0,12.142717603337426
19792,0.5419775011769001,0.6125307891478123,0.0,20.397274811298246
1935,0.4708748466579761,0.7531629386233407,0.0,53.9791864320523
8517,0.504134032219095,0.6849131093230804,0.0,32.892953120335406
397,0.5106738009737255,0.6720242468721173,0.0,14.112509184314465
19549,0.5681654358330974,0.565342642399486,0.2,17.922774236459176
8421,0.4204101289574118,0.8665245466506252,0.0,74.5029173813356
19082,0.5088750153405642,0.6755528420129583,0.0,24.749891294391134
11526,0.44444351872507837,0.8109322990870717,0.8,5.848038410978711
12851,0.5106645607154772,0.6720423412835194,0.0,7.534099067217202
17363,0.4817750428661233,0.7302779899227567,0.0,4.049026397307513
14415,0.5036851225648429,0.6858039629684192,0.0,5.215539314963907
1218,0.5060782616444858,0.6810639543728298,0.0,49.07065739295183
19296,0.5053399125539311,0.6825239819668569,0.2,18.585126414711645
14985,0.5396304798452459,0.6168706702444664,0.0,18.39785994476965
12786,0.40133284188380736,0.9129641663242384,0.0,15.605296871109854
14828,0.48476950622596815,0.7240817459042119,0.0,11.28227907193845
16120,0.5320415928564838,0.631033610635491,0.0,8.941745709048405
6173,0.480784657669118,0.7323358062762685,0.8,50.007550419829414
10895,0.5286409377744132,0.6374458341534756,0.0,6.106412342740759
15919,0.5433009507943326,0.6100918753906073,0.0,5.966515975031515
3998,0.40478475787984863,0.9043998151766625,0.0,82.069760262203
17879,0.47681400024693926,0.7406288007280627,0.8,15.301391263190123
12745,0.5385000868921456,0.618967621026105,0.0,6.051646695223727
13304,0.49174810240313666,0.7097886805854132,0.0,11.356973927211238
1757,0.5164558720056251,0.6607654306539147,0.0,20.498594967512247
9329,0.4712148578739252,0.7524411151513795,0.0,24.774499156185605
18664,0.5383886736778212,0.6191745378754608,0.0,3.58789985789545
16247,0.3712725731757398,0.9908187875466894,0.0,7.700643926746116
3927,0.42092122647897307,0.865309573308361,0.0,33.37931414965476
12712,0.3938463976474852,0.931794299383494,0.0,6.941867796995517
5411,0.46431030552357305,0.7672021883732222,0.0,58.73316083839946
54,0.42324114634691196,0.8598131764466026,0.0,69.70935721632067
8197,0.5371068968956075,0.6215581411633944,0.0,17.900874584058563
7144,0.5047727379395747,0.6836469748799449,0.0,53.63210830881917
15254,0.5392211747415872,0.6176294494919312,0.0,8.735133087406002
11899,0.4985028672759304,0.696145937789503,0.2,5.162200440761492
2801,0.4507322456710403,0.7968818060914477,0.0,35.976427206743566
19391,0.48242160108266996,0.7289368562079387,0.0,52.26841304776663
10813,0.5218890166587491,0.6503003254694322,0.0,44.47078666571962
4501,0.4609867996516571,0.7743858705567184,0.0,69.81088445825957
1166,0.46956711520365707,0.7559440401697253,0.8,52.7025334651449
19186,0.4512622350649012,0.7957066559853839,0.8,18.951744128838286
9007,0.4076222169525511,0.897414472365937,0.0,71.83803125158488
4754,0.49480312999321946,0.7035953127093182,0.0,52.30175692608641
10362,0.540256494976603,0.6157112614987762,0.0,16.3871550838648
11245,0.4730308482385092,0.7485946743535895,0.0,21.843992112175194
14515,0.4902389343102104,0.7128623856847253,0.0,9.06974850833764
305,0.464154841982569,0.7675370712557397,0.0,22.066690798602522
11296,0.5323355062595294,0.6304813375534035,0.0,17.013538076146144
4323,0.5037198092040792,0.6857350996183279,0.0,47.21971937825755
9614,0.5161313080059524,0.661394072993553,0.0,14.319181428008608
20229,0.5752750208842847,0.5529070553423673,0.0,2.4654125550259764
4240,0.4958840474757832,0.70141315483734,0.0,36.88205218395821
20046,0.5582201631475031,0.5830018368061997,0.0,7.202987565862005
10699,0.3979767183580414,0.9213617719965272,0.0,89.3905160261528
8329,0.5104718646032809,0.6724197563080073,0.8,14.120814882468153
6641,0.49765571611478454,0.6978467741412521,0.0,44.937840678200644
17139,0.4663250950115749,0.7628722593061289,0.0,10.611934237143714
17047,0.4589295338009236,0.7788586018380523,0.0,12.464074221555455
20710,0.5363470614504323,0.6229738247447351,0.0,4.032945529714227
4100,0.4043561964997993,0.9054591149631935,0.0,62.96563113756545
9898,0.44515834972600765,0.8093252180317587,0.0,49.69256653475156
17743,0.44983248000348314,0.798880032185132,0.0,37.547361512701215
8918,0.5022429951088221,0.6886712224051162,0.8,47.53897364196207
10500,0.48366913436281794,0.7263542127194921,0.0,11.277374830602405
1775,0.5044835169951615,0.6842201116842325,0.0,50.97097909918356
14635,0.5617120325990842,0.5767659579194375,0.2,9.998237902535324
7454,0.4461319447152057,0.8071405305455243,0.0,60.632392713463915
11985,0.5471793422612468,0.6029786651019681,0.2,1.3039473257836105
13960,0.40133284188380736,0.9129641663242384,0.0,15.605296871109854
7750,0.4158871207805956,0.8773413998188075,0.0,59.62411738166429
4879,0.48663714393955615,0.7202365179258455,0.8,50.16447457252885
19778,0.47462869798765106,0.7452224690722672,0.0,15.558382496047994
10594,0.43976154487084834,0.8215226424496185,0.0,21.988053023746414
7642,0.3586489569191548,1.0254112047670392,0.8,45.16936669929473
6379,0.5042833987240025,0.6846168698860842,0.2,21.517508429448114
7388,0.5372338082875913,0.6213218820475258,0.0,16.555123016652356
14845,0.5223164812575043,0.649481588882646,0.0,19.75073563821215
1652,0.464154841982569,0.7675370712557397,0.0,22.066690798602522
3944,0.4928944681536511,0.7074601883939359,0.2,47.87382965321934
8803,0.5347880739648166,0.625884733993991,0.0,15.35295295463354
13723,0.4557408905486751,0.785830853448302,0.0,12.172520489478488
16808,0.45711669532856736,0.7828165698560312,0.2,2.6279153130998396
20995,0.4512782703383267,0.7956711223482095,0.0,13.785000525298278
12775,0.48598735253313546,0.7215726790146344,0.0,11.896568062511204
6753,0.5185362542010551,0.6567453324434258,0.2,18.424989249480767
3522,0.47099789102822237,0.7529016626228302,0.0,27.394328602903144
14746,0.517356529507939,0.6590230299458973,0.2,23.223642093946133
8695,0.5134647817536989,0.6665738366711148,0.0,24.66323195683125
10172,0.5040845581082114,0.685011250959027,0.0,54.381328595021316
15778,0.567153148514786,0.5671259085250064,0.2,3.3525645924450638
2499,0.5068692572633517,0.6795021838666994,0.0,50.419062561328126
10107,0.45341168205318116,0.7909547757947095,0.8,68.35431631040339
11067,0.49904691142669905,0.6950551767742154,0.0,9.562568719043043
4,0.49877461837061793,0.6956009518546458,0.0,21.299301066184036
11327,0.5184817877650982,0.656850376779788,0.0,5.463254266070999
10938,0.5149466988772233,0.6636918810003987,0.0,6.448098230605822
16754,0.4817849229522408,0.730257482457797,0.0,5.685054737719403
12181,0.5167709284710562,0.6601555810544846,0.0,6.219655785499331
18765,0.4588146543447109,0.7791089536426109,0.0,24.563358397866207
9437,0.49912013313590575,0.6949084644383655,0.0,42.74729641665301
9868,0.465181487812292,0.7653276531700763,0.0,51.48741611532091
20922,0.5561737484832476,0.5866745362766292,0.2,18.497846293653804
6743,0.49899899861648367,0.6951511900132258,0.0,55.2401867686813
5201,0.5234186428639137,0.6473736707510063,0.0,48.06425872820607
1313,0.5010215292522915,0.6911062062611022,0.2,47.886749664558394
7855,0.5048646258581382,0.6834649532509679,0.0,15.93156899887634
20464,0.45170026878253045,0.7947364412751972,0.0,26.166698238489545
17721,0.43955007838713955,0.8220036243499874,0.0,14.479182878741192
10269,0.5127063511832912,0.6680520125506776,0.0,8.031321026026339
17044,0.5702833774156212,0.5616218883325905,0.2,42.694496208133636
7811,0.45977874294516685,0.7770098988109869,0.0,21.375541753119315
10126,0.44190777864752484,0.8166540642677942,0.0,63.51853903168211
7651,0.505278631203006,0.6826452569056135,0.0,33.34039445143356
4670,0.46662132031704273,0.762237227517474,0.0,69.38264479785977
6849,0.5066695374483418,0.6798962878095125,0.0,19.900563358617
8435,0.5178910615331,0.6579903647607014,0.0,50.29020377946313
18116,0.512392883798299,0.6686635970374586,0.0,20.86230473771855
4778,0.4759907027773657,0.7423569569217928,0.0,52.36957016675169
14248,0.5265028584787905,0.6414985182133662,0.0,7.179010060482456
18523,0.4669512569213493,0.7615304016614297,0.0,22.816973813239535
10693,0.4443271720400067,0.8111941139442562,0.0,67.53190998585933
8325,0.49237978285119804,0.708504943899814,0.8,56.04982924708326
11453,0.42621175152748597,0.8528189868974474,0.0,9.59719845603744
733,0.5430017644829326,0.6106427095453181,0.0,18.276537647753276
10227,0.5122910588768573,0.6688623410941108,0.0,44.85391078806739
7963,0.4217830545814852,0.8632641858044782,0.0,75.10398416498961
4742,0.4922987829410643,0.7086694644106292,0.0,50.31553467651413
12880,0.48797804529719796,0.7174848632861179,0.0,8.681925322705878
12279,0.4117011260779639,0.8874576150194335,0.8,12.905852594933407
15800,0.5031355117599784,0.6868957380884761,0.2,5.569007412727012
11219,0.4871773464952696,0.7191270610088853,0.2,27.841004276689084
7233,0.40230473577080295,0.9105454283561757,0.0,64.0067892190389
5303,0.49658050621907246,0.700009661170952,0.0,54.97875942924455
8291,0.4563552375114758,0.7844837431234019,0.0,44.94699163325469
20500,0.5576558884380212,0.5840131942177639,0.0,15.75959584546134
3688,0.4940470348688423,0.7051245540415105,0.0,39.64915066113703
10230,0.43968267474871975,0.821702006008058,0.0,6.515316656852978
13413,0.5913303080191217,0.5253805208832314,0.0,8.532179538893619
13861,0.45877739654125416,0.7791901614155886,0.0,10.231546042244213
9109,0.5459536014622675,0.6052212858549886,0.0,17.433399323751825
5372,0.4581302368998629,0.7806017752472376,0.0,57.54596531298911
7466,0.41900499664324664,0.8698724339682237,0.2,69.01349892067395
8236,0.45259677579099833,0.7927536695575254,0.0,70.89992250144351
20205,0.5667589718325048,0.567821159402188,0.0,11.14065162400541
443,0.46730323821300135,0.7607768996763952,0.2,58.013040395287355
14263,0.5516305202682211,0.5948768041581636,0.2,9.205717352978247
20498,0.5655596038315986,0.5699395887474642,0.2,15.379819606677092
15460,0.46270345458349704,0.7706689169559329,0.0,5.66634318251981
8490,0.5395876447029011,0.6169500520513375,0.0,16.995433112179484
4194,0.47116738444875894,0.7525418671033463,0.0,40.2120785728457
17133,0.5148609904576001,0.663858336195303,0.0,9.65581923405673
15096,0.4483680534905675,0.8021408358829503,0.0,15.424165399089194
15417,0.4533974142126759,0.7909862440289062,0.0,8.213601396368635
9064,0.4309697073965402,0.8417174758112416,0.0,56.12572154396538
20407,0.4893750544986098,0.7146261008733775,0.0,23.382565529882115
11269,0.4941423982770127,0.7049315477104009,0.0,8.84315505735508
10459,0.45518454793367197,0.7870523424103483,0.0,9.523333268106054
20526,0.4075913918325797,0.8974900970111929,0.0,25.683472914738058
5106,0.46449630972441697,0.7668016653789264,0.0,22.045547879644133
18519,0.4183777890609778,0.8713704530588178,0.0,28.502527552794078
8238,0.45990867841848165,0.7767273343849417,0.0,71.8472784306071
7111,0.45615506445237686,0.7849224736492468,0.0,59.65410799734276
16199,0.5140373717639166,0.6654593084581495,0.0,7.032407115753865
14354,0.2998319520025906,1.2045331212655221,0.0,42.4507588937945
17703,0.5334477925659784,0.6283940713868241,0.0,7.231873232880727
21036,0.5683627531618382,0.5649954141782525,0.0,25.998263638566453
18853,0.5397671876154458,0.6166173664342914,0.2,30.263580297550853
1726,0.5413227889610098,0.6137395256386343,0.0,16.58017291053083
20782,0.4566977042051478,0.7837335857248877,0.0,22.43358984088031
13221,0.5009164763218121,0.6913159057241026,0.0,4.5558064545337436
11344,0.41737045666759975,0.8737810662699893,0.2,8.973732367229301
5484,0.43278967865780027,0.837503399567408,0.0,51.12958509944781
11333,0.4539223697563646,0.7898290872876101,0.8,13.579137803440576
5260,0.5061258669920957,0.6809698916313369,0.2,18.435556897627514
17208,0.4825648167526395,0.7286400319866355,0.0,8.393933502030979
13548,0.5210538855478682,0.6519018154217723,0.0,7.495567168218244
12584,0.48860021660688785,0.7162106768370892,0.2,12.62930001649452
2677,0.4757999350142947,0.7427578176952675,0.8,54.86380745075526
977,0.4430733149161352,0.8140200262053395,0.0,52.15833380015512
7332,0.4296113377230685,0.8448743447878029,0.0,70.27073738559449
14712,0.5154542321077857,0.6627067629626613,0.0,14.029502222480055
14199,0.37253640886234196,0.987420504026625,0.0,34.78682390485276
10908,0.5012679614012207,0.6906144677839597,0.0,6.4082116768639406
17187,0.460150029149075,0.7762026923503754,0.2,14.334329069634208
13227,0.5482327383683049,0.6010553771441336,0.0,8.263561768281807
16458,0.4466059507017554,0.8060786152095081,0.0,11.278450658079226
12623,0.42246757505437416,0.8616425805634239,0.2,14.407094761736918
889,0.43386295904882766,0.8350265573055313,0.0,25.650345334988273
19693,0.4692209593868452,0.7566814927255654,0.0,24.06247089137082
11321,0.481110240780645,0.731658844324426,0.0,13.335945230782599
8062,0.49651881946599574,0.7001338919534339,0.0,36.16541800499783
8127,0.4885272273319406,0.7163600724467116,0.0,50.07357015710386
14313,0.6140770947851082,0.4876347971779207,0.8,14.931377666304948
8728,0.5044417206494056,0.6843029648912299,0.0,53.58434387464045
671,0.5373198838112726,0.6211616750248367,0.0,17.889456951578417
11250,0.3500715115269364,1.0496178267205003,0.0,6.233071554693247
14534,0.5168810398468924,0.6599425279580311,0.0,6.608763403162145
6340,0.47081382497644747,0.7532925391663909,0.0,11.698632213707484
6353,0.4679493346747537,0.7593952481669243,0.2,62.24762941923893
6449,0.4707290683980184,0.7534725768030285,0.0,18.384732023701815
20535,0.41295945759926267,0.8844058564588828,0.0,25.317885481211142
11462,0.39260223142673156,0.9349583134403617,0.0,10.748982098826257
13108,0.5359165151950996,0.6237768852754642,0.0,7.502476582831444
12229,0.4939143962735056,0.7053930637058611,0.0,7.620361080199579
7464,0.3635693971311351,1.0117850865270046,0.0,68.8519743662319
13284,0.4849960133815435,0.7236146079103059,0.0,5.139834333636507
16647,0.5190043188372783,0.6558430743917613,0.0,7.382169985604283
1430,0.4665910357983738,0.7623021313273756,0.0,29.348632056103966
18958,0.4756035895431299,0.7431705667946438,0.8,9.936190570180937
13542,0.5464655706614525,0.6042839730546785,0.0,9.312015356276074
10234,0.5141933742424283,0.6651558697984623,0.0,6.8111964302507095
12597,0.4493539539575049,0.7999443856341606,0.8,12.993497061711242
19116,0.5753213847695055,0.5528264642940761,0.0,10.237239744565667
20902,0.4931565618851991,0.7069285856071917,0.2,6.474758858945179
4115,0.5034405466990401,0.6862896538371454,0.2,44.84903044904981
17439,0.3943758335158074,0.9304509321781292,0.0,32.79141726123881
10432,0.504413152098277,0.6843596004924606,0.2,20.872968467676223
17551,0.54220358401868,0.612113731797995,0.0,21.164138632665235
1993,0.5202216349205753,0.6535003372119271,0.2,20.78457842445782
6925,0.4724450595162532,0.7498338149650138,0.8,39.0400965464134
7686,0.4802698942033799,0.7334070535097631,0.0,42.88341361798548
17997,0.5170938394397242,0.6595309133238668,0.2,20.196156085699208
20842,0.510192685855973,0.6729668092141647,0.0,14.159220998403217
12542,0.4977057085352914,0.6977463233515975,0.0,7.5157744328150855
17900,0.5245490458003691,0.645216345888617,0.0,9.25272523711708
19864,0.4521061451145892,0.7938382923948574,0.0,26.52610575302844
17334,0.5151106905161601,0.6633734683721102,0.8,19.606003060183234
11231,0.4393914210527616,0.8223646434535393,0.0,4.883546693096191
2868,0.49588098167199673,0.7014193373577886,0.0,51.23868473454839
20152,0.4612349304996862,0.7738477551644992,0.2,54.08421766013021
3534,0.5178146228094685,0.6581379717979627,0.8,50.21592674606513
6873,0.5206556965063988,0.6526663069225178,0.0,18.646677434460575
8279,0.4951282075209063,0.7029385448567352,0.0,43.07256040869555
9066,0.45443056717945957,0.788710144516681,0.2,67.37950788675529
13005,0.41759152218196693,0.8732515439081754,0.0,18.056658599289882
628,0.4901515982638882,0.7130405515148743,0.0,32.104649199936915
3369,0.5028548417669602,0.687453735487391,0.0,46.68635984669123
12966,0.4931365443396523,0.7069691770813148,0.0,11.846682478776605
20567,0.5410631434955425,0.6142192906885336,0.0,3.0814460452104853
13014,0.5839112188443842,0.5380063302372449,0.2,7.083660909407453
15776,0.5419397992426186,0.6126003552194714,0.0,4.467418919792038
13855,0.45374914219478185,0.7902107838846831,0.0,12.33084478604035
7793,0.4318746991739596,0.8396197810185707,0.0,51.25879019349996
15244,0.47715570588201844,0.7399124139340214,0.0,9.181943191035577
7901,0.5086821043380279,0.6759320069779845,0.0,50.18456855763121
10756,0.5133509059505372,0.6667956404573098,0.0,6.500357210713979
16475,0.4397901385145026,0.8214576237720251,0.0,10.354473363314437
19718,0.5464791160390139,0.6042591861139909,0.0,3.0204802974202862
13897,0.4430653786311025,0.8140379382660377,0.0,13.436917426728082
6973,0.45344515643018424,0.7908809507418506,0.0,37.70129347371774
1280,0.5122880846341813,0.668868146878261,0.0,34.868099762721485
17062,0.49161801894903356,0.7100532482820977,0.0,10.803459603798098
6636,0.48724091899428246,0.7189965780297488,0.0,38.8347977338741
8356,0.46410346988524787,0.7676477561733253,0.0,66.6241523894292
19774,0.49134202418800166,0.7106148067507492,0.2,14.475223701613123
3326,0.5036493174925494,0.685875051716872,0.0,41.121637365154115
3349,0.5014647406121213,0.6902219819040605,0.0,51.71799102628236
7493,0.4668954048281197,0.7616500189296257,0.2,29.92903609921681
12677,0.43756657170089425,0.8265264208724598,0.0,9.243871306590128
7284,0.5081048047589023,0.6770675441018275,0.0,33.189848739000794
17034,0.4986199241629776,0.6959111484765117,0.2,11.913999777786053
15607,0.4987297132378863,0.6956909868175808,0.0,10.99226504709516
13231,0.5429782493564113,0.610686016284347,0.2,7.987773046407613
7511,0.4460754104824941,0.8072672594554752,0.0,43.28970678829985
15209,0.5132269922652632,0.6670370516275504,0.0,4.610560220443217
8771,0.5332709351814553,0.6287256628017739,0.0,17.305987818925757
412,0.5055214059465305,0.6821648953320674,0.0,20.54680591877115
1318,0.46249799466854663,0.771113057890848,0.0,58.02625466472344
1572,0.5060376842827299,0.6811441376007317,0.0,22.17260269917998
4355,0.48257974818221216,0.7286090906538729,0.2,52.849660279401746
16761,0.524755023632911,0.6448237469438728,0.0,4.249388513883435
8911,0.45193450052988066,0.7942180199825449,0.0,79.4345115952463
16370,0.4474974078310844,0.8040845338402399,0.8,12.81228374131451
20213,0.5566936538640722,0.5857401834192236,0.0,12.300543851803697
6768,0.49170067569227127,0.7098851303689881,0.0,28.418477348055518
12008,0.5120230903627879,0.6693855565947098,0.0,5.357427291991746
1521,0.5218621621579812,0.6503517831373493,0.0,18.047261361837652
8514,0.504440825779383,0.6843047388737927,0.0,22.99263818199327
5530,0.5006068556322407,0.6919342052475519,0.0,47.18645555521476
14321,0.5210376123712918,0.6519330471833024,0.0,18.117219978086506
36,0.46148254673317174,0.7733110443173783,0.0,59.52175202509182
8546,0.5073905172547003,0.6784743208865492,0.0,40.888251945945896
6728,0.49914912118219273,0.694850387829936,0.0,46.25966244926289
7072,0.4707290683980184,0.7534725768030285,0.0,18.384732023701815
19323,0.5129546286496209,0.6675678809008229,0.0,11.401057279807613
10546,0.5315033751228248,0.6320457310362426,0.0,8.321687772138564
1193,0.43013745569508155,0.8436504569691434,0.0,68.37786889369485
3083,0.4790653199520477,0.7359183235363601,0.0,24.2304779980093
12413,0.46487150539615607,0.7659942440630206,0.0,5.671153137202153
13068,0.4207321071377432,0.8657589729289864,0.2,7.7280243623294
6075,0.4195700882584009,0.8685246913251017,0.0,88.29943158632103
16717,0.5163664192753347,0.6609386506381643,0.0,10.578323179102245
14430,0.5093879119984684,0.6745454465996332,0.0,20.508543183025534
18868,0.47870859768385926,0.7366632222606093,0.0,8.247681860762007
8828,0.5011572251728197,0.6908354044290771,0.0,38.814588146565754
9198,0.48537666600413826,0.7228300585300398,0.0,65.68356940393677
7821,0.48096965117941104,0.7319511061280654,0.0,54.91829059929374
15637,0.5843140508502153,0.5373166823889282,0.0,8.31819927515463
13327,0.5033376414348109,0.6864940787358976,0.0,5.0457317405855555
10803,0.5280873381864194,0.6384935957232808,0.0,5.271403153083663
18776,0.4402069690176782,0.8205102785346784,0.0,9.997917305745293
13767,0.43571045968025357,0.8307773395362599,0.0,16.089539242240875
4267,0.47507657022772365,0.7442792874594788,0.0,50.434966815555434
1618,0.45344515643018424,0.7908809507418506,0.0,37.70129347371774
7715,0.47308625789772835,0.7484775436962467,0.0,61.412581889234
15517,0.5214656621376264,0.6511118511240549,0.0,5.770478904776667
20280,0.5564303716645438,0.5862132343971919,0.0,9.328997711851198
15613,0.4621748644489284,0.7718119650331642,0.0,6.160989253776124
4794,0.483126767388854,0.7274762014037184,0.8,48.42809050543741
6593,0.4835847419077827,0.72652871179842,0.8,50.80615303778249
17719,0.5011500557000028,0.6908497103668945,0.0,9.390029268577596
438,0.45956143135541244,0.7774826543804194,0.0,50.536372534727256
1426,0.4649421744118409,0.76584223723121,0.0,17.154867282561625
8254,0.44299106922980624,0.8142056688923424,0.0,35.63371060212167
13340,0.5150736562281685,0.6634453667427749,0.2,13.695103865025366
14093,0.5565060966757304,0.5860771529343994,0.2,7.062815839319361
17734,0.516351643672469,0.660967265617212,0.0,4.981379467022026
13196,0.44475125589718345,0.810240128612898,0.0,5.415563704789511
17801,0.5285812149119675,0.6375588148782125,0.0,15.929725983163838
17621,0.5374898702763536,0.6208453651553888,0.0,16.5455287445574
2109,0.4707290683980184,0.7534725768030285,0.0,18.384732023701815
16597,0.4463591641582636,0.8066313502395066,0.0,10.286929047873244
10373,0.4960019825219856,0.7011753552450655,0.8,38.973079503881465
7134,0.5085041805786391,0.6762818421337307,0.0,53.78807621091385
4814,0.49966866741941784,0.6938100653807134,0.0,37.6738833741623
9075,0.522697406312634,0.6487525553711644,0.0,19.864802552522562
8336,0.49526145372625946,0.7026694665103613,0.0,41.55938323794059
3545,0.5142517885564419,0.6650422724649545,0.8,44.7673171207469
11905,0.46090195888112406,0.7745699291429357,0.0,6.774388455501377
10781,0.4217830545814852,0.8632641858044782,0.0,75.10398416498961
4082,0.3742664057806232,0.9827874202220163,0.0,44.51044316162387
7179,0.45344515643018424,0.7908809507418506,0.0,37.70129347371774
21067,0.5011500557000028,0.6908497103668945,0.8,9.390029268577596
19599,0.5514778011156518,0.5951536929288936,0.0,9.209408798342505
11013,0.4353403493461279,0.8316271415284369,0.0,7.268420828338829
9688,0.518238380661813,0.657319948251764,0.2,19.21017573840546
3742,0.45441318623023985,0.788748393003633,0.0,73.41275728058041
5192,0.4598958407112132,0.7767552483753652,0.0,50.667741532868625
15365,0.5886905792624757,0.5298545656876926,0.2,4.534522201004282
2426,0.45005036787833835,0.7983957738627824,0.0,71.8955418728541
11959,0.3703240050272152,0.9933769672732771,0.0,4.418043904449616
15867,0.5479683234435454,0.6015377976399695,0.0,9.048933222989767
14120,0.5153299487526061,0.6629479062748882,0.8,9.165255626157638
13857,0.45123287267358503,0.7957717253493611,0.0,12.815902513569018
8623,0.5048600813275762,0.6834739547749075,0.8,22.968141937341215
4433,0.49643851941464223,0.7002956311307063,0.0,49.010190172109006
796,0.4947433023348706,0.7037162320648274,0.0,47.9934489059463
6762,0.47573674976829966,0.7428906244427075,0.0,41.36043494906717
5234,0.5464777358900471,0.6042617116463838,0.0,48.102255584076815
21260,0.5584918239421991,0.582515299895706,0.2,7.1020262074547595
19447,0.4734148109882992,0.7477832959778499,0.0,22.384894705162743
3308,0.5035912070255678,0.6859904371995478,0.0,53.52097422433022
10461,0.5544116036640651,0.5898479011954882,0.0,7.4916586003504
6362,0.49662874512954885,0.6999125237138677,0.0,44.41644811409299
21053,0.4878956190174403,0.7176537914639505,0.2,34.665189357502015
17741,0.4736050093746938,0.7473816182413079,0.0,47.48787603416252
16771,0.3707718171910855,0.9921684535967796,0.2,8.598876372894809
8069,0.5062026650451671,0.6808181660782417,0.0,49.869928068116
495,0.48481486490338105,0.7239881827676834,0.0,36.456424611851205
20864,0.4410813739480318,0.8185258991331666,0.0,5.672589445006264
13883,0.5326266429098014,0.6299345826142692,0.8,7.98284578190845
12327,0.48844325171756614,0.7165319826863392,0.0,8.46600479270344
15220,0.5966654815217187,0.5163986550938677,0.0,8.314792470246918
17255,0.4952930069461229,0.7026057583123231,0.0,3.0900953881508233
1431,0.4678437189120659,0.7596209727814242,0.0,22.032804229163887
14278,0.46565193581822883,0.764316842784351,0.0,29.107858954383843
8675,0.5049965471578174,0.6832036870414044,0.0,53.651986012480236
7480,0.4836682924918351,0.7263559533137449,0.0,46.5085708040141
2726,0.46403902885713283,0.7677866163770243,0.0,29.59817640443309
20915,0.5958005780790887,0.5178492684464794,0.0,19.4219363784888
18936,0.5724255679098982,0.5578725643905423,0.2,24.998270376461583
18033,0.45342549167967583,0.7909243191109835,0.0,11.235870759622296
10294,0.5227471507313188,0.6486573912261367,0.0,19.093231201536703
2492,0.38744036433151685,0.948193340531636,0.8,60.73178635470772
20545,0.4081253749517183,0.8961808602340239,0.0,26.038534312927588
11514,0.523505802490431,0.6472071647015861,0.0,4.383857707886099
11348,0.4855795353164093,0.7224121832130127,0.2,29.39856633117463
2296,0.47702384386397206,0.7401888022069013,0.0,54.77397136331069
10555,0.49278771879723493,0.7076767883452117,0.0,7.643263093131861
5571,0.4882093291858754,0.7170110118533897,0.0,38.72576901708229
8378,0.36110694611912886,1.0185811148850392,0.0,93.47009538573306
14329,0.4216326414378641,0.8636208619866398,0.8,17.749136818695884
18748,0.4679803698859839,0.7593289286322619,0.0,19.30593743115326
16848,0.4967671956914327,0.6996337817599477,0.0,8.682455458496692
188,0.5371068968956075,0.6215581411633944,0.0,17.900874584058563
19969,0.4983763040717514,0.6963998566364339,0.0,6.203878258329958
20103,0.5402102504539875,0.6157968625093382,0.8,30.821556273939088
8686,0.5416774416851644,0.6130845807424169,0.0,15.584611258612915
6265,0.4753316411673659,0.7437425266387954,0.0,60.91251406657838
12012,0.4845141866656419,0.724608567036361,0.0,8.40545930851773
3208,0.5206822373914982,0.6526153323363797,0.0,54.18665024724004
18871,0.45622665689219505,0.7847655383703164,0.0,27.098737416415062
13763,0.42065039564556916,0.8659532044281217,0.0,15.897168755117296
9549,0.5160271538221303,0.661595891198853,0.8,46.86083818503302
15311,0.530131916605482,0.634629404150624,0.2,6.720598691156486
18659,0.475607556469441,0.7431622260044255,0.0,25.93636140406056
15627,0.579473697659977,0.5456350052220825,0.2,4.624256357042295
1191,0.4690750947697317,0.7569924065733694,0.8,61.39587167630636
15616,0.473326712691201,0.7479694044248737,0.2,26.537954126601296
4641,0.4113444373920671,0.8883243682687275,0.0,86.56276779485108
2093,0.4703601313760227,0.7542566407174476,0.0,63.378299992975755
277,0.47076314788282875,0.7534001821847068,0.0,11.952698028911172
20688,0.4712579485422655,0.7523496734289723,0.0,48.77106815403039
6671,0.48722578389534066,0.7190276413773176,0.0,59.28382683726161
12555,0.5208139772174935,0.6523623504726918,0.8,6.347485682542116
19997,0.5112433560099987,0.6709095672890335,0.0,20.67877470089781
7201,0.5440740998357885,0.608669828468899,0.2,18.503562553265418
16701,0.46512081707996733,0.7654580854652382,0.0,13.153249233511227
13718,0.4262486539077791,0.8527324083770119,0.0,16.277511087003553
11185,0.4711100698905206,0.7526635182328412,0.2,58.33142266304519
6807,0.5089031978373718,0.6754974615843936,0.0,15.603990331872168
19513,0.4037034492406313,0.9070747070908017,0.0,32.30092914303021
10531,0.4373467732582037,0.8270288670828896,0.2,29.14656510055792
10857,0.3706044027510147,0.9926200851393439,0.0,34.97000514507367
1144,0.5047196910757459,0.6837520709903324,0.2,22.977488032633257
15900,0.5594666670447306,0.5807713293324563,0.0,6.790378331599343
7504,0.5249088527839454,0.64453064520799,0.0,41.36919911845833
17429,0.44998692409981106,0.798536754195926,0.0,70.13548458319264
17791,0.4679717118559994,0.759347429643486,0.0,19.306407819349516
15708,0.50087756924252,0.691393580530584,0.2,2.1692474124880565
11086,0.5163132096706889,0.661041702161989,0.0,8.247817789428169
18832,0.5444324241257609,0.6080114505997217,0.8,8.217274963599404
2593,0.48724091899428246,0.7189965780297488,0.0,38.8347977338741
20063,0.5812083613428867,0.5426459610459151,0.0,8.185813825570413
5778,0.48052295540899076,0.7328802777087882,0.0,24.115426041236624
18471,0.4526220960884955,0.7926977266286043,0.0,27.3338032878065
13719,0.41790847185437446,0.8724928372896863,0.0,16.141117489859198
10197,0.46891364605141544,0.7573366510464306,0.0,43.0167240906453
20792,0.5448849908547506,0.6071805325425887,0.0,4.663450171104591
7667,0.4979588711808144,0.6972377933583925,0.0,41.635906023932165
1000,0.4043561964997993,0.9054591149631935,0.0,62.96563113756545
20569,0.5104982869215737,0.6723679970704639,0.0,4.226068407375719
347,0.501692374313066,0.6897681473023516,0.0,42.800115645116236
8181,0.5162803438508214,0.6611053589992151,0.0,14.782315600249936
9665,0.49817970500478,0.696794413626169,0.0,47.51789349556194
13260,0.5229314747902046,0.6483048468472116,0.0,7.844488894159934
3399,0.47261696160069694,0.7494700249015079,0.0,30.90739459706939
818,0.49556846881999,0.7020497534868241,0.0,56.33247339814997
7976,0.44048494840880015,0.8198790035227181,0.0,64.56956867056672
1711,0.44983248000348314,0.798880032185132,0.0,37.547361512701215
3882,0.49485346855425427,0.7034935833596587,0.0,55.57599308541304
612,0.4714997768069858,0.7518366502767416,0.2,62.33477942775269
18143,0.44334443109939586,0.8134083141927282,0.0,12.779864089240315
13205,0.468665666332521,0.7578656297075453,0.0,8.791241232331826
19187,0.4505463285404918,0.7972943691735074,0.8,24.754395841745485
19779,0.4755559381554511,0.7432707632103469,0.0,7.3594954520035145
3784,0.4329280533202754,0.8371837233992017,0.2,53.06907252169654
8125,0.49873761452408627,0.6956751441208222,0.0,55.31660866016077
9467,0.4621620505309069,0.771839690676952,0.0,54.52661235685869
11255,0.4654633923266106,0.7647218269758814,0.0,14.609629097379326
9397,0.5068819352391354,0.6794771718600491,0.0,15.78595409507851
12044,0.48791520219391665,0.7176136542241222,0.2,11.065243137694766
1491,0.4468180884993904,0.8056037280510845,0.0,30.778091905296165
16366,0.48575594215196327,0.7220489578566132,0.0,9.392413113729848
14543,0.37493256707638434,0.9810090903111258,0.0,34.56094980259064
17567,0.5437888339313185,0.609194280405175,0.0,8.526587609743363
7261,0.47078010961025074,0.7533641525550773,0.0,12.822255347493979
3379,0.4072404680338408,0.8983514374612154,0.0,36.93122814234076
12721,0.23987649354941593,1.4276310983081917,0.0,8.568555870906469
14214,0.40253688522779096,0.9099685460047433,0.8,23.69239429159771
12495,0.5705313421052982,0.5611871732305868,0.0,4.911790498217201
7445,0.45345677733423123,0.7908553230447094,0.0,59.69771454272968
6920,0.4930567734527125,0.7071309524364598,0.0,41.15501927380954
17240,0.45321854927422567,0.7913808211110985,0.0,8.960171791500576
4214,0.4674186514913387,0.7605299528996156,0.0,52.784580452616524
3986,0.42916782957173727,0.8459072254343089,0.0,63.523400899711035
8923,0.5147327323565116,0.6641074793260544,0.0,46.889309540496285
8382,0.4082314513618641,0.895920982672341,0.8,90.52833405364638
16221,0.521425298359818,0.6511892585987716,0.0,3.815969064704139
18734,0.5121484712718771,0.6691407130266742,0.0,14.998454670395683
577,0.39304738831726194,0.9338250934222214,0.8,59.811500083501315
17811,0.5833677879864158,0.5389374373573926,0.0,2.193475398312982
8588,0.5391282701780741,0.6178017583185006,0.0,53.21744308447936
20359,0.49776653323165393,0.6976241206544529,0.0,4.352128159200774
11983,0.538014206987451,0.6198703121291407,0.0,1.3079326300016874
10919,0.48995899642981033,0.7134335721343836,0.0,6.285349389489287
165,0.5074283175236947,0.6783998243011166,0.0,37.93102914108019
14085,0.33538273290619547,1.0924829130107174,0.0,30.623934626030227
14816,0.43308533644579306,0.8368204885367719,0.2,1.8096326062245258
13143,0.5216480296625806,0.6507621912006047,0.2,9.518373273999313
7122,0.47089700353258734,0.7531158850304543,0.0,13.748128412736392
1267,0.4998314076283682,0.6934844221627663,0.0,45.14583747005597
6629,0.463588701990018,0.7687575379817074,0.8,60.73184550055489
14683,0.5261397608727253,0.6421883964565439,0.0,7.186730488055812
13415,0.5688437276322441,0.5641495264574065,0.0,10.467794097567037
9264,0.4740640794352501,0.7464127777422648,0.0,55.24201127521473
12831,0.48930001172227805,0.7147794567298184,0.0,6.220725490582916
20783,0.4599944155236323,0.7765409297387055,0.0,22.091424390841
11437,0.41382705210962656,0.8823071409655194,0.0,9.9652176822074
7950,0.5372618629528605,0.6212696628231464,0.0,16.814662571124412
10177,0.502391222430062,0.6883761352585156,0.0,55.438374573953254
11079,0.49138449432262865,0.7105283734779037,0.0,4.764447928397789
16744,0.43062357601984663,0.8425209439950738,0.0,7.441144991827322
3103,0.5329706294937067,0.6292889604739685,0.8,18.06059304557555
2379,0.4555403121825473,0.7862710652484921,0.0,59.53644602041937
15992,0.534134489725529,0.6271076183130968,0.0,7.751050246077777
6620,0.5023675709242221,0.6884232142311021,0.0,60.942666090258776
10384,0.5071598139044553,0.678929110259015,0.0,15.838398256299602
11456,0.4592425462879826,0.7781767852026464,0.0,10.971514847824666
4505,0.3740473355886046,0.9833729238314413,0.0,68.96394419865459
12175,0.4202004319043101,0.8670234627176241,0.0,12.40797266249923
2565,0.464154841982569,0.7675370712557397,0.0,22.066690798602522
15064,0.45700637734725036,0.7830579333773121,0.0,12.580216685015738
11910,0.4077893651471448,0.8970044997812836,0.0,13.48063134137068
10442,0.5254004791827569,0.6435944896969359,0.0,48.04111097804196
15628,0.5790836870066286,0.5463082747091922,0.2,4.629962315560301
7250,0.5050807215336073,0.683037017859563,0.0,52.3121012531305
8411,0.5031427680298713,0.6868813160940064,0.0,47.84814975405443
17066,0.5050019178077735,0.6831930520748328,0.0,6.74653106346714
3453,0.49531501625117585,0.7025613223607838,0.0,39.378561582310184
16959,0.5071598139044553,0.678929110259015,0.0,15.838398256299602
4654,0.460292569001359,0.77589297210555,0.0,63.66201776930102
7722,0.5248957633986048,0.6445555820107808,0.0,19.221290230983577
17400,0.6033275874534413,0.5052949669935568,0.0,1.7665111101596553
4216,0.4669810357348905,0.7614666308425267,0.8,49.514368832441164
15442,0.5400942663440119,0.61601158735519,0.0,6.53070854931022
10426,0.4945160270040087,0.7041757179208009,0.2,6.531405294430797
12375,0.5172044664875207,0.6593169962216451,0.2,4.7988391242030755
7310,0.5224292444965589,0.6492657215443783,0.2,43.28979396537317
8164,0.507478619897474,0.678300697234455,0.0,53.45518406031282
1261,0.47183366615088346,0.7511287577275413,0.0,54.513173030470895
6370,0.47541291803812763,0.7435715514379956,0.0,64.72790298537744
1570,0.5010141959278095,0.6911208431134576,0.0,47.18627398172124
8720,0.4331610916701087,0.8366455839783231,0.0,73.98037555032442
5121,0.4522255494561566,0.7935742203890256,0.0,37.94475025809291
3744,0.4509041833956805,0.7965004157190504,0.0,74.13427680073221
19010,0.4471059488363811,0.8049596904485191,0.0,71.83460105604642
18412,0.553594271773832,0.5913232219615598,0.0,7.427019634001406
19908,0.5660499083607414,0.5690730273505475,0.0,6.28697653574117
6266,0.4716025226335319,0.751618761237528,0.0,60.84354216281554
16502,0.5308033648356849,0.6333636373661724,0.0,6.876111970276407
10765,0.428652165868583,0.8471094911031175,0.2,14.722763860182734
12885,0.45602763683351627,0.785201864213242,0.0,14.31187381589697
7647,0.4707290683980184,0.7534725768030285,0.0,18.384732023701815
533,0.47079362121222873,0.7533354525148434,0.0,13.11180263142191
12109,0.5195430223021975,0.6548056570456392,0.8,9.138140117094965
10592,0.4448286402096503,0.8100661491580998,0.0,18.73277969928106
16662,0.46080571620465677,0.7747787647193739,0.2,5.679515832308403
9497,0.4968985092239204,0.6993694805314711,0.8,56.33421112323343
13290,0.522821673962416,0.6485148406269542,0.2,6.203109118023628
19309,0.5294196245999522,0.6359739203636281,0.2,27.502692719855652
9025,0.4426157118994101,0.8150533529003491,0.0,58.634937088345666
19034,0.4134055986912192,0.8833260887898444,0.0,63.727557710476304
17654,0.5104718646032809,0.6724197563080073,0.0,14.120814882468153
17496,0.4495025485747169,0.7996137552873877,0.0,8.938881709764761
1906,0.5053789040304071,0.6824468260341572,0.0,49.64459363092291
16881,0.48428482670273737,0.7250820604318429,0.0,13.601088869153287
10179,0.5611977657121033,0.5776819120302822,0.0,17.682265764333717
19352,0.5147499149062971,0.664074098384991,0.2,23.403631614992374
11483,0.3980454882655427,0.9211889881040675,0.0,8.709841812242814
6634,0.4880464414591396,0.717344710732608,0.0,57.3947545745825
11880,0.453892893404598,0.7898940263847439,0.2,7.295461464226211
21045,0.5809463001134159,0.5430969530568824,0.0,25.015045367754936
15080,0.4303584445926052,0.843136825463617,0.0,12.991895276026328
10159,0.5542298017444934,0.5901758736495466,0.0,8.542795433375844
9363,0.5333804249218607,0.6285203665918121,0.0,18.827327533305432
11503,0.47154281023072014,0.7517453852069437,0.0,5.044963433544737
2536,0.4749430284104526,0.7445604223294163,0.0,59.11437223140411
19017,0.4345865669038291,0.8333601207405203,0.8,59.26023869450106
14519,0.5265705388659611,0.641369979428825,0.8,8.889067185854419
4530,0.4712129957055984,0.7524450670047118,0.0,40.7712398593265
20286,0.5066003819486598,0.6800327874696042,0.0,24.914020813447557
9273,0.39559816624216293,0.9273563146281381,0.0,51.941236238536035
4173,0.4429783128990164,0.8142344652165676,0.0,59.53682322693919
15508,0.4085629155887726,0.8951093604121595,0.0,14.925949609244126
16354,0.4551027289523454,0.7872321075979423,0.0,4.586099669631147
3334,0.5071598139044553,0.678929110259015,0.0,15.838398256299602
13710,0.40133284188380736,0.9129641663242384,0.0,15.605296871109854
8107,0.5287210203726297,0.6372943579295532,0.8,18.05773565624474
7182,0.5171864423652447,0.6593518459522906,0.0,52.622874246161956
2904,0.48542282655567337,0.7227349605166525,0.0,23.796409192582942
19016,0.43318971512156046,0.8365795057771191,0.8,59.48916916641855
12744,0.5190043188372783,0.6558430743917613,0.0,7.382169985604283
5756,0.5350163739214132,0.6254579270938826,0.0,18.963882965645585
1785,0.5092307574658543,0.6748540106159273,0.0,50.54993884138963
8316,0.462387758725058,0.7713514353198574,0.0,47.90092295637425
129,0.47915100840948893,0.7357394736146182,0.2,43.88685791713796
5589,0.4308918980869753,0.8418980368416465,0.0,56.53345445855102
3062,0.49246727812204216,0.7083272609385878,0.0,44.63524191571646
5108,0.484067226110877,0.7255314849874903,0.0,50.71465190769876
17571,0.5178947803234493,0.6579831841444023,0.0,30.93179026473041
19307,0.5267783144670123,0.640975474601505,0.8,23.081526987107836
6310,0.4836834915014684,0.7263245293583938,0.0,50.56308055968799
5281,0.4689184493849865,0.7573264075634137,0.2,48.39315859889052
11163,0.422853696403795,0.8607290311489897,0.0,12.44528115660244
9759,0.5064510863563156,0.6803275318100368,0.0,15.51044727549502
16387,0.5527252707622943,0.5928941988029666,0.0,9.56931200680598
2067,0.47913738913828635,0.7357678977742728,0.0,51.466965010656736
17837,0.5240121180742795,0.6462404688325457,0.2,7.596556939158661
16086,0.5264572866272927,0.6415850777127701,0.0,5.844839990658382
6987,0.4707290683980184,0.7534725768030285,0.0,18.384732023701815
6008,0.46040133120422855,0.7756567107306214,0.0,46.26404190769984
7081,0.4671049852615249,0.7612012387382114,0.0,63.004629782564315
3320,0.444976197752187,0.8097344864437741,0.0,74.92068459376696
19006,0.5797044323404664,0.5452369047445715,0.0,19.433606855738553
6182,0.4901608123075345,0.7130217533367686,0.0,49.77605093960725
15174,0.41877331604366097,0.8704255172886753,0.0,14.264969606130869
12046,0.5190043188372783,0.6558430743917613,0.0,7.382169985604283
20073,0.5812083613428867,0.5426459610459151,0.0,8.185813825570413
11585,0.5103664573098396,0.6726262675479425,0.2,10.535009172056206
20725,0.5601492014180321,0.5795520996357768,0.0,14.059934346164871
14898,0.5200133880422151,0.6539007215030637,0.2,7.141576864595107
18072,0.5059839378951518,0.6812503534887142,0.0,27.284076787161197
13650,0.5742000430268768,0.55477743636157,0.0,1.9906523822326139
15169,0.41802632223532593,0.872210876585178,0.0,16.011611233456815
743,0.5074283175236947,0.6783998243011166,0.0,37.93102914108019
19768,0.5017954735989971,0.6895626654193205,0.0,25.263162181281174
13848,0.42973972841466085,0.8445755363086915,0.0,16.548317342298716
6626,0.45344515643018424,0.7908809507418506,0.0,37.70129347371774
3244,0.5357798129471653,0.6240319990517943,0.2,16.66165425565825
12107,0.5251473897378833,0.6440763134334019,0.8,8.926575621805021
8902,0.4707290683980184,0.7534725768030285,0.0,18.384732023701815
3311,0.5039047265190595,0.6853680634644822,0.2,55.03505758777526
3769,0.4822426143066033,0.7293079423854193,0.0,39.09455191771971
6176,0.5014787864689935,0.6901939726363524,0.8,57.22053045889485
10758,0.5124316881105446,0.6685878683452944,0.0,7.057513269456173
2138,0.5266579745475942,0.6412039457889824,0.0,21.75284337169144
15527,0.46926386011407567,0.7565900672142116,0.2,8.77644506830106
9673,0.5552382621579143,0.5883579561736605,0.0,8.516481078952612
18476,0.46265312509828294,0.7707776955313898,0.0,19.153826027983392
18561,0.46881745230043487,0.7575418138089475,0.0,19.624119761987124
11470,0.41431443435844256,0.8811300901522221,0.0,8.750503550493203
10511,0.45712578448362845,0.782796686389091,0.0,70.09552784936761
10040,0.428652165868583,0.8471094911031175,0.0,14.722763860182734
8644,0.442432817203694,0.8154666515891903,0.0,72.93533930902257
13225,0.5369458895174366,0.621857953949905,0.2,4.44678185070004
9541,0.5269361367261001,0.6406759204669114,0.0,19.00661164219109
998,0.40479197733926303,0.9043819800312081,0.0,54.24031477228124
19919,0.4887292218250831,0.7159466814761156,0.0,9.150514634266548
9980,0.45344515643018424,0.7908809507418506,0.2,37.70129347371774
12100,0.549789145521319,0.5982204460407884,0.0,9.964856669159051
19246,0.483089253755391,0.7275538520173719,0.0,15.091649227674814
17566,0.5245383287475182,0.6452367770807393,0.0,15.876373045874601
20093,0.4542541126083594,0.7890985181235944,0.0,23.728980864216094
9991,0.4898828926045504,0.7135889111258366,0.0,56.10236215264374
2490,0.38744036433151685,0.948193340531636,0.0,60.73178635470772
5149,0.5154054463299391,0.6628014136292912,0.0,30.893174293803142
19081,0.5076332641986586,0.6779960129827902,0.2,13.193803085095979
20134,0.49803681055931087,0.6970812879034303,0.2,26.035984374742966
11342,0.4328124953466146,0.8374506809178833,0.2,9.787035560165428
3530,0.4950959933068441,0.7030036093422257,0.8,33.20989168529496
3466,0.4938878911908042,0.7054467284585026,0.8,33.999007553837984
16853,0.5138064330901547,0.6659086737733022,0.0,7.677927148319373
12026,0.5357586642577666,0.6240714725562018,0.0,18.984254540353
3085,0.4526320520997123,0.7926757305709511,0.0,38.44477293269113
4028,0.390703583492195,0.9398061049841754,0.0,56.237993880580305
1627,0.45293697340865524,0.7920022947270171,0.0,36.498237676542516
16178,0.47718026563254223,0.739860944113618,0.0,5.818673119341462
6069,0.47231332904292767,0.7501126809179907,0.0,35.12402399482268
19094,0.46460112469741927,0.7665760378622339,0.0,9.198911906048899
4547,0.510647014312544,0.6720767018123999,0.0,43.78579686670094
4469,0.4980116099364992,0.6971318891037305,0.0,55.89254867702216
3982,0.4041345908977102,0.9060073107153114,0.0,35.42489137879846
15482,0.5138936132865658,0.6657390129915837,0.0,5.525633776085234
8629,0.500719500733156,0.6917092134640552,0.0,19.928142730152167
18630,0.44930159744676196,0.8000609075000086,0.0,63.17680968281778
18413,0.5556177330471151,0.5876747516798301,0.0,9.758338702402268
10978,0.49396199565965443,0.7052966966166698,0.0,3.232621574349662
20052,0.47213931067785897,0.7504811872034713,0.0,7.594869349684716
18463,0.5500202754365999,0.5978001370049152,0.2,5.124043911964668
12939,0.523766242055303,0.6467097971425126,0.0,10.944269805763664
12436,0.570531069186541,0.5611876515896222,0.0,8.04209944415507
6862,0.4598958407112132,0.7767552483753652,0.0,50.667741532868625
3794,0.5162599194071383,0.66114492054352,0.8,19.54013832842915
12828,0.4768641975992465,0.7405235296786312,0.0,6.544746822530708
18353,0.4930095981199827,0.7072266363257513,0.0,5.727474586494652
6808,0.5078516508933231,0.6775658998520374,0.0,18.29427929600501
10530,0.4373467732582037,0.8270288670828896,0.2,29.14656510055792
13572,0.5023169794450246,0.688523925403025,0.2,17.24063906582664
12582,0.5030024789226847,0.6871601806188267,0.0,6.198184324580015
5837,0.495480215214336,0.7022278549409888,0.0,40.82471701043791
15720,0.4778783894594729,0.7383989942165095,0.2,1.5580293704013752
9703,0.5031695514926285,0.6868280851790233,0.0,44.6644295407787
5708,0.43047784364627595,0.8428594229979736,0.0,79.76821527808765
11828,0.5608510198877138,0.5782999704246722,0.0,4.803937809093945
17032,0.4823969321331312,0.7289879931807369,0.0,12.48027540265385
3164,0.40242018948173514,0.910258488786886,0.0,73.18478388740985
3487,0.4183299048276085,0.8714849117491615,0.0,98.18671938627834
10544,0.511320687426053,0.6707583172686595,0.2,6.83987354475491
13538,0.56845261825551,0.5648373144619424,0.0,7.049451689443067
18522,0.4642394953468019,0.7673547061527576,0.0,23.158765265868297
7302,0.46449630972441697,0.7668016653789264,0.0,22.045547879644133
21003,0.48077029368138513,0.7323656828583894,0.0,5.6050509829962305
3223,0.48214281537310794,0.7295149113643778,0.0,51.98851793891193
19807,0.4537166567099524,0.7902823799379614,0.0,26.9249204433113
4709,0.39212191057680373,0.9361824911716241,0.8,33.43575424379186
14378,0.527353951574398,0.6398833210205018,0.0,6.91393917378327
8215,0.5374898702763536,0.6208453651553888,0.0,16.5455287445574
4476,0.4972578285263093,0.6986466177293321,0.0,57.22614168647924
19781,0.5061244798626778,0.6809726323158369,0.0,7.685456975051974
1777,0.4601691835039959,0.7761610668911645,0.0,48.911731454007324
6327,0.4999728791527868,0.6932014237255055,0.0,43.37707961849422
10370,0.5074175166185432,0.6784211101058931,0.0,43.45965724505313
17585,0.4990522071457354,0.6950445651647312,0.0,52.20827102757342
9574,0.4906261855752137,0.7120727739893495,0.0,33.23314673985948
17752,0.47260376326812864,0.7494979513576718,0.8,47.99334925547659
2767,0.3951683444775859,0.9284434163227097,0.0,14.588632119650043
6092,0.3886992625735622,0.9449493382866488,0.0,56.8330303488562
19909,0.5571825768722559,0.584862306638856,0.2,6.445913702621172
17455,0.5194470332110259,0.6549904308862267,0.8,23.58620556612843
5099,0.5557946226860543,0.5873564366286786,0.0,45.093409647419946
13737,0.4789783656919675,0.7360998481612221,0.0,11.402187181536966
12977,0.5460956866900896,0.6049610682436309,0.2,7.9340645600185375
6720,0.5148154446488796,0.6639468024497444,0.0,36.932040886267025
17239,0.39614995923768215,0.9259624544670617,0.0,6.69794963868641
5730,0.47105844968952293,0.7527730956597591,0.0,28.157473852639356
12860,0.4166387366697853,0.8755357715931597,0.2,15.3021768321084
5067,0.4710899136249934,0.7527063037685723,0.0,40.05526319855176
13346,0.5301049558897936,0.6346802620605754,0.0,10.350364861452066
10192,0.4457648832673683,0.8079636335257002,0.0,68.5153185886887
3505,0.5068819352391354,0.6794771718600491,0.0,15.78595409507851
4234,0.4766983607135409,0.7408713555992944,0.2,64.92625717821625
9131,0.5088976519015455,0.6755083594645198,0.0,19.71133413532348
11008,0.5380510387603581,0.6198018557356886,0.0,5.076176938396081
4493,0.49589178154807184,0.7013975584252023,0.2,51.95953241243629
1095,0.5184133246629694,0.6569824308350298,0.0,50.62049830079032
3353,0.5031430865178176,0.6868806830970408,0.0,51.647246742389555
1480,0.4043561964997993,0.9054591149631935,0.0,62.96563113756545
8851,0.4885152654479067,0.7163845583500841,0.0,21.80782135011836
17058,0.49792359569371364,0.6973086360296692,0.0,10.217314563322914
7148,0.5050701291796398,0.6830579896856231,0.2,53.380984239024954
15438,0.5626234211995322,0.5751447535057795,0.0,4.7682375361566045
18205,0.4761823058696463,0.7419545025503146,0.2,15.581044553556605
14949,0.4675187996658646,0.7603157178729087,0.2,4.832528594782412
15374,0.5666532538184096,0.5680077076182902,0.2,3.4363187979923384
12895,0.49179464436456344,0.7096940391239933,0.0,13.315635627334483
5452,0.5181156162377074,0.6575568642573898,0.0,48.067405773863044
18197,0.4526220960884955,0.7926977266286043,0.2,27.3338032878065
9833,0.545603981028324,0.6058618758733392,0.0,18.78171815207351
3910,0.4240003635708843,0.8580209662720463,0.0,62.21938984552299
12140,0.5882754308228805,0.5305600209909979,0.0,7.647227026491743
1357,0.5022620882486447,0.6886332073862951,0.0,37.74432591614713
14621,0.5557879008898532,0.5873685307306614,0.0,6.071041393545558
17313,0.37729162664105337,0.974736845099236,0.0,42.88842118436639
11288,0.3642984755985947,1.0097817594435858,0.0,12.476358511471172
13045,0.4488879965475767,0.8009818732541983,0.0,12.949474180174384
14943,0.4246612419590731,0.8564635056364462,0.0,5.956704024752128
5826,0.4642705121017453,0.767287896415208,0.0,17.319607680936073
5981,0.45344515643018424,0.7908809507418506,0.0,37.70129347371774
20609,0.4371299919888198,0.8275246636150326,0.0,27.879305569947277
3692,0.44608959048379343,0.8072354716106591,0.0,59.98567208331624
3070,0.5370542941544154,0.6216560831513799,0.0,14.239031825724833
16339,0.5765666478508417,0.550664338234627,0.0,11.24594252111829
4154,0.4989636227146436,0.6952220862594353,0.0,49.69447440757701
5788,0.39212191057680373,0.9361824911716241,0.0,33.43575424379186
19102,0.5229314747902046,0.6483048468472116,0.0,7.844488894159934
7492,0.4265565414246372,0.852010350087686,0.0,74.20158151914305
19207,0.5328370505820376,0.6295396227930072,0.0,54.78568663416268
7629,0.47342743965885964,0.7477566206355686,0.0,29.38683462048482
11898,0.4279861081426691,0.8486645415376862,0.2,6.387855268877825
377,0.4520529717037064,0.7939559119818416,0.2,61.809466536305784
7487,0.45165879923252755,0.7948282531615231,0.2,59.890307662909095
11761,0.49797931778243276,0.6971967333772655,0.0,8.045371684056713
12640,0.4682221577087421,0.7588123997381236,0.2,9.904399397563381
10631,0.4633305804951692,0.7693144829204921,0.0,26.567505191034336
9049,0.5341662730797876,0.6270481156798037,0.0,18.381915846033266
17233,0.4970223659629489,0.6991202519605422,0.0,8.163277846039568
20628,0.5742158743899233,0.5547498655785332,0.0,20.821981674709754
7424,0.4707376030780903,0.7534544461982376,0.0,15.219777513843908
425,0.4709946761860512,0.7529084882439299,0.0,27.39457695314144
1626,0.45284549004691876,0.792204293254784,0.0,37.797253759584706
18443,0.5273799962042257,0.6398339348603468,0.0,7.18661437070932
1148,0.4712129957055984,0.7524450670047118,0.0,40.7712398593265
14927,0.44307619025735995,0.8140135366881464,0.0,23.252295557619426
14934,0.4854520884084495,0.7226746811699849,0.0,7.263242167047801
20474,0.63130382829533,0.45996802948100696,0.8,16.02597622900577
1878,0.5191055125202112,0.6556481168252365,0.0,56.45130185821323
2226,0.46891364605141544,0.7573366510464306,0.0,43.0167240906453
10607,0.48885920049710774,0.7156807645118336,0.0,49.417757608573744
16276,0.563308301978797,0.573928195077528,0.8,4.0697248772713595
13911,0.5033198794016829,0.6865293678640513,0.0,14.55476619862124
10243,0.3776160114740771,0.973877442341572,0.0,7.159947186428189
12853,0.5471678574892587,0.6029996543675159,0.0,4.736562152791823
19845,0.5223684495141521,0.6493820981076575,0.2,19.1681347927508
1999,0.5388820418891674,0.6182585782402256,0.0,17.153584772138302
801,0.5060009349116437,0.6812167620449088,0.0,49.105509668334676
6543,0.4967357034357306,0.6996971781642065,0.0,57.19674775080876
16587,0.5665128600282517,0.5682554979275144,0.0,8.058431077375829
8185,0.483096984431689,0.7275378495615459,0.0,21.862511824257123
2021,0.5330786548428098,0.6290862956421261,0.0,20.064707087535023
9002,0.4224327113407129,0.8617251079675269,0.0,70.74763333646621
20120,0.6326375379497234,0.4578576307156591,0.2,1.8518510323145672
13224,0.5190043188372783,0.6558430743917613,0.0,7.382169985604283
16601,0.510192685855973,0.6729668092141647,0.0,14.159220998403217
2135,0.513068720219835,0.6673454852393401,0.0,23.423825513612442
295,0.46280247822550635,0.770454928824951,0.2,48.53866051597191
15468,0.515950516974827,0.6617444154346245,0.0,4.371814421246513
6887,0.4311608773551249,0.8412739931994444,0.0,56.0961501232754
20115,0.6376925599092699,0.4498989927992716,0.2,3.400786707963165
15808,0.40926654233226956,0.8933886424549026,0.0,31.474081464725355
9831,0.5442172139384122,0.6084068214934003,0.0,18.097061415916517
10829,0.38322203304204333,0.9591407370382364,0.0,12.053042937304658
5732,0.4709298200156775,0.7530461981574902,0.0,16.02482792283209
8797,0.45192072655501514,0.7942484982592729,0.0,45.94727744218949
14445,0.4795747478478445,0.734855509742401,0.0,4.389291996133629
4422,0.5084326411128588,0.6764225381226503,0.0,35.42086734414535
19532,0.5004278626668043,0.6922918211505212,0.8,25.36314889360321
10958,0.5113107586974901,0.6707777352683716,0.0,6.784581114225963
6383,0.5031864503259124,0.6867945009737224,0.0,19.4428087471615
18529,0.4635442333554931,0.7688534651845145,0.0,19.913304454984605
18347,0.5396687407203299,0.6167997707675262,0.0,4.666398678682694
9527,0.4422441919033534,0.8158930790904301,0.0,26.863686729023208
13308,0.46980092484130204,0.7554462381741154,0.8,9.488404708239909
4837,0.45066269656181546,0.797036120490396,0.0,58.34304158753577
13454,0.5273386215541757,0.6399123911412441,0.0,13.438160213966128
18468,0.4571119517078918,0.7828269471739833,0.0,22.618218709963102
13240,0.40821940118609457,0.895950501107487,0.0,12.548682756107041
17598,0.5164651755104012,0.6607474166831497,0.0,14.019408767173974
2789,0.5154054463299391,0.6628014136292912,0.0,30.893174293803142
17948,0.5047394011453848,0.6837130202357385,0.0,7.6444413940104186
7823,0.48059404388650395,0.7327323488349987,0.0,49.12970343035625
20344,0.5410463960550407,0.6142502440068273,0.0,3.0816013333652013
5532,0.5040109767939405,0.6851572317948786,0.2,48.872266598489055
2884,0.5132086244848066,0.6670728410724194,0.0,46.7884861209896
8818,0.5119390180931381,0.6695497663230668,0.0,48.20758317526081
2127,0.38074438927296483,0.965627023302402,0.0,28.404883950192943
4120,0.47084729348780346,0.7532214551835996,0.0,10.842626065477162
6212,0.5287559248668751,0.6372283432624437,0.0,16.34490676159836
3348,0.5013270175157022,0.6904966612603053,0.0,51.74236825979384
17348,0.5641364319882382,0.5724591560489667,0.0,7.68268826316952
9539,0.5298503445301164,0.6351606811206497,0.2,17.69240108759864
9445,0.5133854451075547,0.6667283609517289,0.0,28.573645689923367
718,0.4113832334010574,0.8882300575742017,0.0,79.1590617822808
6761,0.43409843007801596,0.8344839731815946,0.8,53.72824921264333
4337,0.4948317930050714,0.7035373862736319,0.0,31.659182382313446
8980,0.4621914144295873,0.7717761567588063,0.0,51.89808389280766
3283,0.3989574824337852,0.9189004280865553,0.0,64.80545409293508
6040,0.48515991392070795,0.7232767229660175,0.0,63.438600709169776
9243,0.45202720207864094,0.7940129193708315,0.0,11.830792574348362
9252,0.47110744357754497,0.7526690929816399,0.0,54.99000209566758
19545,0.403069359406378,0.9086466241361526,0.0,18.51094965775225
16524,0.486760703741247,0.7199826447481948,0.0,6.3790463285970604
11943,0.49793231928585746,0.697291116241891,0.0,4.381079994904313
5119,0.4523271701997544,0.7933495331113974,0.0,37.783274540818596
14952,0.4727422943630037,0.7492048711787291,0.0,5.755653893055744
17202,0.5363863346069527,0.6229006040233848,0.0,8.097707852304001
12320,0.5300608776514447,0.6347634155389835,0.0,8.005953699556944
9210,0.492386607404716,0.7084910836511589,0.0,34.29096682710869
12748,0.39043509843417573,0.940493524708237,0.0,9.0555421125336
18885,0.46299705469585406,0.7700345862641839,0.0,19.94389549049748
9644,0.4688470200066122,0.7574787470999905,0.0,47.06972888246508
5448,0.4915332478495203,0.7102256960072568,0.0,55.887661752760486
7522,0.49502479726406606,0.7031474221852219,0.0,20.39127524337143
8152,0.4750814581352149,0.7442689988393854,0.0,55.82762203203332
2272,0.46613976259436435,0.7632697700930272,0.0,46.68920752735869
709,0.49292242821744187,0.7074034637346179,0.0,35.49573848889702
1478,0.5041806053109388,0.6848207312296889,0.0,27.09493129064448
19028,0.40828463452371316,0.8957907141746504,0.0,67.53814130525822
2391,0.42925037014148665,0.8457149169067605,0.0,71.29376685001063
15991,0.5378890375454862,0.6201029900082445,0.0,7.664473039294583
2192,0.4048220469700188,0.9043076986332413,0.0,54.190641600325065
14331,0.4034205916958269,0.9077756094107376,0.0,31.99228219168905
18617,0.5318362915400662,0.631419559665877,0.0,41.736834339119156
2313,0.5411916911344893,0.6139817354742938,0.0,14.063250901549278
21009,0.6461369165550476,0.43674385252507897,0.2,6.668641178635127
20342,0.5484657354724708,0.6006304707305129,0.0,2.9901485151644396
6568,0.4277573327708898,0.8491992237012687,0.0,70.52599488050276
2220,0.4353084371488808,0.8317004482343243,0.0,61.23394550125213
19043,0.42676072286216854,0.8515317908226305,0.0,55.396394415161126
6406,0.5009858378852932,0.6911774459908366,0.0,20.064881731707878
11421,0.45369654203214854,0.7903267140469099,0.0,6.04690841726253
4941,0.48943237777068493,0.7145089720689757,0.0,26.661902674342784
13270,0.5506428151070044,0.5966689284777315,0.0,8.975690823104973
1964,0.47485800212014617,0.7447394625447886,0.0,56.58902851601865
2505,0.47452138715643377,0.7454485889101182,0.0,40.31013301404678
13742,0.43979931591884874,0.8214367562995919,0.0,13.08055834014531
2179,0.49765571611478454,0.6978467741412521,0.0,44.937840678200644
9836,0.5438657057122406,0.6090529271018085,0.2,17.95031230107395
4498,0.5258095162649886,0.6428162682099889,0.0,49.156159588630956
6668,0.484951832017959,0.7237057084036461,0.0,22.460931928582056
15288,0.47692631868741875,0.7403932681857786,0.2,12.23684949986848
7915,0.5061323670931699,0.6809570488588992,0.0,45.66498322927498
6255,0.4909978533129648,0.7113155232685288,0.0,35.66891452646139
20365,0.48816619075896367,0.7170993762706832,0.0,4.3779994167931555
5995,0.4999446662640617,0.6932578541559185,0.0,43.380610752720365
7103,0.4707290683980184,0.7534725768030285,0.2,18.384732023701815
15612,0.44488649388122437,0.809936099281597,0.0,10.374066762462572
1045,0.48875358533030044,0.7158968319952981,0.0,59.8561372910053
11552,0.4418681213450604,0.8167438094226267,0.0,5.063811462638767
15402,0.5528466134620271,0.5926746876125111,0.2,5.037734844706344
12630,0.5301075289585394,0.63467540818688,0.0,7.99484761271251
8124,0.4949867396327501,0.7032243053929752,0.0,56.96116873683099
18999,0.46419059921704464,0.767460036925831,0.0,51.45819489035143
2173,0.48962662692567493,0.7141121642022239,0.0,48.30254362665722
19369,0.48404219637966867,0.7255831934630663,0.2,13.555709312777442
6427,0.4761351261137156,0.7420535866464044,0.0,54.67080026074167
14955,0.4028527714189961,0.9091841152517629,0.0,7.0343574892981025
924,0.5101228138702144,0.673103770743979,0.0,21.673941931493545
4644,0.4702991929013004,0.7543862061684772,0.0,65.43357010423229
12473,0.5257651421744652,0.6429006637214129,0.0,6.5077616251740045
20025,0.47792836243927483,0.7382944270961199,0.2,30.526261175451967
10059,0.47699732173602816,0.7402444029187242,0.0,40.45065291254238
17495,0.5623005457835369,0.5757187930574968,0.8,7.806746526392651
647,0.49619788379225443,0.7007804725617162,0.0,29.99515735305961
16666,0.5960070839264072,0.5175027262048602,0.2,5.993198995187951
1054,0.4668409494307453,0.7617666587009868,0.0,51.48780567192688
14938,0.37493256707638434,0.9810090903111258,0.0,34.56094980259064
19811,0.4642394953468019,0.7673547061527576,0.0,23.158765265868297
3849,0.44526078218182624,0.8090951410879919,0.0,62.38123414330296
1127,0.4913504801736977,0.710597596920291,0.8,59.246074643229264
18327,0.4869977451456196,0.7194957860013963,0.0,9.471082658264402
2115,0.4474617510936667,0.8041642173365894,0.0,39.04217520580585
4964,0.4522618292767487,0.7934939985496399,0.0,72.56502979969183
8122,0.484437954169803,0.724765917420933,0.0,49.49064056049791
20116,0.5837622709409213,0.5382614493361605,0.0,2.4813852249738266
2658,0.5041146499262339,0.6849515567680544,0.0,30.17211555305623
20515,0.49476578674672594,0.7036707864754794,0.0,21.54639906581407
17102,0.4313845827482331,0.8407552833842025,0.0,10.288322192699123
10945,0.48905037404411544,0.7152897804077404,0.0,6.489466525927689
14497,0.49326660938843025,0.7067054612790281,0.0,12.523174458186707
1622,0.45243895583594906,0.7931024291724972,0.0,36.32409367645691
14425,0.5109526015832604,0.6714784492776968,0.0,3.7488306057053564
4047,0.5097697925613724,0.6737960423041692,0.0,41.58668998319033
20788,0.5345617334415966,0.6263080576342674,0.0,5.053272515512394
1485,0.464154841982569,0.7675370712557397,0.0,22.066690798602522
19347,0.5091580659822731,0.6749967684350059,0.2,14.920870848610384
19442,0.49134202418800166,0.7106148067507492,0.0,14.475223701613123
10340,0.46730114945148116,0.7607813695067271,0.0,61.49776130756014
18284,0.5113824829517023,0.6706374698370402,0.0,11.572855022403006
18217,0.4801613712680426,0.7336330414376881,0.2,16.13992691162914
3785,0.4329280533202754,0.8371837233992017,0.0,53.06907252169654
11717,0.4351919701129581,0.8319680346378366,0.0,8.77726272575785
7425,0.47136026254644264,0.7521325887103124,0.0,49.77237204949422
3838,0.48761655625707806,0.7182259273635276,0.0,47.424457107073096
14588,0.47289256787605866,0.7488870455140447,0.2,7.30689070167773
1715,0.5104718646032809,0.6724197563080073,0.0,14.120814882468153
5813,0.49987238324353167,0.6934024466504984,0.2,59.37258184932851
7518,0.487127449311558,0.719229487239301,0.0,20.372175774781752
16487,0.512513002960864,0.6684291966604741,0.0,7.89949645777145
19999,0.5806570462755225,0.5435949782128381,0.0,5.213075924007128
6899,0.49939066519640046,0.6943665933488068,0.2,52.42224620095422
2355,0.45733244154409647,0.7823447093427829,0.0,41.87500176133575
10784,0.4217830545814852,0.8632641858044782,0.0,75.10398416498961
2473,0.4864037095566575,0.7207163218036338,0.0,56.72758377864309
1395,0.49099340922241097,0.7113245744499871,0.0,43.984759836853684
2337,0.3958677340728224,0.9266751283863156,0.0,86.76458972562148
14149,0.4768372114650105,0.7405801220963139,0.8,5.6839524017755965
8104,0.5228452230146472,0.6484697994148755,0.8,19.1387755919551
3823,0.4922410017663256,0.7087868414342954,0.0,48.74150041616038
8895,0.4901829111724869,0.7129766694250205,0.0,63.02214513037006
5127,0.46910107143938157,0.7569370296183963,0.0,48.34935565436068
16515,0.515913099876125,0.6618169387760958,0.0,6.599307709778037
4757,0.4711978692078669,0.7524771687095965,0.0,40.77297929037222
19831,0.5145293327673062,0.6645027131518123,0.0,26.431924071226653
18206,0.4780696787698869,0.7379987856291926,0.0,15.497974498213045
11919,0.4353055390442816,0.8317071058453401,0.0,6.812513089582764
19029,0.40811372239168964,0.8962094120641614,0.0,65.82209657678334
19775,0.46877224984897614,0.7576382364795253,0.0,19.62661759115074
21041,0.603771988107802,0.5045586554523455,0.2,24.204687880951546
16765,0.5428804820623165,0.6108660899744691,0.0,3.6737182615015973
4297,0.4896021416411494,0.7141621735265343,0.0,43.14967721680321
19941,0.5185529935675831,0.656713051004648,0.0,27.95627438085495
12892,0.47641150312196673,0.7414732958605802,0.0,8.041908139121082
15814,0.5011690525742052,0.6908118045262338,0.0,10.549042116914011
4803,0.4919585323622966,0.7093608498583798,0.0,51.71595189300618
16348,0.48465235883160246,0.7243234309727222,0.0,7.287417945072022
895,0.4668181990586767,0.7618153924859229,0.0,28.099562379256525
1182,0.5074283175236947,0.6783998243011166,0.0,37.93102914108019
9944,0.47953002001123823,0.7349487797127683,0.0,45.166275799372485
60,0.5104718646032809,0.6724197563080073,0.0,14.120814882468153
15166,0.4219069569830268,0.8629704703385273,0.0,16.472941875666997
5560,0.5183428442601427,0.6571183941503165,0.0,61.095581693442575
14368,0.49272329032519274,0.7078075397453232,0.8,6.785397098571686
17531,0.5496359087732767,0.5984992040123954,0.0,18.17641961581701
8780,0.504660645559667,0.6838690645833382,0.0,33.52668193469954
13807,0.5300559943875612,0.634772628228664,0.0,4.030806431398558
10469,0.4578131054074933,0.7812942449457303,0.0,22.317669033930414
20310,0.45201726670111847,0.7940348992133415,0.0,32.96038884808597
6765,0.4714725063252582,0.7518944896898887,0.0,59.42974115346877
2094,0.47554211305350164,0.7432998350856028,0.0,62.574697637448466
8359,0.39178221240374356,0.93704917418646,0.0,33.46670782449284
14041,0.4876117587991446,0.7182357659989721,0.0,7.943471596264105
18018,0.48310766976253955,0.7275157314092381,0.0,9.576653208294406
17218,0.46579697561789457,0.7640054144299727,0.0,10.544592924581572
18733,0.5100688085822349,0.6732096435757909,0.0,17.190408145984183
11856,0.40043120407940186,0.9152133023113944,0.0,6.598367730420394
9181,0.5053887195314475,0.6824274041595109,0.0,55.76455543502458
9917,0.4961071762188502,0.7009632945129736,0.0,49.06743061590815
1932,0.4687176954924647,0.7577546203550946,0.0,49.27299534483181
1170,0.5104718646032809,0.6724197563080073,0.0,14.120814882468153
15327,0.4533928589263239,0.7909962910849608,0.0,12.62430083589009
3220,0.47649725037060914,0.7412933263754442,0.0,36.15102082355348
19668,0.40846126704642227,0.8953581866893621,0.0,25.367287093302714
11515,0.5253462485405622,0.643697712749289,0.0,4.561950078687376
18995,0.546517387259268,0.6041891562096786,0.0,8.846658747004557
18457,0.5271847806320026,0.6402041645109874,0.0,7.161643932703678
14455,0.5536345021910061,0.5912505532987907,0.0,4.232762804666881
14060,0.5349965147414246,0.6254950466093601,0.0,8.509860121050714
17248,0.41979626590448205,0.8679857665744642,0.0,56.48416448874505
8141,0.5104718646032809,0.6724197563080073,0.8,14.120814882468153
7961,0.5400543360564221,0.6160855221591962,0.2,16.683595893067437
2045,0.4043561964997993,0.9054591149631935,0.0,62.96563113756545
16429,0.47921346903641315,0.7356091252378104,0.2,6.691946617917435
474,0.43584067383244546,0.8304785294076196,0.0,63.88040379335831
12099,0.5618562691614728,0.5765092106207553,0.0,9.112879810143951
5647,0.4736769632914453,0.7472297016653229,0.0,24.602910766857804
5790,0.39809233036747244,0.9210713147543346,0.0,60.26569640546478
19819,0.4979548671582252,0.6972458342608022,0.8,5.416136075275414
9420,0.5291677092385761,0.6364498666707088,0.8,18.011531348174238
18300,0.46891364605141544,0.7573366510464306,0.0,43.0167240906453
15189,0.4181565249415569,0.8718994549679495,0.0,14.5389244094003
3600,0.4759252068381322,0.7424945655880106,0.0,46.670608710199076
14808,0.42759034037082644,0.8495896904259204,0.2,1.7926428423460135
16096,0.5069271502247459,0.6793879736346854,0.0,6.595838079832518
18357,0.5539066253205727,0.590759152793143,0.0,26.52597138701404
4891,0.5062078301047802,0.6808079625893646,0.0,55.860295408118375
19057,0.4426964392269625,0.8148709825857128,0.0,37.81001328112846
1310,0.5071506915053052,0.6789470976486786,0.0,44.78334734933457
14727,0.43215687888761123,0.8389666110862474,0.0,13.308107228274872
21064,0.5483202497132322,0.6008957654407971,0.2,8.665217266342772
1312,0.5021096880501752,0.6889366810665307,0.0,46.19664935916301
11419,0.45643946981206635,0.7842991839883546,0.0,13.04603174087056
3768,0.42959237121930766,0.8449184938145505,0.0,91.09488947340506
18915,0.46665332019567374,0.7621686520365717,0.0,19.3781373965413
4393,0.5025162428716247,0.6881273154486833,0.2,45.2822182031004
8596,0.39908543912297556,0.9185797518752125,0.0,60.102673445523436
12570,0.5220955549081661,0.6499046524724614,0.2,5.593729262017222
13029,0.5144595373532324,0.6646383714008129,0.0,8.681839360271663
16933,0.4167985771600242,0.875152202272357,0.0,72.67045299925528
15422,0.49889294766290815,0.6953637399879404,0.0,9.04111957809959
13711,0.40133284188380736,0.9129641663242384,0.0,15.605296871109854
1450,0.46275922460284236,0.7705483934152929,0.0,45.745531981235104
9355,0.4343810376215904,0.8338331631991825,0.0,41.00374834497667
6577,0.43394399337407846,0.8348398007342454,0.0,75.25871698771061
13010,0.5436684635564842,0.6094156599032093,0.0,8.164646617392641
3880,0.4639511583285428,0.7679759945193065,0.0,44.3813275671819
11988,0.49475097503944243,0.7037007237294132,0.0,3.109653560908249
12510,0.5745946758674769,0.554090398286564,0.0,7.012013842358369
11485,0.4068459437078433,0.8993206818834119,0.0,12.79733374918365
3352,0.5039844102928068,0.685209943347888,0.0,52.017710862714864
13335,0.39241689742961405,0.9354304904708269,0.0,15.444145397991464
18884,0.46156980543205106,0.7731219787699376,0.8,16.23556155416869
20607,0.52201282173046,0.6500631286991259,0.0,7.043433714278715
12358,0.5377185050538068,0.620420080557268,0.0,9.294420152219447
9410,0.4864623685217992,0.7205957317932828,0.8,41.45227057095042
89,0.4707290683980184,0.7534725768030285,0.0,18.384732023701815
8304,0.5056258336797449,0.6819583423603671,0.0,54.849909684161496
7069,0.5164651755104012,0.6607474166831497,0.0,14.019408767173974
16551,0.4937095936724326,0.7058078017156574,0.0,6.142645178517648
13295,0.5190586091743776,0.6557384750737741,0.2,5.490301827171564
5605,0.5047493381555997,0.6836933330221454,0.0,29.009110936859365
3327,0.4707290683980184,0.7534725768030285,0.0,18.384732023701815
7021,0.4552097656068778,0.7869969429579632,0.0,51.78440124835805
20004,0.5827736993251252,0.5399563338106116,0.0,5.170081793248108
15004,0.42236056886950923,0.8618959011617178,0.2,7.242510946758015
11950,0.561566658092065,0.5770247975271602,0.0,3.756719780313045
12274,0.4881097158132506,0.7172150709127324,0.8,12.068219346937758
13359,0.5058327608109645,0.6815491765571723,0.0,9.892686206730724
3567,0.47048235931419025,0.7539968141469757,0.0,56.77218874058714
3246,0.5344189516442723,0.6265751939823145,0.2,17.208886603234717
2012,0.5044312504780252,0.6843237210650605,0.0,21.214035353016875
15673,0.3703240050272152,0.9933769672732771,0.0,4.418043904449616
1845,0.4712875564341582,0.7522868480444235,0.0,48.79332398844747
5407,0.4759237243758089,0.742497680498948,0.0,54.81118421264778
17227,0.4590382094165258,0.7786218274700795,0.2,8.458169217738748
17681,0.46602586759494463,0.7635141365367103,0.0,25.665528981214642
12453,0.47900092430724106,0.7360527519128727,0.0,5.465927822747363
19033,0.4143484581480579,0.881047972828176,0.0,66.21075650240994
16922,0.5245282691878669,0.6452559551952106,0.0,4.286757996183601
8392,0.49435587881487647,0.7044996187002447,0.8,40.92790352092284
77,0.5215364357917165,0.6509761396919508,0.8,19.38948687603063
12933,0.4762751013775029,0.7417596476256868,0.0,12.789049598366102
14001,0.37493256707638434,0.9810090903111258,0.0,34.56094980259064
8617,0.5077143809329288,0.6778362317791174,0.0,19.677586273980978
13147,0.436002382475554,0.83010757125456,0.0,5.701428195174417
6607,0.4678437189120659,0.7596209727814242,0.0,22.032804229163887
21050,0.43717107293666585,0.8274306892404737,0.0,5.418967986144889
10410,0.4983038435282704,0.6965452604428268,0.0,11.005762997031818
9090,0.5424639945925057,0.6116335651848055,0.0,17.324520033900548
7895,0.5085667687487637,0.6761587668060064,0.0,48.61919530179677
11721,0.5505272398082117,0.5968788421031541,0.0,5.503819919155701
15430,0.5536743232272983,0.5911786293054201,0.0,5.019401995383528
7593,0.5078330158360661,0.677602594424417,0.0,31.78972633778522
4779,0.47666169619057225,0.7409482720228874,0.0,51.07356179016375
2750,0.4450028963154068,0.8096744882631297,0.8,45.196029687754844
15833,0.620333444880457,0.47749813118997286,0.0,2.673989489126078
1609,0.4697610280585285,0.7555311645223447,0.0,55.180221367727206
20502,0.561188432661129,0.5776985427603963,0.0,13.327505756119004
13404,0.5076029995917511,0.6780556337981528,0.0,10.238640975654047
5858,0.4993008698172527,0.6945464194036827,0.0,46.07273609526705
10320,0.5007858740639853,0.6915766663353092,0.0,49.87996705943417
13944,0.5585095085294995,0.582483635497844,0.0,9.73009800471767
11962,0.4615721159711423,0.7731169729543904,0.0,5.645686518047004
14256,0.49671436814268183,0.6997401300822996,0.0,8.701268477533944
14404,0.5219961741220491,0.6500950203944627,0.0,4.509221566611724
16172,0.5092913552046248,0.6747350191122808,0.2,8.983084949785793
10032,0.4014210287718751,0.9127444554224388,0.0,12.618692357353499
4015,0.4582355745022427,0.7803718722946544,0.0,58.586418907897674
2616,0.44114247346070806,0.818387386638966,0.0,38.53376622873955
11307,0.47580573253287006,0.7427456329873088,0.0,10.83665836736575
18047,0.48467615047232715,0.7242743420611694,0.0,26.08111922339595
1415,0.47084164703420006,0.7532334473677711,0.0,40.059328354241195
20370,0.4199894551383551,0.8675256748333445,0.8,5.494040050734027
18426,0.5280787265453767,0.638509903085031,0.0,6.619431926581761
4467,0.4712875564341582,0.7522868480444235,0.0,48.79332398844747
11229,0.4387745917282788,0.8237694562496347,0.2,80.90651412882401
18218,0.500670267908553,0.6918075424587872,0.0,11.451836275487205
14413,0.4697374409068155,0.7555813767419429,0.0,10.20034858601623
18170,0.5244249406653222,0.6454529678396419,0.0,23.242761519637963
17484,0.5444377813593211,0.6080016106141416,0.8,21.894138137375766
4285,0.4899073230505293,0.7135390423976259,0.0,43.84340352043185
962,0.5073478102292203,0.678558494361323,0.0,35.71931614052557
7597,0.46693241929321205,0.7615707442193298,0.0,28.72263782927665
19311,0.5162963121703938,0.6610744299258517,0.0,3.8891009607776437
16973,0.4336220948779241,0.8355818733331747,0.2,9.15171035611938
4625,0.4648040331816823,0.7661393962409417,0.0,27.06387475672925
14820,0.32670140469838604,1.1187086607259966,0.8,17.306421679833033
12368,0.4759672354475585,0.7424062602131877,0.0,8.724758262407287
20031,0.5816190193948871,0.5419396514493658,0.8,5.1836529263317015
14113,0.4128933530417252,0.8845659444475096,0.8,9.621423649530213
3798,0.5063567675711844,0.6805137838913928,0.0,52.14164553485788
15250,0.5666700715109769,0.5679780290752078,0.0,6.349426330698478
17410,0.4941963069386182,0.7048224582628775,0.0,22.443309611198853
824,0.5263640633798017,0.6417621699568322,0.2,53.92727558213572
526,0.46637097932570043,0.7627738685968184,0.0,25.114710219032165
5759,0.5363726158576407,0.6229261805973333,0.8,19.105146006445707
5349,0.5339892868593572,0.6273795022843169,0.0,18.921766889795922
15792,0.44932387961120085,0.8000113158402742,0.0,11.938168585964405
12091,0.48977335310422176,0.7138125395695176,0.0,13.386127420454404
967,0.4707290683980184,0.7534725768030285,0.0,18.384732023701815
1034,0.4883531849375188,0.7167163952761538,0.8,40.05727889453527
1597,0.5040269305398827,0.6851255787274146,0.0,52.038711973196506
646,0.4707969977028421,0.7533282806281538,0.0,9.239570902109222
4069,0.49571676837861584,0.701750546852513,0.0,42.764677361484424
539,0.49475453178331136,0.7036935347974781,0.0,44.66342951259683
712,0.49391445639884,0.7053929419735706,0.0,48.19915120479864
4841,0.5055306944018672,0.6821465214909296,0.0,47.81165239756902
5923,0.5143542673500343,0.6648430148515213,0.0,41.93165001187887
9321,0.46876450764010946,0.757654752544213,0.0,24.946160768753693
17174,0.4120020688873083,0.886726908074082,0.0,10.432341532276423
9989,0.48926346687826827,0.7148541475287823,0.0,56.09460310225607
6350,0.4986012255164943,0.6959486499805493,0.2,50.348405932389525
1139,0.4718109807708751,0.7511768380723761,0.2,52.64247418755799
693,0.48339272054727045,0.7269258696857379,0.0,36.02281446711904
2078,0.5060376842827299,0.6811441376007317,0.0,22.17260269917998
1867,0.5000001763935218,0.693146827772964,0.0,48.54835347899401
10448,0.4928481691218629,0.7075541257566338,0.2,41.76338335242722
5555,0.5273484233139805,0.6398938040924076,0.0,59.49412545909114
14742,0.3866485931909442,0.950239026389824,0.0,33.47692046472859
3515,0.47107264379146757,0.752742963755518,0.0,39.575459022257135
11151,0.5334373684636451,0.6284136125759126,0.0,19.24202594376206
4982,0.5039125934018248,0.6853524517407898,0.0,52.933197028505845
18928,0.4747707292167628,0.7449232668058628,0.0,8.340161501852155
9952,0.49152698500789166,0.7102384375289243,0.2,39.93670430778543
13436,0.5016123397320615,0.68992768922427,0.0,9.665887083943938
18162,0.5122239681693986,0.6689933117598081,0.0,11.544482609709835
1335,0.46891364605141544,0.7573366510464306,0.0,43.0167240906453
1797,0.4715267202921478,0.751779507693257,0.0,61.894008244935236
19035,0.3998875880941288,0.9165718011350974,0.0,87.39603241152321
12815,0.5565603358070037,0.5859796940052046,0.0,5.193245149887883
9061,0.43098604972180427,0.8416795566370124,0.0,56.123193093416205
11895,0.4595592664752324,0.777487365144055,0.0,13.240609620791734
18415,0.5618710234969684,0.5764829509835768,0.0,9.572498862300849
18935,0.5470222799220145,0.6032657462707889,0.0,11.083499601181401
10972,0.486771243753518,0.7199609916071787,0.0,3.1995064362568564
1164,0.4884770781718925,0.7164627314827253,0.0,47.020375728725895
6845,0.5092381871843649,0.6748394206403573,0.0,13.95230450687777
4913,0.5068819352391354,0.6794771718600491,0.0,15.78595409507851
17320,0.31367984080878253,1.1593824284937821,0.0,88.37971757066487
4411,0.4707969977028421,0.7533282806281538,0.0,9.239570902109222
20705,0.5825521395703592,0.5403365875560288,0.2,25.2882929557601
8769,0.5383806378063772,0.6191894637678658,0.8,17.48591031508331
1625,0.4524592790596837,0.793057510919915,0.0,36.429100878479375
20017,0.3981313747468953,0.9209732408607708,0.8,6.441287247088919
18960,0.4424482509696663,0.8154317683341881,0.8,20.353176191071253
10228,0.5120340284299784,0.6693641943738139,0.0,44.7737731065387
748,0.5036499055839577,0.6858738840570647,0.0,53.51188074810034
11062,0.5239455845223377,0.646367446384915,0.0,4.156788889896836
10775,0.4360303245731785,0.8300434862783701,0.0,10.097479176810516
19357,0.4761904828922195,0.7419373306557164,0.0,18.86375606586833
8977,0.4566941514838459,0.7837413649081152,0.8,56.11588053152663
4463,0.49761311085754295,0.6979323897178942,0.0,51.552774475567816
11545,0.39978055103051763,0.9168395048462082,0.0,4.779598716366154
19389,0.4808221659763536,0.7322577945435472,0.0,49.81183759116151
15790,0.45208383881630115,0.793887632243095,0.0,10.114922461717558
10686,0.5185720579739037,0.6566762870555092,0.2,19.979375532659617
3551,0.5009904123731783,0.6911683150600706,0.8,55.41442176921947
6591,0.4908000425784308,0.7117184793922655,0.0,21.454753208331077
4333,0.47524396162520144,0.7439270033751129,0.0,42.850194259263986
826,0.5324256491477234,0.6303120171608412,0.0,53.2109405368072
7641,0.42999673986066117,0.843977652042663,0.0,70.19615675618134
4911,0.4713168623148228,0.7522246673881671,0.0,53.62609722678468
2153,0.4690317364369617,0.7570848445161676,0.0,64.60204828077885
16495,0.5130791290595182,0.6673251980269449,0.0,6.752329853314452
16282,0.5444324241257609,0.6080114505997217,0.8,8.217274963599404
11430,0.4205231485266444,0.8662557510804195,0.0,6.967121504638688
2518,0.4525773688387427,0.7927965495986175,0.0,58.73036682164059
14107,0.479648334403907,0.7347020802481189,0.2,7.1392474345088
14786,0.4481293220283759,0.8026734229810362,0.0,20.588574524246024
19702,0.5263617212026473,0.6417666196951946,0.0,25.580817852753714
19452,0.4689304829374081,0.7573007455361778,0.0,16.092640842643775
15418,0.4959610672328796,0.7012578488200818,0.0,9.11775411431962
5990,0.4707969977028421,0.7533282806281538,0.0,9.239570902109222
9026,0.43879310065182364,0.8237272739229418,0.2,59.258938954799156
12419,0.3998875082554998,0.9165720007877981,0.2,6.601151241986589
18880,0.49782537018747974,0.6975059257280132,0.0,25.396190649326
3961,0.4818474155008379,0.7301277803998835,0.0,48.955067118768895
1744,0.5104718646032809,0.6724197563080073,0.0,14.120814882468153
11529,0.4067905752522512,0.8994567830892631,0.8,6.514765507364775
13302,0.5466998213658197,0.603855399831155,0.0,11.406828134246432
4817,0.49569497940548246,0.7017945022992497,0.0,39.46190186589722
2222,0.4415557696254775,0.8174509483981317,0.0,72.01742730654425
13278,0.4724869707834227,0.7497451074900778,0.0,7.662395019998975
20040,0.5045621032936368,0.6840643480655137,0.0,4.497723121149483
16896,0.5357974714622525,0.6239990410648235,0.0,6.273062045616168
13561,0.5121080087808848,0.6692197215402671,0.0,19.775442899158424
719,0.38848445819561567,0.9455021146191319,0.0,61.519093789244266
12994,0.47788524340709143,0.7383846518678723,0.0,12.198113730595203
19380,0.5059983236606793,0.681221922623718,0.0,12.786874924016253
18333,0.5182591058342656,0.6572799574698753,0.0,7.723927092987039
11111,0.4248773003976957,0.8559548566876146,0.2,26.96257798565986
3375,0.5100888028607385,0.6731704451651102,0.0,47.14885859567026
9672,0.5530734300655492,0.5922645013462802,0.0,8.57302831809094
17960,0.44792418526073213,0.8031312902167733,0.0,56.259346266944426
1810,0.47037135558793486,0.7542327779849503,0.0,55.22869977141953
17099,0.47094746028238477,0.7530087404821044,0.0,10.334480624510327
16482,0.5041928207601032,0.6847965032029496,0.0,10.070617274223213
13912,0.5257280930668178,0.6429711332335715,0.0,10.740832731612006
17974,0.4441854898351923,0.8115130338923777,0.0,56.84648740502574
11487,0.430888518218075,0.8419058807629898,0.0,13.193085937492397
6389,0.5214206899098468,0.6511980968165393,0.0,19.396097924411436
4816,0.49693980800948107,0.699286370864902,0.0,37.327904556121084
4029,0.41106241356515816,0.8890102181923651,0.8,57.47451874526806
15192,0.40970874935746787,0.8923087391350826,0.0,14.879249246243813
2100,0.5228229758388472,0.648512350533534,0.0,20.18656730063639
16902,0.38706871851940555,0.9491530344819444,0.0,5.430104242337075
11,0.4856161131698401,0.7223368578066331,0.0,62.157087440909706
3408,0.5109639337888955,0.6714562709387751,0.8,47.75195600968604
12992,0.47946319932766873,0.7350881356171275,0.0,12.143655635856915
19667,0.4074198294186186,0.8979111032796263,0.0,25.439616323138594
9959,0.5081843625982232,0.6769109787422058,0.0,53.73826825912849
20313,0.5421073444306752,0.6122912446971689,0.0,25.085573042668848
162,0.5070378583904395,0.6791696067971853,0.0,51.124493187988705
14277,0.4650627464380377,0.7655829439217464,0.2,29.156076514519032
10196,0.5104718646032809,0.6724197563080073,0.0,14.120814882468153
12773,0.5716210457526153,0.5592790145828579,0.0,3.1573537753812198
14626,0.48352207788182017,0.7266583025008492,0.0,4.410997239205933
20090,0.4431178611842929,0.8139194919879007,0.0,24.835532592644768
6637,0.4876159972787976,0.7182270737122183,0.0,45.13697584454868
16007,0.39906848116650706,0.9186222448231013,0.0,4.40736586508394
13941,0.5010668456092106,0.69101576242783,0.8,11.587643357056503
16242,0.5591374119711695,0.5813600185554734,0.0,9.605810894665796
10944,0.4878556166994154,0.7177357843256206,0.0,6.502327494160809
171,0.5046316925978231,0.6839264373796179,0.8,51.16454032857156
6493,0.5104718646032809,0.6724197563080073,0.0,14.120814882468153
482,0.47089700353258734,0.7531158850304543,0.0,13.748128412736392
16815,0.45380233954380783,0.7900935511983675,0.2,2.5622733164615568
8640,0.43938982377022984,0.822368278675709,0.0,71.52137020029394
3450,0.464154841982569,0.7675370712557397,0.8,22.066690798602522
13916,0.5024774743161466,0.6882044672852256,0.0,11.54050074866003
12813,0.5299638786749872,0.6349464282019414,0.0,3.866966598827739
8916,0.5150687604496013,0.6634548717946745,0.0,21.24548302463389
1109,0.4689314806851732,0.7572986178291082,0.0,45.29024695924397
9860,0.5576715437549603,0.5839851211757346,0.0,8.453184294859792
9715,0.5129743246085559,0.6675294845598778,0.0,49.96124254031648
2090,0.460660184042659,0.7750946356879441,0.0,65.12926461853877
14126,0.4513577526542356,0.7954950107947377,0.0,24.46544838938617
893,0.466774822549752,0.7619083162930893,0.0,27.722035715935817
1046,0.503092119057286,0.6869819863714497,0.2,56.3462602160334
10291,0.5231498876720676,0.6478872638696835,0.0,19.07056311961534
13693,0.4430653786311025,0.8140379382660377,0.0,13.436917426728082
18014,0.44666041992501226,0.805956660045594,0.0,16.80419628508862
14500,0.5041619964331537,0.6848576410612381,0.0,8.215021465103485
4788,0.49544691901702337,0.702295057051366,0.8,61.457841942829134
16349,0.5001124972708049,0.6929222113258114,0.0,21.34269777381038
12573,0.5258081032341744,0.642818955557154,0.0,4.375347194026013
3217,0.5158685672953711,0.6619032604896878,0.0,55.487354063792154
4685,0.41806494527072363,0.8721184870652148,0.0,72.03698570083952
7309,0.5170771842120061,0.6595631231370188,0.2,54.45683087206949
4016,0.4775529665341867,0.7390802005341144,0.0,53.49832471387474
15813,0.4927526111656106,0.7077480337941738,0.0,10.807666817127027
15376,0.49407088023673584,0.7050762898262107,0.2,4.503797886491793
8309,0.45216745202593994,0.793702698672695,0.0,38.89143223496205
5097,0.545307079541806,0.6064061942959489,0.0,52.0999936545753
16770,0.3724058894377543,0.987770918887537,0.2,8.560764037057874
11922,0.5134660667849399,0.666571334007488,0.0,12.211586635595753
9154,0.5248295262312517,0.6446817810613236,0.0,41.15326090382578
17017,0.4874874113618018,0.7184908117252368,0.0,52.47845991321188
12865,0.44813501658959365,0.8026607156558142,0.0,5.180773557050422
9515,0.48176945210388217,0.7302895944978861,0.0,53.205248072843446
8342,0.49993056506026917,0.6932860600827214,0.0,45.02893013130804
20381,0.4834307476650458,0.7268472056502749,0.0,11.936648678423968
19076,0.45303618449409033,0.7917832792187403,0.0,12.302333758005904
9106,0.5381460712824541,0.6196252477120168,0.0,18.687896785526434
15827,0.5430965592883678,0.6104681492801909,0.0,7.9360859406424815
408,0.4713774131137784,0.7520962041087833,0.0,47.06242054591098
1527,0.5413071475722291,0.6137684208100203,0.0,14.058364929424485
15747,0.4921483897633081,0.7089750027535613,0.0,2.224409062687658
14668,0.5239965219403915,0.6462702322014602,0.0,7.232410312788071
12248,0.5530071414003456,0.5923843636185108,0.0,7.370445917695992
3296,0.48862032872813405,0.7161695149492328,0.0,36.50316105119276
505,0.478826636319105,0.7364166754356948,0.0,45.904529979867746
18296,0.5017971980556423,0.6895592288524865,0.0,13.754982875362558
12070,0.42605444025352857,0.8531881468553596,0.0,7.8672480681406505
18267,0.5038557978847876,0.6854651671575233,0.0,16.775387762417964
4610,0.5016991922676106,0.6897545574840358,0.0,51.15909426561262
654,0.4588166819955898,0.7791045343277977,0.0,29.99552457162021
19660,0.5373101130953895,0.6211798593597454,0.2,18.56706561712469
669,0.5049978215582984,0.6832011634620252,0.8,22.209161612745334
10202,0.49428728507709185,0.704638382089099,0.0,45.029914947249594
14347,0.47079356902072694,0.7533355633734071,0.0,11.336946013839787
17646,0.40921861479429944,0.8935057552396797,0.0,69.23776247324253
6198,0.5124683861831436,0.6685162553685075,0.0,19.20312841538552
12989,0.42373861630188914,0.8586384848326581,0.0,14.31779771721834
20274,0.5324310080006345,0.6303019522326179,0.0,10.33632182045679
17689,0.4929188315753211,0.7074107603294502,0.0,11.708709426271756
11607,0.45852267310160294,0.7797455379049804,0.0,12.259938759336773
3983,0.40467499325492684,0.9046710198299901,0.0,42.51953793200954
12587,0.3961188735967272,0.9260409269240929,0.0,8.06211261360181
14319,0.5100150587535246,0.6733150267319826,0.0,20.876134407249655
17737,0.4682221577087421,0.7588123997381236,0.2,9.904399397563381
20176,0.49117733416870435,0.7109500470072163,0.2,28.617161867091024
17083,0.488743841408198,0.7159167684612902,0.0,7.419761276361577
18248,0.5401421685212604,0.6159228990352373,0.8,22.17938373523246
17459,0.5347390472992885,0.6259764131381432,0.0,22.541410780379163
14874,0.4177594814166101,0.8728494153749409,0.0,30.761394122895712
8694,0.5139216106711378,0.6656845335794747,0.0,23.589862364445317
8330,0.47081382497644747,0.7532925391663909,0.0,11.698632213707484
9322,0.47325409768565463,0.7481228303234188,0.0,24.632317473563226
5842,0.4745143429283312,0.7454634339320271,0.0,50.46414693253119
6879,0.4707290683980184,0.7534725768030285,0.0,18.384732023701815
2096,0.4998986156113272,0.6933499698976588,0.0,69.88967379177973
18642,0.4365795089928514,0.8287847691036212,0.0,21.47381324101231
9235,0.4702424315448371,0.7545069054656841,0.0,49.680508111416906
4399,0.45930901179468686,0.7780320671272474,0.0,60.25702601527718
12917,0.45621341077748123,0.7847945728574769,0.0,14.495155970240358
13203,0.4910946576685764,0.7111183842926325,0.0,4.81932012440898
2765,0.43668656348536083,0.8285395872594625,0.0,67.6585394085549
14328,0.41982836571182314,0.8679093042932304,0.8,26.45127207221508
13969,0.43156443495372154,0.8403384517883534,0.0,16.465297391762203
2947,0.5131168849446465,0.6672516138683046,0.0,37.42613930564336
19869,0.532929791706282,0.6293655863700324,0.0,5.124609088948756
1992,0.5202838059370369,0.6533808356426044,0.0,20.846117256043353
19733,0.45342549167967583,0.7909243191109835,0.0,11.235870759622296
10200,0.4990072529283656,0.695134648409665,0.0,43.7517711645539
3254,0.5364555574085059,0.6227715583510178,0.0,16.99138704254807
12390,0.593163739043403,0.5222847982950909,0.2,3.1993598005387525
8859,0.44360198998832867,0.8128275375188531,0.0,57.751399021267304
6890,0.4521908716199943,0.7936509059408824,0.0,65.88492947227628
19654,0.5108210885128451,0.6717358704119778,0.0,11.336886187569128
5130,0.4708748466579761,0.7531629386233407,0.2,53.9791864320523
18590,0.4768026579220702,0.7406525887455483,0.8,15.838855779845472
6864,0.4572868304284509,0.7824444472710795,0.0,43.973375548803716
8041,0.5066695374483418,0.6798962878095125,0.0,19.900563358617
5336,0.47878986977847166,0.7364934630441315,0.8,53.776912786384685
9347,0.5039344942398633,0.6853089911041309,0.0,46.864854206387605
2105,0.47876841836574713,0.7365382674450619,0.0,54.32338070211829
8504,0.5099131984055522,0.6735147669540936,0.8,47.361553068161584
1561,0.4653675966086707,0.7649276553580836,0.0,57.2835232921894
8368,0.4738918199129204,0.7467762113668547,0.0,68.03504924345546
2991,0.4072404680338408,0.8983514374612154,0.2,36.93122814234076
7933,0.4707290683980184,0.7534725768030285,0.2,18.384732023701815
15382,0.5212465557809352,0.6515321135054691,0.2,13.768176913389112
1712,0.44332826219554317,0.8134447851565387,0.0,31.573855115709037
14063,0.4329028860143943,0.837241857856507,0.0,26.853694850653028
7098,0.49903634698787946,0.6950763462282282,0.0,44.168627799855784
9926,0.4987359695250087,0.6956784424519337,0.0,48.168776523045054
6089,0.4331773290633738,0.8366080988734763,0.0,84.5810775195458
6211,0.5289588985884255,0.6368445465725592,0.0,16.064403322887436
2520,0.47556053808935944,0.7432610905066913,0.0,56.71825767259544
14549,0.4646914737204296,0.7663815909819965,0.0,12.186233695745809
7205,0.5482210097977698,0.6010767707880609,0.2,50.045649780463584
10912,0.515913099876125,0.6618169387760958,0.0,6.599307709778037
17234,0.4868460263839189,0.7198073734805459,0.0,8.562828792255143
13020,0.4898810378721444,0.7135926972060307,0.0,7.351075739195209
9878,0.529834820052462,0.6351899812905009,0.8,19.722648434458556
19684,0.484827087241758,0.7239629727644434,0.0,23.73983188768604
7953,0.5311786785989803,0.6326568198051018,0.0,17.735901537409227
13446,0.5461731977960743,0.6048191414576247,0.0,17.84367704386184
20433,0.5590734927836309,0.5814743425838591,0.0,13.414612905957743
4226,0.5164651755104012,0.6607474166831497,0.0,14.019408767173974
10211,0.44452612356930304,0.8107464550705106,0.0,13.432041600569217
1599,0.5014429572464588,0.690265422323777,0.0,52.557498720675994
5716,0.4885272273319406,0.7163600724467116,0.0,50.07357015710386
15865,0.5342394096172333,0.6269112078764395,0.0,10.45499794351854
21099,0.5569788362620214,0.5852280357156373,0.0,3.4574686282636247
5041,0.4818882635258725,0.7300430102166309,0.0,52.603249323950784
7779,0.4064899653947436,0.9001960356747453,0.0,39.65363811865281
13759,0.42135164940211767,0.8642875222060689,0.0,15.878690133774219
4281,0.4983294145717515,0.696493945591995,0.8,47.57053329563699
14057,0.42978268318587726,0.8444755859858787,0.0,6.166107282141265
17983,0.48108044331951333,0.7317207810312214,0.2,60.96332144933716
4384,0.4780295729038831,0.7380826804046714,0.0,63.46773092684497
15605,0.5275403822289385,0.6395298625735135,0.0,9.035916632987394
1740,0.5234591372098678,0.6472963086238409,0.0,19.626025114555432
13846,0.42361070523776956,0.8589403935303809,0.0,16.396013147168297
1326,0.46891364605141544,0.7573366510464306,0.0,43.0167240906453
1920,0.48811333867199597,0.7172076487181248,0.0,29.47723326794291
3086,0.4211476953961645,0.864771686404407,0.0,75.23513671718342
15089,0.4476672560314086,0.8037050546020189,0.0,15.448215826757428
15251,0.5370853694567918,0.6215982223285507,0.0,8.142936356822657
1210,0.43832968478857426,0.8247839467492802,0.0,37.96068240765605
15514,0.5669132180614329,0.5675490415338043,0.0,4.8488550707194324
14516,0.4902389343102104,0.7128623856847253,0.0,9.06974850833764
2599,0.46855427027265195,0.7581033456502879,0.0,48.79532022329731
11573,0.5397062040999273,0.6167303539633059,0.0,9.253113268118003
7113,0.4546316992507967,0.7882676400105619,0.0,36.36554750386114
20182,0.4937794539646268,0.7056663109467665,0.0,12.185409942054312
10682,0.5198579569887056,0.6541996643586577,0.0,17.257787220648602
3398,0.47261696160069694,0.7494700249015079,0.0,30.90739459706939
19045,0.42141885720031613,0.8641280296803708,0.0,45.58707183238944
16184,0.4842330210603019,0.7251890396529374,0.0,23.550514339366806
15062,0.4645355186834393,0.7667172571641663,0.0,3.2535647677887676
11391,0.2998902958751648,1.204338551619441,0.0,6.725327237584867
19966,0.4507141226193588,0.7969220149209942,0.0,8.727092965639702
17650,0.40696171234463313,0.8990361708279807,0.0,69.39660079157353
2897,0.4871103960525659,0.7192644956493622,0.0,51.74425175150418
18704,0.42657706202328055,0.8519622436748936,0.0,52.02507324001529
1466,0.5119230746203749,0.6695809101126025,0.0,23.073758826584886
12672,0.5036192164963995,0.6859348192865778,0.0,9.232339914751657
19912,0.5419809421004365,0.6125244403370111,0.0,3.061795412039153
14428,0.4748890958508018,0.744673984628124,0.0,7.543547549504069
7506,0.5318188350373754,0.6314523832799531,0.0,42.33888302156076
17499,0.42352560356170244,0.8591413096650559,0.0,5.681501408713006
18021,0.5482487459901424,0.6010261789824373,0.0,18.634819040865377
13082,0.5068303978938707,0.679578852274945,0.2,6.273871716629277
235,0.4621946001638018,0.7717692641097089,0.8,54.83806235277456
17476,0.5423166694107633,0.6119051872509742,0.2,25.005507087631862
5056,0.48349083511057495,0.7267229195723202,0.0,60.390673507568636
12197,0.4402038302096361,0.82051740886076,0.2,25.7154269259994
19656,0.5045236436855793,0.6841405747057001,0.0,11.805871341988126
5381,0.46250539653683836,0.7710970539099713,0.0,50.99881438650809
7367,0.4990522071457354,0.6950445651647312,0.0,52.20827102757342
11806,0.5281088710679089,0.6384528213268119,0.0,12.84726716505424
10446,0.4764042125092593,0.7414885991612877,0.0,48.80477937051159
410,0.47361748747072435,0.7473552715359185,0.0,43.866017434726004
11638,0.40678021493872285,0.8994822518343406,0.0,5.651829405224947
7371,0.4827035328125916,0.7283526174848144,0.0,52.0935994172309
1411,0.4438904709869211,0.8121774339485409,0.0,38.25355589969186
6792,0.47788486973406974,0.7383854337986243,0.0,56.397874588785875
8055,0.5416774416851644,0.6130845807424169,0.0,15.584611258612915
10098,0.43968267474871975,0.821702006008058,0.0,6.515316656852978
8847,0.4698356750212326,0.7553722730264157,0.0,23.307767896730557
7049,0.45053326573432667,0.7973233628523101,0.2,70.50730522035356
18490,0.3728721278972286,0.986519738765616,0.8,30.231897846065202
17651,0.4124064965016899,0.8857457740495139,0.0,68.55893741102159
2450,0.505533556073409,0.6821408607793764,0.0,29.8462205832392
8246,0.4583505321915859,0.7801210334719701,0.0,67.7847161222314
7913,0.5073499753244709,0.6785542268931538,0.0,48.38430676721569
20171,0.5124404588462952,0.6685707525796317,0.0,13.431585883741846
9327,0.4617991385385305,0.7726252475062484,0.0,25.439071785092835
130,0.4788664506679788,0.7363335290719218,0.2,43.92229332380643
10287,0.49595785054247665,0.7012643346131144,0.0,10.708657150114899
6902,0.5406605369832463,0.6149636703081207,0.0,16.911500346998263
4160,0.5020149427483365,0.6891253933024701,0.0,49.685939805586194
14162,0.43799404053719815,0.8255499747777107,0.2,29.09444523804133
14617,0.5203851360563556,0.6531860952875309,0.2,11.437615714558625
16244,0.5675456961367519,0.566434011041412,0.2,6.963739545916531
16986,0.5054815336805915,0.6822437719888937,0.0,21.655441922195806
12214,0.4716574019389387,0.7515024002981113,0.0,16.08215036301563
14031,0.49604778146226025,0.7010830233037255,0.0,4.147852466295063
8625,0.5044312504780252,0.6843237210650605,0.8,21.214035353016875
15697,0.3998433185199002,0.9166825123103381,0.0,3.398600314948444
4579,0.3586489569191548,1.0254112047670392,0.0,45.16936669929473
3288,0.44469563283406965,0.8103652019902767,0.0,52.23856684724909
19820,0.5032902921083118,0.6865881538652602,0.8,5.333348113600227
18100,0.4652365988282379,0.765209188112697,0.0,4.8459549911766695
4538,0.4651262607353654,0.7654463817888109,0.0,17.880827945778023
3080,0.5041220224863677,0.6849369321063342,0.0,53.43877975647545
4048,0.5068072885898466,0.679624449048499,0.0,43.43139958682464
11293,0.4216278303158472,0.863632272748031,0.0,14.90240695584679
2018,0.49877461837061793,0.6956009518546458,0.2,21.299301066184036
10170,0.28451548036631324,1.256967614360688,0.0,8.991089192083573
19495,0.4871012947975348,0.7192831799971624,0.0,25.004441537453843
3204,0.5057329430811358,0.6817465294918726,0.0,56.015701619200684
6239,0.5131891330891077,0.6671108212717279,0.0,21.299183138289365
41,0.46425737984004456,0.7673161826127807,0.8,63.495414111207594
20481,0.4315244320708666,0.8404311488081203,0.0,5.655807497888915
8933,0.464154841982569,0.7675370712557397,0.0,22.066690798602522
5996,0.5023798282113838,0.6883988154873525,0.2,37.96863582787434
17843,0.4177594814166101,0.8728494153749409,0.2,30.761394122895712
14320,0.40211530272421664,0.9110164087918258,0.0,32.106496064866064
2647,0.5021810644966811,0.6887945380736872,0.0,51.10855525057612
6627,0.46819003207267124,0.758881014043734,0.0,47.126509814155355
16837,0.3868436205017107,0.9497347490061685,0.0,8.188137700179663
7862,0.47764698119011767,0.7388833524156476,0.0,45.66298779694745
19320,0.4944510001120673,0.7043072225923465,0.0,11.884481132590476
15489,0.4266222462972702,0.8518563263972042,0.0,7.567039862746242
18392,0.567493835280922,0.5665253926266881,0.2,10.786642913720197
12062,0.4585501384349224,0.7796856400801137,0.0,14.196514418427988
10094,0.48686293791893503,0.7197726371565768,0.0,11.504125573682064
13582,0.5387294794170067,0.6185417275387689,0.0,7.7231121952737
12756,0.4503355939825455,0.7977622097562106,0.0,3.9916431466221414
20940,0.5698914458690706,0.5623093821343895,0.0,22.906233952427105
4666,0.4593219887025636,0.7780038144167019,0.0,65.41067129065401
1965,0.4677593734396404,0.7598012746067248,0.0,61.10701982897532
3723,0.4998473036761464,0.6934526198494835,0.0,46.45786017144066
1903,0.5098378087121376,0.6736626259765917,0.0,36.108318294236696
17732,0.5343207219934554,0.6267590173277308,0.2,12.566519014689778
11873,0.4859158625654828,0.7217197923622826,0.0,10.273158243558571
2670,0.4726967615325772,0.7493011922058281,0.0,55.75924890400243
8419,0.504945425293826,0.6833049242717196,0.2,52.21816106167613
20640,0.42364800995323665,0.8588523337327716,0.0,29.9181202592783
9565,0.5303822656880163,0.6341572764009635,0.8,17.78811172400293
16143,0.5218909711033631,0.6502965805334554,0.8,7.9479248866617995
19478,0.4888174270536583,0.7157662190318613,0.2,14.307093495065665
18503,0.48603132129698995,0.7214822100451213,0.0,7.314386825708912
8962,0.5128171597861738,0.6678359110139921,0.0,19.527521885193618
11978,0.4883441888974501,0.716734816622028,0.0,5.417798318899519
15929,0.4750583611742425,0.744317616864875,0.0,12.687637744999709
3234,0.5357545624989353,0.624079128567773,0.0,17.851783187000393
1461,0.47063962052550545,0.75366261472087,0.2,56.848768383400085
6799,0.5133725575207425,0.6667534644070318,0.0,21.011067148222146
2561,0.5043215441513823,0.6845412299089704,0.0,40.603559500658704
13378,0.5339358827846924,0.627479516922472,0.0,6.710893241994285
7270,0.47142261347669545,0.7520003187424769,0.0,58.66354647154661
945,0.5083961874360609,0.6764942388372447,0.8,17.527965625048182
10887,0.48489735646423177,0.7238180465989685,0.0,9.225098023978545
4651,0.4661065514233617,0.7633410198700814,0.0,62.82296826483962
6346,0.5026997853489775,0.6877621352799638,0.2,38.09892749083424
12502,0.43784318286544704,0.825894462701293,0.0,7.350460796804942
7858,0.3825687069487462,0.9608470158365726,0.0,34.63853785318082
21186,0.4709670394566577,0.7529671673365989,0.8,23.861907647970625
18179,0.49737443534490094,0.6984121455060563,0.0,51.151706709125165
9052,0.5186147128610633,0.6565940359347215,0.2,20.323227122693144
5955,0.5042862462544982,0.6846112232150587,0.0,49.29200807148423
8306,0.4486820855043734,0.8014406921273606,0.0,39.27059391424067
20525,0.4084846933523998,0.8953008357576738,0.0,25.069765614763348
12191,0.47610160189243406,0.7421239981739363,0.0,14.790901660508869
2330,0.43651162882224603,0.828940262998364,0.0,25.137611736239503
1489,0.4649421744118409,0.76584223723121,0.0,17.154867282561625
8535,0.39212191057680373,0.9361824911716241,0.0,33.43575424379186
952,0.5080981783064447,0.6770805856940451,0.0,38.01164202193361
16226,0.5239654105620637,0.6463296072176168,0.0,10.0310361080776
9679,0.5195231963847566,0.6548438180734673,0.0,18.33562690605708
6947,0.49102246506663816,0.7112653985344111,0.0,52.157090263632035
20156,0.45977874294516685,0.7770098988109869,0.0,21.375541753119315
19730,0.5122369257370692,0.6689680153961336,0.0,9.51908025258758
16302,0.5328610573900521,0.6294945691181644,0.0,7.5564529253596735
509,0.4440876446340306,0.811733338205906,0.0,32.5423865560185
18057,0.45887536922874256,0.7789766325264157,0.2,16.38616262069469
10848,0.47236221396708583,0.7500091852266636,0.2,15.504564624102983
4653,0.4600359875559852,0.7764505587417427,0.0,67.55119861053161
8229,0.5417728413516738,0.6129084772917103,0.0,16.79369204398683
3473,0.4340342684907411,0.8346317883427963,0.0,63.09816192516836
13463,0.5232260518067405,0.6477416868701869,0.0,7.197413891918924
12930,0.5425189703958075,0.6115322257073705,0.0,9.811117230476853
1300,0.5036493174925494,0.685875051716872,0.0,41.121637365154115
21118,0.42805702301281284,0.8484988609364991,0.8,5.51553916479808
10542,0.44421670116360473,0.8114427699314342,0.0,8.539623460030322
13009,0.548686813820078,0.6002274668806984,0.2,10.024099103720921
6856,0.4804873808851831,0.7329543133824544,0.0,44.977739874954985
4958,0.42198553277824374,0.8627842480497943,0.0,56.231965999653916
13518,0.5022973311995585,0.6885630414005982,0.0,14.597881095425805
18711,0.4817849229522408,0.730257482457797,0.0,5.685054737719403
10289,0.5011690525742052,0.6908118045262338,0.0,10.549042116914011
4499,0.5258753127481036,0.6426911423521545,0.0,48.44156017859052
2507,0.4732213643206594,0.7481919992904386,0.0,44.21814601641452
14058,0.4741287691196413,0.7462763293718933,0.0,12.388186640550689
8016,0.48349508680596215,0.7267141258654194,0.0,40.20909391478696
906,0.44728631607515457,0.8045563612868197,0.0,43.20467414579107
16595,0.38408772747845527,0.9568842955115872,0.8,7.579958687729141
6932,0.4954258865508475,0.7023375094550667,0.2,51.39354939773849
16425,0.41783536367780827,0.8726677908427833,0.2,7.779833218043672
4952,0.4272196418570009,0.85045701426343,0.0,54.493033837776494
8878,0.5443197901960228,0.6082183552170592,0.2,20.037753527012505
20042,0.5081749222574683,0.6769295555209017,0.0,4.387417014705379
20994,0.45121456022780354,0.7958123093105236,0.0,13.787446589124148
12588,0.49565407524970184,0.7018770245059572,0.0,11.190025289245645
11482,0.40922505167635387,0.893490025673142,0.0,8.403720591550663
16963,0.4707290683980184,0.7534725768030285,0.0,18.384732023701815
12195,0.5304098765711155,0.6341052192975867,0.0,13.571118964866209
19728,0.43273548797734196,0.8376286199136628,0.0,17.766103060321782
4680,0.43081378795253966,0.8420793287512046,0.0,45.36702062419343
14744,0.38913172644250643,0.9438373642984369,0.0,33.25138991217948
931,0.503981993804839,0.6852147381266782,0.0,53.785932751252105
9999,0.47393741574755216,0.7466800002922191,0.0,58.21192125737032
12871,0.5133021705483142,0.6668905808093629,0.0,4.6977441404974165
16432,0.4591046717004662,0.7784770519990206,0.0,3.8507366011090585
12394,0.5395166627868097,0.6170816091505005,0.0,4.021829046311355
6908,0.5075397178980879,0.6781803092603413,0.0,18.989048659289555
18945,0.4593792742963383,0.777879104467655,0.0,26.45839256967013
1269,0.4945349810571648,0.7041373901641859,0.0,25.472169551975227
841,0.504217564377224,0.6847474287041335,0.0,27.047523433813268
17048,0.4848336403374715,0.7239494564993679,0.0,31.604015401400552
4478,0.499257850172908,0.6946325828781186,0.0,53.81665564874402
462,0.4824940322986148,0.7287867265726107,0.0,21.29514904008392
203,0.5383068315128127,0.61932656259326,0.0,24.952666592621178
13879,0.4580131304541726,0.7808574261649893,0.0,12.277420977973842
17443,0.4733068200486569,0.7480114326054929,0.0,7.3387400682756265
2273,0.4491722168672963,0.8003489082815533,0.0,43.9111411431377
6235,0.5637931967874853,0.573067767087441,0.2,49.283827969519926
20282,0.5216987384113818,0.6506649871829324,0.0,11.340439997076992
4578,0.45631891916979583,0.7845633297785805,0.8,59.64642834356521
13523,0.546863904771525,0.6035553104938537,0.0,17.835058964617218
15432,0.5499645377152402,0.5979014797157253,0.0,5.076482355009852
4924,0.35926179063094743,1.0237039344336731,0.0,90.67457286836611
586,0.4846468593679488,0.7243347782709568,0.0,41.75427586188555
19893,0.5218217707497097,0.6504291847472009,0.0,23.421955091618134
12152,0.47651974048725515,0.741246128651026,0.8,6.616733804924268
14870,0.4329028860143943,0.837241857856507,0.0,26.853694850653028
10892,0.5159877030218255,0.6616723451375969,0.0,6.60613667239909
12001,0.5144773802962899,0.664603689113195,0.0,4.013259178126681
21194,0.4511666898497041,0.7959184072112507,0.0,26.20561446828676
3107,0.4512707630126096,0.7956877581772666,0.2,46.3169867103327
13334,0.4742143398983149,0.7460958656175999,0.0,14.870062960928148
6400,0.39376364977907863,0.9320044233375533,0.0,83.68933548704453
11975,0.5533092932976509,0.5918381330910749,0.2,7.415731367382923
18316,0.5078952702750518,0.6774800135336121,0.0,11.49175447112578
2769,0.39328327456840423,0.9332251263362312,0.0,21.09181958869717
16633,0.5334617756677406,0.6283678590401,0.0,4.096958578770859
1345,0.511645031312864,0.6701241926020393,0.0,45.86999893855284
8010,0.49075148779170386,0.7118174141608725,0.0,35.90406667737402
337,0.5029073279577092,0.6873493645090889,0.0,52.14920079519573
7710,0.4955867629482251,0.7020128387278624,0.0,46.21350645887908
9797,0.5388998350857461,0.6182255600628737,0.2,22.701240961835243
16756,0.505379384674805,0.6824458749771076,0.0,4.008345758165012
16598,0.4998653814020186,0.6934164540067489,0.0,4.219265724872197
11272,0.477508756053343,0.7391727819449901,0.2,12.161609479630842
11756,0.5186788404874554,0.6564703918105163,0.0,13.34111921827915
16830,0.5709558032329011,0.5604434747160655,0.2,1.9432257588688109
17677,0.5349868178214503,0.6255131719757643,0.0,15.39075190666232
18548,0.2812571265515203,1.2684859869346805,0.0,44.68876073904199
4876,0.4833125138495662,0.7270918079573733,0.8,42.9711247408267
18835,0.49514577548562955,0.7029030638382968,0.0,7.364666489381832
510,0.47972360018321575,0.7345451738873015,0.0,42.566887783047676
3006,0.4707290683980184,0.7534725768030285,0.0,18.384732023701815
19505,0.513979953198609,0.665571015846679,0.0,4.356827713586817
14902,0.5126218265868052,0.6682168858049391,0.0,4.64577780934226
19944,0.4909748097833221,0.7113624564073278,0.0,5.370786342352893
1016,0.4221653046386238,0.8623583244941229,0.0,75.02517423098868
11523,0.465469199203267,0.7647093515792538,0.0,5.468054446003959
5506,0.48174603405476446,0.7303382040935984,0.0,56.126492656204526
9981,0.5075397178980879,0.6781803092603413,0.0,18.989048659289555
3749,0.4528175817893596,0.7922659238068864,0.0,75.28507061865125
968,0.45037613574065083,0.7976721881504186,0.0,79.33049280516904
4273,0.49443709560781257,0.7043353440841832,0.0,45.475413210363996
15138,0.4531419010801797,0.7915499551332168,0.0,21.191376023867836
14185,0.4673853455420419,0.7606012105095885,0.0,26.803206392570203
16034,0.6112329361320835,0.4922771549310534,0.0,2.9310181785816036
10070,0.5315148217792366,0.632024194892373,0.0,10.289354326824407
14814,0.4255997788699986,0.854255860527209,0.2,1.8024885084687399
904,0.4520529717037064,0.7939559119818416,0.0,61.809466536305784
21079,0.3968891670150197,0.9240982135564851,0.0,70.50869298932884
6791,0.47578106694490724,0.742797473950176,0.0,49.696864087901325
4865,0.5170816658553141,0.6595544559128148,0.0,48.9719183515265
17412,0.5284931296555284,0.6377254734620589,0.0,19.527153924426354
14432,0.49272329032519274,0.7078075397453232,0.8,6.785397098571686
20485,0.4245301415275852,0.8567722709750468,0.2,11.665382832582463
136,0.5008760585503976,0.6913965966257205,0.0,45.04448932515318
2547,0.5164651755104012,0.6607474166831497,0.0,14.019408767173974
4902,0.4311608773551249,0.8412739931994444,0.0,56.0961501232754
2428,0.48257340197272874,0.7286222413325657,0.0,36.675202629874384
16533,0.5294523667731604,0.6359120768669911,0.0,5.866988088779218
3658,0.5044519011451108,0.6842827833864892,0.8,50.64376503955648
16236,0.5282034725788456,0.6382737047771313,0.0,10.041640500397397
19653,0.4650712260367952,0.765564710852084,0.0,23.91547624762165
4118,0.5052769897458774,0.6826485055286374,0.0,51.848860199508245
7363,0.5095868961298056,0.6741548890857886,0.0,45.73803927296831
2405,0.5020444142246319,0.6890666886529906,0.0,47.015019851363846
15534,0.4690798237620862,0.7569823250990604,0.0,12.401642076045732
19165,0.5276534648914175,0.6393155272393557,0.0,6.817980134175311
172,0.5253362094927116,0.6437168223247351,0.0,42.662333381805745
7420,0.4720644738391474,0.7506397056082806,0.0,62.378156958931214
15672,0.5501605877352926,0.5975450656722818,0.0,4.9536485716286816
16975,0.45761323149440686,0.7817309243555429,0.2,8.561907844631744
21189,0.5205674860817392,0.6528357430748158,0.8,5.401563047777339
5513,0.4806841660748598,0.7325448439322848,0.0,50.65547707569222
8222,0.5360946979835675,0.6234444581741088,0.0,17.25476074642888
4003,0.5193258916158681,0.6552236706883272,0.0,43.9524075290033
20002,0.5822034139653134,0.5409353837831119,0.0,16.806862080091864
20719,0.456856958689147,0.7833849377630726,0.0,4.954850841659395
9683,0.5184506720471695,0.6569103917164284,0.0,19.116091396582355
14141,0.35473218119505706,1.0363921933929223,0.0,36.51209649880996
3884,0.5063438111960266,0.6805393716622112,0.0,56.365672679107135
3364,0.50793412237187,0.6774035201832161,0.0,46.80994144202583
5881,0.47747012869342753,0.7392536787282666,0.0,54.65302469398306
13835,0.42973972841466085,0.8445755363086915,0.0,16.548317342298716
17166,0.4773674970808712,0.739468650594019,0.0,55.73005186191826
20126,0.5703693951804075,0.5614710663348433,0.0,15.509795392617377
888,0.538169474801528,0.6195817595004737,0.8,19.282934160919556
6904,0.5100647510344862,0.6732175985101433,0.8,14.137569568713005
15218,0.4917173516126746,0.709851216163753,0.0,9.257169969946782
18092,0.49380237152049894,0.7056198994894374,0.0,12.050928635145562
20863,0.44487092362225833,0.8099710981670489,0.0,5.613302532135309
15170,0.41518652204823614,0.879027409005518,0.0,16.136745727883266
1708,0.5124388472628486,0.6685738975030133,0.0,16.64748979278433
12294,0.45953870051429735,0.7775321176332937,0.0,9.408138919967817
21155,0.41863987160783894,0.8707442236069405,0.0,6.473547704535258
6178,0.4915653350326608,0.7101604183561431,0.0,48.49330405908736
19907,0.5529623014558892,0.5924654507493905,0.0,5.5780621962047485
5698,0.44122763439591894,0.8181943589406862,0.8,77.93300956793658
19571,0.5001697368396423,0.692807764488813,0.0,5.201600624425007
12283,0.4574977378638388,0.7819833388387006,0.8,12.00813722808081
14072,0.40211530272421664,0.9110164087918258,0.0,32.106496064866064
8833,0.43476864677925386,0.8329412358584345,0.0,65.2234637280882
19234,0.5017954735989971,0.6895626654193205,0.0,25.263162181281174
8198,0.5367724997961129,0.6221809245249769,0.0,17.209523684065616
13993,0.4353808464691447,0.8315341218035454,0.0,6.02945385692854
15469,0.517571858297717,0.6586069068683542,0.0,4.351086471184712
5609,0.43018373560131706,0.843542869461714,0.0,51.540471254827125
18953,0.4525236841089241,0.7929151766396683,0.0,36.791263893607464
6299,0.5131891330891077,0.6671108212717279,0.0,21.299183138289365
13983,0.5566777951156671,0.5857686712135186,0.0,20.783072186512022
18872,0.4635585452720601,0.768822590686243,0.0,27.372006988785067
5141,0.526815900172508,0.6409041270086852,0.0,28.401666730669618
16642,0.5618562691614728,0.5765092106207553,0.0,9.112879810143951
1927,0.4900373613642716,0.7132736431019846,0.0,31.252083692981167
20671,0.5919099812995661,0.5244007142758126,0.0,15.686398372090677
5065,0.4711826619667641,0.7525094428082244,0.0,40.21034598046765
17956,0.5109430456000896,0.6714971517414902,0.0,24.63555175451592
9569,0.3853761455049059,0.9535354203380583,0.0,92.6311952077856
12034,0.3868436205017107,0.9497347490061685,0.0,8.188137700179663
8000,0.47445749692079553,0.7455832393998326,0.8,55.70624900135112
2471,0.47884695239502245,0.7363742474599002,0.0,45.5815614232961
14307,0.596156346743212,0.5172523195680773,0.0,15.952062107696195
13123,0.4753581315349202,0.7436867979072538,0.2,22.59469333517516
16956,0.5065582307199803,0.6801159950309409,0.0,16.164656860009153
5046,0.4810461219638371,0.7317921258145985,0.0,52.03041902879178
17793,0.39614995923768215,0.9259624544670617,0.0,6.69794963868641
14279,0.4513996770224429,0.7954021301008565,0.2,42.664573290823185
5602,0.5042627694419282,0.6846577788354776,0.0,25.017395865471272
939,0.5039194985167018,0.6853387488334653,0.0,47.877768026163324
4425,0.4956155606291279,0.7019547321632873,0.0,43.98097556455723
7047,0.4945504385880952,0.7041061339539039,0.0,52.853724635331304
7147,0.5049965471578174,0.6832036870414044,0.2,53.651986012480236
12589,0.4538655531701262,0.7899542631902139,0.2,9.935649639804643
17438,0.3905620643277727,0.9401683867928406,0.0,33.12213183633684
4223,0.49772067476493576,0.6977162533637077,0.0,51.735658589973156
20190,0.4899190324808172,0.7135151413661374,0.0,14.516465061162101
2942,0.5124388472628486,0.6685738975030133,0.0,16.64748979278433
14116,0.37493256707638434,0.9810090903111258,0.0,34.56094980259064
1065,0.5044268729414481,0.6843323992656429,0.0,32.55368941370402
15100,0.481110240780645,0.731658844324426,0.0,13.335945230782599
12957,0.5397439508902109,0.6166604168937257,0.0,10.538726912855285
16538,0.5363210252734967,0.6230223694479159,0.0,5.740839592381478
14736,0.37493256707638434,0.9810090903111258,0.0,34.56094980259064
9506,0.4976628548932345,0.6978324294306076,0.8,55.64515643206575
2824,0.48418524396389834,0.7252877100274395,0.0,57.961368010863566
5245,0.4875856276069556,0.718289357595011,0.0,55.936783722711475
5297,0.4854704849155322,0.7226367862696287,0.0,53.529320494250854
13663,0.5409410763251005,0.614444922287235,0.0,3.2012578488130803
6422,0.4684281325210084,0.7583725881718751,0.8,40.04397275281048
16491,0.5346948289004907,0.6260591081037825,0.0,10.440787475977245
12764,0.40031037644457296,0.91551509164939,0.8,9.271878924789585
19152,0.5767628325836729,0.5503241323558186,0.0,8.899841043425553
9658,0.5030256235876408,0.6871141686537484,0.0,44.75724305327283
15451,0.4743336424033281,0.7458443179724238,0.0,13.928270418733087
17623,0.537035389892088,0.6216912836799953,0.0,17.225511527151156
6756,0.5329388519156473,0.6293485857585223,0.0,14.685849872876446
4489,0.49676355383003007,0.6996411129097977,0.0,51.60552464498326
3225,0.48354317335030433,0.7266146746929828,0.0,44.71731740509341
10002,0.48616402515828183,0.7212092116963842,0.0,56.39495683969798
4793,0.4707600154647031,0.7534068361221725,0.0,51.17139092988884
7928,0.5036226279080317,0.6859280455178923,0.0,47.723444290228926
19960,0.41145423277327986,0.8880574855285248,0.0,14.88028978267451
15816,0.5032004574716855,0.6867666644713484,0.2,10.49619877753387
13797,0.5371615361470042,0.6214564175163743,0.0,3.904921446284833
13138,0.5035614051180732,0.6860496177192504,0.0,8.444584754974542
20166,0.451088205082251,0.7960923819230353,0.0,4.412740059333553
14782,0.37431437563259023,0.9826592580965016,0.8,18.423387910108538
12300,0.507226931991378,0.6787967779167555,0.0,6.38544133388279
13799,0.5381291300758291,0.6196567288919326,0.0,3.8914443135816534
19125,0.5536817482054511,0.5911652190242205,0.0,8.890238328960162
7155,0.5001689022637239,0.6928094330756009,0.0,43.34561990751688
6347,0.5024091675326977,0.688340416517128,0.2,37.25470382533482
18790,0.5323137604773537,0.6305221881562417,0.2,8.832354746750852
20765,0.5264068262856686,0.6416809311872003,0.2,15.878394568792718
7837,0.5020739903027902,0.6890077791099855,0.2,46.68372280953676
14615,0.48243986052613613,0.7288990073680899,0.0,8.0215336595017
7292,0.5017633866473474,0.6896266117465998,0.0,28.626399496085988
15538,0.4767296572793075,0.7408057049886825,0.0,13.834176835820674
15150,0.5650471221433682,0.570846149289791,0.0,11.792254481386225
18055,0.4680850506484205,0.7591052674210333,0.0,19.664621025899695
17676,0.535276625561753,0.6249716085893334,0.8,14.749330201116019
14387,0.5184010647865477,0.6570060799597855,0.0,7.154795809757378
8253,0.48807434081133555,0.7172875470030566,0.8,26.37107896400464
15840,0.5094933302373333,0.6743385172051737,0.0,7.284878661811048
11832,0.4603527579895406,0.7757622181952161,0.0,7.9360473219774255
20319,0.5763980757023577,0.5509567533384745,0.0,10.768448735168537
14582,0.5801878966075121,0.5444032682371506,0.0,1.9505968799810722
16428,0.5151411032894389,0.663314428876192,0.0,3.9987910876173416
9790,0.4637807352075085,0.7683433918765359,0.0,56.20432028816758
17147,0.5106838851087196,0.6720045003423131,0.0,7.033535452749716
16135,0.47541893759736925,0.7435588897687299,0.2,12.433047276812463
16416,0.37107475945737994,0.9913517287033317,0.0,2.0917622069039283
19830,0.5070565720641029,0.6791326996352809,0.0,24.88104474604101
16090,0.46612343328560163,0.7633048016352709,0.2,4.513459408682767
15619,0.5523655134952603,0.5935452897085607,0.0,4.920490429042013
19185,0.4665788318150638,0.7623282873011896,0.0,25.929454816995722
7819,0.47472043300748723,0.7450292103076533,0.0,44.921532029249846
875,0.4371435392981414,0.827493672606297,0.0,45.325967179665064
10502,0.6124392008251535,0.49030560544918095,0.0,7.2418137831325655
5934,0.4661100155904073,0.7633335877622038,0.0,49.67774837738322
17887,0.5075025230581346,0.6782535965354304,0.2,31.470966620510758
14370,0.5233219171582023,0.6475584838932135,0.0,7.0460838904146925
5957,0.5202532345732147,0.6534395963837233,0.0,48.57996759080367
15415,0.5143689685097022,0.6648144334816127,0.0,6.323382722450545
15454,0.5055134548657946,0.6821806239306435,0.0,10.84786547115323
9384,0.4648585739513253,0.7660220616955118,0.0,25.22165859753288
14831,0.4120020688873083,0.886726908074082,0.0,10.432341532276423
11754,0.4670127658595873,0.7613986857990911,0.0,10.14601783326612
12576,0.43795374959916067,0.8256419687036493,0.0,5.904165835521434
4580,0.3586489569191548,1.0254112047670392,0.0,45.16936669929473
5815,0.42101282855708455,0.8650919741319766,0.8,26.381411135519166
10046,0.5224649539305709,0.6491973712098092,0.0,10.142735044895746
8699,0.5081926931667591,0.6768945860688592,0.0,19.66378720887078
7163,0.5063228126955124,0.680580843356887,0.0,46.728683197245346
100,0.4707290683980184,0.7534725768030285,0.0,18.384732023701815
15662,0.5118253703330542,0.6697717856897015,0.2,4.422168508838563
20965,0.4357125505513021,0.8307725407851965,0.2,27.353186856096315
140,0.4639123666567426,0.7680596095570318,0.0,29.808397431592667
9602,0.5284931296555284,0.6377254734620589,0.0,19.527153924426354
12990,0.42748581047496426,0.8498341830276132,0.0,14.17098597454349
4937,0.4897898292957438,0.7137788996944803,0.0,22.87661319063801
6491,0.4715664908454247,0.7516951670303601,0.0,62.394458142252105
17253,0.501091480094928,0.6909665995658539,0.0,3.4429828075696762
3972,0.44845449490989847,0.8019480632552932,0.0,40.2377465211856
11460,0.39133727629189413,0.9381854916096576,0.2,33.331385196317854
7369,0.4994048424579087,0.694338204631796,0.2,52.769703552016495
6994,0.5480732003210929,0.6013464237264935,0.0,15.3523746106492
3109,0.47021709834646885,0.7545607795507865,0.0,49.684055450616235
17115,0.49514577548562955,0.7029030638382968,0.0,7.364666489381832
9293,0.47105844968952293,0.7527730956597591,0.0,28.157473852639356
13795,0.505669865033516,0.6818712632719167,0.2,5.085736673401023
12718,0.46111326697728194,0.7741115677321233,0.0,10.321229305191302
18786,0.5190213851430102,0.6558101921506605,0.0,33.30204138229033
19859,0.5006959502689422,0.6917562478176685,0.0,3.9506199075371384
33,0.468309428813224,0.7586260288650202,0.0,55.24693823695218
13866,0.45141607673367334,0.7953657999611485,0.0,12.313057527461456
2655,0.4707290683980184,0.7534725768030285,0.0,18.384732023701815
16611,0.47451953945908903,0.7454524827302749,0.0,5.717620421684997
2723,0.4298821349107789,0.8442442127267856,0.0,43.90069906179285
21140,0.44933667962768514,0.7999828289631022,0.0,36.804809987691904
4254,0.4933302740630403,0.7065764021348806,0.0,32.27994120649197
4452,0.47076314788282875,0.7534001821847068,0.0,11.952698028911172
18549,0.2812571265515203,1.2684859869346805,0.0,44.68876073904199
1586,0.4539139094009541,0.7898477257923824,0.0,58.59090454032132
10597,0.5552382621579143,0.5883579561736605,0.0,8.516481078952612
6139,0.40284053040721746,0.9092145015333711,0.0,32.472592592621396
3161,0.4983186793110337,0.6965154883226421,0.0,51.37497859260423
3319,0.444976197752187,0.8097344864437741,0.0,74.92068459376696
13871,0.449226889173601,0.8002271977722606,0.0,12.388316824397561
13046,0.44864175064689715,0.8015305924640693,0.0,12.958345323801543
20785,0.4490888762727941,0.8005344681268539,0.0,12.368657045506184
8864,0.46261736580039337,0.7708549903295253,0.0,66.29352916833918
13317,0.47541110597531777,0.7435753630009433,0.0,11.400497655576963
18700,0.39838249762160877,0.9203426859093868,0.0,20.60739245175874
8536,0.4880262503958125,0.7173860827810189,0.0,20.667893345948336
10846,0.5471291901853675,0.6030703249482131,0.0,5.589255559971213
19457,0.40251096967504757,0.9100329286438485,0.0,18.764424551912356
17663,0.4764960291356213,0.7412958893210895,0.0,8.120896410956146
20178,0.48987656409117364,0.713601829630136,0.2,29.50386783661022
5733,0.47343603207816776,0.747738471410121,0.0,49.42551467164653
9846,0.5220209191087947,0.650047616981414,0.0,5.444798637737932
9724,0.4506872009749049,0.7969817477919302,0.0,67.78329704165483
4225,0.48018876131203353,0.7335759996503876,0.0,60.99684549027788
10153,0.5259735851805598,0.6425042857933168,0.0,10.494986150899681
14447,0.48977883490059076,0.7138013471155857,0.0,9.136656868675791
11683,0.4841082716836154,0.7254466954573762,0.2,12.328966160357382
10653,0.4819975848932818,0.7298161755389408,0.0,3.977498017485839
8714,0.5014787864689935,0.6901939726363524,0.0,57.22053045889485
6466,0.5251934453585287,0.6439886169083578,0.0,47.07782332030662
17440,0.3515246945351977,1.0454753154759853,0.0,36.83209488563834
21220,0.4876810646998913,0.7180936427326187,0.0,4.170687939995176
14512,0.5686103262455947,0.5645599191042646,0.8,7.2859277301853105
3836,0.35861762698126887,1.0254985640239993,0.0,90.52204184086875
2311,0.5371646723899097,0.6214505789863625,0.0,14.234324753075967
10868,0.4825864766776789,0.7285951479872244,0.0,6.43458808836035
4303,0.4945447488632608,0.7041176388624438,0.0,45.74652385641158
20685,0.4597359764719699,0.7771029184708678,0.0,20.13085015437587
4642,0.4227149449014591,0.8610572162230413,0.2,75.85053030847462
20636,0.3979709209587525,0.9213763392846316,0.8,35.13668515211983
1330,0.4911911964802332,0.7109218247849092,0.8,40.38747255428479
921,0.503748826136391,0.6856774959742997,0.0,52.581177104771854
8632,0.4678437189120659,0.7596209727814242,0.0,22.032804229163887
13690,0.40133284188380736,0.9129641663242384,0.0,15.605296871109854
16691,0.44671344678751584,0.8058379485754208,0.0,7.193151319716335
583,0.4665910357983738,0.7623021313273756,0.0,29.348632056103966
14040,0.5229314747902046,0.6483048468472116,0.0,7.844488894159934
11847,0.4553836182604761,0.786615098198731,0.0,13.14209717424233
8773,0.5288933481741785,0.6369684777066689,0.0,18.56444535942094
19585,0.4753387045677774,0.7437276668076388,0.0,25.956095287877005
20449,0.5312915245140095,0.6324443980070636,0.0,20.414988347148203
10247,0.4716574019389387,0.7515024002981113,0.0,16.08215036301563
1719,0.5418965671445892,0.612680131280495,0.2,18.383467993484235
17031,0.4737362738463848,0.7471044964165633,0.0,12.6484797085778
2031,0.5010879769333956,0.6909735906521467,0.0,47.08985125728583
2470,0.4803444795556443,0.7332517667381891,0.0,44.57803981622412
2774,0.48484870522434875,0.723918384701583,0.0,36.64293905855474
19049,0.5312688391326118,0.6324870974755876,0.0,31.74136585540121
18886,0.4635442333554931,0.7688534651845145,0.0,19.913304454984605
6880,0.4707290683980184,0.7534725768030285,0.0,18.384732023701815
17994,0.5120019836375792,0.6694267796579875,0.0,20.4844593936929
15323,0.5195165571559301,0.6548565976207443,0.0,6.587857334593493
14787,0.4598628538782282,0.7768269776956603,0.0,24.791266140622756
18342,0.5196515837900797,0.6545967231507928,0.0,10.773026183040812
12947,0.48932429920336634,0.7147298207646741,0.0,11.07831188104271
11846,0.4430653786311025,0.8140379382660377,0.8,13.436917426728082
6766,0.46448469406425147,0.766826672693648,0.0,25.577500391459637
18818,0.46460112469741927,0.7665760378622339,0.0,9.198911906048899
7037,0.44640844895554554,0.806520941222405,0.0,67.98809949727678
17352,0.4738073685419171,0.7469544353692716,0.2,7.603996023835958
20119,0.6307864054993665,0.4607879753313079,0.0,1.9956727624674104
16337,0.5738812681236908,0.5553327540177009,0.0,10.304198890665962
2938,0.509562725378939,0.674202322260194,0.0,26.738863997964174
17515,0.5473837273820039,0.6026052099237311,0.0,21.130352007801534
10792,0.4477155205448698,0.8035972470480418,0.0,49.90338934823142
11241,0.48207739329902505,0.729650610810614,0.0,56.1447891506554
17776,0.4762786023037893,0.7417522970138044,0.8,40.53305178030614
15693,0.35056355055582256,1.0482132749462476,0.0,3.8862506031525617
3063,0.4934970224424686,0.7062384536780314,0.0,45.29460473532865
14523,0.5345081461568857,0.6264083079280572,0.2,6.9077172632168375
10764,0.3246946530969078,1.1248700672189387,0.0,12.887073716978392
16304,0.5708839303101988,0.5605693644021323,0.0,6.81499603166422
1717,0.5427220228185777,0.611158018639246,0.0,15.013097054266677
3356,0.5103575590122931,0.6726437028142918,0.0,21.739841703751253
1487,0.4642705121017453,0.767287896415208,0.0,17.319607680936073
12862,0.41585873914655247,0.8774096457468524,0.0,7.377259876363909
4089,0.4716656338070633,0.7514849473836528,0.0,50.326949276967035
20317,0.5711984242534786,0.560018626620444,0.2,10.945563031871847
10667,0.44072270297798105,0.8193393927406831,0.0,10.99307687306769
12316,0.5932812799033326,0.5220866587126626,0.0,8.339550876491849
16763,0.5421519463792063,0.6122089729584174,0.0,3.55237322344832
14511,0.48465235883160246,0.7243234309727222,0.0,7.287417945072022
8792,0.5359978333740238,0.6236251601321469,0.2,50.54481875292227
14750,0.4424129285751952,0.8155116054777002,0.0,28.887866319133458
1482,0.4678437189120659,0.7596209727814242,0.0,22.032804229163887
14153,0.442992776861716,0.81420181412249,0.0,28.69450768268653
16742,0.5001958094748697,0.6927556382728923,0.0,7.1686352140365655
9947,0.4707290683980184,0.7534725768030285,0.2,18.384732023701815
16688,0.4493539539575049,0.7999443856341606,0.0,12.993497061711242
16367,0.511320687426053,0.6707583172686595,0.2,6.83987354475491
6699,0.4894975770118805,0.7143757669484797,0.0,47.238097589468225
10861,0.44682391346347833,0.8055906915911258,0.0,14.784603520830867
16570,0.5663480193255598,0.568546514603718,0.2,7.994617127412109
10921,0.4921580158795867,0.7089554435670646,0.0,7.355412896036444
18408,0.5391990125273989,0.6176705507518168,0.0,7.734470535196524
19633,0.5832954035197959,0.5390615253842366,0.0,5.161514002736238
6158,0.50006525830631,0.6930166724638774,0.0,39.706388979866425
31,0.5170696565831604,0.6595776812801158,0.8,57.02708571961742
15641,0.5611194168420239,0.5778215318657879,0.2,1.7242194151312666
12516,0.5140093716931848,0.6655137808270702,0.8,5.831231644788079
13244,0.4716574019389387,0.7515024002981113,0.0,16.08215036301563
9455,0.443839172063363,0.8122930072517798,0.0,69.08551964703348
5875,0.44983248000348314,0.798880032185132,0.0,37.547361512701215
21061,0.4585765923564514,0.7796279513863964,0.2,19.405719177360382
13568,0.5033198794016829,0.6865293678640513,0.0,14.55476619862124
10606,0.5315033751228248,0.6320457310362426,0.0,8.321687772138564
21144,0.5089523925003394,0.6754007982394694,0.8,7.92937413521987
17436,0.4902787342315225,0.7127812042382079,0.0,52.175587413090234
8707,0.5001904425326459,0.6927663680129565,0.0,22.236068391588113
3628,0.4307931825588788,0.8421271588973619,0.0,45.369597473135194
16937,0.41706666620111565,0.874509198975451,0.0,68.83699173079215
12332,0.5412348172085816,0.6139020514056154,0.0,6.05399494879285
8835,0.4414299025803913,0.8177360425959216,0.0,67.37326893095607
652,0.5010670788923156,0.691015296855117,0.0,41.47819424813406
20826,0.42551652127944595,0.8544515038037005,0.2,12.218656463649493
11071,0.36346427175152746,1.0120742763811743,0.0,7.152582184564815
8101,0.49770582342463493,0.6977460925137181,0.0,47.80258628866129
19992,0.5137381553261658,0.6660415687636687,0.2,6.690387609045991
12115,0.4735759270029407,0.7474430265121995,0.0,5.815106724880396
7440,0.4693033329912325,0.7565059541587584,0.2,62.0334882410182
10735,0.5993376541138781,0.5119301433334144,0.2,1.7745547238407147
10540,0.4836112230453096,0.7264739532210623,0.2,10.874951889854422
5266,0.507040838238774,0.6791637298404078,0.0,16.142023897165814
11644,0.5443269341640804,0.6082052307242412,0.0,9.123077880833911
4260,0.49443709560781257,0.7043353440841832,0.0,45.475413210363996
16847,0.49315212509980416,0.7069375823552758,0.0,8.773095626252967
2381,0.4527968386386973,0.792311733922534,0.0,58.81330266880757
12969,0.4492757859126301,0.800118357274768,0.8,13.363176695189189
4781,0.46090284340533605,0.7745680100290195,0.0,45.05661972511167
18250,0.511320687426053,0.6707583172686595,0.0,6.83987354475491
1090,0.44023968284606185,0.8204359666423464,0.0,39.89369887798409
3868,0.547251782747367,0.6028462849373863,0.0,44.24771320401142
17379,0.5114154910252053,0.6705729251774802,0.2,20.395141030916676
2660,0.5027531700921181,0.6876559448452909,0.0,46.70009228912329
5161,0.47666521107967175,0.7409408980799665,0.0,58.57878841972964
15124,0.4479707853327133,0.8030272600044097,0.0,14.831912557973151
224,0.5031748359970823,0.6868175828012696,0.2,52.26681962317731
18007,0.4662594673035648,0.7630130030215416,0.0,19.765852367192487
18448,0.5284092459747002,0.6378842084274418,0.2,6.990253735485184
11665,0.34026606670486625,1.078027418271896,0.0,6.186174107922931
19501,0.4743133480542203,0.7458871038544537,0.0,9.913622759817
14756,0.4650712260367952,0.765564710852084,0.8,23.91547624762165
8740,0.5140737708889628,0.6653885006951533,0.0,54.04617995366155
10601,0.42232770491095334,0.8619737143848738,0.0,75.45287224532194
1780,0.5069001621412578,0.679441213635552,0.0,51.00564910840935
12349,0.5526925358260539,0.5929534251625472,0.0,8.679651961572954
9533,0.4909386236905535,0.7114361616679981,0.0,44.17662932722669
16798,0.3719054550409757,0.9891156101270235,0.0,2.0870439445398685
14804,0.3875411447108236,0.9479332559265221,0.2,7.06878565374297
15890,0.5054596748344707,0.6822870165335617,0.0,8.972074332484297
4618,0.5022837320080691,0.6885901157542534,0.0,52.42993920510871
14186,0.4696840440466901,0.7556950570463391,0.0,26.63031599737744
15313,0.5142576543773838,0.6650308660146157,0.2,9.594068160214448
8538,0.496617823425909,0.699934515642128,0.0,19.69965726315229
7790,0.45344515643018424,0.7908809507418506,0.0,37.70129347371774
20065,0.4769182557419604,0.740410174389734,0.0,5.316515456328552
15706,0.5532832483297128,0.5918852054631779,0.2,1.2799576272575968
16521,0.5016256942996801,0.6899010662949824,0.0,5.169773471848573
12834,0.5483116394407889,0.600911468563292,0.0,4.92747378433577
20651,0.4687632678556825,0.7576573973392993,0.0,51.558585310892596
19629,0.57564934615933,0.5522565776933352,0.0,5.287856626079103
10376,0.4877149235059616,0.7180242169681225,0.0,40.92738036718298
20494,0.5610373563295248,0.5779677868536957,0.8,24.549181967087936
9108,0.5371668758166379,0.6214464770371423,0.2,18.747487496857456
10556,0.49278771879723493,0.7076767883452117,0.0,7.643263093131861
17968,0.26981098027482897,1.3100336382055224,0.0,107.17384874326947
19178,0.4607876239134236,0.7748180277879052,0.0,5.0146223704256006
10361,0.5403886477358923,0.6154666802672049,0.0,16.39141617439081
5676,0.4908242216512482,0.711669215995458,0.0,45.18423535720699
1051,0.4950765571293882,0.7030428675047548,0.0,63.87355141007225
19994,0.5188787613466544,0.6560850235932341,0.0,8.822375642623296
15231,0.52020013816706,0.6535416603638918,0.2,10.600445593983828
13449,0.5121080087808848,0.6692197215402671,0.0,19.775442899158424
19696,0.4843860462457722,0.7248730739819972,0.0,9.268227479258332
13179,0.44785708322424883,0.8032811081220357,0.0,13.495564791223995
9590,0.49095688626237377,0.7113989630625717,0.0,47.6637305251923
6215,0.5353937052058204,0.6247529051450152,0.0,16.212337769350988
3207,0.515191637371116,0.6632163361344526,0.0,52.96445574350774
4046,0.49823694044562655,0.6966795310794536,0.0,46.80293111052741
11781,0.5377860682489757,0.6202944405610562,0.0,7.945972043873036
21031,0.6044117003102006,0.5034996902166572,0.0,18.931588544216197
15381,0.5218515145351804,0.6503721864779185,0.2,13.743665334925215
8323,0.4402348836457583,0.8204468680368585,0.0,55.503230309717836
19978,0.6308046858854609,0.46075899544040577,0.0,1.372370726800727
3701,0.3708427960123846,0.9919770365986457,0.0,83.61374153898984
20112,0.5054495003045352,0.682307145997585,0.0,48.136768629570575
16286,0.49179465894016516,0.7096940094864166,0.2,8.575587160246213
19669,0.4086782333480432,0.8948271480928558,0.0,25.056501650007252
20555,0.44609801145774197,0.8072165944733162,0.0,20.523481298626677
4125,0.4712280566844342,0.7524131053689174,0.0,40.36319851171474
11035,0.4329028860143943,0.837241857856507,0.0,26.853694850653028
18459,0.5366544837538633,0.6224008110091693,0.2,6.987382726162876
3213,0.5163314149241163,0.6610064426874406,0.0,55.28657594139176
10809,0.49691410293183297,0.6993380989456005,0.0,48.95366959395517
15099,0.4455151999676635,0.8085239137584418,0.8,11.312463030228606
1691,0.42670112952905725,0.8516714416647653,0.0,62.34234693076584
18001,0.4455935578025616,0.8083480478286844,0.0,22.012934322162216
9760,0.5065052709358115,0.6802205487615421,0.0,15.508008222457386
10120,0.4067607425430458,0.8995301225543129,0.0,74.7711869844673
20117,0.5846764101858928,0.5366967297727842,0.0,2.3244335207790776
9359,0.5321531238078975,0.6308240043480784,0.8,17.950095792395217
4319,0.49531964384216365,0.7025519796814405,0.0,44.44343973546087
6583,0.4588166819955898,0.7791045343277977,0.0,29.99552457162021
17769,0.5149288954802979,0.6637264548790783,0.0,45.36238283700808
15893,0.4353403493461279,0.8316271415284369,0.0,7.268420828338829
18256,0.5565713781933948,0.5859598537899766,0.0,7.823897464181547
5253,0.5010723902808126,0.6910046967567066,0.8,51.64568955945096
1895,0.466716424877787,0.7620334329927951,0.0,52.06593634408153
1671,0.4802698942033799,0.7334070535097631,0.0,42.88341361798548
15601,0.44048108860890184,0.8198877661758425,0.0,6.141861500413942
10904,0.4951413975618488,0.7029119055640102,0.0,10.895134201067641
415,0.5258798406018736,0.6426825322611925,0.0,52.13762042968925
10850,0.3106986338726076,1.1689318595267975,0.0,7.514478385392518
1060,0.47808577677237996,0.737965113275181,0.0,57.67566252718545
12135,0.5104747901714354,0.6724140252188445,0.0,8.13620964102162
1731,0.5376764073658142,0.6204983730757241,0.0,16.5362814057667
4606,0.501401622087931,0.690347858145644,0.0,53.18439962357275
13784,0.4148548661289151,0.879826540089088,0.0,15.271589236721784
15582,0.4251523541174817,0.8553076940199953,0.0,10.610091715926247
4151,0.4887042687407558,0.7159977398541507,0.0,52.747552184024265
13826,0.4152299459327343,0.8789228256158284,0.0,16.134825838299058
8642,0.43889504710462224,0.8234949671440075,0.0,71.61935829775722
4378,0.5022837320080691,0.6885901157542534,0.0,52.42993920510871
18869,0.534439911093662,0.6265359756156564,0.2,56.63571980258267
11449,0.36788599143030143,0.9999821947088867,0.2,35.52686757510514
6283,0.5059937341384869,0.681230992896863,0.0,22.17543131196296
10251,0.45478371949766866,0.7879333148052621,0.0,10.576034647458195
7055,0.42999673986066117,0.843977652042663,0.0,70.19615675618134
3125,0.4621426963070265,0.7718815691244001,0.0,61.63860234908962
19604,0.584803341879191,0.5364796559951963,0.2,4.983895983730299
11133,0.4336106882634478,0.8356081791064311,0.0,26.801297833191406
17863,0.46352043542701366,0.768904805569465,0.0,19.434068667454323
8539,0.5020527098936958,0.6890501650142612,0.0,20.0031267634972
3665,0.47324820326626577,0.7481352854846646,0.0,61.478016513920394
9575,0.4928388324593257,0.7075730702339831,0.0,26.05992017149964
14586,0.6248398896044376,0.4702598386974741,0.0,1.398317580586244
179,0.44983248000348314,0.798880032185132,0.0,37.547361512701215
19663,0.5171149332199213,0.6594901212115628,0.0,46.164308484809396
17473,0.5244249406653222,0.6454529678396419,0.0,23.242761519637963
3590,0.49537390842778617,0.7024424310010187,0.2,26.42588350396886
6557,0.47562205257102885,0.7431317473451171,0.0,56.574617884311465
17179,0.5271569276548745,0.6402569993308861,0.0,19.857570443465573
1949,0.43589504780774424,0.830353780647142,0.8,68.97333881668575
6154,0.49099340922241097,0.7113245744499871,0.0,43.984759836853684
16945,0.45868145379053726,0.7793993103077311,0.2,6.500579852480114
20208,0.5633679304342571,0.5738223466468957,0.0,11.25839492278297
5806,0.47732392292060777,0.7395599348757895,0.0,48.57060097992529
9417,0.44133742915824786,0.8179455506263095,0.0,70.22063051361212
19738,0.5803181748237392,0.5441787485728741,0.0,7.847874194125719
20751,0.5840999551237411,0.5376831547656296,0.0,17.192419078740848
437,0.5082972449842795,0.6766888746024391,0.8,53.43811867202764
6854,0.4839546339065378,0.7257641082566485,0.0,39.30012203238494
16408,0.5120364925355014,0.6693593819991334,0.2,10.369046304005131
3953,0.49931967505548364,0.694508756973584,0.2,49.67821053853146
49,0.4603028108231676,0.7758707216749406,0.0,68.7421506759388
8056,0.5414013473239828,0.6135944132125266,0.0,15.882890356108401
698,0.5101228138702144,0.673103770743979,0.0,21.673941931493545
777,0.47081382497644747,0.7532925391663909,0.0,11.698632213707484
21024,0.41598140353982094,0.8771147227493605,0.2,10.841576824985058
19297,0.5053399125539311,0.6825239819668569,0.0,18.585126414711645
14498,0.5015854369703276,0.6899813232381505,0.0,8.273031199823391
9036,0.492777027363665,0.7076984844004166,0.0,40.78466171224406
10341,0.5334690364968709,0.6283542483559811,0.0,15.818817722965576
8827,0.5032651570070159,0.6866380966703449,0.0,38.65428777546869
12561,0.5148303508212742,0.6639178484687518,0.0,8.713922077733068
19578,0.542415732892752,0.6117225367059111,0.0,25.961504784493947
18556,0.469149818631252,0.7568331188362586,0.0,19.223560929732045
11065,0.42161247261356943,0.8636686981945524,0.2,27.2055639931284
11051,0.5394835942060181,0.6171429040030042,0.0,10.762972575402264
19283,0.5011500557000028,0.6908497103668945,0.8,9.390029268577596
2155,0.4708639329167236,0.7531861164758189,0.0,10.247099643049296
7907,0.5046201137470049,0.6839493827947184,0.0,48.62195911817909
4545,0.5093243617552715,0.6746702124337489,0.8,49.321765571129696
13503,0.5153299487526061,0.6629479062748882,0.8,9.165255626157638
11608,0.45783851549098387,0.781238743305331,0.0,12.283416427208518
11234,0.3619255165375748,1.0163168437479806,0.0,6.101382192118856
5333,0.4768608751627683,0.7405304969621243,0.8,53.76251294949036
18847,0.5513166126342489,0.5954460202757518,0.0,21.25742224241045
2421,0.5034350124061889,0.6863006468398083,0.2,48.85774472406464
989,0.41663327236920406,0.8755488868796977,0.0,59.581097744218695
11011,0.44769760075318754,0.8036372727998616,0.2,8.45587125257793
1909,0.45977874294516685,0.7770098988109869,0.0,21.375541753119315
19938,0.510415595202814,0.6725299925538998,0.0,3.3198435810057685
6647,0.49425598918676283,0.7047016992774392,0.0,49.19169964489589
18253,0.508783562487632,0.6757325739096295,0.0,47.301280173674066
6558,0.4756736541051419,0.7430232605017486,0.0,56.62208609264317
4204,0.45719953910718114,0.7826353551390212,0.0,80.25533807416585
16869,0.5214416082556917,0.6511579796392579,0.0,8.334822263581032
12478,0.5263782940579909,0.6417351345134695,0.0,5.983859162625824
20680,0.5342515637201688,0.6268884578425331,0.0,22.574253510392996
19543,0.5713058613789405,0.5598305535827677,0.0,15.464478690387704
20457,0.5281809179294554,0.6383164063724904,0.2,19.53248197412361
7805,0.43837126069680094,0.8246891004770778,0.0,54.5119514290984
7175,0.4829636108025584,0.7278139681210565,0.8,21.419565303913885
20693,0.5925032819896864,0.5233988667650928,0.8,13.255076700147622
6990,0.4670657335043226,0.7612852742500015,0.0,65.10511700234888
4361,0.4960966574160175,0.7009844974200306,0.0,39.675721484356266
4104,0.3964613764191163,0.9251766539531172,0.0,77.61769933617788
11273,0.45674725606444894,0.7836250912637981,0.0,20.979211188436388
12092,0.48660065885298764,0.7203114946406441,0.0,13.72589639504953
5449,0.48061834718520574,0.7326817808254044,0.0,56.69491418789917
11787,0.428652165868583,0.8471094911031175,0.0,14.722763860182734
2076,0.5050521528274685,0.6830935821133785,0.2,22.20566441208703
12164,0.5352157120475793,0.6250854132605101,0.0,9.375293713034367
3177,0.4732842369367319,0.7480591472162799,0.0,66.46505979595716
14873,0.5153299487526061,0.6629479062748882,0.8,9.165255626157638
21000,0.4894764750097795,0.7144188773906016,0.0,6.151146629718291
11662,0.3936946430474886,0.9321796878116094,0.0,6.633343927512795
2671,0.4756168219955557,0.7431427447414873,0.8,54.53924558299942
4480,0.501186392217067,0.690777206733697,0.0,42.33773563313371
19310,0.45193460566945926,0.7942177873391724,0.0,10.58732031410495
20700,0.562187481675447,0.5759198874323769,0.0,26.953626994448435
8244,0.46690898958271343,0.7616209234259506,0.8,60.1680529506501
19189,0.5084468281916674,0.6763946349556815,0.0,24.780731641036265
14548,0.4604287068344137,0.7755972521355227,0.0,12.350611216987794
10894,0.514901379671093,0.6637798924403452,0.0,6.360339257272841
3496,0.45193450052988066,0.7942180199825449,0.0,79.4345115952463
16318,0.4200323262695985,0.8674236033579865,0.0,16.99599436813629
9518,0.5186147128610633,0.6565940359347215,0.2,20.323227122693144
12846,0.48319201267608286,0.7273411625559303,0.0,5.377960594782757
1525,0.5276960599116246,0.6392348051293264,0.0,16.56257370336136
2684,0.5379188044252402,0.6200476513527705,0.8,17.485343058559902
851,0.47891001144551304,0.7362425667664415,0.0,75.24767288446455
8567,0.5197679884251554,0.6543727430783102,0.2,47.83464652053091
3553,0.4937441489787418,0.7057378130066561,0.8,55.43570467323761
13392,0.41852891798773884,0.8710092923054603,0.0,6.016496815352142
5163,0.4756877373063019,0.7429936540844855,0.0,52.121005967745006
15242,0.49615838066118284,0.7008600873785062,0.0,7.572792956716086
6519,0.4648251921846708,0.7660938748601271,0.0,69.35064919067949
13563,0.5153299487526061,0.6629479062748882,0.8,9.165255626157638
9132,0.5085339375609395,0.6762233251877517,0.0,19.73219683534558
10964,0.43923999803097374,0.8227093227354273,0.0,11.872929948832438
8519,0.5042245141452836,0.6847336455266805,0.0,33.62042095053938
16439,0.34312904224382085,1.0696486861135746,0.0,2.2569695496481694
12362,0.5562658606195034,0.5865089324349239,0.0,8.146608993213702
15307,0.5048937455721262,0.6834072766526451,0.0,5.672280363629556
12518,0.38020486117594254,0.9670450631706654,0.0,6.183769673045249
9325,0.45668209634096485,0.7837677617909123,0.0,25.80594462761109
14441,0.4850189944746955,0.7235672249461865,0.0,3.9807051818879016
2597,0.46457547855295495,0.7666312397353355,0.0,27.36107081781242
4123,0.4710899136249934,0.7527063037685723,0.0,40.05526319855176
12130,0.5429782493564113,0.610686016284347,0.0,7.987773046407613
20348,0.5238334752977072,0.6465814404020843,0.2,4.152669464388836
3144,0.4935067948833367,0.7062186514428286,0.8,29.745926150438677
16603,0.4611639267950785,0.774001709615302,0.0,13.021805040110568
4732,0.49196786838929174,0.7093418727743452,0.0,47.423053285542416
8442,0.522108620151258,0.6498796281651379,0.2,51.3404906250459
11167,0.5513011631276759,0.5954740435979106,0.0,9.218533353193358
20088,0.43797846448562683,0.8255855376555035,0.0,27.131630808041628
19108,0.5496359087732767,0.5984992040123954,0.0,18.17641961581701
3061,0.49108999708129825,0.7111278745392082,0.0,43.66325258180242
9706,0.4917284401066263,0.7098286658736496,0.0,49.79448199414911
19434,0.4896057480523109,0.714154807550015,0.0,15.311479455272138
13836,0.42973972841466085,0.8445755363086915,0.0,16.548317342298716
3707,0.5029966786781991,0.6871717119296471,0.0,52.61330380155874
6376,0.5048600813275762,0.6834739547749075,0.2,22.968141937341215
10782,0.4217830545814852,0.8632641858044782,0.0,75.10398416498961
10174,0.5128664133797646,0.6677398704905456,0.0,53.01019693078782
12769,0.4524350601574039,0.7931110396054996,0.2,2.5720590310982594
3890,0.507208702082951,0.6788327189026923,0.2,35.78805659012052
7291,0.5086974135642672,0.6759019115691992,0.0,28.18848788124565
2289,0.47787169733638196,0.7384129981348632,0.0,55.0228441053278
13209,0.4237854154569408,0.858528047480216,0.0,5.879672329328658
8256,0.5130741344646733,0.6673349326251233,0.2,24.160861184778973
8967,0.5102281038877817,0.6728973907307725,0.0,14.130845205346223
17085,0.488743841408198,0.7159167684612902,0.0,7.419761276361577
15016,0.5195662619502848,0.6547609271054041,0.0,12.441439841315635
4296,0.4879505196504465,0.7175412724286462,0.0,39.690794498997576
3829,0.39583098236238035,0.9267679710541272,0.0,77.75120289116596
16737,0.5731197707513718,0.5566605601109662,0.0,7.954957560139458
20584,0.5078154207716115,0.6776372423671937,0.8,4.420329355316723
728,0.47148618876806525,0.7518654694520369,0.0,59.427447393842385
11802,0.5019442605572146,0.6892662002018061,0.8,12.03320944933154
5398,0.48657548603010553,0.7203632279738543,0.0,49.81311556561145
15763,0.4863001206840263,0.720929313404576,0.0,6.4573637006574165
11192,0.5240798821350204,0.6461111594573729,0.0,18.11695750271717
12452,0.3942822860310982,0.930688164212719,0.0,4.719519551136982
20470,0.6051738253678511,0.5022395475606425,0.8,16.38983384616046
18684,0.5312124964394481,0.6325931561729597,0.8,20.622537132553624
9903,0.4974523354962742,0.6982555350210637,0.8,45.823020817574054
9424,0.5424812830201591,0.6116016955080364,0.0,16.941366265650018
5905,0.48307033339028843,0.7275930181455287,0.0,21.864169640163716
13988,0.49428580916104153,0.7046413680413952,0.0,24.833323628238354
9261,0.47273252260642395,0.7492255417590655,0.0,56.21813841156873
11557,0.4001171341586014,0.9159979393455677,0.0,6.793956548401844
20608,0.44878630293114985,0.8012084445549941,0.0,27.652906678285355
2160,0.4826668157198676,0.7284286858927524,0.0,58.58751942865287
18258,0.5509439377588776,0.596122221359858,0.2,7.1905899855040145
14219,0.3497480037759251,1.0505423730270305,0.8,37.2133628323966
1346,0.5143433949559062,0.6648641530236528,0.0,43.76301706019151
8439,0.4963282898119658,0.7005176965787147,0.8,48.76653795085997
16375,0.5174674099197881,0.6588087318260939,0.0,7.075935166586071
381,0.4195771631198003,0.8685078292990677,0.0,74.77852609050639
6242,0.4967594567830352,0.699649360422842,0.0,24.685835803718945
4787,0.47666169619057225,0.7409482720228874,0.0,51.07356179016375
12867,0.4184198228594234,0.8712699895826266,0.0,11.240690174421452
11776,0.5626234211995322,0.5751447535057795,0.0,4.7682375361566045
6024,0.47396492685220487,0.7466219540074405,0.0,47.47395911014701
508,0.47871611909103506,0.7366475105142043,0.0,53.64635832530163
20461,0.4924713637738576,0.7083189646820665,0.0,49.96836276854803
21037,0.5540601724300092,0.590481983638379,0.0,27.171028116718407
1866,0.5021603819502358,0.6888357243585336,0.0,49.36885510348023
460,0.45344515643018424,0.7908809507418506,0.0,37.70129347371774
581,0.5054490783811084,0.6823079807468578,0.0,48.54279899977262
17387,0.4544801176191426,0.7886011119339182,0.0,12.229231502653278
2857,0.49858918262144486,0.6959728036325533,0.0,37.81219838586978
3360,0.5080981783064447,0.6770805856940451,0.0,38.01164202193361
20577,0.4650695981885102,0.7655682110710672,0.2,23.319590312264765
267,0.49287861810277916,0.7074923459991582,0.2,51.50721000823702
20806,0.5466493399655059,0.6039477425193558,0.0,3.8244990679844317
13677,0.5382009217698597,0.6195233280006094,0.8,5.810199817612283
2461,0.5104718646032809,0.6724197563080073,0.0,14.120814882468153
4798,0.5229715727928002,0.6482281705191182,0.0,30.51469374965819
132,0.4707290683980184,0.7534725768030285,0.0,18.384732023701815
4353,0.4916874955946112,0.709911935852409,0.0,47.97229960684636
7583,0.5110104005702283,0.6713653356191637,0.0,47.70050658353047
11017,0.32789977597749725,1.115047278335497,0.0,8.149880308520432
13098,0.46319806904483474,0.7696005214608086,0.0,5.503028757697367
13084,0.45948595218134586,0.7776469096203306,0.0,8.609328642724414
2744,0.5291434941027947,0.6364956285141236,0.0,51.59019793044973
11370,0.5484396416427217,0.6006780479058981,0.0,5.567084080395419
5421,0.4744016838570601,0.7457008818591784,0.0,62.59600276120479
15761,0.49668420288372295,0.6998008615144719,0.0,6.109261534368982
8671,0.506180686860907,0.6808615847777336,0.0,49.09658905009914
11528,0.4209871496633708,0.865152969130518,0.8,6.2663029818147145
14894,0.44817974267680843,0.8025609156987354,0.0,5.821777032493447
8702,0.5060755488882015,0.6810693147365534,0.0,21.159460711597852
12928,0.5317635054802439,0.6315564270480256,0.0,10.109007802583232
15054,0.627335246374627,0.4662741980282319,0.2,1.8807169017076661
2407,0.5045573744003437,0.6840737203814738,0.0,41.745598525326024
17353,0.5946284828572839,0.519818467013658,0.2,2.1983123445915616
12536,0.4835220679082285,0.7266583231278118,0.0,6.48415419924213
6418,0.4829903078761311,0.7277586920399447,0.0,42.97415020972291
8891,0.45344515643018424,0.7908809507418506,0.0,37.70129347371774
12429,0.5051091564176808,0.6829807217419682,0.0,4.720762871132624
20993,0.4506636676970391,0.7970339655878832,0.0,13.808611781566269
13450,0.4965168814792877,0.7001377951095968,0.0,22.86965184165131
6746,0.4714997768069858,0.7518366502767416,0.0,62.33477942775269
1367,0.45970283724569755,0.7771750042383865,0.0,43.700547167874625
14143,0.3571337773343573,1.0296448409681396,0.0,37.95270946653096
6210,0.5293809778596457,0.6360469213427244,0.0,15.726260372831504
10045,0.34026606670486625,1.078027418271896,0.0,6.186174107922931
9748,0.44959724291744074,0.7994031127225243,0.8,70.90705365890321
892,0.46637097932570043,0.7627738685968184,0.0,25.114710219032165
12668,0.5108381527588229,0.6717024654462317,0.2,24.832504019581577
11955,0.5736029560416207,0.5558178362204298,0.0,4.863406199446059
17697,0.48652572522299464,0.7204655005978708,0.0,35.053166573330415
450,0.467349854773918,0.7606771480973225,0.8,50.96536892252061
7054,0.42999673986066117,0.843977652042663,0.0,70.19615675618134
9219,0.45849690445819236,0.7798017387627328,0.2,25.52680965067438
10383,0.5057428502002655,0.6817269400579072,0.0,20.25751612784399
4320,0.4979507616066874,0.6972540791213979,0.8,46.58354864344658
14751,0.4937172476788061,0.7057922987820665,0.0,12.519167385414976
20237,0.49637687119468293,0.7004198198179922,0.0,4.6758975107850675
7668,0.49738871249911987,0.6983834408757111,0.0,49.65366824512112
16931,0.5369163605578895,0.6219129497550978,0.2,4.230562994915679
9901,0.4423644725799772,0.8156211381018454,0.0,63.43819906417396
785,0.4707290683980184,0.7534725768030285,0.0,18.384732023701815
3960,0.48203495935077884,0.7297386377882935,0.0,55.17188937593609
11304,0.43630652545528414,0.8294102426149245,0.8,13.11297588828272
10595,0.5530925757419168,0.5922298850657779,0.0,8.572527247450475
11389,0.5282719218211437,0.6381441243955025,0.0,4.874942679994188
14864,0.4424129285751952,0.8155116054777002,0.2,28.887866319133458
8529,0.48579918793095067,0.721959934027338,0.0,55.1548524308844
14247,0.5231945392400826,0.6478019161258743,0.0,7.176025639393487
19080,0.48362593754949923,0.7264435273755919,0.0,12.836257357347586
13669,0.48465235883160246,0.7243234309727222,0.0,7.287417945072022
16341,0.5534088145787514,0.5916582837136038,0.0,7.826159925251723
1593,0.47136026254644264,0.7521325887103124,0.0,49.77237204949422
6651,0.48575621916221223,0.7220483875904652,0.0,47.963867724203865
3470,0.4412744885166442,0.8180881742198729,0.0,65.88472786520839
11405,0.4841996335361769,0.7252579913223792,0.0,9.674216163650998
12234,0.5027780255132522,0.687606507450911,0.0,7.870000374146281
12696,0.45906172097429104,0.7785706096080753,0.2,8.650736701020787
420,0.5099769417175327,0.6733897666044366,0.0,18.86366786069368
15873,0.5130795811852229,0.6673243168266,0.0,6.209452653517701
9912,0.48999438355989056,0.7133613500658277,0.0,46.12951099447977
2611,0.5055214059465305,0.6821648953320674,0.0,20.54680591877115
8472,0.48050276176725026,0.7329223028937183,0.0,37.74916399338643
14693,0.5301071096677652,0.6346761991413885,0.2,7.9810530831480815
19131,0.5075946353834558,0.678072111788265,0.0,9.252971975383309
10728,0.49396199565965443,0.7052966966166698,0.0,3.232621574349662
14581,0.5892810874372125,0.5288519809211931,0.0,1.8046546296166968
12077,0.4230527579812219,0.860258384353308,0.0,9.955339939623013
20556,0.4733068200486569,0.7480114326054929,0.0,7.3387400682756265
20353,0.5261507128028062,0.6421675810441548,0.0,3.8991452664027175
20111,0.5801878966075121,0.5444032682371506,0.0,1.9505968799810722
17758,0.40929395327831936,0.8933216689173155,0.0,10.53896250832334
20506,0.456856958689147,0.7833849377630726,0.0,4.954850841659395
15765,0.5747704027046082,0.553784617570277,0.2,4.696647047973147
17235,0.3189087494181873,1.1428502690985682,0.0,87.11947113060073
19169,0.5121056426909999,0.6692243418455744,0.0,6.341235003527578
9801,0.5052229241433864,0.6827555131627786,0.0,54.52485569790039
13831,0.4269867969846875,0.8510021866421261,0.0,16.244483488666837
16145,0.5150180890878366,0.6635532544928484,0.0,3.617360526367687
9309,0.46102767091702856,0.7742972141056477,0.0,25.494122119626528
286,0.48414826082438617,0.7253640951558014,0.0,50.105615641801435
468,0.47105844968952293,0.7527730956597591,0.0,28.157473852639356
5331,0.4741279707541529,0.7462780132312424,0.8,46.27670119469117
150,0.5104718646032809,0.6724197563080073,0.0,14.120814882468153
16949,0.4329028860143943,0.837241857856507,0.0,26.853694850653028
10915,0.49203724169133034,0.7092008708599388,0.0,5.636019508748304
19646,0.3965445600116075,0.9249668608381483,0.0,69.53438658628264
2136,0.5107333016372401,0.6719077396274941,0.0,18.10791281402358
15130,0.4437519853747448,0.8124894641185882,0.0,15.180147138414144
1761,0.5080981783064447,0.6770805856940451,0.0,38.01164202193361
17561,0.4896877344534816,0.713987367650073,0.0,7.70892172972007
10763,0.4311608773551249,0.8412739931994444,0.0,56.0961501232754
17453,0.5244249406653222,0.6454529678396419,0.0,23.242761519637963
5830,0.4962102907287074,0.7007554688651079,0.0,37.91437432216626
8248,0.43355007961250996,0.8357479655296223,0.0,70.12343202756279
2695,0.446470125211536,0.8063827897248264,0.0,84.69035372129238
4821,0.49116881398522916,0.7109673936084961,0.0,39.863941542658345
5607,0.5047493381555997,0.6836933330221454,0.0,29.009110936859365
11118,0.5800806317046225,0.5445881649236981,0.0,2.4038121137501856
7071,0.4707290683980184,0.7534725768030285,0.0,18.384732023701815
20800,0.5197575200917766,0.6543928836776381,0.0,45.21200692945119
5519,0.49246727812204216,0.7083272609385878,0.0,44.63524191571646
16486,0.5292164001659064,0.6363578567341801,0.0,7.612112917722982
6087,0.4668307288479319,0.7617885520132753,0.2,58.52059342718768
4929,0.4919638339387695,0.7093500734462266,0.0,22.051920137663988
9063,0.4309246904416084,0.8418219362998713,0.0,54.486923542490835
15308,0.5356923068309006,0.62419533716362,0.2,4.527912794820065
656,0.5104718646032809,0.6724197563080073,0.0,14.120814882468153
12569,0.45947583688745647,0.7776689242329295,0.0,9.91800061333838
10822,0.5691689324359999,0.5635779953593455,0.2,6.763781384401087
20349,0.5752750208842847,0.5529070553423673,0.0,2.4654125550259764
17917,0.5217669700436349,0.6505342083144032,0.0,19.909110274231452
11588,0.4407878782895401,0.8191915208646948,0.0,10.991092876064119
10330,0.43976154487084834,0.8215226424496185,0.0,21.988053023746414
19921,0.5791595226494535,0.5461773252811256,0.0,8.047922700502284
9031,0.47140295068693283,0.7520420290874502,0.0,54.12822389604415
10198,0.4709785630584187,0.7529426996778916,0.0,27.350644140249102
245,0.47105844968952293,0.7527730956597591,0.0,28.157473852639356
3830,0.5164651755104012,0.6607474166831497,0.0,14.019408767173974
18210,0.5535014754260886,0.5914908612072085,0.0,18.654142132778908
18084,0.502216607055205,0.6887237641968743,0.0,7.241241614729574
1962,0.4647707807380334,0.7662109395813274,0.0,69.73668819833645
9973,0.5108339355090257,0.6717107210300843,0.0,43.37571776061926
15700,0.4476288009408921,0.8037909593488134,0.0,1.6960070564141638
15331,0.44624272262719583,0.806892253859479,0.0,13.091827126675014
17024,0.4622991620578505,0.7715430605402154,0.0,27.833413554425704
10034,0.3911166722587013,0.9387493689840302,0.0,13.299262138506613
20434,0.5720579725537107,0.5585149421195907,0.2,10.916173521055999
16079,0.5076243743605402,0.6780135254599803,0.0,6.582494249854227
489,0.4549699596071422,0.787523885052236,0.0,54.44546547541884
2742,0.4450028963154068,0.8096744882631297,0.0,45.196029687754844
6874,0.5188071454646945,0.6562230535724475,0.0,18.748293691947584
8223,0.5124379252587515,0.668575696751707,0.2,59.28461553291443
17175,0.4120020688873083,0.886726908074082,0.0,10.432341532276423
8292,0.4675310164221557,0.7602895871661131,0.2,40.04065180416926
4209,0.4691393152469241,0.7568555072109059,0.0,78.35724396329994
4759,0.4711055481677649,0.7526731162965309,0.0,40.053497127348614
11208,0.4931041193153565,0.707034931872214,0.0,9.305286242099353
14102,0.5550889393420417,0.5886269270077913,0.2,7.194198093063909
19956,0.5373499654520818,0.6211056919881157,0.2,10.044210677846507
19678,0.4103108744103577,0.8908401763259661,0.0,18.198974723379134
13323,0.5149102586858746,0.663762648481448,0.2,7.899439294770033
12228,0.4855012117022137,0.7225734954717633,0.0,7.810296406755047
7773,0.4068455486105631,0.8993216530064577,0.0,39.61512155944635
835,0.49261308250314884,0.7080312355826891,0.0,66.58325804241804
7585,0.5096248115709281,0.6740804875834245,0.0,37.964215426398425
19070,0.45887536922874256,0.7789766325264157,0.2,16.38616262069469
2054,0.46787184749568517,0.7595608507002328,0.0,38.12995818214533
2602,0.4665597228188931,0.7623692436973829,0.0,29.35121588234925
5481,0.43294563660118224,0.8371431094364172,0.0,51.1075893858513
12010,0.5084820751975867,0.6763253144637259,0.0,5.654959168646645
6723,0.4942209140104717,0.7047726674026273,0.2,35.65092473532326
14913,0.5125078656817919,0.6684392204155591,0.0,3.330732260057248
18130,0.5461143223571512,0.6049269435479973,0.0,21.211762444769786
16510,0.3806087794792723,0.9659832569156379,0.0,7.561330544043807
19326,0.4469705526362516,0.8052625643098532,0.0,10.358897501336802
14777,0.3642703098040878,1.009859077591399,0.0,35.58995692404608
18224,0.5060753412147803,0.6810697250971494,0.0,31.606742799792492
11928,0.5018044595435311,0.6895447579957795,0.2,4.975755193336321
11180,0.5252729374690985,0.6438372705882451,0.0,8.400145439167106
1445,0.4797259674829676,0.734540239183422,0.0,43.81532358606194
9464,0.45875660997544854,0.779235471051333,0.8,55.9062480382646
4598,0.49607511312546193,0.7010279259698011,0.0,45.04104424355973
5251,0.452502158674284,0.7929627453026314,0.0,66.72781320226873
7964,0.4217830545814852,0.8632641858044782,0.0,75.10398416498961
3328,0.4859866525715527,0.7215741193033233,0.0,24.27736295056414
16762,0.5435044135240098,0.6097174518944888,0.0,3.551573804453567
12280,0.44099718632961854,0.8187167837605913,0.8,13.205082767914671
20533,0.4042185282722572,0.9057996356959217,0.0,25.630958714220775
16372,0.4474974078310844,0.8040845338402399,0.0,12.81228374131451
13792,0.4935537933132843,0.7061234223747347,0.0,5.6447502721276255
9879,0.5301186309196011,0.6346544655588215,0.8,20.581844511753754
18736,0.5167756136558895,0.660146514825452,0.0,13.97530176922
13067,0.42386604305058295,0.8583378098699905,0.0,13.92781850132409
17229,0.45948595218134586,0.7776469096203306,0.0,8.609328642724414
5289,0.5326485766135644,0.6298934032019181,0.8,19.621808516490326
18070,0.5139626045123451,0.6656047700406957,0.0,31.283424826682875
8823,0.5106483709475818,0.6720740451176623,0.0,47.04518315823637
19834,0.5286564148464392,0.6374165574850176,0.0,29.990450367023236
9476,0.46506066153747466,0.7655874269839834,0.0,57.69083728943569
12575,0.4045865936770684,0.9048894895550766,0.0,6.9855210028920265
1298,0.47105844968952293,0.7527730956597591,0.0,28.157473852639356
10364,0.4599799882622606,0.7765722942230074,0.2,6.304601795907378
7716,0.47308625789772835,0.7484775436962467,0.0,61.412581889234
20698,0.5252001785888875,0.6439757965137832,0.0,23.1895685798557
4365,0.49381209930248227,0.7056001999360771,0.8,50.5703704207284
20656,0.5251176746183605,0.6441328993763972,0.8,24.042581007312723
7826,0.4802090841124626,0.733533678021848,0.2,47.694357282556716
14790,0.4574836450588527,0.7820141434107941,0.0,24.637356423438288
19128,0.5133180910139479,0.6668595655133843,0.0,9.082627205976273
8886,0.45344515643018424,0.7908809507418506,0.0,37.70129347371774
7138,0.506129575878324,0.6809625636663368,0.0,48.933972838355565
20431,0.5803958921239492,0.5440448356609189,0.0,16.64777191933996
8559,0.5280064424422604,0.6386467937551243,0.0,40.64986939701134
7053,0.43041908689685193,0.8429959242385534,0.0,51.69419488275165
2189,0.4785607071515338,0.7369722064362327,0.0,67.91936124403604
260,0.48844030231549423,0.7165380210766054,0.0,49.15451261925613
8815,0.492662174159226,0.7079315849403213,0.0,53.23645437734875
12455,0.528727800855215,0.6372815337011855,0.0,3.5522071175184093
3802,0.5018953757759593,0.6893635958007137,0.0,51.57853114960428
15559,0.5577831261108829,0.5837850550335432,0.0,3.9119437784897144
4304,0.4951886570199993,0.7028164637303149,0.0,48.174555900531104
18598,0.4665910357983738,0.7623021313273756,0.2,29.348632056103966
1557,0.43841968519271723,0.8245786420007613,0.0,61.90524217731072
1275,0.49608964250494175,0.7009986377303259,0.0,29.061651344596697
2422,0.5027533473642227,0.6876555922426939,0.0,51.64981195306041
17591,0.5048600813275762,0.6834739547749075,0.0,22.968141937341215
15318,0.47942641438375316,0.7351648596600363,0.2,9.874367482782878
1093,0.49310838424784753,0.7070262827575949,0.0,41.14892749881905
19117,0.41180683421387715,0.8872008885721109,0.8,18.074057117952353
10300,0.30978879083503175,1.1718645335938098,0.8,21.51308999283623
10507,0.5126424085133232,0.6681767362984682,0.2,4.046478470505933
19731,0.507199066910536,0.6788517155482422,0.0,10.25677038635581
13393,0.44941847017158126,0.7998008204502383,0.0,3.9701713130313907
19913,0.5693747888370364,0.5632163818359762,0.0,15.718523696355344
3105,0.45177342621046,0.79457449427332,0.2,46.72097965705899
10266,0.5111514532404458,0.6710893467029525,0.0,7.030163883243096
2140,0.5354334976965138,0.6246785841143132,0.2,48.799892706741126
12086,0.5471420514037111,0.6030468184941361,0.2,5.774173172059301
16990,0.5383570074309265,0.6192333563085586,0.0,16.730137156822725
2874,0.47089700353258734,0.7531158850304543,0.0,13.748128412736392
19282,0.5747656219586432,0.5537929352669171,0.0,11.081396761444156
9664,0.49910934331734275,0.6949300823505149,0.2,43.74584921415449
20327,0.43434528390316385,0.8339154761614145,0.0,24.713917989020562
11110,0.4972253979437049,0.6987118387039101,0.0,5.686885412050444
418,0.5084955704235725,0.6762987745962181,0.0,17.614201635956007
11244,0.41678960983544017,0.8751737172715479,0.2,10.980805196485724
2927,0.39392178439027414,0.9316029061672205,0.0,52.92436593250477
19209,0.4487253585431996,0.8013442520116767,0.0,28.745819271851772
18114,0.513507206258408,0.6664912161026312,0.0,21.011135333389227
1262,0.46774334067664497,0.7598355508578891,0.0,55.14506568321982
704,0.4309408926930353,0.8417843382062803,0.8,67.38483563118226
18141,0.43678010768092634,0.8283253966119859,0.2,29.192258042882766
2016,0.5018878661466057,0.6893785584520912,0.0,20.267729355514433
17822,0.5115634865965603,0.6702835828241672,0.0,11.44743739195614
3746,0.44880516688058714,0.801166412182641,0.0,74.56856442514076
10307,0.4517548473052745,0.7946156195058839,0.0,71.25317811488992
15484,0.5788172177656176,0.5467685373182236,0.0,3.306582672073655
20437,0.5832954035197959,0.5390615253842366,0.0,5.161514002736238
6490,0.4716311276803824,0.7515581080857883,0.0,62.45447906862566
15902,0.5568250165490828,0.5855042418241515,0.0,6.845715544036986
12819,0.5437428567783054,0.6092788336249723,0.0,6.377321701464407
21107,0.5666516220429691,0.568010587294316,0.0,21.84937995819626
8426,0.36588856461550057,1.0054264602043026,0.8,51.42756497360912
4259,0.4943279402050703,0.704556135473911,0.0,55.39044219563368
19780,0.49126666945063463,0.7107681836504297,0.0,7.049043813830646
2256,0.47080427679475434,0.753312819536268,0.8,46.712929548693786
6495,0.5246388845440683,0.6450450920239461,0.0,19.228792618416712
3689,0.4895368846127033,0.7142954682411621,0.0,40.10769163166964
15718,0.4592531172075645,0.7781537673050068,0.2,1.6827652165010136
9382,0.5353897067617499,0.6247603734042838,0.0,18.24300218842358
469,0.44983248000348314,0.798880032185132,0.0,37.547361512701215
9360,0.5323541267806983,0.6304463592449971,0.8,17.857393606606944
5860,0.3896321253609345,0.9425522533212463,0.0,90.37284589858642
4000,0.4039512423630118,0.9064610955245435,0.0,82.25681114516979
4884,0.49122886553210504,0.7108451385417289,0.0,51.735308315336155
1226,0.5092021101177956,0.6749102683212276,0.0,54.83308402887619
2687,0.5231674985299822,0.6478536013153792,0.0,18.340735107247234
6877,0.5068221296049035,0.6795951661275584,0.0,47.36642515387408
2161,0.4880464414591396,0.717344710732608,0.0,57.3947545745825
4313,0.5027334541813678,0.6876951614997482,0.0,42.44454620723609
7008,0.5454754363060874,0.6060975044092441,0.0,15.885815613687072
11266,0.4347715578543375,0.8329345401931435,0.0,15.899596496569137
9223,0.4901608123075345,0.7130217533367686,0.0,49.77605093960725
4172,0.4547845305981481,0.7879315313206707,0.0,68.6485376720337
275,0.49391445639884,0.7053929419735706,0.0,48.19915120479864
2594,0.4965732190957066,0.700024335884806,0.0,44.245036761001074
7251,0.5024294919011891,0.6882999635184234,0.0,54.47894053708961
7100,0.4708804941735015,0.7531509450295046,0.0,10.457496734552976
16913,0.43853512944432027,0.824315357620898,0.0,5.621006821397867
6286,0.5051060291404104,0.6829869130511372,0.0,22.202196867578778
12664,0.4609327079417752,0.774503216397648,0.2,8.525343918137487
11148,0.5465157703500362,0.6041921147827477,0.0,5.531378649499355
4668,0.4317618648104773,0.8398810815906627,0.0,69.29018923122968
17557,0.518053920392946,0.6576759487173228,0.0,8.542224451293151
7331,0.4296543920747532,0.8447741328272237,0.0,70.26240245578133
15310,0.5285800338626799,0.637561049256911,0.2,6.609722540663103
4142,0.4782204430497754,0.7376834748721376,0.0,51.49768720791715
8866,0.46092351085865785,0.7745231697980375,0.0,66.16751463221206
20014,0.36822015257043544,0.9990742790072945,0.0,6.102870128804641
13008,0.4224538401537577,0.8616750922275158,0.0,16.44821485537703
449,0.467055164071131,0.7613079039400544,0.8,35.96989623690502
7436,0.45284365346525657,0.7922083489104698,0.0,44.26067658542311
19665,0.4054367958075991,0.9027902848807912,0.0,25.57785329053011
714,0.49447377874717496,0.7042611551146198,0.0,48.62923490989898
11083,0.5820120975310858,0.5412640453308416,0.0,7.714636578504061
10151,0.563807649218871,0.5730421331382688,0.0,7.630056035525784
4760,0.47094613899983545,0.7530115460698062,0.0,16.024090526184096
9288,0.4715664908454247,0.7516951670303601,0.0,62.394458142252105
15958,0.5381403144538429,0.6196359452897016,0.0,6.058180901834451
8622,0.5048600813275762,0.6834739547749075,0.2,22.968141937341215
4341,0.4956175196947872,0.7019507793782196,0.0,39.39698749260257
19815,0.45129042493695853,0.7956441889996538,0.0,26.196585833356117
7159,0.5116386751547111,0.6701366156634304,0.0,42.630740652047024
2782,0.5088074615330109,0.6756856021010754,0.0,44.149297344385715
12292,0.4898810378721444,0.7135926972060307,0.0,7.351075739195209
9003,0.4217852638268336,0.8632589479469147,0.0,70.90377553373992
14188,0.5303611209465858,0.6341971441799187,0.0,20.045702602619293
7443,0.4642861039625388,0.7672543134100898,0.0,62.65782420707728
8952,0.5295031198009295,0.6358162219827183,0.0,54.705628321500214
11300,0.4667715783799308,0.7619152664989238,0.8,13.430660313878388
18388,0.5538639351829326,0.5908362267634816,0.0,8.342902991852553
12061,0.48136820164033517,0.7311228097401749,0.0,5.428951839427616
6750,0.508012442483442,0.6772493386259639,0.2,53.765129803367756
5726,0.47144493750282435,0.7519529652703802,0.0,58.810240725362945
7120,0.47089700353258734,0.7531158850304543,0.0,13.748128412736392
13249,0.4805936522322146,0.7327331637732067,0.0,14.62535327807596
20241,0.4669465563043829,0.7615404683237558,0.2,36.944232550565474
16037,0.5801086482729654,0.5445398683761747,0.2,4.575768317664423
2486,0.5266579745475942,0.6412039457889824,0.0,21.75284337169144
20214,0.475617691505388,0.7431409165701585,0.0,4.428859792919864
1536,0.5201759595644805,0.6535881408676953,0.0,42.578002229255816
18276,0.4753387045677774,0.7437276668076388,0.0,25.956095287877005
13859,0.45123287267358503,0.7957717253493611,0.2,12.815902513569018
7398,0.47039335957426753,0.7541859990486613,0.0,29.63950918721413
11706,0.47002663152244284,0.7549659230696012,0.2,7.123480896564045
15738,0.5463645299013326,0.6044688888258598,0.2,1.8965211855290347
9143,0.4926158672331812,0.7080255826224648,0.0,39.33613055029468
13432,0.5121080087808848,0.6692197215402671,0.0,19.775442899158424
9340,0.479707836055205,0.7345780352829505,0.0,47.1048165125192
15971,0.5904453373139148,0.5268782178007886,0.0,7.6555403639537944
13085,0.5078411205445562,0.6775866351551987,0.2,4.730570871044262
9751,0.4757699972957875,0.742820740487383,0.2,60.98558024374152
6185,0.42928080844021255,0.8456440090597352,0.2,71.91779320206476
2489,0.4574432301266745,0.7821024891208188,0.0,45.90550237678349
20809,0.5047769925173323,0.6836385462158993,0.0,22.76652959343932
5456,0.5093026598819524,0.674712822482101,0.0,49.55428304129188
5510,0.47131941788757137,0.7522192452061393,0.0,48.93524445393638
8260,0.5312915587568613,0.6324443335549708,0.0,52.20511514896306
17905,0.4953534191212974,0.702483793151677,0.0,15.185239840078262
3488,0.45927335455553003,0.7781097024933962,0.8,64.8651665122022
9253,0.4691424948092735,0.7568487297964546,0.0,55.29536635115376
6712,0.4961820276205429,0.7008124284115484,0.0,37.46543712804295
8228,0.5420337629297942,0.6124269862542309,0.0,15.953722524678
18306,0.5017416112456232,0.689670010437734,0.0,51.187311647453264
16391,0.4245301415275852,0.8567722709750468,0.0,11.665382832582463
7937,0.5104718646032809,0.6724197563080073,0.8,14.120814882468153
14312,0.612894157060442,0.48956302180324146,0.8,14.99041990503105
7491,0.430494731749721,0.8428201927043966,0.0,73.72148328468681
17979,0.47746107840271684,0.7392726335820692,0.0,45.87926347544098
8209,0.5417321092555789,0.6129836630969828,0.0,16.268586979797227
19964,0.5844283943054891,0.537121013178637,0.0,2.1355933143635397
16970,0.5773408082673167,0.5493225312664456,0.2,10.750242031181802
19061,0.44672045249107023,0.8058222659299331,0.0,37.873646498706854
10712,0.4407878782895401,0.8191915208646948,0.0,10.991092876064119
8146,0.5361097456599945,0.6234163895039644,0.0,16.707559357613484
14749,0.4847274641840425,0.724168475503654,0.0,11.28363044911408
13439,0.545585627834204,0.605895514745947,0.0,17.90421199848114
15198,0.5371590613412944,0.621461024717829,0.8,10.422523084981965
14046,0.4845268885901278,0.7245823515852083,0.0,10.303561233026024
3856,0.45494810954473736,0.7875719114914284,0.0,59.855465273348564
19516,0.4642394953468019,0.7673547061527576,0.0,23.158765265868297
10489,0.42984078097990336,0.8443404156548293,0.0,48.992853906732705
4832,0.4734149206527873,0.747783064332213,0.0,64.38412069797714
9543,0.5231634814332682,0.6478612797589902,0.2,18.778259589237475
18031,0.4424705579065482,0.8153813525521685,0.0,15.961089431882922
15266,0.46729607935803963,0.7607922193001682,0.0,12.362872838079733
17872,0.5347842652505512,0.6258918559325936,0.0,15.822546547741794
20062,0.5508832637833404,0.5962323547374215,0.0,9.545679993660006
20247,0.5827187901923,0.5400505585840181,0.0,5.1709839954355035
7212,0.5142518909505702,0.6650420733521456,0.0,43.58685809636383
4846,0.49614355586104764,0.7008899669939552,0.0,51.739694475916096
10143,0.5425703415484869,0.6114375401323634,0.2,8.215275293027444
9778,0.5203827855204308,0.653190612213689,0.0,18.2632101653431
5264,0.5995808273678361,0.5115244889690039,0.0,39.44876999423356
17552,0.4843860462457722,0.7248730739819972,0.0,9.268227479258332
7742,0.4857561545671074,0.7220485205689152,0.0,43.6694941934804
4201,0.5083961874360609,0.6764942388372447,0.0,17.527965625048182
17572,0.5260952489903975,0.642273000906951,0.0,23.12825090966393
20070,0.4942505332499042,0.7047127380247511,0.0,5.267621799064276
2678,0.5124388472628486,0.6685738975030133,0.0,16.64748979278433
4275,0.49558446568996545,0.7020174741696372,0.0,45.05197086923964
10404,0.5309547246209676,0.6330785257427036,0.0,8.075233033680934
16027,0.5866729003806292,0.5332878540257012,0.0,3.093069400774188
4343,0.48830772917317833,0.71680947930095,0.0,39.836687359032524
13599,0.5503867930947274,0.5971339877549466,0.8,7.643315441893259
2356,0.43479632960458436,0.832877565342506,0.0,38.41647770142309
5341,0.38105840979829386,0.9648026090484837,0.0,37.21725769970138
16850,0.41783542352466385,0.8726676476120842,0.0,11.220324345751632
10990,0.5091883137727108,0.674937362733669,0.0,3.8819697537792104
10453,0.4120020688873083,0.886726908074082,0.0,10.432341532276423
3648,0.4680479057976758,0.7591846254876592,0.0,57.59933962091155
19638,0.5611445346585072,0.5777767691048458,0.2,20.225653879034144
10072,0.42811516223232143,0.8483630489570867,0.2,13.573808783313387
14366,0.4978281432219411,0.6975003554479429,0.0,5.241017960857887
11796,0.5060144086180702,0.6811901345703086,0.0,10.860383760668874
9918,0.49351112296583916,0.7062098814247282,0.0,48.09289184743322
5225,0.5049545424561652,0.6832868686966516,0.0,29.620484715386823
18231,0.46853599555455316,0.7581423487618717,0.0,19.639676619209553
15554,0.5233888155577395,0.6474306579379856,0.0,5.957333005140846
1160,0.5003009638356334,0.6925454339744759,0.2,62.20789413512753
856,0.47638874157807637,0.7415210740680719,0.0,74.45612810534953
16893,0.5236009897569582,0.6470253546560507,0.0,6.612922478062888
6819,0.5245617585514099,0.6451921106010027,0.0,42.673008262568885
16871,0.47492980499824544,0.7445882648189431,0.0,13.513904632800802
13641,0.4411492577422115,0.8183720078673793,0.0,6.4889129336119264
13037,0.4243397407736819,0.8572208691903119,0.0,14.015988686992973
9096,0.5394439753614737,0.6172163451600933,0.2,17.15861451317527
9392,0.5135541313030473,0.6663998388051791,0.0,20.9999235221857
18291,0.4757586414619532,0.7428446090991563,0.2,10.306968951250793
15997,0.49622393704968715,0.7007279681590689,0.2,11.187472958371798
8365,0.510410942322696,0.6725391084613473,0.0,45.74947387929639
18858,0.4338247970892749,0.8351145197305105,0.0,37.95595396603898
3117,0.5066569323426223,0.6799211664761532,0.0,29.26720536599317
14768,0.5258683574767283,0.6427043685242196,0.0,13.496791739008613
4823,0.48839299748266635,0.7166348745169511,0.0,40.85177452103252
16047,0.503084364541795,0.686997400199178,0.0,5.457988247196891
6262,0.47403697848931264,0.7464699466394372,0.2,46.38564202856553
15120,0.44282144641571575,0.8145886456806983,0.0,15.277610531389904
19889,0.4859765136074611,0.7215949821599517,0.0,3.8279529562696704
18804,0.5272299326205362,0.6401185208112291,0.0,23.702947056422747
17492,0.44648205929659684,0.8063560602195547,0.8,21.791369263275236
18699,0.40362656735057917,0.9072651667261542,0.0,20.314575026509942
15727,0.5457950210552247,0.6055117930374796,0.2,1.8068471346988484
12148,0.46032831691793985,0.7758153116545531,0.0,13.344605124278536
18898,0.46711413174573924,0.7611816577126295,0.0,18.991481488826828
9735,0.4727122159047088,0.7492684986890501,0.0,66.66991352859628
5072,0.5136784242684995,0.6661578430362859,0.0,49.135798843042124
16638,0.4742143398983149,0.7460958656175999,0.0,14.870062960928148
9889,0.5091063098995976,0.6750984239263418,0.0,47.72945651135548
14103,0.5373074493846633,0.6211848168642924,0.0,8.386615871257801
14958,0.4380332634987437,0.8254604274282364,0.0,4.539206753451522
15341,0.47573965982157823,0.7428845075211542,0.0,11.412191796038332
8090,0.49638609879149953,0.7004012300899386,0.0,48.01250913193887
2317,0.4802395665742309,0.7334702025580494,0.0,54.50417455732347
9401,0.45344515643018424,0.7908809507418506,0.0,37.70129347371774
2722,0.46090284340533605,0.7745680100290195,0.0,45.05661972511167
10116,0.3857436281585276,0.952582305934844,0.0,45.02856240378452
12476,0.525368937852975,0.6436545244282099,0.0,4.286739264666787
9111,0.5447693184566452,0.6073928428093429,0.0,17.942688662268722
7911,0.5098140319930053,0.6737092629132152,0.0,51.23559150054753
14067,0.442992776861716,0.81420181412249,0.0,28.69450768268653
1387,0.47723382509657936,0.7397487088383562,0.0,47.36610892390639
20150,0.43251131535242204,0.83814679028788,0.0,5.8205104594908565
18223,0.4845448578204416,0.7245452661364118,0.8,23.30354739919456
4080,0.3774177631227455,0.9744025800574135,0.0,35.12721598471046
12348,0.5392211747415872,0.6176294494919312,0.0,8.735133087406002
1055,0.4682200524323695,0.758816896067635,0.0,53.98223352310648
2392,0.43175516292867155,0.8398966038828481,0.0,70.80328306653384
19037,0.4083516922099878,0.8956264851678571,0.0,72.39707097407035
10854,0.42144740018872767,0.8640603012877054,0.0,9.332931518811215
17030,0.46474730085581883,0.7662614601310282,0.0,12.928747172978815
5920,0.5189842419151405,0.6558817586757686,0.8,41.67800640509152
16699,0.4077372062332028,0.8971324144706231,0.0,6.980228527684698
2233,0.5066695374483418,0.6798962878095125,0.0,19.900563358617
7013,0.5069219233240159,0.6793982846382981,0.0,53.28860668446586
9302,0.4985438490662767,0.6960637314300663,0.0,46.71979425483736
19856,0.49727819584577304,0.6986056592945094,0.0,33.394747757575765
18149,0.5138228221072241,0.6658767770226252,0.0,11.325564593002817
20363,0.5019744420343957,0.6892060728685624,0.0,4.200125234718508
228,0.4933108379126602,0.7066158007574328,0.0,51.18018266450289
299,0.47644738317604274,0.7413979855400094,0.0,53.82549261892113
6467,0.46090284340533605,0.7745680100290195,0.2,45.05661972511167
5585,0.45673203956587566,0.7836584067393595,0.8,50.27168798809775
7023,0.4873805283573577,0.7187100886149931,0.0,53.231264467932775
497,0.484096388884675,0.7254712415051798,0.0,43.500345353007354
6447,0.4707290683980184,0.7534725768030285,0.0,18.384732023701815
20690,0.5991232477724281,0.5122879461510114,0.2,13.199098619905058
16732,0.4339833011792217,0.8347492221675457,0.0,13.241208899769576
1649,0.48816391335447185,0.7171040415052842,0.0,49.892514234837115
2277,0.5008329042725654,0.6914827579349639,0.0,41.606518916601416
19336,0.3982826806656341,0.9205932728792142,0.0,26.76210620544393
19266,0.5054189726565458,0.682367544850285,0.0,24.99955815083547
16160,0.4650712260367952,0.765564710852084,0.0,23.91547624762165
8063,0.4959018400309362,0.7013772750060598,0.0,32.64560398089691
15197,0.5577083560158576,0.5839191127046869,0.8,9.792907664145243
18852,0.5441481383123541,0.6085337561224896,0.0,29.07087420749307
9909,0.49646789126923047,0.7002364677407216,0.0,51.85250990196241
4766,0.449457973519744,0.7997129255043525,0.0,42.88460563017091
557,0.39104528958897544,0.9389318955537329,0.0,85.56016898233392
8284,0.5030774018338653,0.6870112403353519,0.0,49.402980808425454
9298,0.49541181039114,0.7023659220997448,0.0,26.380862319305862
15558,0.5578097673995321,0.5837372933656277,0.0,3.912499270019599
1565,0.4809647978477623,0.7319611969022416,0.0,51.43125165747716
4611,0.501783933861253,0.6895856625786063,0.2,54.1186851140623
9053,0.5117301488137692,0.6699578459820421,0.0,20.145631585303505
17708,0.5219961741220491,0.6500950203944627,0.0,4.509221566611724
14981,0.5662949586608538,0.5686402081431229,0.0,17.53146119529349
18140,0.4973972627384694,0.6983662507673611,0.0,11.786327112966632
12872,0.39268172245516086,0.9347558617582463,0.2,84.48323221832663
20473,0.626566741585895,0.4674999794566636,0.8,16.28840066620879
8683,0.5441323765715771,0.608562722442409,0.0,15.862186524727676
2908,0.4759010288741424,0.7425453689029181,0.0,33.52220818644675
16604,0.4611639267950785,0.774001709615302,0.2,13.021805040110568
19840,0.4289401565079584,0.8464378651039414,0.0,24.9161674702553
3759,0.36507869098931706,1.007642356884654,0.0,66.7210311271703
21058,0.4564421907400257,0.7842932228039494,0.0,36.21199395029168
6049,0.4897289952646249,0.7139031117661051,0.0,56.244859274883865
6823,0.5285362159658098,0.6376439500673041,0.0,39.80173176322154
19715,0.547712798465273,0.6020042198093315,0.0,3.4511998647801216
18117,0.5119476724902486,0.6695328613331097,0.0,20.57139614283373
4431,0.47101072964298385,0.7528744046668402,0.0,27.769774024449646
2595,0.4828796900679741,0.7279877452435355,0.0,35.64591727987897
13398,0.5032146244649246,0.6867385110911093,0.0,6.551485697074627
9430,0.4279054513350657,0.8488530158997686,0.2,72.19070318289953
4408,0.4813417752199525,0.7311777098056661,0.0,55.280690415150794
20227,0.49779384527859494,0.6975692529688009,0.0,4.351785867137346
3835,0.3873647356065258,0.9483885605301551,0.0,82.7196344327273
5062,0.47161964539215484,0.7515824542905429,0.0,62.456502238250074
2055,0.4616402357884737,0.7729694016674049,0.0,43.537502138645436
10996,0.4821397833444787,0.729521200036668,0.0,4.49603932071296
4444,0.4960352310818864,0.7011083243727204,0.0,27.2310474256171
17226,0.46579697561789457,0.7640054144299727,0.0,10.544592924581572
7022,0.4866203856221073,0.7202709555067355,0.0,51.07081122096807
14266,0.4847544621719332,0.7241127798023446,0.0,11.585804822121393
18530,0.46446930899168626,0.7668597961260591,0.0,19.861668427131136
4301,0.4708305844257494,0.7532569430344831,0.0,11.622754860897842
18065,0.5240330551121373,0.6462005143756268,0.0,28.658993675329814
12549,0.5178085952141632,0.6581496123158663,0.2,5.602168927606386
10956,0.506488838295408,0.6802529924653212,0.0,6.43009083390002
2212,0.49290697032414904,0.7074348239138071,0.0,34.73221789118492
19600,0.567940947551782,0.5657378312436295,0.0,6.868623297237734
5498,0.46891364605141544,0.7573366510464306,0.0,43.0167240906453
17077,0.5025497080940176,0.6880607223611886,0.0,45.37760516466906
20320,0.5823441439700761,0.5406936933437841,0.0,10.56785724636454
8978,0.45996324787845827,0.7766086886072402,0.8,52.22304747335926
20060,0.5034801415158542,0.686211008483449,0.8,5.435820317845845
306,0.46449630972441697,0.7668016653789264,0.0,22.045547879644133
4020,0.46090284340533605,0.7745680100290195,0.0,45.05661972511167
3824,0.46170865098720554,0.7728212123971585,0.0,67.24703732504611
16849,0.503906843831046,0.6853638616631756,0.0,8.440255995598843
2234,0.4999896594636314,0.6931678618465389,0.0,40.27305435981924
16373,0.4387745917282788,0.8237694562496347,0.2,80.90651412882401
15644,0.4601043821580122,0.7763018975061223,0.0,5.131627073015346
13580,0.4642844671515433,0.7672578388524124,0.0,27.17857468323237
13685,0.5364081711066261,0.6228598944568088,0.0,5.92651210959851
3907,0.41999618966286273,0.8675096399771552,0.0,63.32820371833234
141,0.4650467494351341,0.7656173420285847,0.0,35.930419174450975
9643,0.49634231994421574,0.7004894291310579,0.0,45.552828057380616
15413,0.52005815470084,0.6538146376966852,0.0,6.165798804869873
13176,0.5165162819352218,0.6606484673273912,0.0,11.452341206322066
828,0.5366346641382267,0.6224377434903703,0.2,52.17896073813263
4842,0.49659916162179474,0.6999720941459141,0.0,49.72602087915096
2178,0.4965732190957066,0.700024335884806,0.0,44.245036761001074
10048,0.5079132067168899,0.677444698920186,0.0,12.671602395555539
14610,0.517887075014151,0.6579980623917063,0.0,7.994676520810816
20259,0.5373101130953895,0.6211798593597454,0.2,18.56706561712469
14309,0.6226124985581682,0.4738309463958997,0.0,14.513678953603897
5310,0.4651789461821974,0.7653331169236964,0.0,64.00098190274412
7401,0.5062905656446839,0.6806445341030872,0.8,39.19151092350029
4247,0.4892158775783439,0.7149514194849692,0.0,56.10223603240575
1490,0.4619053938724186,0.7723951840376208,0.0,13.632776176845525
15519,0.5145507575810981,0.6644610743833704,0.0,6.5525833767668695
16140,0.529810861693237,0.635235200857082,0.0,7.086175715508798
6226,0.5250525726642514,0.6442568829959311,0.0,52.1252133186172
13741,0.43802545954777244,0.8254782434735909,0.8,13.144914979113583
18350,0.4904640361618985,0.7124033234356676,0.0,18.463712809031552
7190,0.5182504989116694,0.657296564981387,0.0,50.99306620741455
8819,0.5101072085805903,0.6731343624522838,0.0,49.875890123697275
2892,0.4827628746114255,0.7282296887149425,0.0,21.278872393202878
16536,0.5408607775494308,0.6145933760461734,0.0,5.374618856658676
7293,0.5006313229115844,0.6918853312036474,0.0,31.321646620975997
7888,0.4787727333109212,0.7365292548920943,0.0,37.927573193970275
16033,0.6201564438837986,0.477783503927732,0.0,2.6755875764303134
11958,0.4607496850498768,0.7749003659921194,0.0,3.443792630031366
488,0.46891364605141544,0.7573366510464306,0.0,43.0167240906453
5355,0.457790720669215,0.7813431410679291,0.0,52.03784096956352
16299,0.5222716258455208,0.6495674704118459,0.2,10.3431277846458
2856,0.4744995416556947,0.7454946268847924,0.8,60.332504994899615
15963,0.5116215872010661,0.6701700147003621,0.0,10.898170619274758
1131,0.4881607868043394,0.7171104462395533,0.0,52.4207752614469
12190,0.4778909436485954,0.7383727238839337,0.0,14.737918892722899
5219,0.4523122010111472,0.7933826273787594,0.0,58.24618631537511
9530,0.5002227824049033,0.6927017149846628,0.0,45.649044074468215
11848,0.4614514786422843,0.7733783689365709,0.0,12.920948771783234
12427,0.48419072459266166,0.7252763908106449,0.0,5.151637977057802
11387,0.49785439454092917,0.6974476251488796,0.2,6.4081484220237215
804,0.5007239221770632,0.6917003833218703,0.0,52.15420731929248
3498,0.45458531879294983,0.7883696628653186,0.0,74.16587663553317
8500,0.3893199988803649,0.9433536542997177,0.0,96.65035754315504
9943,0.48555170473857295,0.7224694990045268,0.0,46.292230943913125
7152,0.4825574190933396,0.7286553619811694,0.2,63.65168603271348
2883,0.5010529124126207,0.6910435698759503,0.0,41.613605989414296
7352,0.5114677471148322,0.6704707510725113,0.0,46.2960061288498
10360,0.5403116465133063,0.6156091827225592,0.0,16.5906679440455
15296,0.5112725047958944,0.6708525534332668,0.2,6.136757631009228
5913,0.47526328818782976,0.7438863375882191,0.0,50.59915186097599
309,0.4619053938724186,0.7723951840376208,0.0,13.632776176845525
11466,0.41295997199358175,0.8844046108305548,0.0,12.544395646091004
20015,0.37514310044988797,0.9804477246032453,0.8,4.859441932476911
1126,0.48945885199619227,0.714454881839727,0.8,56.609832998639426
2199,0.501856639755932,0.6894407782510544,0.0,50.508430257468795
199,0.43472369968667307,0.8330446228354528,0.8,63.557141151693656
198,0.5048561100567301,0.68348182088794,0.8,52.01296552666173
13054,0.49662214403428273,0.6999258156128999,0.2,61.243508866128735
12445,0.41154869264221305,0.8878279362367035,0.0,8.878279997391061
597,0.4898244321951015,0.7137082537254853,0.0,63.25953259360371
10424,0.5801878966075121,0.5444032682371506,0.2,1.9505968799810722
13318,0.38848372342157805,0.945504006006849,0.8,7.418897107389698
20860,0.5599324674674068,0.5799390963331623,0.0,26.711995573530608
12185,0.4742143398983149,0.7460958656175999,0.0,14.870062960928148
14735,0.4352753032534376,0.8317765670358169,0.8,13.218177708498684
790,0.49391445639884,0.7053929419735706,0.0,48.19915120479864
12882,0.4997391208517251,0.69366907501972,0.8,9.507427908253728
17964,0.2977104013267874,1.2116340726161474,0.0,89.7215021528223
3337,0.47814241612704833,0.7378466491781063,0.2,47.0487883198345
10825,0.5593970307546623,0.5808958061392294,0.0,8.580702603144289
6783,0.46090284340533605,0.7745680100290195,0.0,45.05661972511167
19139,0.49971760754387995,0.6937121250232615,0.0,30.76613367098726
9068,0.4542942981723235,0.7890100570938609,0.0,67.4051294183153
8496,0.4716183654133898,0.7515851683006876,0.0,62.456727772494126
17599,0.5060755488882015,0.6810693147365534,0.0,21.159460711597852
19763,0.4339296635947223,0.8348728234657049,0.2,24.995676369523103
16991,0.537280371787995,0.6212352131113753,0.0,16.54504662360276
833,0.4979946310434197,0.6971659830529098,0.0,69.95014827133917
7128,0.4709298200156775,0.7530461981574902,0.0,16.02482792283209
1568,0.5040340584173397,0.6851114369690583,0.2,48.93408647630917
11361,0.3646005603300025,1.008952879903861,0.0,5.01046008242842
6203,0.39304738831726194,0.9338250934222214,0.0,59.811500083501315
4071,0.4887536480497484,0.7158967036700113,0.0,43.694755199261984
8711,0.44983248000348314,0.798880032185132,0.2,37.547361512701215
8801,0.536538427940219,0.6226170923744897,0.0,15.089125613711072
11439,0.41382705210962656,0.8823071409655194,0.0,9.9652176822074
13095,0.45340480071802186,0.7909699527026952,0.0,6.193294669315885
20796,0.43100885630856783,0.8416266408097626,0.0,10.454264890209929
17827,0.5244249406653222,0.6454529678396419,0.0,23.242761519637963
1329,0.49398125690074657,0.7052577040104757,0.8,39.65663768332306
2232,0.5083961874360609,0.6764942388372447,0.0,17.527965625048182
11455,0.4654806948771597,0.7646846549248659,0.0,10.781289296913501
9825,0.48922102331351175,0.7149409012079844,0.0,47.22184870661385
4168,0.5335613878695287,0.6281811485627992,0.2,48.96829059993026
1322,0.46891364605141544,0.7573366510464306,0.0,43.0167240906453
13172,0.4430653786311025,0.8140379382660377,0.0,13.436917426728082
5961,0.5074328386257752,0.6783909145068001,0.0,47.08711327240275
20010,0.4379130025082176,0.8257350127445937,0.2,14.39958035363908
17612,0.5096568338747827,0.6740176545009136,0.0,18.883614650563686
20465,0.45170026878253045,0.7947364412751972,0.0,26.166698238489545
2576,0.45509104433292435,0.7872577826130096,0.2,47.64877849391245
14174,0.3921338323053454,0.9361520885162383,0.0,32.99234026522447
13373,0.5022097879256695,0.6887373423536605,0.0,9.260073357759008
10199,0.49790734701267275,0.6973412694423209,0.0,32.76806476141299
16054,0.5092693389958824,0.6747782491502572,0.0,5.427443672079095
9180,0.49634231994421574,0.7004894291310579,0.0,45.552828057380616
14897,0.509620349821089,0.6740892425915583,0.0,3.6660343773344084
5877,0.4717072034922661,0.7513968174660081,0.8,43.37437727533338
17907,0.4484971123329401,0.8018530360035896,0.2,26.19293086145812
15389,0.5361528091906136,0.6233360667687398,0.0,5.1051221252737555
7294,0.49038416959722053,0.7125661754741084,0.0,33.308905111434406
1877,0.49441452708236344,0.7043809900131279,0.0,19.75788690421825
7643,0.5350544976553966,0.6253866724975523,0.0,14.699713808624793
2532,0.4874276695848327,0.7186133696345592,0.8,52.48751843472594
15448,0.5262501316755164,0.6419786437708193,0.0,4.6236905364877
8579,0.5009858378852932,0.6911774459908366,0.0,20.064881731707878
20143,0.5140982337645974,0.6653409155138246,0.2,6.034641900664456
701,0.5062757145517479,0.6806738676750764,0.0,48.147463848882154
19990,0.5132921447085913,0.6669101130424451,0.2,6.700112588060174
3537,0.5140840606479427,0.6653684847819061,0.8,50.57466248783246
18702,0.4217830545814852,0.8632641858044782,0.0,75.10398416498961
21225,0.4546871178663147,0.7881457496140509,0.0,3.578181673182417
4038,0.4311608773551249,0.8412739931994444,0.0,56.0961501232754
2846,0.4599341252648702,0.7766720056998813,0.0,42.94996132264971
7411,0.4707461319063528,0.7534363283530837,0.0,12.887525177452218
11995,0.6094216949582354,0.4952448125420009,0.0,1.553835626417687
16842,0.5144348826906496,0.6646862959732611,0.0,8.530583679105444
13713,0.40202490657762213,0.9112412356215991,0.0,15.94945558346029
9232,0.47046823875789145,0.7540268275320116,0.2,53.03070240822258
13910,0.5295745542127994,0.6356813226949114,0.0,10.442337117008492
19937,0.5166306459004615,0.6604270777793502,0.0,3.2600993549182933
14674,0.5121080087808848,0.6692197215402671,0.0,19.775442899158424
10811,0.5228868588629386,0.6483901693661566,0.0,44.34016064380325
21147,0.4209708336595065,0.8651917264181488,0.0,7.104522212979969
7767,0.5390695041090421,0.6179107662769505,0.0,14.177961754367601
4329,0.4914494164437866,0.7103962613874657,0.8,47.021127565655554
9118,0.44702150498343474,0.805148575943169,0.0,34.74618581198007
13426,0.5240094308450182,0.6462455970272171,0.0,13.62285713602911
19872,0.2812571265515203,1.2684859869346805,0.0,44.68876073904199
18917,0.47448362910994163,0.7455281628762509,0.0,18.955052972335828
270,0.4440876446340306,0.811733338205906,0.0,32.5423865560185
16256,0.4589507592871632,0.7788123529177885,0.0,5.0915090790268644
10076,0.4768094843579746,0.7406382717384511,0.2,26.235629748418503
16308,0.4473633622103002,0.804384123734611,0.0,13.446084693225638
1553,0.4345265177136718,0.8334983057277577,0.0,73.40953405197328
9292,0.4711365982505729,0.7526072094955301,0.0,40.569287838177914
14380,0.5194508342840108,0.6549831133758074,0.0,7.2811195587194
3302,0.5043445829269322,0.6844955482410024,0.0,40.40919458596185
17562,0.48698264903038624,0.7195267848086102,0.0,7.527689317362482
15949,0.4402069690176782,0.8205102785346784,0.0,9.997917305745293
9922,0.48479866842084934,0.7240215908874683,0.0,47.104848459354216
5902,0.43729123084606986,0.8271558737117987,0.8,80.70559834563224
3231,0.5352468520112476,0.6250272328724751,0.2,17.000740614916836
19054,0.5217669700436349,0.6505342083144032,0.0,19.909110274231452
5295,0.4860270855951139,0.7214909249574065,0.0,53.75829035984725
10496,0.45852267310160294,0.7797455379049804,0.0,12.259938759336773
17408,0.4683722905098984,0.7584918067584668,0.0,24.785236804167422
334,0.47671954421847806,0.740826918621908,0.0,49.718002764806045
11773,0.5759726055501203,0.5516951792260683,0.0,4.8334012884173765
10018,0.3106986338726076,1.1689318595267975,0.0,7.514478385392518
3155,0.5048600813275762,0.6834739547749075,0.0,22.968141937341215
15455,0.4989845549913535,0.6951801356307742,0.0,11.197960823866179
987,0.45593648989489727,0.7854017557139077,0.0,54.38121888390174
16746,0.5624325974224499,0.5754839788879005,0.0,10.466902724363884
18773,0.5365067024787731,0.6226762240187343,0.0,16.687722922468147
4095,0.4217830545814852,0.8632641858044782,0.0,75.10398416498961
19213,0.47794526256841974,0.7382590665030362,0.0,24.230769117623893
5431,0.31927677460556636,1.1416969203799865,0.0,51.37636141709939
14209,0.5088924646486278,0.6755185526327052,0.2,5.5620842922321625
13468,0.543907923530853,0.6089753046673263,0.0,18.749436065535495
15459,0.28451548036631324,1.256967614360688,0.0,8.991089192083573
17919,0.5104718646032809,0.6724197563080073,0.8,14.120814882468153
19987,0.5124143458397287,0.6686217120061821,0.0,6.717308167401937
6423,0.49674674941618463,0.6996749412733126,0.0,47.9119914316148
18601,0.4665910357983738,0.7623021313273756,0.2,29.348632056103966
10483,0.4488483460981079,0.8010702075403602,0.0,11.290283777043626
8848,0.47907231301154124,0.7359037263443637,0.0,22.38692761283538
15767,0.44502486516477036,0.8096251216021808,0.0,4.728210447636383
18907,0.481780221141777,0.7302672416536181,0.0,18.22016684353324
13036,0.42243190818334275,0.8617270092363257,0.0,14.097852753448883
13531,0.5195571713911444,0.6547784236969522,0.0,21.543521225119374
13603,0.5466244309860204,0.6039933102081665,0.2,7.922882430979754
7544,0.5007239221770632,0.6917003833218703,0.0,52.15420731929248
20321,0.5898280801476122,0.5279241741248828,0.0,10.3182770166128
1621,0.45243386869926644,0.7931136730435578,0.0,36.324608645785794
6303,0.5103501817502742,0.6726581580040083,0.8,14.125821318084174
10100,0.4458253202469968,0.8078280623193707,0.0,60.7082801159485
14032,0.4871685981882425,0.719145018300287,0.0,7.105153034563985
14770,0.529575088522754,0.6356803137535247,0.0,12.39576611819373
19687,0.5055166528423228,0.6821742977559749,0.8,24.992478253779783
4113,0.4952990834514767,0.7025934898813254,0.2,44.1755683564698
18042,0.5172568067919774,0.6592158028645745,0.2,23.73836121203585
2167,0.48050276176725026,0.7329223028937183,0.0,37.74916399338643
19601,0.576133038390807,0.5514166755270935,0.0,6.694750138390049
13497,0.5261397608727253,0.6421883964565439,0.0,7.186730488055812
19541,0.569258492580411,0.5634206552555711,0.0,15.724224660833633
18433,0.5330515363054726,0.6291371684859273,0.2,6.392033535818307
14987,0.5536796958007287,0.5911689258621884,0.0,17.938991896450933
4229,0.3930318161197708,0.933864713341958,0.0,83.85638022458376
5604,0.5042627694419282,0.6846577788354776,0.0,25.017395865471272
9444,0.5151003971958692,0.6633934513065088,0.0,27.7663326007565
20601,0.4406564015834888,0.8194898419498241,0.0,10.995095840914132
3493,0.40936788001442925,0.8931410650750342,0.0,89.17120066631114
18924,0.4901678289334542,0.7130074384924917,0.2,18.47936996074025
19957,0.5362071867638446,0.6232346501297701,0.2,10.078639272955959
11923,0.5133367931805572,0.6668231323031608,0.0,11.16928810201004
1504,0.50793412237187,0.6774035201832161,0.0,46.80994144202583
9260,0.473301091524389,0.7480235358727441,0.0,56.636602132744144
4770,0.4533930667030255,0.7909958328142803,0.2,41.210881682660144
20551,0.5836987685488015,0.5383702365076967,0.0,16.72716295563911
13509,0.5287849970325014,0.637173362570857,0.0,8.025517387227916
18616,0.5273651973489651,0.6398619963397486,0.0,40.63763919530993
12805,0.5187861621804792,0.6562634996394441,0.2,5.611053047089576
19620,0.4549942074881408,0.7874705909075189,0.0,67.84059260826751
13040,0.4272671291631228,0.8503458661268378,0.0,13.91165726693897
3280,0.4066434509516825,0.8998185193762479,0.0,39.637008524551916
19359,0.49893588762111246,0.6952776732063193,0.0,9.48254469455172
19846,0.5197985704860135,0.654313906901627,0.2,19.313709449043852
18552,0.48366913436281794,0.7263542127194921,0.0,11.277374830602405
10645,0.4842403159187602,0.7251739749977116,0.0,4.020618348611009
14539,0.4549032524775437,0.7876705145580442,0.2,6.242288978108728
13977,0.5276236339958713,0.6393720638506127,0.0,10.68071027784427
1368,0.47021709834646885,0.7545607795507865,0.8,49.684055450616235
11617,0.5373945407373485,0.6210227415100523,0.0,9.85687219990118
7459,0.3843437745698098,0.9562178806128016,0.0,67.0308719718847
8875,0.5389302104096105,0.6181691962159028,0.0,20.33622056656186
6106,0.3757721104002656,0.9787724086996433,0.0,64.72132552526392
14569,0.5425672325683746,0.6114432702447224,0.0,18.2638107037946
6718,0.504945425293826,0.6833049242717196,0.0,52.21816106167613
8273,0.46888679435590686,0.7573939163117449,0.8,61.379200782090145
12761,0.5287387514390443,0.6372608227220894,0.0,3.5520916745258453
1017,0.42223548328732224,0.8621921033113302,0.0,75.01071298808573
11780,0.5395304573915511,0.617056041027507,0.0,7.244237780430012
19286,0.4665788318150638,0.7623282873011896,0.0,25.929454816995722
18545,0.5164651755104012,0.6607474166831497,0.0,14.019408767173974
3952,0.4833055589766042,0.7271061980730924,0.0,51.660897592045245
7274,0.5039025190279024,0.6853724442449675,0.0,27.109907241268758
16271,0.5629492326802406,0.5745658277675164,0.0,3.90089995977824
16068,0.4662321774515006,0.7630715340598099,0.0,7.263296465354141
7816,0.47511235044807065,0.7442039756565618,0.0,42.89963567847918
7289,0.49165302880724154,0.7099820372802023,0.0,51.8996885502027
17161,0.4649102152816252,0.7659109774540294,0.0,28.184376611448847
1814,0.4707988871053403,0.7533242674362343,0.0,50.431292853622374
3452,0.4940253784271434,0.7051683897794807,0.0,34.14072554677058
17524,0.5461143223571512,0.6049269435479973,0.0,21.211762444769786
20839,0.5541974093303711,0.5902343211755688,0.0,17.64210462546994
10131,0.2812571265515203,1.2684859869346805,0.0,44.68876073904199
12264,0.4757354751945978,0.7428933036038399,0.0,12.042300833996507
4922,0.35881341278920903,1.0249527671405438,0.0,90.78518822156605
15050,0.5105564232189319,0.6722541220805273,0.0,7.9097421824751475
11803,0.5024774743161466,0.6882044672852256,0.0,11.54050074866003
9375,0.5164651755104012,0.6607474166831497,0.0,14.019408767173974
16952,0.44509024302197425,0.8094782240678728,0.0,19.63794190116146
2304,0.534620659252387,0.6261978317060204,0.0,15.360633241724608
17303,0.5054731878194827,0.6822602828393433,0.0,3.0357168604241647
7341,0.5010727015539562,0.6910040755429799,0.0,48.13879823734915
15801,0.4916033053097717,0.7100831777372467,0.2,6.519273650742534
7189,0.49347470404139254,0.7062836796971382,0.2,37.108142483651235
9984,0.5128171597861738,0.6678359110139921,0.0,19.527521885193618
3598,0.4408750205962534,0.818993843709158,0.0,71.29341347003947
5364,0.4678673472157901,0.759570469363041,0.0,50.055695090036956
10762,0.4311608773551249,0.8412739931994444,0.0,56.0961501232754
18627,0.4045299454648286,0.9050295144083379,0.0,33.35938845347751
1483,0.4665910357983738,0.7623021313273756,0.0,29.348632056103966
50,0.45711576820690747,0.7828185980527905,0.0,69.65520148260737
14616,0.4866825189270572,0.720143280340569,0.0,8.009073846687228
16168,0.4536895493170961,0.7903421269237861,0.0,24.955053260601733
4487,0.4686513513069549,0.7578961743905027,0.0,50.89651666602798
16070,0.4682221577087421,0.7588123997381236,0.2,9.904399397563381
6023,0.4714725063252582,0.7518944896898887,0.0,59.42974115346877
21065,0.45300137566560206,0.7918601167143056,0.0,10.219746775060267
3101,0.5344189516442723,0.6265751939823145,0.2,17.208886603234717
2001,0.5064015530908512,0.680425341231812,0.0,22.341426079516502
19107,0.5879556543745457,0.5311037516579347,0.0,9.577658849099356
13287,0.5273476877219546,0.6398951989814532,0.0,5.966702684041799
5485,0.4327113450445814,0.8376844129025458,0.0,51.14063596411037
125,0.5367724997961129,0.6221809245249769,0.0,17.209523684065616
14643,0.47989238136873197,0.7341934056998153,0.0,8.041253177901833
14055,0.4956227687990772,0.701940188395688,0.2,6.510670368251358
20049,0.5780936524181035,0.5480193950299205,0.2,7.908467755882984
9212,0.48371110516233407,0.7262674406358219,0.0,42.68273781862611
19280,0.49272329032519274,0.7078075397453232,0.8,6.785397098571686
419,0.5227097058115567,0.6487290248273586,0.2,53.819210153120665
4936,0.49318029633703403,0.7068804591448342,0.0,21.982214970395084
4009,0.5109496677889814,0.6714841911071592,0.0,44.07622317518695
1086,0.44332826219554317,0.8134447851565387,0.0,31.573855115709037
4645,0.47005178283260757,0.7549124141073983,0.0,62.48032261307452
13145,0.36285406910620005,1.0137545390279121,0.0,7.411457790224363
10869,0.4430653786311025,0.8140379382660377,0.0,13.436917426728082
16417,0.3354685501898807,1.0922270670838607,0.0,2.304610161927555
10927,0.5037312736263572,0.6857123403549278,0.2,10.533570623824511
18759,0.47430205080904053,0.7459109222432209,0.0,33.30305864066453
12864,0.4392743415961384,0.8226311371814005,0.0,5.676977496517377
16548,0.5158194120975392,0.661998551311818,0.0,5.680278652866749
15101,0.477901768049601,0.7383500737823508,0.0,13.45790626531349
4081,0.3774177631227455,0.9744025800574135,0.0,35.12721598471046
6567,0.42613256717791004,0.8530047905640313,0.0,71.6907860610556
16617,0.5508267718478916,0.5963349079205118,0.0,4.886964388421623
18727,0.5072168084047423,0.67881673680897,0.0,13.437516578848989
6935,0.49261885478203915,0.7080195179785962,0.8,52.01111314249645
6313,0.5028261724701493,0.6875107501797493,0.0,54.31334926420019
15383,0.5019941786910717,0.6891667555905697,0.0,6.5948438832996406
4053,0.4796296300915544,0.7347410768956959,0.0,50.86245272979342
13421,0.5121080087808848,0.6692197215402671,0.0,19.775442899158424
13152,0.45294259107416784,0.7919898920506948,0.0,6.828537021469586
6969,0.48289678406982817,0.7279523457441408,0.0,19.967733065915205
751,0.50793412237187,0.6774035201832161,0.0,46.80994144202583
18120,0.5083961874360609,0.6764942388372447,0.0,17.527965625048182
19048,0.44508199804684395,0.8094967485168506,0.0,21.47837645022537
1901,0.47327778275584664,0.7480727843171798,0.2,56.13164411076394
12000,0.4854843600153965,0.722608205950085,0.2,1.5247106469285951
8214,0.5377710799660237,0.6203223112938719,0.0,16.531589359347507
6006,0.4670771861072776,0.7612607542269618,0.0,44.69742239661592
11906,0.3939140622044874,0.9316225097072737,0.0,6.070685081148931
19425,0.48035176127482637,0.733236607484155,0.0,15.30814766434104
15717,0.48217486210952154,0.7294484462623192,0.2,2.288644556670097
5565,0.45163439844544323,0.7948822794448007,0.0,66.07061725066123
16488,0.4992596731388548,0.6946289315331913,0.0,8.202178484489302
1874,0.48802625039581254,0.7173860827810188,0.0,20.667893345948332
7997,0.474602365480064,0.7452779508376819,0.0,55.150568361988455
14333,0.404421932820328,0.9052965578457584,0.8,26.249979253756464
