test_index,threshold_u,lambda,loss,width
20811,0.47464476680021905,0.7451886141017754,0.0,24.36245266277173
2555,0.4146059312782329,0.8804267730571418,0.0,43.48427778392237
2388,0.4335123622410772,0.8358349658876956,0.0,76.04008474625016
19911,0.69781739095034,0.35979782799726173,0.0,2.450223188073555
1362,0.47283418490076123,0.7490105124143945,0.0,16.42280422661667
11275,0.4412036391723031,0.8182487432861655,0.0,17.044122040566215
11697,0.4248143871939507,0.8561029414689034,0.2,8.703142612376286
1149,0.4554750737356857,0.7864142866429528,0.0,52.04096181867849
14064,0.5335334834431931,0.62823344836686,0.0,22.398093712890397
16769,0.4780489918400956,0.7380420583534484,0.0,6.008769767195071
2201,0.4838605228577695,0.7259585897098624,0.0,51.22726688592404
13154,0.4999354158691797,0.6932763571645242,0.2,6.004466538658182
14036,0.48250194566985755,0.7287703257348381,0.0,9.977594518515517
16354,0.4356166009573627,0.8309927780954278,0.0,6.090387574494
4480,0.481187350135822,0.731498583390449,0.0,45.09688878219944
17212,0.49211291766766213,0.709047081368038,0.0,59.505002766477176
15483,0.4641169420666614,0.7676187281941061,0.0,6.177795599176109
9470,0.43619927801567615,0.829656080384075,0.0,61.70567097856558
18543,0.4550641009363845,0.7873169887751409,0.0,21.558707204865215
15422,0.5218559791662186,0.650363631147876,0.0,7.807940779663877
11036,0.4530665240260902,0.7917163121261006,0.2,26.93339801953954
7989,0.47065509572455794,0.7536297340538766,0.0,41.09165664949676
16219,0.4389571535069124,0.823353470882221,0.0,5.474888816687691
14183,0.4683427217009299,0.7585549397468206,0.0,26.372679740647904
8706,0.5071167996312858,0.6790139278967704,0.0,25.80252926007728
10115,0.5089749366343423,0.6753565040480053,0.2,4.694065228096965
6544,0.486902253798194,0.7196918869313381,0.0,49.84586437169888
13324,0.47247009357412106,0.749780828074515,0.0,11.475771202022703
17205,0.44670897592772457,0.8058479569649074,0.0,10.972022452278985
2427,0.4406063858920121,0.819603351092026,0.0,82.53405495373609
4786,0.4433513317053021,0.8133927494270085,0.0,51.467421255438616
9025,0.4550289043775404,0.7873943359443998,0.0,65.69230968813496
2460,0.415138918775245,0.879142070728989,0.0,64.18176445893403
8478,0.4985043427586315,0.6961429779659707,0.0,34.87676213386524
6608,0.4950797758168118,0.7030363661325644,0.0,32.378342738655824
9094,0.547152016722622,0.6030286052565769,0.2,17.050031461333695
434,0.4755196129778412,0.7433471507856227,0.0,62.088071903626876
5501,0.49710988436464415,0.6989441820223775,0.0,47.59809772921972
150,0.500398655557478,0.6923501871286458,0.0,16.02444539802527
18193,0.4640500214697684,0.7677629276746692,0.0,27.643305030985744
264,0.4671276303444066,0.7611527602704126,0.0,54.91717281493722
10729,0.6105696399851932,0.49336292152709527,0.0,2.0507123776801555
7266,0.4514799927029451,0.7952242200572325,0.0,39.92025342004135
6763,0.4520341204180296,0.7939976143484472,0.0,13.045374988332767
11149,0.5010990868325476,0.6909514193439067,0.0,10.249227650843693
6794,0.4718448281176491,0.7511051014360522,0.0,53.658950280344264
20297,0.4882792554725397,0.7168677919778428,0.0,30.398780578371273
8878,0.532374051295685,0.6304089327630098,0.0,20.840372082897794
11426,0.44723937252756607,0.8046613186921345,0.0,11.39561373958636
18006,0.46195363191715977,0.7722907567528544,0.0,20.1189462272394
16923,0.45159450709036825,0.7949706099994507,0.0,13.093166158971009
20511,0.5024744432862166,0.688210499474183,0.0,4.522919585003703
1350,0.4902624545083154,0.7128144098258886,0.0,15.529553017644401
10098,0.41830148318411764,0.871552854797699,0.0,5.770551600396351
13087,0.4644848005584182,0.7668264434198833,0.0,9.742913656228952
10232,0.5735713679529514,0.5558729073426064,0.0,5.677686133236535
16650,0.416097660698206,0.8768352849792299,0.0,6.883157530626894
681,0.4311993274262598,0.8411848191606908,0.0,56.74633354818336
5013,0.488419540279165,0.7165805287843174,0.0,53.42824247669452
9338,0.4709995702628316,0.7528980973592744,0.0,49.87196836071447
12979,0.4373295165085812,0.8270683256799194,0.0,13.47997315657441
11871,0.44860709582667957,0.8016078393067284,0.8,8.745941606035839
10057,0.547333695505464,0.602696615935052,0.2,17.54148588044964
10565,0.3758990357842467,0.9784346935010975,0.0,9.254524458901757
19278,0.4693174228335686,0.7564759317194512,0.0,19.0866441928133
8915,0.5100250676767857,0.6732954021642777,0.0,20.30995385428766
11775,0.5896791411033583,0.5281767186491759,0.0,4.3558732616910225
17414,0.4977902730252761,0.6975764291646706,0.8,17.45684987374159
19590,0.5215613317567098,0.6509284050197608,0.2,16.279718006595655
19457,0.4575754183408651,0.7818135590201447,0.0,17.31873354784552
12688,0.5420395690664778,0.6124162745495662,0.8,7.160370882289909
8371,0.48944820257954463,0.7144766396084514,0.0,31.011857670040968
13081,0.4554877869924818,0.786386374952268,0.0,22.274393545553448
14268,0.5363061205465013,0.6230501605159574,0.0,2.0308319405656303
12423,0.41729915051962063,0.8739519270454114,0.0,6.950102583143463
18172,0.4563739243837257,0.7844427958785176,0.2,38.22001699490639
13339,0.5437002567438651,0.6093571826143259,0.2,10.771911456193955
9206,0.4693945717339782,0.7563115598971462,0.0,45.4165085948037
5071,0.44946567979552654,0.7996957799419805,0.0,56.23860938513654
6727,0.4805329122719103,0.7328595570342576,0.0,36.470755408507856
16310,0.41995041694001634,0.8676186295784748,0.0,15.274424749139154
1829,0.4683010929124413,0.7586438290083872,0.8,47.08523109956334
17420,0.49447547711542955,0.7042577204222036,0.0,33.214201729370124
15079,0.38765992585599834,0.9476268034444133,0.0,10.887283744697907
10578,0.4343310608820929,0.8339482225833876,0.8,12.910352389275783
13928,0.5590803313217673,0.5814621107460046,0.0,7.969519880641505
5637,0.4871732218295,0.7191355275011392,0.0,38.08541962135642
2024,0.5447240424143942,0.6074759567481757,0.0,17.455517837468392
11278,0.4137830378376037,0.8824135057201279,0.0,8.575294812131364
12929,0.44515121036626804,0.809341255958475,0.0,13.07935940705303
17782,0.4653318903432101,0.7650043853143772,0.0,62.73035959577893
18166,0.46702184224231147,0.7613792510101749,0.0,25.598332018949872
1226,0.49959013161940136,0.6939672534890468,0.0,59.126007879446796
19071,0.4624579679316726,0.7711996063072429,0.0,17.695174731368247
16958,0.48051627982372697,0.7328941701390224,0.0,14.537871507139386
2973,0.4994972058916059,0.6941532747197731,0.0,45.11996285678525
16422,0.30040409416114155,1.202626730153269,0.0,107.03017308531824
19433,0.541135793217217,0.614085027533546,0.0,14.123955633271557
1430,0.4496939088499787,0.7991881302160908,0.0,25.43016301092237
18334,0.5166696421926887,0.6603515986709145,0.0,9.249214828002817
10562,0.5609929516351437,0.5780469374685926,0.2,21.622712687036245
460,0.431828297556825,0.8397272291051349,0.0,50.55157983279015
13047,0.41694718178612034,0.8747957275890972,0.8,13.454796799432039
8050,0.5488362781875047,0.599955100186204,0.0,16.144792226626635
116,0.4077479626301308,0.8971060341087495,0.0,70.87316992106929
272,0.4146059312782329,0.8804267730571418,0.0,43.48427778392237
13325,0.4825968798189271,0.72857359116866,0.0,5.175786510954104
1432,0.44154143269236823,0.8174834180584882,0.0,15.6997643037666
224,0.48399984788267564,0.7256706865575472,0.2,55.87664286493114
20430,0.50860691291099,0.6760798340475779,0.0,9.027186708836823
21177,0.5037487930926942,0.6856775615698828,0.0,7.135057972027885
15407,0.6068790624207233,0.49942574595982026,0.2,15.640765379961906
18702,0.3878639615451487,0.9471006154128834,0.0,79.60380961577457
16466,0.5463174613951035,0.6045550410762549,0.2,4.9434470309663325
17747,0.43799941207928245,0.8255377108913351,0.0,34.89547941727791
12642,0.4375511221579787,0.8265617293641645,0.0,5.494155679501042
2999,0.40872792983310635,0.8947055525205128,0.0,81.60161814285735
13737,0.48417743044048284,0.7253038476246894,0.0,12.121640276746161
2168,0.472719168012474,0.7492537919469564,0.0,47.319122315793585
17682,0.4911448203632033,0.7110162448535398,0.8,24.619294147045657
51,0.4447450284974669,0.810254130694359,0.8,67.10929899293514
19599,0.493733845679534,0.7057586809131086,0.0,13.508221394979913
884,0.4436882540895717,0.8126330935878157,0.0,54.23919496353297
14951,0.4702261618017743,0.7545415046924515,0.2,5.188226971783269
11473,0.43708340125219197,0.8276312525486549,0.8,7.802907032283245
685,0.39609021991876714,0.926113265598837,0.0,61.711555898728136
12936,0.4758566103020568,0.742638708993482,0.0,12.640564236637434
6846,0.4981067188151709,0.696940930105757,0.0,16.179483798749896
12757,0.462748982926858,0.7705705254199612,0.0,4.840415903161396
16684,0.4153210339139461,0.878703482110644,0.0,10.400334384093691
20134,0.44507650496629586,0.8095090903200902,0.0,25.669937045129203
11121,0.47509516926741746,0.7442401386636914,0.0,20.946639043375693
4474,0.48441394997797577,0.7248154692497097,0.0,47.76896261611761
18685,0.5272340763913165,0.6401106613286012,0.8,21.02763424791319
17851,0.46702184224231147,0.7613792510101749,0.0,25.598332018949872
13514,0.4496316560761116,0.7993265734593263,0.0,11.767286468297119
9867,0.4477111471652332,0.8036070153066706,0.0,51.94515084790542
16069,0.40367251474409993,0.9071513368096104,0.2,9.783626596507872
8395,0.4825108004501598,0.7287519741009595,0.0,44.949421984944635
17296,0.4655750862572513,0.7644818928942173,0.0,11.523035901132705
9257,0.4716114887469601,0.7515997494049634,0.0,59.459059501292245
11410,0.4806656207307028,0.7325834258187404,0.2,8.452181030857616
3353,0.49844030949120244,0.6962714369879888,0.0,57.16388391428798
8832,0.4192303061515411,0.8693348533796483,0.0,73.04151477890795
5954,0.5049837657814629,0.6832289971909024,0.0,46.64404655729211
14017,0.483487120016793,0.7267306034988508,0.0,15.173408059760956
3960,0.4743136649462605,0.7458864357477356,0.0,47.822507234580726
7070,0.47284139397866254,0.7489952660062975,0.0,16.122122815066533
3644,0.5077960606141196,0.677675367492498,0.0,59.73708209338787
3281,0.413852209171204,0.8822463515685584,0.0,43.000685290769994
14083,0.5467310058228114,0.6037983601790349,0.0,21.634699241659483
1608,0.4815460621850441,0.7307533883837499,0.8,57.555964310095696
7229,0.44684064419737496,0.805553248607055,0.0,15.470645468626998
17881,0.4550550166981955,0.7873369515207054,0.0,35.73801365687902
13445,0.5264166951704246,0.6416621837246765,0.0,16.442594375849954
14149,0.4660603303888914,0.7634401888824333,0.8,4.6699635320074355
2059,0.4759888469240263,0.7423608558571008,0.0,62.66527939723153
11077,0.4529259492214024,0.7920266343637944,0.0,5.386097939132123
2517,0.46573541601710283,0.7641375828901018,0.0,58.52376723953833
2881,0.43061690234622,0.8425364418119888,0.0,59.938045170282905
14337,0.4823637947256346,0.7290566887786962,0.0,14.349294560632421
5583,0.43711852668594126,0.8275508925479602,0.0,55.64452024708542
20836,0.5734449717550955,0.5560932986203797,0.0,9.348761999729842
6819,0.5306797485185651,0.6335965498188029,0.0,45.01703679820916
18523,0.47403514694892634,0.746473810354733,0.0,29.134127266948077
10226,0.5188501010554945,0.6561402601626418,0.0,30.248064992307206
10328,0.4577992827316554,0.7813244382371668,0.0,25.623536501856307
16658,0.4210168763831175,0.865082359682488,0.0,5.631253746579201
18755,0.4752385529915598,0.7439383841918212,0.0,28.35892970130537
11194,0.5268399271711658,0.6408585200884017,0.0,18.713069275517576
5799,0.42636408754346544,0.8524616321364525,0.0,67.67266198444068
18158,0.4727105099572271,0.749272107545565,0.0,11.33274062662667
7455,0.430046826027214,0.8438611784857502,0.0,62.3191499626176
15717,0.5331200520892216,0.6290086417373455,0.2,1.9726654533442363
444,0.5193765771433695,0.6551260767592356,0.8,19.072031276282914
6255,0.4787730220860977,0.7365286517351697,0.0,39.98614117701449
11654,0.5989297322292411,0.5126109962132377,0.2,11.508603186836087
12576,0.4786640002708301,0.736756388522432,0.0,5.8161394095749746
9199,0.4879730740154944,0.7174950508490097,0.0,78.16032708659279
9998,0.4589085872033296,0.7789042451756263,0.0,66.06743631447421
10842,0.43109210745620824,0.8414335053154334,0.0,9.968168139129675
1434,0.4440153786103327,0.8118960806399841,0.8,18.519353811505383
7536,0.49105115179669423,0.7112069778018475,0.0,44.89138096616229
19565,0.5547675993667737,0.5892059928114152,0.0,4.291481682316398
10664,0.4075814605066495,0.8975144631953762,0.0,5.136475531359958
11905,0.5177550788218861,0.6582529693448286,0.0,6.957075165952834
5932,0.45887441077298124,0.7789787212346502,0.0,45.67152028645858
13818,0.3755553196505167,0.979349495991001,0.2,7.094456741837879
1371,0.45185944410898604,0.7943841118699987,0.0,40.640691042055735
15829,0.4603807781983858,0.7757013532266828,0.0,6.628561941315258
11035,0.45752835521832175,0.7819164175678738,0.0,24.208131572035516
6828,0.5223906669019436,0.6493395669874293,0.0,46.24271488505727
7244,0.480655610601252,0.7326042515929455,0.0,31.285860316388316
6285,0.4909449405390832,0.7114232948704268,0.8,21.76955309442151
4174,0.45503808628685877,0.7873741574093845,0.0,58.895589377097195
12374,0.49646739947562024,0.70023745832614,0.2,11.312719936400867
21213,0.4689879982028686,0.7571781010490733,0.0,8.3835510535702
15067,0.5073214472629303,0.6786104580255442,0.0,5.2388730789590845
7831,0.4846768738695014,0.7242728495251044,0.0,49.99655391859582
14794,0.4748638170984321,0.7447272168994463,0.8,21.667839284780232
11792,0.5079570864458756,0.6773583104721561,0.2,6.299635254063139
6747,0.47879571851118247,0.7364812474619791,0.2,58.885359489359985
8424,0.4581879162601496,0.7804758815057157,0.2,78.5939188858022
5432,0.32653923959445286,1.119205154961869,0.0,50.27581210191852
12185,0.4959758188826254,0.7012281056984107,0.0,12.930821185559068
7540,0.5001548294549067,0.6928375695845568,0.0,51.623328789806045
7977,0.457136350294511,0.7827735730816902,0.0,55.158919304181566
13040,0.4607607807406718,0.7748762844624842,0.0,13.256583320876421
2753,0.4343069591313222,0.8340037157812941,0.0,57.633829578761414
698,0.498517493008753,0.6961165989045489,0.0,22.68296139346502
17214,0.518853334441118,0.6561340283520629,0.0,50.407499731690464
9422,0.508487206863572,0.676315222387051,0.8,20.154193756131008
17639,0.46697742587040314,0.7614743610888617,0.0,64.14659855144097
18993,0.4664557363475796,0.762592147767669,0.0,5.806757944085614
1077,0.431828297556825,0.8397272291051349,0.0,50.55157983279015
18923,0.4841774076394738,0.7253038947169496,0.2,20.13516188052849
5145,0.5263132260717585,0.6418587566479145,0.0,30.19945401058501
1896,0.4781008681669201,0.7379335474828301,0.0,63.8718384275758
10235,0.5702389755449716,0.5616997506744495,0.0,4.243922617282176
20233,0.48516010247338603,0.7232763343258269,0.0,3.486553322679966
19321,0.4685975334134667,0.7580110166579617,0.0,11.52783312592152
1976,0.5135238858830989,0.6664587348567954,0.0,38.514648355197096
10699,0.38808795262507256,0.9465232830239686,0.0,91.72757121342481
8426,0.33541944531108175,1.0923734547945247,0.8,49.04756978710377
7803,0.4235854729949437,0.8589999600003004,0.0,45.61289656528603
4125,0.45125018468898487,0.7957333600520612,0.0,47.509258683457745
9802,0.4495240962706273,0.7995658196760504,0.0,56.84913008397734
1999,0.5403406793685483,0.6155554506302781,0.0,17.24417094342551
9280,0.50222594214425,0.6887051765951191,0.0,17.448345018508924
12224,0.42527939866896675,0.8550089174232516,0.8,14.132441822047294
4832,0.48325641960295906,0.7272078767543906,0.0,58.24934981839553
11887,0.48819575342709665,0.7170388194898335,0.0,6.142154345853394
14283,0.5007531791817564,0.6916419556161107,0.0,12.762869054475377
6316,0.51296350261843,0.6675505813356063,0.0,14.239020644929628
3462,0.47313336966540287,0.7483779647690272,0.0,59.177988135077904
16046,0.5047647529938765,0.6836627938976041,0.2,4.974877362041211
7909,0.5057368400083866,0.6817388240174909,0.0,46.293474012707
17050,0.46543354869418824,0.764785944991781,0.8,37.137624356156785
14457,0.599660700899242,0.5113912822218372,0.2,10.18180035100466
2035,0.41500388860119475,0.8794673886719773,0.0,72.18228324133106
5757,0.5248674418285716,0.6446095400270249,0.8,18.707857657553955
18766,0.5515902262305536,0.5949498521638565,0.0,14.647664724799142
15143,0.5653390866257334,0.5703295745357949,0.0,8.610550664528777
9739,0.5021379407797517,0.688880414606401,0.0,58.07261842574555
6502,0.4691189977328021,0.7568988162098118,0.0,45.97403247967366
20227,0.4644400557516419,0.7669227801827698,0.0,3.8595391874845855
14514,0.508631790315323,0.6760309224120709,0.0,8.656575845438168
17931,0.4897685144558326,0.7138224189805963,0.2,8.112056725793558
7884,0.4733324663619997,0.7479572486861958,0.0,50.146792368615365
3160,0.4373143693711485,0.8271029618048127,0.0,80.0635692268238
16987,0.48068465494258866,0.7325438269079791,0.0,27.221329893339654
11296,0.5038909329475907,0.6853954372110151,0.0,11.257448605363152
11151,0.4324649666143408,0.838253957938813,0.0,18.96717298419076
10200,0.4813198946223588,0.7312231683468813,0.0,53.56209708140905
562,0.37636690654122507,0.9771907961212445,0.2,73.82676017373555
7784,0.402952188209736,0.9089373637517718,0.0,31.81280773131202
70,0.5152558892765348,0.6630916293369874,0.2,19.31585987084472
21059,0.49817626597141074,0.6968013168484499,0.0,8.008337555803923
15036,0.4071060802384049,0.8986814880936911,0.0,30.173229934286333
9726,0.5321769425011884,0.6307792462527302,0.0,9.767616862831135
15167,0.4361219068418015,0.8298334718665258,0.0,21.634506222686465
19282,0.5104478653161066,0.6724667713405811,0.0,12.443661631928013
14047,0.5055476412700854,0.6821129991264956,0.0,12.01047511873668
8235,0.4789723468502118,0.7361124142393658,0.0,57.452101953662066
14079,0.5873000771436009,0.5322193851006991,0.0,6.4854926298333355
3883,0.492136219436381,0.7089997320377825,0.2,55.17081182254742
5174,0.4772715403572794,0.7396696830683926,0.0,54.909379374040675
19729,0.4580964708575856,0.7806754819881713,0.0,12.788635598783827
4093,0.4676234925059859,0.7600918100431912,0.0,68.32731120083622
11951,0.5263787801371788,0.6417342110731055,0.0,4.721623767501489
3210,0.47204473217956056,0.7506815263202573,0.0,56.27109082113117
12391,0.5605958669155608,0.5787550128873304,0.0,4.035369170052931
1453,0.4533110134506159,0.7911768251676392,0.0,47.282702599600974
20483,0.5287249995074164,0.6372868319949677,0.0,16.662181767086963
17737,0.5356427363342727,0.6242878768354612,0.2,10.295131039915688
14210,0.437252084961906,0.827245396742808,0.0,28.87086403075492
5410,0.47338849834281405,0.7478388780511963,0.0,56.488012392264885
1352,0.47782682435550955,0.7385069042776203,0.0,50.32924383621166
15666,0.4708840756158566,0.7531433392170329,0.0,5.506230675769893
11587,0.44611555842607997,0.8071772609125353,0.0,3.551377956635166
8489,0.5471321331500331,0.6030649460417257,0.0,17.555220372228717
10416,0.5152899834494151,0.6630254621263952,0.0,18.866389790376928
13058,0.43697029153062705,0.8278900689649238,0.0,24.139204906915264
14101,0.49389201282309825,0.7054383832142284,0.2,9.102977096132909
9307,0.5246675509401277,0.6449904532738209,0.0,18.30869879995344
6957,0.42050144876820217,0.8663073542285721,0.0,62.698994762292905
5756,0.5510720562116124,0.595889704855537,0.0,19.431963639041275
19946,0.5583574680508284,0.5827558979656194,0.2,5.536181030673385
9620,0.48705360627148114,0.7193810874778709,0.0,20.86564852462228
14356,0.5363061205465013,0.6230501605159574,0.0,2.0308319405656303
709,0.47747544797420083,0.7392425382383722,0.0,38.229927977796876
10319,0.5213371829566829,0.6513582623842428,0.0,48.16794151552709
9444,0.5193469088403708,0.6551832013037503,0.0,34.75419171348116
19241,0.4874051436827581,0.7186595845378164,0.0,20.05419619999214
7466,0.4180716514258995,0.8721024462527386,0.2,69.76819570021908
76,0.5471321331500331,0.6030649460417257,0.0,17.555220372228717
15893,0.4641169420666614,0.7676187281941061,0.0,6.177795599176109
7448,0.45161853942548763,0.7949173947913273,0.2,66.31995849002998
20116,0.6169557599395017,0.48295795952832443,0.0,1.775466992869906
11519,0.5456678769314625,0.6057447723253178,0.0,15.185718551323689
7144,0.4957625826549314,0.7016581308555476,0.0,57.37107664114572
15602,0.46172296441618854,0.7727902118796424,0.0,12.530406115208795
8783,0.484469349121827,0.7247011125589441,0.2,49.30141580274006
11607,0.47247009357412106,0.749780828074515,0.0,11.475771202022703
13554,0.5005573398729646,0.6920331216082025,0.0,17.99286182178748
7240,0.480655610601252,0.7326042515929455,0.0,31.285860316388316
17032,0.5203860637947609,0.6531843124972203,0.0,11.38402337216985
10524,0.5134886289874157,0.6665273939922716,0.0,18.474139784368994
2675,0.47222576010949036,0.750298102431391,0.8,58.56076632233804
5302,0.4146059312782329,0.8804267730571418,0.0,43.48427778392237
14569,0.43520850221474794,0.8319300472922012,0.0,15.87904832711137
9346,0.5178240184379037,0.6581198271902565,0.0,30.339323029259667
3355,0.49476606966705944,0.7036702146488492,0.0,55.129043825636515
7331,0.42132166681483124,0.8643586828485672,0.0,72.86543630468087
4096,0.38807064164697724,0.9465678898304278,0.0,73.95061639300218
18222,0.47403514694892634,0.746473810354733,0.0,29.134127266948077
8644,0.4064352072304635,0.9003307545054737,0.8,75.67280266377648
3620,0.48170486434711585,0.7304236671052411,0.8,51.461998017000276
20926,0.5293787756339009,0.6360510813530337,0.0,21.32552179113272
11298,0.42948028380828046,0.8451794435980345,0.2,13.459481994477958
490,0.42290782059784393,0.8606010418918887,0.8,24.195796454348283
8847,0.4293460069308882,0.8454921421726691,0.0,26.473880053538277
19692,0.47403514694892634,0.746473810354733,0.0,29.134127266948077
2848,0.4778261521071748,0.7385083111655835,0.0,51.030923174667564
7207,0.5644107245566127,0.5719730574890883,0.0,29.16276234971698
12892,0.47404646622558505,0.7464499320799054,0.0,10.17075370047122
3504,0.4902624545083154,0.7128144098258886,0.0,15.529553017644401
20387,0.49696579905396576,0.699234070034107,0.0,8.219496573271917
10547,0.5217017144023285,0.6506592827749295,0.0,6.841682581764521
1885,0.41500388860119475,0.8794673886719773,0.0,72.18228324133106
18656,0.4857496178772387,0.722061977390386,0.0,28.09182172617358
3502,0.500398655557478,0.6923501871286458,0.0,16.02444539802527
6271,0.45004677089445116,0.7984037662976703,0.0,60.648744269985585
17509,0.48228011628302736,0.7292301796220264,0.0,50.02883613915404
16214,0.5970910033361038,0.5156857428076437,0.0,6.250111266762153
94,0.45208628921654376,0.7938822120236769,0.0,25.547129825195555
8459,0.41749577460450016,0.8734808554502257,0.0,68.21885680990164
4072,0.43782015536171914,0.825947057123665,0.0,55.858800355480106
10517,0.45208628921654376,0.7938822120236769,0.0,25.547129825195555
909,0.40288148297679144,0.9091128471937131,0.0,33.70990257058793
8407,0.4875706133949871,0.7183201510439753,0.0,54.48458510078987
7062,0.472740837620051,0.7492079526571891,0.0,15.004762386161914
36,0.42241295786955824,0.8617718702860856,0.8,58.772838923592
16085,0.5504513355088392,0.597016727255862,0.0,4.919417980621779
11668,0.4967384013330196,0.6996917469259365,0.0,9.48117329163846
14933,0.4786612482955945,0.7367621378228704,0.0,8.423033056344229
20425,0.50910651502643,0.6750980210109053,0.0,11.357511662064043
23,0.4924236478236592,0.7084158601880317,0.0,21.263101611161044
8161,0.45845690949573425,0.7798889731727431,0.0,55.449325341998545
1046,0.48662304677186524,0.7202654868856908,0.2,56.245531980807385
9270,0.4276209364881644,0.8495181382418486,0.0,62.87283922604575
4025,0.4596261339973103,0.7773418721408775,0.0,54.82203375354103
7956,0.49647655634079896,0.7002190144550124,0.0,18.368496685675368
16414,0.46172296441618854,0.7727902118796424,0.0,12.530406115208795
2739,0.45208628921654376,0.7938822120236769,0.0,25.547129825195555
18660,0.4941297839768223,0.7049570756983735,0.0,25.38162663398081
5445,0.4698718476828725,0.755295285962284,0.8,40.78594544196334
17802,0.5141155254282853,0.6653072811386085,0.0,17.52086790865118
12076,0.51049144853065,0.67238139268197,0.2,9.992931929728211
15229,0.5237598201251318,0.6467220582793055,0.2,9.289192052192211
5976,0.425538684302042,0.8543994201728016,0.0,47.16284538611855
7290,0.46823504164255286,0.758784883405673,0.0,56.055236156128714
6296,0.4991198650502845,0.6949090015549342,0.0,16.382480241831068
19577,0.4739743623542776,0.7466020466100355,0.0,36.97471988163007
16895,0.5890277335314142,0.5292820106471767,0.0,5.15560365839231
20338,0.5223863007254166,0.6493479250899953,0.0,3.7742050008584127
18481,0.45625651215902524,0.7847001009620365,0.0,38.23255354278041
3298,0.49459709481926456,0.7040117977105667,0.0,53.800580291957395
1956,0.42364757407045334,0.8588533626128733,0.0,77.2968026351586
13594,0.4966028186067891,0.6999647301150982,0.0,9.4145251527712
5720,0.43146317309725235,0.8405731183412869,0.0,43.709798947214935
8676,0.4513614985908931,0.7954867115662626,0.0,44.88135577544788
15205,0.5226640064461624,0.6488164564604436,0.0,5.141221462390407
20025,0.43430859837704505,0.8339999413940898,0.0,23.337402628324938
4807,0.46369962076663856,0.7685183054271125,0.0,64.86678956310742
9638,0.47129442299983665,0.7522722783500555,0.0,38.36964549106706
9819,0.4662413407168304,0.7630518803856807,0.8,39.793150904814176
5150,0.5338711750504155,0.6276007143501933,0.0,30.275458316606922
13100,0.48046053363186464,0.7330101899870443,0.2,9.585574008393925
1522,0.4946884833759353,0.7038270410357601,0.0,17.507698316986303
19503,0.497043599343976,0.6990775316949434,0.0,6.369819954097855
16553,0.4164871129592046,0.8758997591283495,0.8,13.812940020070714
734,0.5488253664088538,0.5999749820481693,0.0,17.06658914832678
16265,0.5633616654162302,0.5738334673595317,0.2,4.451513221546611
17785,0.4122505336892311,0.8861240229665994,0.0,28.156591336807928
19277,0.4708696000648271,0.7531740809096952,0.0,19.967397817653918
1182,0.49304843848908597,0.70714785725255,0.0,42.4005848734497
18012,0.4549347618334226,0.7876012508970499,0.8,38.37390483111344
17265,0.44567765267368387,0.8081593401258363,0.0,14.343859105819746
11771,0.3760198993054554,0.9781132133079296,0.2,16.38946116473581
6141,0.45185944410898604,0.7943841118699987,0.0,40.640691042055735
140,0.4469371203949903,0.8053373645208493,0.0,28.919667709177205
20180,0.48884334185388734,0.7157132051418511,0.0,36.608728804868164
8178,0.43864782786565726,0.824058402282179,0.0,15.66535198776289
17910,0.464146084104331,0.7675559398747234,0.0,37.39724709142001
3059,0.41364871769523137,0.8827381733260157,0.0,42.0403987698937
1169,0.4998115279221048,0.6935241957770419,0.0,16.31515776388885
1433,0.44684064419737496,0.805553248607055,0.8,15.470645468626998
3528,0.45163253167170136,0.7948864128270372,0.2,25.440337459308594
7421,0.4507066798893042,0.7969385282520246,0.0,63.627572217244804
1027,0.48005794234057103,0.7338484691559306,0.0,34.74772669417916
1415,0.451872116507731,0.7943560672618472,0.0,37.69616862642035
1673,0.480655610601252,0.7326042515929455,0.0,31.285860316388316
11531,0.37215428119144206,0.9884467763019275,0.0,8.66126516014253
14133,0.4630255978567506,0.7699729394765444,0.0,23.792165004710693
9706,0.4875863421084482,0.7182878922093872,0.0,46.34752597080562
8645,0.40640321892215864,0.9004094621730547,0.8,75.67941804347686
6869,0.5090116486148669,0.6752843773990447,0.0,20.123474575291805
7851,0.4770648459362732,0.7401028519744655,0.0,47.747735043409705
9423,0.5099919798601125,0.6733602791519021,0.8,20.066136447159966
12901,0.4535362397740502,0.7906801013207856,0.0,14.129848443000165
16360,0.5547594518020064,0.589220679365941,0.0,11.003990186124636
15252,0.5470816057660831,0.6031572998153786,0.0,9.429158581106151
9084,0.5020335381645246,0.6890883524293575,0.0,56.51902698169552
17081,0.5114108739809872,0.6705819531892252,0.0,13.983276898424785
18607,0.3797934615389463,0.9681276962894069,0.0,55.280089980879495
1736,0.5371188375410052,0.6215359099972337,0.2,18.627430795842255
19759,0.48168912971224626,0.7304563321103543,0.0,11.839236538749532
13822,0.542223194687496,0.6120775639917341,0.0,2.6362793840909777
796,0.4728546474094568,0.7489672370620806,0.0,58.41944449084228
171,0.43718150116953514,0.827406835629977,0.0,67.74807574145495
9430,0.45693401181524707,0.7832162927911483,0.2,78.8894598962952
3890,0.488103365583605,0.7172280808380584,0.2,42.64638102998904
9370,0.44953092894363916,0.799550619999011,0.0,38.22651014008127
3688,0.49238818116558514,0.7084878874668386,0.0,28.86733821808963
14492,0.4921262729846018,0.7090199430116967,0.0,8.228176283130695
2273,0.4305981095209731,0.8425800843983139,0.0,54.05993487224035
10148,0.5569566824281434,0.5852678115078787,0.0,9.723347134774789
6979,0.4714332780248887,0.7519776969435575,0.2,37.15521717409668
19843,0.5220628476962293,0.6499673004612452,0.0,14.411399746328396
20466,0.45510067291863626,0.787236625343547,0.0,28.64950882775365
8657,0.49807316343024244,0.697008298229806,0.0,55.86869929376989
4335,0.4050160772976705,0.9038285156322191,0.0,66.00207873317567
7173,0.47086049654972884,0.7531934145067232,0.0,21.270183289880002
10590,0.4252187973081757,0.855151425334921,0.0,83.3986440606457
868,0.4929100578169546,0.7074285600885384,0.0,59.682211659264894
398,0.500398655557478,0.6923501871286458,0.0,16.02444539802527
16862,0.5334071940184572,0.6284701802264534,0.0,8.7483049567007
2453,0.5094601959500427,0.6744035531198661,0.0,28.438249820333297
8100,0.47890669476066605,0.7362494922769813,0.0,49.40970387607924
3123,0.43253259435876173,0.8380975927706092,0.0,65.64818277923575
11843,0.42900661349882413,0.8462829440917715,0.0,14.131233167013374
952,0.49424085040958715,0.7047323291723876,0.0,33.76372578311546
11229,0.45321354983636847,0.7913918521367257,0.2,82.58530390781411
17962,0.4171454624406039,0.8743202872178363,0.0,56.93573616975068
10610,0.49602688950594176,0.7011251410130733,0.0,50.00494692037752
17583,0.5365454235979101,0.6226040539568839,0.0,21.824140183606076
5447,0.4624470263649651,0.7712232661788524,0.0,62.145169258860605
5235,0.5242357097856217,0.6458138679681497,0.8,44.76136253934723
2697,0.500398655557478,0.6923501871286458,0.0,16.02444539802527
17435,0.312211048502875,1.1640758823441721,0.0,9.387689784421887
17059,0.5569566824281434,0.5852678115078787,0.0,9.723347134774789
15459,0.34502923269950203,1.064126133078045,0.0,8.51300906462436
5397,0.49037270193637394,0.7125895608026847,0.2,49.950749347947095
16392,0.48540333495023713,0.72277511519359,0.2,6.314886345497906
19337,0.49055456281338705,0.7122187669923136,0.0,20.127301838991976
8308,0.4151569391793564,0.8790986635411977,0.8,43.08462737811145
13038,0.4625371026520352,0.7710285032969194,0.0,12.62566894904554
11376,0.4040970008732771,0.9061003286691823,0.0,6.7601881204440595
1249,0.500785716200229,0.6915769815674061,0.0,54.634581543825085
16374,0.5032186707243139,0.6867304703011062,0.0,7.501156830171237
10489,0.41648581209025776,0.8759028825646767,0.0,56.64463781163156
1527,0.5185156024147076,0.6567851603193772,0.0,13.389222067814151
15956,0.5418692359330763,0.6127305687669724,0.0,6.689180091380126
10301,0.3580356505024489,1.0271227151303606,0.0,40.10837181310359
11796,0.4639277156114837,0.7680265242117533,0.0,12.750392001845936
19482,0.5576030801117061,0.5841078956778619,0.0,11.621994704490042
13074,0.4250363558974434,0.8555805704282365,0.0,5.0982762024600445
14792,0.47572601989847574,0.7429131789139205,0.8,20.2369562405703
2566,0.45099583703628165,0.7962971700402827,0.0,57.373213531508476
8053,0.5476917328196553,0.602042681665237,0.0,17.236482044974053
20381,0.5092779316169287,0.6747613768434053,0.0,15.139620875812932
20127,0.5898515456581263,0.527884391271973,0.2,17.2195882794504
11100,0.34502923269950203,1.064126133078045,0.0,8.51300906462436
17361,0.5007626691300554,0.6916230044466105,0.0,4.26212661649604
17848,0.4880053520871465,0.7174289057974376,0.0,26.517964288473333
8881,0.46899441538059683,0.7571644181108105,0.2,56.073705973855525
20615,0.499253712558021,0.6946408704434137,0.2,14.407199617343867
16646,0.6230047613192312,0.47320111765690387,0.8,4.296666112222307
19568,0.6184242030701467,0.4805806442630539,0.0,3.7422813338813663
9591,0.5025507365590638,0.6880586758691157,0.0,33.74927752643302
20743,0.43130360302791176,0.8409430214844671,0.0,28.44111617845112
19993,0.4340519534346014,0.8345910436715503,0.0,14.485996042998565
5201,0.4950796463612442,0.703036627616856,0.0,50.14127739939438
20623,0.46522279414611306,0.7652388609436235,0.0,18.62591399213398
20268,0.4254425733074081,0.8546253029268179,0.0,9.308151076050201
8402,0.48219655900273417,0.7294034492979934,0.0,49.39155468051175
3599,0.4528677847547815,0.792155061983724,0.0,53.64038428314203
11177,0.4103186443379578,0.8908212398207032,0.0,31.098569346212216
8941,0.5090301369641287,0.6752480560033501,0.0,38.52459342437949
4141,0.47642134011329906,0.7414526479759014,0.0,51.77378432399047
18967,0.5378573266005197,0.6201619461823626,0.0,2.591842864972809
16201,0.52175462393872,0.6505578706995168,0.0,5.37263208459059
1124,0.46804886382759936,0.7591825786267905,0.0,56.22506281567872
6740,0.4810601686641753,0.7317629259216637,0.2,51.57465068398437
16134,0.45325547819121337,0.7912993429531168,0.0,8.146426418752757
3078,0.5022827876614049,0.6885919958620327,0.0,49.16891062396204
7881,0.4764500261419155,0.7413924383198219,0.0,54.07160604405556
20036,0.5027510675045873,0.687660127000775,0.0,4.5454334493121795
7118,0.4454355119591818,0.8087027968495655,0.0,22.23932691336306
8897,0.4814408340058573,0.7309719337866455,0.0,56.73073501576806
7892,0.5130506786853427,0.6673806498303485,0.0,46.606529615752294
1899,0.49028391389444204,0.7127706395630605,0.0,16.39372470995039
21027,0.5006961062669673,0.6917559362553308,0.0,15.893092899350172
5593,0.4210132042117632,0.8650910818681652,0.0,48.77816249917043
9599,0.4803045221459438,0.7333349551028316,0.0,14.509948839326928
18365,0.48805301139577156,0.7173312491194233,0.0,27.100775084284088
17064,0.48238893081949513,0.7290045798948327,0.0,10.73524866932762
12141,0.5038546197907064,0.6854675053174956,0.0,8.592335401417143
2667,0.4133451194880926,0.8834723945671593,0.0,62.76695857974394
6782,0.42511178159167373,0.8554031291304152,0.0,51.65779770919312
17093,0.5365828872549993,0.6225342325632528,0.0,7.5980305577863625
14410,0.5221002876266783,0.649895587662357,0.0,13.880144753187523
1109,0.4517271729268681,0.7946768811088717,0.0,41.307300884813216
13002,0.5548759688513226,0.5890106697581441,0.0,6.340110813326305
2556,0.45460243625256386,0.7883320084655072,0.0,49.82652002404549
15734,0.5514011515396398,0.5952926920020937,0.2,4.187110272341133
1384,0.4813198946223588,0.7312231683468813,0.0,53.56209708140905
7974,0.41431484018930614,0.881129110628867,0.8,66.7984024480619
439,0.44141328944150365,0.8177736781331035,0.0,15.537699884528962
20431,0.4953695187824869,0.702451292317034,0.0,9.114305115867662
12188,0.5006487020923746,0.6918506172767579,0.0,11.986139604516866
5242,0.4528390907264188,0.7922184247098975,0.0,61.08004084734044
11004,0.456642192948608,0.7838551423475234,0.0,6.750560290040733
817,0.46388009070436004,0.76812918535955,0.0,52.38256663099978
10070,0.5569566824281434,0.5852678115078787,0.0,9.723347134774789
13647,0.44681282840917,0.8056155004508996,0.0,11.250017616095256
14975,0.44025009299734974,0.8204123203682522,0.0,23.113476577141736
11917,0.4294146355072228,0.8453323104964389,0.0,18.14953766691876
7652,0.49984210247270894,0.6934630254882859,0.0,42.852549035631405
13244,0.4982849188231877,0.6965832394082735,0.0,11.800120447591738
2631,0.4023088519070445,0.9105351970195324,0.0,60.140849068456895
3324,0.5436951901525303,0.6093665013793608,0.0,41.887852003069966
2408,0.49876296140823084,0.6956243233298139,0.2,48.70761543798511
12070,0.4388787355519459,0.823532132876228,0.2,13.01888944465461
19737,0.5457929404693557,0.6055156050726841,0.0,12.968629328264143
9668,0.5310909763890572,0.632821942116015,0.0,30.375452014556647
17560,0.4910500182022851,0.7112092863102655,0.0,8.958587478628676
16665,0.5925293504669384,0.5233548705466896,0.2,5.589430052376351
12358,0.5314860310970742,0.6320783635830031,0.0,7.276802341588395
12836,0.5839763793491798,0.5378947432917821,0.2,5.035232724784862
14089,0.5327258512602855,0.6297483374957498,0.0,6.674072611722439
2096,0.45624182324114754,0.784732295909269,0.0,61.3425221343398
9332,0.45540505359898137,0.7865680283587746,0.0,23.23797325393992
3359,0.49598603438891264,0.701207509127577,0.0,31.008097731911988
903,0.4146059312782329,0.8804267730571418,0.0,43.48427778392237
20563,0.5605446999370489,0.5788462895390907,0.2,4.268702121190906
10654,0.5000529692762694,0.6930412476184986,0.0,4.87935685230506
13622,0.4952299946748858,0.7027329886163522,0.2,9.04557884718116
7638,0.4496939088499787,0.7991881302160908,0.8,25.43016301092237
19605,0.497374489327663,0.6984120369706044,0.0,8.133008490230347
40,0.4146059312782329,0.8804267730571418,0.0,43.48427778392237
15668,0.44800987305022394,0.8029400087514508,0.0,5.710509333051398
21143,0.5569258621074805,0.5853231500546976,0.8,7.466147958547585
9975,0.43474447664436966,0.8329968304992498,0.0,68.32656629275326
16145,0.5044381799542346,0.6843099839530012,0.0,4.281385418517606
956,0.4518762190123408,0.7943469883967503,0.0,10.78723355692064
2329,0.38564676452249147,0.9528334463106234,0.0,27.541649602481804
6857,0.48093912597476185,0.7320145741104446,0.0,44.76269232381928
17342,0.4514347010186226,0.7953245433428661,0.0,59.919754250730776
1572,0.4929679423313828,0.7073111327507016,0.0,21.388736380281898
1968,0.49990039633916383,0.6933464077260316,0.0,56.8544054335346
14931,0.4732586847893343,0.7481131376837321,0.2,26.059400339927045
13079,0.4554877869924818,0.786386374952268,0.0,22.274393545553448
13872,0.44299003107180146,0.8142080124141272,0.0,9.509949445228937
14837,0.5741631570142436,0.5548416773833034,0.2,2.0638640214467636
11430,0.4416823422624608,0.8171643379447417,0.0,5.815349929935656
7454,0.43415920372399674,0.8343439832898527,0.0,66.33034667154328
14513,0.5078744498930498,0.6775210078290543,0.0,8.418198328435684
6422,0.44529548899135496,0.809017196974476,0.0,46.619615975654185
20961,0.45923539082515363,0.7781923663342991,0.2,26.60639816271132
15806,0.4700708616407856,0.7548718261941239,0.0,23.784123833442756
9602,0.5252761388463723,0.6438311759138584,0.0,18.84493881372116
8480,0.490264269353781,0.7128107080492385,0.0,36.424626093653266
19156,0.5037301921638065,0.6857144872609631,0.0,6.845762248588803
2900,0.44298319862983315,0.8142234359997151,0.0,58.7462190437699
14050,0.5494649184825828,0.5988103497923514,0.0,17.821194628290634
6495,0.5298230251900463,0.6352122429336701,0.0,17.09038704386723
12050,0.4677143244329095,0.7598975873237326,0.0,4.618391624935622
19854,0.5988003591766365,0.5128270266094613,0.0,3.627943368173076
6308,0.48916734945145307,0.7150506201367995,0.2,22.327455886541728
3119,0.4853666513584494,0.7228506914728786,0.0,23.16736411021445
21250,0.5394371822132048,0.6172289381101532,0.8,4.848950357670936
137,0.48449040574985947,0.7246576502212568,0.0,59.65381754506589
12516,0.446133282974813,0.8071375308553743,0.8,7.152045517736655
20825,0.48450015910172484,0.7246375192680371,0.0,13.904344520687458
9588,0.48669797067601545,0.7201115317096388,0.2,36.797698171559546
1982,0.4813198946223588,0.7312231683468813,0.0,53.56209708140905
4320,0.5017925813928231,0.6895684291510821,0.8,46.98719234147557
19892,0.5279158848481427,0.6388183169666319,0.8,4.1702060474835765
8098,0.48740152167447887,0.7186670157719431,0.0,39.90398714733598
18838,0.5162339120387427,0.6611952983135542,0.2,14.529535830603324
20915,0.5293787756339009,0.6360510813530337,0.0,21.32552179113272
607,0.431828297556825,0.8397272291051349,0.0,50.55157983279015
15679,0.5040672032777029,0.6850456799630221,0.2,1.6064320982806966
14464,0.5455952775689756,0.6058778279724264,0.0,7.193890745206021
2884,0.5063458678475286,0.6805353099016451,0.0,53.68402677933536
9395,0.5027958827315971,0.6875709909797687,0.0,17.976541251035897
1574,0.49144024011819265,0.7104149335253459,0.0,21.738697236877375
3088,0.3937118127011061,0.9321360771617477,0.0,61.63283998212296
13702,0.5089229453925697,0.6754586581888792,0.0,9.211567966384898
298,0.4471891967226169,0.8047735150300576,0.0,48.35079425659018
17183,0.4718694440725801,0.7510529331989875,0.0,23.69571946942014
9499,0.47350514938291505,0.7475924912664264,0.0,56.36660417581902
20803,0.5522173770596543,0.5938135112024129,0.0,3.371227702108648
172,0.45950461184543195,0.7776063005764098,0.0,51.04596892363096
12068,0.5588957231505707,0.5817923649981167,0.2,10.140989539259909
5850,0.5430885120582922,0.610482966699962,0.8,50.883756671726466
4169,0.40689623847140916,0.8991970683735525,0.8,47.21233960523486
5631,0.5010814274614042,0.6909866612407374,0.0,41.53520862892551
8176,0.4490631557767607,0.8005917423858271,0.0,75.74758897361959
20436,0.5116492855414743,0.6701158778317132,0.0,8.703297528096881
15822,0.5232368541532934,0.6477210414244827,0.0,6.1403957939158555
9374,0.4904078281258748,0.7125179317512522,0.0,16.401450309034637
10808,0.4256400955387705,0.8541611359495334,0.0,11.350712762595865
9023,0.4639791720142154,0.7679156156637715,0.0,60.665333637437946
5649,0.5116054276866528,0.6702016000947653,0.0,64.33935360909747
12537,0.4628250646474271,0.7704061264268394,0.0,8.678548133460021
13326,0.4855901446142401,0.7223903347182533,0.0,5.131860659512728
16427,0.4300127735492457,0.8439403648072629,0.0,6.9405656414641985
6264,0.45569081208648776,0.7859407431133046,0.0,62.23668259528481
13747,0.3839642826456925,0.9572057446639844,0.0,27.791033630357017
11798,0.3998342580779516,0.9167051725479493,0.2,8.236137996930992
20870,0.4249392360488943,0.855809094282079,0.0,5.780134374667563
20494,0.5214451076495401,0.6511512686632813,0.8,29.419014516922648
2211,0.4520602290144541,0.7939398579949247,0.0,13.850280580430251
19035,0.4208085251882061,0.8655773582861813,0.0,65.80119447506095
18034,0.4210896998886023,0.8649094041262241,0.0,12.200931658800753
2774,0.46889130285457825,0.7573843010334933,0.0,38.08885719238042
7763,0.5184941772676267,0.6568264813319727,0.8,13.826196930919188
20322,0.5234501152195857,0.6473135441010542,0.0,8.69762832789904
7384,0.5293703476814586,0.6360670019375363,0.0,9.775205394647948
12476,0.5848668879446552,0.5363709996168318,0.0,4.846245663023289
13727,0.4559931838745397,0.7852774172230215,0.0,21.634392245375118
6494,0.53002516091766,0.6348308001332499,0.0,17.108691758772206
17945,0.5022036392404079,0.6887495856891146,0.2,5.1210255514204555
7752,0.45208628921654376,0.7938822120236769,0.8,25.547129825195555
213,0.4850380935364292,0.7235278477549424,0.8,36.20532864398744
18981,0.36109470294849566,1.0186150200156912,0.0,8.364917192628889
14737,0.4376930524020751,0.8262374078788788,0.0,29.58673377541936
11783,0.4501921510961892,0.7980807849213921,0.0,6.182827866502111
1818,0.4644930042431152,0.7668087816745652,0.0,46.71782443849421
16753,0.5299599738845902,0.6349537962602931,0.8,4.078943202920141
8401,0.4829754181901436,0.7277895206409746,0.0,49.97366810112372
6365,0.4796996901397385,0.734595016420255,0.2,52.32152892362963
12196,0.5599348550829467,0.5799348322288495,0.0,11.065156831215408
15452,0.4536011602726364,0.790536968651592,0.0,12.96480673823499
12256,0.5418692359330763,0.6127305687669724,0.0,6.689180091380126
18353,0.48611820344761053,0.7213034676837037,0.0,5.274712178192343
428,0.451278113245829,0.7956714704538802,0.0,48.269407448297855
20903,0.4060560271465117,0.9012641310034264,0.0,17.804471721845502
8972,0.4648357676135086,0.7660711237082651,0.0,45.7229560705664
5958,0.5173880253575186,0.6589621533760401,0.0,46.720412652375444
5576,0.4601648241219742,0.7761705403692402,0.0,76.60415124487372
8630,0.48061294804750776,0.7326930146204853,0.0,21.98079043861456
21055,0.5028507991548743,0.6874617748418927,0.2,48.360187785809764
13480,0.5022381796541803,0.6886808103491472,0.0,10.271501856071172
3191,0.44063682692982337,0.8195342645166505,0.0,69.75466029989576
2632,0.4023088519070445,0.9105351970195324,0.0,60.140849068456895
4679,0.42098790514454343,0.865151174585256,0.0,49.32659369093199
6977,0.4625723316463259,0.7709523415089155,0.0,56.15231602892369
6609,0.49208148299694726,0.7091109603551656,0.0,34.13305759152034
13481,0.47531917915113675,0.7437687445012607,0.0,11.375756454533654
17007,0.3765013953486292,0.9768335256437995,0.0,39.073333573103625
13794,0.5467538341060725,0.6037566069101631,0.2,9.034009713055198
7201,0.5503375989167015,0.5972233728515532,0.0,18.297133093730608
12116,0.5619772246309667,0.576293955477304,0.0,6.772894744722821
12894,0.4330006586297867,0.8370160298958463,0.0,10.603737530034051
14170,0.48263553972566486,0.7284934863027737,0.0,26.16384422751982
14012,0.48521269892355556,0.7231679297000062,0.0,10.85836705755894
18160,0.4594261905521077,0.7777769800080058,0.0,12.111931457447763
12876,0.4801088049194721,0.7337425238519638,0.0,13.437393307506134
9540,0.5252761388463723,0.6438311759138584,0.0,18.84493881372116
2464,0.5187960136078631,0.6562445104401036,0.2,20.240877022037267
1620,0.4315335665719948,0.8404099810508133,0.0,43.62147904055137
15470,0.5105579189043702,0.6722511925644553,0.0,5.106151244407586
5935,0.4705541442288495,0.753844248514233,0.0,38.44982382497338
16931,0.5303781600603281,0.6341650173151012,0.0,4.492741961145489
10080,0.4532420668769654,0.7913289322538752,0.2,73.64106850359022
11553,0.43523651083242254,0.8318656925833696,0.2,6.584217123396449
20170,0.42650436778976003,0.8521326710951983,0.0,5.8413694766107245
2835,0.44198941302083095,0.8164693496328622,0.0,53.111330570701014
9641,0.45714306256033105,0.7827588898990092,0.0,39.92461502938747
9142,0.4839325968803807,0.7258096446072893,0.0,40.97739557392124
2541,0.480655610601252,0.7326042515929455,0.0,31.285860316388316
126,0.5506107132474963,0.5967272290573721,0.2,17.26480877916211
1614,0.478387013078956,0.7373352232882786,0.0,56.00429542225166
19302,0.487981036290119,0.7174787339452932,0.0,27.37719566634606
8282,0.5015749964094632,0.6900021385743966,0.8,47.94134827229116
2493,0.431828297556825,0.8397272291051349,0.0,50.55157983279015
10750,0.5428081434389884,0.6109993484829144,0.2,2.525779497883606
10652,0.5202481865985409,0.6534492993491805,0.0,4.760377890255876
16795,0.39026417382472317,0.9409314003877903,0.0,2.1354437171644842
15670,0.456642192948608,0.7838551423475234,0.0,6.750560290040733
20296,0.48311933766635895,0.7274915799340045,0.8,30.154526543296512
14392,0.5160597768021554,0.6615326736944587,0.0,8.57809418484314
10526,0.45184081789314545,0.7944253339800863,0.0,11.537041943030724
19628,0.4257877275698544,0.8538143489910701,0.0,43.13043294667862
2767,0.3470467901650337,1.058295666151479,0.0,29.795256483572484
14612,0.5354253531411,0.6246937953728422,0.0,8.620774197418893
5647,0.4350040470570256,0.8323999443573618,0.0,26.332970842589475
8796,0.4314163317023527,0.8406816882973123,0.0,45.74569163141918
10875,0.4300938105300045,0.8437519300655726,0.0,4.76137643560378
3152,0.48461265508893664,0.724405356436074,0.0,19.272806939762418
16916,0.454383393633474,0.7888139579439873,0.0,5.971321797044874
20502,0.48125171264936506,0.731364834634548,0.0,9.598066486839652
19385,0.4525308299093982,0.7928993857666025,0.8,39.664791470507176
15818,0.44369174542434603,0.8126252247271781,0.0,5.85496477903341
5237,0.44544692411147085,0.808677176965667,0.0,22.238622366555845
15882,0.5051190990175468,0.6829610378738665,0.0,6.395247051834012
8398,0.48413825879230493,0.7253847543963855,0.0,27.43042349133495
4107,0.42891075651532007,0.8465064084655057,0.0,61.248970797021784
19294,0.498666095876557,0.6958185537490521,0.8,16.142990977845436
75,0.547678435225209,0.6020669613011719,0.0,17.12489020359412
14964,0.4077942163500855,0.896992603507129,0.0,16.466316379191323
9010,0.39808949381408404,0.9210784401452999,0.0,64.76562574027261
10970,0.4763101126382353,0.7416861397436978,0.0,22.250584899637957
4054,0.4561598947697942,0.7849118845048542,0.0,47.812905169020254
14355,0.5658632896905297,0.5694027676031109,0.2,12.159596384537327
15766,0.5154889760941619,0.6626393606341665,0.0,5.791467702290967
15456,0.44613336973460593,0.8071373363848252,0.0,13.420675722050376
9610,0.47886427552290095,0.7363380713613532,0.2,49.28678981777863
6239,0.5048838372357621,0.6834269014423672,0.0,20.20551670613293
2170,0.48057665142922545,0.7327685389880385,0.2,57.25853598456905
6121,0.4634099821100887,0.7691431261927999,0.2,66.08054803071434
17922,0.5483676680437946,0.6008092899178629,0.0,17.183144774888657
7777,0.414250355584937,0.8812847642933661,0.0,49.107386782029124
19181,0.3885527864129731,0.9453262460413833,0.0,16.379350208076065
5238,0.44740383829252767,0.8042936508557833,0.0,53.89571926200264
18893,0.4380255303799205,0.8254780817657705,0.2,20.925044269405447
5096,0.5352261819819736,0.6250658513684486,0.0,50.53813732003236
6081,0.4981067188151709,0.696940930105757,0.0,16.179483798749896
20340,0.49467829739225466,0.7038476319508363,0.2,3.7891637964164335
19504,0.43700036251672075,0.8278212543291776,0.0,4.522801441974787
8004,0.4445715223273853,0.8106443318485422,0.8,56.64782368307498
10726,0.40150873892275285,0.9125259801466286,0.0,5.188166483620477
8116,0.4746225724599533,0.7452353750917555,0.0,36.23707011383661
6383,0.4869024334518941,0.7196915179585812,0.0,21.59074553875744
2025,0.5438048743139154,0.6091647833926849,0.0,17.683749084145504
522,0.44211776208942705,0.8161790023240492,0.2,59.6565627310583
17052,0.451208705097149,0.7958252857726331,0.8,40.89746095012241
7406,0.47686970707492715,0.7405119761925829,0.0,55.61245110696039
423,0.4519290891986407,0.7942299937611139,0.0,10.78564476955448
20071,0.6087045469520469,0.4964222735708664,0.0,3.365743118964012
6471,0.4363270029995477,0.8293633098680162,0.0,39.57307045690319
691,0.45208628921654376,0.7938822120236769,0.0,25.547129825195555
11817,0.5046845641511886,0.6838216703097124,0.0,5.496216772935788
3858,0.4518762190123408,0.7943469883967503,0.0,10.78723355692064
3426,0.40352111006955227,0.9075264752439809,0.0,31.763426633539325
3370,0.47440839644678606,0.7456867323684312,0.0,37.321620386126156
7849,0.4764999244205481,0.7412877145016429,0.0,47.39052381431309
15081,0.46768870895798687,0.7599523561752644,0.0,12.044484875627836
2772,0.47351612284379896,0.7475693165792123,0.0,44.34955312816252
4956,0.4035685393475026,0.9074089436214674,0.8,72.32049349892904
8946,0.5138582652949407,0.6658078000059899,0.0,43.34741651460736
8938,0.47997012780197673,0.7340314107626822,0.0,37.88702969845558
18479,0.5556371848526855,0.5876397429608421,0.0,4.2605352459102726
17519,0.4973978363999488,0.6983650974414554,0.0,6.292792840889696
12502,0.493569336972431,0.7060919295271433,0.0,6.640795082037634
3515,0.4515292409939287,0.7951151441160467,0.0,41.353937310901216
6604,0.4769134137774781,0.7404203270500767,0.0,50.1005392832391
7267,0.4512836941529286,0.7956591036396544,0.0,48.26070195999968
9290,0.4511378141448952,0.7959824115572136,0.0,55.18546205074894
10308,0.4534377289667798,0.7908973309460074,0.0,58.56594977017896
1231,0.4974872545223429,0.6981853417622301,0.0,53.826599775436165
3008,0.4991099044394829,0.6949289581042305,0.8,22.64426211454348
15264,0.5478718324201789,0.6017139018338149,0.0,10.634872705624593
1224,0.500385416488515,0.6923766445220707,0.0,56.7368039240645
1654,0.476704998090107,0.7408574320558016,0.0,49.755985023821765
11352,0.4798554152689895,0.7342704386451167,0.0,2.4561344850948106
13323,0.5539001264167431,0.5907708857128411,0.2,8.105376709733026
17812,0.5385274170243616,0.6189168699874872,0.0,2.1808989917942405
13175,0.468998349906009,0.7571560288661215,0.0,11.991458318335095
15235,0.4871375566920686,0.7192087385098513,0.0,5.471596245773661
6392,0.5192440563112903,0.6553812629716596,0.0,18.0950770706605
8369,0.49599271249441007,0.7011940449167388,0.0,30.298594038889966
18064,0.4994673420441095,0.6942130643240528,0.2,20.495947289677865
20984,0.534588658666365,0.6262576901182046,0.0,2.6173186587179416
9918,0.5203545699186757,0.6532448345429148,0.0,41.17728804573538
13232,0.4391312079850741,0.8229570313253965,0.0,6.279985140576752
13149,0.5018057757080769,0.6895421351358294,0.0,11.405717038598937
21010,0.5714078122825477,0.5596521171008604,0.0,9.408591340341353
14114,0.42805248218536457,0.8485094689893725,0.0,10.18007686722427
1379,0.3864090340924291,0.9508587967606957,0.0,70.93882009706309
14227,0.45646406451660415,0.7842453016149846,0.0,7.717954403600893
4359,0.4721952397521936,0.7503627353807046,0.0,44.59593533144654
20299,0.5217573614230033,0.6505526240242092,0.8,29.391967751946677
9595,0.5093602587619026,0.6745997352597091,0.0,32.4482462366345
5834,0.4733688945226738,0.7478802906037484,0.0,54.1652294763891
256,0.4665418047474636,0.7624076491032307,0.0,41.181451609328676
20672,0.4943235459860855,0.7045650247924347,0.2,34.57476868424003
8799,0.46619413485892125,0.7631531331998131,0.0,64.24032269525539
6863,0.43974403224183267,0.8215624662539779,0.0,48.533803320756164
991,0.4010878133971215,0.9135748896217737,0.0,67.51775458730509
17399,0.5633562336088823,0.5738431091826582,0.0,1.9832878249163586
15843,0.357190975596843,1.0294846945854943,0.0,16.41405267767176
9256,0.4519183096316779,0.7942538463870711,0.0,65.33135098292317
12047,0.4524932852888921,0.7929823550928273,0.2,12.223822973506056
15727,0.5165164515009246,0.6606481390402086,0.2,2.2042524299067643
19008,0.529800745849478,0.6352542943507494,0.0,24.62404506943149
11472,0.4957232605123969,0.7017374504803836,0.0,6.587910523911606
17733,0.5211851132188755,0.651649996651114,0.2,17.16609017350358
19603,0.525423114829565,0.6435514079714386,0.0,12.331410902853449
8045,0.5484287441256929,0.6006979181422375,0.0,16.101707879121133
13564,0.48261532126436163,0.728535378959125,0.0,14.645382775127128
15787,0.4832925895454951,0.727133033280939,0.0,8.24023473906323
9694,0.5305834448529567,0.633778038570084,0.2,45.05211370918465
12284,0.4456710660257355,0.8081741191855025,0.0,13.096461539742277
5059,0.4792892157994685,0.7354510729664681,0.0,57.394602407628724
17387,0.46159169736300865,0.7730745505986037,0.0,11.65255303441488
8504,0.5033579901345302,0.6864536520188563,0.0,48.45332778067102
18234,0.49004616955199687,0.7132556687407232,0.2,21.832756455490248
12069,0.5211952464097872,0.6516305542454348,0.0,10.398393314056014
18522,0.4712007380140553,0.752471080402236,0.0,28.783900404949442
476,0.45387672873207074,0.789929640426313,0.0,56.54316209477742
3768,0.4132482795697483,0.8837067054602725,0.0,89.55042155983261
13526,0.5005573398729646,0.6920331216082025,0.0,17.99286182178748
3263,0.49440759416758623,0.7043950125852939,0.0,49.27947443557427
16718,0.4677229602998963,0.7598791235162108,0.0,12.028886467287442
13097,0.4284394071166024,0.8476059579056312,0.8,6.699900694476758
4691,0.3913850191946985,0.9380634996767873,0.0,80.20442922236532
13101,0.587483159999245,0.5319076972057107,0.0,10.171138974807734
20181,0.49323369599263694,0.7067721888727774,0.0,36.11605777295015
20569,0.4764908781882696,0.7413066994325657,0.0,4.169479557823141
21192,0.5286776705349311,0.6373763512932592,0.0,10.867266455232867
8345,0.40060760274463053,0.9147728775365213,0.0,97.01166645441336
6769,0.47906331816276654,0.7359225020760708,0.0,39.9605941085879
7801,0.4249422073402069,0.8558021020331348,0.0,47.24027342052829
1464,0.47680772965237406,0.7406419518431614,0.0,20.77056336084289
3196,0.5036257361424584,0.6859218737840128,0.0,20.090309538571145
2122,0.40552207446435223,0.9025799692650588,0.0,31.960356573952954
3288,0.42775927947473696,0.849194672757852,0.0,63.519764113823804
14066,0.5318562822037121,0.6313819723701833,0.0,22.556120601645137
18441,0.5257486777051834,0.6429319794663358,0.0,6.759144214061219
15568,0.6069157442704205,0.4993653043604558,0.0,3.591684889702435
6173,0.45253272199676275,0.7928952046516728,0.8,52.747354699314606
6427,0.45794184253640097,0.7810130842923377,0.0,50.883000654048715
8136,0.5028827753425482,0.6873981870518546,0.0,49.63358211031087
2535,0.47010774912150693,0.7547933571025746,0.0,63.912124057490715
10993,0.5670483086399841,0.5673107784604825,0.0,3.0850361279664043
10738,0.45268628750992324,0.7925559154564153,0.0,21.777058320604077
20999,0.5425632302399278,0.6114506469216917,0.8,4.577013731229856
7107,0.42924025726620224,0.8457384765705751,0.0,50.947287248155405
8751,0.4519290891986407,0.7942299937611139,0.0,10.78564476955448
17486,0.48669327226027725,0.7201211854141945,0.0,27.550036031219996
19353,0.5806146118586196,0.5436680608832444,0.0,20.827379752671927
14074,0.5279312956163669,0.6387891256811686,0.2,15.559625396628974
20535,0.4774681891145299,0.7392577409359747,0.0,22.259049620767076
16571,0.5659454771701885,0.5692575355070012,0.2,7.2349786898713635
12442,0.46922824934926866,0.7566659565359545,0.2,6.380888488905983
11604,0.44462493276241266,0.8105241999366664,0.0,11.377733765801398
20531,0.46563233524702263,0.7643589364217463,0.0,23.01484658428748
7339,0.4844348502248568,0.7247723247531074,0.0,48.987361540654014
879,0.4962113541088753,0.7007533258643514,0.0,19.659633434396422
4420,0.47526432336098134,0.7438841594859966,0.0,43.98586830726811
16620,0.45494718583519395,0.7875739418559068,0.2,24.274997252026015
14767,0.5096579734129891,0.674015418610297,0.0,16.024379497757895
12987,0.42017790779054787,0.867077067416136,0.0,13.708487972779999
17990,0.43755910732457537,0.8265434798538106,0.0,13.353637362279928
15667,0.44872995981799857,0.8013339979640269,0.0,5.787234231115294
20751,0.4942734406165486,0.7046663914165674,0.0,9.77055149535867
19019,0.420835523350419,0.8655132025132769,0.0,63.92680896756882
19838,0.48654209882283994,0.7204318470344866,0.0,27.24493214473093
6410,0.3912313956397937,0.938456089338762,0.0,87.27641630850485
12227,0.51818126311213,0.6574301691455574,0.0,6.250517132519622
2332,0.39440521027816866,0.9303764456964726,0.0,26.536661764230626
16678,0.540871829600705,0.6145729420660909,0.0,6.258503587179568
4161,0.4837691718229434,0.7261474037481245,0.0,59.77645405494301
10724,0.39727791832424175,0.9231191970561813,0.0,32.30917189696633
3634,0.5271110600695417,0.6403440124734567,0.0,45.25631015029929
3767,0.4871291097114182,0.7192260786918403,0.8,39.442361008835476
7364,0.5023799481944604,0.6883985766579738,0.0,49.15509952593232
16068,0.44468245138534856,0.8103948439366119,0.0,8.825929122052008
16517,0.5545697835803046,0.5895626305513968,0.0,5.8867829447708
9592,0.5124314557199157,0.6685883218509754,0.2,31.49050893899612
18456,0.5344327914971729,0.6265492973077006,0.0,6.7238135785093425
16437,0.3649797062211865,1.0079135263393588,0.0,2.3252564865210865
5784,0.41389834744844023,0.8821348728702597,0.8,87.1064037142746
2903,0.4409180548974902,0.8188962373603059,0.0,25.90578109440313
19044,0.4429647655148391,0.8142650481840481,0.0,35.949803119795575
20512,0.5395373519017279,0.6170432623863178,0.0,3.7892625472073824
14364,0.5455490289620726,0.6059625988073268,0.2,7.263976768781024
17127,0.5977023754668452,0.514662348813423,0.8,5.774511936526412
17911,0.525423114829565,0.6435514079714386,0.0,12.331410902853449
19569,0.6069524342758675,0.4993048529768432,0.0,4.5808726060090645
8151,0.43157628601621695,0.8403109914630362,0.0,62.48972829058279
7226,0.44074190601390406,0.8192958219932472,0.0,13.858389579103502
18959,0.3934585421067156,0.9327795734559953,0.0,26.800623031898652
17536,0.5143113038713096,0.6649265473035672,0.0,8.17685123408136
18677,0.5348293832549251,0.6258074927525543,0.0,20.589066272832426
17669,0.41728209435898306,0.873992800623016,0.0,6.472353836711561
4642,0.4589319682966457,0.7788532971254862,0.2,77.49590306398588
17746,0.4384252722908884,0.8245658983609112,0.0,39.641006192794656
5572,0.47183013526824624,0.7511362410762338,0.0,32.89976965142493
7223,0.38414802151280536,0.9567273279803232,0.0,60.728258384450726
2698,0.5551884611491054,0.5884476532383961,0.8,17.079694033144307
5416,0.4723101561806589,0.7501193986469449,0.0,56.21957523251982
5282,0.480655610601252,0.7326042515929455,0.0,31.285860316388316
3040,0.48583811349292977,0.7218798103804939,0.0,48.60777912482279
10208,0.38247748184527575,0.9610854984412546,0.0,33.63799244544391
18198,0.44479306887695136,0.8101461187279846,0.0,28.586005675698452
14303,0.4545648049088391,0.7884147904709349,0.8,17.306099243200414
16245,0.49252076283251234,0.7082186612230604,0.2,12.997405320263598
17175,0.3885527864129731,0.9453262460413833,0.0,16.379350208076065
8263,0.44240515609519454,0.8155291740155398,0.0,59.02800248632391
11670,0.5034069568374122,0.6863563766755542,0.2,10.200800284415049
19108,0.5591078353123857,0.5814129168957303,0.0,18.527884650882072
3374,0.5206777781558806,0.652623896589954,0.0,43.01770225165925
12711,0.4737393403118669,0.7470980234996116,0.0,5.608091139552715
8298,0.4743163730695246,0.7458807262020631,0.0,54.09499796061913
9679,0.5057715859828419,0.6816701227124377,0.8,19.10687335986029
1501,0.40531110476950427,0.9031003468347286,0.0,71.11011938053605
18741,0.46639584353524743,0.7627205557882075,0.0,12.67641554991357
4433,0.47964930712358644,0.7347000522650667,0.0,41.576673267128186
266,0.4536732017669417,0.7903781600321248,0.0,57.116674237259545
11393,0.4554877869924818,0.786386374952268,0.0,22.274393545553448
16768,0.4522563012758848,0.793506221634346,0.0,6.670212840469931
5015,0.4812129841655681,0.7314453123579305,0.2,53.92214652966179
13287,0.5146068776159897,0.6643520142490862,0.2,5.462966962903886
10202,0.4803115950499903,0.7333202293368987,0.0,49.51744680753728
13669,0.4921262729846018,0.7090199430116967,0.0,8.228176283130695
20978,0.4438067246398967,0.812366116187677,0.8,29.578250166436085
10934,0.5685873560233438,0.5646003170449432,0.0,5.159035423920409
18102,0.49826892396317946,0.6966153397511209,0.0,6.6293402102562435
1694,0.3938119613017682,0.931881739186164,0.0,63.90378386596709
8112,0.500996260823154,0.6911566413519622,0.0,15.879324098716666
20028,0.468344044422937,0.758552115489972,0.0,23.627381113875554
15901,0.5707876580232829,0.5607380158569428,0.0,5.664855917494668
11231,0.3803656689907853,0.9666222021449992,0.0,3.9584627899839537
20453,0.49349595929330525,0.7062406079976326,0.0,27.775028659253998
1804,0.4515537879270251,0.795060781599387,0.0,35.90494174279547
4150,0.45129783382589606,0.795627772014687,0.0,62.90034477130807
12767,0.5161917130755904,0.6612770455351443,0.0,7.166755272500223
5346,0.500398655557478,0.6923501871286458,0.0,16.02444539802527
5208,0.5106381078768978,0.6720941434365907,0.0,50.99245238769339
15128,0.47746999901410425,0.7392539503250286,0.0,15.983704214933365
19448,0.4998197424563346,0.6935077606484633,0.0,23.166627220655904
11572,0.40903766238802325,0.8939480431005173,0.2,32.092734406294454
2286,0.45100704577013334,0.7962723170513046,0.2,54.6481669322038
4859,0.5052166083548645,0.6827680142344784,0.0,21.44232865357675
2519,0.4625136535416161,0.7710792012943365,0.0,57.63045785753583
6008,0.45790644342052667,0.781090387741904,0.0,45.40478209410806
517,0.4535796388967943,0.7905844153697452,0.0,47.842218429405904
3200,0.45211227319554553,0.7938247379685544,0.0,25.39445772822357
390,0.5042229070170476,0.6847368328584188,0.0,22.64767126920495
4747,0.4677099766262696,0.7599068832264262,0.0,54.758891048869565
12845,0.4547847148158802,0.7879311262547937,0.0,3.995204600591817
4527,0.4519026854168292,0.7942884200801715,0.0,10.786438199074269
13607,0.49724947350921445,0.6986634200536146,0.0,9.19196518998856
3663,0.43049218787264504,0.8428261019162975,0.0,71.1598080420031
17771,0.48758578776541067,0.7182890291225957,0.0,34.513787301329685
20994,0.514246722689948,0.6650521234592702,0.0,11.084090642278138
1659,0.477591045258232,0.7390004665388313,0.0,52.84592494086715
18729,0.5871825783415086,0.5324194711589063,0.0,2.18795099610479
10440,0.5146648821478165,0.6642393044009086,0.0,23.597102302391022
10876,0.4247631296222657,0.8562236074957995,0.0,29.23746779299024
8374,0.43822407282198117,0.8250249176336948,0.0,71.15015657594736
19836,0.515577361984392,0.662467915040062,0.0,18.840918277762036
13544,0.4726964730565073,0.7493018024832436,0.0,9.59143765980285
13418,0.4692603483809599,0.7565975507358597,0.0,9.837658975188223
10206,0.48245011112471625,0.7288777601816092,0.0,49.63292918886204
10772,0.5440005846579334,0.6088049573879237,0.0,4.713672278067702
2011,0.4897512343083888,0.7138577018780925,0.0,21.844045949784736
5480,0.422289266379895,0.8620647344149973,0.8,47.49976555085996
10848,0.4693572432701417,0.7563910877622528,0.2,15.008690678295043
21227,0.5319908978129537,0.6311288991610068,0.0,23.54110805908384
14104,0.49471870526199835,0.7037659501392728,0.2,9.289710743187454
19413,0.40861044879996544,0.8949930247279146,0.0,7.626235908533432
3931,0.4687016745446402,0.7577888013168672,0.0,47.82973489837615
9192,0.534333025056098,0.6267359919789176,0.0,42.6493861668118
5101,0.5466779130976753,0.6038954743039685,0.2,51.27072438619987
10746,0.5097023209488634,0.6739284080878203,0.0,14.793571019454424
6235,0.5505885634833976,0.5967674574966196,0.0,45.75923302525116
3851,0.41533913072714496,0.8786599099881995,0.0,65.26685704134056
3289,0.4222662542647081,0.8621192296249157,0.0,63.012291336110174
3189,0.4902624545083154,0.7128144098258886,0.8,15.529553017644401
2548,0.41243401525621615,0.8856790490180826,0.0,60.22617533322962
6419,0.46484898514155387,0.7660426892781919,0.8,56.41463852503138
17843,0.4640778338338436,0.7677029954919973,0.2,28.6913619653916
5663,0.42115323968529855,0.8647585217766518,0.0,27.77171807953367
18039,0.464146084104331,0.7675559398747234,0.0,37.39724709142001
15726,0.5155372304712319,0.662545756074364,0.2,1.844527331835388
10036,0.4920155697737386,0.7092449171089668,0.0,9.33993988771043
19144,0.43755910732457537,0.8265434798538106,0.0,13.353637362279928
10994,0.4175896740632716,0.8732559695794038,0.0,5.946873102867632
13237,0.5117515874207259,0.6699159524998219,0.0,6.17762990231105
14661,0.3882952487634393,0.9459892783136089,0.0,16.236519297518885
15091,0.4411570741575531,0.8183542897233306,0.0,17.668270020441128
5253,0.48056016975988286,0.7328028351860009,0.8,50.02112309523217
4936,0.47254442801179125,0.7496235089304689,0.0,22.529936219465558
13667,0.47029836217912424,0.7543879725395923,0.0,4.60365248371519
20307,0.41408888509192393,0.8816746299115308,0.8,24.815614052770222
451,0.45249998938331226,0.7929675393044499,0.0,55.487902352856445
18324,0.5131767782817703,0.6671348961308032,0.2,25.297588620071416
11385,0.4770157682133607,0.7402057315890974,0.2,8.07601414177404
10167,0.4519654974219295,0.7941494352007522,0.0,6.943740962148509
4336,0.4519264534561033,0.7942358259818904,0.0,10.785723971123303
5425,0.42231474769647553,0.8620043953302581,0.0,47.49644086738289
6707,0.4403128365342859,0.8202698125816124,0.0,61.94062171930419
2637,0.47066155149940836,0.7536160175752197,0.0,22.567031416304594
2746,0.4902624545083154,0.7128144098258886,0.0,15.529553017644401
293,0.4510208144845601,0.7962417886939567,0.0,47.00613691147225
10141,0.48255299822198366,0.7286645233605861,0.0,10.312788910174069
9407,0.4865887624346341,0.7203359429506934,0.8,53.304859778351315
3692,0.4086910440922911,0.894795801810086,0.0,61.87512764714239
8074,0.4965643653764398,0.7000421656787952,0.0,57.749980380395435
9745,0.4851498086386802,0.7232975519483378,0.0,76.78888526479396
11828,0.6201350585636491,0.4778179882729193,0.0,3.6416901466750353
16011,0.5528922713501873,0.592592104122298,0.0,2.9710495794954825
5553,0.49206746101065474,0.7091394560140368,0.0,56.9410614246642
12145,0.5082129945858322,0.6768546385964661,0.0,8.616359884992434
11715,0.5238275403447017,0.6465927703130325,0.0,4.564945075571405
6464,0.49602688950594176,0.7011251410130733,0.0,50.00494692037752
11090,0.5683808385323614,0.5649635945653565,0.2,6.531318020556775
17330,0.5070667425958523,0.679112641854136,0.0,19.273216853538653
3735,0.46937987579608353,0.7563428686698435,0.0,58.74704481361254
20095,0.4626393195925424,0.7708075358393287,0.0,26.54082965447641
16687,0.44753385943910845,0.8040030805784888,0.0,14.115077119589046
1848,0.45208628921654376,0.7938822120236769,0.0,25.547129825195555
8434,0.4673923705440055,0.760586180194161,0.0,44.269922912282055
3202,0.45108122178505544,0.7961078630444028,0.0,55.19415960258548
10857,0.4168875230559349,0.8749388224493634,0.2,30.49161662730962
11514,0.4819196901119705,0.7299777968388194,0.0,5.537611541757485
20725,0.5359304384233878,0.6237509053942096,0.2,28.916469541369334
17720,0.4256965437378569,0.8540285251900174,0.0,15.377210473478726
11001,0.5384627923025371,0.6190368798470799,0.2,10.744623045578303
20059,0.5834132158972204,0.5388595685702314,0.2,3.750112204607804
6923,0.42406076174055135,0.8578785280256357,0.0,31.63426417585157
6733,0.4802831505429456,0.7333794520365512,0.0,51.967268418929315
20047,0.5821024388936201,0.5411088348942584,0.2,8.504336640322327
9945,0.5058214320586802,0.6815715730487099,0.2,40.37630113140082
15810,0.4546022350596502,0.7883324510345349,0.0,28.00235616921131
8203,0.5472598855485831,0.6028314786973965,0.0,15.444541840333809
9594,0.5058577542114001,0.6814997673750764,0.0,31.417138236104904
18977,0.40362884903481583,0.9072595137836273,0.0,14.489841005915155
5049,0.48394989673319566,0.7257738967702719,0.2,57.37968250674878
9478,0.4386435962192487,0.8240680493533629,0.2,66.22210894900746
20641,0.4607258864604967,0.7749520192103297,0.0,28.913460900972044
3261,0.4549463643626764,0.7875757475012317,0.0,61.312773745588714
20264,0.48453191691226233,0.7245719738411416,0.0,5.19445658826403
12900,0.452803011509811,0.7922981012543907,0.0,14.158762910184096
5626,0.480655610601252,0.7326042515929455,0.0,31.285860316388316
1267,0.48245011112471625,0.7288777601816092,0.0,49.63292918886204
7587,0.4914123876087442,0.7104716104037917,0.0,54.0136052650419
16336,0.5262069939105183,0.6420606191101913,0.0,9.826737665264467
9544,0.4786525515713134,0.7367803068376333,0.0,60.451350862746395
14844,0.5384495962079697,0.6190613871230827,0.0,16.836922808354892
5078,0.410251151242184,0.8909857428192038,0.8,68.45175796563211
20992,0.48183203477939424,0.7301597012246773,0.0,8.9422660196629
10441,0.5114986340005303,0.6704103641697202,0.0,27.902478640668228
11732,0.5128213100808099,0.6678278179192846,0.0,6.325999221783104
14266,0.4965432769062543,0.7000846353352368,0.0,10.91659493222517
6441,0.44259750128300274,0.8150944969233681,0.0,24.05832978062053
6149,0.4708914459400339,0.7531276872405083,0.0,33.484056285204
19938,0.6342647385794975,0.4552888429650966,0.0,3.25884377478425
10410,0.49875677956752684,0.6956367177526012,0.0,11.111056704746812
11261,0.33465702157769645,1.0946490878008388,0.0,18.2078454495202
12884,0.48738035639631344,0.7187104414421261,0.0,14.031023935054845
11282,0.43958341782939714,0.8219277782073549,0.0,22.456711170054895
10344,0.43352269929306175,0.8358111212879933,0.0,54.340259540400254
17154,0.5076920962710028,0.6778801248651473,0.8,10.217009906545716
14534,0.5756667998255436,0.5522262581911278,0.0,5.045691235776006
17107,0.4682691903795343,0.7587119553059829,0.0,5.200970287202768
10053,0.4934014747498027,0.7064320859375521,0.2,20.779700454610985
4716,0.4896819248567652,0.7139992316008525,0.0,51.28014092638898
17810,0.5494114105562072,0.5989077364135823,0.0,2.083965328505744
10024,0.41728209435898306,0.873992800623016,0.0,6.472353836711561
12984,0.41389913993139,0.8821329581919433,0.0,14.84188601205839
976,0.4242584517421608,0.8574124534583122,0.0,55.81755268259749
1369,0.49452739964433606,0.7041527206690698,0.0,30.426438415439435
13464,0.48708215874679633,0.7193224663362421,0.0,4.398656802756193
17391,0.5098640032771019,0.6736112490649061,0.0,20.455888366135444
8567,0.5163653346253113,0.6609407511836723,0.2,43.374236796428505
8088,0.47890669476066605,0.7362494922769813,0.0,49.40970387607924
17967,0.2968605294887504,1.2144928481559345,0.0,121.46142307266655
15587,0.5510187582309108,0.5959864264324608,0.2,10.940463643792352
20744,0.42181651855024427,0.863184849660074,0.8,14.20888536902077
17630,0.3754055935032748,0.9797482548254577,0.0,55.94362385555644
4510,0.49283796340992425,0.7075748335896898,0.0,20.979593546015924
9392,0.5055946029743751,0.682020110703347,0.0,20.781153605675062
16570,0.5702788738715491,0.5616297853922505,0.2,7.086363854679554
354,0.4831403775309949,0.727448030846097,0.0,49.193673085967305
3368,0.5005673449218431,0.6920131339902149,0.0,41.54846919832945
6795,0.47590011319226133,0.742547293006264,0.2,55.05988007685859
2392,0.4336234398415306,0.8355787716427013,0.0,75.60734566208663
10168,0.42283210140013794,0.8607801021347337,0.0,6.634806989961146
16957,0.480737930162874,0.7324330010938881,0.0,15.261156644060797
4533,0.45160814904382335,0.7949404020425465,0.0,25.60105103844559
9363,0.5169918116998121,0.6597282427039441,0.0,20.685780006314307
3880,0.4300564876649704,0.8438387122596516,0.0,53.457184353042464
16727,0.46539558889124494,0.7648675062610443,0.8,12.424126610085032
8191,0.4466666269412559,0.8059427636427804,0.0,60.52630031980175
17355,0.5517741574117296,0.5946164515473302,0.0,2.898933474062167
11537,0.5038016207795836,0.6855726979596645,0.0,4.686334826863542
4308,0.5181257063372466,0.6575373898370598,0.8,38.4527887649806
20075,0.45780261915007464,0.7813171503134253,0.0,8.979678404957152
15032,0.374903362750375,0.9810869855542381,0.0,34.61274765273757
15975,0.5781553277839183,0.5479127132218855,0.0,7.722555772037924
12907,0.46345332625697494,0.7690495975213625,0.0,18.061128800334124
18029,0.3706653684564437,0.9924555952115618,0.0,29.716599880240896
5340,0.3580238771261522,1.0271555989224015,0.0,47.285103921373604
6423,0.4876434043233619,0.7181708690870151,0.0,46.88757951967672
16680,0.4865908464734348,0.7203316600027532,0.0,18.241461964537024
3039,0.4843732612148959,0.7248994686308612,0.0,53.031830995977245
707,0.3435041599337224,1.0685560569601018,0.0,30.08412651024036
4063,0.47683021852952967,0.7405947874508412,0.0,46.73152995809011
18989,0.5591078353123857,0.5814129168957303,0.0,18.527884650882072
13620,0.49849185663499457,0.6961680254508962,0.0,8.947847745314192
6168,0.47873300561577353,0.7366122365256351,0.0,54.09127727188195
10717,0.4803045221459438,0.7333349551028316,0.0,14.509948839326928
359,0.48446192294340973,0.7247164411557837,0.0,21.1508475658043
21233,0.5444880170246662,0.6079093441521746,0.2,23.330953702468115
17515,0.4880839392466815,0.7172678812674023,0.0,26.512012419650457
7864,0.4676806193863932,0.7599696532393195,0.0,57.84167054798799
20896,0.48821550059643837,0.7169983710225242,0.0,8.361635473307334
2868,0.4883753410850019,0.7166710271991567,0.0,53.381244632233475
3771,0.42247609668875974,0.8616224096699766,0.0,63.76005831557826
14592,0.45159450709036825,0.7949706099994507,0.0,13.093166158971009
3208,0.48999497039160483,0.7133601524370741,0.0,56.906520746559266
5627,0.514801645332812,0.6639736072030894,0.0,43.31763671552889
19130,0.5516571646456496,0.5948285041947035,0.0,10.107624106328418
7625,0.5160309348204871,0.6615885640950814,0.0,45.37339547614205
15846,0.3802843283557756,0.9668360735329002,0.0,15.415185723975753
3930,0.4679282518671719,0.7594403027934877,0.0,41.43505816927555
5130,0.4522462626498418,0.7935284186439373,0.2,62.68874507287106
10471,0.4887875681251291,0.715827304907416,0.0,23.949792381619606
455,0.4950823962805405,0.7030310731334929,0.0,55.13169814969089
15779,0.4887732487596674,0.7158566010191574,0.2,5.559521508578956
21026,0.5035189316883227,0.6861339673549713,0.0,17.80380284482139
14690,0.4831428313301552,0.7274429520055713,0.0,10.084541929475623
9440,0.5187813888771967,0.6562727005888719,0.0,30.008065729551817
18373,0.45628798391776626,0.784631125128225,0.0,28.73672285776405
14483,0.475726989432283,0.7429111409072134,0.0,11.092406772006088
15098,0.4419847744339629,0.8164798444797342,0.0,16.05199283923078
16218,0.5666600477841021,0.5679957180551518,0.0,3.223801503370723
18414,0.5313394379287228,0.6323542191652282,0.0,8.77834125115378
4238,0.49110133336744877,0.7111047908776046,0.0,39.55520670521625
12424,0.44612984338618117,0.807145240663233,0.0,6.338915058257273
5705,0.447864112652838,0.8032654125493024,0.8,72.06897073025763
7316,0.49739997270643854,0.698360802485294,0.2,57.33542081842862
15078,0.34865947700396155,1.0536595436855118,0.0,11.705104087849529
12304,0.5664742208074142,0.5683237056264477,0.0,8.039791364516045
7655,0.4929739469966797,0.7072989521843579,0.0,48.47119632979201
7735,0.5283136855127606,0.638065070334291,0.2,19.531172192376662
11557,0.42903662010639376,0.8462130021438448,0.0,6.479875886373938
5483,0.4222653680531998,0.862121328330245,0.0,47.502883875503755
9768,0.49775611690510563,0.6976450470021301,0.8,17.45856703509784
5333,0.44860032887776746,0.8016229237759959,0.8,55.436232315185386
13519,0.44739186884636056,0.8043204043282739,0.0,12.205562672623355
10254,0.4969204054192465,0.6993254157727772,0.0,18.26777966326926
19344,0.410109592839226,0.8913308553940906,0.0,23.219168102984582
11414,0.5147998281693744,0.6639771370415452,0.0,16.412518319926875
12675,0.4669811160618783,0.7614664588291584,0.0,22.860365014882234
7841,0.4879147004204584,0.717614682627652,0.0,49.92445325140713
18858,0.43640124924814006,0.8291931624055494,0.0,30.24689434079744
9506,0.4780732475647278,0.7379913206472477,0.8,57.926783961121174
3551,0.4903431636991197,0.7126497989171033,0.8,51.23951891101379
6483,0.39332869754467,0.9331096361633721,0.8,78.6611416166661
10377,0.4724051531569491,0.7499182862574845,0.0,43.656490288196665
17552,0.5051958681281186,0.682809067224681,0.0,17.985191586063966
6176,0.46421908958583136,0.7673986623642786,0.8,64.4998555225421
11861,0.4065736760794286,0.8999901214493126,0.8,7.237180737371865
16563,0.5773269925528752,0.5493464614642607,0.2,9.184029378332443
7867,0.4719645791391318,0.7508513404092929,0.0,58.28145832428683
4643,0.4133451194880926,0.8834723945671593,0.0,62.76695857974394
14855,0.45752835521832175,0.7819164175678738,0.0,24.208131572035516
20849,0.497287119629993,0.6985877142001423,0.0,8.138896372151008
3222,0.45624969720845954,0.7847150377383474,0.0,55.57744015305821
9864,0.4543467585554437,0.7888945871119795,0.8,51.305756343057794
16386,0.5227687365357221,0.6486160990666024,0.0,9.028736148492587
9634,0.4475126603991928,0.8040504502725767,0.0,43.74034265450275
19161,0.5809951520251048,0.5430128663559084,0.0,3.8103215203981096
15745,0.5414000261876518,0.6135968534316902,0.0,1.4124385965340462
5103,0.4343097390186545,0.8339973150585399,0.0,41.69986575292699
2083,0.4225297414873403,0.8614954406095772,0.0,67.4826614848075
8556,0.5196241928377662,0.6546494347658152,0.0,45.22809132600962
13790,0.4592990611757563,0.7780537316852318,0.0,27.999042377923242
12491,0.5600917875618934,0.5796546023235981,0.0,5.228484501902821
848,0.43908351830404646,0.8230656372953192,0.0,78.3970050921254
13186,0.5421989191280336,0.6121223354126728,0.0,10.308445822912477
9000,0.4753145703391298,0.7437784407949374,0.0,46.541936500201125
21145,0.5976050451439033,0.5148252028566235,0.0,5.180428603744774
19695,0.48933039893433844,0.7147173552219575,0.2,26.16973296024078
10561,0.5166173580702276,0.6604527982843665,0.0,24.77028290509486
8980,0.41970846987101473,0.8681949280718232,0.0,58.53370377279075
1006,0.450823190390873,0.7966800553914831,0.0,60.442121306447575
19202,0.4766063812823627,0.7410643252288611,0.0,44.789923972199325
13170,0.4818627796655097,0.7300958949539263,0.0,5.147176198679921
225,0.4972299156620548,0.698702752889217,0.0,48.63320212967373
2099,0.525984704831623,0.6424831449340846,0.2,19.017501335136778
8973,0.4665929477888887,0.7622980335491271,0.0,52.491843055462695
19777,0.5004246754671196,0.6922981901201012,0.0,15.594016468364476
4354,0.4829868633502625,0.7277658237320205,0.0,47.46998502695116
9519,0.4658185794899813,0.7639590350581983,0.0,23.39769748490159
8018,0.43824062546381387,0.8249871462508495,0.0,58.63183623228177
17263,0.44573225412060435,0.8080368343143738,0.0,14.341684774580823
2467,0.37612245648385434,0.9778405064772474,0.0,45.953609827286385
17157,0.4769659895884857,0.740310091288878,0.2,41.861574071837595
13611,0.48952322169053775,0.7143233785238474,0.0,9.528002400789905
4609,0.5042803436699277,0.684622928113138,0.0,44.53814479733053
445,0.45208628921654376,0.7938822120236769,0.0,25.547129825195555
14126,0.4757426066741848,0.7428783132856749,0.0,20.239720268916507
19611,0.49696579905396576,0.699234070034107,0.0,8.219496573271917
10852,0.4642920335891297,0.7672415419989371,0.8,4.434848070210766
3859,0.47763977076779884,0.7388984482437938,0.0,21.893558992018413
15945,0.5028015105213223,0.6875597980515393,0.8,11.24847740436014
5512,0.47323842789804266,0.7481559415993979,0.0,50.249894502480785
9324,0.4274367229013697,0.8499490181658441,0.0,27.296110902709092
14317,0.4721986517303462,0.7503555096284344,0.0,26.01865257693658
18895,0.5072818844303758,0.6786884448236133,0.0,18.212605089979313
14664,0.3878566827433192,0.9471193819672694,0.0,16.52407439240842
18700,0.3500725126525129,1.0496149669501047,0.0,31.144175227272164
11498,0.4436022820917582,0.8128268790381881,0.8,6.042148453396635
11361,0.4285511255263472,0.8473452352812326,0.0,4.883970913083834
14881,0.5369141307298257,0.6219171027905757,0.0,7.59049848866365
14673,0.48498084088279864,0.7236458921593669,0.0,9.46673574618167
15337,0.4205340788385029,0.8662297592418062,0.0,14.318778928110367
15834,0.5629516698130339,0.5745614985538388,0.2,5.829702007372354
13123,0.4586360369454618,0.7794983313022532,0.2,28.058432624475678
20949,0.46224520998221713,0.7716597711650944,0.0,16.575253003212627
16449,0.340533991283098,1.0772403308181866,0.0,2.6747875919441055
19576,0.47680190562316366,0.740654166546107,0.0,32.131059030500246
20165,0.49696579905396576,0.699234070034107,0.0,8.219496573271917
288,0.4354960405612225,0.8312695744387797,0.0,60.898807628126626
15306,0.5338603026780262,0.6276210797184838,0.0,6.522865960522289
4918,0.4318425389168861,0.8396942504297855,0.8,41.168111592663166
20434,0.4893162267410147,0.714746318062993,0.0,9.282946530594211
13191,0.46077834805943935,0.7748381584226436,0.0,8.042819803628605
2476,0.42977461324664595,0.844494362952266,0.0,60.68114206335623
6585,0.47283486911096834,0.7490090653749588,0.0,52.752708702937774
8165,0.42511178159167373,0.8554031291304152,0.2,51.65779770919312
19362,0.4449337403022901,0.8098299060994348,0.0,39.135435522632996
20991,0.5156236026623704,0.6623782318849938,0.0,10.114515272403438
870,0.4899308031905438,0.7134911158281444,0.2,58.538380013431464
7273,0.431828297556825,0.8397272291051349,0.0,50.55157983279015
4269,0.44598261634983205,0.8074753045157865,0.0,60.586891771768386
2305,0.5099526516658819,0.673437397444473,0.0,16.239943327475824
15767,0.4550327293658976,0.7873859299459148,0.0,7.153794492570559
19040,0.4450042509335647,0.8096714442018272,0.0,34.08716656543636
10109,0.4144864237403298,0.8807150582837693,0.2,11.31058332079068
14244,0.5363061205465013,0.6230501605159574,0.0,2.0308319405656303
6043,0.43946736370387146,0.8221918223982888,0.0,67.97059645218835
18300,0.45185944410898604,0.7943841118699987,0.0,40.640691042055735
2047,0.49708990234581873,0.6989843792123089,0.0,46.188889058228
20287,0.3896166193786651,0.9425920505807892,0.8,27.346479751629502
10899,0.5384366744104568,0.619085385567238,0.2,9.968823283088966
7615,0.500706935206088,0.6917343087214155,0.0,47.59823873307312
7754,0.4211198868673254,0.8648377189323941,0.0,50.20382892420666
7073,0.3878639615451487,0.9471006154128834,0.0,79.60380961577457
2507,0.4563877352835953,0.7844125340906252,0.0,45.96657330079209
9957,0.4940820879942483,0.7050536055700818,0.0,65.40782600105047
8119,0.4962182141739593,0.700739501074556,0.0,31.007722922549107
9425,0.5462942484591399,0.6045975318087956,0.8,16.572018254624822
1076,0.431828297556825,0.8397272291051349,0.0,50.55157983279015
14680,0.48462137187808446,0.7243873694713049,0.0,9.350029819468348
8148,0.5500179676064904,0.5978043329137832,0.0,15.84779186214967
17518,0.4309617515246278,0.8417359363786807,0.0,5.348348273546804
4654,0.44293753626135024,0.814326520546052,0.0,68.13469537660262
16993,0.538407639473648,0.6191393115367426,0.0,15.144146993349754
5487,0.3671391931779138,1.002014229869034,0.0,35.07049804541619
14095,0.508631790315323,0.6760309224120709,0.0,8.656575845438168
13188,0.45261788246555945,0.7927070360339242,0.0,9.861988844846529
15626,0.6670331513108347,0.404915532186428,0.2,4.026075264733958
1854,0.4425233521566917,0.8152620426911495,0.0,66.4438564793287
14608,0.5441677731383124,0.6084976731694538,0.0,9.036191258998432
17195,0.49199468408414965,0.7092873672552131,0.0,9.222509033321657
197,0.45271595124037056,0.792490389374883,0.8,57.69330276498022
15311,0.5304929322839466,0.633948643761529,0.2,6.789906496781613
8361,0.4618323194480261,0.7725533986985383,0.0,58.0187590634373
14381,0.5764156644000029,0.5509262389595514,0.0,5.078300247749073
9516,0.4993027043391916,0.6945427452290925,0.0,20.811973135584783
8054,0.5474109311755565,0.6025555133101324,0.0,17.251164415026096
12207,0.5933176226458269,0.5220254034014912,0.0,4.742861803599932
7848,0.4760010764352887,0.7423351633346003,0.0,47.509450453414416
16468,0.5695264703460068,0.5629500171996319,0.2,5.913789726671164
9014,0.45532090470256653,0.7867528235672284,0.0,60.09611310764426
14882,0.5640630832258744,0.5725891840475218,0.0,7.3400208900974615
1261,0.47046044753131455,0.7540433882484413,0.0,53.620025798578226
10941,0.47188735632599305,0.7510149737301761,0.0,5.067097832944654
19612,0.502865495161794,0.6874325498864976,0.0,11.101348035706938
10313,0.4847669163421085,0.7240870884242027,0.0,7.130447838042045
19771,0.5595751359027185,0.5805774690887338,0.0,8.5745489488186
4767,0.4396951884775291,0.8216735455945464,0.0,61.79396050096707
14265,0.49737714760193125,0.6984066923716722,0.0,10.890430347647705
2150,0.4610299551639561,0.7742922594328312,0.0,69.89535965975398
786,0.4780686558894922,0.7380009252367318,0.0,38.30224914588642
3419,0.4373606547897616,0.8269971272551164,0.0,63.15776972514501
10887,0.5235921291349267,0.647042277269219,0.0,8.154511946314212
5428,0.43350971094290686,0.8358410817600646,0.8,56.20195255199756
2282,0.4146059312782329,0.8804267730571418,0.0,43.48427778392237
12888,0.46152430261499755,0.7732205663715563,0.0,14.316179051833577
20126,0.5915147772828454,0.5250686131490547,0.0,17.329889136329435
11564,0.4600837538546554,0.7763467324753052,0.0,5.986409627463329
14093,0.49389201282309825,0.7054383832142284,0.2,9.102977096132909
16719,0.46771829422564126,0.7598890997156407,0.0,12.334900593795794
10594,0.47097712535459135,0.7529457522712248,0.0,21.906957581454524
9065,0.4209891143749957,0.8651483022255022,0.8,49.32642992334239
12471,0.4515205645100653,0.7951343600747033,0.0,4.131605607796071
11422,0.4629673147887862,0.7700988217964746,0.0,8.671312909689936
11694,0.540871829600705,0.6145729420660909,0.0,6.258503587179568
11120,0.5274806151192954,0.6396431628961748,0.0,2.2963189761476617
5498,0.45185944410898604,0.7943841118699987,0.0,40.640691042055735
20695,0.5636157194346332,0.5733826082276244,0.0,17.69745297806823
2054,0.44145147210465496,0.8176871809370703,0.0,54.192219164295956
13261,0.5460102440890846,0.6051175413453169,0.0,8.529434299416234
5067,0.45149916405130786,0.7951817576189308,0.0,39.91812180576819
6849,0.49542605270003665,0.7023371740887369,0.0,20.100889172242617
14705,0.5183141045384262,0.6571738410785547,0.0,5.531432570073431
6994,0.5498678297520524,0.598077339176308,0.0,13.731855159931875
19119,0.47036095934762767,0.7542548804260858,0.0,6.6302776501074305
21011,0.4976630307981542,0.6978320759686465,0.0,14.2134440773778
15396,0.5981945223172582,0.5138392897702769,0.2,3.729702290743564
7779,0.41439669953736324,0.8809315525054447,0.0,49.228657214046535
14971,0.4434049057363807,0.8132719179540924,0.0,16.99026667674368
13240,0.4170671940812043,0.874507933279107,0.0,11.485787042232573
12343,0.5570981041788519,0.5850139249788351,0.0,9.023020888456754
50,0.44639743916011126,0.8065456045799868,0.8,66.80214031468286
19084,0.3887142065017232,0.9449108930351647,0.8,27.413754908036275
7869,0.5048838372357621,0.6834269014423672,0.0,20.20551670613293
7346,0.4711726945943657,0.7525305969775712,0.0,41.69772026370016
15832,0.5371106214365615,0.6215512067373764,0.0,5.433600268747879
2994,0.41534372833948036,0.8786488405113583,0.0,60.560870661889496
10183,0.462893596862087,0.770258063699718,0.0,12.092858994433431
15487,0.501394106366372,0.6903628476820888,0.0,5.548170139634222
15059,0.5226026139876461,0.6489339240182643,0.2,9.49390291849809
16338,0.5339650291725452,0.6274249306073304,0.2,9.61669847086512
2265,0.47001284708984487,0.7549952504178936,0.0,43.66891963921747
4974,0.5186260744471445,0.6565721286086298,0.8,43.077697758752024
20211,0.5007110838282327,0.6917260232261161,0.0,12.563127828012142
12023,0.5113476589242693,0.6707055699663326,0.0,12.184707966768507
1482,0.4455033244036567,0.8085505699135781,0.0,22.2351406726234
15258,0.6140911062184938,0.48761198037909004,0.0,5.757307855330003
11516,0.4195865403479718,0.868485480314875,0.8,14.375606542383712
8825,0.5026550864851401,0.6878510568441182,0.0,51.00071430063682
16086,0.5532555801006777,0.5919352140635631,0.0,5.025678016686722
5326,0.4327220035389511,0.8376597813248796,0.0,90.77718960746003
15104,0.4525693674792778,0.7928142292943929,0.0,18.482481720425533
20675,0.5346038665388454,0.6262292427205228,0.0,24.27421030429177
13250,0.5541398908156926,0.5903381136126231,0.2,5.249581348765879
4189,0.4507650656230196,0.7968089940007568,0.0,62.56942443015838
14232,0.5441840242561782,0.6084678094472532,0.8,9.299517884064239
5207,0.4950796463612442,0.703036627616856,0.0,50.14127739939438
4124,0.4513614985908931,0.7954867115662626,0.0,44.88135577544788
3134,0.48887827103483494,0.715641754985688,0.0,22.232841998106785
3815,0.4964052337542326,0.7003626822861693,0.0,57.559305333819
7998,0.448806917499887,0.8011625115682657,0.0,47.02223462214676
357,0.48424119227207996,0.7251721652505717,0.0,27.35349219215921
5719,0.4314836960633421,0.8405255534984744,0.0,43.707325575570145
14249,0.44681282840917,0.8056155004508996,0.0,11.250017616095256
8389,0.4519554399271655,0.7941716882415853,0.0,10.784852980492516
9007,0.41214741725635406,0.8863741847562946,0.0,61.44346159805559
3927,0.38676625189960806,0.9499347686934057,0.0,41.04573107259688
5538,0.4785183868517873,0.7370606428048447,0.0,46.55275008708746
14122,0.42096385389788654,0.8652083067104761,0.0,30.11357537909874
13450,0.526522803433665,0.6414606369810313,0.0,23.18687845735008
6982,0.44123135742098313,0.8181859210980243,0.0,72.69909815041419
13355,0.5229218111325032,0.6483233267962288,0.0,10.256474832063763
5930,0.4692317902620018,0.7566584103164381,0.0,43.88996901218059
19494,0.47448756645300594,0.745519864746481,0.0,25.452791415787804
11227,0.6060201544255667,0.5008420353378641,0.0,3.6321062482588355
4662,0.49121035092937426,0.7108828296322772,0.2,54.82684094719217
17544,0.5231450929692317,0.6478964289768945,0.0,9.71002346472104
1486,0.4440153786103327,0.8118960806399841,0.0,18.519353811505383
3752,0.43972492082683723,0.8216059275153033,0.0,74.75792472365572
20808,0.4983025883368994,0.6965477793737325,0.0,22.63989132510906
6083,0.2955845200601545,1.2188004591407877,0.0,56.21107122439902
15917,0.5212586058207676,0.6515089960375144,0.0,6.602066165300505
17123,0.43119674957691745,0.8411907975026873,0.2,14.108873084313736
11618,0.5539001264167431,0.5907708857128411,0.0,8.105376709733026
11363,0.43124425994020604,0.8410806210087304,0.0,4.0950954757668905
1714,0.4723914142251269,0.749947369622724,0.0,15.00644703780004
16110,0.5232326214229346,0.6477291309683396,0.0,8.365745697269883
4552,0.3605677190487769,1.020075492328856,0.0,46.03600416708025
5820,0.5276463322469326,0.6393290449989618,0.0,44.804178205326934
19059,0.4648773294256784,0.7659817158848627,0.0,27.784453138134168
1788,0.49484588212235264,0.7035089141404591,0.0,37.321147358416646
16668,0.46077834805943935,0.7748381584226436,0.0,8.042819803628605
19463,0.47514114359957077,0.7441433746660066,0.0,25.40579667217205
15949,0.5010813428157095,0.6909868301667784,0.0,8.87821332440068
9759,0.4813352695213486,0.7311912256542874,0.0,15.929914923588912
11358,0.4741169653132854,0.7463012254635453,0.0,9.650421142198732
4295,0.45185944410898604,0.7943841118699987,0.0,40.640691042055735
10225,0.48758578776541067,0.7182890291225957,0.0,34.513787301329685
2386,0.4269648483139727,0.851053591591904,0.0,77.00758475463533
20887,0.4880839392466815,0.7172678812674023,0.0,26.512012419650457
13784,0.43395137576991905,0.83482278855489,0.0,26.029356823656762
10199,0.480655610601252,0.7326042515929455,0.0,31.285860316388316
674,0.42856863032659853,0.8473043896464559,0.0,60.853401005831685
9922,0.5128233072141832,0.6678239235228443,0.0,43.41890825631488
20376,0.45116600835393433,0.7959199177311977,0.0,50.528979499149585
12607,0.47430578456701095,0.7459030501640935,0.0,8.407894106373053
12109,0.44574101825105095,0.8080171721871547,0.8,11.069835104846973
3012,0.47866342904796655,0.73675758189232,0.0,40.595341638063985
147,0.4513337774922266,0.7955481300746113,0.8,46.50376133065299
8309,0.41574576550008513,0.8776813461682212,0.8,45.95539582106225
19818,0.455768169410132,0.7857709991634388,0.0,38.284730384319985
16087,0.5550559032543094,0.588686443723943,0.0,4.998095143951363
3977,0.3911782625446786,0.9385919084576622,0.0,72.40767678806361
1141,0.46877679415237483,0.7576285424727365,0.0,46.01835605132484
10675,0.5190659483332236,0.655724335809284,0.2,19.01666110260491
11845,0.44753385943910845,0.8040030805784888,0.0,14.115077119589046
13791,0.440841781742799,0.819069239467483,0.0,21.50630021457639
6170,0.4422190836276011,0.8159498553895793,0.0,59.56841695164303
15053,0.6310130432685455,0.46042874586447385,0.0,1.6908025611198383
12577,0.4637582863792729,0.7683917970168427,0.0,10.531578221994506
11432,0.5497245863140239,0.5983378783301724,0.0,9.883643440905981
1461,0.4518885804879691,0.7943196328820503,0.0,59.05766652283379
19336,0.44102532228462105,0.8186529850372316,0.0,19.908822923715213
1437,0.4517697288107871,0.7945826784970672,0.0,15.816167245534558
11964,0.5785285479320834,0.5472673853687825,0.0,9.411084018376785
5734,0.4569197513000499,0.7832475024130242,0.2,49.646141625794606
2855,0.48757284775518783,0.7183155684152857,0.0,57.56221686929008
15027,0.48702036042806224,0.7194493489129741,0.0,9.144201938249081
6324,0.5252761388463723,0.6438311759138584,0.2,18.84493881372116
5364,0.445575980670712,0.8083874951641083,0.0,26.963764531148406
13150,0.4618704200683058,0.7724709032837879,0.8,6.01098222782006
16820,0.5806334809671378,0.5436355629034647,0.2,1.734790066575112
18848,0.5189450729774913,0.6559572338302051,0.2,28.313409952329813
18046,0.4550550166981955,0.7873369515207054,0.0,35.73801365687902
7603,0.49705816254978924,0.6990482324695069,0.2,57.05631598749708
20507,0.5306971940987858,0.6335636763324443,0.0,8.113416737594703
15817,0.4324649666143408,0.838253957938813,0.0,18.96717298419076
15164,0.44418562713642845,0.8115127247845432,0.0,22.078826523663892
19696,0.5051958681281186,0.682809067224681,0.0,17.985191586063966
15630,0.5284532412651922,0.6378009520131994,0.0,4.692684419808092
8104,0.5140457632539353,0.6654429839222574,0.8,19.78361833816132
19714,0.4759727726414119,0.7423946267198868,0.2,36.18839769591183
17919,0.500398655557478,0.6923501871286458,0.8,16.02444539802527
3911,0.4197334208478549,0.86813548148684,0.0,65.8220319413983
2599,0.44749934949802217,0.8040801949039882,0.0,55.87553409350004
7776,0.414250355584937,0.8812847642933661,0.0,49.107386782029124
15915,0.5751517965718193,0.5531212789871345,0.0,5.642389889484043
15275,0.5662510095188878,0.5687178193716695,0.0,4.166199476924168
12490,0.4565203077251543,0.7841220942297734,0.0,6.823430200762909
20652,0.3878639615451487,0.9471006154128834,0.0,79.60380961577457
13706,0.48105640875828376,0.7317707418266792,0.8,9.875246077206521
9942,0.491456191498634,0.7103824756184299,0.0,49.39289537247742
3780,0.41602957393179846,0.8769989300655243,0.0,66.53790788733542
6403,0.44940453947757797,0.7998318180857124,0.0,55.20039243700683
17991,0.4537575294146997,0.7901922997893469,0.0,12.652559170542599
8093,0.47996530726962744,0.7340414542138836,0.0,36.272659132014084
11485,0.40746559282154377,0.8977987846597951,0.0,32.95998674601604
534,0.4846013786256658,0.724428625730325,0.8,50.043528028443376
3354,0.49941964447546905,0.6943085657557871,0.0,47.6122104264185
12189,0.4986359451735887,0.6958790182858453,0.0,11.139630921225507
3228,0.552720087703523,0.5929035761253854,0.0,17.439368671410215
15718,0.4692020944465615,0.7567216983454278,0.2,1.7692153303707772
12592,0.3758990357842467,0.9784346935010975,0.0,9.254524458901757
321,0.44752073780108803,0.8040324008860137,0.0,62.56939632907182
394,0.5063347135448436,0.6805573391631722,0.2,20.736582955060324
12731,0.4681647318576296,0.7589350538500604,0.0,5.94238559811683
20317,0.48848972543128655,0.7164368406144827,0.0,9.304902614952601
8848,0.40809800505893457,0.8962479249456318,0.0,28.17086406575688
5359,0.4355104243768388,0.8312365464046683,0.0,33.99757601631724
14550,0.48244168961024103,0.7288952160548356,0.0,11.704235195949408
5098,0.5486704496271627,0.6002572916122814,0.0,52.13234486060669
1611,0.47494789161328826,0.7445501828319473,0.0,52.90029276239669
11455,0.47535390107966286,0.7436956974585631,0.0,15.37007161291563
13198,0.48385059862427005,0.7259791004455136,0.0,3.7830773271274154
9150,0.511931096117361,0.6695652408948262,0.0,44.86421712714197
21127,0.5021607884432523,0.6888349148704366,0.0,9.386408728361609
20408,0.4941106684751423,0.7049957616308,0.0,24.62444525616764
13234,0.4959758188826254,0.7012281056984107,0.0,12.930821185559068
7084,0.4348664241288557,0.8327163660175443,0.8,55.916905248702435
1083,0.4760370699787221,0.7422595496765003,0.0,54.56721034142864
9385,0.4803115950499903,0.7333202293368987,0.0,49.51744680753728
15077,0.3196472654951458,1.140537186490348,0.0,12.702504823632008
14449,0.5882726982124236,0.5305646661226154,0.0,3.8935490674774225
2180,0.46085688895566557,0.7746677202855977,0.0,58.35959199848603
9729,0.5309534300919488,0.6330809638613168,0.2,9.729315361958987
780,0.45208628921654376,0.7938822120236769,0.8,25.547129825195555
9245,0.431828297556825,0.8397272291051349,0.0,50.55157983279015
16641,0.5883539647860829,0.5304265312726343,0.8,6.144991132100555
18888,0.5074224875518825,0.678411313619119,0.0,5.9803649545426065
6259,0.47617690574999805,0.741965843060455,0.0,43.79638891446601
21058,0.4385928381836734,0.8241837719422599,0.0,33.269414934365834
18720,0.5113444467075615,0.6707118518505675,0.0,3.917963152098394
20447,0.5428490528394402,0.6109239850982081,0.0,23.81687193193205
10408,0.4736244776686663,0.7473405124813173,0.0,11.288578455284688
3332,0.48096393387397907,0.7319629932386119,0.0,15.214765851972611
5455,0.5340523696642892,0.6272613742981658,0.8,48.90098510041765
8739,0.4659073692501459,0.7637684430487057,0.0,64.2921179399197
8181,0.4904078281258748,0.7125179317512522,0.0,16.401450309034637
9808,0.5232480790966546,0.6476995887632832,0.0,10.055730905498738
2050,0.4329126267074231,0.8372193572362568,0.0,54.502982072323356
17632,0.40326743393609066,0.9081553293438718,0.0,82.75565438646032
7252,0.4923211650460525,0.7086240009705722,0.0,54.88292671262199
4707,0.48163560692343915,0.7305674530788641,0.0,31.487456112941572
3817,0.49274893903383055,0.7077554861046838,0.0,59.3453018296744
14278,0.4765348966776289,0.741214323149465,0.0,41.91270476619863
7420,0.44914762103617284,0.8004036679119028,0.0,66.23540342969255
13804,0.5656206323105732,0.5698316864396198,0.0,3.9985091926395127
4544,0.5088297491193461,0.6756417994843759,0.0,41.90668364396599
9333,0.49909301890383806,0.6949627899739867,0.0,35.445881938351704
2911,0.4765099343971103,0.7412667074229229,0.0,37.155993709574005
18192,0.525423114829565,0.6435514079714386,0.0,12.331410902853449
1052,0.4939877436823038,0.7052445724617055,0.2,53.669113578512516
3108,0.4314514490112335,0.8406002915649621,0.0,43.71121195474239
13463,0.5367202099870073,0.6222783444863242,0.0,10.24799070490452
20583,0.636553208644712,0.45168726880740995,0.8,3.6568603238309874
16440,0.3645852676425633,1.0089948244586089,0.0,2.202131149051398
18448,0.535168248727522,0.6251740979228888,0.2,6.189223629057848
18742,0.44774634231447763,0.8035284071099085,0.8,38.22987229883685
13658,0.5493462169999936,0.5990264041791661,0.0,3.501908475371729
2693,0.3850852627319335,0.9542905075719765,0.0,93.66361477432125
20749,0.48848972543128655,0.7164368406144827,0.0,9.304902614952601
17670,0.39369018058984695,0.9321910226951573,0.0,11.09586918484429
6576,0.42425922523480575,0.8574106302961886,0.0,68.53711663943817
19253,0.5174776632947281,0.658788917489651,0.2,9.568580189982256
11489,0.4727221190117521,0.7492475493609415,0.2,5.805169763789301
14369,0.543713499345362,0.6093328264731178,0.0,5.321608242327394
8106,0.5123911959590928,0.6686668910761533,0.8,19.436140145397808
4467,0.4511378141448952,0.7959824115572136,0.0,55.18546205074894
14142,0.4088715483826002,0.8943542349015621,0.0,31.094013862230522
19356,0.50138481059342,0.6903813877068042,0.0,19.424224843822643
6402,0.44627908985386555,0.8068107606652931,0.0,52.36605143610443
9011,0.47435621057649136,0.745796740414602,0.0,62.87066464795319
9897,0.42165654647964984,0.8635641672201596,0.0,38.286116563089166
21256,0.5399931312395506,0.616198859431474,0.2,5.916433516900063
14353,0.4589931932889591,0.778719898467368,0.0,6.343063075553818
14548,0.4839735998081814,0.7257249196040493,0.0,11.582931715593118
20103,0.45841634519504604,0.7799774571600493,0.0,37.84450657845094
15234,0.4377778573473687,0.8260436722684447,0.0,5.529122961102688
1168,0.4858067556133379,0.7219443563490875,0.0,21.658330690472624
6530,0.49476606966705944,0.7036702146488492,0.0,55.129043825636515
18461,0.5458538888843308,0.6054039418251947,0.0,7.188264057759379
8795,0.431430959202322,0.8406477831089322,0.0,43.71368151484767
8160,0.46956419878974914,0.7559502510453813,0.0,36.81099436023578
12549,0.5180418937245854,0.6576991640767466,0.2,6.541640599224509
4050,0.5004576359728165,0.6922323272202736,0.0,44.84972783304562
19893,0.4565071523375254,0.7841509112987121,0.0,38.205795647397906
20755,0.4836469798475794,0.7264000188730689,0.0,9.434301883912648
12652,0.5263117780042865,0.6418615079932963,0.0,7.977888827013636
3064,0.4803115950499903,0.7333202293368987,0.0,49.51744680753728
987,0.4371013522151052,0.8275901835118304,0.0,53.79336192826898
16332,0.517844082730384,0.6580810806218141,0.0,10.348325243816037
11693,0.583172695199355,0.5392719183148762,0.0,3.825190554130007
10467,0.42096385389788654,0.8652083067104761,0.0,30.11357537909874
6920,0.48376271006426624,0.726160760948643,0.0,40.99177273948412
8643,0.40646748209125566,0.9002513480494905,0.8,75.66612855090875
12238,0.5570054329859175,0.5851802850882085,0.0,5.20371550098333
9948,0.4862285997445059,0.7210763958261992,0.2,23.08165972147016
19402,0.4771734539188763,0.7398752191429421,0.0,48.132582607136094
9266,0.4684318827131209,0.7583645822968211,0.0,59.99422546130183
11301,0.4183094541380373,0.8715337994553307,0.0,15.063590535548249
7038,0.4287504135514741,0.8468803159509095,0.0,70.58747627286351
1663,0.47706406127986123,0.7401044967342165,0.2,51.096812308841606
13195,0.41060380204559016,0.8901265147090737,0.0,6.582040740518978
12259,0.47299311119869514,0.7486744546582164,0.0,10.824336116526478
6916,0.4817863797412437,0.730254458729301,0.0,50.07902469779668
20384,0.45268058888502943,0.7925685039993419,0.0,29.570731972642655
5325,0.4266569001276842,0.8517751013243116,0.0,91.19530330281647
9919,0.5181758324298377,0.6574406494757751,0.0,42.109075605273034
11945,0.4529259492214024,0.7920266343637944,0.0,5.386097939132123
10032,0.4012988316685587,0.9130489130801657,0.0,11.435024305292576
17357,0.5251269234716652,0.6441152866158616,0.0,2.790629313408645
10508,0.43954708110031754,0.8220104433614919,0.8,61.32198095619989
15058,0.5157864301828643,0.6620624941731985,0.0,8.16885762596542
17234,0.5083270858305496,0.67663016885367,0.0,6.647214698803137
5729,0.45138916457148304,0.7954254189375722,0.0,40.97832744227664
10690,0.490338869137815,0.7126585572325632,0.0,58.43621830678805
12336,0.5444272085287394,0.6080210305251136,0.0,9.34832334432362
18610,0.3688670038052763,0.9973191232016297,0.0,69.26880152811505
15004,0.4682691903795343,0.7587119553059829,0.2,5.200970287202768
15391,0.6061677336575149,0.5005985429978924,0.0,3.933703132224587
7814,0.4518762190123408,0.7943469883967503,0.0,10.78723355692064
2184,0.4145539723113263,0.880552102240933,0.0,64.2803034635881
7203,0.5701356751305685,0.5618809199325078,0.2,25.602104416801502
11944,0.4698712612278315,0.755296534080063,0.0,5.44115604855482
10806,0.42839773499268,0.847703227554453,0.0,11.103831325471733
8976,0.42204015812638335,0.8626548080367602,0.8,64.69911060275702
1264,0.4801014447564874,0.7337578541673553,0.0,25.901648893230742
7697,0.4240205634959613,0.8579733261149791,0.0,33.22930325477562
4993,0.47222462370036733,0.7503005089296941,0.8,46.59741276361833
7491,0.466801244585107,0.7618517123669772,0.0,76.80608224226634
11891,0.4202217098634923,0.8669728263573255,0.0,7.344213589059999
12902,0.45455516153800646,0.788436005208679,0.0,13.854396000758081
9093,0.5476974835901254,0.602032181707078,0.0,16.98934890267631
6180,0.4735347384847593,0.7475300037149875,0.0,53.82963716441262
12414,0.4115873892766734,0.8877339137892885,0.0,7.487059371800615
5520,0.4803115950499903,0.7333202293368987,0.0,49.51744680753728
20642,0.4582382780168861,0.7803659724762669,0.0,11.937386232363455
20881,0.5360394763549847,0.6235474707073407,0.0,21.857209474053903
7570,0.4980898170922921,0.6969748626125891,0.0,42.29940345480871
8523,0.40155597222632466,0.9124083475250713,0.0,75.8348178554318
21080,0.413451712679277,0.8832145484128737,0.0,64.1222643348726
39,0.4446525866824648,0.8104620058083849,0.2,31.810630636311906
4816,0.49599271249441007,0.7011940449167388,0.0,30.298594038889966
5134,0.45058663613803657,0.797204909350925,0.8,72.03543913662024
16295,0.5068285824223224,0.67958243429135,0.0,9.219402270167285
1864,0.420914151860115,0.8653263809147892,0.0,62.62799681870788
1232,0.45200795630229323,0.7940554968661251,0.0,13.05029409422005
8530,0.5041373512899969,0.6849065256374651,0.0,51.36798942280988
11961,0.4325796796866882,0.8379887390891031,0.0,14.22862884275477
7447,0.45459250949312024,0.7883538448373226,0.0,65.79207156441777
12357,0.46604123654770596,0.7634811583258188,0.0,6.042266000945423
4091,0.45157167046491575,0.7950211801514888,0.0,66.2530893200607
16782,0.3423891262167433,1.0718073927633898,0.0,4.023404227219618
18798,0.479959562706638,0.7340534229901269,0.0,16.883228728772917
17000,0.41856845396374004,0.8709148326228587,0.0,72.47318125187869
9063,0.4209613782282721,0.865214187683085,0.0,49.33018638266626
17015,0.4533511191418743,0.7910883562885654,0.0,47.33872434325567
3729,0.4757387607935662,0.7428863972708166,0.0,45.104344889766395
13217,0.5731335215819494,0.5566365674547702,0.0,4.637478243352555
5691,0.4667703186107955,0.7619179654011141,0.0,63.27728935175162
10296,0.533084763600211,0.6290748363155434,0.0,20.913591961419566
18931,0.5198224077524096,0.6542680492921727,0.8,6.143576895499294
12683,0.5238228003017816,0.6466018192155837,0.8,7.552309291603345
21245,0.7028267577456637,0.3526448503352421,0.0,2.4015114946815834
16084,0.5465109396491802,0.6042009539095721,0.0,4.978615865976983
16154,0.47366382432052834,0.7472574403019141,0.0,23.106695230345917
467,0.38414802151280536,0.9567273279803232,0.0,60.728258384450726
17582,0.525423114829565,0.6435514079714386,0.0,12.331410902853449
13118,0.4542831590529591,0.7890345770052374,0.2,10.66636703781227
1933,0.44940453947757797,0.7998318180857124,0.0,55.20039243700683
19223,0.47515578549300935,0.7441125592587554,0.0,16.892099366692598
13757,0.46424783311869966,0.7673367462482068,0.0,22.14764190614322
16345,0.4936226333495112,0.7059839538167765,0.2,9.171437667917036
2885,0.4933803358727933,0.7064749300126761,0.0,47.690588210114356
8638,0.421131835270603,0.8648093464091582,0.0,54.526228631300256
9108,0.5421851768258922,0.6121476812328365,0.2,18.51379473741393
2151,0.4512770098021114,0.795673915609172,0.0,64.0597086454373
12911,0.46194009283589105,0.772320065494557,0.0,13.956209295701973
417,0.4921308396277748,0.7090106636412669,0.0,59.81568582814633
13168,0.5430103402374645,0.6106269164349194,0.0,2.997323374546145
2048,0.4064940796576151,0.9001859142882394,0.0,58.584097516231516
20718,0.4463145113134935,0.8067313931690436,0.0,23.734036494543467
3825,0.42511178159167373,0.8554031291304152,0.0,51.65779770919312
9988,0.48373103863770617,0.7262262320209137,0.0,39.09639130629914
19115,0.6008900600051474,0.5093432896243922,0.0,16.31375685290857
8732,0.4802177774589518,0.7335155749328212,0.0,44.854478526397955
18846,0.5311464863636933,0.6327174269268354,0.0,24.349495777969032
2233,0.49542605270003665,0.7023371740887369,0.0,20.100889172242617
4885,0.48250892489655856,0.7287558611792274,0.2,56.11420131080051
19169,0.48771054855202595,0.7180331873181102,0.0,7.542938714949124
15511,0.49130804857946603,0.7106839577323463,0.0,11.021287759956593
7584,0.49714058460599453,0.6988824264742168,0.0,47.30036017103211
13241,0.5343904856938253,0.6266284606348334,0.0,7.627478748480334
7160,0.5013898482422657,0.6903713402872741,0.0,45.702584570507916
2582,0.4561598947697942,0.7849118845048542,0.0,47.812905169020254
6670,0.47049323340966626,0.7539737017611485,0.0,47.884868533330724
14168,0.5166173580702276,0.6604527982843665,0.0,24.77028290509486
16846,0.5448213856951354,0.6072972707044573,0.0,9.227274879349459
7293,0.5002526368326736,0.6926420345023537,0.0,27.844210315438552
19510,0.44826400214546425,0.8023729296273493,0.0,31.201073484381077
2979,0.44335186540164323,0.8133915456502704,0.2,56.12605211455199
8427,0.33713298023524535,1.0872778263593361,0.0,47.38084051928075
18377,0.5055858077869197,0.6820375065851539,0.0,32.424062386598905
3541,0.4944256928258379,0.7043584064991281,0.8,37.947311837054606
4087,0.4549248887997948,0.7876229532192076,0.0,65.3920017954209
19540,0.593632460815569,0.5214949039617713,0.0,17.21193886760232
3829,0.39630848066034224,0.9255623794175868,0.0,72.77234208170776
13265,0.3912366601596786,0.9384426331475578,0.0,15.395151146194468
13468,0.4647190657341159,0.7663222156843792,0.0,12.037005822835042
6340,0.4519554399271655,0.7941716882415853,0.0,10.784852980492516
3813,0.5007164897966749,0.6917152267020645,0.0,53.262072456058974
10249,0.4265593308448025,0.8520038107176989,0.0,12.883149462605632
10266,0.4985015982677541,0.6961484834314137,0.0,6.624897371868917
4488,0.47631517368519144,0.7416755142710616,0.0,60.81924816974396
1468,0.48280709659147336,0.7281380910443487,0.0,21.4837151539989
17072,0.4539329530523724,0.7898057723480104,0.2,64.69299069251073
17594,0.4858067556133379,0.7219443563490875,0.0,21.658330690472624
6779,0.4923211650460525,0.7086240009705722,0.0,54.88292671262199
19666,0.4782755956472602,0.7375681527059924,0.0,22.2081761213537
12030,0.573695025526812,0.5556573382733088,0.2,6.76790641726303
15180,0.45900023079507035,0.7787045661002143,0.0,11.283819608227315
16630,0.5352443870767055,0.6250318381124845,0.0,4.122085139253342
8425,0.33541944531108175,1.0923734547945247,0.0,49.04756978710377
8491,0.5406698799396921,0.6149463898241914,0.2,19.391720287141396
8290,0.42511178159167373,0.8554031291304152,0.0,51.65779770919312
652,0.4842003523003677,0.7252565068857801,0.0,43.519016087021754
6618,0.3343270899913849,1.0956354538665065,0.0,101.37367204080554
9860,0.5351096243225794,0.6252836478004999,0.0,9.548831903954873
3800,0.49383102575538196,0.7055618734344861,0.0,52.987695618327926
6686,0.43215441430028506,0.8389723140947482,0.0,76.34648058262206
13548,0.5244261935055893,0.645450578863311,0.0,8.8794639014998
20911,0.5229519173974049,0.6482657552862297,0.0,24.374792646055994
3335,0.4573423950359015,0.7823229453422716,0.0,45.765892302522886
17475,0.487981036290119,0.7174787339452932,0.0,27.37719566634606
824,0.48550950328994713,0.7225564172096894,0.2,57.45046227588945
5713,0.4950129453785031,0.7031713644756075,0.0,55.575148684034204
2073,0.49126991942495474,0.7107615681729871,0.2,51.19971216622773
3221,0.4549615780174512,0.7875423075144646,0.0,42.13351345202386
722,0.45208628921654376,0.7938822120236769,0.0,25.547129825195555
12679,0.5068285824223224,0.67958243429135,0.0,9.219402270167285
17309,0.5237646806037886,0.6467127783461805,0.2,3.7815884219719207
15527,0.4187153063197107,0.8705640498549551,0.2,9.062136790793824
9220,0.431828297556825,0.8397272291051349,0.0,50.55157983279015
20072,0.5788450081530357,0.5467205260990591,0.0,3.675602254424758
4547,0.5017025603004566,0.6897478442550877,0.0,45.60612540982662
3273,0.5301766659552254,0.6345449959877439,0.0,47.05151000013298
15857,0.5243675247761341,0.6455624573547506,0.0,9.041102289132041
6728,0.4811985925684789,0.7314752197228006,0.0,51.00210857902966
13422,0.5365828872549993,0.6225342325632528,0.0,7.5980305577863625
15463,0.5209397349453231,0.652120915809254,0.0,5.216967326474032
996,0.3936912277987552,0.9321883627164047,0.0,61.636297103140485
11258,0.4237395600718362,0.8586362575895895,0.0,21.732082402171933
18623,0.45156212134958945,0.7950423267754181,0.0,12.31520545978048
12138,0.5506971285525359,0.5965702969046404,0.0,8.271447030038734
5053,0.40108597465226725,0.9135794740270027,0.0,67.51809339778544
249,0.4463629221963264,0.8066229309607181,0.0,67.2199212131261
11930,0.5303552559906054,0.6342082026609754,0.2,4.246023874477265
16736,0.547077249250798,0.6031652630380223,0.0,7.103356619816806
19662,0.49307619387369095,0.7070915654133617,0.0,46.01044524831997
11154,0.5771396243409036,0.5496710584874659,0.0,1.6856486385963625
5767,0.4419395075087904,0.816582267110579,0.0,59.68399491269865
99,0.45208628921654376,0.7938822120236769,0.0,25.547129825195555
13970,0.440841781742799,0.819069239467483,0.0,21.50630021457639
2694,0.3867222536702391,0.9500485343902443,0.0,91.37091707015225
10537,0.4874469849129543,0.7185737433543292,0.2,13.908821270428867
12514,0.6367863054516266,0.4513211499413292,0.2,4.1239468139028705
18606,0.45596939724857105,0.7853295830168081,0.0,27.19007306858819
16495,0.556982662630109,0.5852211658766143,0.0,5.901603870641024
474,0.40037747060663287,0.9153475003403323,0.0,61.20013443143839
14063,0.45752835521832175,0.7819164175678738,0.0,24.208131572035516
4540,0.4818399537322093,0.730143266269818,0.0,59.021130260454605
3684,0.411609819349798,0.8876794187718245,0.0,37.486698062158496
8774,0.5511329453054663,0.5957792188863533,0.0,20.907084921884685
12710,0.4164871129592046,0.8758997591283495,0.8,13.812940020070714
16149,0.4873603394116768,0.7187515128465018,0.8,9.712130022974815
15930,0.46539558889124494,0.7648675062610443,0.0,12.424126610085032
1841,0.4727398013025631,0.7492101448067587,0.0,61.43523187415421
12677,0.5354603195642823,0.6246284916264461,0.0,9.189846891546338
20650,0.4481987038772084,0.802518609459723,0.8,65.9870914382795
17098,0.4715956521697678,0.7516333296791298,0.2,7.774519090350507
8770,0.5588205410627717,0.5819268930359015,0.8,17.29544846868055
17969,0.2904604934903041,1.2362877068081772,0.0,123.64112676675462
7942,0.458465174150163,0.7798709462224136,0.0,52.38393002977317
18638,0.45000424481470885,0.7984982633406861,0.8,37.82885827179415
3769,0.4716032698589481,0.7516171767998111,0.0,32.920834637585315
15307,0.5123799615111496,0.6686888168453589,0.0,5.342823812399368
20863,0.4304311457629399,0.8429679080619148,0.0,6.017948246161754
17048,0.47390125292002244,0.7467563061631288,0.8,22.649117284630094
11635,0.41954432527255975,0.868586096505215,0.0,6.174691555325292
2158,0.44684064419737496,0.805553248607055,0.0,15.470645468626998
10227,0.5162192481781888,0.6612237041747011,0.0,30.48241175350642
17378,0.5243656789895297,0.6455659773855799,0.0,22.280095055728196
18725,0.462142654947204,0.7718816586201871,0.0,12.052932658808245
10920,0.49217698534690335,0.7089169008609831,0.0,6.827933134699014
6461,0.49602688950594176,0.7011251410130733,0.0,50.00494692037752
11257,0.4502596159074977,0.7979309383356962,0.0,17.22732984138852
1320,0.44396211921115825,0.8120160372816083,0.0,55.79767902811418
8872,0.47720515160990246,0.7398087933222998,0.0,54.96779277941756
3518,0.4517429640544242,0.7946419244967794,0.0,23.91872071482571
14859,0.47389598346980166,0.7467674255249891,0.0,21.727199157230892
11780,0.5323034949900624,0.6305414729973223,0.0,6.385398846309045
5418,0.47199082035490614,0.7507957419863268,0.0,64.68105431774543
6611,0.480381719674717,0.7331742418010714,0.8,30.540372147235544
7354,0.4963540756224328,0.7004657447935906,0.0,52.64350486696634
7343,0.4889738746994495,0.7154462169069791,0.0,46.52904597198232
13012,0.6006883970815148,0.5096789529751069,0.0,5.5547364160515595
17834,0.45886744190369455,0.7789939082270849,0.0,29.995161268339167
8336,0.4825108004501598,0.7287519741009595,0.0,44.949421984944635
9484,0.4935976044239766,0.7060346596766895,0.0,52.98790067007385
8605,0.4774129472680809,0.7393734450679463,0.0,20.218166347695536
9224,0.48674058648392715,0.7200239744465213,0.0,34.59715142282065
353,0.48226866129703944,0.7292539316317842,0.0,50.07422188314838
898,0.44947755159299296,0.7996693671562727,0.0,38.15222172441005
12518,0.3931685460789882,0.9335168886215176,0.0,6.941687549790816
19944,0.5003791592329786,0.6923891494721625,0.0,4.125081512054758
19891,0.44318040348901405,0.8137783604810078,0.0,6.385718894032647
8648,0.5035054096545646,0.6861608227808114,0.0,19.212503037862717
5426,0.4501511213147359,0.7981719274505562,0.0,50.29680656591558
7955,0.5506572658415672,0.5966426854313291,0.0,17.899280562939875
10697,0.40540811920754616,0.9028610175191388,0.0,81.88949497781418
11772,0.5126126477948061,0.6682347915469498,0.0,5.253929261765972
3238,0.5035189316883227,0.6861339673549713,0.0,17.80380284482139
20440,0.47732727047445184,0.7395529217303239,0.0,9.705522848731265
18622,0.44831306624083256,0.802263482046885,0.0,12.587112785279693
11802,0.4655056414068297,0.7646310633119631,0.8,13.39037164957187
4373,0.5027531845650091,0.6876559160580218,0.0,52.39250067690985
6575,0.42687707035719213,0.8512591986373543,0.0,68.65405566902109
20742,0.4208746787160849,0.8654201648725355,0.0,29.937479294648757
9733,0.5328450686133103,0.629524575095146,0.0,9.74818827948929
19077,0.5047690626600112,0.6836542559644156,0.0,15.898379148707
19756,0.4798217748459748,0.7343405464342253,0.0,11.823617715202559
15046,0.5418692359330763,0.6127305687669724,0.0,6.689180091380126
1724,0.5495315212107983,0.598689143342737,0.0,17.305110099409028
15401,0.6179314260034174,0.4813777888406099,0.8,3.4940806132742326
11791,0.45159450709036825,0.7949706099994507,0.2,13.093166158971009
4228,0.3915074035363409,0.937750853037004,0.0,90.02408189155238
7054,0.4212270438198608,0.8645832941836127,0.0,72.88437104005384
86,0.45208628921654376,0.7938822120236769,0.0,25.547129825195555
7138,0.49843683170948366,0.6962784143407137,0.0,49.926642319133364
14749,0.49785200813769775,0.6974524185362174,0.0,10.806850878077475
17382,0.4087622280740667,0.8946216414406086,0.0,59.814410318174254
12262,0.47100759398083336,0.7528810619941381,0.2,12.666846772701337
13696,0.5078744498930498,0.6775210078290543,0.8,8.418198328435684
20564,0.542534825145786,0.6115030018107404,0.0,3.884266847644958
9485,0.49181536588350766,0.7096519055167071,0.0,54.51191014770727
10773,0.5193207315098984,0.6552336068992671,0.0,4.823174932817522
20917,0.525423114829565,0.6435514079714386,0.0,12.331410902853449
5616,0.4418974213947743,0.816677502131139,0.0,67.51881498099387
11129,0.42096385389788654,0.8652083067104761,0.2,30.11357537909874
339,0.4518230962362722,0.7944645557672981,0.0,13.168253648613089
5672,0.41757927452439786,0.8732808736156275,0.0,30.09500537326529
5745,0.541725104102175,0.6129965942091995,0.0,24.784065150814776
3850,0.38909411552018475,0.9439340224157158,0.0,70.31363971246351
18975,0.5584138042708814,0.5826550067240608,0.0,2.0556068620554973
3625,0.42099996016658714,0.8651225399159427,0.2,49.324961085278574
16416,0.3469898252543875,1.0584598214986425,0.0,2.753582946522444
10312,0.4503199887950243,0.7977968627086183,0.0,10.618676577420596
20971,0.45050682863181324,0.7973820441533672,0.2,26.560517142844738
13745,0.46773480505845444,0.759853799532601,0.0,13.168646006127418
17893,0.48786899521499444,0.7177083615970832,0.0,26.528293672828113
17488,0.4862122356503848,0.7211100515377387,0.0,27.928590590550364
2214,0.44804297467206794,0.8028661255604242,0.0,55.61453994778474
2411,0.5129989572918107,0.6674814663830031,0.0,45.42211327811541
4760,0.4517429640544242,0.7946419244967794,0.0,23.91872071482571
1219,0.4983096822616354,0.696533543296282,0.0,53.98831377178639
13215,0.5225290651185005,0.6490746696692428,0.0,6.91394319437701
13245,0.5333352624396731,0.6286050423545286,0.2,10.713001146574502
11189,0.46172296441618854,0.7727902118796424,0.0,12.530406115208795
756,0.4174965524444016,0.873478992343521,0.0,51.906488453602144
329,0.46438104448741574,0.7670498472020061,0.0,52.715499578532686
10880,0.4631556060726403,0.7696921991285607,0.0,7.011511035111054
2839,0.4274327600195202,0.8499582894801878,0.0,57.3934347940831
17966,0.30083862383922844,1.2011812914286653,0.0,123.30127056229567
19830,0.47761818885813034,0.7389436337551097,0.0,29.602081573591217
16615,0.5489898916308664,0.5996752499720491,0.0,4.809995125123897
17337,0.4631974297291968,0.7696019016826227,0.2,52.27136268889883
5951,0.5175831586145664,0.6585850737773385,0.0,44.764028268582564
12233,0.5654327041623508,0.5701639928727326,0.0,5.746397684717671
11763,0.32031064454834896,1.1384639898616313,0.0,6.218859517476064
16258,0.5555121357056172,0.5878648236863263,0.0,5.839467237203561
4375,0.5004730138526978,0.6922016000567378,0.0,53.29952320436881
20415,0.5041445736185084,0.6848921996273817,0.2,23.56953890324822
2547,0.4902624545083154,0.7128144098258886,0.0,15.529553017644401
8390,0.4844872102252789,0.7246642458835877,0.0,21.149324246912684
14190,0.5050149827697312,0.683167181295936,0.0,17.88463357138833
16044,0.5046499752960505,0.6838902082499092,0.0,4.757995476798737
4657,0.4783332135977956,0.7374476897747538,0.0,57.24068607949759
20032,0.49696579905396576,0.699234070034107,0.8,8.219496573271917
7308,0.40108597465226725,0.9135794740270027,0.0,67.51809339778544
12769,0.4478669949525138,0.8032589769133144,0.2,2.318205437247676
14599,0.48902252059541473,0.7153467361803846,0.0,4.598248971617645
14960,0.4251545003367621,0.8553026459146691,0.0,21.35027867200941
3410,0.44884255151639263,0.801083117511333,0.8,63.38049138135389
20608,0.4320484193518851,0.8392176151856587,0.0,29.55262986884811
18882,0.46354612494222014,0.7688493844890135,0.0,26.529917993287974
3790,0.4740179735092468,0.7465100392100806,0.0,74.97200346568519
15860,0.5708837354349745,0.560569705759188,0.0,6.718792596202897
15424,0.5213153873987443,0.6514000702856693,0.0,7.8203837500608095
13504,0.487659648318562,0.7181375584249442,0.0,9.912453042197836
17691,0.4344622623932406,0.8336461909985903,0.0,13.785174419266767
6453,0.4032683051433072,0.9081531689753367,0.0,29.671179408321915
277,0.4520341204180296,0.7939976143484472,0.0,13.045374988332767
18616,0.5111682929672989,0.6710564025542806,0.0,35.56598933537687
14957,0.43805272817311636,0.8254159918943713,0.0,4.757285245611088
14833,0.48480731206945427,0.7240037616892598,0.0,5.937627157743826
13085,0.4727221190117521,0.7492475493609415,0.2,5.805169763789301
5149,0.5009153616255182,0.691318131040272,0.0,31.17844665504851
19600,0.5149762370526331,0.6636345210283321,0.0,13.785015529052028
7110,0.4310437091783868,0.8415457806134512,0.0,65.80888068602036
13167,0.5373252510602359,0.6211516861479708,0.2,5.237302763309172
16609,0.48333141860916606,0.7270526937417505,0.0,13.039689673970265
17412,0.5252761388463723,0.6438311759138584,0.0,18.84493881372116
9178,0.5343439330037646,0.6267155780501158,0.0,19.130807161928317
1511,0.4534281110993971,0.7909185421703322,0.0,47.26726696276264
1402,0.4106550830771361,0.8900016307472888,0.0,62.838561336415125
11210,0.5217252368690302,0.6506141958300753,0.0,7.810948934035353
11128,0.42096385389788654,0.8652083067104761,0.0,30.11357537909874
713,0.475583655423206,0.7432124809814293,0.0,50.62763057548777
9433,0.5157696112471366,0.6620951030379693,0.0,25.914401928795343
20153,0.5180263803477408,0.6577291107071646,0.0,13.818888766499773
6810,0.49558189310739564,0.7020226651903917,0.2,20.298983328697176
3341,0.45801993702930915,0.7808425651837032,0.0,51.945552840317056
19120,0.5569258621074805,0.5853231500546976,0.8,7.466147958547585
14327,0.459741905397806,0.7770900221827609,0.0,28.319103963416957
3358,0.45161109080903816,0.7949338880864989,0.8,58.85293028318666
13407,0.4806943246908873,0.7325237104949853,0.0,9.540938019430765
5114,0.46478708104746536,0.7661758684790243,0.0,54.80073016205381
10229,0.4756766459153733,0.7430169708937433,0.0,10.527435912426615
10504,0.39439080660195697,0.9304129663581013,0.0,35.05884639264053
16340,0.4839619406146086,0.7257490104511902,0.0,11.050618024679853
13396,0.5142523215522441,0.6650412360163941,0.0,5.2042803586152715
18001,0.44131011264914216,0.8180074473808361,0.0,22.515654677112437
3801,0.49066728653453273,0.7119890050445614,0.0,48.82464656413531
19072,0.4619149680405918,0.7723744567002113,0.0,17.540623941125546
19962,0.43430859837704505,0.8339999413940898,0.2,23.337402628324938
3784,0.44757744410785394,0.8039056967813962,0.2,58.29924149858567
6213,0.5143222057292698,0.6649053505257861,0.0,20.349429216678484
2215,0.4831676544848879,0.7273915748238009,0.0,49.18985524745955
20698,0.48202972775123215,0.7297494910009809,0.0,30.24811695874533
9067,0.45836163408450553,0.7800968123623818,0.0,62.2322214207091
10089,0.540556520995351,0.6151560756858359,0.0,2.3496502847890417
8366,0.4970161083225227,0.6991328422990214,0.0,45.471600703203585
16357,0.5015224511723047,0.6901069045417179,0.0,8.388594433403519
14967,0.4006068141077844,0.9147748461402546,0.0,17.772702386359757
7068,0.4004728131598765,0.9151093970253266,0.0,33.996315495837024
20289,0.5130241105745444,0.667432435745142,0.0,32.51564141972978
5552,0.43685098420318597,0.8281631392860425,0.0,75.34214033287105
6196,0.4708548738297889,0.7532053559491523,0.0,36.217878851234886
4688,0.5302707350516166,0.6343675820084204,0.8,52.874539412354
4213,0.44948591283185413,0.7996507652014829,0.0,38.151334225235026
4164,0.47800271113888,0.7381388746681048,0.0,51.127188703362066
20124,0.5937197743413781,0.5213478313014752,0.0,17.207084734572675
10621,0.5512767594010387,0.595518310268125,0.0,3.9307186705329764
11849,0.46192004978691864,0.7723634552849611,0.0,12.898469187650619
3049,0.46864426200442383,0.7579113015338085,0.0,33.97716214433551
3450,0.44684064419737496,0.805553248607055,0.8,15.470645468626998
20481,0.5109667089497344,0.6714508397270611,0.0,4.758975126869249
19039,0.4091536482276819,0.8936645254465635,0.8,37.80200533551809
238,0.3937496703165169,0.9320399261340304,0.0,80.25329741311666
17700,0.42545401858504894,0.8545984012380566,0.0,13.001005324812947
6284,0.49125375931269405,0.7107944632830223,0.8,21.750310847607054
19114,0.6055707500096307,0.5015838772168365,0.0,15.017421551746775
18437,0.5257516631059085,0.6429263011025556,0.0,7.180200766391204
17797,0.4441514113546515,0.8115897581183147,0.0,13.82989540634182
10700,0.3792646556252769,0.9695210177947338,0.0,94.14048934849697
14929,0.49148872709572106,0.7103162753736686,0.0,24.450152496505762
11716,0.5784509472665581,0.5474015289140461,0.0,7.612439156158328
3959,0.473946118993046,0.7466616367587783,0.2,47.91327871192062
545,0.48802962955256635,0.7173791586759071,0.0,41.6295117022559
12567,0.4928552009003084,0.7075398582220804,0.0,6.971743914718809
3138,0.431828297556825,0.8397272291051349,0.0,50.55157983279015
9892,0.4984620887743014,0.6962277430754445,0.0,51.51040999638045
3597,0.5020956148672137,0.6889647095641329,0.0,60.30852311837691
17811,0.5407130062543962,0.6148666284089191,0.0,2.1666269407825203
19350,0.4494046889424242,0.7998314855015743,0.2,24.450968786735668
1290,0.4215462821039835,0.8638257042372497,0.0,71.37359881260275
2931,0.5019139402329235,0.6893266077858184,0.0,17.87079309571904
4738,0.4709561886936616,0.7529902069276658,0.0,48.58669425097952
2139,0.4772965969488834,0.739617184790626,0.0,32.18592117724729
17874,0.4973926067801655,0.6983756114543697,0.8,23.872922916621402
13661,0.5253598925956929,0.6436717415388862,0.0,3.0622683441331775
4593,0.4886894433624452,0.716028076407636,0.0,53.72000752505503
5503,0.4534281110993971,0.7909185421703322,0.0,47.26726696276264
13502,0.4496316560761116,0.7993265734593263,0.0,11.767286468297119
15364,0.500377846441608,0.692391773068826,0.2,7.799100889587017
7198,0.502183710293661,0.6887892694759697,0.2,29.018692658728916
10779,0.4830759053989739,0.7275814836418235,0.0,12.943674566233009
794,0.4743597039510695,0.7457893759875387,0.0,55.01315286452708
14390,0.5551234322849029,0.5885647894496919,0.0,4.271362000094693
15803,0.47200133627031665,0.7507734623194098,0.0,21.081719480642928
10797,0.45739991167335775,0.7821971904993827,0.0,8.369509975641463
678,0.41426916134412994,0.8812393682373604,0.8,71.55663737320594
1301,0.49604902541307333,0.701080515583099,0.0,39.491866726512725
14217,0.39439080660195697,0.9304129663581013,0.0,35.05884639264053
2475,0.4297381898824794,0.8445791164639199,0.0,60.68723202689733
14274,0.4769659895884857,0.740310091288878,0.2,41.861574071837595
2342,0.4721597614604228,0.7504378729968382,0.0,51.83274365887615
1153,0.46314360291217416,0.7697181155070923,0.0,47.35690823107049
3921,0.4893473426385748,0.7146827295152139,0.0,58.46819235680878
7171,0.47085700562374905,0.753200828462547,0.0,32.50061402421902
16171,0.5569258621074805,0.5853231500546976,0.0,7.466147958547585
9304,0.45244578875306307,0.7930873268798461,0.0,58.728115950375
11794,0.4099523443843288,0.8917143592483406,0.0,14.995693699248875
6387,0.5205421127203563,0.6528844859956707,0.0,19.13930905564102
4435,0.48018156287234137,0.7335909906169158,0.0,57.049538706046214
4890,0.4762012904739946,0.7419146349918566,0.0,59.2826880033668
10256,0.5008690224703837,0.6914106442714687,0.0,7.769554324321337
19049,0.5177616915362403,0.6582401975297434,0.0,30.552878505088866
2129,0.5166173580702276,0.6604527982843665,0.0,24.77028290509486
5636,0.49091865119347605,0.7114768447643933,0.0,34.38033863693714
8757,0.5055946029743751,0.682020110703347,0.0,20.781153605675062
5129,0.4512359792054826,0.7957648408305412,0.0,61.325616365788946
9625,0.5232480790966546,0.6476995887632832,0.0,10.055730905498738
11789,0.45159450709036825,0.7949706099994507,0.0,13.093166158971009
19451,0.4623067587611258,0.7715266282351556,0.0,21.005584586617292
7471,0.4146059312782329,0.8804267730571418,0.0,43.48427778392237
4675,0.49494723777353294,0.7033041124511016,0.0,59.53469687503494
5357,0.43574960759182507,0.8306874951175239,0.0,34.843188313609495
15433,0.5908164118429593,0.5262499496942232,0.0,4.339983198619331
2788,0.43714040153744566,0.8275008505048017,0.0,53.0428032546917
5680,0.4395622050058858,0.8219760360225893,0.0,48.81305179072145
5788,0.40239400089039473,0.9103235686318065,0.0,31.86132490211324
6424,0.4766183540108476,0.7410392047550793,0.0,60.07049618913908
17192,0.44670897592772457,0.8058479569649074,0.0,10.972022452278985
12728,0.4685734321003925,0.7580624508443939,0.0,10.81053895707381
10835,0.47591261266723967,0.7425210284383728,0.0,12.944740210488217
8524,0.38139202794393,0.9639274881215012,0.0,90.79715680362058
17686,0.4648532783350592,0.7660334536472292,0.0,12.544946222461732
10274,0.39439080660195697,0.9304129663581013,0.0,35.05884639264053
845,0.431828297556825,0.8397272291051349,0.0,50.55157983279015
8122,0.45366182954742207,0.790403227331695,0.0,52.589481625057395
1321,0.4520069930485989,0.7940576279231281,0.0,47.89358776680072
17177,0.3885527864129731,0.9453262460413833,0.0,16.379350208076065
10349,0.4032275402937056,0.9082542602577456,0.0,35.13127159923176
11926,0.46995966587380666,0.7551084052503201,0.0,5.728251976240592
7526,0.4796347965292167,0.7347303052304095,0.0,42.055963904609065
7647,0.45208628921654376,0.7938822120236769,0.0,25.547129825195555
1634,0.550040514847298,0.5977633401099088,0.0,13.724645741654824
15231,0.5242236272902996,0.6458369160633793,0.2,9.276478312291152
15360,0.5162993881104251,0.6610684722407085,0.2,7.4913604108301115
3453,0.4768430133034807,0.740567954834543,0.0,44.78954956938804
6665,0.48674058648392715,0.7200239744465213,0.0,34.59715142282065
10037,0.4920155697737386,0.7092449171089668,0.0,9.33993988771043
16438,0.3644406476908123,1.0093915729159855,0.0,2.5063191354876078
11316,0.4709910212292611,0.7529162483549381,0.0,12.523933349143963
7398,0.45257026708530407,0.792812241521475,0.0,27.39166233969921
8487,0.49967286705060737,0.6938016605840654,0.0,56.20834110875513
1566,0.46105458849502595,0.7742388297744662,0.0,31.081815222227604
11279,0.4628839791135855,0.770278841365437,0.0,12.988827293092497
15729,0.5289882923698443,0.6367889789947488,0.0,1.4658245503532743
6359,0.4786130767304655,0.7368627810009235,0.0,59.335876564462744
13984,0.46159169736300865,0.7730745505986037,0.2,11.65255303441488
9573,0.431828297556825,0.8397272291051349,0.0,50.55157983279015
9788,0.4773273683405067,0.7395527167010895,0.0,51.87962138387959
2891,0.3995195105577129,0.9174926775272331,0.0,64.14191294593059
20822,0.4569064818075907,0.7832765440228607,0.0,12.252011856979658
20332,0.49371424128706304,0.7057983880992023,0.0,47.32378138357008
5876,0.4474587500674997,0.8041709241360495,0.0,35.777562696918416
20162,0.49696579905396576,0.699234070034107,0.0,8.219496573271917
12135,0.5378132748096853,0.620243851908523,0.0,8.559364978884428
13032,0.4596347899496813,0.7773230397242136,0.0,13.42942055877572
3425,0.4800356389980473,0.7338949299238418,0.0,50.014937794557625
15837,0.5547364288584176,0.5892621809956332,0.0,5.883782955916388
19422,0.48116049590090665,0.7315543932206116,0.0,27.88685199052069
12063,0.4273009856204019,0.850266629710896,0.0,15.706123666057088
16572,0.5616674261652086,0.5768453726417756,0.2,7.3314164440308645
17628,0.4338099854337495,0.8351486623348072,0.0,40.75232948427626
9154,0.5309710855162882,0.6330477121111566,0.0,39.296439627162506
1765,0.4317712692655267,0.8398593002491513,0.0,62.821478221683705
1064,0.49487163062738215,0.7034568821117163,0.0,30.873315985603817
14969,0.40352027784977607,0.9075285376407518,0.8,16.34050407360214
12303,0.5400088063069665,0.6161698315809268,0.0,8.670125467475586
10448,0.4874778295562664,0.7185104674116829,0.2,49.16767150425346
7419,0.44914762103617284,0.8004036679119028,0.0,66.23540342969255
17650,0.42489350065313797,0.8559167281583119,0.0,62.22728867158276
19884,0.4108475929787478,0.8895329532596881,0.0,15.519383273131881
533,0.45198698273963955,0.7941018988131973,0.0,12.217259409625711
18495,0.4496316560761116,0.7993265734593263,0.0,11.767286468297119
13533,0.483487120016793,0.7267306034988508,0.0,15.173408059760956
18118,0.49888707861366083,0.6953755042026828,0.0,20.61231950719005
960,0.44684064419737496,0.805553248607055,0.0,15.470645468626998
18500,0.48112963504659045,0.7316185336567114,0.0,9.717357411473794
15406,0.6096036517332111,0.49494628425164033,0.2,15.35001669237018
14188,0.5088222806033306,0.6756564774210331,0.0,19.658224746628473
11515,0.5048176352359562,0.6835580332703494,0.0,5.126685086554685
18775,0.5010813428157095,0.6909868301667784,0.0,8.87821332440068
5790,0.38635782523884293,0.9509913305334443,0.0,33.379794250626276
18058,0.4624579679316726,0.7711996063072429,0.0,17.695174731368247
14545,0.42192610323855617,0.8629250910889217,0.0,20.65721740576086
6955,0.4670403238600765,0.7613396784454396,0.0,61.3753936472017
6241,0.4395622050058858,0.8219760360225893,0.0,48.81305179072145
19512,0.4438848561655591,0.8121900831429717,0.0,31.582823312843814
3372,0.47197584601265036,0.7508274684080122,0.0,39.89521913780025
6189,0.47182348861846346,0.7511503281302431,0.0,61.66944079332851
10506,0.48177953694595305,0.7302686617955828,0.2,8.651127817570156
5625,0.38963339578378714,0.9425489927564756,0.0,32.72200147421532
19834,0.5091384783160893,0.6750352398730087,0.0,19.039368889117107
3480,0.4339314841840209,0.8348686278883288,0.0,57.56836457995876
2333,0.36924310380367564,0.9963000339707091,0.0,28.554457648097962
18776,0.5010813428157095,0.6909868301667784,0.0,8.87821332440068
13700,0.4685237032511299,0.758168584664322,0.0,65.89053575112152
20194,0.5263117780042865,0.6418615079932963,0.0,7.977888827013636
11449,0.40585974904324584,0.901747624766808,0.2,34.03421129291311
18599,0.4496939088499787,0.7991881302160908,0.2,25.43016301092237
3789,0.4465856996406966,0.8061239605977112,0.0,74.96952833558714
16796,0.3926335624162788,0.9348785132330621,0.0,2.1217066903844843
14578,0.4971439768205892,0.6988756030461435,0.2,21.588267618035268
4156,0.4146059312782329,0.8804267730571418,0.0,43.48427778392237
17878,0.4477608846857061,0.8034959285976391,0.8,40.60386510706971
48,0.4481905524157171,0.8025367967850044,0.8,66.47011080600498
19888,0.49904360875991477,0.6950617947446649,0.2,21.553865088393913
10028,0.3825445599069717,0.9609101360119205,0.0,7.433024229084239
11306,0.43967979257960677,0.8217085611413962,0.0,13.458558970411866
1333,0.45185944410898604,0.7943841118699987,0.0,40.640691042055735
13096,0.4338174005794148,0.8351315694080854,0.8,6.707149819476039
13509,0.48844324476616036,0.7165319969180965,0.0,9.471837052197785
11331,0.4369161403817739,0.8280140007412851,0.0,12.867338132175107
11942,0.49394594622087185,0.7053291883866083,0.0,3.9444126288718024
7245,0.5135238858830989,0.6664587348567954,0.0,38.514648355197096
4409,0.44245511742576704,0.8154162492247663,0.0,36.44706954164103
11873,0.5416835096312792,0.6130733786659391,0.0,10.324461866249521
17754,0.43391392058915507,0.8349091042099678,0.0,46.46686517562961
9807,0.5293703476814586,0.6360670019375363,0.0,9.775205394647948
9800,0.45447091402472156,0.7886213629575729,0.0,55.5465452787474
19273,0.4658634984328337,0.7638626095844201,0.0,28.961851541730393
20995,0.514257864731978,0.6650304569695594,0.0,11.083729537746052
15823,0.49594450560080017,0.701291242386031,0.0,8.978631757541859
13387,0.5231312881827251,0.6479228173896621,0.0,10.11439904941103
208,0.49893461138151973,0.6952802311326113,0.0,22.5201262620199
14755,0.42096385389788654,0.8652083067104761,0.0,30.11357537909874
7737,0.5327700943158883,0.6296652906182615,0.0,18.315074240957863
15748,0.5338986924772251,0.6275491724821324,0.2,2.766079796781681
17242,0.4630577910662519,0.7699034139675043,0.0,55.6447674823323
13127,0.5288864385144276,0.6369815421645796,0.0,8.410703976574748
5255,0.48194269959335256,0.7299300525101016,0.8,49.82502694363835
2823,0.41602957393179846,0.8769989300655243,0.0,66.53790788733542
9924,0.5078407679451662,0.6775873294658761,0.0,48.437330660434625
1331,0.4865701860246535,0.7203741204961236,0.8,34.72923568959591
6902,0.547100546697841,0.60312267864793,0.0,17.261370418699236
14500,0.5184262359984486,0.6569575256597844,0.0,7.325897376199968
18215,0.5036191967651452,0.6859348584654933,0.0,14.610411961988245
10569,0.4678604077572202,0.759585301580068,0.0,12.314777136505047
4274,0.48386271911291984,0.7259540506948731,0.0,53.0164234360722
19734,0.36109470294849566,1.0186150200156912,0.0,8.364917192628889
7541,0.4985625316562908,0.6960262578156607,0.0,51.07788841667476
4595,0.4880526265942328,0.7173320375618291,0.0,50.55756441539373
11134,0.42096385389788654,0.8652083067104761,0.0,30.11357537909874
9442,0.5148700005097318,0.6638408363779509,0.0,26.76605725546719
19068,0.47897700757694617,0.7361026836065032,0.0,16.242104702894288
12223,0.5883487028291239,0.5304354748351907,0.0,7.379418168078015
15891,0.5657484075059805,0.5696058093094285,0.0,5.576441258824391
11954,0.5410456516054345,0.6142516199518918,0.0,5.147428499043374
13478,0.5409485357845447,0.6144311326004483,0.0,2.6095196240485223
21201,0.4514460056457732,0.7952995021008331,0.0,26.4911483950875
13523,0.525591467010825,0.6432310467022256,0.0,13.905690226093235
18459,0.5542908326746034,0.5900657612560075,0.2,6.966611385508907
18566,0.47680190562316366,0.740654166546107,0.0,32.131059030500246
7698,0.4540375785715304,0.7895753121822296,0.0,39.55377622760585
16178,0.5568678941151495,0.5854272411255257,0.0,11.859878380712306
19846,0.47195128458312835,0.7508795093521305,0.2,16.566466433793856
17053,0.4476381718356157,0.8037700250465127,0.8,41.305741096557995
14662,0.3879001089430261,0.9470074236828749,0.0,16.407565885416687
3824,0.4192034237735403,0.8693989786099451,0.0,80.65414696011779
13384,0.5357100369698924,0.6241622400939786,0.0,18.10382525010805
18796,0.4240471543870969,0.8579106167567909,0.0,32.62376738994945
16896,0.590243206291293,0.527220612966205,0.0,5.036063861448611
10650,0.502234509551954,0.688688117869333,0.0,4.8359678507115795
16779,0.3374299729024596,1.0863972778945188,0.0,3.939711146680164
16644,0.5007813283233558,0.6915857435906722,0.0,3.9157587690922178
6311,0.45528669341522315,0.7868279630398842,0.0,52.78042120144047
9643,0.5041910094768698,0.6848000956509422,0.0,32.22806228961061
6927,0.4495961287590111,0.7994055908511777,0.8,57.157499745859205
12350,0.5706389249063109,0.5609986250280243,0.0,9.173729994370369
17667,0.45159450709036825,0.7949706099994507,0.2,13.093166158971009
12132,0.5496663720417931,0.5984437810972321,0.8,6.785454540308024
14096,0.5095979177664749,0.6741332607480829,0.2,9.37382281068909
11820,0.49803936950098776,0.6970761498593165,0.0,12.843628194114629
4569,0.3908290128384131,0.9394851219621391,0.0,87.37211634247893
11112,0.3853340139903949,0.9536447520084246,0.2,35.03948176073227
4193,0.4514167534109249,0.795364300952187,0.0,39.60715426211837
18179,0.4909195703097037,0.7114749725288101,0.0,40.21789890412314
1073,0.42796411036126725,0.8487159412124129,0.0,60.44555036917824
8828,0.4974974224464348,0.6981649034091024,0.0,49.332329305067915
17721,0.4221916383888973,0.8622959486221662,0.0,15.819250318869155
11095,0.4500767228711901,0.7983372154811269,0.0,21.48165893010588
2188,0.44860999313931,0.8016013808639144,0.0,61.106069838445606
20085,0.4171294892221913,0.8743585796737772,0.2,24.316816781549576
18560,0.47274362606224635,0.74920205421612,0.0,19.252619959697483
14739,0.4492121941586895,0.8002599100956344,0.0,30.18300541458741
17727,0.5628290112458038,0.5747794070146592,0.2,8.989549574891761
3303,0.5024735333961217,0.6882123102944763,0.0,40.267303745509906
20462,0.4791929444398326,0.7356519559123449,0.0,50.116289496528495
8228,0.5453802664571107,0.6062719910053671,0.0,15.835823757491838
17209,0.4973978363999488,0.6983650974414554,0.0,6.292792840889696
2982,0.4339314841840209,0.8348686278883288,0.2,57.56836457995876
21017,0.66239643227964,0.4118910619768601,0.0,2.8018477079833586
1095,0.4759886408275855,0.7423612888430556,0.0,62.665315947092196
11117,0.5397608363965433,0.6166291330929818,0.0,2.1728376133948792
221,0.489467766441983,0.7144366691450816,0.8,30.224238055492236
16076,0.45525544932930917,0.7868965904750341,0.0,4.942969715332649
5775,0.4433855979575896,0.8133154632530413,0.0,69.42664061142727
9545,0.47795108143285925,0.7382468918264071,0.8,60.57168122839762
1653,0.4766063812823627,0.7410643252288611,0.0,44.789923972199325
2394,0.4517341973838446,0.7946613310096478,0.0,70.69307127908408
2107,0.4708634516646286,0.7531871385382605,0.0,21.99306501995339
6457,0.4981067188151709,0.696940930105757,0.0,16.179483798749896
15399,0.614319988971475,0.48723933191225993,0.0,3.7134949241046993
0,0.4858067556133379,0.7219443563490875,0.0,21.658330690472624
1741,0.5257132741536684,0.6429993210405426,0.2,19.43143842712066
16950,0.473286192759502,0.7480550147762441,0.0,23.131357828947017
11113,0.38354611679975437,0.9582954129932135,0.2,35.215152096544955
7034,0.41500388860119475,0.8794673886719773,0.0,72.18228324133106
13585,0.4948860752332768,0.7034276939461478,0.0,10.367117294344325
10428,0.4942299574273943,0.7047543692409601,0.0,23.77841292899066
12107,0.45300508376330667,0.7918519311265185,0.8,10.773145160495236
4309,0.5188874575880984,0.6560682640547455,0.8,45.15390127681003
2330,0.4009077351484202,0.9140239650612926,0.0,26.419861594344752
16406,0.48706963022579775,0.7193481882435282,0.0,5.431798425999817
16330,0.5152747770966419,0.6630549728439288,0.0,10.220991432587876
1543,0.48679315890333474,0.7199159711652632,0.2,57.58607974186445
17182,0.5047447937756995,0.6837023363036041,0.0,10.060508173296345
16070,0.5356427363342727,0.6242878768354612,0.2,10.295131039915688
1930,0.4708634516646286,0.7531871385382605,0.0,21.99306501995339
4255,0.48395580884454636,0.7257616804741664,0.0,34.12894136316102
16521,0.508443421543291,0.6764013350855673,0.0,5.762939684560992
10604,0.4236378179529145,0.8588763917306443,0.2,60.04404841483521
9866,0.4973817665648247,0.6983974057740299,0.0,73.36664960790159
8332,0.48431775580526404,0.7250140674218427,0.0,26.231009180578994
16042,0.49785200813769775,0.6974524185362174,0.0,10.806850878077475
10775,0.43189353124539587,0.8395761765636347,0.0,16.073937698860444
7853,0.47284139397866254,0.7489952660062975,0.0,16.122122815066533
10870,0.4515655138806252,0.795034813925842,0.0,6.30589839429258
2724,0.5070870908030399,0.6790725134110531,0.2,20.54805441653006
21135,0.48200093179735876,0.7298092317438644,0.0,26.068785256770603
17715,0.525423114829565,0.6435514079714386,0.0,12.331410902853449
7965,0.3878639615451487,0.9471006154128834,0.0,79.60380961577457
7269,0.4510015452205839,0.7962845132756078,0.0,56.615830716446325
6460,0.49602688950594176,0.7011251410130733,0.0,50.00494692037752
19730,0.49158920661611927,0.7101118571535001,0.0,11.264150146755924
2102,0.5019139402329235,0.6893266077858184,0.0,17.87079309571904
212,0.4846648728302444,0.7242976107391932,0.0,55.119047072062145
887,0.39727263251583017,0.9231325022094055,0.0,31.8536106001578
7413,0.431828297556825,0.8397272291051349,0.0,50.55157983279015
12818,0.6044000211255391,0.5035190136306426,0.8,4.37054495187921
106,0.44945661528576525,0.7997159474465828,0.0,66.6163378121655
13958,0.5148951774449102,0.6637919379771845,0.0,10.471649282026643
11698,0.5434181606051317,0.6098761622223671,0.0,6.226835930366914
11847,0.4619893788081278,0.7722133777574599,0.0,12.895962893041535
15083,0.4678979322400724,0.7595051003544557,0.0,12.31347687408892
1013,0.38795802677082947,0.9468581236362688,0.0,79.08632622151018
16710,0.46769167453557886,0.7599460152734359,0.0,12.335824475646325
18716,0.5156560836607983,0.6623152402468002,0.0,4.494471229157648
12356,0.50934230425642,0.6746349850100017,0.2,9.31873286264912
18966,0.5405015201444459,0.6152578294286684,0.0,2.542552865696632
16831,0.4647115516311333,0.7663383849450908,0.2,6.869457272416072
17279,0.47341354257517254,0.7477859752662803,0.0,3.562056010594393
10112,0.42096385389788654,0.8652083067104761,0.0,30.11357537909874
5273,0.48532977941610045,0.7229266615520872,0.8,41.839383295073404
19437,0.4459398058409307,0.8075713005528165,0.0,28.264995519348577
16067,0.3758990357842467,0.9784346935010975,0.0,9.254524458901757
5624,0.3987735629640744,0.9193615345560366,0.0,31.723489588354287
17199,0.4944080860774204,0.704394017637815,0.0,9.114154621456628
16980,0.5267859545913708,0.6409609712160295,0.2,19.61340596371771
9216,0.43127836437930855,0.8410015403257229,0.0,25.112304101307984
7617,0.49771798692567243,0.6977216536748806,0.0,53.89899774638453
12517,0.44831249698100795,0.8022647518296081,0.0,6.9564378574497505
19107,0.6079469541336385,0.4976676473128926,0.0,14.332828812146728
4155,0.4606012580552428,0.775222560259198,0.0,61.32398027443513
17473,0.45625651215902524,0.7847001009620365,0.0,38.23255354278041
3604,0.4290421741966585,0.8462000567353305,0.0,34.77882104062327
12584,0.5477721307346971,0.6018958983383543,0.2,7.148717927824204
20204,0.5344108219539364,0.6265904063024368,0.0,11.320607919345548
9518,0.49512907952804686,0.7029367836838523,0.2,21.752378891763904
9086,0.5520273574648333,0.5941576733084308,0.8,14.886619552799438
4724,0.46252692238126186,0.771050513169746,0.0,60.62769973278365
12217,0.5669338046430947,0.5675127287310154,0.0,5.021068780852089
19079,0.5140618956748144,0.6654116011760238,0.0,5.94778123159038
12633,0.55609134040169,0.5868227169262459,0.0,9.054674421437177
20730,0.38959524586350947,0.9426469098972714,0.0,33.69302673126918
19914,0.48831581749020864,0.7167929154631066,0.0,8.930881212635615
8057,0.5460361666074105,0.6050700662232399,0.0,18.2277357449751
11017,0.3547379812684037,1.0363758429566285,0.0,7.5613984012562785
16432,0.47341354257517254,0.7477859752662803,0.0,3.562056010594393
19383,0.4525308299093982,0.7928993857666025,0.8,39.664791470507176
4903,0.41364871769523137,0.8827381733260157,0.0,42.0403987698937
9532,0.4644626219212635,0.7668741934574467,0.8,25.233997324984443
13867,0.45995742287334773,0.7766213527538255,0.0,8.301693652523195
16358,0.49442553350632806,0.7043587287306339,0.0,7.73597211379337
12689,0.4258122414634814,0.8537567776089068,0.8,14.443002843379384
3430,0.4429471969678764,0.8143047102446344,0.0,21.994371963250103
14572,0.4680263211039481,0.7592307429708912,0.0,12.612720862415703
17862,0.46183715951518295,0.772542918613904,0.0,16.571045456917375
4701,0.44135019706254086,0.8179166210165254,0.0,75.72272227135998
18915,0.5019578572959774,0.6892391124239803,0.0,19.392086358744393
11031,0.4679311839825069,0.7594340366487599,0.0,22.095734223339168
2118,0.5166173580702276,0.6604527982843665,0.0,24.77028290509486
4499,0.49076476687034526,0.7117903558649368,0.0,50.465935959297546
7262,0.45198698273963955,0.7941018988131973,0.0,12.217259409625711
5682,0.4721098992088299,0.7505434831921375,0.0,42.015426708620495
20577,0.4867288164864371,0.7200481559923505,0.2,26.245755835274323
11555,0.3944231490087188,0.9303309637349229,0.0,7.124009159608967
19421,0.5017888663316806,0.6895758327577368,0.0,26.426267378166706
1904,0.49511306314176534,0.702969132107723,0.0,41.05339838773679
11623,0.33921991545862573,1.0811066637613225,0.0,8.477551564541741
16601,0.5327319920025313,0.6297368105408642,0.0,11.688860455060922
6736,0.4514167534109249,0.795364300952187,0.0,39.60715426211837
18127,0.49658313346110866,0.7000043705180702,0.0,18.9001180039879
11885,0.4209343504243298,0.8652783946936012,0.0,7.793562680897511
14394,0.49827390453524895,0.6966053440501292,0.2,7.461688259715853
14005,0.42096385389788654,0.8652083067104761,0.8,30.11357537909874
3224,0.4594345489323816,0.777758787087327,0.0,53.6342467289398
6785,0.4610385425434856,0.7742736330953063,0.0,51.547270667663426
9523,0.46603728896738883,0.7634896288145364,0.2,38.97614496848573
11341,0.469844816138726,0.7553528172271741,0.8,12.797943381620016
14228,0.4862452078093324,0.7210422395030178,0.8,7.810690045663651
4418,0.41011686294532546,0.8913131283236009,0.0,57.13317356559667
905,0.4094673616695102,0.8928980817482155,0.0,63.04306524696058
16429,0.47396380764911544,0.7466243153729075,0.2,6.76068304753512
19325,0.47096750859479924,0.7529661712203771,0.0,12.29970243560824
18485,0.4645915949616972,0.7665965497227355,0.0,37.375798688268254
7938,0.4949107308382639,0.7033778744178548,0.2,19.98648294554502
13225,0.5771047062923256,0.5497315622259933,0.2,3.941712700497977
1535,0.48051627982372697,0.7328941701390224,0.0,14.537871507139386
10085,0.542223194687496,0.6120775639917341,0.0,2.6362793840909777
9481,0.4699909696754308,0.7550417979191438,0.0,48.096163103500636
15776,0.4558617005626195,0.7855658037088,0.0,7.33031068110556
5389,0.45439045075808354,0.7887984268530494,0.0,57.66905346867079
6715,0.4756477284324247,0.7430777650534164,0.0,45.476359788192426
14427,0.513525335859908,0.6664559112787655,0.0,4.265651337889023
2729,0.45204586055098084,0.7939716429007898,0.0,38.07490856035142
6085,0.48378998966578685,0.7261043720790022,0.2,56.69059940404178
14605,0.49843624614443716,0.6962795891443261,0.0,5.0206981191370375
19986,0.5652184950147822,0.5705429057510587,0.0,4.361943333014953
16065,0.5224535932687481,0.6492191157981386,0.0,7.108949194160899
20735,0.46367357899522715,0.7685744678683496,0.2,27.43849353189938
13066,0.3822357542792624,0.9617177029400014,0.0,28.713667818719742
16191,0.532954118924412,0.6293199393386969,0.2,6.828121281808235
13293,0.544222203712125,0.6083976528182641,0.0,6.211740058483004
17077,0.5078720858322558,0.6775256626532861,0.0,33.98604144228
13433,0.44670897592772457,0.8058479569649074,0.0,10.972022452278985
2492,0.3890556647174562,0.9440328486410425,0.8,70.82606590977403
17935,0.4712647408387168,0.7523352604147755,0.0,19.945159847781884
3958,0.4738596815915734,0.7468440315102326,0.2,53.81011474949936
2549,0.4518230962362722,0.7944645557672981,0.0,13.168253648613089
159,0.4928175369901328,0.7076162809712263,0.0,42.428671559192665
15247,0.4931828680679302,0.7068752445727801,0.0,6.248776932819595
10625,0.5510840711688296,0.5958679022144787,0.8,3.89608217861492
7180,0.4455033244036567,0.8085505699135781,0.0,22.2351406726234
19497,0.4113586483141754,0.8882898213650958,0.0,27.25495318951704
10332,0.45677638530106285,0.7835613179024864,0.0,24.9956057421844
21238,0.5463701453185562,0.6044586110935776,0.0,23.198518012830895
19168,0.5051226289001999,0.6829540496797433,0.0,6.459379038436831
7533,0.4954261858204825,0.7023369053898518,0.0,37.36783097887901
21124,0.5209704231063753,0.6520620083097466,0.0,8.817997621035097
20530,0.4689138110515608,0.7573362991690268,0.0,22.80339498571643
16898,0.43983162347487564,0.821363299228917,0.0,5.523667913154888
15951,0.5618572593080192,0.5765074483450128,0.0,6.0164316561557065
19235,0.4544132384298732,0.7887482781310194,0.0,29.432140915278065
18306,0.5034904735958939,0.686190487368165,0.2,50.232573266629856
20054,0.4903573580558221,0.7126208515343121,0.0,6.082896088682773
16537,0.5203632856627656,0.6532280850578486,0.8,7.701886155508285
13424,0.5224359549803679,0.6492528768562551,0.8,7.036927320666741
1274,0.47975772931556115,0.7344740330921437,0.0,23.94385235808545
8875,0.5282788903711133,0.6381309332647224,0.0,20.88921405562857
10585,0.6230047613192312,0.47320111765690387,0.8,4.296666112222307
6691,0.49180727771159394,0.7096683511973074,0.0,47.58326240634548
639,0.46877679415237483,0.7576285424727365,0.0,46.01835605132484
13945,0.5401714897506822,0.6158686162272686,0.0,9.639575256978588
17418,0.44377115547777896,0.812446265012774,0.0,12.024042167232237
15840,0.5260741396324308,0.6423131263053856,0.0,6.395029880010736
3646,0.5051932534489578,0.6828142428131843,0.0,53.327791321817834
15162,0.44008528709607836,0.8207867365440037,0.8,14.417117900216374
1291,0.42381107751676506,0.8584674949412548,0.0,70.43726057976485
18757,0.504688838920621,0.6838132001649286,0.0,25.859762100302966
7091,0.464923852828503,0.7658816441625389,0.0,21.885067105462568
20848,0.45780261915007464,0.7813171503134253,0.0,8.979678404957152
16170,0.5352625606119312,0.6249978849741762,0.0,5.972323621596115
6872,0.5054087540551035,0.6823877631351074,0.0,20.193219342675985
11934,0.47784201261517845,0.7384751186651098,0.0,5.24612695847398
14671,0.48142145076104703,0.7310121955044832,0.0,16.283295678855783
8222,0.551615017970236,0.5949049072366693,0.0,17.62316487502095
3965,0.4207026488241964,0.8658289921749235,0.8,71.74259082007423
18896,0.5075529037097921,0.678154329736061,0.0,18.65263556373733
11597,0.5094690147448111,0.6743862431935708,0.0,12.749946406430507
19632,0.4978766318338675,0.6974029598881756,0.0,8.015252239277851
19124,0.6107443942143267,0.49307674741391455,0.0,6.984432343426029
14346,0.48400887172489765,0.7256520424233788,0.0,16.348941360082296
15118,0.43184303456693607,0.8396931026740161,0.0,14.858789612279198
2921,0.4184285822682197,0.871249055304105,0.0,74.14765377638108
17004,0.41431484018930614,0.881129110628867,0.8,66.7984024480619
18436,0.4890112165989745,0.7153698519401193,0.0,7.556452231791135
101,0.4691150152220137,0.7569073055860941,0.0,61.30949175247361
679,0.42511178159167373,0.8554031291304152,0.0,51.65779770919312
16260,0.5232368541532934,0.6477210414244827,0.0,6.1403957939158555
11074,0.3912366601596786,0.9384426331475578,0.2,15.395151146194468
12952,0.48634720109935725,0.7208325045935849,0.0,10.704363655629962
9426,0.5439977371364498,0.6088101918104896,0.8,18.20951390536797
3135,0.48802167143695663,0.717395465432738,0.0,22.287324519575186
9273,0.38247748184527575,0.9610854984412546,0.0,33.63799244544391
12099,0.5623272035682546,0.5756713857536346,0.0,6.62022066166529
16686,0.5545384251225836,0.5896191777079022,0.0,9.216043025000848
12753,0.49242666074197666,0.708409741657548,0.0,6.100187096931493
16661,0.35829185777725664,1.026407379525427,0.0,6.737081222011183
4693,0.40155597222632466,0.9124083475250713,0.8,75.8348178554318
18000,0.5388424424177656,0.6183320654291988,0.0,8.354593923769086
15736,0.5311696750783497,0.6326737700278788,0.0,2.95271998895671
647,0.4798777611868725,0.7342238717066484,0.0,28.840312784367768
17573,0.5624317264168383,0.5754855275290889,0.2,15.786862875731668
4300,0.4829373283458148,0.7278683887260788,0.2,51.16005381514036
8981,0.41713896495858055,0.8743358633973983,0.0,56.91926337303998
12166,0.536324273795493,0.6230163124186274,0.2,4.435595929201833
2268,0.43160704243196346,0.8402397286970724,0.0,40.4869524811621
8154,0.4358247073311933,0.83051516388135,0.0,57.86116305611062
15168,0.42949192319845836,0.8451523428604701,0.0,20.485223953367395
14658,0.38958582153113674,0.9426711002498546,0.0,34.224616735526915
20597,0.4617127233582748,0.7728123922178072,0.0,28.82590164011515
1206,0.4108591779194349,0.8895047559973601,0.0,67.05531793104815
14477,0.45306681582094166,0.7917156680821424,0.0,10.677077170558812
1054,0.46261133706902857,0.7708680222022853,0.0,50.74239109021919
18473,0.46111612629424337,0.7741053668519903,0.0,26.72211614159921
2893,0.4359910455345545,0.8301335736087888,0.0,67.53966488877612
15189,0.42017790779054787,0.867077067416136,0.0,13.708487972779999
1561,0.45980738667001847,0.7769476018190284,0.0,65.6986932406121
8265,0.4447081146282131,0.8103371342107563,0.0,66.447645005282
11994,0.5966184555125402,0.5164774728969797,0.0,5.235273719806047
7281,0.5057324194107987,0.6817475649605235,0.0,34.84752532658723
11958,0.5166566255641278,0.6603767923178153,0.0,2.9129220790923886
14939,0.4590276565436094,0.77864481682914,0.0,4.742881767774179
20993,0.5141471231347653,0.6652458227037736,0.0,11.087319564997516
18498,0.48507307545214867,0.7234557283590362,0.0,9.498250392854251
6440,0.43956697265249556,0.8219651897289364,0.0,25.946153166441416
18892,0.4897743598908831,0.7138104839541597,0.0,7.2919314222556935
5798,0.38095460286436517,0.9650750635416376,0.0,46.24156519021176
7516,0.4699024727237702,0.7552301106531836,0.0,22.162229959516548
4465,0.48196367443060906,0.7298865320234131,0.0,46.214591270995385
1797,0.45064800269033967,0.7970687260535815,0.0,64.36927740102604
5035,0.4563719247841765,0.7844471773819801,0.0,46.28238346553682
17200,0.49098083078099,0.7113501931289896,0.0,9.258223346994711
16138,0.575844102843838,0.5519183097048658,0.0,6.074964554903089
342,0.45165662765443515,0.7948330611788065,0.2,61.43264196210634
18298,0.4130085901939369,0.8842868867363531,0.8,18.76898950830777
18032,0.36478501941707586,1.008447086819578,0.0,31.637001746113224
20497,0.5076226744156905,0.6780168742899063,0.0,9.11017361888666
3828,0.39630848066034224,0.9255623794175868,0.0,72.77234208170776
4175,0.48053416898757234,0.732856941783592,0.0,45.111009275139196
18936,0.5442670855038638,0.608315186610817,0.2,28.25715285372375
16144,0.502095503542406,0.6889649312844921,0.0,7.928608193998693
4943,0.46889711078877905,0.7573719145844471,0.0,22.516664507039835
1394,0.4722760482728615,0.7501916163178179,0.0,51.11805627801549
18422,0.5330269873407988,0.6291832231885288,0.0,8.919930583945495
15355,0.5112821193537209,0.6708337484567897,0.2,5.37136556351245
13642,0.41609855471838997,0.8768331363989613,0.0,5.805512345779693
17610,0.499463987415738,0.6942197807584515,0.0,16.661274738202835
6523,0.48128185327630274,0.7313022069444299,0.0,41.59647031211421
2576,0.4570109351786147,0.7830479601934306,0.2,48.60770272642538
6758,0.506898045247896,0.6794453897987103,0.0,18.71532396181266
20892,0.42568874757127595,0.8540468392639409,0.2,76.9069139662017
13462,0.5226026139876461,0.6489339240182643,0.0,9.49390291849809
20527,0.4753927586019642,0.7436139563934175,0.0,22.39021526254068
13211,0.43054956976754405,0.842692817102931,0.0,2.642684680663114
5230,0.5074229562010681,0.6784103900318111,0.0,47.18344081516128
14611,0.5412468738027605,0.6138797755661632,0.0,8.442381648600142
8025,0.500398655557478,0.6923501871286458,0.0,16.02444539802527
6026,0.4465241462699167,0.8062618011358246,0.0,61.69918556217686
1322,0.45185944410898604,0.7943841118699987,0.0,40.640691042055735
20979,0.4430418317957921,0.814091084962146,0.8,29.6410562792513
17580,0.5311464863636933,0.6327174269268354,0.0,24.349495777969032
6435,0.4711460719977657,0.7525871014165169,0.0,56.51929016802364
2821,0.4978359088155001,0.6974847566251405,0.0,50.940799093689414
15688,0.5811812405870143,0.5426926248423433,0.2,1.2688153566226226
9876,0.485976305435536,0.7215954105180385,0.0,12.970677779328547
7572,0.4934169852167142,0.706400650638068,0.2,51.44009516388774
4235,0.4506213509663135,0.797127868692629,0.0,88.27633462775572
11027,0.3358143513736234,1.091196797391232,0.0,9.048313952678136
7994,0.4237271921506697,0.8586654455692594,0.0,58.61250514886494
10386,0.5253505666189229,0.6436894932928323,0.0,3.1395956938355325
7520,0.4727179374076746,0.7492563951974367,0.0,21.016641313650837
4009,0.5014186102787358,0.6903139773158441,0.0,45.698787141646065
8075,0.4442959890439511,0.8112642966660982,0.8,63.59906490850609
19535,0.524911523071586,0.6445255580755587,0.0,28.94564394416149
19111,0.5580169988433499,0.5833658531878695,0.2,18.590118869111123
4222,0.5027421713274126,0.687677822151436,0.0,44.69905843984334
13374,0.5244176370734593,0.6454668947949695,0.0,9.669093788557348
2130,0.5166173580702276,0.6604527982843665,0.0,24.77028290509486
10531,0.5174713447273778,0.6588011278832093,0.2,24.89833316532676
18985,0.46363033008870913,0.7686677466869241,0.0,5.262683941012104
8435,0.5092612447471634,0.6747941431231008,0.0,48.61891749719234
13120,0.4685734321003925,0.7580624508443939,0.0,10.81053895707381
3227,0.49923419672352387,0.6946799612212152,0.0,16.3770806157889
20141,0.536668144593256,0.6223753557750531,0.2,10.712946887369831
20510,0.5018965184216133,0.6893613191422537,0.0,4.675248511127745
16986,0.48067908959192807,0.7325554049411478,0.0,27.214434411354482
13882,0.4690242166648454,0.757100877189041,0.0,11.686988106616564
13349,0.5506365499841912,0.5966803063769491,0.0,9.463647346035193
7675,0.4962182141739593,0.700739501074556,0.8,31.007722922549107
12528,0.48052795982060736,0.7328698632519943,0.0,8.781305318437997
20061,0.5424677628231604,0.6116266187006069,0.2,4.818853420406889
12991,0.4450194974602998,0.8096371832581972,0.0,22.02779866577157
20907,0.47568894608457735,0.7429911129705471,0.0,20.242793496425513
10850,0.3825445599069717,0.9609101360119205,0.0,7.433024229084239
10420,0.6353608472564974,0.45356217809388766,0.0,1.6655869105400471
6760,0.5086453226876939,0.6760043173263991,0.2,19.026140531225806
1257,0.47747845911623693,0.7392362318773766,0.0,51.08122249474175
18292,0.4410382519038351,0.8186236682859376,0.0,8.451061177234553
4321,0.5031682684568416,0.6868306350897222,0.8,47.85835886265592
14225,0.49429507967349917,0.7046226128488507,0.0,8.145437532209007
19083,0.47761818885813034,0.7389436337551097,0.0,29.602081573591217
18017,0.4525270373372123,0.7929077666057138,0.0,28.346846623731636
1623,0.43153943416982665,0.8403963840599982,0.0,43.62077328875972
6190,0.47669514786920386,0.7408780954067467,0.0,55.68661895107879
14717,0.4809143458808597,0.7320660998253954,0.0,15.28663774407843
18404,0.5323255624972496,0.6305000172301042,0.0,8.935446200892034
3142,0.48424119227207996,0.7251721652505717,0.8,27.35349219215921
1513,0.4534281110993971,0.7909185421703322,0.0,47.26726696276264
18247,0.48415798012610717,0.7253440203048703,0.0,19.59879576067374
20598,0.4499004090896655,0.7987290338452138,0.0,32.18877945458022
15753,0.5225290651185005,0.6490746696692428,0.0,6.91394319437701
6503,0.47152119728889125,0.7517912207847206,0.0,45.65627762625746
6748,0.47935982246145376,0.7353037684591981,0.2,58.96951993186231
8195,0.5551884611491054,0.5884476532383961,0.0,17.079694033144307
7966,0.3878639615451487,0.9471006154128834,0.0,79.60380961577457
19014,0.5078239308281062,0.6776204843389004,0.0,59.73224414352387
16918,0.44546591483705983,0.8086345449038947,0.0,5.870686595497037
7674,0.48685402275256107,0.7197909487742938,0.0,49.66557546542627
8609,0.4785002772090969,0.7370984887599399,0.0,21.625733079100474
12004,0.5798702690447133,0.5449508745212848,0.0,4.86314109803464
13231,0.5441677731383124,0.6084976731694538,0.2,9.036191258998432
374,0.4486964346438855,0.801408712000377,0.2,60.27555043280687
457,0.4513337774922266,0.7955481300746113,0.0,46.50376133065299
15740,0.5634981337211876,0.573591257448895,0.0,1.320349715166049
13404,0.5615278372237188,0.5770939294987325,0.0,16.106547290021496
12723,0.4924121528933756,0.7084392040394144,0.0,10.751628144922723
1816,0.46348103077617464,0.7689898208629664,0.0,52.598904920412245
306,0.4440153786103327,0.8118960806399841,0.0,18.519353811505383
12792,0.44704125955608714,0.8051043853707861,0.0,7.536582008643757
18140,0.43666162408643205,0.828596699415394,0.0,13.260862917642486
6492,0.4507066798893042,0.7969385282520246,0.0,63.627572217244804
20302,0.4364174707127886,0.8291559921105514,0.0,14.862620525985813
587,0.4547175140723753,0.7880789010298138,0.0,47.284734061788825
10368,0.508434550403073,0.6764187828825755,0.0,46.1283786922506
19862,0.44932927524879784,0.7999993075641827,0.0,28.49317449557529
3216,0.480916588619773,0.7320614363469548,0.0,57.172169309698965
8838,0.41937474376673406,0.8689903822447911,0.0,73.90763134693245
13202,0.46483903984721686,0.766064084185021,0.0,5.585756339970343
11643,0.4954852569506992,0.7022176795383035,0.0,9.1613076427639
20645,0.48125171264936506,0.731364834634548,0.0,9.598066486839652
20377,0.45055943555259914,0.7972652782218554,0.0,65.30399881749915
10552,0.4875908020126362,0.7182787453498347,0.2,13.966534736823187
8036,0.3870150860713011,0.9492916046157522,0.0,74.04474516002867
19797,0.5109697571498906,0.6714448741895599,0.0,26.24443018771003
4122,0.45160814904382335,0.7949404020425465,0.0,25.60105103844559
1217,0.48855010548466415,0.716313242678055,0.2,55.9583870203864
9126,0.46532913973108964,0.7650102964077433,0.0,22.418625510550193
8208,0.5495315212107983,0.598689143342737,0.0,17.305110099409028
3563,0.4592990611757563,0.7780537316852318,0.0,27.999042377923242
18635,0.45462884020956085,0.7882739287278476,0.0,38.71016351865651
9916,0.5263626592925325,0.6417648374815355,0.0,41.12750147058951
16927,0.5274942171362067,0.6396173764669707,0.0,5.119177662793613
5108,0.4534923737960692,0.7907768258945398,0.0,53.92702238397801
14822,0.45430045701765326,0.788996500235218,0.8,10.730352704177243
8091,0.4699465695914559,0.7551362724605959,0.0,52.94260452311098
18350,0.48183696245339813,0.7301494743230792,0.0,16.79343790943082
16175,0.5569258621074805,0.5853231500546976,0.8,7.466147958547585
18303,0.4892009288235366,0.7149819765128343,0.2,52.368851378559626
20980,0.4225750473011686,0.8613882212103434,0.0,5.403057855772188
19381,0.4569064818075907,0.7832765440228607,0.0,12.252011856979658
9902,0.42035897935043176,0.8666462200245342,0.0,58.8041150906495
5960,0.5086421724615099,0.6760105107106666,0.0,49.031041516636506
16375,0.49442553350632806,0.7043587287306339,0.0,7.73597211379337
13474,0.4924121528933756,0.7084392040394144,0.0,10.751628144922723
19087,0.5569566824281434,0.5852678115078787,0.0,9.723347134774789
15828,0.46363854235864604,0.7686500338742088,0.0,11.58586229192084
6198,0.5035229915178193,0.6861259044741657,0.0,17.87220648138967
11832,0.4745259764596325,0.7454389175209448,0.0,8.051112966125242
4153,0.4552692518024048,0.7868662728503074,0.0,62.16243555517429
18351,0.490890001251956,0.7115352063228433,0.0,5.3491443239060885
5433,0.3400651733186427,1.0786179935100861,0.0,48.99621741767433
15446,0.5419429372299125,0.6125945649486454,0.0,11.914964171408013
1650,0.42511178159167373,0.8554031291304152,0.0,51.65779770919312
13439,0.5225747882755438,0.6489871699304867,0.0,13.431114217913965
16911,0.46223604631197607,0.7716795956237927,0.0,5.842386111021807
8753,0.4517429640544242,0.7946419244967794,0.0,23.91872071482571
21100,0.49820476975627015,0.696744102221023,0.0,3.4001109663411495
910,0.4032275402937056,0.9082542602577456,0.0,35.13127159923176
2042,0.38807064164697724,0.9465678898304278,0.0,73.95061639300218
13440,0.5200127984322287,0.6539018553398729,0.0,14.846842199212464
20192,0.5262247964015186,0.6420267879561613,0.0,8.419731760304526
18315,0.4644414987946633,0.7669196731278082,0.0,11.663315992138081
15345,0.5210404701826595,0.6519275623517612,0.0,6.542093144155315
1950,0.4196726325703102,0.8682803178920661,0.0,75.1262202237871
11686,0.5713687638601336,0.5597204566577685,0.0,4.388208332155713
19131,0.5491653457530814,0.5993557065819436,0.0,10.193543139963847
16289,0.43060751202851716,0.8425582487128302,0.8,11.589388807468119
3565,0.4023088519070445,0.9105351970195324,0.0,60.140849068456895
13517,0.44681282840917,0.8056155004508996,0.0,11.250017616095256
6253,0.4519817352990418,0.7941135085967951,0.0,12.217438026171166
15672,0.5886300873038639,0.5299573277649803,0.0,3.796349481196205
11707,0.5284302232640863,0.6378445102708165,0.2,7.053284650537915
1657,0.4771802185179832,0.7398610428489697,0.0,50.84694904085708
15894,0.5657665440343862,0.5695737522369478,0.0,8.057475149029774
2626,0.42347876019819625,0.8592519191626173,0.0,75.88912596043355
8628,0.4858067556133379,0.7219443563490875,0.8,21.658330690472624
11717,0.481235792837891,0.7313979151917184,0.0,8.58562367513106
16913,0.4575086827166897,0.7819594158309375,0.0,5.920214628378774
5287,0.48180818616920995,0.7302091981420346,0.0,39.471458428409846
11204,0.5733130896616339,0.5563233071958242,0.0,3.9240262796515513
13410,0.4676131623168723,0.7601139011129985,0.0,9.885281370962677
6166,0.48502227206751286,0.7235604673103406,0.8,53.63392239954314
2380,0.4418974213947743,0.816677502131139,0.0,67.51881498099387
8260,0.4770366561005185,0.7401619438754902,0.0,59.286970575029265
16238,0.5092914591630069,0.6747348149887071,0.8,9.569427079837332
1228,0.5001445378648741,0.6928581466045354,0.0,59.256694045570526
8833,0.4098632555031476,0.8919316980780582,0.0,75.85879024104895
9502,0.4743610909577577,0.7457864520362654,0.0,58.53864331405252
5759,0.5529620697688713,0.5924658697419074,0.8,18.247948336035165
10718,0.4779704217595809,0.7382064275693323,0.0,6.556380214678949
8824,0.49677496870840576,0.6996181346797297,0.0,43.72963492426067
6006,0.4614045269175003,0.7734801220259839,0.0,44.215988933165065
17836,0.4895407452777421,0.7142875819103525,0.0,14.036465288469083
20182,0.4904707326985707,0.7123896700575125,0.0,22.408715687903037
6836,0.5188842652828287,0.6560744162849506,0.0,42.76949029663483
10153,0.4787622210531057,0.7365512118092137,0.0,13.2115192885217
20389,0.4844943770242381,0.7246494534477899,0.8,26.191004941646185
20570,0.4640197881243171,0.7678280808455826,0.0,3.864095113419852
6531,0.4783033469033097,0.7375101308223341,0.2,56.954221540781475
17645,0.4288527146133036,0.8466417415825215,0.0,61.63552137095311
8241,0.4876012215610679,0.7182573761257636,0.0,69.93528696046727
16493,0.39582099531560755,0.926793201956228,0.0,13.986236726895019
5323,0.3765013953486292,0.9768335256437995,0.0,39.073333573103625
18696,0.5315609025850431,0.6319375015274898,0.0,22.545636078911755
5762,0.44097349975639344,0.8187704965961865,0.2,56.08168741317613
7538,0.5028827753425482,0.6873981870518546,0.0,49.63358211031087
7518,0.46689470594306115,0.7616515158078866,0.0,22.838121166374677
15478,0.5673459556459219,0.5667860102698469,0.2,6.9034536429237825
20285,0.5823539547233962,0.5406768464830717,0.0,10.243122047083286
13641,0.4198019308422757,0.8679722721724618,0.0,5.746844562223421
19661,0.46349258617218525,0.7689648894176698,0.0,5.809529974219956
12447,0.4203966740789273,0.8665565513357373,0.0,14.463263377869293
15142,0.5666223138951392,0.5680623102659772,0.0,8.360456899650517
14128,0.49717593205107746,0.6988113274941523,0.2,8.951074304535611
16995,0.5375908073379199,0.6206575893652281,0.0,15.150251661700384
15836,0.5573916167258943,0.5844872040081112,0.0,5.87827555714539
15359,0.5162164356463619,0.6612291525176265,0.0,5.303110603099945
19022,0.45223555352603895,0.7935520987746194,0.0,70.86420181514131
3245,0.5504589069170952,0.5970029724410472,0.2,17.625020846011072
17758,0.4502338315440765,0.7979882055229283,0.0,19.033773920225045
13801,0.5664126700034939,0.5684323674963662,0.0,3.9886900354786663
18713,0.5299599738845902,0.6349537962602931,0.8,4.078943202920141
14037,0.5262127554512261,0.642049669979464,0.0,6.424172221317609
20770,0.4657240524690152,0.764161982337362,0.0,26.887804140172488
4006,0.43599632133305727,0.8301214729781987,0.0,62.25537381207144
4310,0.5188470102148125,0.6561462172779665,0.0,47.714948715415105
4279,0.4461639866035904,0.8070687115731993,0.0,48.859940537534946
2574,0.4772613851350031,0.739690960956259,0.0,43.10179263352485
20627,0.4817517664129608,0.7303263050354093,0.0,31.41863797694016
16960,0.47989447912455446,0.7341890344046688,0.0,14.470866596300334
19516,0.4712007380140553,0.752471080402236,0.0,28.783900404949442
19146,0.4963698234411047,0.7004340183111556,0.0,8.809218470115265
11350,0.4790873006744188,0.7358724420725896,0.2,5.489608621378487
4019,0.4314163317023527,0.8406816882973123,0.0,45.74569163141918
18449,0.5362726780092132,0.6231125196402362,0.0,6.238883231797062
16418,0.4043785303969188,0.905403883262656,0.0,2.33155082172689
16919,0.5560533998755552,0.5868909464017366,0.0,4.689611140199131
21198,0.4516101784649451,0.7949359082871388,0.0,27.699542694646098
3740,0.4313666148170292,0.8407969360211555,0.0,71.2112962397209
9653,0.46113829558379743,0.7740572905532327,0.0,57.68313646240631
9149,0.4986564701484692,0.6958378568881087,0.2,46.22450904542992
21182,0.45729775025307123,0.7824205679605127,0.0,11.87597035499753
19761,0.4992790894379072,0.6945900421083987,0.0,14.20506076833296
14707,0.4976944782421998,0.6977688877297064,0.2,13.053511121172464
7298,0.42098790514454343,0.865151174585256,0.0,49.32659369093199
12803,0.5093599487239607,0.6746003439409537,0.2,7.211477715329736
5281,0.4489466546380219,0.800851207567702,0.2,56.824398899368646
6094,0.45769692607309337,0.78154804737504,0.0,84.06526184577774
19615,0.5051958681281186,0.682809067224681,0.0,17.985191586063966
16781,0.3411869766733465,1.0753246332802189,0.0,4.036607420684326
5186,0.39609021991876714,0.926113265598837,0.8,61.711555898728136
9678,0.5057458743796733,0.6817209603977602,0.0,20.95098946743535
12923,0.5275819749088632,0.639451023034829,0.0,10.483479655664407
20805,0.522170218808395,0.6497616545839251,0.0,3.567191567319984
8763,0.42511178159167373,0.8554031291304152,0.0,51.65779770919312
17063,0.4801099724509472,0.7337400920489151,0.8,11.038385704070194
10913,0.5086540946396553,0.6759870717607137,0.0,4.924565875797236
9846,0.5305792537836211,0.633785937583762,0.0,13.020910311901346
10465,0.4720865637155203,0.7505929125095109,0.0,26.12438654895631
16390,0.3912366601596786,0.9384426331475578,0.0,15.395151146194468
1617,0.46847431793273814,0.7582739964524389,0.0,54.97865403012235
19766,0.48528493110031384,0.7230190737426971,0.0,14.906123351630464
7960,0.5460361666074105,0.6050700662232399,0.0,18.2277357449751
3677,0.4117700754979648,0.8872901545908719,0.0,73.94143741774036
17578,0.4839935219085816,0.7256837568414801,0.0,8.19696073145322
11175,0.4332353745940195,0.8364741083849077,0.0,13.967445022382378
13443,0.4975664882816195,0.6980260865259837,0.0,15.050838669391851
8555,0.5230840672141774,0.6480130874632872,0.0,44.74530319494523
9780,0.4977902730252761,0.6975764291646706,0.8,17.45684987374159
10260,0.48456068901271815,0.7245125943756738,0.0,11.80774444904494
11918,0.42999806530322804,0.8439745695994694,0.0,18.120386563565102
9622,0.4947912113229495,0.703619400701282,0.0,56.95095601058257
9681,0.5051987076212462,0.6828034466617924,0.0,19.39912824384551
5715,0.45366182954742207,0.790403227331695,0.0,52.589481625057395
9146,0.4749266407358404,0.744594927430792,0.0,52.87368738748691
19778,0.49763850525772546,0.6978813586021907,0.0,15.056790844283487
15500,0.44627828209339754,0.8068125706564341,0.8,13.63916629150482
15428,0.5317787442316686,0.6315277704498887,0.0,4.007043721572699
18661,0.5008059924800125,0.6915364934531167,0.0,26.162554705125327
2302,0.4456047576082057,0.8083229135674296,0.0,57.47580348269843
8406,0.4880327205651632,0.7173728250383141,0.0,52.06333332446768
12463,0.38156603617403095,0.9634713471058893,0.0,6.739101104444583
4032,0.4031124631890625,0.9085396909815775,0.8,31.798889184355218
18398,0.3878639615451487,0.9471006154128834,0.0,79.60380961577457
11797,0.4681700943735146,0.7589235995802098,0.0,7.905327201684327
7371,0.4753392324337676,0.7437265563032931,0.0,48.602532156675196
15700,0.5042166205504656,0.6847493005699876,0.0,1.3612816336951648
10853,0.44568883481857713,0.8081342502328445,0.0,4.913456468771273
1720,0.5455082791001409,0.6060372967386812,0.2,17.350545600750863
15707,0.5410928259684736,0.6141644326573881,0.2,1.4402155755459076
20601,0.4458758230173224,0.8077147894571317,0.0,11.338296665123226
10951,0.40362884903481583,0.9072595137836273,0.0,14.489841005915155
822,0.483453321946759,0.7268005107414915,0.2,57.444494258721065
1472,0.5230361111696818,0.6481047710872534,0.0,19.106127736892535
13858,0.4817090702081237,0.7304149359444035,0.2,12.38444082732418
2857,0.49802298945643186,0.6971090394558566,0.0,33.56928228477365
10178,0.4823196469512816,0.7291482167815135,0.0,66.3342579091063
1943,0.4974350780295785,0.6982902273218464,0.0,49.61002792147299
11345,0.45863516456023506,0.7795002334337608,0.2,12.92910306849829
19173,0.4416795847259943,0.8171705812214378,0.0,29.19872957551499
10217,0.6105696399851932,0.49336292152709527,0.0,2.0507123776801555
2104,0.47642134011329906,0.7414526479759014,0.0,51.77378432399047
1691,0.43076587417412904,0.8421905518465636,0.0,61.50938682560569
11937,0.483331222162829,0.7270531001841407,0.0,5.328644799179285
14704,0.4397058183481553,0.8216493703422003,0.2,6.597023418211904
7549,0.49198617876639783,0.7093046548226306,0.0,45.04439015634773
7401,0.4933430308418319,0.7065505439734631,0.0,42.49195197859626
15172,0.43363348232138144,0.8355556124620834,0.0,13.636267340389864
5760,0.5523042550624904,0.5936561978452298,0.8,18.72391702354703
11142,0.4980066411834463,0.6971418663366724,0.0,23.363315706942203
5200,0.3975798170409515,0.9223595674575883,0.8,32.28258486101558
10005,0.4375470311184709,0.8265710792627845,0.0,64.75275393510027
16747,0.49114865209503517,0.7110084432505782,0.0,22.434735875682
10529,0.47045193321023204,0.7540614862589617,0.0,11.020608449083749
7509,0.4023088519070445,0.9105351970195324,0.0,60.140849068456895
4698,0.4509841749332736,0.7963230289348346,0.0,58.139942467593954
3998,0.43804519388291524,0.8254331915475416,0.0,69.85640873354848
4382,0.459485767453375,0.7776473116522253,0.0,46.14170252492742
19634,0.49609943037926985,0.7009789078731931,0.0,9.095200928551332
13539,0.5078266428070876,0.6776151439609166,0.0,7.845258549465839
19349,0.461303708838982,0.7736986484789029,0.2,21.18050482704801
8826,0.5004600506207239,0.6922275023521756,0.0,48.22402958511751
2473,0.4606188012675181,0.7751844733502129,0.0,55.921807434349304
17577,0.5726987982203628,0.5573953580298513,0.0,20.292536544128644
2197,0.48617108039223655,0.721194699757209,0.0,43.43575168876132
8769,0.5621944237119151,0.5759075392499045,0.8,17.347485649439083
4264,0.4833219024574688,0.72707238260329,0.0,55.32657384173688
7094,0.451278113245829,0.7956714704538802,0.0,48.269407448297855
11769,0.4954900226705044,0.7022080612967525,0.0,5.092412758733024
19876,0.48786899521499444,0.7177083615970832,0.0,26.528293672828113
17218,0.5366542901479013,0.622401171773875,0.0,6.6067882959233595
2033,0.41164334253050244,0.8875979780139259,0.0,74.01235929280506
10558,0.3773065397554761,0.9746973191234549,0.0,7.171335367428375
931,0.49526870650870686,0.7026548222668265,0.0,58.397642707462424
396,0.5028796712781357,0.6874043596116334,0.0,19.17995673557462
7671,0.49519718684776093,0.7027992384684342,0.0,46.546395923014764
9559,0.5071865806259672,0.6788763339655073,0.0,29.337640875907702
15356,0.5141862497696462,0.6651697255237525,0.0,5.165122520764661
18642,0.47360106316626516,0.7473899505536591,0.0,20.500906571772184
20052,0.48496429841399313,0.7236800022716545,0.0,5.0892794641413035
10090,0.5251269234716652,0.6441152866158616,0.0,2.790629313408645
18483,0.4686068440341508,0.7579911477352199,0.0,36.956236559084545
17725,0.5467538341060725,0.6037566069101631,0.2,9.034009713055198
15982,0.577130165500537,0.5496874477934152,0.0,5.997364533242542
314,0.4440153786103327,0.8118960806399841,0.0,18.519353811505383
4469,0.4794728023423706,0.7350681071383021,0.0,54.7515456047841
7896,0.5097631066346414,0.6738091579706403,0.0,46.86005665728676
4860,0.5046438820798148,0.6839022824663353,0.0,21.987456815964578
15220,0.5748007557173749,0.5537318100297409,0.0,9.566713821704452
10230,0.41830148318411764,0.871552854797699,0.0,5.770551600396351
14854,0.4679311839825069,0.7594340366487599,0.0,22.095734223339168
3895,0.38497846658885404,0.9545678771965875,0.0,43.27056362118729
9274,0.38247748184527575,0.9610854984412546,0.0,33.63799244544391
12277,0.43777490344197867,0.8260504197896046,0.8,7.7041587958580955
10926,0.5099909342532677,0.673362329395745,0.0,8.258789040677332
11844,0.44932441560971886,0.8000101229408477,0.8,13.521771439747408
2087,0.4277050408525096,0.8493214778647658,0.2,65.63556277261972
13758,0.4629675521820123,0.7700983090320577,0.0,22.227348897809016
14486,0.4765111475586269,0.741264161494948,0.0,11.34801235271236
948,0.3989492197547676,0.9189211389766763,0.2,97.52786021559584
422,0.5022008154642287,0.6887552084761621,0.0,21.36656363594554
1905,0.49309488214947234,0.7070536647362115,0.0,41.783334483493356
6564,0.4289240398549327,0.8464754390068876,0.0,68.26824544752449
6599,0.46388009070436004,0.76812918535955,0.0,52.38256663099978
8461,0.41564518702362274,0.8779232984691159,0.0,68.56581161984491
1060,0.4806967672467456,0.7325186292000184,0.0,58.77729324218086
9118,0.423966362349476,0.8581011609787186,0.0,33.92503254175395
10743,0.4942299574273943,0.7047543692409601,0.0,23.77841292899066
13716,0.4740649217318098,0.7464110009870791,0.0,12.415725716976686
6165,0.488411825560737,0.7165963241788922,0.8,51.261715207195095
236,0.5155178059156859,0.6625834350630946,0.2,53.044777699958665
17494,0.4936341706293542,0.7059605814180306,0.8,8.172906087346735
14965,0.4073897787722237,0.8979848644285043,0.0,16.316159397702428
12934,0.43981813088247873,0.821393976421359,0.0,14.148716792887654
9163,0.5282682856290655,0.6381510076017498,0.2,42.40832394431078
12058,0.416097660698206,0.8768352849792299,0.0,6.883157530626894
7948,0.500996260823154,0.6911566413519622,0.0,15.879324098716666
9803,0.49344815214053384,0.7063374871466238,0.0,52.55151012149428
12249,0.5640121991800565,0.5726793979661247,0.0,4.975438725313413
4683,0.4210360413333219,0.8650368400962376,0.0,48.77510407674441
12967,0.4343839781675032,0.8338263937140874,0.0,13.360316613395833
7019,0.41917337142985556,0.8694706703453785,0.0,62.732310192126015
19650,0.460135270942747,0.7762347654614592,0.0,28.470740557555594
13733,0.47935117266489613,0.7353218130974714,0.8,12.462234054715584
15040,0.44665820457853256,0.8059616198581825,0.2,27.1391447431032
303,0.4496939088499787,0.7991881302160908,0.0,25.43016301092237
14495,0.506741856669539,0.679753563498853,0.0,10.737726657571034
16411,0.48706963022579775,0.7193481882435282,0.0,5.431798425999817
17981,0.4135561631804125,0.8829619498470322,0.0,68.16024744898304
4454,0.48031702056032194,0.733308933586921,0.0,29.970338129790598
552,0.3600641947266592,1.0214729447437039,0.0,46.05309898536339
1423,0.45028978542439735,0.7978639358661673,0.2,65.35303486505339
10485,0.33713298023524535,1.0872778263593361,0.0,47.38084051928075
16363,0.49701969253639233,0.6991256308608286,0.0,10.273196550088926
635,0.44255808456714,0.8151835585900826,0.0,57.16474704612955
2227,0.431828297556825,0.8397272291051349,0.0,50.55157983279015
13128,0.5507301197266453,0.5965103906799292,0.0,8.734701441379599
1569,0.49087727304208045,0.711561135502211,0.2,39.855960345673694
18626,0.4720089474868271,0.7507573370363667,0.0,26.130109344663698
11042,0.49723982804992173,0.6986828178677045,0.2,4.760300587567651
20226,0.4803976284797825,0.7331411253418187,0.0,3.712993472607536
7642,0.3580238771261522,1.0271555989224015,0.8,47.285103921373604
2276,0.4811798692977542,0.7315141301337647,0.0,50.2367323288353
8543,0.4228769374428302,0.8606740702947627,0.0,66.02015992433186
12814,0.6262180273373428,0.46805668203831774,0.2,5.8195828918210095
18059,0.4619149680405918,0.7723744567002113,0.0,17.540623941125546
13494,0.48462137187808446,0.7243873694713049,0.0,9.350029819468348
19773,0.5226200543625125,0.6489005524211949,0.2,11.1425955054401
12035,0.4841747535607625,0.7253093763564143,0.2,11.831790083697552
3628,0.42099996016658714,0.8651225399159427,0.8,49.324961085278574
8984,0.41676873315931245,0.8752238077692498,0.0,63.383709894780274
4268,0.44804297467206794,0.8028661255604242,0.0,55.61453994778474
10549,0.5147836790850902,0.664008507171645,0.0,5.614191719164464
4395,0.5172772011120512,0.6591763757990152,0.0,59.645574766503216
14157,0.5248461828736161,0.6446500443216404,0.0,13.1089589832651
10747,0.511752733115185,0.669913713731629,0.0,16.01177571254206
11412,0.5175172891647901,0.6587123453865944,0.0,18.725214616064086
4069,0.4774751499352683,0.7392431624359656,0.0,43.12744902930265
11589,0.4466479936373768,0.8059844808686101,0.0,11.314007457651792
2778,0.4980919723993699,0.696970535476517,0.0,46.73187387195414
1467,0.4878994791854036,0.7176458796226829,0.0,20.772259766670416
15637,0.5570470734769386,0.5851055300999133,0.0,8.192062484520875
19602,0.525423114829565,0.6435514079714386,0.0,12.331410902853449
5693,0.4646135524079726,0.766549289015363,0.0,63.489445447528134
14709,0.4809143458808597,0.7320660998253954,0.0,15.28663774407843
5415,0.4723101561806589,0.7501193986469449,0.0,56.21957523251982
8885,0.466801160990803,0.7618518914460017,0.0,51.96591681803553
1731,0.5395022335596766,0.6171083542375101,0.0,17.06613196017302
11466,0.42236127150113867,0.8618942375806528,0.0,15.040485813747976
5204,0.4974619526133359,0.6982362024671404,0.0,54.05814470092707
4020,0.42511178159167373,0.8554031291304152,0.0,51.65779770919312
11932,0.504641024364317,0.6839079453182805,0.0,5.4726312792986125
12181,0.5021437829934722,0.6888687799951515,0.0,6.664116430514848
3926,0.4876431065790634,0.7181714796651276,0.0,51.71552978486564
18394,0.48405599747534084,0.7255546816948166,0.0,9.967307751156834
2298,0.411520129881152,0.8878973417597678,0.0,49.97086131038067
1975,0.517627663143745,0.6584990922008893,0.0,39.180695985952916
14924,0.42302760886379487,0.8603178328842512,0.0,14.12581666173891
17635,0.42204922015877827,0.8626333363001684,0.0,27.70346775249629
7004,0.5479132964796496,0.6016382226547552,0.0,14.679972403269261
17304,0.5640250341389,0.5726566416980424,0.2,3.15425013518978
11146,0.540556520995351,0.6151560756858359,0.0,2.3496502847890417
4681,0.42099996016658714,0.8651225399159427,0.8,49.324961085278574
14239,0.571782695416323,0.5589962629021271,0.0,1.708851465340024
16426,0.38942207051062294,0.9430915094000017,0.0,1.874865953965083
13686,0.40592792681003853,0.9015796553112941,0.0,14.83549401917564
12593,0.3758990357842467,0.9784346935010975,0.0,9.254524458901757
13595,0.4949555379637506,0.7032873427431641,0.0,9.459214625754141
19034,0.4237467914970498,0.8586191920045204,0.0,76.91081150350709
9352,0.4222366675754474,0.8621892985104284,0.0,65.27980115259295
12222,0.5425275465453586,0.6115164178144971,0.2,7.473648142925876
9646,0.4997725079648274,0.6936022681669488,0.2,34.79247610794097
12661,0.3547379812684037,1.0363758429566285,0.0,7.5613984012562785
6954,0.4677282717619371,0.759867767580468,0.0,57.94751757893917
19199,0.5207982962737302,0.6523924594569338,0.2,8.81251774177736
20037,0.5018622769498586,0.6894295456363594,0.0,4.675711387588007
18185,0.5101988794304941,0.6729546696106401,0.0,46.517991536835495
1163,0.4440153786103327,0.8118960806399841,0.0,18.519353811505383
7651,0.5022421118606641,0.6886729810138837,0.0,33.86549594302089
6880,0.45208628921654376,0.7938822120236769,0.0,25.547129825195555
2213,0.4842563073230966,0.7251409518483188,0.0,40.69128573009341
5702,0.4359125339218587,0.830313666029001,0.0,70.73027078094276
14750,0.5198337885914701,0.6542461558256576,0.0,24.65422031320668
2906,0.4469800392454539,0.8052413402974999,0.0,66.02978990439499
1585,0.4537917915718272,0.7901167950066283,0.2,57.81284142983155
2646,0.4902672901477326,0.7128045465056912,0.0,46.37149999045843
14706,0.50962054742898,0.6740888548365308,0.2,12.610516917566562
18937,0.5440391415680099,0.6087340833027901,0.2,28.276611233385374
4934,0.47201251291079377,0.7507497833437522,0.0,20.886798097184318
1783,0.4941866202836273,0.7048420592792941,0.0,56.12657124450365
5599,0.41855324786302606,0.8709511621091985,0.0,69.26239249570003
15288,0.5043247214020078,0.6845349298794476,0.2,8.464274088075914
2719,0.4902624545083154,0.7128144098258886,0.0,15.529553017644401
10288,0.49920047122112127,0.6947475179747981,0.0,9.452040326579816
2277,0.4838260884911326,0.7260297581361845,0.0,42.28941794929568
15385,0.622199026492904,0.4744952591406794,0.2,5.4816063726193525
18255,0.5592279900093009,0.5811980356504782,0.0,6.026311737261293
5818,0.38741663481909777,0.948254589284509,0.8,30.655837750656715
11108,0.4592603764329781,0.7781379608406184,0.2,12.002777823339482
14134,0.45916479814204303,0.7783460960135776,0.0,24.066461348122917
3500,0.4258505045497012,0.8536669225895939,0.2,79.71328840473844
3745,0.44036997344301293,0.8201400566509641,0.0,70.61406075479962
9557,0.5072049115063156,0.6788401923367721,0.8,20.507762236389585
11418,0.5088883199375842,0.675526697237332,0.0,7.932101870830055
19636,0.49873536823080783,0.6956796480889843,0.0,11.708289087713274
12944,0.4571206693491172,0.7828078762263385,0.0,11.343278629370182
9281,0.5407121050366567,0.6148682951313397,0.0,19.06091714907153
723,0.45149916405130786,0.7951817576189308,0.0,39.91812180576819
15621,0.6681182484309939,0.4032901025021643,0.0,4.0099136168686815
18828,0.492474313887693,0.7083129742728442,0.0,20.073943760915554
21175,0.5128726864213687,0.6677276392289988,0.0,7.728279935871239
4715,0.4897987916370658,0.7137606015208781,0.0,51.26300227470874
8858,0.4544443697911303,0.788679771555319,0.0,50.51494177497783
787,0.47747544797420083,0.7392425382383722,0.0,38.229927977796876
8952,0.5037231470891289,0.6857284731686042,0.0,52.02690257073297
7234,0.3810486304428215,0.964828273043058,0.0,44.39657239519187
21084,0.522406791577826,0.649308700381174,0.0,11.077530557746801
6964,0.4708623338057027,0.7531895126028623,0.0,21.123198501816084
4044,0.4721179160149194,0.7505265025314104,0.0,45.13666340415399
4929,0.4667023850265158,0.762063515633349,0.0,22.903820648444437
8879,0.5312370754839076,0.632546887540333,0.2,20.911049655407027
10341,0.5073872051663987,0.6784808485984382,0.0,15.690888080160308
8351,0.40706484307346036,0.8987827866387486,0.0,60.21844670479615
17190,0.5217532595497408,0.6505604857041578,0.0,9.453131801221758
2174,0.4530342401092508,0.7917875711253883,0.0,60.23524007744989
13158,0.5502984676727953,0.5972944794509288,0.0,3.172679268504264
15380,0.5455478672985745,0.605964728157162,0.2,11.758744810186691
7478,0.4180716514258995,0.8721024462527386,0.0,69.76819570021908
9570,0.3556552548592914,1.0337934025447173,0.0,108.68889692326496
20152,0.41547164870828424,0.878340901170444,0.2,69.47150014246029
17693,0.44673255168017345,0.8057951818213175,0.0,12.81858897779962
13919,0.42339560019881883,0.8594483119300302,0.0,21.258452880887354
15537,0.4536510798381733,0.7904269230360943,0.0,14.1253240205621
6874,0.5020334030918989,0.689088621480394,0.0,20.199253257858704
12029,0.5864023580192133,0.53374910723904,0.2,3.796586751064849
9195,0.45599364011449955,0.7852764166823385,0.0,61.654012268298665
739,0.45088100964605393,0.7965518109954655,0.0,57.39155737450248
19552,0.5311067050475006,0.6327923268029346,0.0,7.200544457580582
15197,0.524288303299676,0.6457135488272582,0.8,10.528682290108472
20561,0.4965978320648861,0.6999747714736085,0.2,9.14167097605342
15013,0.48331219319363067,0.727092471412245,0.0,10.988185459604143
12605,0.49793147433047075,0.6972928131715156,0.0,3.254342154643076
10087,0.5556043527084399,0.587698833884184,0.0,13.05337849898793
9367,0.3707031117522595,0.992353774600473,0.0,44.91889300160574
1599,0.4964052337542326,0.7003626822861693,0.0,57.559305333819
2337,0.3859544520396171,0.9520359163772069,0.0,75.3488866692103
3553,0.48269389506181637,0.7283725838748156,0.8,52.75603202937637
11807,0.5332517690323696,0.6287616041821347,0.0,10.270506320376066
3031,0.451278113245829,0.7956714704538802,0.0,48.269407448297855
9292,0.4514167534109249,0.795364300952187,0.0,39.60715426211837
19406,0.45198145661363265,0.7941141251825402,0.0,52.994806760488004
20467,0.4587613541902802,0.7792251296411002,0.0,28.523537000065502
8717,0.4896819248567652,0.7139992316008525,0.0,51.28014092638898
14665,0.4659302556196379,0.7637193221098516,0.0,11.28624404891193
8818,0.5029165186574528,0.6873310895402168,0.0,45.19889260548226
20391,0.4635700826772864,0.7687977022190355,0.0,28.68384185920994
19138,0.49263803832050046,0.7079805767875261,0.0,18.72962610489937
11774,0.380466858123011,0.9663562063332632,0.0,2.959949197776355
20606,0.4623512406826262,0.7714304155347594,0.0,22.09762350258594
2686,0.4995794433643115,0.6939886477655698,0.0,16.32608399762767
7349,0.49442120734846284,0.7043674786363301,0.0,48.48514012096149
6117,0.36415200871267633,1.0101838921651547,0.0,45.37241044144889
6318,0.5109456443537708,0.6714920655638924,0.0,55.62606725217243
20469,0.42875092237783813,0.8468791291857286,0.0,39.79611970748902
9243,0.44377115547777896,0.812446265012774,0.0,12.024042167232237
12817,0.5132012429043374,0.6670872243723152,0.0,5.584187189574584
11281,0.44926578789786936,0.8001406111471598,0.0,20.067207501780832
4399,0.46176419866059526,0.7727009107045253,0.0,70.2848741302548
12422,0.4313891805426454,0.8407446252149164,0.0,6.340055125737285
10263,0.5297814826877569,0.6352906542692237,0.0,4.34475262460008
352,0.48447076738738976,0.724698185101326,0.0,43.11047996881011
9938,0.5037400803020857,0.685694857623147,0.0,43.202202621229205
16320,0.5238228003017816,0.6466018192155837,0.0,7.552309291603345
21024,0.42360018458495685,0.8589652295020135,0.2,14.719528943610538
4126,0.4511941327170055,0.7958575826128782,0.0,50.525022153887235
10807,0.4260699296845281,0.8531517919955581,0.0,11.337299867981432
3169,0.5232465234839961,0.6477025617602861,0.0,35.688410164676085
890,0.39109835357003175,0.9387962069712025,0.0,32.504880385867075
20203,0.4569064818075907,0.7832765440228607,0.0,12.252011856979658
12439,0.5890864002202193,0.5291824164106375,0.0,3.053647104626858
2551,0.4355544818344356,0.8311353887129275,0.0,67.35521266222281
16223,0.5094954529233503,0.6743343509453442,0.0,10.124625038012653
5274,0.48551405629927435,0.7225470394571472,0.8,41.08402786083931
9930,0.5252987811385015,0.6437880713399684,0.0,29.61425128163855
3360,0.49424085040958715,0.7047323291723876,0.0,33.76372578311546
14920,0.5890078216961475,0.5293158157987788,0.0,2.230325268546968
2888,0.4291942350209883,0.8458457002333509,0.0,57.37371539561793
703,0.40279912014728375,0.9093173024815163,0.8,72.89996994370367
17206,0.5394371822132048,0.6172289381101532,0.8,4.848950357670936
322,0.44684064419737496,0.805553248607055,0.0,15.470645468626998
14194,0.5120838641485893,0.6692668701907067,0.0,16.783540166981993
5486,0.4408121068199464,0.8191365559581121,0.0,51.83496026110678
7125,0.4030071146525964,0.908801062966483,0.0,31.808037203826913
247,0.3937496703165169,0.9320399261340304,0.0,80.25329741311666
10434,0.4503351597084565,0.7977631740910406,0.0,65.34478146806813
16215,0.5840012118996637,0.5378522209854062,0.0,6.458798449048578
16027,0.5289715339890653,0.6368206595564544,0.2,5.5670858159434005
14223,0.5390706230672279,0.6179086905575565,0.0,8.234869353595446
10781,0.3878639615451487,0.9471006154128834,0.0,79.60380961577457
2858,0.49599271249441007,0.7011940449167388,0.0,30.298594038889966
14437,0.5404268578434924,0.6153959741986506,0.0,8.13922705145918
1497,0.4904366632173534,0.712459135292198,0.0,15.77740787718363
13216,0.48583721687720083,0.7218816558852648,0.0,6.606299533920844
1545,0.5139438738051075,0.66564121442087,0.2,46.65146644249367
8174,0.4481348762499867,0.8026610288195343,0.0,70.10441131766565
3999,0.43810267337070374,0.8253019819880157,0.0,69.92783340777409
10001,0.438713382179443,0.8239089671050656,0.0,57.63242973462871
17764,0.4432487280055278,0.8136242037318183,0.0,39.71503144465939
8953,0.5046148569991595,0.6839598000870195,0.0,51.89271158159424
7524,0.44499940234144714,0.8096823398697265,0.0,25.28637987566165
18169,0.45639293659659097,0.7844011374579926,0.0,38.21798729235981
1452,0.45339893008300797,0.7909829006754804,0.0,47.27111318773015
5450,0.4448373834641199,0.810046494019571,0.0,47.36746750176155
14752,0.600532997036795,0.5099376897014882,0.0,2.170855610149395
17125,0.39212846394534806,0.9361657787319304,0.0,11.309351254218953
1493,0.3878463331271714,0.947146066448151,0.0,79.60762977542751
17646,0.42389003512800544,0.85828120850069,0.0,62.39919231125112
1909,0.4317880748834888,0.8398203785049121,0.0,24.522754091245282
3664,0.4273256460542526,0.8502089192840415,0.0,70.86491536829864
15068,0.44705497557745005,0.8050737040619403,0.2,26.75823430880432
15577,0.475011112702215,0.7444170800586004,0.0,17.073950051673382
14780,0.4583884309028886,0.7800383518955345,0.0,28.861808825066788
7514,0.43288326944593275,0.8372871728995835,0.0,55.26095341137252
286,0.43128395304008843,0.8409885820485826,0.0,62.275203859074175
17770,0.5194225249328975,0.655037613476073,0.0,30.131730219899364
1275,0.47997775842715434,0.7340155127638694,0.0,29.966183868594364
6972,0.4519554399271655,0.7941716882415853,0.0,10.784852980492516
20104,0.46544754313976633,0.764755877895775,0.8,30.752364738916242
10171,0.4911962292286915,0.7109115788303567,0.0,66.83279904451281
8012,0.4765696130921642,0.741141474024957,0.0,33.110491959388526
13078,0.4623778235973892,0.7713729221222624,0.0,11.501170151140764
14080,0.5864965814794648,0.533588439585108,0.0,6.502175586179981
2218,0.4444473260408218,0.8109237326454981,0.0,64.90633630336853
15560,0.5261412163329806,0.6421856301606841,0.0,8.624103374838201
10156,0.48333141860916606,0.7270526937417505,0.0,13.039689673970265
18881,0.4161074632439187,0.876811726975485,0.0,35.12332298182449
8431,0.47291330803886095,0.7488431883900116,0.0,48.884482423984736
17680,0.46410100799626525,0.7676530607997115,0.0,58.34163262077808
19908,0.6016205282703295,0.5081283841388997,0.0,7.399873760947663
9249,0.46240599889608625,0.771311988316933,0.0,63.34785148199806
9227,0.5073704068725476,0.6785139565912303,0.0,28.568829831674712
18091,0.4522574723575345,0.7935036322173933,0.0,12.998779944895702
4663,0.49075730699269204,0.7118055564963887,0.0,54.89800626010669
8921,0.42768283813851066,0.8493733904872128,0.8,49.276396730699275
16382,0.5085442811745137,0.6762029853291567,0.0,11.304762432197306
18688,0.5241953981322733,0.6458907669709812,0.0,22.163743245490977
17094,0.44195346728796736,0.8165506800755507,0.0,6.812482270917128
15947,0.4759747141001635,0.7423905478000332,0.8,11.46844914843097
3704,0.4226760425809074,0.8611492501367101,0.0,71.712205119144
1049,0.4951985821398958,0.7027964208228452,0.2,52.112355676396206
10352,0.4285643357210766,0.8473144105083107,0.0,50.893942135820375
9525,0.46821025799713484,0.7588378147310443,0.0,24.10030995905582
14189,0.5066532561450251,0.6799284222950308,0.0,17.852880563450856
9128,0.458457936030973,0.7798867340657121,0.0,22.93256846319209
17977,0.4160238330303776,0.8770127294235293,0.0,59.12819995741414
1745,0.5556256552927131,0.5876604933352023,0.8,15.869770008459387
20002,0.4947247055580293,0.703753821510257,0.0,8.565035745090977
5809,0.3600641947266592,1.0214729447437039,0.0,46.05309898536339
4647,0.4537308403535651,0.7902511194106918,0.0,68.4792067733027
4146,0.47658224792764375,0.7411149623304475,0.2,50.50698298654247
6225,0.464923852828503,0.7658816441625389,0.2,21.885067105462568
13113,0.481309711952529,0.7312443242925548,0.0,9.815127040448468
15773,0.4748015736298425,0.7448583019516899,0.0,6.645625541279559
1417,0.451278113245829,0.7956714704538802,0.0,48.269407448297855
9748,0.46542997504938843,0.7647936231201181,0.8,68.9461462912611
14118,0.6310130432685455,0.46042874586447385,0.0,1.6908025611198383
20677,0.47509503009711035,0.744240431595164,0.2,37.73968919273615
15708,0.5414754640144771,0.613457524713606,0.2,1.4342636924878915
8917,0.4709233963933134,0.7530598385469953,0.0,34.64075257316178
5422,0.47032246593113586,0.7543367218096563,0.0,63.43971715316561
10045,0.45175580178302743,0.794613506685733,0.0,6.172836217655495
20062,0.502865495161794,0.6874325498864976,0.0,11.101348035706938
19257,0.4122505336892311,0.8861240229665994,0.0,28.156591336807928
18041,0.4562838579592765,0.7846401676129926,0.0,39.58352863640462
8327,0.4442896588456154,0.811278544472938,0.8,66.56540395504817
13259,0.5418692359330763,0.6127305687669724,0.0,6.689180091380126
1766,0.45200795630229323,0.7940554968661251,0.0,13.05029409422005
16538,0.5682402973341265,0.5652108910382381,0.0,4.228907815596518
1698,0.49542605270003665,0.7023371740887369,0.0,20.100889172242617
16095,0.5307418395443972,0.6334795538454757,0.0,6.154253962270106
16128,0.46923427897475956,0.7566531065279701,0.0,21.027010961215346
2112,0.45160814904382335,0.7949404020425465,0.0,25.60105103844559
9664,0.5012501331680015,0.69065003468957,0.2,37.29510187323679
7722,0.5329931442687995,0.629246717434101,0.0,18.250042708967463
15825,0.4938180440296097,0.7055881615689462,0.0,8.895349864076731
16611,0.46371922897785756,0.7684760198703172,0.0,5.037359995113317
12372,0.5305792537836211,0.633785937583762,0.0,13.020910311901346
2918,0.4743610836918146,0.7457864673535906,0.0,45.38856770328106
7388,0.5385706496013395,0.6188365939600006,0.0,16.957051363759014
8330,0.4519554399271655,0.7941716882415853,0.0,10.784852980492516
6985,0.41364871769523137,0.8827381733260157,0.0,42.0403987698937
5451,0.5140189643006751,0.66549511868099,0.0,51.253106159030466
5891,0.48168128285094625,0.7304726225448495,0.0,68.6680768760256
596,0.4722893091951551,0.7501635379594712,0.0,59.30042996501364
19425,0.5054551009557136,0.6822960655233811,0.0,14.72053813421753
3310,0.4954728151158713,0.7022427902572719,0.2,56.57970407556456
9129,0.45703248469366725,0.7830008081334998,0.0,23.098523839938245
10108,0.4387197105594321,0.8238945423471175,0.0,72.01662496375346
9508,0.454421022724093,0.7887311478476383,0.8,33.73008705630096
400,0.4965488394422963,0.7000734328778807,0.0,18.691961191953055
7347,0.4942227584095002,0.7047689354772178,0.0,50.55484175060932
6690,0.5013815169581873,0.6903879568049923,0.0,49.279890460533196
7953,0.5436560020905209,0.6094385812415175,0.0,17.710285426609104
12810,0.5887135509176278,0.5298155448373895,0.0,4.787015495253755
7204,0.5706519364445972,0.5609758235867308,0.2,44.40123515291798
14568,0.43993658441345596,0.8211246887900828,0.0,14.171380131381778
20715,0.4417827362454762,0.8169370647091836,0.2,23.7504022216479
9101,0.5467168821318645,0.603824193492361,0.0,18.480039165424934
20210,0.5068193503183979,0.6796006498938815,0.0,12.342906801159959
9811,0.4720397058352631,0.7506921744023464,0.0,21.020882158795292
13219,0.536668144593256,0.6223753557750531,0.2,10.712946887369831
9438,0.49270801716533524,0.707838537664189,0.0,35.922805786457594
3024,0.42089119470368797,0.8653809235867417,0.0,47.682487569162966
10187,0.4712983689051572,0.752263905900458,0.8,23.31716937572562
6528,0.4969536740641184,0.6992584683685312,0.0,47.20344098664695
6399,0.5143719209622046,0.6648086935474219,0.2,16.16149898509168
11396,0.4206586617629979,0.8659335538196892,0.0,13.65577192076548
20534,0.45490091234360586,0.7876756588166184,0.0,21.65005320630948
17490,0.5102187157682138,0.6729157907480736,0.0,14.518158698783694
10719,0.5556043527084399,0.587698833884184,0.0,13.05337849898793
11289,0.4073774523111755,0.8980151220544346,0.0,14.695120601467815
13878,0.46354484889736225,0.7688521372821998,0.0,12.039071341213171
17468,0.4657717925244258,0.7640594804191645,0.0,35.53029311903118
17559,0.4965688651304384,0.7000331039459673,0.0,8.834768183571407
17137,0.48106494064139843,0.7317530062611599,0.0,9.529253551950116
10707,0.4642967623745575,0.7672313571131224,0.0,9.707394862943996
4776,0.4600113000453869,0.7765042244846604,0.0,63.30838847435323
488,0.45185944410898604,0.7943841118699987,0.0,40.640691042055735
12102,0.5352166947902602,0.6250835771003292,0.2,7.298788588310383
18138,0.512434872809095,0.6685816534902647,0.0,24.6840346978693
9465,0.4626144720318104,0.7708612455586791,0.0,57.08227758610201
6391,0.5204968351520746,0.6529714713450717,0.0,16.7813660663018
18311,0.41718607751616604,0.8742229276583587,0.0,20.903544643342137
15611,0.49701969253639233,0.6991256308608286,0.0,10.273196550088926
19721,0.49271850482001533,0.7078172521508677,0.0,3.5988970399699864
2094,0.4530905870862491,0.7916632019979133,0.0,74.93092327708467
1173,0.4975556082918144,0.6980479531689675,0.0,16.456481028526735
17415,0.497376186908996,0.6984086238915815,0.0,17.467199843381504
5859,0.49550931409562254,0.7021691280212096,0.8,46.617007980758075
10044,0.45175580178302743,0.794613506685733,0.0,6.172836217655495
19212,0.47759513538283765,0.7389919025024401,0.2,24.0349720562691
13356,0.5117783577165248,0.669863642753669,0.0,10.791502735366302
10681,0.4981435215429261,0.696867047608607,0.0,17.773594129007627
10491,0.4173172863096902,0.8739084680640825,0.0,56.15298621519632
18564,0.4706404380704819,0.7536608776289834,0.0,19.371722212887214
20740,0.4283311526401384,0.8478586614464038,0.0,30.65008786211199
12019,0.48583721687720083,0.7218816558852648,0.0,6.606299533920844
8382,0.379272240837831,0.9695010182071336,0.0,80.92909601549933
675,0.42856863032659853,0.8473043896464559,0.0,60.853401005831685
4272,0.4843431668839224,0.7249616010157577,0.8,26.29798318305022
11729,0.5641237022665431,0.572481721273615,0.0,8.240873820853352
18659,0.4931713693899865,0.7068985600866341,0.0,25.861176663335442
1280,0.5142879256503793,0.6649720037267559,0.0,34.64836594978259
16962,0.34502923269950203,1.064126133078045,0.0,8.51300906462436
3754,0.4453189229279896,0.8089645727718437,0.0,72.77445531188081
11481,0.44138603029511947,0.81783543428942,0.0,7.6463521495449545
14906,0.4844362885219759,0.7247693557367716,0.0,9.481432896988416
6626,0.431828297556825,0.8397272291051349,0.0,50.55157983279015
175,0.4327346940845646,0.8376304545066824,0.0,54.44597954293435
6428,0.45784385548573364,0.7812270798837798,0.0,50.89694246634138
5807,0.47027716724006274,0.754433040561037,0.0,55.01326025320314
1670,0.4708914459400339,0.7531276872405083,0.0,33.484056285204
343,0.45058263247944297,0.797213794826125,0.0,58.58325619937848
20553,0.497374489327663,0.6984120369706044,0.0,8.133008490230347
20858,0.4650963378549961,0.7655107166704294,0.0,29.024339523405317
1592,0.4519026854168292,0.7942884200801715,0.0,10.786438199074269
17307,0.576384516225761,0.5509802781152923,0.2,4.581814446359512
15573,0.5415887158008166,0.6132483925331446,0.0,13.86094618399759
4318,0.5079204428057841,0.6774304523181016,0.0,47.132221652678254
1789,0.4962740257382511,0.7006270335667888,0.2,57.479445147942585
3992,0.4409237227359144,0.8188833828129981,0.0,63.086776561623495
8642,0.40045385134062267,0.9151567467268605,0.8,77.14771305086515
16883,0.5202211800018663,0.6535012116832626,0.0,8.915716801647097
12095,0.5709623364527109,0.5604320321798927,0.0,8.322416158894079
6639,0.45377088442644054,0.790162868178087,0.8,59.42419391970019
12235,0.5405030025803728,0.6152550867279752,0.0,5.777245182230271
1063,0.39609021991876714,0.926113265598837,0.0,61.711555898728136
6756,0.5125345879566722,0.6683870815508877,0.0,16.57599974994673
19018,0.4225073807327916,0.8615483631474538,0.8,63.02226079230852
10929,0.4728210478103403,0.7490382965157611,0.0,9.486570532552511
16900,0.4779752769213915,0.7381962697500809,0.0,5.251897218929188
21136,0.46172168002351077,0.7727929936222958,0.0,30.209250607100145
18781,0.5202604953630907,0.6534256402202105,0.0,8.808667754236266
21184,0.5051653060491416,0.6828695645592331,0.0,4.790603422979471
16606,0.4787622210531057,0.7365512118092137,0.0,13.2115192885217
13810,0.49694109538873316,0.6992837802542007,0.0,10.44415300135374
20774,0.47846497991150316,0.7371722579952326,0.8,28.687057688741337
5335,0.44679207706130075,0.8056619445734552,0.0,57.36715409185113
11437,0.5384627923025371,0.6190368798470799,0.0,10.744623045578303
18780,0.5036191967651452,0.6859348584654933,0.0,14.610411961988245
6129,0.42091542688940997,0.8653233517285331,0.0,49.33641037065086
9696,0.5214396870588711,0.6511616640409809,0.0,43.47155159842265
7482,0.4924138358084842,0.7084357863491262,0.0,51.95313774332083
12714,0.3825445599069717,0.9609101360119205,0.0,7.433024229084239
14319,0.4130085901939369,0.8842868867363531,0.8,18.76898950830777
19745,0.44733844872686457,0.8044398148780457,0.0,65.99423161992712
11987,0.4904801613002691,0.7123704466656866,0.0,1.639805530738154
838,0.44195413268612743,0.8165491744924781,0.0,82.20608440416474
302,0.4455033244036567,0.8085505699135781,0.2,22.2351406726234
13070,0.5198178498783316,0.6542768174675961,0.2,9.773162310087242
2396,0.45134338587006817,0.7955268414495481,0.0,71.98324673411341
9568,0.346443870126348,1.0600344644514854,0.0,98.77401172108627
12807,0.5186336672951368,0.6565574884029283,0.0,4.444894340500488
642,0.472719168012474,0.7492537919469564,0.0,47.319122315793585
8365,0.497255477355453,0.6986513460136947,0.0,48.06721207271352
9037,0.4825720690170866,0.7286250035185412,0.0,34.52043010358551
5457,0.5046128978030405,0.6839636826519008,0.0,50.233712463639705
5395,0.4910114216165901,0.7112878895099227,0.0,50.531672278254895
7594,0.4904776885893012,0.7123754880871263,0.0,51.37295680160489
1772,0.4278105390815024,0.8490748471031478,0.0,58.52461118780966
20546,0.47327105862985064,0.7480869919855053,0.0,20.2133108658954
5294,0.48295837059660945,0.7278248182850446,0.0,59.29588605770927
17354,0.5526077758030967,0.5931067952869045,0.0,2.530638335077053
20382,0.48627529072590636,0.7209803736264037,0.0,28.274685255265926
12770,0.4821559321558306,0.7294877065530949,0.2,6.449364174232041
1996,0.514916576281356,0.6637503792430344,0.2,18.969322402355516
14186,0.4763441308134791,0.7416147220693587,0.0,26.341784663717434
7839,0.49393124699385177,0.7053589476059164,0.0,48.90606198648081
7597,0.4495683739503441,0.7994673255139501,0.0,34.2331936842551
6917,0.5022139750545888,0.688729004978394,0.0,53.82761717064538
18879,0.4671387980179115,0.7611288534421965,0.0,29.217834442207554
19716,0.7084850477469207,0.34462632417159733,0.0,2.33756592695819
9517,0.49721499678177594,0.6987327573270563,0.0,21.6222846290677
15541,0.5563337262803552,0.586386937672864,0.2,16.116991856047274
1920,0.4707291739949239,0.7534723524767636,0.0,22.852814956000397
8884,0.46498656152898266,0.7657467737500637,0.8,45.70359724286572
5495,0.4106550830771361,0.8900016307472888,0.0,62.838561336415125
14460,0.5997655608206807,0.5112164320871477,0.2,10.179341443608683
8003,0.44223542889611234,0.8159128941478611,0.8,54.27860652817073
4856,0.4519989578721646,0.79407540474512,0.0,71.09357001750027
3079,0.49918542234450664,0.6947776643875484,0.0,53.93558817814153
2506,0.4572914041490946,0.7824344454571924,0.0,45.889778435214005
7082,0.4605085143475113,0.7754239341037139,0.0,64.63158668234908
7115,0.44250211364850095,0.815310037938779,0.0,60.318673388928445
7008,0.5443176100241485,0.6082223605394447,0.0,14.667281505151614
13725,0.406767293934793,0.899514016430237,0.0,15.237767918720529
1751,0.5526094454171757,0.593103773954904,0.2,17.152858708267885
4444,0.4800274049602745,0.7339120830427432,0.0,28.640920160604026
10264,0.46145393671700635,0.7733730421182835,0.0,8.000544327226525
20107,0.49987780909462837,0.6933915922367893,0.0,16.52248207404982
13726,0.4024236984372457,0.9102497691940227,0.0,15.183876177696545
14701,0.5741631570142436,0.5548416773833034,0.0,2.0638640214467636
19933,0.6929500258951058,0.366797395097955,0.8,2.495102554100113
8898,0.48356634323000136,0.7265667589620253,0.2,56.52689606455135
1363,0.46494543444153136,0.7658352255673069,0.2,17.288729340753086
15236,0.4840533182398176,0.7255602166803389,0.0,4.942153295519152
5987,0.49000011669488364,0.7133496497246694,0.0,14.12806826994288
3042,0.49051775740045844,0.712293797980728,0.0,40.60430599751805
18363,0.4712007380140553,0.752471080402236,0.0,28.783900404949442
975,0.42851158462626765,0.8474375060092418,0.0,55.16818358083217
9785,0.49713984778886516,0.6988839085855113,0.2,17.5535176206712
260,0.4560230115072967,0.7852120069092163,0.0,56.53526449746357
11046,0.45332155731862406,0.7911535657605794,0.2,2.230261812093236
2043,0.38807064164697724,0.9465678898304278,0.0,73.95061639300218
10989,0.48838847878763614,0.7166441267297337,0.0,3.991349441951009
6915,0.48015203168323944,0.7336524925559892,0.0,50.65870405125862
13192,0.4300094530925723,0.8439480865999575,0.0,18.11981796564071
2927,0.3843606943899405,0.9561738589612652,0.0,43.7889430639691
2668,0.4533229446226761,0.7911505054562396,0.0,66.73354694603361
20888,0.4880053520871465,0.7174289057974376,0.0,26.517964288473333
5727,0.45099583703628165,0.7962971700402827,0.0,57.373213531508476
16006,0.4409540367434124,0.8188146340387286,0.0,5.515863200285013
14689,0.4871784758638483,0.7191247428237771,0.0,9.926079148899293
19812,0.47682458205195355,0.7406066082429617,0.0,28.96956892428793
18800,0.48595090630925913,0.721647676008655,0.0,20.036186658289967
20460,0.4924478522520904,0.7083667077281743,0.0,53.864205104179476
7108,0.4091902429433232,0.8935750894134716,0.0,72.06683232468386
7058,0.472740837620051,0.7492079526571891,0.0,15.004762386161914
19085,0.4798850577794795,0.7342086667154506,0.0,5.367799642178998
231,0.4393809705839649,0.8223884276982348,0.8,47.72525743428994
18146,0.4581708942812182,0.7805130328458622,0.0,12.414058834638737
20595,0.4635700826772864,0.7687977022190355,0.0,28.68384185920994
447,0.4788519642393228,0.7363637810299746,0.0,33.59291490406607
4168,0.5193963714189128,0.6550879658793305,0.2,54.37230116798444
17314,0.4037491819666161,0.9069614305361998,0.0,57.9729764389612
9743,0.4988025657852162,0.6955449212736552,0.0,58.634436332710465
19478,0.5363993380369145,0.6228763616601728,0.0,12.353196024766142
10953,0.4726919423460964,0.7493113873487595,0.0,5.555769101418423
13824,0.42949192319845836,0.8451523428604701,0.0,20.485223953367395
17124,0.4196394405078031,0.8683594113868197,0.0,13.047099410768105
8844,0.4472199784032194,0.8047046837133164,0.0,24.149590257455117
16802,0.4478669949525138,0.8032589769133144,0.2,2.318205437247676
20090,0.43924772656334476,0.8226917276520701,0.0,28.17719010292346
14121,0.49785200813769775,0.6974524185362174,0.0,10.806850878077475
19550,0.4786612482955945,0.7367621378228704,0.0,8.423033056344229
7433,0.5147836429676874,0.6640085773319967,0.8,20.91958967158638
7481,0.49054385549581364,0.7122405941961374,0.0,52.232163323297996
14374,0.571112225910117,0.5601695458883557,0.0,5.7933298079882025
15819,0.4491836217946733,0.8003235176136536,0.0,5.515829746742884
17886,0.4839960411919906,0.7256785516543478,0.0,28.233248446198843
21170,0.45661896508907324,0.7839060102933137,0.2,13.840251766306384
6095,0.44063682692982337,0.8195342645166505,0.0,69.75466029989576
11099,0.46363854235864604,0.7686500338742088,0.0,11.58586229192084
16317,0.4343310608820929,0.8339482225833876,0.8,12.910352389275783
1256,0.4792746978949024,0.7354813639139152,0.0,50.82176112419603
5258,0.5133008114099643,0.6668932286457199,0.0,16.365559805526008
16694,0.40950332467293254,0.8928102568625506,0.0,12.987264585364336
15993,0.5180111498387027,0.6577585121691686,0.0,9.935771664745753
7992,0.4777245062358384,0.7387210594292831,0.8,53.583129114985965
3577,0.4658967134147598,0.7637913144560858,0.0,55.351957490994984
8970,0.4957383458643981,0.7017070199485197,0.0,20.28985644744356
19731,0.4780596266414389,0.7380198123426119,0.0,11.706840117881331
18203,0.4782550608092129,0.737611088785274,0.2,25.46233371563772
671,0.5541882678565444,0.5902508162891652,0.0,17.83147830842605
18814,0.6187215401889785,0.48009996181124565,0.0,1.982692995397144
11677,0.4830169249678365,0.7277035846022214,0.0,4.600906080205678
1477,0.42653794661071953,0.8520539438845782,0.0,27.363710587669637
15738,0.5649210275580412,0.5710693318385801,0.2,1.314544528643613
5601,0.4863434770421584,0.7208401618216895,0.0,25.96826517975417
1757,0.5345614564766816,0.6263085757502668,0.0,18.99907126657052
11178,0.41365156787350943,0.8827312830146553,0.0,30.81614895534751
19246,0.46312037397735684,0.769768271694533,0.0,18.30470535674124
18036,0.4174970948896028,0.873477693063693,0.0,15.418891426828036
11107,0.4549998942895069,0.7874580923619677,0.0,4.332988104408121
9798,0.5556043527084399,0.587698833884184,0.0,13.05337849898793
3398,0.4439982552913747,0.8119346460815637,0.8,24.85331846347981
1491,0.42406076174055135,0.8578785280256357,0.0,31.63426417585157
18383,0.48845849611187325,0.7165007730087187,0.2,21.108291485311838
14474,0.48375392013709423,0.7261789310284078,0.0,9.876033392732527
13925,0.5425393151327422,0.611494725902598,0.0,8.56948734305974
4495,0.4450224196949559,0.8096306167480143,0.2,63.39407667367038
13143,0.5651904740262964,0.5705924824781706,0.2,7.534673687591491
20486,0.3912366601596786,0.9384426331475578,0.2,15.395151146194468
18792,0.46298296904268427,0.7700650094975361,0.0,21.524856886969417
9305,0.44963248704459147,0.7993247253516569,0.0,59.189995302453816
11521,0.4037505379301582,0.9069580721114012,0.0,7.9472203663589385
16590,0.5734994603314068,0.5559982834220354,0.0,14.832866514951604
9710,0.44377115547777896,0.812446265012774,0.0,12.024042167232237
3340,0.4569946225388864,0.7830836550304965,0.0,48.37891322632556
11400,0.4738058326775049,0.7469576769121504,0.0,7.9771349436947565
6345,0.48467698057312725,0.7242726293709773,0.2,45.83559047634624
5091,0.4518885804879691,0.7943196328820503,0.8,59.05766652283379
2355,0.4343019207042737,0.8340153169223037,0.0,53.41868359408632
14305,0.46775436086245453,0.7598119908089613,0.0,26.124615964032884
15866,0.5706389249063109,0.5609986250280243,0.0,9.173729994370369
2361,0.4496374461700531,0.7993136961261074,0.0,25.621997724113783
20358,0.47140167338942923,0.752044738657325,0.0,3.950115122480664
14498,0.5287634972984406,0.6372140221418912,0.0,7.998788386934202
18435,0.5272351524567143,0.640108620367389,0.0,6.498702408111377
14635,0.5046564179355933,0.6838774417806068,0.0,11.722343740883321
13444,0.4965084433161579,0.7001547899694847,0.0,15.12684525222457
18062,0.4521147871707924,0.7938191774730614,0.0,28.26393145054677
10059,0.46877679415237483,0.7576285424727365,0.0,46.01835605132484
13950,0.5197863829290763,0.6543373538684145,0.0,10.238088543651926
5124,0.431430959202322,0.8406477831089322,0.0,43.71368151484767
2010,0.4903432168464397,0.7126496905290985,0.2,21.807080802044702
7495,0.46654338248915705,0.7624042673290582,0.8,23.619283852853243
4197,0.4503200508053655,0.797796725005788,0.0,65.34752962348998
3898,0.3873243873780299,0.9484927267752598,0.0,41.690999542148575
8756,0.49799198570910586,0.6971712950405798,0.0,49.72295466761049
7023,0.47328162608002305,0.7480646636981452,0.0,53.73348330954485
18830,0.48541852412849246,0.7227438238127573,0.2,20.48292125053988
14333,0.4665519740488771,0.7623858521485302,0.0,27.30599337951702
604,0.46811159414959785,0.7590485624513414,0.0,41.66797118323124
3122,0.43437667035239463,0.8338432172548893,0.0,65.16067541322701
19047,0.44249702767370297,0.815321531678288,0.2,39.87126443751049
5321,0.32653923959445286,1.119205154961869,0.0,50.27581210191852
7780,0.4144209512944871,0.8808730311718163,0.0,49.738492479263215
8453,0.4736992061349246,0.7471827449353539,0.8,21.157413287264674
2454,0.5086219446279338,0.6760502797996161,0.8,22.116985006801528
16849,0.5721368675118855,0.5583770373580287,0.0,8.104842888955329
16300,0.4792479531465831,0.735537168016817,0.0,8.852190406311234
4468,0.479204131874227,0.7356286097760275,0.0,53.042497764955954
18932,0.46810836116911086,0.7590554689063227,0.0,29.282461888442974
2274,0.4801014447564874,0.7337578541673553,0.0,25.901648893230742
16015,0.5309134254490264,0.6331563116183969,0.0,4.147965123457296
4777,0.42511178159167373,0.8554031291304152,0.0,51.65779770919312
10885,0.5882726230706924,0.5305647938554444,0.0,6.528069170974842
11923,0.4703435851705169,0.7542918190742809,0.8,11.531614129923401
11532,0.4180580861380523,0.8721348940589557,0.0,8.221179442442592
8661,0.4985398121732688,0.6960718288308458,0.0,53.747183714082595
139,0.44164430756762935,0.8172504548865599,0.8,29.53134069803501
3786,0.4351770681742524,0.8320022774430185,0.0,70.76179306176135
15772,0.5051403201403251,0.6829190266391699,0.0,5.970077712756364
13459,0.5140488187935786,0.6654370398394918,0.0,9.201331214145357
1869,0.44396211921115825,0.8120160372816083,0.0,55.79767902811418
10068,0.42096385389788654,0.8652083067104761,0.0,30.11357537909874
3441,0.33713298023524535,1.0872778263593361,0.0,47.38084051928075
63,0.43511367889474484,0.8321479512418797,0.8,61.811948802441215
5617,0.4418974213947743,0.816677502131139,0.0,67.51881498099387
15799,0.4669977137685148,0.7614309168958552,0.0,8.40962402888209
5981,0.431828297556825,0.8397272291051349,0.0,50.55157983279015
9575,0.48362169264278926,0.7264523046660757,0.0,24.706644433562772
5908,0.47086117700442714,0.753191969377621,0.0,21.02535451474413
14870,0.45752835521832175,0.7819164175678738,0.0,24.208131572035516
13761,0.4316649265008059,0.8401056247969986,0.0,20.4355683617624
13857,0.4817090702081237,0.7304149359444035,0.0,12.38444082732418
17461,0.477297523010243,0.7396152445705048,0.0,32.08562173431373
5351,0.48056949925133646,0.7327834215901985,0.0,23.13543855543154
20724,0.46236159102816154,0.7714080294594703,0.0,21.56239698049456
15056,0.5114875906499409,0.6704319545886794,0.0,9.097929894148217
12051,0.4897159159622797,0.7139298193475037,0.0,4.643292443580187
6352,0.47967176590394284,0.7346532300258979,0.0,55.32305890881895
3792,0.51834495373102,0.6571143245145372,0.0,18.669275865897255
16844,0.5392766601037121,0.6175265557069253,0.8,8.863358460895995
17929,0.4951982758967109,0.70279703924804,0.0,7.965150179974671
14258,0.44551226440858577,0.8085305029135355,0.2,15.146606179415016
8608,0.4785002772090969,0.7370984887599399,0.0,21.625733079100474
16204,0.5081270164535874,0.677023830267592,0.0,4.648784063383757
18960,0.3853056059826448,0.9537184777993825,0.8,27.467090523455944
5286,0.48158790913157085,0.7306664909264919,0.0,33.519325271252825
8891,0.431828297556825,0.8397272291051349,0.0,50.55157983279015
4814,0.4994299430254907,0.6942879449332912,0.0,34.18326739255033
182,0.4050335120333101,0.90378546953758,0.0,35.08947154433013
8502,0.5035189316883227,0.6861339673549713,0.0,17.80380284482139
9103,0.5448061699210888,0.6073251990988324,0.0,17.897873779615914
19581,0.5277306466152057,0.6391692644273911,0.0,31.66860070117586
9260,0.46861899522787887,0.7579652176056402,0.0,60.10664406925355
18168,0.4565071523375254,0.7841509112987121,0.0,38.205795647397906
11909,0.5531761192168192,0.5920788485672457,0.2,5.329597832170515
21008,0.5734322521436348,0.556115479916156,0.0,9.345520544527451
3629,0.4209432541064029,0.8652572427303574,0.0,49.332641166160215
16632,0.5354177485572239,0.6247079983571339,0.0,4.069160643083615
20427,0.4944898245816653,0.7042287053167957,0.0,9.09810670922327
4076,0.447566336488385,0.8039305142905165,0.0,55.47924650856941
13102,0.37377574412568704,0.9840992760455558,0.0,6.690890767607449
12738,0.49710832858128373,0.6989473116841362,0.2,10.436751359701429
16311,0.42382757463530746,0.8584285700562166,0.0,15.108342341792646
10454,0.372129616727408,0.9885130533344202,0.0,14.887006055293444
7758,0.5172634731746119,0.6592029149922657,0.0,13.434555482982162
14139,0.40609924390414204,0.9011577061381042,0.0,31.450403600455452
12557,0.5205845472574692,0.6528029694256556,0.8,6.867487537187381
14049,0.5568086060097612,0.5855337138856811,0.0,16.779347070758433
392,0.49705682333150114,0.6990509267620326,0.0,51.231693728405396
4492,0.44508643154479405,0.8094867874852014,0.0,57.95520753814604
8152,0.4525279417154199,0.7929057681012505,0.0,53.97309539267648
1878,0.5069543393095454,0.6793343399800883,0.0,54.22514706679217
13288,0.5221147732277379,0.6498678431840332,0.0,5.413399239082583
15412,0.5833217575775155,0.5390163450824155,0.2,16.87255901857126
7562,0.49223325911507476,0.7088025709491415,0.0,41.06447521746349
10076,0.5504482457215041,0.5970223404605316,0.2,22.973419956990988
20587,0.5983277681956002,0.513616567836972,0.8,5.959492875950466
16141,0.4546518887099058,0.7882232326125186,0.2,65.11314924475877
15295,0.5604817321587358,0.5789586290461292,0.0,6.074723315881675
4927,0.4636996489186941,0.768518244715278,0.0,23.835594356610258
6362,0.47936913362463984,0.7352843444851389,0.0,51.78975100868297
12243,0.5344260613721169,0.6265618904111548,0.0,6.7067184725708575
19935,0.6615108138415082,0.413228948105706,0.0,2.814089112954707
13144,0.4795594147707148,0.7348874824897571,0.0,4.646326276243885
15562,0.5447630694576818,0.6074043137835567,0.0,9.730616805594313
9872,0.4787622210531057,0.7365512118092137,0.0,13.2115192885217
13892,0.44753385943910845,0.8040030805784888,0.0,14.115077119589046
17155,0.42629543116024715,0.8526226726968653,0.0,24.73970010846173
2755,0.5070870908030399,0.6790725134110531,0.0,20.54805441653006
17839,0.58818230747439,0.5307183324129103,0.0,2.19916412789593
11277,0.4137830378376037,0.8824135057201279,0.2,8.575294812131364
1186,0.46465652745550445,0.7664567969648951,0.8,74.8387533534678
18538,0.40552207446435223,0.9025799692650588,0.0,31.960356573952954
3091,0.4315042219651228,0.8404779841145797,0.0,43.62500873949316
1539,0.48245011112471625,0.7288777601816092,0.0,49.63292918886204
8259,0.47776010219424203,0.73864655072845,0.0,59.165587586263655
5081,0.46103792662707244,0.7742749690287863,0.0,54.04438929385976
21212,0.5934616965996962,0.5217826051790404,0.0,17.22143444603684
13780,0.4073774523111755,0.8980151220544346,0.0,14.695120601467815
1463,0.4813456835044625,0.7311695902763742,0.0,19.390617868832315
20237,0.5468554061578386,0.6035708512520751,0.0,4.4413913649063375
9066,0.45834135224188505,0.7801410619021484,0.2,62.235751427642704
11854,0.4567061924158414,0.7837149998381289,0.0,6.6306208510514155
7261,0.45200795630229323,0.7940554968661251,0.0,13.05029409422005
19921,0.5688513420703062,0.5641361407299563,0.0,9.67493513632004
5844,0.46608192839343404,0.7633938483065329,0.0,55.78118535067262
13623,0.4496316560761116,0.7993265734593263,0.0,11.767286468297119
10616,0.5510840711688296,0.5958679022144787,0.8,3.89608217861492
7571,0.49669053042095773,0.6997881220375701,0.0,45.49322196961147
8059,0.5103798309175857,0.6726000639596444,0.0,40.399719352294795
11910,0.4514719823954767,0.795241962545625,0.0,9.328983420152223
13559,0.5294004072303271,0.6360102199594979,0.0,13.859298329504707
7174,0.47085958384366633,0.7531953528875255,0.0,21.842665233738238
10039,0.4920155697737386,0.7092449171089668,0.0,9.33993988771043
11602,0.5618591601436231,0.5765040652217069,0.2,7.918283137893181
9823,0.547410325303503,0.6025566201064243,0.0,8.026234577423228
90,0.45208628921654376,0.7938822120236769,0.0,25.547129825195555
15060,0.5367202099870073,0.6222783444863242,0.0,10.24799070490452
5209,0.5037231470891289,0.6857284731686042,0.0,52.02690257073297
4732,0.46928848687823305,0.7565375890242801,0.0,51.482382355909884
8633,0.4455033244036567,0.8085505699135781,0.8,22.2351406726234
1340,0.3878639615451487,0.9471006154128834,0.0,79.60380961577457
12444,0.43838033460808645,0.8246684015440289,0.2,6.923091411849089
5383,0.4401938075673695,0.8205401773050106,0.0,45.088684933988986
7673,0.4893402964309711,0.714697128813463,0.0,52.1836104240985
20488,0.42732474699939554,0.8502110231966223,0.2,31.429750900996133
18310,0.410109592839226,0.8913308553940906,0.0,23.219168102984582
17017,0.4557161466446629,0.7858851487206154,0.0,55.149489711886396
19940,0.49616967253129746,0.7008373290374943,0.0,32.60996006460029
12664,0.5080158552553977,0.6772426207580398,0.0,8.001621603008374
17043,0.5362822171150241,0.6230947320083778,0.0,42.6171860449401
14396,0.489196390499089,0.714991253571056,0.0,7.5503079377326205
18793,0.41224495773950437,0.886137548691809,0.0,9.57892628304518
3173,0.4700583964415121,0.7548983442482469,0.0,78.8868769739418
3472,0.5020166291137207,0.6891220341145093,0.0,54.44064069504624
20832,0.5180210098623315,0.657739477965381,0.8,21.305825989812067
6700,0.4859245905821887,0.7217018305318651,0.0,50.69233503483676
20760,0.5019091783195299,0.6893360953405592,0.0,8.952924909073866
20041,0.46290271477128564,0.7702383662585328,0.0,4.983057160459424
4494,0.4760846872261727,0.7421595262348974,0.2,59.76239698251069
17009,0.4467149875799817,0.8058344994072355,0.2,12.516624961475745
16486,0.5263117780042865,0.6418615079932963,0.0,7.977888827013636
16841,0.5483124748535785,0.6009099449550133,0.0,8.135419188912708
5796,0.42511178159167373,0.8554031291304152,0.0,51.65779770919312
3118,0.4921499252213248,0.7089718828497815,0.0,22.72254830443288
16048,0.5063692793560375,0.6804890747711096,0.0,4.624807529735627
5736,0.4628806130766624,0.770286113272251,0.8,52.01357097407208
20225,0.5164180237857598,0.6608387178577766,0.0,3.306308466539031
2728,0.44209356975131076,0.8162337230389985,0.0,36.97538391724518
188,0.5539157982491857,0.5907425925061907,0.0,17.151326019521257
8113,0.47466009618984584,0.7451563180708043,0.0,26.90014478788349
19624,0.4171294892221913,0.8743585796737772,0.2,24.316816781549576
5979,0.431828297556825,0.8397272291051349,0.0,50.55157983279015
11091,0.5344308893219485,0.6265528565552615,0.0,18.784680860158076
13799,0.5670445720547831,0.5673173680181186,0.0,3.9808660839186265
18348,0.49403651973336177,0.7051458379408974,0.0,4.788998022933635
1438,0.3937118127011061,0.9321360771617477,0.0,61.63283998212296
13738,0.4785076907333324,0.7370829956303443,0.0,12.235578008638564
16241,0.49269805196499067,0.7078587632354679,0.0,9.699789018753782
20676,0.5377146810176447,0.6204271921774256,0.2,23.976719168896313
1610,0.47494789161328826,0.7445501828319473,0.0,52.90029276239669
15,0.4713307784336525,0.752195141787658,0.0,66.08034205828706
5986,0.5069867190021385,0.6792704709961099,0.0,19.30826197201938
18066,0.4937860856565876,0.7056528805632732,0.0,20.682332919823313
5468,0.451929469623908,0.7942291519805863,0.8,55.52058789968488
7880,0.4786028141369673,0.7368842235899914,0.0,57.580135592553724
5872,0.46285359521343394,0.770344483942783,0.0,59.046902931035724
19713,0.4645915949616972,0.7665965497227355,0.0,37.375798688268254
7545,0.499065631757372,0.6950176653115993,0.0,40.29017225524166
20729,0.38770534912735455,0.9475096373218805,0.0,29.799652311242994
19660,0.45780866822571464,0.7813039371175561,0.0,16.319223931532456
11501,0.4028678474762905,0.9091466927086564,0.0,6.205380761487293
7670,0.4870592511250488,0.7193694977456856,0.0,50.499739290582504
2526,0.49605853232015956,0.7010613505096905,0.0,55.73788074675044
7661,0.4426177010263961,0.8150488588833883,0.0,13.395326005883106
17665,0.4742560721019801,0.7460078666601961,0.2,9.1184541911829
14019,0.4842026105211497,0.7252518430818292,0.0,14.579375493713336
21119,0.4419201321588414,0.8166261097052231,0.0,6.700825840686031
13489,0.44229142573431984,0.8157862799292216,0.0,15.710004036778768
9391,0.5061052725581939,0.6810105827997864,0.2,20.47117905418729
14138,0.452355091761982,0.7932878063297184,0.0,26.90316739988859
17041,0.4998237760042292,0.6934996906758777,0.0,47.432603457229845
561,0.3627484720720051,1.0140455992956146,0.0,96.94275774534995
6826,0.5220063070574464,0.6500756086869613,0.0,46.10660957031276
10041,0.5615796964968525,0.5770015798855148,0.0,16.1039698354054
9680,0.5054840322140269,0.6822388291233408,0.0,19.382405031292727
5868,0.4740836996663477,0.7463713913011785,0.2,50.827890608737896
17245,0.46376073374453985,0.7683865197875593,0.0,54.44787219229433
14336,0.49010323368378667,0.7131392290802676,0.2,7.228735711239415
15309,0.5243362408688648,0.645622119402897,0.0,6.651522045233787
2630,0.4023088519070445,0.9105351970195324,0.0,60.140849068456895
6629,0.44960931664470255,0.7993762585428386,0.0,58.166616014347525
4035,0.40239400089039473,0.9103235686318065,0.0,31.86132490211324
3054,0.4682570143745339,0.7587379577924894,0.0,53.95765114192936
13338,0.4784521313477415,0.7371991120740472,0.0,8.246935939212316
10365,0.47406556597968397,0.7464096420014068,0.8,46.087062548125346
17695,0.4911448203632033,0.7110162448535398,0.8,24.619294147045657
6970,0.4708546269207961,0.7532058803337797,0.0,36.21790406626921
4356,0.4727208840374174,0.7492501618385434,0.0,50.20350789427711
13888,0.49145933457161783,0.7103760802102784,0.0,11.858308470603074
16880,0.5323685358381293,0.6304192929338577,0.0,8.602701613658812
9581,0.4866800456410647,0.7201483622824528,0.0,43.357967481096075
3311,0.49534569310801946,0.7024993902450481,0.2,58.38472475203755
11144,0.4946606582056364,0.7038832904812526,0.0,23.589241057591234
4810,0.47216879294801517,0.7504187451465778,0.0,64.25085215791631
716,0.4446525866824648,0.8104620058083849,0.0,31.810630636311906
475,0.456545092177228,0.7840678057810326,0.0,54.218289966150934
16049,0.5060718803723363,0.681076563711869,0.0,4.628800442886333
3070,0.5162203910438776,0.6612214902618574,0.0,15.342322914538306
13091,0.5994629005297496,0.5117211904498975,0.0,3.6325039968494055
591,0.4486964346438855,0.801408712000377,0.0,60.27555043280687
16228,0.5087101019842415,0.6758769689188235,0.0,10.054007665516806
10065,0.47980129926131726,0.7343832206574972,0.0,26.445506933869403
18027,0.47879098744896853,0.7364911286814749,0.0,7.0272299961489
9167,0.4601211498903859,0.7762654548476835,0.0,59.94710152734299
10393,0.4396354127650102,0.8218095029069076,0.0,11.932674358402835
17564,0.5248595542997532,0.6446245677987172,0.0,17.359739807543264
6998,0.5484072715041161,0.6007370718922486,0.0,14.37864149491276
15302,0.5063310575603727,0.6805645596787169,0.0,1.5959238713528905
9915,0.5086332488372728,0.6760280548762888,0.2,44.65165250881041
10124,0.44261267982925423,0.8150602032684218,0.8,30.744069530325465
3798,0.49579009233918653,0.7016026427610551,0.0,54.570652697506326
7639,0.42108400636543974,0.8649229251447986,0.0,49.59035512131645
19718,0.7046162321838966,0.35010197589514536,0.0,2.384194435812944
9770,0.4975385727248849,0.6980821922736797,0.0,17.804586393829368
18093,0.44377115547777896,0.812446265012774,0.0,12.024042167232237
799,0.45208628921654376,0.7938822120236769,0.0,25.547129825195555
14765,0.5095568759553769,0.6742138016264126,0.0,16.08707864003612
20101,0.4454474882859743,0.8086759104306083,0.0,23.670347613118658
12319,0.5503744916276924,0.5971563385901482,0.0,6.351056211739872
2890,0.42687255208648217,0.8512697831707847,0.0,56.57538901016959
8500,0.3809361237350575,0.9651235721496733,0.0,86.87077479091846
8662,0.4985666765753915,0.6960179441105431,0.0,53.74302300560174
13359,0.5592398255161877,0.5811768718642291,0.0,15.94298953362631
10414,0.5120935363652243,0.6692479824147601,0.0,10.681531626801501
5051,0.431828297556825,0.8397272291051349,0.0,50.55157983279015
12028,0.5572683719248926,0.584708338349989,0.0,5.890439556751414
10297,0.5314312952805771,0.632181355255426,0.2,21.01686817877654
2085,0.4276058994429517,0.8495533032871501,0.2,65.65347824097859
21045,0.5093844208685997,0.6745523002012793,0.0,29.380125641123747
15592,0.5510899909082447,0.5958571602824757,0.0,11.07460116055296
2432,0.41757927452439786,0.8732808736156275,0.0,30.09500537326529
3579,0.46800727231199446,0.7592714440570281,0.2,57.32119685809593
20946,0.5553490900898483,0.5881583718148478,0.8,22.746878744211383
10417,0.5219993445439993,0.6500889467631232,0.2,59.13209000239949
7205,0.5666387507652831,0.568033302174801,0.2,46.019217628991484
5517,0.47208407389662765,0.7505981865961928,0.0,44.58553056583095
5076,0.40987172066547417,0.8919110446654969,0.8,65.60451716256026
14974,0.4216735492845447,0.8635238442078953,0.0,26.091373084504838
3448,0.47706406127986123,0.7401044967342165,0.2,51.096812308841606
2874,0.4518230962362722,0.7944645557672981,0.0,13.168253648613089
5211,0.49082743660282796,0.711662665909075,0.0,55.09763492071407
1551,0.44684064419737496,0.805553248607055,0.8,15.470645468626998
11327,0.49650943550845883,0.7001527916322501,0.2,8.6103038236952
370,0.40779154507150384,0.8969991540839243,0.0,35.67813930061996
10863,0.4325997108057492,0.8379424339660623,0.0,17.36384202024637
433,0.43650854335323164,0.82894733149257,0.0,65.56973265618905
7654,0.4958435516612368,0.7014948220504016,0.0,48.0734392987971
6040,0.44778876106545196,0.803433673244433,0.0,72.90356979388037
6160,0.46282987556916366,0.7703957317937475,0.0,57.19418042145146
2584,0.4504651658279054,0.79747452827983,0.0,48.1634745005152
155,0.41488264318167045,0.8797595862574146,0.0,90.81318194901503
3495,0.4177100556698828,0.8729677338643435,0.0,96.39702843195704
19012,0.5152410207244568,0.663120486390191,0.2,55.86789844876969
15423,0.5214799073632052,0.6510845338296605,0.0,7.81659557703829
3534,0.49248584304369913,0.7082895638720772,0.0,46.5487910022842
17528,0.4880839392466815,0.7172678812674023,0.0,26.512012419650457
4441,0.5165322994686005,0.6606174571045067,0.0,43.0194055809743
12762,0.5491208171282518,0.5994367940550611,0.0,3.7785497935960244
1701,0.5035189316883227,0.6861339673549713,0.0,17.80380284482139
18035,0.3988110089564646,0.9192676360686887,0.0,13.148836187909627
18272,0.471761788796561,0.7512811055458455,0.0,19.91721314838947
4608,0.5046962303737798,0.683798554707246,0.0,44.48451257667418
20112,0.5137163777597037,0.6660839600632623,0.0,44.66092901406001
14487,0.4782825666369986,0.737553577555179,0.0,11.291207026660507
12511,0.5595214464024625,0.5806734205930919,0.0,5.163638071435539
10430,0.5247597104084706,0.6448148156246496,0.0,22.254170586313723
15674,0.49894085786273995,0.6952677115719791,0.0,1.3821922351382758
16248,0.4886662420502512,0.7160755541325721,0.0,4.875472322714869
11522,0.4132383167315979,0.8837308143525292,0.0,7.906297154135598
15208,0.5194377494227754,0.6550083034903997,0.0,5.240066427923198
3378,0.5028774021544008,0.6874088718816335,0.2,47.46558207897544
4960,0.3985234665553631,0.9199888952701857,0.0,78.30945027326493
20861,0.519608389544236,0.6546798481570025,0.0,31.509739293664627
3539,0.4691078162009194,0.7569226516656252,0.8,49.744957591442734
8261,0.4353342646795809,0.8316411184296789,0.0,57.48719231145156
16075,0.3758990357842467,0.9784346935010975,0.0,9.254524458901757
5290,0.48212976381707595,0.7295419816271115,0.0,43.14511513113209
1140,0.470451531845977,0.7540623394054745,0.0,45.80174488463758
11883,0.4791508629894147,0.7357397771099542,0.0,11.518373331176141
9133,0.48711624440752377,0.7192524895006592,0.0,20.791431417672662
10894,0.5226141644511996,0.6489118224527475,0.0,10.428986859531369
16526,0.47663538747106826,0.7410034672394921,0.0,9.269953191430293
42,0.45003163543394775,0.7984373977244402,0.8,66.57770411489874
10605,0.5262127554512261,0.642049669979464,0.0,6.424172221317609
9979,0.5314703347143922,0.6321078970298838,0.0,16.919632808011578
3648,0.4664146128018011,0.7626803133864877,0.0,71.55085837176033
3700,0.41534339574157547,0.8786496412891607,0.0,40.378345874298915
14179,0.4619674770616339,0.7722607863488002,0.0,26.994374254932936
17703,0.4936341706293542,0.7059605814180306,0.0,8.172906087346735
11805,0.46533083839966055,0.7650066459476165,0.2,13.396948927579306
11936,0.48489979303082364,0.7238130216994972,0.0,5.141967427279345
789,0.47647060092186794,0.7413492557516808,0.0,49.70005478431819
10505,0.48862901851347,0.7161517307770341,0.0,34.41395451675463
11592,0.4685734321003925,0.7580624508443939,0.0,10.81053895707381
8029,0.4715106594314969,0.7518135696742512,0.0,22.193536920936836
4961,0.4570940600645581,0.782866088555916,0.0,79.43351078117902
14919,0.5910913633450805,0.5257846824155856,0.0,2.215446483942241
6274,0.4934933213413066,0.7062459534498081,0.0,21.34557835443094
8196,0.5545338915123962,0.5896273532075867,0.0,17.302615399636586
15279,0.4840940590413195,0.7254760542842368,0.0,7.4578941632198585
8429,0.3740827627497363,0.9832782152741011,0.8,72.61510219944631
14577,0.4914013003137879,0.7104941727573547,0.2,21.948941855280225
19659,0.5290009117427815,0.6367651236039968,0.0,6.419738916581969
2777,0.49893206899768655,0.6952853267709028,0.0,46.618880629528434
5592,0.42101198822022007,0.8650939701227068,0.0,48.778325353408924
17087,0.4709001958940311,0.7531091057334981,0.2,22.859572570753336
12031,0.5921116729791037,0.5240600250987868,0.0,4.227592051546269
8716,0.45344882514706625,0.7908728600124896,0.0,52.61281821910708
14839,0.5741631570142436,0.5548416773833034,0.2,2.0638640214467636
7914,0.5085367956273108,0.6762177049958062,0.0,48.48818661578423
1972,0.4303469098583439,0.8431636284437596,0.0,71.500278265162
10013,0.45025107162801326,0.7979499148555819,0.0,59.78679551756093
3606,0.4312588994744761,0.8410466743869431,0.0,35.786532145158304
8901,0.48088199039893126,0.7321333811836626,0.8,53.46404127808384
16742,0.4846668992864209,0.7242934295986697,0.0,7.379463554969803
4401,0.4673642301299296,0.7606463892669059,0.0,47.68492109855348
10596,0.5280493154858595,0.6385655990960339,0.0,9.813604337445483
18613,0.4571498684112898,0.7827440022175489,0.0,21.47066821970188
14212,0.4351926774350351,0.8319664093286611,0.8,29.293953852322417
9661,0.5078720858322558,0.6775256626532861,0.0,33.98604144228
2996,0.5339990116770671,0.6273612908156642,0.2,41.61601065189066
10162,0.5359586996524802,0.623698173767225,0.0,9.524619812234448
11470,0.44870452891338647,0.8013906726404255,0.0,8.609340020632594
9445,0.5172890459652401,0.6591534775975267,0.0,30.314467026606515
8926,0.48862579578841264,0.7161583262422295,0.2,56.64812524491668
348,0.4883000211023766,0.7168252646985157,0.0,43.84820286353333
9497,0.4773972993729811,0.7394062220414995,0.8,57.25961964008469
20875,0.5064280287686956,0.6803730606145697,0.0,5.47019921917339
16915,0.4554419193324811,0.7864870801103521,0.0,5.953707331444821
20939,0.5463701453185562,0.6044586110935776,0.0,23.198518012830895
13839,0.44418562713642845,0.8115127247845432,0.0,22.078826523663892
13138,0.5153133981676099,0.6629800232725811,0.0,8.100953129454727
2377,0.4721310041521419,0.75049878073699,0.0,22.499953818675294
19651,0.4801099724509472,0.7337400920489151,0.8,11.038385704070194
17259,0.5459929341287683,0.6051492444770716,0.0,3.4042066000485436
5943,0.5233343613483431,0.647534704949931,0.0,34.96039980711227
1132,0.472719168012474,0.7492537919469564,0.0,47.319122315793585
721,0.4519290891986407,0.7942299937611139,0.0,10.78564476955448
15410,0.5964637032400295,0.5167368888512679,0.2,18.981037809153094
14462,0.5469509713644224,0.6033961124522458,0.0,5.933495616556596
20885,0.48753549648440425,0.7183921778936528,0.0,26.910968955964215
7299,0.4211079452092975,0.864866076242789,0.0,49.58709568957177
1183,0.49030301408007837,0.712731682923738,0.0,47.69244121536727
14246,0.4496316560761116,0.7993265734593263,0.0,11.767286468297119
19824,0.48147031480233415,0.7309107011453524,0.2,24.00676321986946
6683,0.4551068542985583,0.7872230429906499,0.2,15.095002187185194
11167,0.5416944216767587,0.6130532341805023,0.0,9.269059057066954
12669,0.5052120585254386,0.6827770199754575,0.0,10.66309971734388
11709,0.5282185848259165,0.6382450945318868,0.0,8.1775152736898
17620,0.5395887316114736,0.6169480377215275,0.0,16.413902261164843
1577,0.4858067556133379,0.7219443563490875,0.0,21.658330690472624
19837,0.4549347618334226,0.7876012508970499,0.0,38.37390483111344
10705,0.4616663491623375,0.7729128367640533,0.0,9.451950782996331
13187,0.3903534256369384,0.9407027306456126,0.0,15.621778915012676
8433,0.4677099766262696,0.7599068832264262,0.0,54.758891048869565
8639,0.40050994129917294,0.9150166905616322,0.0,77.13590631624325
12128,0.44775875785277797,0.8035006785390744,0.8,11.007959142729725
7271,0.4508405712338098,0.7966415025657433,0.0,58.56908363330698
20257,0.46394465077879116,0.7679900209858297,0.0,16.828323818666824
6743,0.4796317959226672,0.7347365612734598,0.0,58.4060463212543
12581,0.4840255183550248,0.7256176497813418,0.0,7.181800889391677
18393,0.44745047128290055,0.8041894260899949,0.0,10.294428555010539
3856,0.4128671439656521,0.8846294230861145,0.0,68.6560900656483
16842,0.5497448775821716,0.5983009673129658,0.8,8.25655346303578
20084,0.5915147772828454,0.5250686131490547,0.0,17.329889136329435
7607,0.4990406603840553,0.6950677028146558,0.0,51.43674407153847
2153,0.45354563111267854,0.7906593946151836,0.0,68.9652644888589
19192,0.4053173332044589,0.9030849799054107,0.0,25.84809806059295
6509,0.4925022245402079,0.7082563015472848,0.0,28.857902250044773
7558,0.49055598487367,0.7122158681135148,0.0,49.03606143286032
3148,0.4843901417603317,0.7248646189546953,0.0,23.786434240687342
2916,0.4721254235625821,0.7505106008091569,0.0,44.32140375982242
3293,0.46870538828964203,0.7577808778753888,0.0,37.67307934990778
3522,0.4516568637985839,0.7948325383389486,0.0,25.438613206465277
21096,0.5378573266005197,0.6201619461823626,0.0,2.591842864972809
8698,0.5159038267197046,0.6618349131980725,0.0,20.043670245215633
9981,0.49647655634079896,0.7002190144550124,0.0,18.368496685675368
14801,0.44026431476490574,0.8203800170522999,0.0,27.65090841215774
10354,0.4017800654403774,0.9118504409720023,0.0,69.21856683504734
8624,0.4897512343083888,0.7138577018780925,0.8,21.844045949784736
3836,0.3564454646492731,1.0315740251653933,0.0,85.91979363017461
14315,0.46858355439581806,0.7580408487103399,0.0,22.657841228204735
10811,0.5299836750521747,0.634909074698704,0.0,29.269307374815888
17311,0.48467591567731255,0.7242748264981924,0.0,35.40979858832356
11551,0.5111995543240512,0.6709952477422532,0.0,4.371533949453249
20009,0.4776737062744279,0.7388274024405913,0.2,12.765570391492366
9967,0.5113707478020382,0.6706604179917109,0.2,35.54500215356068
13471,0.5569258621074805,0.5853231500546976,0.8,7.466147958547585
7445,0.46369320299754374,0.7685321458816221,0.0,60.421993556614765
18009,0.44776290406084773,0.8034914186668767,0.0,28.469708067423554
14029,0.4997208730216156,0.6937055903984714,0.0,8.678256763876883
20038,0.4689261613833929,0.7573099613455264,0.0,4.890329331779343
11713,0.5292129031847741,0.636364464603258,0.2,5.829098702106555
13987,0.5750602143689593,0.553280523025942,0.0,20.49904295599161
20049,0.5621444688758448,0.5759964000665719,0.2,9.888705774470544
13312,0.5135814016329112,0.6663467390359745,0.2,5.8828420483159025
5086,0.4507534141824028,0.7968348424794701,0.0,62.57145722157387
12484,0.5117623696034539,0.6698948835487747,0.2,5.734969851460503
7856,0.47256062619965267,0.7495892308620346,0.2,14.956178671261785
6072,0.4673330258057912,0.7607131581034502,0.2,53.55420749123906
19183,0.5111101548551957,0.6711701447784069,0.0,27.432402664167363
15524,0.5561162296851668,0.5867779603823229,0.0,5.860444991237463
11986,0.5296302580007985,0.6355761423040971,0.0,1.7748462379736833
4977,0.5047485540199368,0.683694886538342,0.0,46.516889799616834
10985,0.542223194687496,0.6120775639917341,0.0,2.6362793840909777
13640,0.42696051808770835,0.8510637335233532,0.0,5.712339688505333
5022,0.4005285787159911,0.9149701574265685,0.0,98.8693833184937
6890,0.43904304787976084,0.8231578117628112,0.0,59.267362446922405
4828,0.48849197983532655,0.7164322255760887,0.0,31.845415706423594
46,0.4522740119011887,0.7934670618073105,0.2,65.71890999955782
6222,0.5156016103000167,0.6624208847644629,0.0,16.825490220323847
20294,0.4841815563830526,0.7252953261101974,0.0,30.75615018511475
2309,0.5256388602108694,0.6431408795926034,0.0,16.62197620480798
6694,0.49690150145606776,0.6993634587320845,0.0,51.15843540553605
14894,0.4682282717573951,0.7587993418154387,0.0,5.503230261426105
13098,0.47746643850358705,0.7392614073878808,0.0,5.700444686987423
9350,0.43180131244012165,0.8397897214430533,0.0,65.54559032146516
9181,0.5183088831635024,0.6571839148951413,0.0,48.40159633481022
4577,0.45363521318605726,0.7904618991009587,0.8,59.810300319163524
1342,0.4372481146287301,0.827254476976701,0.8,64.54653182839724
12547,0.4902418223629515,0.7128564945895223,0.0,6.981360041691842
19710,0.49920231105865087,0.6947438324130943,0.0,33.98686833465332
10054,0.5484287441256929,0.6006979181422375,0.0,16.101707879121133
6516,0.4771300185994079,0.7399662495556969,0.0,59.40078616668799
17469,0.4911448203632033,0.7110162448535398,0.8,24.619294147045657
5867,0.4734415696888457,0.7477267748388478,0.0,52.460507556248224
13985,0.6125267951294753,0.49016259036996995,0.0,18.054649609095517
10809,0.4937254783833626,0.7057756280338003,0.0,32.53625537543005
3187,0.480737930162874,0.7324330010938881,0.0,15.261156644060797
10250,0.4394388124818574,0.8222567922956402,0.0,5.87440836242386
6976,0.4588018120132023,0.7791369442726406,0.0,51.11138532758817
7357,0.4963509876596001,0.7004719661033166,0.0,53.598359604736025
12713,0.3825445599069717,0.9609101360119205,0.0,7.433024229084239
19000,0.4563739243837257,0.7844427958785176,0.0,38.22001699490639
2327,0.4236850335302224,0.8587649452441625,0.0,24.92135910409699
17002,0.42172402750863675,0.8634041421230393,0.0,71.84817911213915
3623,0.42089119470368797,0.8653809235867417,0.0,47.682487569162966
7356,0.4985625316562908,0.6960262578156607,0.0,51.07788841667476
19348,0.4389813651387647,0.8232983152389858,0.0,9.724799336859693
14576,0.4834153517212642,0.7268790534154832,0.0,22.453294209558393
5488,0.38525066927385065,0.9538610675378644,0.0,45.78533124181749
11469,0.4624471720161546,0.7712229512213368,0.0,8.877238971759095
3183,0.45342226971242816,0.7909314249723747,0.0,71.35782809217221
16772,0.36743009126348747,1.0012222062793148,0.0,6.364369242004332
10449,0.4534551652660345,0.7908588781157609,0.0,47.277542768356284
15294,0.5413412559924289,0.6137054115817264,0.0,8.635448614597536
4802,0.4346522656789287,0.8332089568192549,0.0,63.56134196537933
1684,0.4577358019026435,0.7814631130518823,0.0,57.9064154847264
17996,0.4903125150433515,0.7127123053736355,0.0,17.700923131638287
10000,0.459315988379037,0.7780168779382988,0.0,65.2055956084524
15080,0.4548044330635048,0.7878877698720274,0.0,12.684048524669572
4018,0.4314455898153977,0.8406138718545499,0.0,43.71191812974915
774,0.47147602220942525,0.7518870324765612,0.0,29.977732313517095
783,0.48209857236971854,0.7296066788491236,0.0,23.37295262883113
10455,0.41904711911120196,0.8697719092700601,0.0,28.72639186613357
17955,0.5601733817843918,0.5795089328430584,0.0,18.05460230596826
14069,0.4592990611757563,0.7780537316852318,0.0,27.999042377923242
16761,0.5920842818627933,0.5241062862200199,0.0,2.5319573907559505
19324,0.42786342471765104,0.8489512354509219,0.0,13.778053110680135
4227,0.4025294933267072,0.9099869094621696,0.0,77.91535887642604
9504,0.47849060334476673,0.7371187060149358,0.8,46.44216204791404
20452,0.5445061454628523,0.6078760502396594,0.2,23.666133676673866
17350,0.5176250335046642,0.6585041723887302,0.0,4.611159019870938
3029,0.42392151115864896,0.8582069560779769,0.0,65.24518514534807
5373,0.43609456195262464,0.8298961739368584,0.0,56.66115937605742
19160,0.5399233637147312,0.616328068542072,0.0,4.324774326161242
8695,0.5191929383809469,0.6554797146459469,0.0,20.444411399642686
12408,0.46444141984552434,0.7669198431150851,0.0,5.90911733269039
3879,0.44979052701181255,0.7989733001237549,0.2,60.05882455518011
8410,0.4883468245171625,0.7167294195830951,0.0,50.17105937081665
12760,0.4375299019296184,0.8266102282523369,0.0,5.357343914055659
18751,0.4902839540605288,0.7127705576389264,0.8,35.43538974128133
33,0.43511367889474484,0.8321479512418797,0.0,61.811948802441215
15575,0.49018052348918056,0.7129815404416698,0.0,15.667057033298583
2647,0.4896657057452786,0.7140323538773174,0.0,49.353912813514086
21138,0.48600687477738796,0.7215325095492062,0.0,26.30058165971409
18584,0.4956087728186117,0.7019684279741897,0.2,17.05081375816436
6603,0.4455033244036567,0.8085505699135781,0.0,22.2351406726234
19925,0.481581289864001,0.7306802356923686,0.0,24.18588191641129
15641,0.4766664028218081,0.7409383979171292,0.2,1.8022585282499275
9676,0.5069507915011032,0.6793413382846325,0.0,20.111900008938758
16730,0.4974807979806771,0.6981983201521385,0.0,12.293702094897979
436,0.4859065666918882,0.7217389231691358,0.8,43.29350974681509
12143,0.506214379989473,0.6807950235514264,0.0,8.666520662794793
10072,0.3764319312245835,0.9770180416475177,0.0,15.118376688213015
20586,0.6021963691770198,0.5071716922170109,0.8,5.797479489911438
14818,0.4851907073998509,0.7232132541981791,0.0,9.334874926826817
11539,0.43120002420399733,0.841183203255632,0.8,6.64913203489075
17714,0.4761531399780511,0.7420157538493848,0.0,32.18975943733874
458,0.4510528249101566,0.7961708179345598,0.0,55.19852426523534
13691,0.4073774523111755,0.8980151220544346,0.0,14.695120601467815
16897,0.5929025081987892,0.5227252978868216,0.0,5.266013104372993
19754,0.47805048241990156,0.7380389403100939,0.0,10.879063331857564
12746,0.42168867736806825,0.8634879685591003,0.0,10.633854588086072
6353,0.449147726116542,0.8004034339568467,0.2,58.8556664844868
8561,0.5201006945695783,0.6537328427500926,0.0,44.4799832192266
17256,0.6185364415761445,0.48039916960289936,0.0,1.9839286488857257
10601,0.4264897238413049,0.8521670064993946,0.0,91.23725938058439
6506,0.49802298945643186,0.6971090394558566,0.0,33.56928228477365
9870,0.45158630641540437,0.7949887695414637,0.0,60.28399378471413
11581,0.45786575971122445,0.7811792388976605,0.0,11.504620533553437
13941,0.46573117607336456,0.7641466866921582,0.8,12.260734375022514
11375,0.39929107062175045,0.9180646277431468,0.0,2.5627774376754053
12053,0.5485231076924769,0.6005258712709726,0.0,6.3475587055978036
19210,0.4842324445323472,0.7251902302538935,0.0,25.90198116385146
1335,0.45185944410898604,0.7943841118699987,0.0,40.640691042055735
17369,0.47509516926741746,0.7442401386636914,0.0,20.946639043375693
7193,0.42517493569247805,0.8552545813532085,0.0,68.01412188712884
16117,0.5960629227530212,0.517409042400483,0.0,8.30726064933117
3974,0.4370465597579697,0.8277155454933826,0.0,54.62922600256325
5895,0.48232729378476263,0.7291323626214924,0.0,66.18334210750393
5882,0.44598261634983205,0.8074753045157865,0.0,60.586891771768386
14653,0.3706653684564437,0.9924555952115618,0.0,29.716599880240896
1536,0.5133729925367533,0.6667526170383516,0.0,35.62525891819477
20102,0.44403374215722646,0.8118547235878414,0.0,27.14030365729994
9323,0.43622256063251785,0.8296027057072483,0.0,26.2444802025882
17923,0.4795893203824218,0.7348251238364625,0.0,4.264925296257231
15788,0.4831202972441322,0.727489593723258,0.0,8.244275460098988
20214,0.4506615430088685,0.7970386801751272,0.0,5.909244802182545
19043,0.44617831006805725,0.8070366085012695,0.2,37.93072059955966
16308,0.39213498409241976,0.9361491512910158,0.0,13.548886266668806
3649,0.49456387303636823,0.7040789693519646,0.0,47.314104591773514
15508,0.41205280044811743,0.8866037814164746,0.0,14.917107607694676
1465,0.4847242027407748,0.7241752039324741,0.8,20.59916345485849
8665,0.4988318075332748,0.6954862990993416,0.0,58.86943545256245
21095,0.5405015201444459,0.6152578294286684,0.0,2.542552865696632
13434,0.48142145076104703,0.7310121955044832,0.0,16.283295678855783
11214,0.4343310608820929,0.8339482225833876,0.8,12.910352389275783
12722,0.5599348550829467,0.5799348322288495,0.0,11.065156831215408
13147,0.5434790124536735,0.6097641887070913,0.0,4.64000084285565
10732,0.620335800505723,0.4774943338438635,0.0,1.9726485349985734
9127,0.4625508826501133,0.7709987115402475,0.0,22.67121617168044
18619,0.5544860843706358,0.5897135683215243,0.0,2.424371355906875
10481,0.4598592521205269,0.7768348099695129,0.0,9.224913368387966
10231,0.5621737898421075,0.5759442422971112,0.8,5.673050731700222
11311,0.49362568092167824,0.705977779945172,0.2,6.622424788302281
21191,0.5438817954175451,0.6090233435720114,0.0,5.770495831858855
2515,0.49424085040958715,0.7047323291723876,0.0,33.76372578311546
21258,0.4826858438039203,0.7283892638559092,0.0,7.5031380667773755
16663,0.3688688883949506,0.9973140140841416,0.0,6.588755182420472
16256,0.542534825145786,0.6115030018107404,0.0,3.884266847644958
9670,0.5170239222442001,0.6596661342788125,0.0,54.09262301086261
17294,0.5307394888346744,0.6334839829572463,0.0,4.019455889987849
3865,0.5335334834431931,0.62823344836686,0.0,22.398093712890397
18787,0.49920231105865087,0.6947438324130943,0.0,33.98686833465332
7012,0.5000358106969668,0.6930755617307013,0.0,58.59607209746288
16473,0.5524539644826952,0.5933851712649834,0.0,6.666979290943182
16594,0.5133241260121371,0.6668478087434228,0.0,18.03189828171089
18003,0.4792423295013856,0.7355489023980608,0.0,16.626347457147283
17384,0.410424972508717,0.890562137784034,0.0,61.3775375081827
1777,0.4540137736462467,0.7896277429731338,0.0,41.17513600660616
10155,0.4819506413050297,0.729913574106651,0.0,13.09099956178688
19486,0.4601270043304477,0.7762527312360468,0.8,17.700502726339806
7329,0.4212625869363756,0.8644989177943058,0.0,72.87725811049964
7859,0.4742883518600193,0.7459398049917362,0.0,53.03631899669863
19233,0.4452321613795927,0.8091594218943707,0.0,12.94978869675756
5381,0.44041604046405186,0.8200354523081305,0.0,39.56056055822994
18429,0.5278432855060553,0.6389558470856977,0.0,6.710314213471918
6548,0.476508741539454,0.7412692107477504,0.0,51.21799419376784
14395,0.49004939633421934,0.7132490841129894,0.2,7.538329404019594
7753,0.42096380109936843,0.8652084321334096,0.0,49.32985823000504
10493,0.44519412457281843,0.8092448569436218,0.0,10.864921930900831
3569,0.5137495498099808,0.6660193894543525,0.0,12.581105860286744
10878,0.49781913218502694,0.6975184563098383,0.0,6.96140849110079
4753,0.4503183612844772,0.7978004768353028,0.0,62.268326608321914
3093,0.41431484018930614,0.881129110628867,0.8,66.7984024480619
20780,0.3873282759522112,0.9484826872456347,0.8,16.460346514376795
335,0.4473438036815027,0.8044278442490904,0.0,57.902715860811675
10567,0.46838979889931626,0.7584544261052192,0.0,12.30023445283221
12530,0.5654153587078498,0.5701946697692528,0.0,7.025282665538203
3010,0.49424085040958715,0.7047323291723876,0.0,33.76372578311546
10371,0.5115677596990365,0.6702752298342811,0.0,44.37557026159209
12598,0.4164871129592046,0.8758997591283495,0.8,13.812940020070714
14169,0.5166173580702276,0.6604527982843665,0.0,24.77028290509486
16973,0.40084078711558224,0.9141909701286783,0.0,17.892545691770025
11702,0.5143381500050519,0.6648743504474911,0.0,6.9246661760292785
2965,0.4559205747701402,0.7854366627741816,0.0,47.25972256094502
19819,0.5223431061358812,0.6494306155728635,0.8,7.816482330958467
12806,0.4742374581320031,0.746047116205683,0.0,5.267279540662514
3192,0.44063682692982337,0.8195342645166505,0.0,69.75466029989576
8028,0.4714065221452024,0.7520344528838322,0.0,22.50087232205182
16738,0.3852327829242735,0.9539074964378735,0.0,15.750633190640126
16129,0.46438562399371874,0.7670399857234271,0.0,22.348018123780204
17019,0.4407294166895378,0.8193241594423404,0.0,12.478303447776383
12340,0.5316080168424263,0.6318488716652861,0.0,9.812612808240043
18106,0.41830148318411764,0.871552854797699,0.0,5.770551600396351
12886,0.4756759690710097,0.7430183938032996,0.0,23.914790635181294
4329,0.49562048937680786,0.7019447875135141,0.8,48.66583340361123
6522,0.4522349754483919,0.7935533770421329,0.0,68.28526748904235
8781,0.4828411771034438,0.7280675052774334,0.0,45.15838812577565
13256,0.4456710660257355,0.8081741191855025,0.8,13.096461539742277
15873,0.5608413922968004,0.578317136611782,0.0,6.0185464782225955
19469,0.4317600130857209,0.8398853703638919,0.0,30.580226206792965
17227,0.4623778235973892,0.7713729221222624,0.2,11.501170151140764
3953,0.49210837265157303,0.7090563171286008,0.2,50.201186711737904
4873,0.5339967361595518,0.6273655521013853,0.2,48.83727216915943
17840,0.5862673688643544,0.5339793325997882,0.0,2.194361168118098
6305,0.4975556082918144,0.6980479531689675,0.0,16.456481028526735
3484,0.4236895982833792,0.858754171371579,0.0,85.1025370725686
12347,0.5549394316652712,0.5888963033256938,0.0,9.580165136635603
19009,0.5329266723484475,0.6293714396118895,0.0,24.396009707697417
16602,0.5327319920025313,0.6297368105408642,0.0,11.688860455060922
12273,0.4525985765559062,0.7927496908254137,0.0,13.116440608323696
8020,0.5012992159629082,0.6905521187216659,0.0,15.865435191054999
12146,0.5773814518942044,0.5492521357638963,0.0,8.192919664359609
20955,0.461370822390887,0.7735531723662504,0.0,17.67762384199103
98,0.45208628921654376,0.7938822120236769,0.8,25.547129825195555
1306,0.48468717356955504,0.7242515990979171,0.2,47.88751495877011
10271,0.40362884903481583,0.9072595137836273,0.0,14.489841005915155
2937,0.4966650719646484,0.6998393795253294,0.0,31.50676918659137
13597,0.4938479166920648,0.7055276701403617,0.0,9.489346692397332
15022,0.482669136582651,0.7284238774884287,0.0,9.615195043911429
11474,0.4920622524392548,0.709150041145913,0.0,8.480618734476552
11215,0.3825445599069717,0.9609101360119205,0.0,7.433024229084239
13027,0.5606353430788729,0.5786845971461765,0.0,8.703416870880066
8446,0.4731116118083097,0.7484239525576506,0.0,57.49991190972588
258,0.42406076174055135,0.8578785280256357,0.0,31.63426417585157
8143,0.5551884611491054,0.5884476532383961,0.8,17.079694033144307
19372,0.4614796375209723,0.7733173483940762,0.2,21.170065751187714
12219,0.5106084990727986,0.6721521290473257,0.0,12.143100032605647
2080,0.49851682680593545,0.6961179352734267,0.0,21.186348988279654
15103,0.46567595544557977,0.7642652613218359,0.0,17.94876867089351
4417,0.3998175682860105,0.9167469151949195,0.0,37.15117013711888
12743,0.5192657876795671,0.6553394119128455,0.0,8.183878520969342
11879,0.51161185522645,0.6701890367029918,0.0,4.728183698679552
7391,0.5073525033885914,0.6785492440254196,0.0,15.735896419586771
5030,0.4563719247841765,0.7844471773819801,0.0,46.28238346553682
16543,0.5433181241763162,0.6100602665547593,0.0,4.442764054088701
18200,0.4568644443167903,0.7833685528395744,0.0,27.122177302324218
3923,0.488692105615197,0.7160226286830405,0.0,53.71959880950894
12631,0.5588316807877818,0.5819069588832327,0.0,8.024496940801793
16828,0.5853725401551055,0.5355068136566296,0.2,1.9551837138189447
15383,0.5519707617316935,0.5942602019852562,0.0,7.209267502101845
20659,0.4862122356503848,0.7211100515377387,0.0,27.928590590550364
6088,0.4001284668609005,0.9159696162850337,0.0,86.78812114300695
6780,0.42511178159167373,0.8554031291304152,0.0,51.65779770919312
1754,0.5383110896111669,0.6193186524549078,0.0,16.99069622886669
19256,0.44787922410183667,0.8032316719712148,0.0,14.520018664584114
12073,0.48578086113171315,0.7219976597901454,0.2,8.548741421208117
17964,0.31112103977184574,1.1675732471119264,0.0,122.06977764082573
19001,0.4577612022292294,0.7814076233528932,0.0,5.053753595376491
13099,0.35896893421002196,1.024519428472083,0.0,10.434730564629161
7233,0.3894746603314711,0.9429564727029772,0.0,70.75002299583446
9776,0.480737930162874,0.7324330010938881,0.0,15.261156644060797
11727,0.5463174613951035,0.6045550410762549,0.2,4.9434470309663325
2832,0.4447175935928666,0.8103158194127551,0.0,53.48084408124184
16184,0.4621411681513477,0.7718848758048206,0.0,27.765856012051675
2818,0.5093123010622116,0.6746938925024146,0.8,48.679165373550404
15683,0.5305807514974549,0.6337831147977047,0.2,1.481784922094822
17018,0.4406789892823408,0.8194385840539288,0.0,21.6659519111481
15689,0.5736625151037987,0.5557140083554247,0.2,1.299259351269998
8175,0.45589590678448766,0.785490770121784,0.0,62.15195119306718
20157,0.46708661070588625,0.7612405766121986,0.0,4.230975191600354
332,0.4583925772734615,0.780029306397131,0.0,55.70266927604394
1967,0.4654308627866889,0.7647917157731455,0.0,61.24069722402441
6600,0.46562131473048846,0.7643826045524107,0.0,55.11963008081646
8627,0.4885909890770497,0.7162295626596074,0.8,22.25110341878058
1458,0.4524936200687671,0.7929816152370945,0.0,51.10964707207127
2135,0.5026892027051514,0.687783187119505,0.0,21.432010099230595
9344,0.4709995702628316,0.7528980973592744,0.0,49.87196836071447
4256,0.4838236446938766,0.7260348091317508,0.0,33.72976247759067
10480,0.46134273324040526,0.7736140561591003,0.0,9.186666916889315
11888,0.5132012429043374,0.6670872243723152,0.0,5.584187189574584
6450,0.40108597465226725,0.9135794740270027,0.0,67.51809339778544
20694,0.5678704220331086,0.5658620165100438,0.0,17.46532993077082
20241,0.4279076870455848,0.848847791136514,0.2,42.10285076418083
2986,0.40239400089039473,0.9103235686318065,0.0,31.86132490211324
4229,0.3915074035363409,0.937750853037004,0.0,90.02408189155238
11356,0.40284301637204417,0.9092083304632614,0.0,6.986902711640648
13146,0.5306746744395593,0.6336061113354765,0.0,5.309207637549347
17462,0.44774634231447763,0.8035284071099085,0.8,38.22987229883685
9712,0.4988289456347656,0.6954920363171285,0.2,18.82815248969721
10173,0.4940820879942483,0.7050536055700818,0.0,65.40782600105047
6417,0.43401137428297365,0.8346845371998716,0.0,57.73429686779961
20745,0.4283856182515353,0.8477315118134775,0.0,2.8449867315217086
2138,0.47812688739359144,0.7378791269192636,0.0,28.904201812711626
10895,0.5397187468839524,0.6167071142114099,0.0,7.147635253743411
14478,0.45700109637230774,0.7830694890266794,0.0,10.107469265317347
11795,0.4261575315247722,0.8529462087574204,0.0,6.436332094537226
15063,0.46652682983604293,0.7624397473023704,0.0,11.347391044131907
7430,0.42000764568739846,0.8674823638527988,0.0,69.39858910822392
15710,0.5396083906303035,0.6169116050468532,0.2,1.5379606869792501
13476,0.4971675260342434,0.6988282351667797,0.2,10.702379517249897
15454,0.4690556141032471,0.757033937388432,0.0,12.739858807717214
15608,0.4947538131563822,0.703694987290391,0.0,11.246100537428582
19559,0.5600784714568917,0.5796783774683051,0.0,4.379470318676847
12926,0.4996735123538471,0.6938003691334672,0.0,11.031773306674284
14756,0.46500099595998534,0.7657157315476436,0.8,25.008275675507093
15660,0.5715507047809341,0.55940207740651,0.2,3.699605438336694
19050,0.5167318149950805,0.6602312721472111,0.0,30.64529622906008
8399,0.48402329815056455,0.7256222367493177,0.0,40.573168032165086
9239,0.44377115547777896,0.812446265012774,0.2,12.024042167232237
15187,0.4736387427151427,0.747310394038691,0.8,11.424882096575598
1609,0.47494789161328826,0.7445501828319473,0.0,52.90029276239669
5939,0.47308200388972593,0.7484865357712809,0.0,43.075402417836855
19942,0.4776091789981183,0.7389624980806422,0.0,34.60561513819722
1203,0.44338723382898215,0.8133117737593312,0.8,57.8630665164122
6063,0.4446512743269215,0.8104649572305048,0.0,74.64382132425811
1643,0.4543420025400921,0.7889050549763468,0.0,37.95027730850509
5151,0.5327755828595666,0.6296549887723699,0.0,30.37455651426253
17293,0.5315811144175911,0.6318994787003844,0.0,4.009402210432729
13981,0.3908152709782627,0.9395202833787485,0.0,12.73120449612251
20523,0.4756425279682347,0.7430886985495919,0.8,22.37439974954435
3682,0.4096138140272433,0.8925404801730866,0.0,52.713438579968596
4251,0.48246188758779646,0.7288533507782718,0.0,56.60821450757396
10658,0.4892997740585168,0.7147799424518974,0.0,10.816407942687082
6813,0.4628806130766624,0.770286113272251,0.0,52.01357097407208
5182,0.47066363606157036,0.7536115885804587,0.0,50.45241343637829
15826,0.4937773339172193,0.7056706044667616,0.0,9.079863403865687
15896,0.568116808388938,0.5654282328316809,0.0,7.480615531147825
9255,0.4536877254242621,0.79034614706598,0.0,61.31900509653055
14042,0.5210404701826595,0.6519275623517612,0.0,6.542093144155315
20123,0.5946826458175448,0.5197273841018908,0.0,17.15360187611033
5087,0.45185944410898604,0.7943841118699987,0.0,40.640691042055735
611,0.45055943555259914,0.7972652782218554,0.0,65.30399881749915
16306,0.4164871129592046,0.8758997591283495,0.8,13.812940020070714
2977,0.42257871044420275,0.8613795526266672,0.0,62.34234512135504
16355,0.47682523278361455,0.7406052435246953,0.2,70.22048797291225
11242,0.5478545150272282,0.6017455108080675,0.2,40.813989996876224
1564,0.4963545837088357,0.7004647211571025,0.2,53.79919312223613
16056,0.5405030384872757,0.6152550202955936,0.0,6.1590103525049
15913,0.5829955565114349,0.5395757144249531,0.0,5.50421159218013
4422,0.49487163062738215,0.7034568821117163,0.0,30.873315985603817
20111,0.5741631570142436,0.5548416773833034,0.0,2.0638640214467636
3428,0.4925022245402079,0.7082563015472848,0.0,28.857902250044773
9417,0.44897245957898074,0.8007937303616657,0.0,70.5699474881218
14940,0.4351825497988095,0.8319896812139564,0.0,5.077632863378996
18484,0.4637837347393427,0.7683369243329173,0.0,37.460650058469504
10629,0.5147773575804659,0.6640207871713714,0.0,7.646531736896401
4225,0.47570696840463683,0.7429532269132555,0.0,68.47056927895997
10412,0.4944179441647681,0.7043740786656468,0.0,11.252022838316947
18361,0.5251269234716652,0.6441152866158616,0.0,2.790629313408645
11085,0.5569566824281434,0.5852678115078787,0.0,9.723347134774789
15733,0.5560349875967223,0.5869240593791618,0.2,5.791179614411904
5688,0.45524641696453827,0.7869164308841659,0.0,62.99266269375583
2962,0.5218409690874609,0.6503923944374187,0.0,16.260134878497077
1570,0.4840227410012043,0.725623387829613,0.2,38.57559240391644
16174,0.5271206312840767,0.6403258547674917,0.0,5.024317378799811
14530,0.5756667998255436,0.5522262581911278,0.0,5.045691235776006
14828,0.4975415557395776,0.6980761967470736,0.0,10.816516165524414
15378,0.5512513396085119,0.5955644220952142,0.0,11.158793235335187
6856,0.4685004190235559,0.7582182829101308,0.0,45.04195617071689
17187,0.4536764071353291,0.7903710946885,0.2,21.56567167395333
10614,0.5510952341248495,0.595847646062024,0.0,3.895949733765495
2591,0.4761034655399003,0.7421200837913521,0.8,55.866796170941214
5614,0.4418974213947743,0.816677502131139,0.0,67.51881498099387
2764,0.4834752062198918,0.7267552451970402,0.0,42.331675756485424
10397,0.46172296441618854,0.7727902118796424,0.0,12.530406115208795
7604,0.4436113723328406,0.8128063873763717,0.8,54.848174648084324
14106,0.4708351622821155,0.7532472201442066,0.0,10.654681914572752
3037,0.4809269731878478,0.7320398432969255,0.0,51.5575663868033
19410,0.447141693130404,0.8048797477293784,0.0,66.03032261138614
16535,0.5308850728415511,0.6332097164923495,0.0,7.013113920319604
9117,0.4672024747411021,0.7609925505191732,0.8,45.02602638448843
11864,0.4607166025176365,0.7749721700997702,0.0,9.227051201480752
9237,0.4551068542985583,0.7872230429906499,0.2,15.095002187185194
246,0.4094673616695102,0.8928980817482155,0.0,63.04306524696058
14386,0.489196390499089,0.714991253571056,0.0,7.5503079377326205
17328,0.5078886604816335,0.6774930277056583,0.8,19.22725220381951
18410,0.5275241847849833,0.6395605667492822,0.0,10.867412911110268
7137,0.5001715632898935,0.6928041128346205,0.0,59.2520728073161
9697,0.519080737639191,0.6556958440630438,0.0,46.68554334690437
10559,0.5192657876795671,0.6553394119128455,0.0,8.183878520969342
20491,0.502256366250107,0.6886445999067852,0.0,6.993186056536791
6409,0.4831973697196656,0.7273300758373045,0.2,21.034385848705725
17121,0.4270984506921312,0.8507407286474272,0.2,14.320519652427006
750,0.4992644977987846,0.694619267951537,0.0,53.92329186324901
14691,0.4827801007329733,0.7281940069856161,0.0,10.108789182751606
12829,0.5933176226458269,0.5220254034014912,0.0,4.742861803599932
8959,0.5016050713632293,0.6899421793412714,0.0,15.903168023392471
14814,0.38187139735585984,0.9626713831934534,0.2,1.9137907437573594
20846,0.495986211113267,0.7012071528185064,0.0,32.62716662723284
14348,0.4360242507848425,0.8300574161137443,0.0,24.3148712822677
15841,0.5446713603644019,0.6075726747073281,0.0,9.02245503060086
813,0.46273679649088595,0.7705968606403261,0.0,67.91077377782659
18864,0.4715479501765226,0.7517344849924186,0.0,28.428341160727907
16251,0.5569258621074805,0.5853231500546976,0.0,7.466147958547585
2101,0.5253990472819516,0.6435972150518094,0.0,18.989336517539627
11691,0.5964677793737947,0.5167300550409031,0.0,8.5885696554554
15980,0.46651282741881617,0.7624697619263341,0.0,11.601130245096913
3978,0.45185944410898604,0.7943841118699987,0.0,40.640691042055735
10794,0.49166260713631443,0.7099625555823159,0.0,38.373475587565736
19103,0.5192657876795671,0.6553394119128455,0.0,8.183878520969342
18279,0.45739031449144324,0.782218172756605,0.0,23.10672404740948
7982,0.5527529761954761,0.5928440749162888,0.8,17.1524594335294
15954,0.5429730792564502,0.6106955380738138,0.0,7.026968212340767
9687,0.50311353330218,0.6869394220212157,0.0,19.93498299662808
5473,0.40071391600379697,0.9145075327097499,0.8,32.00776364484125
15157,0.5975016207143227,0.5149982826875599,0.2,3.604215414593761
18189,0.43863365477098826,0.8240907136781237,0.0,39.62104599373036
11966,0.5659931573259993,0.5691732903820697,0.0,8.595371278454763
21149,0.5710883635926847,0.560211328947575,0.0,9.274298988819611
19821,0.5060398658583789,0.6811398265167663,0.8,7.00450137610423
15597,0.46494628977560915,0.7658333859250013,0.0,5.502972592919386
12046,0.45556750073160535,0.7862113828515667,0.0,12.274330600501976
973,0.4975556082918144,0.6980479531689675,0.0,16.456481028526735
216,0.4668613749117156,0.7617229071102687,0.0,53.72050918624861
17656,0.4675562108530415,0.760235700362493,0.0,28.756677214350056
2889,0.42801345983485445,0.8486006356825482,0.0,56.397997470545064
6526,0.4396028495864373,0.8218835742479358,0.0,58.13182169509103
18899,0.5075003899681307,0.67825779965638,0.0,20.015387823100664
16217,0.5182738742605318,0.6572514616544004,0.0,5.107172289729935
7335,0.48015088666438177,0.7336548772594734,0.0,45.38389115505842
10136,0.47389598346980166,0.7467674255249891,0.0,21.727199157230892
15471,0.452242855065726,0.7935359534700598,0.0,17.05792873640576
18774,0.5010813428157095,0.6909868301667784,0.0,8.87821332440068
860,0.47284139397866254,0.7489952660062975,0.0,16.122122815066533
680,0.44154143269236823,0.8174834180584882,0.0,15.6997643037666
10522,0.617084923835572,0.4827486246202615,0.0,1.6675272324906127
2738,0.431828297556825,0.8397272291051349,0.0,50.55157983279015
12533,0.49443711419334246,0.7043353064949132,0.0,6.23054992242888
17549,0.46245896057364233,0.7711974598615695,0.0,9.157969835856138
12214,0.4982849188231877,0.6965832394082735,0.0,11.800120447591738
4053,0.4818280024085806,0.7301680700905804,0.0,47.51568493284841
1505,0.4963509876596001,0.7004719661033166,0.0,53.598359604736025
13117,0.49566084470288774,0.7018633669829043,0.0,19.538121879996037
14561,0.452987505402279,0.7918907357729142,0.0,13.666845964275321
7696,0.439460045179918,0.8222084757052165,0.0,71.61435697933379
17597,0.500996260823154,0.6911566413519622,0.0,15.879324098716666
13176,0.4679531994534997,0.7593869892326761,0.0,12.38560211303641
14181,0.42096385389788654,0.8652083067104761,0.0,30.11357537909874
4946,0.46863989216199897,0.7579206260111412,0.2,22.72246074367492
5152,0.5369385724697229,0.6218715812030645,0.2,34.14385840683367
2076,0.49046264053113214,0.7124061689710159,0.2,21.799629042274475
21183,0.4541247539178197,0.7893833303229554,0.0,27.330423932530344
16504,0.6047277103003614,0.5029769878804623,0.0,4.527295831456647
11362,0.43124425994020604,0.8410806210087304,0.0,4.0950954757668905
3467,0.46853089080371574,0.7581532439304276,0.0,36.069141158415114
8421,0.4349455917283647,0.8325343322026869,0.0,46.12989196744233
7142,0.4977322829394161,0.6976929309668208,0.0,53.722355684445205
15793,0.46688599384289936,0.7616701756498903,0.0,7.8779549405452585
10119,0.40614410949019775,0.901047232876824,0.0,58.1445768376303
16359,0.4685434677232624,0.7581264009815559,0.2,53.4752018414915
21166,0.5767080912482819,0.5504190482038058,0.0,2.8233744594687353
3593,0.4577517240144562,0.7814283291550764,0.0,63.53012256412521
6784,0.4365687972771382,0.8288093049485328,0.0,38.99547716549716
8066,0.4972990507359958,0.6985637220989873,0.0,35.6966051333346
3755,0.44869668849646155,0.8014081462448134,0.0,75.42452902896757
20189,0.5039692989546236,0.6852399275387208,0.0,17.73195415908385
11028,0.46349258617218525,0.7689648894176698,0.0,5.809529974219956
16914,0.4564843021978972,0.7842009668376101,0.0,5.937185410738186
11778,0.5255311005278172,0.6433459076802668,0.0,8.042370972499816
3536,0.48354024938921153,0.7266207216606467,0.8,58.72912038258939
4817,0.49452739964433606,0.7041527206690698,0.0,30.426438415439435
17434,0.4986998822556352,0.6957508025326844,0.0,48.8469221332242
4144,0.48767590519737625,0.7181042224540425,0.0,45.455996733470855
19671,0.5591078353123857,0.5814129168957303,0.0,18.527884650882072
3732,0.4397256847810121,0.8216041901711705,0.0,64.12620641602561
20279,0.49482954041132393,0.7035419385253395,0.0,9.993303261169721
1893,0.48481191916928446,0.7239942587840331,0.0,20.923796981864555
14654,0.3988110089564646,0.9192676360686887,0.0,13.148836187909627
5560,0.4732834991031033,0.748060706182639,0.0,63.42806796209598
12152,0.5035166962836936,0.6861384069290383,0.0,7.520419519689996
9793,0.411520129881152,0.8878973417597678,0.0,49.97086131038067
8326,0.4442896588456154,0.811278544472938,0.8,66.56540395504817
1880,0.4965835869280287,0.7000034573442582,0.0,53.1099585096572
21121,0.4225750473011686,0.8613882212103434,0.0,5.403057855772188
18709,0.5702908631624447,0.5616087620553921,0.0,2.5581278147557773
19149,0.4962617083207488,0.7006518536656129,0.0,8.814200098609497
5336,0.44559433304083035,0.8083463080423235,0.0,58.05947419185919
19419,0.468255843016859,0.7587404593228542,0.0,20.85436187301373
12264,0.4769203179626794,0.740405850344186,0.0,12.295920216512922
1530,0.40108597465226725,0.9135794740270027,0.0,67.51809339778544
15242,0.4897685144558326,0.7138224189805963,0.0,8.112056725793558
14819,0.35470331240740305,1.0364735786292976,0.0,36.563676652104
3939,0.47892469924163866,0.7362118980175167,0.0,51.549560244623095
6156,0.47706406127986123,0.7401044967342165,0.0,51.096812308841606
18655,0.48639021467603416,0.7207440663860947,0.0,28.409928906843437
20716,0.4437808801194246,0.8124243516121935,0.0,23.619206373406435
3285,0.48158522042144375,0.7306720739521072,0.0,62.77532676719366
17940,0.5418456642097252,0.6127740704727286,0.2,7.6976683337752885
122,0.485208483407838,0.7231766177125811,0.0,31.790840693857227
2531,0.4817283697348446,0.7303748720525028,0.8,55.62169748958746
7381,0.5535308782247172,0.5914377411722997,0.0,2.431459673141342
16409,0.5238228003017816,0.6466018192155837,0.0,7.552309291603345
3635,0.5223215244754742,0.6494719334461363,0.0,49.09683160167309
5075,0.4096730897727389,0.8923957793477124,0.8,65.49293251009294
7434,0.5124622757708871,0.6685281789307217,0.8,20.591503877317802
16947,0.508020844863922,0.677232799048797,0.0,31.152708756244657
4077,0.44890877635774384,0.8009355825772925,0.2,55.272566264641945
804,0.4923211650460525,0.7086240009705722,0.0,54.88292671262199
19029,0.42216966426447305,0.8623479977256959,0.0,70.4322720563269
13793,0.4795893203824218,0.7348251238364625,0.0,4.264925296257231
10855,0.3725391621323607,0.9874131134473979,0.0,6.003471772135352
15961,0.3825445599069717,0.9609101360119205,0.0,7.433024229084239
7072,0.45208628921654376,0.7938822120236769,0.0,25.547129825195555
7013,0.4975968078015706,0.6979651527675145,0.0,53.80264316207767
9665,0.49145560643630376,0.7103836660860415,0.0,34.16945325477915
10521,0.6097171910836466,0.4947600504946557,0.0,1.7090175210695806
6505,0.4786028141369673,0.7368842235899914,0.2,57.580135592553724
815,0.4589054097050239,0.778911169232824,0.0,51.59507418604849
18219,0.5072242703590578,0.6788020253496809,0.0,18.186464386232345
14411,0.5976050451439033,0.5148252028566235,0.0,5.180428603744774
13968,0.4524158436618634,0.793153513996501,0.0,21.89659009567047
7452,0.4440878163396665,0.8117329515578992,0.0,72.09730922259803
8006,0.45184969034873396,0.7944056979310011,0.0,10.788030832503267
10556,0.5265413014683332,0.641425505150815,0.0,5.380277297473326
9764,0.480872998535663,0.7321520800484919,0.0,15.21869625769612
9571,0.431828297556825,0.8397272291051349,0.0,50.55157983279015
12459,0.5297133724525137,0.6354192254180246,0.0,3.9847140559178142
5522,0.4843732612148959,0.7248994686308612,0.0,53.031830995977245
20798,0.49140031399074074,0.710496179923466,0.0,50.00827243136892
5528,0.48257464730507477,0.7286196607287982,0.0,50.362187391861355
2643,0.5035189316883227,0.6861339673549713,0.0,17.80380284482139
11745,0.4418131749108645,0.8168681674564552,0.0,5.86960633567034
16812,0.45057638447015513,0.7972276614338388,0.2,2.247384687106822
7970,0.4415465328833844,0.8174718672476629,0.8,74.14878409712726
3038,0.481943451941204,0.7299284914380801,0.0,51.37236522260359
6211,0.520104292986041,0.6537259240821266,0.0,19.74906019145871
16520,0.4850074280469514,0.7235910726012114,0.0,10.219276478202472
13294,0.532215839089479,0.6307061593453768,0.8,6.596240610514881
7278,0.4870939189493754,0.7192983224410081,0.0,40.643949733917324
9279,0.4455033244036567,0.8085505699135781,0.0,22.2351406726234
4449,0.4851142916212047,0.7233707629791939,0.0,41.883166900551274
6823,0.5334327136839854,0.6284223386236997,0.0,42.167137962753856
15914,0.5767891880174676,0.5502784379556899,0.0,5.613390069548339
5115,0.451222193391349,0.7957953925271257,0.0,47.72783352396398
4930,0.4695451061405246,0.7559909122317351,0.0,22.72130853977315
5598,0.4185233411680063,0.8710226172076312,0.0,69.2680749625119
3989,0.4443520715904443,0.8111380767393308,0.0,46.43765334620359
20864,0.4254248659416533,0.8546669248409741,0.0,6.101467531811933
20357,0.4804333439047489,0.7330667825572721,0.0,3.712616963550528
592,0.4519817352990418,0.7941135085967951,0.0,12.217438026171166
15387,0.5964220709566359,0.5168066898067509,0.2,6.066160688592894
5618,0.4418974213947743,0.816677502131139,0.0,67.51881498099387
6103,0.4559592122303072,0.7853519203317216,0.0,56.80843043818393
1615,0.478387013078956,0.7373352232882786,0.0,56.00429542225166
12040,0.4789919575808429,0.7360714717312928,0.0,10.450006703824393
13308,0.5037250540854965,0.6857246873732344,0.0,10.401414883799259
15792,0.47079574784223127,0.7533309354077637,0.0,8.646355782405314
5896,0.482650846526257,0.7284617717757453,0.0,66.78173237176922
10696,0.4117931466872828,0.8872341268599035,0.0,74.60086049331179
2163,0.466801160990803,0.7618518914460017,0.0,51.96591681803553
875,0.4046713546806425,0.9046800112198781,0.0,59.926005461680084
8649,0.5004121470746229,0.6923232259545452,0.0,18.4054136486625
12252,0.4955990714632025,0.701988002789836,0.0,7.469503391886941
26,0.498949027651293,0.6952513374435871,0.0,16.17502194127732
9984,0.5041926684637086,0.684796805262819,0.0,19.491369712735057
4545,0.5036552929255819,0.6858631875141855,0.8,53.22641235307511
11509,0.587483159999245,0.5319076972057107,0.0,10.171138974807734
5689,0.4695996286902907,0.7558748011621518,0.2,67.31443064817012
9424,0.5468898323872765,0.6035079001584638,0.8,17.63751746125113
1266,0.4813198946223588,0.7312231683468813,0.0,53.56209708140905
20952,0.46183715951518295,0.772542918613904,0.0,16.571045456917375
9162,0.53262366962831,0.6299401649294423,0.2,43.059557282357275
5931,0.46557222480567606,0.7644880389713015,0.0,44.344126600801225
15522,0.4543391149681443,0.788911410499516,0.0,6.772014882637583
2186,0.39609021991876714,0.926113265598837,0.0,61.711555898728136
1150,0.45049202293182244,0.7974149092340862,0.0,57.12281568454931
15759,0.5279032768112526,0.6388421999142967,0.8,6.761186364305209
9122,0.46297483929848954,0.7700825691403659,0.0,45.68899436189746
1031,0.49599271249441007,0.7011940449167388,0.0,30.298594038889966
17371,0.4880839392466815,0.7172678812674023,0.0,26.512012419650457
384,0.42511178159167373,0.8554031291304152,0.0,51.65779770919312
16793,0.3760198993054554,0.9781132133079296,0.2,16.38946116473581
13169,0.45946352019661046,0.7776957305520882,0.0,5.524178900088833
7128,0.4517697288107871,0.7945826784970672,0.0,15.816167245534558
18608,0.40067581021756793,0.9146026319729696,0.0,63.40025765818385
10088,0.5180620557885617,0.6576602450783424,0.2,6.842297689041247
17472,0.48640635173217045,0.7207108897555534,0.2,70.2260708573292
17280,0.5363027823544837,0.6230563849506205,0.0,3.0936494419586227
19094,0.5436652340040127,0.6094216002184573,0.0,5.5094759314421635
1243,0.502876142387759,0.6874113770015978,0.0,58.948963369006584
16017,0.5365035952435652,0.6226820156410785,0.0,4.020190733790921
13942,0.5576061257347623,0.5841024337016869,0.8,9.142370984810796
17366,0.5477320334484088,0.6019691016863965,0.0,10.272543050146263
5589,0.420971033318511,0.8651912521359867,0.0,49.328878712462455
18605,0.47574360021808987,0.7428762248814544,0.0,6.548453610606752
6320,0.505079849603398,0.6830387441795841,0.0,53.17490912950214
12622,0.4641169420666614,0.7676187281941061,0.0,6.177795599176109
12838,0.43337657654684303,0.836148237148336,0.0,5.905505946768561
16628,0.46885486493291534,0.7574620148603964,0.8,4.770836622296385
14185,0.4739866490055921,0.7465761243386172,0.0,26.601254273632087
14233,0.5378298422221429,0.6202130472444174,0.8,8.366984097289338
2971,0.4886866463436995,0.7160337999336669,0.0,46.57441993704049
3874,0.43758307421083936,0.8264887072996459,0.0,49.725690678551985
14824,0.49752281807368715,0.6981138579605303,0.8,9.887037779675314
9427,0.5418543973665527,0.6127579531776628,0.0,19.24366335592047
20046,0.5467538341060725,0.6037566069101631,0.2,9.034009713055198
65,0.49276184285847013,0.7077292990250953,0.8,20.74000732391226
7971,0.4385669601812368,0.8242427760199487,0.8,79.56003521302023
13458,0.5358876495257553,0.6238307489761316,0.0,8.74766670131506
11606,0.4225910197758505,0.8613504239647938,0.0,12.80052829238957
14436,0.5406369510783159,0.6150072954995127,0.8,5.0861103220506365
10638,0.5003791592329786,0.6923891494721625,0.0,4.125081512054758
4208,0.44900982992384597,0.8007104985533691,0.0,94.50626473445035
20607,0.5072862369710481,0.6786798647379975,0.0,7.4539414670311555
10241,0.5106547807471374,0.6720614929199233,0.0,16.767933959934584
7782,0.4028694943037406,0.9091426049560734,0.2,31.81999117346257
13583,0.5053593200605909,0.682485577848132,0.2,9.225499071927091
12603,0.4101011445740823,0.8913514556246378,0.2,13.358684467760487
15095,0.4541200985921293,0.7893935815799321,0.0,14.078834557591065
9447,0.5137656879451201,0.6659879774916921,0.0,29.98943781347728
13634,0.522201319677039,0.6497020955716251,0.0,23.142389189512983
12920,0.5377725579724578,0.6203195629043469,0.0,9.65744484531455
477,0.4252857048488298,0.8549940892111909,0.8,76.43304989007476
5985,0.5069850654211344,0.6792737325878614,0.0,19.308354682759315
617,0.41044970316729473,0.8905018833765879,0.0,58.817648717624614
8894,0.47515529767586856,0.7441135859060279,0.0,54.56213209284117
17156,0.5488761586533482,0.599882439142159,0.0,4.295758440752532
15790,0.4760733784883018,0.7421832801435785,0.0,8.410791654170513
18259,0.49150623191286513,0.7102806601001913,0.0,21.002997547649358
13632,0.44670897592772457,0.8058479569649074,0.0,10.972022452278985
17643,0.4470717293346484,0.805036228932055,0.0,58.56840021079981
9009,0.40477074941145497,0.9044344229787684,0.0,62.311013435282995
5547,0.5068365603213121,0.6795666935922702,0.2,45.11303381349273
9669,0.5272509236412254,0.64007870781592,0.0,31.975133020963398
15937,0.49685883481479737,0.6994493278088414,0.8,10.477470450712936
12649,0.5263098205468983,0.6418652271975971,0.0,8.621534140621218
14609,0.5397679524037879,0.61661594954972,0.0,9.150581373456767
11743,0.43377784077829395,0.8352227635485382,0.0,5.1220035417042755
932,0.49194458734426133,0.7093891961818274,0.0,57.868421513648556
4361,0.4810166386178895,0.7318534177534717,0.0,43.6587147427076
21047,0.4776091789981183,0.7389624980806422,0.0,34.60561513819722
4322,0.504680563121465,0.6838295981241681,0.0,47.55009100121992
4711,0.35906119037887285,1.0242624582804456,0.0,47.01364839797293
79,0.5217935126007751,0.6504833390881584,0.8,18.098884267487996
2613,0.4858067556133379,0.7219443563490875,0.8,21.658330690472624
18496,0.4872875814276155,0.7189008139072044,0.0,9.14801244561083
13406,0.4456902760065895,0.8081310166187854,0.0,4.675442036724061
5220,0.43239641369429793,0.8384124872054615,0.0,62.90608789157303
17016,0.4545850259295003,0.7883703071086141,0.0,51.47269807289598
1042,0.4831355853840855,0.7274579496417483,0.0,51.72225910951556
12850,0.3074136783988648,1.179560951799081,0.0,13.810299839647703
5355,0.4359909609796294,0.830133767546105,0.0,35.529726200986
13748,0.3848595248983096,0.9548768816697523,0.0,27.72341858505041
14247,0.4851907073998509,0.7232132541981791,0.0,9.334874926826817
3112,0.48779181351035045,0.7178665758127507,0.0,50.430485686965696
16713,0.5147928911315716,0.6639906123462417,0.8,8.05168262072849
11458,0.43233623590918535,0.8385516696111155,0.2,31.43101302017505
3981,0.398030102569846,0.9212276419602483,0.0,32.2429674686087
20155,0.4317880748834888,0.8398203785049121,0.0,24.522754091245282
4902,0.42089119470368797,0.8653809235867417,0.0,47.682487569162966
3903,0.3878639615451487,0.9471006154128834,0.0,79.60380961577457
8092,0.484288681411905,0.7250741008724798,0.0,33.80657995317938
9491,0.49583331580561507,0.7015154655804826,0.0,62.45942669484637
2676,0.40197651992459327,0.9113616002167162,0.0,66.7891312562507
12091,0.48295856839321777,0.7278244087330421,0.0,16.94084026022142
17202,0.48816798436665526,0.7170957021030933,0.0,9.486458766836018
10640,0.5008171299420936,0.6915142546252936,0.0,5.346442562514241
10488,0.416447794766221,0.875994167929441,0.0,56.650541236003725
14950,0.4982234586587727,0.6967065904324731,0.0,4.7323793626934005
7248,0.5014309644005687,0.6902893392800998,0.2,51.08141110672739
20831,0.5186535444644612,0.6565191631076746,0.8,21.55024077768286
14094,0.4936226333495112,0.7059839538167765,0.2,9.171437667917036
14644,0.4210896998886023,0.8649094041262241,0.0,12.200931658800753
15397,0.595411956044958,0.5185017499084947,0.0,4.355414501438635
20723,0.4969883073028904,0.6991887797158025,0.0,8.142053659853744
5789,0.40239400089039473,0.9103235686318065,0.0,31.86132490211324
4797,0.4524182290654742,0.7931482414196105,0.8,37.96285132518431
1460,0.45195349551465097,0.7941759904725697,0.0,59.04698670936015
5021,0.4301762350788174,0.8435603052391919,0.0,74.3773444999909
16139,0.5670763752542911,0.5672612837008475,0.0,6.476648914309797
18998,0.4179918779604683,0.8722932773627425,0.0,56.78629102530063
3080,0.49628005023253047,0.7006148941893476,0.0,53.77569695184082
14408,0.5641029084102614,0.5725185824078716,0.2,7.454191932030563
921,0.495498066635741,0.7021918270648307,0.0,53.826516325136076
12064,0.42729340421412176,0.8502843724116919,0.2,8.825951680217093
17762,0.43863365477098826,0.8240907136781237,0.0,39.62104599373036
8430,0.3740827627497363,0.9832782152741011,0.8,72.61510219944631
7112,0.4459166321579835,0.8076232678470245,0.0,64.55736394361541
18946,0.5187647963592302,0.6563046847418744,0.0,27.929046059478765
13399,0.5342546554784237,0.6268826707760672,0.0,9.673739907775838
17076,0.4709233963933134,0.7530598385469953,0.0,34.64075257316178
16838,0.42620424275999114,0.8528366045103156,0.0,24.60092485962355
7823,0.47355170910198185,0.7474941661897697,0.0,49.97746040768224
10612,0.49223121553915405,0.7088067225990452,0.0,53.7778723519242
10557,0.4569226182074991,0.7832412280104689,0.2,27.887303564773365
20590,0.557500737014029,0.5842914536504787,0.0,7.088331633998187
8943,0.5013327119961906,0.6904853025105304,0.0,38.13204977754708
6175,0.458099966775849,0.7806678506154222,0.0,52.706399338309915
14959,0.372129616727408,0.9885130533344202,0.0,14.887006055293444
3885,0.49057591903319103,0.7121752330889184,0.0,57.02743233294173
1161,0.4696971852767977,0.7556670785649766,0.2,64.9227601207547
2776,0.5000994657276095,0.6929482688889644,0.2,46.46218090032749
2458,0.4150573718126459,0.8793385229747671,0.0,64.19610645459748
16229,0.5110001757516044,0.6713853448418883,0.0,9.987192512794017
4402,0.4665074597110222,0.7624812680165404,0.0,50.48007374517996
4670,0.49403447247968457,0.7051499818813497,0.0,64.63052072855632
1601,0.45185944410898604,0.7943841118699987,0.0,40.640691042055735
18110,0.45105744239463347,0.7961605808612345,0.0,37.50712545031062
11895,0.46172296441618854,0.7727902118796424,0.0,12.530406115208795
4036,0.42098790514454343,0.865151174585256,0.0,49.32659369093199
19631,0.4982037834799082,0.6967460818835998,0.0,8.007702740351213
16297,0.5328329435515231,0.6295473306773186,0.2,10.787922256374683
18237,0.5915147772828454,0.5250686131490547,0.0,17.329889136329435
7224,0.4527546661823842,0.7924048759605495,0.0,53.20562977430778
1356,0.48186350428529456,0.7300943911663947,0.0,46.22775239250314
5137,0.4950384777230036,0.7031197866607376,0.0,31.7542949254142
21163,0.41618889089096683,0.8766160571352811,0.0,11.655728495810472
20856,0.5251649733262221,0.6440428308448715,0.0,3.6008434420711852
18493,0.46236159102816154,0.7714080294594703,0.0,21.56239698049456
8990,0.45463121608817686,0.7882687027672447,0.2,15.107564140124811
13563,0.45592264153084233,0.7854321296249182,0.0,12.107436248206257
19924,0.4835884676310176,0.7265210074426788,0.0,23.80664080977202
21181,0.522406791577826,0.649308700381174,0.0,11.077530557746801
21097,0.5352586980814529,0.625005101141902,0.0,2.612083713820479
6062,0.42511178159167373,0.8554031291304152,0.0,51.65779770919312
6033,0.44009256983972467,0.8207701881984868,0.0,68.16496350368637
15802,0.4980226085003507,0.6971098043928875,0.0,19.4751577940146
14902,0.5695622302313909,0.5628872303677062,0.0,4.114987179198402
12101,0.5432303418084986,0.6102218467709332,0.0,7.116102197640592
6962,0.451278113245829,0.7956714704538802,0.0,48.269407448297855
2263,0.4991866690807457,0.6947751668493063,0.2,44.47950384937849
13630,0.48142145076104703,0.7310121955044832,0.0,16.283295678855783
6459,0.49602688950594176,0.7011251410130733,0.0,50.00494692037752
12465,0.4636805467012989,0.7685594408018196,0.0,5.112457362100024
15820,0.5524122756163379,0.5934606353616569,0.2,4.315052154635643
7179,0.431828297556825,0.8397272291051349,0.0,50.55157983279015
16163,0.39439080660195697,0.9304129663581013,0.2,35.05884639264053
4042,0.42841552295875346,0.8476617063340216,0.0,61.33256237376939
12208,0.5924684873605232,0.5234575932766827,0.0,4.7268223019162345
5481,0.4222878543911354,0.862068078073557,0.0,47.4999497864415
14826,0.4805768856356651,0.7327680516435496,0.0,10.354378836347069
10874,0.4300938105300045,0.8437519300655726,0.0,4.76137643560378
17320,0.3408579961982911,1.0762893218671998,0.0,68.7802719058116
18636,0.4563739243837257,0.7844427958785176,0.0,38.22001699490639
995,0.3937118127011061,0.9321360771617477,0.0,61.63283998212296
20405,0.48113650507120215,0.731604254811545,0.0,24.96855719459679
7903,0.5095394304825099,0.6742480387691802,0.0,48.41101124126885
3013,0.49712735303282124,0.6989090421834703,0.0,37.18545153685938
20932,0.5150040140616248,0.6635805840543593,0.0,24.07304663780566
15113,0.4630574102252729,0.7699042364158961,0.0,26.18867613819425
13,0.5057464379538438,0.6817198460557853,0.0,18.351898307832833
1779,0.4906285607893874,0.7120679328119031,0.0,53.77181222800267
2326,0.5166173580702276,0.6604527982843665,0.0,24.77028290509486
15217,0.5013890855471315,0.6903728614503312,0.0,8.189893197446882
6257,0.47894921997741935,0.7361606997641891,0.0,32.35794490608543
6447,0.45208628921654376,0.7938822120236769,0.0,25.547129825195555
12589,0.40367251474409993,0.9071513368096104,0.2,9.783626596507872
17871,0.56054845827712,0.5788395847616268,0.2,6.6913859807412726
5808,0.507330439766449,0.6785927327275698,0.0,59.133929344267344
4660,0.492164116341683,0.7089430483116972,0.2,53.31251506951713
11053,0.5161424397732542,0.6613725055220829,0.0,18.358047120194346
702,0.45208628921654376,0.7938822120236769,0.0,25.547129825195555
15190,0.41295523320919425,0.8844160860627764,0.0,14.17091017609437
7328,0.4212507423030516,0.8645270351733755,0.0,72.87962840553377
10404,0.5161602760617127,0.661337949207958,0.0,10.446825050894928
17298,0.40232114245331696,0.910504647459214,0.2,27.86963650747481
5310,0.4484384236367417,0.801983900918466,0.0,68.24883180375693
20604,0.4129877712571732,0.8843372960062718,0.0,26.123323690290476
10814,0.5251048815589597,0.6441572619447425,0.0,29.69564879274665
9831,0.5531712146312864,0.5920877148344347,0.0,17.23152857961845
10224,0.5966819857045895,0.5163709947797931,0.2,2.157785498802709
1807,0.46567182358703396,0.7642741341803724,0.0,60.93175418134041
8284,0.4852587925370567,0.7230729374947916,0.0,54.30277926084147
5952,0.5128962154839816,0.66768176327668,0.0,47.97961191658284
8065,0.5051464241360557,0.6829069429495337,0.0,34.63703576986049
1742,0.5254763386270045,0.6434501160784608,0.2,19.846574678317772
2833,0.4437464883564326,0.8125018517867927,0.0,53.62512221792831
18910,0.5102439486518556,0.6728663369375094,0.0,14.51709173278304
8099,0.48275655109963367,0.7282427873883064,0.0,46.72769911949686
10685,0.49939330576725066,0.6943613057772658,0.8,17.424996491700416
341,0.49351351530133664,0.7062050338547593,0.0,50.63136968670029
12545,0.5260309417751003,0.6423952433070389,0.2,6.693115982428269
12998,0.4757202941759725,0.7429252147427815,0.0,11.322180102637903
5330,0.4475126603991928,0.8040504502725767,0.0,43.74034265450275
14023,0.45592264153084233,0.7854321296249182,0.8,12.107436248206257
13613,0.48677059929112326,0.7199623155613557,0.2,9.563619902132405
733,0.5500179676064904,0.5978043329137832,0.0,15.84779186214967
11299,0.4663090332118941,0.7629067032519299,0.0,13.667472832091214
8197,0.5539157982491857,0.5907425925061907,0.0,17.151326019521257
11526,0.43174994647775505,0.8399086859211817,0.0,7.341641570521257
2167,0.470451531845977,0.7540623394054745,0.0,45.80174488463758
7359,0.486876333570311,0.719745123320442,0.2,57.629989059009255
8272,0.4384098510308294,0.8246010731837494,0.0,57.56951964630276
10406,0.46172296441618854,0.7727902118796424,0.0,12.530406115208795
2145,0.4286866352734815,0.84702908087353,0.0,78.0537310949596
3402,0.4902624545083154,0.7128144098258886,0.0,15.529553017644401
17046,0.47984418107967713,0.7342938505322439,0.0,11.759715568096487
3460,0.472861391510377,0.7489529746394448,0.0,33.26100148945659
487,0.4364611775016882,0.8290558480893279,0.0,66.86335541344312
10742,0.4907952048908126,0.7117283361792267,0.0,5.5948963244560925
9358,0.5183850270142145,0.657037017435628,0.8,18.73212426427494
18786,0.48789620545991164,0.7176525894811983,0.0,35.05445886762103
13668,0.4921262729846018,0.7090199430116967,0.0,8.228176283130695
14417,0.4666445792914183,0.7621873832568188,0.0,4.867328748686124
6983,0.4442479362779557,0.8113724573651314,0.0,72.2332482768844
12895,0.4825840595987361,0.7286001565921328,0.0,17.115545364086802
15933,0.474840992689264,0.7447752832226602,0.0,11.406233150034893
18226,0.4839960411919906,0.7256785516543478,0.0,28.233248446198843
5955,0.5015796692133558,0.6899928223561648,0.0,50.86282100526923
8219,0.4975556082918144,0.6980479531689675,0.0,16.456481028526735
11989,0.449663270806009,0.7992562634220619,0.0,12.909986154651511
645,0.4786028141369673,0.7368842235899914,0.0,57.580135592553724
17869,0.4122505336892311,0.8861240229665994,0.8,28.156591336807928
11908,0.5248417211374214,0.644658545393583,0.0,13.860771061082438
2456,0.5003308476293351,0.6924857041250583,0.0,24.915637959048116
12,0.5190183538048416,0.6558160326557103,0.0,18.159545043610354
20179,0.4438394940870309,0.8122922817107023,0.2,22.729968060280427
4364,0.4769013921380654,0.7404455345418008,0.0,51.960764821555756
19966,0.5034870423997565,0.6861973022097736,0.0,7.977387366380935
20943,0.4121475617942516,0.8863738340616981,0.0,10.66795168982182
4248,0.4833413618773651,0.7270321215928288,0.0,45.14869641495915
13119,0.4265593308448025,0.8520038107176989,0.0,12.883149462605632
12043,0.42168867736806825,0.8634879685591003,0.0,10.633854588086072
18850,0.5206179143613346,0.6527388760238306,0.0,29.10888972808251
1586,0.4418974213947743,0.816677502131139,0.0,67.51881498099387
15533,0.4467482903989714,0.8057599517009649,0.0,14.256713739232056
18125,0.4987790101681503,0.6955921467189482,0.0,16.137738334574294
7133,0.5008774866968239,0.6913937453327393,0.0,49.54873339226064
2633,0.4081952048052439,0.8960097758452983,0.0,59.27104803936889
15296,0.5233414852191187,0.6475210925773917,0.2,6.655869339009124
17640,0.4351974618773886,0.8319554155406171,0.0,59.45777581823653
15473,0.4753532108150519,0.7436971495663729,0.0,5.271027734565146
9474,0.4373606547897616,0.8269971272551164,0.0,63.15776972514501
8593,0.3799960842006809,0.96759433104985,0.0,33.86580158674475
16188,0.47036095934762767,0.7542548804260858,0.0,6.6302776501074305
6287,0.4904028779006749,0.7125280259012642,0.2,21.803357864386555
6757,0.5099072731057336,0.6735263872342981,0.0,16.703454531875558
11929,0.6234469975247626,0.47249152545495965,0.0,3.4713952951947764
5370,0.4399414905991193,0.821113536823003,0.0,33.58354490898064
1316,0.43758307421083936,0.8264887072996459,0.0,49.725690678551985
15221,0.5734391293720748,0.5561034868913916,0.0,9.606687789082951
19582,0.5299599738845902,0.6349537962602931,0.8,4.078943202920141
20775,0.4708255150397002,0.7532677099929345,0.8,29.104378846061387
13520,0.5050614869473957,0.6830751007870011,0.0,7.749829039340856
4746,0.46928848687823305,0.7565375890242801,0.0,51.482382355909884
10311,0.490834324261386,0.7116486332578448,0.0,9.743181427074255
19031,0.42546429764440447,0.8545742413177447,0.0,68.36593930541959
20151,0.41170074173581295,0.8874585485663831,0.2,70.19265139651417
8765,0.5537486248593881,0.5910444409497791,0.8,18.210080037338717
19807,0.4539497820511402,0.7897686992809302,0.0,28.390999833031323
18415,0.5329640688896232,0.6293012700537082,0.0,9.047464268339597
11166,0.5462862123886477,0.6046122420672713,0.0,8.54528660662134
14823,0.45430045701765326,0.788996500235218,0.0,10.730352704177243
7984,0.431828297556825,0.8397272291051349,0.0,50.55157983279015
14993,0.4871894822130734,0.719102151052087,0.0,9.779789528624086
7307,0.502541217008491,0.6880776185151877,0.0,17.408363879674635
16203,0.4799366626287754,0.7341011366434625,0.0,5.771135928901659
7507,0.5099011364384427,0.6735384221758294,0.0,35.764891759143644
12951,0.4861860643007609,0.7211638799939002,0.0,10.709284580767076
6951,0.4703356824289162,0.7543086212764195,0.0,55.46053965287332
12615,0.4164871129592046,0.8758997591283495,0.0,13.812940020070714
12647,0.527314454499087,0.6399582205341348,0.0,8.392603947028988
11303,0.4384634282093399,0.824478872679194,0.0,15.281715779303369
15974,0.5919305656969358,0.5243659386509634,0.0,7.106731302497261
6802,0.5027320211584959,0.6876980119663372,0.0,17.979862214303324
2754,0.45208628921654376,0.7938822120236769,0.2,25.547129825195555
13709,0.5138551857254068,0.665813793056934,0.0,9.02543920958705
17436,0.45145164100509433,0.795287019269934,0.0,60.859340363143374
6027,0.450332319396795,0.797769481217094,0.0,59.892541367774086
9013,0.4732708310091492,0.748087472937704,0.0,63.063773397903
1489,0.44302765347073986,0.8141230877007329,0.0,13.380110958756347
14434,0.5549257960248458,0.5889208750305924,0.0,4.726679237294221
20236,0.4682948495567735,0.7586571610235815,0.0,3.817942455873473
1531,0.3937118127011061,0.9321360771617477,0.8,61.63283998212296
2827,0.46085053344041255,0.7746815110289479,0.0,56.5517503051132
5154,0.5299032547538404,0.6350608272983956,0.2,30.635334163520717
11750,0.4726964730565073,0.7493018024832436,0.0,9.59143765980285
10653,0.5083788208615595,0.6765283989500745,0.0,4.5763762888886275
21065,0.468650182000219,0.7578986694397357,0.0,9.961933448688708
19890,0.4955597729783498,0.7020673008460329,0.0,33.86772643212217
107,0.4489585221684207,0.8008247737510674,0.0,66.77677546997904
1927,0.47156891575692605,0.7516900247963089,0.0,22.682245924734644
9598,0.48096393387397907,0.7319629932386119,0.0,15.214765851972611
2773,0.46972668312285754,0.7556042786999492,0.0,38.82673035754335
16233,0.4270893305829451,0.8507620825215667,0.0,12.672313370943002
6958,0.4246862364054329,0.8564046499925463,0.0,72.52590959510641
11982,0.6120002156615367,0.4910226440817411,0.2,6.116178215769003
13221,0.5930375045473801,0.522497636541858,0.2,4.7457152020074345
13295,0.514194108967022,0.6651544409117718,0.2,6.295852764819246
5701,0.44192662255100185,0.8166114230140609,0.0,69.93868258272893
1790,0.4964098190925029,0.700353445241954,0.0,59.899482066433045
16172,0.5473702809060164,0.6026297752158176,0.2,7.779950306082199
19464,0.4561294458354302,0.7849786373057914,0.0,27.620258979044046
2310,0.5253425307679537,0.6437047895786637,0.0,13.499775697851529
11173,0.43185626886762546,0.8396624570531668,0.0,14.020684069819342
1593,0.45099583703628165,0.7962971700402827,0.0,57.373213531508476
13774,0.46542360758567664,0.7648073040337026,0.8,12.391791335558898
18956,0.42474863363461535,0.8562577353049217,0.0,5.285122270334358
2461,0.500398655557478,0.6923501871286458,0.0,16.02444539802527
20547,0.48651712235388184,0.7204831830033979,0.0,23.63725125682491
2653,0.44006524892297927,0.8208322700573801,0.0,52.02845519107395
518,0.4499468169871876,0.7986258876750232,0.0,56.826224062631155
222,0.4878669879074944,0.7177124760451199,0.0,49.01258564620664
18807,0.4880839392466815,0.7172678812674023,0.0,26.512012419650457
8420,0.4942216794950288,0.7047711185325924,0.0,31.828872373344723
5224,0.4863434770421584,0.7208401618216895,0.0,25.96826517975417
6269,0.4576593734160838,0.7816300977352147,0.0,60.88507383920422
2075,0.3937118127011061,0.9321360771617477,0.0,61.63283998212296
19474,0.4553916528053671,0.7865974548894614,0.0,21.539004568460186
16120,0.5870854390595481,0.532584917685155,0.0,5.477636178060229
12873,0.4745449521288354,0.7453989296367228,0.0,11.002088016612397
6978,0.4671915196361337,0.7610159990966144,0.0,58.28240959408326
18576,0.4165814372851636,0.8756733087928172,0.0,25.545580135227034
16735,0.489902824878979,0.7135482241183089,0.0,10.482380371504009
12084,0.48044820746741385,0.733035845210947,0.2,13.67111858309191
15613,0.44609396970663884,0.8072256547455188,0.0,6.01463833349327
16445,0.3523580247538479,1.0431075045178395,0.0,2.6004672271182456
19844,0.5984113016941714,0.5134769659792092,0.0,3.676366576912158
15942,0.4915286634261304,0.7102350228326324,0.0,10.726608207721565
8071,0.49683350262931353,0.6995003137821346,0.0,53.927977544915876
19177,0.48640553357836586,0.7207125717946341,0.2,27.333023735451444
15272,0.5155815577196498,0.6624597771377898,0.0,5.275167086575296
17058,0.45341175538351247,0.7909546140645903,0.0,28.99523816030794
5072,0.48585267688596695,0.721849835015527,0.0,51.2549483062963
9648,0.4925836327515579,0.7080910200930183,0.0,32.64299494582699
20500,0.4755882709105494,0.7432027761379292,0.0,9.75342171344628
5025,0.4989785563273424,0.6951921574458958,0.8,57.01966107194609
18979,0.5700250005153371,0.5620750585621641,0.0,11.086368978251794
11443,0.41525965880516913,0.8788512705421032,0.0,27.105223715229926
1587,0.4268725676327906,0.8512697467516989,0.0,61.610647921154204
17619,0.5400382655375457,0.6161152798278513,0.0,15.423828984494293
20303,0.4761885930612275,0.7419412993086189,0.0,24.30043280184494
19188,0.4837487809743123,0.7261895545910626,0.0,29.379812852194455
6534,0.4601211498903859,0.7762654548476835,0.0,59.94710152734299
18573,0.4547654790609704,0.7879734235464486,0.0,21.962788826975178
13020,0.5242128502013716,0.6458574744646934,0.0,10.743581465623858
16371,0.4343310608820929,0.8339482225833876,0.0,12.910352389275783
619,0.3937496703165169,0.9320399261340304,0.0,80.25329741311666
17830,0.3787048150475667,0.9709982294798379,0.0,26.907332366787244
15506,0.4791836752238804,0.735671299489311,0.0,11.611100114227067
20687,0.4507066798893042,0.7969385282520246,0.0,63.627572217244804
2875,0.41200927626006134,0.8867094146917502,0.0,62.12729730519539
292,0.4550915308952778,0.7872567134597063,0.0,56.06763726934658
14744,0.4500456577450997,0.7984062397088801,0.0,27.943819405979774
7334,0.45689334892180367,0.7833052874858081,0.0,43.90817812906278
10479,0.46205713567057055,0.772066725264317,0.0,9.168292362513764
9736,0.46817295200553005,0.7589174957659582,0.0,63.97674431406218
17140,0.5116867544286686,0.6700426489298713,0.0,8.969860997456404
18327,0.4522574723575345,0.7935036322173933,0.0,12.998779944895702
376,0.4146059312782329,0.8804267730571418,0.0,43.48427778392237
1298,0.4515537879270251,0.795060781599387,0.0,35.90494174279547
20065,0.49191957620114635,0.7094400388571622,0.0,5.429699225081883
12449,0.3887617610322148,0.9447885624872463,0.0,9.047957501082397
20717,0.4450975354114341,0.8094618401326252,0.0,23.53307953252686
8279,0.4826511142459308,0.728461217089886,0.0,46.792706724386264
4345,0.42092754237210434,0.8652945684919021,0.0,49.33476929443191
17858,0.5307967604095477,0.6333760797651138,0.0,5.5369733015164755
13094,0.39750913779867003,0.9225373569792197,0.0,6.366061025501869
9355,0.42257871044420275,0.8613795526266672,0.0,62.34234512135504
13121,0.44462493276241266,0.8105241999366664,0.0,11.377733765801398
13955,0.522672487223432,0.6488002305325801,0.0,10.241635761874676
11784,0.5795692096073318,0.5454701934675356,0.2,9.182445297175798
6941,0.47631139623891167,0.741683444862962,0.0,57.7975350651517
18156,0.4503106985550435,0.7978174932292336,0.0,12.276017835273727
11172,0.4309539243959931,0.8417540985466364,0.0,14.055610300378923
10197,0.45185944410898604,0.7943841118699987,0.0,40.640691042055735
1652,0.44684064419737496,0.805553248607055,0.0,15.470645468626998
10749,0.5042566236300052,0.6846699666267392,0.8,18.888914876463154
4692,0.40155597222632466,0.9124083475250713,0.8,75.8348178554318
624,0.45917648279003054,0.7783206487245778,0.0,52.33427875756832
20765,0.5574560438015734,0.5843716239552808,0.2,19.35672487829922
21186,0.46460123647401574,0.7665757972761116,0.8,28.21573783944919
6061,0.4031474057979241,0.9084530127027062,0.0,96.38686672704105
1686,0.4333067160129674,0.8363094506726456,0.8,63.66405693245515
19639,0.5169227325030189,0.6598618692155033,0.2,20.148882705101776
19875,0.4512419966655383,0.7957515054135744,0.0,37.487853905721664
2499,0.49710988436464415,0.6989441820223775,0.0,47.59809772921972
8454,0.47714338938636186,0.7399382265869273,0.0,21.476708155741697
3925,0.488057308873254,0.717322443808398,0.0,50.5568882476197
16479,0.49701969253639233,0.6991256308608286,0.0,10.273196550088926
4945,0.46883535675733146,0.7575036238590518,0.0,22.997810482704338
8125,0.46235211592745085,0.7714285225064311,0.0,64.64764005216236
10991,0.49472221202283223,0.7037588617709375,0.0,3.5749190371403574
2651,0.5035189316883227,0.6861339673549713,0.0,17.80380284482139
13596,0.4945757986615776,0.7040548562250702,0.0,9.469537346219871
7376,0.47886404114564673,0.7363385608054891,0.0,47.549063125796195
10843,0.5513251990550114,0.5954304460055371,0.0,5.919769441945151
1281,0.5127213334834722,0.6680227909870198,0.0,34.8073272185821
17896,0.49390770777853193,0.7054066056076799,0.0,31.88261521840787
5036,0.4484310629193481,0.802000315162688,0.0,61.802142328428154
2289,0.4358406278442193,0.8304786349237666,0.0,55.691895230452054
16192,0.4901331876709115,0.713078113238249,0.0,9.430101466356478
21161,0.41480657847079927,0.879942943372583,0.0,11.699962852191513
11009,0.5713687638601336,0.5597204566577685,0.0,4.388208332155713
18265,0.4693985339377916,0.7563031188385371,0.2,21.10085672708844
10837,0.4313434397705722,0.8408506621747788,0.0,8.463372060095287
6134,0.3878639615451487,0.9471006154128834,0.0,79.60380961577457
19501,0.5142523215522441,0.6650412360163941,0.0,5.2042803586152715
4676,0.42092149659786526,0.8653089315759215,0.2,49.3355882056585
9791,0.47259013502103986,0.749526788291796,0.0,55.037752293004004
16093,0.4241410289718921,0.8576892635547061,0.0,7.716630286206653
4972,0.48769768257859014,0.718059568012933,0.8,45.66859016913046
2022,0.5458810782224963,0.6053541324135879,0.0,16.6018366195941
11902,0.5494756878400221,0.5987907502664486,0.2,9.965374301811062
8559,0.5280928768225338,0.6384831076720264,0.0,44.05533442936982
7303,0.44684064419737496,0.805553248607055,0.2,15.470645468626998
11276,0.43126904832847174,0.841023141574999,0.0,9.891273099086217
12104,0.514053776858356,0.6654273947616592,0.0,10.844436890186156
17581,0.5290464772895365,0.6366789922128031,0.0,24.501952645916134
19811,0.4712007380140553,0.752471080402236,0.0,28.783900404949442
8890,0.47515529767586856,0.7441135859060279,0.2,54.56213209284117
20669,0.4516474213528203,0.7948534447952095,0.0,22.2598708124536
21129,0.563952485154753,0.5727852772125027,0.0,4.263527234966291
19930,0.5051958681281186,0.682809067224681,0.0,17.985191586063966
8671,0.49838615003956843,0.6963801007401784,0.0,54.046057387002655
5585,0.42926776781686277,0.845674387360303,0.8,56.85468544912239
2089,0.44482851746906565,0.8100664250859302,0.0,76.63228257706572
11938,0.43356661230582594,0.8357098329611409,0.0,6.318467599223829
8521,0.40155597222632466,0.9124083475250713,0.0,75.8348178554318
17336,0.4420517857623359,0.8163282414091859,0.0,62.081762136359565
18671,0.493951600221487,0.7053177418542517,0.0,17.75108394524804
9110,0.5544621908527131,0.5897566605350393,0.0,16.42177437008019
10661,0.4456902760065895,0.8081310166187854,0.0,4.675442036724061
2340,0.44150988039445743,0.8175548800391378,0.8,15.537628249662276
6233,0.5046148569991595,0.6839598000870195,0.0,51.89271158159424
11103,0.4478669949525138,0.8032589769133144,0.2,2.318205437247676
6113,0.5051925685759439,0.6828155984795031,0.0,47.28498019470559
16909,0.5829182373793409,0.539708347099191,0.0,3.776824918430109
18837,0.520447826149378,0.6530656338967514,0.0,14.35088929343648
2978,0.46121671479506826,0.7738872492772004,0.0,61.06357245953092
15147,0.5157864301828643,0.6620624941731985,0.0,8.16885762596542
9294,0.45168921974026566,0.7947609025787782,0.0,25.436320504157777
4779,0.4429418027117525,0.8143168884207397,0.0,51.52589614462645
3145,0.4841333139782234,0.7253949680889499,0.8,40.30294819036264
11280,0.43991518473093993,0.821173332625944,0.0,22.7481449510053
12619,0.5814490905830955,0.542231859294363,0.2,6.333268023477892
18486,0.46662582261073254,0.7622275788542577,0.0,37.1627873256236
13873,0.5388103523278402,0.618391620955972,0.8,9.183116396838072
1799,0.45093855979611874,0.7964241798104856,0.0,57.38236154772207
307,0.4426177010263961,0.8150488588833883,0.0,13.395326005883106
13797,0.5678283060675772,0.5659361840062443,0.0,3.971174450363029
1024,0.4395622050058858,0.8219760360225893,0.0,48.81305179072145
1525,0.5004513759913297,0.692244835812787,0.0,19.112879679127644
14235,0.5569258621074805,0.5853231500546976,0.0,7.466147958547585
1436,0.44684064419737496,0.805553248607055,0.0,15.470645468626998
11143,0.4963651600548771,0.7004434133386406,0.0,23.473960453231246
7159,0.5015431007406431,0.6900657316227555,0.0,45.68235327610072
631,0.4813198946223588,0.7312231683468813,0.0,53.56209708140905
12469,0.4889097637716138,0.7155773386998087,0.2,4.594378406856004
9885,0.4679162076306732,0.759466042618898,0.8,68.46586490094687
8738,0.46589499354496616,0.7637950059888197,0.0,64.29435394180506
19842,0.5220493754588231,0.649993106571179,0.0,14.411971932292042
19967,0.5033391392237466,0.6864911030261872,0.0,7.915242398251269
9587,0.4709233963933134,0.7530598385469953,0.0,34.64075257316178
743,0.49304843848908597,0.70714785725255,0.0,42.4005848734497
540,0.4840181113831163,0.7256329527525739,0.0,52.69909319365568
351,0.48594517151176225,0.7216594772652457,0.0,53.43166560450534
5697,0.4563719247841765,0.7844471773819801,0.0,46.28238346553682
1138,0.45233450975826994,0.7933333070267111,0.0,61.16599827439207
3265,0.40547275252251885,0.9027016024500136,0.0,66.84505641625017
14651,0.5438417226920907,0.6090970253942858,0.0,7.752587039129862
12551,0.5568627870747787,0.5854364121764037,0.2,5.403577816396685
13044,0.4171240913780246,0.8743715202095862,0.8,13.448272277292602
2007,0.4929679423313828,0.7073111327507016,0.0,21.388736380281898
3466,0.46864426200442383,0.7579113015338085,0.8,33.97716214433551
11274,0.4483404128899404,0.8022024849064003,0.0,16.458387661041957
8343,0.4851479394195477,0.7233014048257379,0.0,41.944248300293985
3665,0.42534874029312725,0.8548458811418544,0.0,72.44819168775041
1502,0.4028274072225602,0.9092470786884135,0.0,73.148924705681
5343,0.3815293489299372,0.9635675008629117,0.0,62.27536493425279
6263,0.4224859899761451,0.8615989925544824,0.8,63.801401454572236
3487,0.387389843210747,0.948323746187868,0.0,106.22174483634117
14790,0.4464889426002162,0.806340643585409,0.0,26.83300088995127
3294,0.46808112156742726,0.7591136614030204,0.0,59.28108846804057
7760,0.5170536831890779,0.6596085739086245,0.2,14.185542332683031
13362,0.5308085200493363,0.6333539253165527,0.0,8.40903973301249
7490,0.47110197699657985,0.7526806967309674,0.0,73.1793795911687
13896,0.4619893788081278,0.7722133777574599,0.0,12.895962893041535
8852,0.4380925416773915,0.8253251085541934,0.0,24.73664346724262
1071,0.42290782059784393,0.8606010418918887,0.8,24.195796454348283
11234,0.350472408965678,1.0484732946768198,0.0,6.249739544116522
20207,0.5188637875172447,0.6561138820599649,0.0,11.88878284212133
13456,0.5193194921764118,0.6552359933531292,0.0,15.817725167414439
16130,0.4529527548727961,0.7919674528171251,0.0,16.904939747507672
20524,0.4750530111194178,0.7443288788179065,0.8,22.41174157581479
2794,0.4242834829693674,0.8573534552492905,0.0,63.55989696586685
6924,0.4520429378722711,0.7939781083690377,0.8,41.55681128440076
3600,0.45032268433594946,0.7977908768920328,0.0,34.995096632269174
8129,0.46235211592745085,0.7714285225064311,0.0,64.64764005216236
19705,0.5105441524923799,0.6722781563957445,0.0,27.03902762975448
16266,0.561470377359021,0.5771962624570611,0.2,4.567209866674167
6342,0.4843164259050773,0.725016813350516,0.2,50.68229945223754
9991,0.48279169959093643,0.7281699821374178,0.0,49.37902691369365
17424,0.4709233963933134,0.7530598385469953,0.0,34.64075257316178
11043,0.4937134009061777,0.7058000902611621,0.0,4.7934413776266105
14922,0.5921250465951022,0.5240374390468969,0.0,2.208084298798374
9246,0.45786409301424436,0.7811828790475915,0.2,78.68464430007819
20670,0.502803783840636,0.6875552767561037,0.0,19.75054129814603
15920,0.5442050038433714,0.6084292578142356,0.0,9.570592527144472
19141,0.5147836429676874,0.6640085773319967,0.8,20.91958967158638
8463,0.40101442039648283,0.9137578912336665,0.0,75.97897005036326
12639,0.5490162195790828,0.599627294049122,0.2,10.65897550755301
20625,0.5309944727299584,0.6330036669658272,0.0,24.069646659571333
6647,0.49398943894458197,0.7052411406774336,0.0,47.43804489722254
18273,0.4694247062523594,0.7562473632639961,0.0,19.080877182125917
16000,0.49588290730504503,0.7014154541088223,0.8,5.611323632870579
2673,0.4587486855703518,0.7792527448592017,0.0,66.11492275043335
19853,0.6054454762309561,0.5017907675563826,0.0,3.5498683406955434
1639,0.5492368952113278,0.5992254274261313,0.2,13.239587102325189
3014,0.5019031769260749,0.6893480525423683,0.0,49.22289685029849
16899,0.4618407839385937,0.772535070806264,0.0,5.44984873657145
20551,0.495983022971386,0.7012135807232669,0.0,8.607396435886349
7559,0.4965389261018955,0.7000933975592414,0.8,36.49236834777546
7759,0.514682179063102,0.664205696853097,0.8,14.204038345792185
18803,0.5089322118871387,0.6754404503043822,0.0,23.652910342271255
14602,0.5132829678074634,0.6669279917169156,0.0,4.486091159180988
8317,0.4451783849628554,0.8092802120557712,0.0,51.83844423020515
1583,0.45344868535525235,0.7908731682982931,0.0,56.76097066774321
19526,0.49839598981251054,0.696360357663835,0.2,25.501412859894003
14132,0.4744058886033826,0.7456920186366566,0.0,21.725738555948997
2462,0.5197907191820467,0.6543290115281272,0.0,18.178240095876703
11765,0.3047531003032079,1.1882533374052093,0.0,5.627568020127136
19178,0.4526767257690844,0.7925770379027688,0.0,5.242896924320327
4233,0.4253420030997517,0.8548617204898855,0.0,63.34952414453966
8268,0.44722683649732287,0.8046893488851536,0.8,21.23977573218118
8626,0.4885909890770497,0.7162295626596074,0.2,22.25110341878058
12941,0.5227606932239904,0.6486314851695717,0.0,10.837659110571803
15564,0.5299684612136363,0.6349377813506724,0.0,8.937701640429212
4631,0.4486706802017946,0.8014661120135307,0.0,68.94612350890421
1865,0.42050144876820217,0.8663073542285721,0.0,62.698994762292905
21021,0.36089997883282876,1.019154425984466,0.0,10.738320829044081
9698,0.5169600132300078,0.6597897513140121,0.0,48.26361879848109
6671,0.4733788547465499,0.7478592496794173,0.0,65.5947341046961
10960,0.4228404390457207,0.8607603837563206,0.0,14.452596954210199
858,0.49031157664702674,0.7127142192493657,0.0,16.24008445993453
8483,0.4924236478236592,0.7084158601880317,0.2,21.263101611161044
8849,0.4157646924061449,0.8776358220118308,0.0,27.650793826642435
1632,0.5486406990277483,0.6003115161582695,0.2,12.159010410110028
19770,0.5209003763574291,0.65219647171747,0.2,11.1991913819576
14669,0.483213270512837,0.7272971689289761,0.2,9.514501749814904
13565,0.47915916148288284,0.7357224580936517,0.0,14.788021688338244
20626,0.5285003354191073,0.6377118390095914,0.2,24.37940463264865
47,0.4497144013231386,0.7991425614284073,0.8,66.18898326000522
20910,0.5279210088330066,0.6388086109506844,0.2,18.11820934993186
9805,0.5256209722953258,0.6431749109804529,0.0,45.72009041171886
6038,0.4393226358395848,0.8225212022630354,0.0,63.02979747029444
15347,0.5784509472665581,0.5474015289140461,0.2,7.612439156158328
8247,0.41235460705227683,0.8858716030908156,0.0,38.6992988182498
12960,0.514700860604181,0.6641694002747368,0.0,9.459100350419494
15671,0.5753165014641823,0.5528349522908327,0.0,4.002525059857874
13796,0.5399233637147312,0.616328068542072,0.0,4.324774326161242
4968,0.4771122309556275,0.7400035307466959,0.0,60.68028952122907
20557,0.5488761586533482,0.599882439142159,0.2,4.295758440752532
12588,0.4845386368206337,0.7245581050710184,0.0,9.043934176285447
8589,0.5114853963538462,0.6704362446258996,0.0,50.86666595287117
627,0.46019724356311614,0.7761000910487093,0.0,46.21676279042015
19538,0.5367026209597645,0.6223111163386406,0.0,17.71719824181822
1944,0.4923211650460525,0.7086240009705722,0.0,54.88292671262199
18120,0.4975556082918144,0.6980479531689675,0.0,16.456481028526735
18165,0.468255843016859,0.7587404593228542,0.8,20.85436187301373
19606,0.4969883073028904,0.6991887797158025,0.0,8.142053659853744
13061,0.39369018058984695,0.9321910226951573,0.0,11.09586918484429
10644,0.518027630501963,0.6577266974078403,0.0,4.618556761309641
3970,0.4793492109971228,0.7353259054454182,0.0,57.75801200678129
93,0.45208628921654376,0.7938822120236769,0.0,25.547129825195555
1440,0.494283861138331,0.7046453091348134,0.0,54.56068650134929
11502,0.4042273163671985,0.9057778949819334,0.0,6.488540230579826
12913,0.42061259535892165,0.866043069992344,0.0,15.311208545129336
9131,0.48940789952964403,0.7145589868499643,0.0,20.65575633848269
3730,0.44033471590741413,0.8202201232976937,0.0,59.904776579891404
18202,0.47329012394472725,0.7480467086626095,0.0,25.822571298676017
12680,0.45300508376330667,0.7918519311265185,0.8,10.773145160495236
10733,0.5966819857045895,0.5163709947797931,0.2,2.157785498802709
705,0.4523435736433588,0.7933132692138019,0.0,27.33360711711157
13771,0.45401499742809404,0.7896250475038131,0.0,21.7991797166035
5243,0.45434953314787746,0.7888884803578107,0.2,60.369690658444384
3476,0.4332044422086013,0.8365455095020573,0.0,55.61354827992449
20515,0.48565574078604246,0.7222552583737598,0.0,20.048000802691114
2009,0.4910681768224426,0.7111723078279372,0.0,21.761872890825586
11187,0.5966819857045895,0.5163709947797931,0.0,2.157785498802709
13587,0.28643978410114274,1.2502269425752044,0.0,16.958703777485006
19280,0.5621737898421075,0.5759442422971112,0.8,5.673050731700222
1349,0.4975556082918144,0.6980479531689675,0.8,16.456481028526735
18732,0.48142145076104703,0.7310121955044832,0.0,16.283295678855783
8281,0.5121158869264663,0.6692043379007823,0.0,48.6645351634208
7309,0.4660661644955725,0.7634276710391723,0.2,56.08903483541199
5770,0.4154146588936627,0.8784780795405519,0.0,25.977476215004966
16985,0.50222594214425,0.6887051765951191,0.0,17.448345018508924
8998,0.4239252652514431,0.8581981004854368,0.0,33.97177429577813
10379,0.4977902730252761,0.6975764291646706,0.0,17.45684987374159
12100,0.5516980627375705,0.5947543701516962,0.0,6.844433230447908
9943,0.491456191498634,0.7103824756184299,0.0,49.39289537247742
4737,0.47291330803886095,0.7488431883900116,0.0,48.884482423984736
6963,0.4615307292268166,0.773206641715718,0.0,46.21455837974511
19977,0.5841453222027224,0.5376054877210721,0.0,1.4856728160745367
14484,0.47603650088594057,0.7422607451571837,0.0,11.363269051062316
16515,0.5228234506450589,0.6485114423752891,0.0,8.900819484753974
5575,0.463962445037199,0.7679516674513212,0.0,75.79298958474789
4632,0.44455468786442026,0.8106821992801263,0.0,70.26587900410351
11116,0.5413220897439464,0.6137408173217656,0.0,2.1715161893435977
9907,0.47888290874248274,0.7362991608432327,0.0,53.40378004591537
3601,0.4480146569444128,0.8029293307085429,0.0,39.19098173453962
10831,0.5364981999041792,0.6226920721748334,0.0,8.365556630568198
504,0.40779154507150384,0.8969991540839243,0.0,35.67813930061996
19021,0.45513142834451725,0.7871690482368947,0.0,70.29419540699237
12123,0.5288920820229758,0.6369708716727165,0.0,7.427717494945716
8015,0.4759505337098946,0.7424413509283876,0.0,40.90852013546754
2093,0.44972121417843064,0.7991274122500232,0.0,75.59745197948052
21034,0.508588870840962,0.6761153081820918,0.2,31.697301275193556
11435,0.43425281198102195,0.8341283983930643,0.0,5.948169445070654
18902,0.5076918686568017,0.6778805731964365,0.2,20.13644172860467
52,0.39531905516843135,0.9280621055194279,0.0,86.56731672947545
16274,0.5512767594010387,0.595518310268125,0.0,3.9307186705329764
19088,0.522578949487973,0.6489792070590374,0.0,7.8355156987121894
17022,0.44066627220059423,0.8194674423965176,0.0,21.66671492557643
14537,0.41830148318411764,0.871552854797699,0.0,5.770551600396351
13660,0.5315734220657953,0.6319139495068985,0.0,3.248732836785617
13400,0.5274158913380225,0.6397658740454828,0.0,9.090113667867069
16681,0.5399992353990422,0.6161875553525191,0.0,6.529431674752143
17553,0.4911448203632033,0.7110162448535398,0.8,24.619294147045657
13137,0.5447119081462667,0.6074982329877688,0.0,8.386513002112165
7946,0.3878639615451487,0.9471006154128834,0.0,79.60380961577457
13208,0.40969398936400303,0.8923447653594749,0.0,6.5127785371921005
18802,0.5119645006109231,0.6694999910906845,0.0,21.502666806655185
20616,0.5613228103906306,0.5774591193586706,0.0,17.801620649576343
4719,0.4941566143864768,0.7049027788676056,0.0,50.62682456770708
13132,0.47247009357412106,0.749780828074515,0.0,11.475771202022703
19649,0.45385743136093976,0.7899721580971957,0.0,27.609526021445596
19822,0.43755910732457537,0.8265434798538106,0.0,13.353637362279928
19473,0.45413470822053076,0.7893614108095863,0.0,22.00147550122572
5776,0.44298962453982255,0.8142089301146102,0.0,71.38576732660633
20548,0.4746022059270499,0.7452782870202477,0.0,20.137419656448415
16167,0.4464889426002162,0.806340643585409,0.0,26.83300088995127
12114,0.553692735210659,0.5911453756823831,0.0,6.4496910869380075
19310,0.47192950596732336,0.7509256563148125,0.0,12.829939586260494
19794,0.534926754777295,0.6256254484170707,0.0,22.28008640108152
2171,0.4841715557249247,0.7253159810923588,0.2,56.63992507417673
7086,0.45208628921654376,0.7938822120236769,0.2,25.547129825195555
3201,0.45166225847928715,0.7948205942085294,0.2,25.43823093460402
14504,0.4620182357329696,0.7721509173958849,0.0,12.278935677257387
7129,0.4510528249101566,0.7961708179345598,0.0,55.19852426523534
8156,0.4358247073311933,0.83051516388135,0.0,57.86116305611062
13684,0.44681282840917,0.8056155004508996,0.0,11.250017616095256
326,0.41679826949232623,0.8751529404414113,0.0,55.65972567669635
1408,0.4032275402937056,0.9082542602577456,0.0,35.13127159923176
6742,0.4790696721001085,0.7359092389123835,0.0,53.00018372334238
11186,0.45693401181524707,0.7832162927911483,0.2,78.8894598962952
20860,0.5199006573303836,0.6541175292532324,0.0,31.482674886370624
2732,0.45208628921654376,0.7938822120236769,0.0,25.547129825195555
1154,0.46197223748648913,0.7722504817265823,0.0,58.51110092921396
9910,0.47597489956092653,0.7423901581559589,0.0,52.041548953935234
1565,0.4635443254636744,0.7688532664803445,0.0,35.657875525794275
14496,0.5045627429791417,0.6840630802630069,0.0,10.80580193591385
6090,0.40510786556831885,0.9036019125998079,0.0,86.5442807691322
13390,0.5460197810390595,0.6051000748842204,0.0,7.282984653652534
15405,0.5678537269510809,0.5658914163991696,0.2,20.89016494474589
9107,0.5427381999045414,0.6111282117690794,0.2,18.48296190250872
14413,0.49175204954852797,0.709780653854795,0.0,9.30167582075487
17595,0.50222594214425,0.6887051765951191,0.0,17.448345018508924
6759,0.5069669409963093,0.6793094826523857,0.0,19.727147350311675
5539,0.3801107213852712,0.9672926966357992,0.0,57.07026910151215
13274,0.48269105120090133,0.7283784755368433,0.0,5.616526399857708
21155,0.4749051923622145,0.7446400898961509,0.0,6.824626040420394
13000,0.5555028593245325,0.5878815226168114,0.0,7.368506817222845
13165,0.5463174613951035,0.6045550410762549,0.2,4.9434470309663325
4253,0.4843431668839224,0.7249616010157577,0.0,26.29798318305022
406,0.43700783268704907,0.8278041602781847,0.0,42.896808175167486
3198,0.48962857442733654,0.7141081866861303,0.0,28.6607335981475
14713,0.4815063654551038,0.7308358277792043,0.2,14.384311576422188
3463,0.47338930602513324,0.7478371718804021,0.0,52.43834169347752
2436,0.445342838073989,0.8089108708008996,0.0,42.67004534899737
2307,0.4902624545083154,0.7128144098258886,0.0,15.529553017644401
3283,0.3781011723680397,0.9725934674075928,0.0,86.28362960947058
5540,0.3801107213852712,0.9672926966357992,0.0,57.07026910151215
12397,0.6180005903888464,0.4812658662031447,0.0,3.371339391517478
6635,0.47620314175613804,0.7419107473951997,0.2,56.719077204396
3429,0.4534292533462942,0.7909160230379044,0.0,32.471057567189575
7104,0.450823190390873,0.7966800553914831,0.0,60.442121306447575
718,0.41070965497003675,0.8898687497251239,0.0,73.280690182032
13675,0.5927181261242236,0.5230363283643864,0.2,5.586028021848088
18948,0.5319809088062145,0.6311476759870042,0.0,26.858489544237944
10215,0.600532997036795,0.5099376897014882,0.0,2.170855610149395
10999,0.45752835521832175,0.7819164175678738,0.0,24.208131572035516
14230,0.5791525602087213,0.5461893469820736,0.8,6.9462176977268895
5900,0.482650846526257,0.7284617717757453,0.0,66.78173237176922
7561,0.49381929672018887,0.7055856248269105,0.0,38.108683795790505
9707,0.3912366601596786,0.9384426331475578,0.0,15.395151146194468
7260,0.478387013078956,0.7373352232882786,0.0,56.00429542225166
1979,0.4813198946223588,0.7312231683468813,0.0,53.56209708140905
10672,0.527173737870526,0.6402251113924953,0.0,19.686923396451718
18667,0.46492112212653325,0.7658875176189608,0.0,37.56678215488422
18692,0.545019841929439,0.6069330777716396,0.8,17.86811071255079
8692,0.5242956842862785,0.645699470819793,0.0,20.2749643690007
4231,0.41888759322796304,0.870152668970827,0.0,64.39564587724038
17571,0.4901282807531922,0.7130881246849444,0.0,21.09528476301739
2513,0.4854816670615046,0.7226137529080976,0.8,49.155801644194426
3418,0.43619927801567615,0.829656080384075,0.0,61.70567097856558
4665,0.48853900910157727,0.7163359558224789,0.0,54.85342636362728
5246,0.4839763187624162,0.7257193016393536,0.0,50.34314994796955
15199,0.49377405434921795,0.7056772462841704,0.8,11.596041268806278
12158,0.5137758416981426,0.6659682142943324,0.0,11.506265924089014
3092,0.43147490351894596,0.8405459311722137,0.0,43.70838521452684
2202,0.44287609714246173,0.8144652384809994,0.0,71.40823916243394
10055,0.5471321331500331,0.6030649460417257,0.2,17.555220372228717
18305,0.5042803436699277,0.684622928113138,0.0,44.53814479733053
20419,0.5234361617289077,0.6473402012289315,0.0,10.087501239578522
10182,0.4617986178267384,0.7726263750789141,0.0,13.363732255708566
2593,0.45579295792159114,0.7857166122205954,0.0,41.155833990079664
13682,0.47939904819792717,0.7352219423865625,0.0,10.185028636737538
3242,0.5471050861307919,0.6031143814269787,0.2,18.336789006791864
6151,0.4727389708591314,0.7492119014690046,0.0,35.64375678399121
18516,0.48764532390122206,0.7181669326571054,0.0,4.587905241461915
5516,0.4711471441932914,0.752584825701257,0.0,42.502229754008454
10144,0.4928013096826952,0.7076492091310193,0.0,10.348662085621907
21140,0.4409837839753501,0.8187471752423141,0.0,32.30285143929606
13023,0.6172831691657701,0.48242741519654647,0.0,7.3012979582136515
18972,0.5585839567582007,0.5823503463306887,0.0,2.054532020188552
15735,0.539811280347583,0.6165356813442862,0.0,3.5111705722265367
16111,0.5378546959023827,0.6201668372648865,0.0,7.947747968120476
5944,0.517845538105471,0.6580782701754068,0.8,40.71201077859469
7238,0.4519026854168292,0.7942884200801715,0.0,10.786438199074269
16294,0.4833736657853595,0.7269652892646202,0.0,13.285291077283812
20906,0.47536002581967957,0.7436828129517867,0.0,20.25792107305358
8558,0.5304972070022316,0.6339405857822383,0.0,42.37258885041646
1740,0.5261195875112475,0.6422267394021517,0.0,19.39845922711913
20945,0.5038016207795836,0.6855726979596645,0.0,4.686334826863542
17547,0.4657492465731059,0.764107887165503,0.0,11.335922379323723
6135,0.3937118127011061,0.9321360771617477,0.8,61.63283998212296
16774,0.37189154363924376,0.9891530165746383,0.2,7.0331746392261865
12192,0.4959758188826254,0.7012281056984107,0.0,12.930821185559068
14389,0.5548838379501777,0.5889964881328824,0.0,4.270371847626778
1827,0.46645837518037353,0.7625864905849524,0.8,48.33654342575111
4740,0.4677099766262696,0.7599068832264262,0.0,54.758891048869565
1619,0.496158514488072,0.7008598176523938,0.0,19.662621061339337
2925,0.42437265047689404,0.8571433171159747,0.8,67.83217664247164
19806,0.4529936638393569,0.7918771407065109,0.0,29.30658171664466
5658,0.42511178159167373,0.8554031291304152,0.0,51.65779770919312
2708,0.4677200515476292,0.7598853424995807,0.0,59.11148438747073
12458,0.5478804610128861,0.601698152667221,0.0,3.9778865603515263
4502,0.45888607071892684,0.77895331167261,0.0,71.54452194081021
4871,0.5399164159205542,0.61634093673661,0.0,47.97906097263071
16453,0.4420013175290394,0.8164424160739508,0.0,13.441499541065333
17269,0.4876662255333181,0.7181240712101936,0.0,8.697559877482648
15070,0.4297320103264804,0.8445934963830785,0.0,10.597959073405734
9188,0.48385541656048364,0.7259691430077422,0.0,60.62931253519519
4311,0.5188526365265517,0.6561353734625005,0.0,45.650616606287215
9894,0.31807475562430254,1.1454688432495024,0.0,51.43441927841232
87,0.4561125902009597,0.7850155916091596,0.8,61.24691382210142
78,0.5269125947482579,0.6407205985637634,0.8,18.19069899287821
18824,0.4682830156923633,0.7586824314572527,0.0,21.249177100344873
4379,0.4347078931624428,0.8330809834286542,0.0,71.52000433412101
11786,0.4128021197898931,0.8847869296780341,0.0,8.00024325613946
21093,0.540556520995351,0.6151560756858359,0.0,2.3496502847890417
19363,0.4685916299278119,0.7580236149377665,0.0,34.02010064806353
15501,0.43190530948118827,0.8395489057796562,0.8,14.04565280937866
9056,0.4658185794899813,0.7639590350581983,0.0,23.39769748490159
4482,0.4765590430680485,0.741163653662612,0.0,51.19587711489296
3944,0.48482901957310565,0.7239589871630863,0.0,51.19837907507028
14639,0.4285980662064716,0.8472357078369462,0.0,11.291618217713387
12601,0.41936620551916787,0.8690107419221712,0.8,13.908081928471479
13805,0.5653867108913802,0.5702453379051644,0.0,4.023508753929757
16676,0.5207214081432706,0.652540105498143,0.0,7.832112964735474
3519,0.45169460630422925,0.7947489772734797,0.0,23.92194300324104
7888,0.4695181449256977,0.7560483337415294,0.0,45.92237417636701
8516,0.5026579505405213,0.6878453590061797,0.0,32.132693427008746
4259,0.4829964194252547,0.7277460385552728,0.0,58.841908390381704
537,0.48418483977827065,0.7252885448025621,0.0,39.60800787434891
4015,0.4593598767546103,0.7779213309074636,0.0,55.088497979899664
17012,0.4136521828608783,0.8827297962877588,0.0,58.32195737134447
17654,0.500398655557478,0.6923501871286458,0.0,16.02444539802527
19399,0.47948825784626853,0.735035873287438,0.0,47.817758961029426
13712,0.4073774523111755,0.8980151220544346,0.0,14.695120601467815
6771,0.4808146764524044,0.7322733711596228,0.2,53.39371073511895
17696,0.4640500214697684,0.7677629276746692,0.0,27.643305030985744
5466,0.480895374708613,0.732105548734765,0.8,51.45237427863472
8871,0.47824109762595823,0.7376402853128973,0.0,54.8066726359734
14343,0.44920924071493845,0.8002664848358095,0.0,21.16304503927705
14286,0.47629794209833576,0.7417116917844131,0.0,21.609771724605988
6408,0.4821285464339132,0.729544506641726,0.0,21.098427187738544
10820,0.4736452716958502,0.7472966094068209,0.0,10.14156218220904
9125,0.46743446717574516,0.7604961172433138,0.0,22.286337497369075
1023,0.4395622050058858,0.8219760360225893,0.0,48.81305179072145
12903,0.44663701950857704,0.8060090511426857,0.0,19.05888841218735
5136,0.44473576706770795,0.8102749550444864,0.8,74.02672347837051
20575,0.5285192061233493,0.6376761335121954,0.0,13.189692851228738
6099,0.44377115547777896,0.812446265012774,0.0,12.024042167232237
8231,0.5440049575199496,0.6087969190795757,0.0,17.715990577453248
2521,0.4802921305093314,0.7333607549774801,0.0,55.724417414571704
6443,0.42653794661071953,0.8520539438845782,0.0,27.363710587669637
2241,0.4834962497547034,0.7267117205724302,0.0,51.40758556086999
19065,0.4801103837389531,0.7337392353955371,0.2,16.876002414097353
10906,0.5813688313953221,0.5423699018655753,0.0,5.833188098011449
21150,0.5641591064998743,0.5724189635446701,0.8,50.68569096031143
9453,0.5204342392452164,0.6530917404166235,0.0,20.24584395291533
10581,0.44299003107180146,0.8142080124141272,0.0,9.509949445228937
14846,0.5272954868619317,0.639994191439421,0.0,21.27660651598902
14574,0.4713682748294681,0.7521155906399072,0.0,26.376694968760724
9326,0.4158003601618626,0.8775500373684538,0.0,30.242129294059204
15158,0.5169267181007781,0.6598541590063295,0.2,8.420365988769557
1010,0.4515537879270251,0.795060781599387,0.0,35.90494174279547
10259,0.49654533017872576,0.7000805002108244,0.0,13.861593703879683
19506,0.5196013606331025,0.6546933755726807,0.0,6.882464298017083
14441,0.474160948857086,0.7462084603718462,0.0,4.625373080413862
2501,0.498674116311505,0.6958024701000622,0.0,18.786666692701683
17777,0.43478398460731454,0.8329059583432878,0.0,68.3191125040218
492,0.45171611899437586,0.7947013517814455,0.0,23.920509476003474
14156,0.5166173580702276,0.6604527982843665,0.0,24.77028290509486
12395,0.4889933986761654,0.7154062892381295,0.0,5.8119611720380515
9996,0.4591600170924804,0.7783565085592986,0.0,66.75146390312761
20442,0.4982037834799082,0.6967460818835998,0.0,8.007702740351213
10497,0.5539001264167431,0.5907708857128411,0.0,8.105376709733026
12253,0.5418692359330763,0.6127305687669724,0.0,6.689180091380126
9147,0.4756136580163255,0.7431493971339342,0.0,44.34372316623467
192,0.4146059312782329,0.8804267730571418,0.0,43.48427778392237
3179,0.3878639615451487,0.9471006154128834,0.0,79.60380961577457
6562,0.4878132283349402,0.7178226752102023,0.2,78.38623394233315
15885,0.5368330406215505,0.6220681441354899,0.0,8.783913283844223
10765,0.45159450709036825,0.7949706099994507,0.2,13.093166158971009
4718,0.49180883574687745,0.709665183223009,0.0,50.968865225014206
7778,0.41432372803103645,0.8811076589560352,0.0,48.00934953397619
12216,0.5327319920025313,0.6297368105408642,0.0,11.688860455060922
10542,0.4874469849129543,0.7185737433543292,0.2,13.908821270428867
554,0.4902624545083154,0.7128144098258886,0.0,15.529553017644401
15135,0.4286661540435357,0.8470768587082905,0.0,15.507647437057683
19688,0.46810836116911086,0.7590554689063227,0.0,29.282461888442974
15203,0.4751369367884778,0.7441522285187467,0.0,5.738157808559617
19095,0.4866415887964437,0.7202273841458952,0.0,28.133882193199028
6705,0.45616423554283364,0.7849023686477257,0.0,57.39598570736494
10845,0.568436771805761,0.5648651913159064,0.0,5.113442149774217
13845,0.43816302097147025,0.8251642438539051,0.0,21.697900819773317
13181,0.4757202941759725,0.7429252147427815,0.0,11.322180102637903
5431,0.32653923959445286,1.119205154961869,0.0,50.27581210191852
9435,0.5093006160073241,0.6747168355746891,0.0,33.80331243275573
14409,0.5569258621074805,0.5853231500546976,0.8,7.466147958547585
16875,0.565961647494329,0.5692289636855342,0.8,8.749988252847658
13902,0.5251099511007259,0.6441476076500049,0.0,10.082198015840396
11997,0.538049157704327,0.6198053517968124,0.2,1.4267299389168724
3842,0.4948858366663273,0.703428176010645,0.0,27.528661829178528
3011,0.49118741717399256,0.7109295189797707,0.0,40.49454475021233
1882,0.41092448850119356,0.8893458076401102,0.0,74.08250509790417
519,0.4339767455070525,0.8347643280982721,0.8,63.69251759702352
18745,0.4464542004877489,0.8064184584222298,0.0,38.36737371338487
4167,0.5162459512381524,0.6611719773756096,0.2,51.73670722964145
11136,0.459069951717886,0.778552680276499,0.0,24.37025603365429
19342,0.4423383149063876,0.8156802713474217,0.8,22.023367326380388
6719,0.48199963363674825,0.7298119250215596,0.0,39.3916003234456
2315,0.5152248639647873,0.6631518445552906,0.0,14.181501715167418
17825,0.4555753036580493,0.7861942550722404,0.0,38.305352471886586
11283,0.440005267623524,0.8209685802698471,0.0,21.940589967351865
17769,0.517874234968806,0.6580228558363386,0.0,30.26905136847158
11147,0.556238296906557,0.5865584849921266,0.0,2.145044487577659
6195,0.4192989309050721,0.8691711745223074,0.0,78.62522365153795
5221,0.42751849087232136,0.8497577380382219,0.0,63.79556607310174
17037,0.5358402618123843,0.6239191813345698,0.0,16.240616718550154
9774,0.4902624545083154,0.7128144098258886,0.0,15.529553017644401
6988,0.4902624545083154,0.7128144098258886,0.0,15.529553017644401
6931,0.4734559132927352,0.7476964788371193,0.0,61.32008439819795
12324,0.4778452590908573,0.7384683246525181,0.0,8.573247964346812
18908,0.5108399096780235,0.6716990261647885,0.0,14.491907001970999
11865,0.47016561888730035,0.7546702657382216,0.0,8.98533099605714
12452,0.447889579009667,0.8032085523720619,0.0,5.258124332126179
2945,0.45208628921654376,0.7938822120236769,0.0,25.547129825195555
14596,0.44161001804937045,0.8173280984763656,0.0,4.728651754267183
13826,0.42339560019881883,0.8594483119300302,0.0,21.258452880887354
1159,0.47657043445507086,0.7411397505365593,0.0,63.674651979567045
9730,0.5303939478429675,0.6341352507280598,0.0,9.745517854205712
7212,0.49982285874710636,0.6935015258386062,0.0,47.158103757025216
1675,0.476704998090107,0.7408574320558016,0.0,49.755985023821765
17406,0.4629082912372405,0.7702263195969168,0.0,26.915557034169716
7408,0.5270867508550205,0.6403901313598243,0.0,19.083626036667486
43,0.443389904185297,0.8133057511495899,0.0,67.81750179701709
2741,0.408377349018941,0.895563656964949,0.0,60.09232001582638
7637,0.4496374461700531,0.7993136961261074,0.8,25.621997724113783
11118,0.5368574982426115,0.6220225860902618,0.0,2.2052161182106924
2967,0.4663187530508112,0.762885859268809,0.0,52.79932962155141
5532,0.48942347211382664,0.714527168122786,0.2,50.888267355744645
20461,0.48521261144489397,0.7231681099893301,0.0,55.065638824845045
1341,0.4372481146287301,0.827254476976701,0.8,64.54653182839724
115,0.4518230962362722,0.7944645557672981,0.0,13.168253648613089
16890,0.4786185384125739,0.7368513695890518,0.0,7.597674376263306
18871,0.4504861377699151,0.7974279731731785,0.0,28.919920445313267
11249,0.36725332268109945,1.001703416505227,0.0,4.788643177349094
21040,0.5261200743454191,0.6422258140727061,0.2,31.46071686534136
11614,0.4893330415812617,0.7147119546995433,0.0,16.14534248411664
1712,0.40779154507150384,0.8969991540839243,0.0,35.67813930061996
10829,0.4129681290431291,0.8843848583859113,0.0,14.960033613564665
13228,0.49952012924036726,0.6941073829259888,0.0,8.70063627004108
1344,0.4923211650460525,0.7086240009705722,0.0,54.88292671262199
7653,0.49768980942570556,0.6977782686623816,0.0,46.4859848511674
8726,0.5018379640775966,0.6894779921172368,0.0,48.446168065143866
14998,0.41598028697913897,0.8771174069130538,0.0,25.58770808852104
3912,0.4230059378741971,0.8603690625067315,0.0,65.23318205669659
3503,0.5220723636982473,0.6499490729330203,0.2,19.176746851429797
3203,0.37008216391288545,0.994030233367147,0.0,41.75423722240144
15551,0.5537878234476928,0.5909736557609377,0.0,6.124260367751413
4327,0.4870990361521305,0.7192878169190202,0.0,43.435990849105124
6655,0.4987040198022024,0.6957425059006807,0.0,47.48442868176849
12976,0.47365202668692213,0.7472823477994384,0.0,12.40488761486826
3946,0.4849326647291526,0.723745233293204,0.0,52.229076803647104
157,0.5022112046228625,0.6887345214305545,0.0,59.0727602183763
5980,0.431828297556825,0.8397272291051349,0.0,50.55157983279015
4393,0.5074546781372636,0.6783478762170762,0.2,49.55331184011905
18894,0.507205238131648,0.678839548365825,0.0,18.216659953684434
18545,0.4902624545083154,0.7128144098258886,0.0,15.529553017644401
4288,0.48441980116477956,0.7248033904244273,0.0,50.406453224817675
4757,0.45130597782174053,0.7956097264541884,0.0,48.14035528062599
2090,0.4452297989379405,0.8091647279978483,0.0,76.54698203390907
21075,0.5223899480155072,0.6493409431355432,0.0,24.704823976862464
2091,0.4460167371717543,0.8073988003752753,0.0,76.37992528350824
4226,0.4902624545083154,0.7128144098258886,0.0,15.529553017644401
3306,0.5018985158817972,0.6893573393254273,0.0,57.88188910164709
13163,0.5169409427494034,0.6598266416573207,0.0,7.862889993359285
191,0.3600641947266592,1.0214729447437039,0.0,46.05309898536339
3133,0.49004616955199687,0.7132556687407232,0.0,21.832756455490248
20799,0.4890213487246845,0.7153491325365543,0.0,50.82555532095411
4330,0.4973013083132025,0.6985591824320021,0.8,48.63718307682815
6065,0.4888296689550786,0.7157411754318325,0.0,71.74589389629878
21241,0.3983863362550635,0.9203330504083694,0.0,11.089092288917097
25,0.4878234602892617,0.7178017002828728,0.0,29.28989859909832
20451,0.5436922120554094,0.6093719789067166,0.0,23.76306986611361
11776,0.6156460640518742,0.4850830519223477,0.0,3.520975264837118
13890,0.44753385943910845,0.8040030805784888,0.0,14.115077119589046
2465,0.40108597465226725,0.9135794740270027,0.0,67.51809339778544
11488,0.4270893305829451,0.8507620825215667,0.0,12.672313370943002
3223,0.45773909781910416,0.7814559126000477,0.0,62.85640442213349
1811,0.4603904852658628,0.7756802685819668,0.0,51.03976403988173
8064,0.5095451295076326,0.6742368541720495,0.0,39.621525751889486
5590,0.4210071773801711,0.8651053970361205,0.8,48.77896965994616
14110,0.4856099983997505,0.7223494496634971,0.2,7.33907064280241
19427,0.4693174228335686,0.7564759317194512,0.0,19.0866441928133
7270,0.4508694612217487,0.7965774243434568,0.0,57.393402816205715
7499,0.4606188012675181,0.7751844733502129,0.0,55.921807434349304
18098,0.46904721476087324,0.7570518444709301,0.0,13.332440079184328
14481,0.44944708821417867,0.7997371445371051,0.0,9.037029504462657
13850,0.46632651152045934,0.7628692217112231,0.0,22.78289997431505
4470,0.4797652777578369,0.7344582993531499,0.0,58.431668168038186
1831,0.43904304787976084,0.8231578117628112,0.0,59.267362446922405
12077,0.5494117547284434,0.5989071099756857,0.2,9.355138605855364
20758,0.4833537705340848,0.7270064492659403,0.0,11.029959453242723
129,0.47835989632850223,0.7373919086043103,0.2,36.89540122157269
10351,0.43225617696596236,0.8387368642583496,0.0,50.336792396540496
8563,0.4869176205873729,0.7196603271129685,0.0,52.22934878928094
11768,0.328163815095468,1.1142423590081045,0.0,6.086548859516163
18137,0.5286918722020475,0.6373494890345252,0.0,8.762599063415209
14175,0.4641719909331539,0.7675001253225213,0.0,26.96419791867103
6426,0.45822949036798805,0.7803851496894794,0.0,49.54274872741279
4086,0.40032063981959604,0.9154894534344942,0.0,113.57561935800169
7684,0.4810509027820357,0.7317821874859775,0.0,56.13501093208272
15251,0.584027147351546,0.5378078120433095,0.0,5.748896400653771
10027,0.3825445599069717,0.9609101360119205,0.0,7.433024229084239
8117,0.47466740346389374,0.7451409234381812,0.0,44.52216733294428
3149,0.48430933151112576,0.7250314617199143,0.8,24.723571738338862
2183,0.43273456903900054,0.8376307434726097,0.0,59.86965611158169
4413,0.3965599424189066,0.9249280704712953,0.0,32.37248246649533
16818,0.5875877036791477,0.5317297612472763,0.2,1.9413933545393274
14082,0.41947619945823494,0.8687484901832395,0.8,27.193565279483916
11737,0.5338603026780262,0.6276210797184838,0.0,6.522865960522289
1420,0.4511378141448952,0.7959824115572136,0.0,55.18546205074894
14,0.4824457869599576,0.7288867231480126,0.0,21.888470186862705
18280,0.46236159102816154,0.7714080294594703,0.0,21.56239698049456
2103,0.47658224792764375,0.7411149623304475,0.0,50.50698298654247
9859,0.5368594597178772,0.6220189324732613,0.0,8.13986415341975
18502,0.44739186884636056,0.8043204043282739,0.0,12.205562672623355
8373,0.4096808650149455,0.8923768003895677,0.0,74.54022964306611
854,0.4162848677775795,0.8763854747630717,0.0,75.15005780407867
17542,0.45175580178302743,0.794613506685733,0.0,6.172836217655495
14136,0.45455468742900695,0.7884370482267478,0.0,25.320657127167415
12172,0.5158112557704032,0.6620143638063284,0.8,8.315065468530783
530,0.4924236478236592,0.7084158601880317,0.0,21.263101611161044
9756,0.4853319313716286,0.7229222275551462,0.0,53.56853871647401
15228,0.5236071519413871,0.6470135858697255,0.2,9.29337940863267
17510,0.48417768724402716,0.7253033172334318,0.0,40.96694605437986
2113,0.451278113245829,0.7956714704538802,0.0,48.269407448297855
11585,0.510718929477018,0.6719358802684074,0.2,9.887367407369196
15693,0.4174735896277798,0.8735339950686977,0.0,2.0484371913614208
1579,0.500398655557478,0.6923501871286458,0.0,16.02444539802527
3184,0.4878975853886462,0.7176497611608145,0.0,54.954031008412684
19127,0.5821717948316035,0.5409896946847503,0.2,8.173001337796126
20680,0.4890905931211021,0.7152075446598075,0.0,30.328377786543317
20468,0.46020432544550205,0.7760847023691927,0.0,28.738027752169028
20463,0.47453433807051204,0.7454212967001145,0.0,48.616380724276155
11664,0.5625133530805013,0.5753404063755428,0.2,9.587761023978913
14242,0.4722704696412429,0.7502034286140106,0.0,10.908895599178983
18541,0.4539266540729117,0.7898196488976693,0.0,22.014247742091086
18386,0.5365454235979101,0.6226040539568839,0.0,21.824140183606076
20271,0.409749210413915,0.8922099883547709,0.0,7.706463604238783
13205,0.5331640304904964,0.6289261526483341,0.8,6.59649232632146
16459,0.49855294215023094,0.6960454923101843,0.0,10.768518951245142
2092,0.4470723980530404,0.8050347331588982,0.0,76.15628452844626
3017,0.49556189367179815,0.7020630214653681,0.0,38.051816299054536
7548,0.4933738838772134,0.7064880072216727,0.0,44.93616668089208
20448,0.5427074549303798,0.6111848612642115,0.0,23.794953958353055
19243,0.48108116518203026,0.7317192805296205,0.0,20.488139854829377
18462,0.554579742387922,0.5895446729949367,0.2,6.509457279731214
16157,0.4691260131027457,0.756883861971073,0.0,23.73776954361122
4957,0.4063318256529825,0.900585148627912,0.8,71.77663703273652
6025,0.44432891990617085,0.8111901802151568,0.0,64.30710277433454
15925,0.5706389249063109,0.5609986250280243,0.0,9.173729994370369
17196,0.49037002792725737,0.7125950138313641,0.0,9.265516708117325
15144,0.5295912581388403,0.6356497810309952,0.0,7.6586268802010835
6588,0.47462623181170155,0.7452276650967957,0.0,50.53016205931367
20354,0.47626442307372047,0.7417820683305684,0.0,4.236317189914183
16599,0.43665827809464397,0.828604362109854,0.2,16.181814031329377
14997,0.4041472786189345,0.9059759164166048,0.0,28.22794442566905
14245,0.45883016225402123,0.7790751542704981,0.2,5.368645919997629
12427,0.49537348110911633,0.7024432936198342,0.0,5.416540212986066
16122,0.5835407507891733,0.5386409911522672,0.0,6.291326684194626
13461,0.5190404494114322,0.6557734616442695,0.0,8.091260715158704
14275,0.4777148488137593,0.7387412750966165,0.2,41.77286379217206
13470,0.5789431792589095,0.5465509422197686,0.0,10.929652175150128
925,0.49191557649544476,0.7094481697024378,0.0,45.440154728175145
7682,0.4891734003435541,0.7150382504341118,0.8,38.66926989275092
11344,0.462950066787746,0.7701360778225206,0.2,9.79497654600682
18342,0.45828401064561997,0.7802661764771133,0.0,21.03207323917138
11721,0.5895558524595683,0.5283858180142934,0.0,5.937259915603522
18380,0.4879861936812675,0.7174681651659527,0.0,33.66827008256168
1086,0.40779154507150384,0.8969991540839243,0.0,35.67813930061996
3102,0.4949107308382639,0.7033778744178548,0.0,19.98648294554502
4862,0.4789757827974135,0.736105240683522,0.0,60.35878767581515
1958,0.4238199550491438,0.858446548250919,0.0,78.13580194005058
4727,0.43146025040910674,0.8405798922636675,0.0,43.71015119115289
7512,0.43272043134518257,0.8376634145966149,0.0,55.327671090452284
12026,0.5075879831073228,0.6780852173635811,0.0,21.02097994796557
4775,0.4600005195851792,0.7765276599666361,0.8,65.26714922775217
11325,0.4207528691237192,0.8657096268644318,0.0,14.976776709875676
509,0.40503351203331023,0.9037854695375798,0.0,35.089471544330124
13156,0.5742446922283702,0.5546996804188672,0.0,4.558244475721247
17284,0.46633231556641647,0.7628567754751748,0.0,4.891818909043254
3027,0.47512928415012895,0.7441683348228127,0.0,50.36159291076693
16398,0.4821559321558306,0.7294877065530949,0.2,6.449364174232041
19683,0.4769659895884857,0.740310091288878,0.2,41.861574071837595
2930,0.4455033244036567,0.8085505699135781,0.0,22.2351406726234
15944,0.5102068322332219,0.6729390820798432,0.8,11.171797873369687
7378,0.540556520995351,0.6151560756858359,0.0,2.3496502847890417
15044,0.4787058726507305,0.7366689147443,0.0,13.613641207254393
7188,0.4853339922542628,0.7229179812277867,0.0,54.22246119643661
18266,0.4609222423024407,0.774525922007315,0.0,12.687896580456073
20781,0.4547654790609704,0.7879734235464486,0.0,21.962788826975178
17324,0.4871799302058362,0.7191217575937451,0.0,20.90271172197908
14892,0.372129616727408,0.9885130533344202,0.0,14.887006055293444
3808,0.5057220364625328,0.6817680956887358,0.0,46.39431839147069
19036,0.42284587345076713,0.8607475316976643,0.0,66.36363338049341
851,0.42908746557328514,0.8460944983801132,0.0,89.03452367722798
9377,0.49000011669488364,0.7133496497246694,0.0,14.12806826994288
11285,0.40114610159566966,0.9134295749010635,0.0,29.163751864432435
20493,0.48311933766635895,0.7274915799340045,0.8,30.154526543296512
8413,0.506232164980657,0.6807598908498054,0.0,46.342730088979074
10706,0.46326935264623254,0.7694466388743959,0.0,9.735423715766533
13337,0.5410676755474647,0.6142109145257953,0.0,9.541766170558494
19397,0.47746611172704234,0.7392620917850032,0.2,55.30420092171917
4363,0.4770736676422275,0.7400843605168228,0.0,52.590395674676635
8518,0.5026579505405213,0.6878453590061797,0.0,32.132693427008746
18439,0.5264503560267635,0.6415982424011978,0.8,6.786185006372965
19748,0.5363993380369145,0.6228763616601728,0.0,12.353196024766142
5371,0.436341583918387,0.8293298930152515,0.0,63.88742501824172
12276,0.43777490344197867,0.8260504197896046,0.8,7.7041587958580955
1838,0.4713266495931569,0.7522039017896966,0.0,61.680719946755126
20278,0.4902527975833518,0.7128341074796342,0.0,12.382676497987823
17274,0.44182072624471197,0.8168510759124622,0.0,15.492643738318282
4865,0.49180883574687745,0.709665183223009,0.0,50.968865225014206
3144,0.48418308662545523,0.7252921656428803,0.8,31.00261561247936
10007,0.43770257514469724,0.826215651447106,0.0,63.18897264446315
10284,0.49957609334123954,0.6939953534744386,0.0,9.438336741067811
17025,0.44048356865647736,0.8198821358760225,0.0,42.87163450797959
12388,0.6047277103003614,0.5029769878804623,0.0,4.527295831456647
9607,0.4783736511473365,0.7373631548956701,0.0,48.315721849665664
16412,0.5181958881288943,0.6574019457970443,0.0,7.665964255453433
776,0.4518230962362722,0.7944645557672981,0.2,13.168253648613089
9514,0.4572948748672928,0.7824268557561924,0.0,48.811701067794154
17889,0.4961909038969314,0.7007945394181937,0.2,27.258104341050405
6431,0.4876979159788799,0.7180590894372861,0.0,49.76149708934637
7048,0.44226268096876015,0.8158512725969442,0.0,71.76227719069308
19515,0.41830148318411764,0.871552854797699,0.0,5.770551600396351
873,0.4858067556133379,0.7219443563490875,0.0,21.658330690472624
53,0.411520129881152,0.8878973417597678,0.2,49.97086131038067
9940,0.5055996890580685,0.6820100511455873,0.0,44.398855890574865
16696,0.40950332467293254,0.8928102568625506,0.0,12.987264585364336
20862,0.4647396841878499,0.7662778491027765,0.0,28.966069429940468
3810,0.5042803436699277,0.684622928113138,0.0,44.53814479733053
8940,0.5133600613101805,0.6667778061106718,0.0,44.30738572476524
2864,0.47120305605791746,0.7524661609741167,0.0,47.69883235531097
13110,0.49010190553628796,0.7131419390181073,0.0,10.147296375526167
18446,0.5320065700009371,0.6310994400909271,0.0,6.688391596448875
11245,0.5020375279058018,0.6890804053000913,0.0,13.305109205512931
15809,0.4562098063627625,0.7848024736093452,0.0,27.218520263904196
20205,0.529634569414883,0.6355680019147009,0.0,11.482806125642092
12127,0.47331805074408173,0.7479877047365726,0.0,10.087362231730964
6338,0.4514442932978119,0.7953032951374032,0.0,40.1588390384876
904,0.4106550830771361,0.8900016307472888,0.0,62.838561336415125
4056,0.4506683143688439,0.7970236549101366,0.0,77.29535064793262
9965,0.4939400928896689,0.7053410386020609,0.0,34.63224391909618
5667,0.42115323968529855,0.8647585217766518,0.0,27.77171807953367
11336,0.45608800979535735,0.7850694841534275,0.0,10.055405488257396
15938,0.4922784210785079,0.7087108260478399,0.8,10.765317150279788
355,0.4838892006911147,0.7258993226645597,0.0,52.38815278753991
9987,0.44872906885001496,0.8013359834986422,0.8,53.004365938486
1700,0.5048838372357621,0.6834269014423672,0.0,20.20551670613293
18760,0.4880839392466815,0.7172678812674023,0.0,26.512012419650457
18984,0.41224495773950437,0.886137548691809,0.0,9.57892628304518
19984,0.5425632302399278,0.6114506469216917,0.8,4.577013731229856
1145,0.48802167143695663,0.717395465432738,0.0,22.287324519575186
15861,0.5010813428157095,0.6909868301667784,0.0,8.87821332440068
7857,0.3878639615451487,0.9471006154128834,0.0,79.60380961577457
8532,0.5009277280231306,0.6912934437459426,0.2,53.855214891163584
16181,0.5375916585196824,0.620656006039998,0.8,4.103467421286828
11808,0.47255603389516515,0.7495989488252901,0.2,12.425726572013899
5121,0.43147490351894596,0.8405459311722137,0.0,43.70838521452684
21028,0.5378941214498151,0.6200935384672228,0.8,22.408009192440332
17454,0.4549347618334226,0.7876012508970499,0.8,38.37390483111344
21081,0.5395253933466335,0.6170654270938801,0.0,10.601492294778026
14946,0.4332128099284001,0.8365261938206615,0.0,4.969383871942658
3703,0.454669967597277,0.7881834691618808,0.0,65.05666426622517
13988,0.5783731126851677,0.5475360948937875,0.0,20.286211898077937
13844,0.4377223429643269,0.8261704897908083,0.0,21.304457386513953
4159,0.47923376823814345,0.7355667667209429,0.0,45.92510928440476
936,0.4984436157474909,0.6962648038059206,0.0,46.447824424443496
8787,0.492647085066845,0.7079622130750736,0.0,50.8465562009782
18371,0.45344962762565605,0.7908710902915526,0.0,29.266185540980363
9767,0.49819849939794014,0.6967566882060839,0.8,17.718522129235026
15179,0.4571206693491172,0.7828078762263385,0.8,11.343278629370182
10419,0.4942299574273943,0.7047543692409601,0.0,23.77841292899066
13590,0.49453443722792706,0.7041384898427883,0.0,9.681904235338337
13386,0.5366717753723136,0.6223685903897542,0.0,10.11566728086634
2322,0.46359777849050793,0.7687379593949155,0.0,52.31262048282608
11206,0.5014312949636758,0.6902886800407996,0.0,8.188894553392673
10600,0.4264897238413049,0.8521670064993946,0.0,91.23725938058439
15750,0.5690384333722349,0.5638073016672415,0.2,1.7191330282867086
569,0.365624780237256,1.0061476620566931,0.0,89.34591546115334
20847,0.49696579905396576,0.699234070034107,0.0,8.219496573271917
17719,0.46904721476087324,0.7570518444709301,0.0,13.332440079184328
18056,0.4691091784346409,0.7569197477878884,0.0,19.101626079518944
20212,0.49562185781226686,0.7019420264622679,0.0,12.748670875747393
1364,0.4414350166427985,0.8177244574433213,0.0,15.62262226575885
9313,0.4459175007860262,0.807621319888294,0.0,24.20602668338239
17224,0.4924236478236592,0.7084158601880317,0.0,21.263101611161044
7630,0.47853300358622664,0.737030097455689,0.0,22.01029734819591
19293,0.44718138772826577,0.8047909775774336,0.8,17.048289906834142
17599,0.5120207263441575,0.6693901736210359,0.0,21.233391635619242
6089,0.39797305713457914,0.9213709716309136,0.0,86.17122152768172
7426,0.4551068542985583,0.7872230429906499,0.2,15.095002187185194
7469,0.39936245516531743,0.9178858655103331,0.2,32.82818741974401
13847,0.4524158436618634,0.793153513996501,0.0,21.89659009567047
15300,0.4877921232128703,0.7178659409057823,0.0,6.9331489094860075
1699,0.4924236478236592,0.7084158601880317,0.0,21.263101611161044
2811,0.5088808698772602,0.6755413372173956,0.2,49.70295440116702
1833,0.4368939710071751,0.8280647425999901,0.0,70.66704210101949
1319,0.4396028495864373,0.8218835742479358,0.0,58.13182169509103
9059,0.4209299635258285,0.8652888165595211,0.2,49.33444134801072
1381,0.450823190390873,0.7966800553914831,0.0,60.442121306447575
7581,0.44960308327624715,0.799390122605336,0.0,25.700390612102765
17483,0.48303775582416525,0.7276604589764237,0.8,30.241568286447567
12555,0.532215839089479,0.6307061593453768,0.8,6.596240610514881
14071,0.4592990611757563,0.7780537316852318,0.0,27.999042377923242
7462,0.348207833490225,1.05495575480109,0.0,46.734543157157745
6888,0.454819572660218,0.7878544822793093,0.0,22.150527086244026
18841,0.5434239141870617,0.6098655745168237,0.0,10.669750539019592
19620,0.48230972795865373,0.7291687821776879,0.0,62.7814282513175
9507,0.4542114931200772,0.78919234553554,0.0,32.60153687786391
16763,0.5903118003600607,0.5271044064896606,0.0,2.58391843082429
18934,0.36109470294849566,1.0186150200156912,0.8,8.364917192628889
14817,0.40841766188302353,0.8954649470963107,0.2,7.0356677631146205
7852,0.41364871769523137,0.8827381733260157,0.0,42.0403987698937
7567,0.5038249506824202,0.6855263913149182,0.8,37.4160290781289
18624,0.4613753689183671,0.7735433180259714,0.0,11.852231108303968
156,0.48376502075774686,0.7261559844581983,0.0,55.18785481882307
21200,0.4598491527841159,0.7768567720095629,0.0,28.432958151897346
17579,0.4880839392466815,0.7172678812674023,0.0,26.512012419650457
13026,0.5735462804650651,0.5559166473860534,0.0,8.394619658313117
15997,0.45969588904194686,0.7771901189074678,0.2,11.990878256535266
13680,0.47797658134054727,0.7381935407022853,0.2,11.192859842496889
3816,0.49452212302503645,0.7041633907501501,0.0,59.04410461227234
443,0.43350134553116487,0.8358603788882378,0.2,66.26282962323248
13651,0.5767357108493923,0.550371157528828,0.0,1.9943305065758077
18042,0.45607745574999936,0.7850926247912988,0.0,38.25167828648912
2905,0.45118369549981296,0.7958807153115475,0.0,25.571646715030344
11647,0.4801099724509472,0.7337400920489151,0.0,11.038385704070194
10205,0.4829938593899099,0.7277513388888287,0.0,54.47218660536841
17405,0.46459215422474337,0.766595345949969,0.0,26.796338797029996
19312,0.4491955113555538,0.8002970486977082,0.0,6.939375903116405
16378,0.4890112165989745,0.7153698519401193,0.0,7.556452231791135
5559,0.4746344663103348,0.7452103158087662,0.0,59.837407165679465
19857,0.49377968662314037,0.7056658397678689,0.0,4.522718135922001
7096,0.5174533131379329,0.6588359740709192,0.0,31.785538352078973
20312,0.4565071523375254,0.7841509112987121,0.0,38.205795647397906
6416,0.475653871804678,0.7430648493340445,0.0,15.85217389523822
11977,0.5586808320474762,0.5821769312360954,0.2,6.351841020716803
8319,0.4410974724430388,0.8184894020099934,0.0,57.163303083558795
4912,0.45064800269033967,0.7970687260535815,0.0,64.36927740102604
867,0.495117884208057,0.7029593948513696,0.0,58.9934076702187
18598,0.4496939088499787,0.7991881302160908,0.2,25.43016301092237
1941,0.4963509876596001,0.7004719661033166,0.0,53.598359604736025
2416,0.5100132621450528,0.6733185493958832,0.0,45.179674921314415
7898,0.5078311436322771,0.677606281083578,0.0,42.25213934678297
8994,0.36643757903938845,1.0039270885609475,0.0,87.34165670480243
20804,0.5267898877203991,0.6409535049684745,0.0,3.4624308020541323
15207,0.5257697728926016,0.6428918561809878,0.0,5.020985666541673
15122,0.42133978764801866,0.8643156742759209,0.0,15.216276225699612
14325,0.42096385389788654,0.8652083067104761,0.0,30.11357537909874
12171,0.5062749704791973,0.6806753373744437,0.8,8.54945227383227
13899,0.44753385943910845,0.8040030805784888,0.0,14.115077119589046
12785,0.5331640304904964,0.6289261526483341,0.8,6.59649232632146
432,0.45639580346872904,0.784394855890282,0.0,58.072670043918954
6277,0.4910681768224426,0.7111723078279372,0.0,21.761872890825586
1648,0.4537145855575231,0.790286944807084,0.0,58.52075067472892
3167,0.5288044101190703,0.6371366506173525,0.0,28.02764233007005
18026,0.47869117525291816,0.7366996175709813,0.0,6.951866170246875
16593,0.5041444173567248,0.6848925095817401,0.0,18.851666718136034
821,0.4412234958982746,0.8182037384915809,0.2,70.3777940669614
18595,0.4798748060626381,0.7342300298026727,0.2,12.408487923794961
6692,0.4904761322298175,0.712378661242581,0.0,49.30372649239689
12495,0.48921694273969046,0.7149492422044764,0.0,5.876167553038072
1377,0.44684064419737496,0.805553248607055,0.8,15.470645468626998
2642,0.43386282807820015,0.8350268591765359,0.0,64.06325528459436
12830,0.5595214464024625,0.5806734205930919,0.0,5.163638071435539
16891,0.4826027540343151,0.7285614191470761,0.0,7.301423905341069
3727,0.4759795000587186,0.7423804927816637,0.0,50.010465974254615
19091,0.6132162226387124,0.4890376766287612,0.0,7.017348171507573
4484,0.4766347741965704,0.7410047539146078,0.0,53.59872387502461
3050,0.46853089080371574,0.7581532439304276,0.0,36.069141158415114
8903,0.47466009618984584,0.7451563180708043,0.0,26.90014478788349
1817,0.46730393367891304,0.7607754114235064,0.0,38.90224648407685
14373,0.5737809272877306,0.555507615290673,0.0,5.7022579161332
1059,0.4807066113972464,0.7324981504899997,0.0,58.900173374871834
3021,0.4550807203954875,0.7872804683034196,0.0,69.30036442370317
7620,0.49777551545415993,0.6976060757662071,0.0,41.25990900937506
6378,0.48916734945145307,0.7150506201367995,0.2,22.327455886541728
8581,0.4625009937796688,0.7711065733191682,0.0,66.24923661118957
13912,0.5089206210880856,0.6754632253042212,0.0,10.630101992887635
9057,0.4635979552382063,0.7687375781427334,0.0,23.544048716187596
9376,0.490124733871579,0.7130953613504998,0.0,15.189822212335754
5766,0.4146059312782329,0.8804267730571418,0.0,43.48427778392237
21032,0.5180893468331307,0.6576075673625061,0.0,23.06887341290524
20171,0.4947448374367715,0.7037131292446132,0.0,19.71452288627543
5963,0.480737930162874,0.7324330010938881,0.0,15.261156644060797
15895,0.5444464879704526,0.6079856188115655,0.0,9.180887771534321
19877,0.4942792861628441,0.7046545649431032,0.0,25.543727307176532
855,0.42532383715823935,0.8549044304252218,0.0,89.96800434463395
802,0.4963509876596001,0.7004719661033166,0.0,53.598359604736025
18359,0.4940984417132323,0.7050205069236425,0.0,31.979025991139196
9810,0.4734957345020519,0.7476123748399766,0.0,20.93464161189626
18727,0.48836546204611925,0.7166912557774066,0.0,18.891981939726065
3633,0.5322206431981568,0.6306971327688591,0.0,49.76830824463529
6940,0.4768870253038068,0.7404756603726393,0.8,58.99184433377439
6073,0.4281483492590109,0.8482855330376047,0.2,70.70460112025586
1719,0.5460112870890259,0.6051156311266783,0.2,17.971934706128938
1216,0.4920715480368524,0.7091311502235741,0.0,57.91828344836563
18884,0.5072204725594622,0.6788095127946544,0.0,18.186664989863843
5375,0.43578026573396017,0.8306171403469393,0.0,44.49615837062484
5251,0.4427548085567792,0.814739141719155,0.0,52.505860631469105
375,0.4146059312782329,0.8804267730571418,0.0,43.48427778392237
19195,0.48980356653624385,0.7137508528730961,0.0,25.576547800471154
278,0.49424085040958715,0.7047323291723876,0.0,33.76372578311546
11696,0.589013230239075,0.5293066333772616,0.0,3.8446188446078358
12878,0.4579589176181887,0.7809757984148005,0.0,9.786583236776611
8009,0.4518230962362722,0.7944645557672981,0.0,13.168253648613089
20933,0.4862122356503848,0.7211100515377387,0.0,27.928590590550364
14741,0.42096385389788654,0.8652083067104761,0.0,30.11357537909874
5768,0.44377115547777896,0.812446265012774,0.0,12.024042167232237
16298,0.5247054663241604,0.6449181903445758,0.0,8.736706065273035
20371,0.4520341204180296,0.7939976143484472,0.0,13.045374988332767
2781,0.5017166270275799,0.6897198066666064,0.0,47.62515212411471
7071,0.45208628921654376,0.7938822120236769,0.0,25.547129825195555
8052,0.5479746269952191,0.6015262942096654,0.0,17.158537312866635
9261,0.46771139513843685,0.7599038503426156,0.0,60.11599696321596
8811,0.5084810913328001,0.6763272493711425,0.2,21.238704529442508
16040,0.5585317229585935,0.5824438618019934,0.2,4.688673198598397
11600,0.565961647494329,0.5692289636855342,0.8,8.749988252847658
19373,0.47936472562821963,0.7352935399388671,0.2,11.504035213749814
12339,0.5355900425103632,0.624386256618068,0.0,8.870655409625908
20050,0.5556935392306704,0.5875383251257873,0.2,10.086857535433595
5577,0.4711973358335938,0.7524783006641528,0.0,67.89235352923242
7283,0.46853089080371574,0.7581532439304276,0.0,36.069141158415114
15055,0.5115139196343703,0.6703804805993049,0.0,7.762168239075812
9815,0.5520366917078193,0.5941407644289266,0.0,18.14179096067361
19597,0.525423114829565,0.6435514079714386,0.0,12.331410902853449
2172,0.4513577771264593,0.7954949565756114,0.0,41.361756382896196
13906,0.5155518220902364,0.6625174527595935,0.0,10.528064073502433
20683,0.44919840075815043,0.8002906163242077,0.0,22.428144980415887
8455,0.47987131128150107,0.7342373125227044,0.0,20.60637056807473
211,0.49102762989050724,0.7112548800814408,0.0,47.75009246722779
19711,0.4744607551795247,0.7455763720880869,0.0,36.84042018681003
4685,0.42407319464361276,0.857849209772384,0.0,71.48886311099722
20509,0.5083500938095069,0.6765849077237421,0.0,10.366295222344027
7494,0.44149461330713946,0.8175894599023852,0.0,24.715728218872282
10315,0.48917981071831956,0.7150251460160079,0.2,6.868888830628795
320,0.4512876482379704,0.7956503418169462,0.0,61.68279396342482
13755,0.4667716313796159,0.7619151529537026,0.0,21.99115844899808
5545,0.5174505630770297,0.6588412886918542,0.0,44.36307757087879
14316,0.46363180451641944,0.7686645665123967,0.8,19.143207435628085
7134,0.5004118736122377,0.6923237724290093,0.0,56.3551561321236
8771,0.5565331979626437,0.5860284551264259,0.0,17.443721197934188
6477,0.4843517131151721,0.7249439561795428,0.0,51.52539223854935
16904,0.5532791426957703,0.5918926259827542,0.0,4.13874995705398
12251,0.41289261765059976,0.884567725517064,0.2,14.713456506531873
3966,0.35905089418369984,1.0242911340133711,0.0,89.83033323444477
5155,0.45185944410898604,0.7943841118699987,0.0,40.640691042055735
12144,0.506214379989473,0.6807950235514264,0.0,8.666520662794793
19635,0.4953695187824869,0.702451292317034,0.0,9.114305115867662
4518,0.44329098372132997,0.8135288764379018,0.0,59.119140409443276
13982,0.48263553972566486,0.7284934863027737,0.0,26.16384422751982
7366,0.4997452316292054,0.6936568471594935,0.0,51.320202260469664
18440,0.526451368294188,0.6415963195865586,0.0,6.745102421092943
2397,0.45204912628504496,0.793964418584514,0.0,71.84187090021717
12175,0.42726824509715516,0.8503432543355276,0.0,10.847828666870278
1642,0.5463696491633028,0.6044595191876289,0.0,14.748812037595137
11287,0.40169978684657326,0.9120502682454374,0.0,26.369881180982336
18590,0.49692072668595044,0.6993247692575675,0.0,18.116008627805495
6046,0.479219426464886,0.7355966936351371,0.0,50.138273332006506
6765,0.4507650656230196,0.7968089940007568,0.0,62.56942443015838
12266,0.4343310608820929,0.8339482225833876,0.8,12.910352389275783
20020,0.409749210413915,0.8922099883547709,0.0,7.706463604238783
2610,0.4903432168464397,0.7126496905290985,0.0,21.807080802044702
5650,0.44589261335944563,0.8076771331745357,0.0,78.59910218674793
1503,0.4005609620948498,0.914889309088832,0.0,73.60284212417594
3640,0.4216628924941296,0.8635491171354903,0.0,51.94248071337111
4061,0.4670963088229148,0.7612198138326055,0.0,43.71685704453553
14904,0.5251269234716652,0.6441152866158616,0.0,2.790629313408645
6011,0.45308013261278635,0.7916862759578989,0.0,48.34432437419691
8060,0.5060258830665223,0.681167458697526,0.0,39.81764244697112
13487,0.4395668123838139,0.8219655543348346,0.0,14.633042768744065
7232,0.3877425078720189,0.9474137991701405,0.0,79.63013271152778
18253,0.5188865694928105,0.656069975593606,0.0,47.94887106290035
13580,0.5645472555814646,0.5717311866171524,0.0,20.814159949936734
12140,0.5016850098132523,0.689782826723934,0.0,13.925335680905306
567,0.37215627717576444,0.9884414129914116,0.0,92.819589680365
4706,0.48342036057614557,0.7268686920793892,0.0,31.328039519508067
18103,0.44155135982611415,0.8174609354069924,0.0,8.303563143063322
1498,0.4902978856749926,0.7127421426430531,0.0,16.40375997790659
13913,0.5039247399631488,0.6853283475308694,0.0,10.78535434640302
3396,0.4455033244036567,0.8085505699135781,0.0,22.2351406726234
18519,0.4122505336892311,0.8861240229665994,0.0,28.156591336807928
9647,0.490264269353781,0.7128107080492385,0.2,36.424626093653266
16232,0.5081005710195909,0.6770758765499965,0.8,10.03764909500185
12492,0.551349462379046,0.5953864378771432,0.2,5.765127214104791
10785,0.3878639615451487,0.9471006154128834,0.0,79.60380961577457
19800,0.5092578678522304,0.6748007741129198,0.0,26.472096844503078
14098,0.49928648057870506,0.6945752385921952,0.0,9.276052159047095
16196,0.5621737898421075,0.5759442422971112,0.8,5.673050731700222
4003,0.47859541766535013,0.7368996780097168,0.0,37.31438694893423
9069,0.45838691774254536,0.7800416529449039,0.0,62.22782107830606
5069,0.45208628921654376,0.7938822120236769,0.8,25.547129825195555
13989,0.5801992837998525,0.5443836416977799,0.0,20.169413509570983
4202,0.41471613694716314,0.8801610001474333,0.0,97.75948201777159
6595,0.4649096333010345,0.7659122292676824,0.0,47.720164599984095
14760,0.4679311839825069,0.7594340366487599,0.0,22.095734223339168
8497,0.45055943555259914,0.7972652782218554,0.0,65.30399881749915
3594,0.510987057160015,0.6714110175531857,0.0,58.063627051881696
1019,0.38808561434307887,0.9465293081763139,0.0,92.77407317390852
12602,0.484186785437452,0.7252845263882866,0.0,12.919130626291354
13921,0.4073774523111755,0.8980151220544346,0.0,14.695120601467815
7773,0.41405272976925145,0.8817619466748636,0.0,43.44000176475238
20013,0.48134584834685523,0.7311692478148747,0.0,5.4469185891789955
6122,0.4418974213947743,0.816677502131139,0.0,67.51881498099387
16126,0.3851173225869539,0.954207257124237,0.0,9.716453934741784
20030,0.4971318012318167,0.6989000944177365,0.0,8.06565698753139
13645,0.487549137421046,0.7183641989138427,0.2,4.198838763203975
9612,0.49024336923054784,0.7128533392790503,0.0,15.977894431159548
2403,0.4904748504972285,0.7123812744875068,0.0,50.47933754498776
14720,0.4816399091994305,0.7305585204818669,0.0,14.378853613887102
9029,0.4213334551686678,0.8643307037773438,0.0,72.8933291117439
3595,0.505919297759985,0.6813781130075636,0.0,59.37528835159889
20871,0.5240897086723266,0.6460924095577523,0.0,3.0119211097204626
17238,0.35239688689243315,1.0429972189760648,0.0,94.23480112171865
8339,0.48001500968030664,0.7339379054017965,0.0,29.041922692769013
12949,0.48389685128141474,0.7258835121653597,0.0,10.77937077868641
8687,0.5448061699210888,0.6073251990988324,0.0,17.897873779615914
15152,0.5675838305011227,0.5663668215912386,0.0,11.015835247085558
12525,0.5183499976666052,0.6571045937145976,0.2,4.74002400180018
2371,0.44677901233356754,0.8056911861814016,0.0,14.925430453397652
10800,0.6167857783099728,0.48323351421353933,0.2,4.788844397756137
6484,0.4004507801360979,0.9151644160657658,0.8,77.14835957612902
1246,0.5031130768385861,0.6869403292991377,0.0,58.91887235844337
12594,0.4395130502870003,0.8220878688119683,0.0,6.373359730648624
12379,0.5357938758092577,0.6240057519308714,0.2,5.001561934156011
454,0.4558374808185116,0.7856189347077265,0.0,62.07567964642727
11996,0.5251388011808993,0.6440926681318803,0.2,1.4826369123735095
12870,0.48046053363186464,0.7330101899870443,0.2,9.585574008393925
2904,0.44699843018546714,0.8052001962640701,0.0,25.013544526966633
21159,0.42877792579123813,0.8468161495822631,0.0,11.068967367767623
770,0.41268850452330186,0.8850621969287147,0.0,56.68823303803531
16080,0.52434901979445,0.645597748076122,0.0,6.2994198298319635
16032,0.5265348206329068,0.6414378135400957,0.0,5.6074489732415
2285,0.44890877635774384,0.8009355825772925,0.0,55.272566264641945
19432,0.5109811619288058,0.6714225545679365,0.0,14.485942127057989
19578,0.5020909131905857,0.6889740737141122,0.0,34.75874254452246
1919,0.4746389979503916,0.7452007682121515,0.0,22.45662389927844
1548,0.4519554399271655,0.7941716882415853,0.0,10.784852980492516
18418,0.5285699816410552,0.6375800668447229,0.0,7.859130655046679
365,0.4840864393732621,0.7254917944650606,0.8,31.928892656693435
511,0.4608784547669605,0.7746209263518601,0.0,47.670172516880115
20726,0.5368213058637096,0.622090003606147,0.2,30.233574412567243
16182,0.48201645567775253,0.7297770251040323,0.0,6.711393935326023
15992,0.5194251612660482,0.6550325379810112,0.0,9.91752049862287
4564,0.3911265096008786,0.9387242173626266,0.2,86.40956707298875
7100,0.45184969034873396,0.7944056979310011,0.0,10.788030832503267
7389,0.5364680792007348,0.6227482169093678,0.0,18.352390118610785
1776,0.45760836199365296,0.7817415654959805,0.0,40.76391130853339
6379,0.48887827103483494,0.715641754985688,0.0,22.232841998106785
3902,0.4048349869080767,0.9042757346348629,0.0,95.94546162294594
4116,0.48113361871488136,0.731610253867838,0.2,54.698837393017804
13249,0.49975155263778015,0.693644198777479,0.0,11.103855931831404
16734,0.5714635075544418,0.5595546515840144,0.2,5.470766334420898
5737,0.4569197513000499,0.7832475024130242,0.0,49.646141625794606
13764,0.4594159318759348,0.7777993095811129,0.0,21.177141985923228
12306,0.6034183027379126,0.5051446200391904,0.0,7.956533355368235
7920,0.5047571458771489,0.6836778646290784,0.0,47.32076089659855
6171,0.44757744410785394,0.8039056967813962,0.0,58.29924149858567
16823,0.5762803786884687,0.5511609681632588,0.2,1.7588043128505362
9384,0.42474112293863503,0.8562754181455267,0.0,27.49928322454195
16855,0.5464898010453695,0.6042396338537409,0.0,10.036420687109242
20879,0.525423114829565,0.6435514079714386,0.0,12.331410902853449
18756,0.47704937795365643,0.7401352757288354,0.0,28.36383215597781
3255,0.44335544413280464,0.8133834736943432,0.0,64.37930318403195
6510,0.48668115293429287,0.7201460870875307,0.0,36.04691260893749
11065,0.39422511472251975,0.9308331756828054,0.2,30.193669443459257
15299,0.5315112235152543,0.6320309647434003,0.0,7.54840930097231
14198,0.4592990611757563,0.7780537316852318,0.0,27.999042377923242
13442,0.4992853925983563,0.6945774176648849,0.0,14.489231791962716
2027,0.4244199244820117,0.8570319259314586,0.0,72.03781879571414
13843,0.4380018013129157,0.8255322560275821,0.0,22.345507761178965
345,0.44657765420898843,0.8061419761861782,0.0,54.80153117211389
5324,0.37096223021094105,0.9916550269185643,0.0,48.45473164764444
18134,0.4675562108530415,0.760235700362493,0.0,28.756677214350056
16063,0.5237638481107924,0.6467143677883262,0.0,6.363669477717911
12793,0.5584567020035661,0.5825781889865257,0.0,5.239358602381886
19209,0.4768188405794609,0.7406186493735487,0.0,26.490076778654704
269,0.4520921348378744,0.7938692817851859,0.0,55.66214299648057
9060,0.4209311771333302,0.8652859334058913,0.0,49.334276965008264
4926,0.4630177481379703,0.7699898927192073,0.0,24.474129356908453
16860,0.4768914079258833,0.7404664703513013,0.0,10.249907271193937
961,0.44684064419737496,0.805553248607055,0.2,15.470645468626998
20375,0.45116600835393433,0.7959199177311977,0.0,50.528979499149585
6385,0.5234853063639987,0.647246317138052,0.0,18.547167107406715
17989,0.46053184357773846,0.7753732756715802,0.0,12.107454261596445
18354,0.4787083565816313,0.7366637259120788,0.0,5.089057077746453
4112,0.450823190390873,0.7966800553914831,0.0,60.442121306447575
17208,0.5217532595497408,0.6505604857041578,0.0,9.453131801221758
328,0.4146059312782329,0.8804267730571418,0.0,43.48427778392237
18074,0.46710471260991215,0.7612018224435901,0.0,23.134825604603094
15192,0.41421454928513896,0.8813712044059402,0.0,14.829069505480648
11903,0.5649146568376279,0.5710806090897793,0.2,14.716747829976025
17864,0.4610065065204599,0.7743431221578442,0.2,18.40032829258154
1407,0.40288148297679144,0.9091128471937131,0.0,33.70990257058793
714,0.47475823447724064,0.7449495845697239,0.0,52.15392200711038
2148,0.41846584567761763,0.8711600036670568,0.0,72.2296138108179
21202,0.4526366633144183,0.7926655430661196,0.0,28.0516393432969
11124,0.45752835521832175,0.7819164175678738,0.0,24.208131572035516
17457,0.45425139144277005,0.7891045085453965,0.0,34.23254044030939
15243,0.4806656207307028,0.7325834258187404,0.2,8.452181030857616
402,0.4940114662135224,0.7051965511050373,0.0,20.424605901900364
14370,0.5062000942061817,0.680823244766465,0.0,6.723129542068843
8384,0.3761459516567501,0.9777780416105878,0.0,83.01824715929746
7694,0.4519817352990418,0.7941135085967951,0.0,12.217438026171166
18322,0.5388543157362421,0.6183100308106715,0.0,4.513972328042664
20536,0.4757890204518747,0.7427807573528954,0.0,22.365127640511215
5629,0.5354649961192549,0.6246197579549114,0.0,41.60748076748921
15563,0.5403542786230797,0.6155302830204331,0.0,9.031060270210684
13636,0.4844362885219759,0.7247693557367716,0.0,9.481432896988416
19266,0.4702446639146538,0.7545021582026381,0.0,28.78614370595404
6331,0.48186350428529456,0.7300943911663947,0.0,46.22775239250314
3268,0.4701660985595623,0.754669245518967,0.0,20.99584243781489
7756,0.522671738897239,0.6488016622642035,0.0,11.787915696259134
6267,0.44681661704924536,0.8056070212314768,0.0,62.38620661783267
4425,0.49086590765161237,0.7115842889922318,0.0,31.016178567761727
14171,0.4830182323157264,0.7277008779763185,0.0,26.13537769874953
15950,0.5604817321587358,0.5789586290461292,0.0,6.074723315881675
13852,0.4586751540474219,0.7794130448643074,0.0,22.100646766096908
836,0.443894058707347,0.81216935153596,0.0,72.30743947400907
2523,0.47736234383758835,0.739479445780389,0.0,55.44617132699696
15170,0.4235007648704257,0.8591999588221767,0.0,21.252309867086716
8801,0.5116139133538894,0.6701850138812402,0.0,17.160087612781037
20637,0.4636210550670493,0.7686877520960473,0.8,28.226212996073095
14953,0.4643267014372437,0.76716687659144,0.0,5.384360426316319
8557,0.49036397690812816,0.7126073536076938,0.0,40.654248979642674
17250,0.4137336840491367,0.882532787390746,0.0,62.69072315082865
13679,0.477369118552242,0.7394652539056669,0.2,11.221755603796074
5320,0.37523798239406975,0.9801948345801443,0.0,43.10406635500324
1196,0.49942670891366325,0.6942944205608423,0.0,27.38644585566361
8077,0.4460096876173683,0.8074146060827974,0.0,63.315434502892685
20772,0.5148418022132419,0.6638956056763552,0.0,11.65667910271434
19403,0.47325921525238823,0.7481120168109965,0.0,48.66842748194505
15012,0.4860844284128578,0.7213729491552806,0.0,10.831415423207714
6885,0.431828297556825,0.8397272291051349,0.0,50.55157983279015
3746,0.4410741048349786,0.818542379477569,0.0,70.47650074651352
20490,0.42732474699939554,0.8502110231966223,0.2,31.429750900996133
6004,0.4632155704199014,0.7695627383921593,0.0,45.25221715163932
6401,0.4455033244036567,0.8085505699135781,0.0,22.2351406726234
13618,0.5004676556084168,0.6922123064741001,0.0,8.897005218729117
11621,0.4972529192318681,0.6986564905124113,0.2,10.432408788797026
18455,0.5794875438852739,0.545611111023034,0.2,5.244686908775974
6131,0.4519554399271655,0.7941716882415853,0.0,10.784852980492516
4411,0.4519817352990418,0.7941135085967951,0.0,12.217438026171166
2998,0.4100240239199556,0.8915395260736781,0.0,62.42559802379335
18554,0.47539383065505836,0.7436117013067215,0.0,17.430258675761046
6105,0.4559089419476874,0.7854621781194082,0.0,56.604330787506996
19063,0.4411136903294073,0.8184526355598404,0.0,22.527908481569703
13413,0.5653525165461292,0.570305819304291,0.0,8.777007026835008
609,0.4679282518671719,0.7594403027934877,0.0,41.43505816927555
7221,0.33713298023524535,1.0872778263593361,0.0,47.38084051928075
20539,0.4660475617526249,0.7634675862178166,0.0,22.988008030803236
9895,0.4905734947451079,0.712180174819605,0.0,54.196912933823
14515,0.4751506410086004,0.7441233862599533,0.0,9.525151343371213
96,0.44365819847125204,0.812700836278947,0.0,67.7264234472562
8416,0.5042803436699277,0.684622928113138,0.2,44.53814479733053
19245,0.4874051436827581,0.7186595845378164,0.0,20.05419619999214
19658,0.47897660175844736,0.7361035308677795,0.0,27.101123280373244
6382,0.48745894190800126,0.7185492138182609,0.0,21.572285407279672
15906,0.5313659714450614,0.6323042833766079,0.0,8.562032231253216
11460,0.41579019576027004,0.8775744830563484,0.2,32.893685628113204
4800,0.4401487643971886,0.8206425083103593,0.0,64.83896633468302
10339,0.4912784288395941,0.7107442470617062,0.0,37.66944509427043
12054,0.5676550438528969,0.5662413619131457,0.0,6.152212537588887
9936,0.5084796717925646,0.6763300411017322,0.0,42.57835639596249
9493,0.4780457968994322,0.7380487416670717,0.8,47.67610066178885
11196,0.4732341433206361,0.7481649953797965,0.8,21.185226936262247
17479,0.495986211113267,0.7012071528185064,0.0,32.62716662723284
14751,0.4585261641514225,0.7797379242432477,0.0,13.008952898475858
12327,0.5135267125326585,0.6664532304550378,0.0,10.606603137268753
16943,0.42381786896348145,0.8584514703664813,0.0,30.748230760391326
2199,0.48549138389572466,0.7225937382759494,0.0,47.68396475815586
3609,0.4129375260812027,0.8844589660318646,0.0,64.47705322541381
8396,0.45171611899437586,0.7947013517814455,0.0,23.920509476003474
4644,0.45900394369438596,0.7786964770317355,0.0,58.939532306663864
6514,0.4455033244036567,0.8085505699135781,0.8,22.2351406726234
13212,0.4430785135364769,0.8140082931813252,0.0,13.168618200330373
3442,0.37403191967607957,0.9834141384819444,0.8,87.83363242800105
10836,0.489453158147079,0.7144665148548588,0.0,8.457496756362861
10353,0.4002464737735796,0.9156747372038855,0.0,69.0601835102446
20776,0.4212412729217414,0.8645495146298913,0.8,31.256056847881297
8404,0.4892079973154436,0.7149675275606256,0.8,41.725505344819666
5477,0.4009259207757929,0.913978604961373,0.0,31.989251173648057
5197,0.4721098992088299,0.7505434831921375,0.0,42.015426708620495
20937,0.5111834017758681,0.6710268455854841,0.0,25.830505765957547
18364,0.4889462424467926,0.7155027291970522,0.0,27.031693600361365
19995,0.5424182177304387,0.6117179556588573,0.0,10.702158409728384
317,0.45208628921654376,0.7938822120236769,0.8,25.547129825195555
11756,0.5530626113863247,0.5922840625554251,0.0,11.097330776390294
17365,0.43815527610232535,0.8251819197809535,0.0,24.540910892371205
9204,0.470571082747172,0.7538082522029265,0.0,36.22048594324056
6616,0.3343270899913849,1.0956354538665065,0.0,101.37367204080554
14166,0.48263553972566486,0.7284934863027737,0.0,26.16384422751982
10674,0.5217678658798867,0.6505324913880087,0.0,18.8817053143785
16362,0.5504513355088392,0.597016727255862,0.0,4.919417980621779
10593,0.47629794209833576,0.7417116917844131,0.0,21.609771724605988
11736,0.5340332667391795,0.6272971446979551,0.0,6.519499303813154
2801,0.43089424364483353,0.8418925933615425,0.0,49.402260846945914
19990,0.5651635247007365,0.5706401654617234,0.2,4.3127558389506895
10937,0.5712089781206773,0.5600001500819043,0.0,5.527201550735904
12176,0.42465577772584473,0.8564763729948103,0.0,10.83057213153138
7177,0.4708552565431117,0.7532045431442127,0.0,36.217839767510114
19414,0.46234204441837323,0.7714503059446963,0.0,17.700926298760763
1287,0.42348690708866793,0.8592326813333012,0.0,70.78788628716306
10982,0.6084388810944403,0.4968588135146459,0.0,2.0937408221971245
20953,0.46175933861638135,0.7727114357079882,0.0,16.574660148553335
3652,0.49456387303636823,0.7040789693519646,0.0,47.314104591773514
7164,0.5070325264995458,0.6791801226173358,0.0,45.505068215361504
15761,0.5396854517041226,0.6167688059852308,0.0,6.993232826681972
12156,0.5176250335046642,0.6585041723887302,0.0,4.611159019870938
5291,0.48217186407781154,0.7294546640087555,0.0,43.13995116690272
10035,0.4713961520147292,0.7520564514011421,0.2,9.396945632799701
11244,0.4346183683504133,0.8332869470957134,0.2,10.948140335084148
14354,0.4408129173912626,0.8191347171461594,0.0,30.920698983949247
7114,0.43384685767766407,0.8350636696462127,0.8,39.84506312458964
1117,0.3876891769181226,0.9475513508204702,0.0,79.91174230393518
9754,0.4893583522043368,0.714660231299825,0.0,29.40826688226035
10278,0.4324649666143408,0.838253957938813,0.0,18.96717298419076
18053,0.4732231893213777,0.748188142750272,0.0,17.253219599301325
20321,0.5116492855414743,0.6701158778317132,0.0,8.703297528096881
1248,0.5010537939244448,0.691041810558667,0.0,41.573072581649484
4522,0.45943982057553767,0.7777473129547773,0.0,70.75556060931262
6411,0.39125062345425204,0.9384069436357477,0.0,87.27184575812456
20648,0.45055943555259914,0.7972652782218554,0.0,65.30399881749915
3701,0.3655810906958635,1.006267162031136,0.0,79.16303579445928
16055,0.5442026032414681,0.6084336690327676,0.0,6.212107784034461
13965,0.39882662306862715,0.9192284851772622,0.0,15.53955729646113
6948,0.46889821076009947,0.7573695687179341,0.0,60.663411803954936
5791,0.3950556550548883,0.9287286251331941,0.0,70.67625049832719
18332,0.5131995725987241,0.6670904790572065,0.0,9.089107777154439
3866,0.5323364228082664,0.6304796158047371,0.0,22.47817519995416
17787,0.47539383065505836,0.7436117013067215,0.0,17.430258675761046
3280,0.414250355584937,0.8812847642933661,0.0,49.107386782029124
20146,0.49696579905396576,0.699234070034107,0.0,8.219496573271917
19868,0.5122606821668435,0.6689216386557777,0.0,10.86696637998896
20293,0.47712316472072525,0.7399806144617881,0.8,37.15368781192393
5990,0.4519817352990418,0.7941135085967951,0.0,12.217438026171166
10741,0.48473621666487066,0.7241504191679681,0.0,5.692546316627117
11650,0.45175580178302743,0.794613506685733,0.0,6.172836217655495
1254,0.48335720112978536,0.7269993518070283,0.0,49.545004161679515
16469,0.5293692165810859,0.6360691386299031,0.2,9.184838094910567
300,0.44701174017059536,0.8051704203497225,0.0,61.054059557631554
20339,0.518460008601315,0.6568923833106516,0.0,3.7984803035953596
88,0.420596783561063,0.8660806630060615,0.0,69.637214651775
15927,0.4886067223079305,0.7161973619479215,0.0,11.246805808836104
13166,0.5410092647632929,0.6143188750266664,0.2,5.023285762144404
10938,0.5728187420439463,0.5571859438222013,0.0,5.716727911145527
10494,0.44519412457281843,0.8092448569436218,0.0,10.864921930900831
862,0.5048411083060133,0.6835115362331844,0.0,20.016637189835414
3607,0.41915932107338333,0.8695041901081152,0.0,72.67315516755548
1078,0.480077463116406,0.7338078066082803,0.0,41.43739293058981
2208,0.3878639615451487,0.9471006154128834,0.0,79.60380961577457
5821,0.520474487974445,0.6530144065866803,0.0,45.76324831824737
9387,0.5241120100868756,0.6460498577966681,0.2,45.58850732820743
3918,0.4610649403343754,0.7742163775022255,0.0,64.91417311676244
4008,0.4993385181025883,0.6944710202439683,0.0,50.81444327963675
11238,0.46653578546568686,0.7624205510994633,0.0,9.859241506325494
16480,0.48320520447739024,0.7273138615640109,0.0,11.575637059992747
3190,0.44063682692982337,0.8195342645166505,0.0,69.75466029989576
6713,0.4761223486605843,0.7420804227773261,0.0,50.37612825468143
5341,0.3719223711346933,0.9890701262310864,0.0,44.68025744407804
7379,0.5573423187824973,0.584575651918162,0.0,2.137793266661212
18901,0.5074736616949062,0.6783104675510656,0.0,20.08477335819491
9528,0.4709233963933134,0.7530598385469953,0.0,34.64075257316178
16474,0.5293692165810859,0.6360691386299031,0.0,9.184838094910567
1035,0.48179437269631537,0.7302378686198543,0.8,41.75134958121289
20940,0.5458350492623703,0.605438456458996,0.0,23.236123499695125
7931,0.5038090676051936,0.6855579168032198,0.0,49.1784949651144
15719,0.47296019809516154,0.7487440418211841,0.2,1.6341337855877789
5732,0.4517697288107871,0.7945826784970672,0.0,15.816167245534558
5170,0.39286813984643004,0.9342812454322441,0.0,82.26346294750907
18575,0.4578469255544885,0.7812203744132903,0.0,21.391766663962382
18008,0.46904721476087324,0.7570518444709301,0.0,13.332440079184328
15561,0.5528844864722204,0.5926061845013834,0.0,9.451179261052156
20692,0.5735543042391741,0.5559026577251359,0.0,17.157934343150124
3709,0.4389020928673722,0.8234789138614681,0.0,66.7759021093566
4391,0.4745960287788196,0.7452913025274505,0.0,55.2260872231205
15427,0.5354308676986087,0.6246834960303133,0.8,4.119631738041622
19165,0.5427047295652215,0.6111898830710368,0.0,6.5079497303871285
17335,0.4736754523927,0.7472328913943409,0.0,54.55920910908304
15445,0.41728209435898306,0.873992800623016,0.0,6.472353836711561
6855,0.4715324047819418,0.7517674522671592,0.0,41.080329905505494
6832,0.4923211650460525,0.7086240009705722,0.0,54.88292671262199
15888,0.5490022359695925,0.5996527646765423,0.0,6.292440985087524
4049,0.503010248685449,0.6871447339697909,0.0,46.121151188853474
11165,0.5518590080215059,0.5944626855812447,0.8,4.257541718983599
15379,0.5476347475328471,0.6021467333573705,0.2,11.281219416971535
11347,0.44708098918260764,0.805015516926672,0.0,13.062181642532998
7493,0.44149461330713946,0.8175894599023852,0.2,24.715728218872282
13934,0.5588604654197108,0.5818554516197469,0.0,9.016140924174344
12353,0.48629855942628486,0.720932523891642,0.0,6.6149159686972805
11605,0.4239664572426028,0.8581009371564425,0.0,12.99250611272235
19237,0.39781265832718893,0.9217740922359858,0.0,26.383017828870727
5131,0.4455033244036567,0.8085505699135781,0.0,22.2351406726234
14502,0.48200534049443455,0.7298000851289459,0.0,8.32336977601798
19545,0.45806433841268995,0.780745627850303,0.0,17.29507673713338
7377,0.5741631570142436,0.5548416773833034,0.2,2.0638640214467636
13218,0.5453768038545193,0.6062783399948638,0.0,5.913638752539509
19051,0.5154359772885572,0.662742178604529,0.0,30.76184120481125
4588,0.48043846303554283,0.7330561273777633,0.8,38.76400600233733
12971,0.5051242967687148,0.6829507477770647,0.8,11.251272542356311
5994,0.48122297227525307,0.7314245564632271,0.0,50.97297354530027
18468,0.4573503878773045,0.7823054687828137,0.0,21.421479260204713
12281,0.43318509441511904,0.8365901725379497,0.8,7.802457794196496
18072,0.4724808297469196,0.7497581048355954,0.0,23.52178574354069
7475,0.5153445688772738,0.662919536262011,0.0,47.63739828040209
7568,0.5011312784737594,0.6908871793401365,0.0,37.570445550463745
17504,0.312211048502875,1.1640758823441721,0.0,9.387689784421887
13473,0.4924121528933756,0.7084392040394144,0.0,10.751628144922723
20727,0.49965278875709046,0.6938418442687391,0.2,35.23155302982947
6614,0.3394593170686684,1.0804011710675774,0.0,82.6344801071248
9817,0.47000706032593287,0.7550075624207915,0.8,38.28643279912827
11219,0.495753009826916,0.7016774403411237,0.2,49.3602030276771
17376,0.49758240087098243,0.6979941062071837,0.0,10.815244193129576
17503,0.312211048502875,1.1640758823441721,0.0,9.387689784421887
7380,0.556238296906557,0.5865584849921266,0.0,2.145044487577659
18767,0.5505199860992781,0.5968920181209725,0.0,15.340125321101464
4620,0.4632282575057317,0.7695353496062477,0.0,64.75254940933866
1000,0.3937118127011061,0.9321360771617477,0.0,61.63283998212296
10595,0.5295653704529453,0.6356986646147852,0.0,9.769544712717524
10599,0.5390550948604147,0.6179374964872473,0.0,8.231112750305451
7097,0.5112661932900735,0.6708648982097193,0.0,40.01373716081629
17464,0.4437203792985416,0.8125606912969764,0.0,39.26740208403018
407,0.43660787540614177,0.8287197969938378,0.0,48.10718358322926
6133,0.3877656691035324,0.9473540674169288,0.0,79.62511225748804
7011,0.45108122178505544,0.7961078630444028,0.0,55.19415960258548
1171,0.500398655557478,0.6923501871286458,0.0,16.02444539802527
19227,0.4716771390078381,0.7514605549759152,0.0,19.921970532172544
12869,0.4699144303847148,0.7552046638647598,0.2,7.485588583573904
3172,0.5015479524910021,0.6900560580236472,0.2,46.95486320468869
11122,0.4700708616407856,0.7548718261941239,0.0,23.784123833442756
20228,0.5476952713210761,0.6020362209323501,0.0,2.0948512344165953
15529,0.42859350796896245,0.8472463431199951,0.0,7.097382897499182
19741,0.4399589212509121,0.8210739172216018,0.0,25.74949557845328
18276,0.4541247539178197,0.7893833303229554,0.0,27.330423932530344
12962,0.47770405982895503,0.7387638599224079,0.0,11.297989849959196
9342,0.4709995702628316,0.7528980973592744,0.0,49.87196836071447
5458,0.5034650108496804,0.6862410610958267,0.0,50.400974522758844
5464,0.48010307461634516,0.7337544593492205,0.0,50.62905769509621
17534,0.4763467317404741,0.7416092618994395,0.0,35.096660299701355
14420,0.5233298512827684,0.6475433229298339,0.0,2.9435700744118374
14438,0.5414729295527105,0.613462205383122,0.0,4.460483712306932
12000,0.4896390296737938,0.7140868334903054,0.2,1.6437564815686798
9655,0.5174887126295468,0.6587675654243548,0.2,31.653781016040483
12912,0.4214417041718897,0.8640738167473515,0.0,15.564129459352667
4971,0.4756174477154951,0.7431414291456151,0.0,59.66682035674857
7456,0.42597948763991383,0.8533640849520816,0.2,58.1396960192765
12136,0.530449220038712,0.6340310464545763,0.0,8.75596871525815
9459,0.4657391060617427,0.7641296598722362,0.8,56.545594830545475
16605,0.484704875613131,0.724215077148737,0.0,11.955487113363748
15636,0.5714232774611482,0.5596250524213285,0.0,7.728421941916546
15743,0.5649007260123036,0.5711052694467481,0.2,1.3891564336283662
17226,0.5366542901479013,0.622401171773875,0.0,6.6067882959233595
5765,0.425538684302042,0.8543994201728016,0.0,47.16284538611855
19572,0.5751196347706612,0.5531771993556495,0.0,4.350600327987459
14468,0.5597049300551722,0.5803455447348868,0.0,2.747355789957292
12578,0.4392227829501888,0.8227485163840595,0.0,12.471221612755437
17300,0.591486544449041,0.5251163440066473,0.0,2.1766071732930072
5236,0.5245124841814669,0.6452860493671491,0.0,44.76027035901443
9200,0.498444381523811,0.6962632674722057,0.0,73.73253872968984
8237,0.45551810189646796,0.786319822355041,0.0,86.90249835043191
11613,0.5047690626600112,0.6836542559644156,0.0,15.898379148707
13884,0.46539017140150774,0.7648791469413563,0.8,12.424315695495043
2914,0.4655345891530682,0.7645688796483625,0.0,37.356838842873614
16137,0.5143113038713096,0.6649265473035672,0.0,8.17685123408136
8227,0.4975556082918144,0.6980479531689675,0.0,16.456481028526735
12034,0.456642192948608,0.7838551423475234,0.0,6.750560290040733
12332,0.5370801922600013,0.62160786180495,0.0,9.653569038626488
12440,0.38940783438320287,0.9431280671318819,0.2,10.08156688717332
9989,0.48356556373890913,0.7265683709264049,0.0,41.27998376803225
20711,0.48863815360388785,0.7161330356020016,0.0,4.585041955084756
14306,0.4587225187005524,0.7793097861476579,0.0,26.736559839925096
16699,0.4189355051845828,0.8700382964815444,0.0,6.929855579099398
13978,0.47576048379829833,0.7428407366886156,0.0,5.701302795770751
16337,0.5297797691054864,0.6352938887821272,0.0,9.723172858755033
2594,0.46051220962188855,0.7754159098013695,0.0,37.99537958026711
3249,0.4975556082918144,0.6980479531689675,0.0,16.456481028526735
1212,0.4101009579329851,0.8913519107346567,0.0,57.98244111324188
5306,0.4882772389488175,0.7168719218438233,0.2,56.6149589337562
11491,0.45628293669786446,0.7846421866682934,0.8,6.329708451010158
16569,0.5757024038815234,0.552164411728887,0.2,6.944571884248795
18933,0.540556520995351,0.6151560756858359,0.0,2.3496502847890417
5489,0.4622187869441391,0.7717169351826724,0.0,57.75606978371075
6415,0.5284073259772907,0.6378878419764615,0.0,23.31639519784367
9310,0.4339370066353871,0.8348559014178447,0.0,26.410665040075607
7027,0.4809269731878478,0.7320398432969255,0.0,51.5575663868033
16288,0.45300508376330667,0.7918519311265185,0.8,10.773145160495236
20485,0.3912366601596786,0.9384426331475578,0.2,15.395151146194468
19484,0.46884398204644345,0.7574852267615467,0.0,28.920786188922
19128,0.5569258621074805,0.5853231500546976,0.0,7.466147958547585
19150,0.4959664395668553,0.7012470167099951,0.0,8.461596756637412
2253,0.4635364209132306,0.7688703190412458,0.0,39.22776109643776
9550,0.49740450553485893,0.6983516894816444,0.0,50.22859441713035
20897,0.4181447912465225,0.8719275158948142,0.2,78.51706881496061
17980,0.4172418248551821,0.8740893095496148,0.0,67.85118598817495
18698,0.5172135609741231,0.6592994124472692,0.2,25.063269276806178
20853,0.43226633979503615,0.8387133534095811,0.0,6.413221549665204
3811,0.5034904735958939,0.686190487368165,0.0,50.232573266629856
15610,0.49548031065865084,0.7022276623110861,0.0,11.216330559415901
4979,0.4106550830771361,0.8900016307472888,0.0,62.838561336415125
614,0.45208628921654376,0.7938822120236769,0.0,25.547129825195555
20232,0.5064001910225071,0.6804280309356006,0.0,3.8866047589132533
5257,0.4455033244036567,0.8085505699135781,0.8,22.2351406726234
18205,0.5034139394531741,0.6863425060541005,0.2,14.619094855314565
9869,0.45066049173460276,0.7970410129135387,0.0,55.007785019752646
1152,0.40779154507150384,0.8969991540839243,0.0,35.67813930061996
4010,0.5039433479849522,0.6852914220204219,0.0,40.80225189449895
5864,0.39533854779679045,0.9280127981370921,0.0,75.92073183011502
14622,0.512798606548162,0.6678720907191464,0.0,9.919236767786245
10966,0.4764265142136229,0.7414417876894445,0.2,20.261157455779497
14405,0.4991532228314813,0.6948421705812976,0.0,8.871849289320517
12307,0.6094550612465619,0.49519006330149734,0.0,7.7997391234209275
8652,0.4504103801477215,0.7975961559130724,0.0,65.33110100913626
10902,0.5393126794183294,0.61745976603395,0.0,6.545382315794706
20399,0.4616667746524573,0.7729119151245956,0.0,27.5156644732781
13789,0.520582184143075,0.6528075087839024,0.0,13.924384423838257
9890,0.5014955900685792,0.6901604651012041,0.0,48.708075351068125
2417,0.5105035908950792,0.6723576073275638,0.2,47.07847997285691
13389,0.5405873417855176,0.6150990605350571,0.0,8.137760289308801
6734,0.4809516193782425,0.7319885973484439,0.0,54.58438948088826
10530,0.5174713447273778,0.6588011278832093,0.2,24.89833316532676
15165,0.4381358896144752,0.8252261664619923,0.0,21.750486359053625
14211,0.4362153927092778,0.8296191376453884,0.0,28.843368723084005
2348,0.4534717723510019,0.7908222553531538,0.0,47.261512622144856
6251,0.4515537879270251,0.795060781599387,0.0,35.90494174279547
5094,0.3388045771035456,1.0823318065447687,0.0,30.471968954798218
4103,0.4066430939262058,0.8998193973582554,0.0,85.52783303239445
17803,0.4956462234099848,0.7018928660016731,0.0,19.653000248046848
17888,0.49645242742966517,0.7002676159391729,0.0,27.2446106262421
10617,0.5510734235410562,0.5958872236414525,0.8,3.8962085117619454
4928,0.464723280093741,0.7663131471076267,0.0,23.03154333180627
12909,0.46737491583240115,0.7606235257706714,0.0,12.474225532484164
12261,0.40706222689848937,0.898789213583798,0.8,7.599262517990791
5195,0.4395622050058858,0.8219760360225893,0.0,48.81305179072145
4342,0.4757900289721464,0.7427786376755605,0.0,45.097802266335044
7175,0.4708586065858733,0.7531974283657374,0.8,21.84272542260639
883,0.4467150138342967,0.8058344406352781,0.0,53.50942156724463
16683,0.46270460283740816,0.7706664353395218,0.0,8.204322606776419
19016,0.42532068485135754,0.8549118419979769,0.8,69.29060414169004
4287,0.4847153895786546,0.7241933859052144,0.0,50.01641520301536
181,0.4032275402937056,0.9082542602577456,0.0,35.13127159923176
11201,0.5917172282172275,0.5247264132501057,0.0,3.7704740121639975
14505,0.4639397254844658,0.7680006371670078,0.0,12.055498283020047
5411,0.4630257300218129,0.7699726540386679,0.0,55.51502718130292
14067,0.5295725433956382,0.635685119744756,0.0,22.830632263856593
12541,0.5259018479343849,0.6426406845417383,0.0,6.977150444040738
12797,0.5020437949492207,0.6890679221609743,0.0,6.634345804736487
16523,0.508443421543291,0.6764013350855673,0.0,5.762939684560992
7064,0.47256062619965267,0.7495892308620346,0.0,14.956178671261785
5388,0.4548663993001519,0.7877515310600565,0.0,43.771415746573545
4369,0.45122331551838407,0.7957929056688634,0.0,61.32777918251572
10490,0.4165312832952625,0.8757937102432398,0.0,56.63757763780415
5305,0.48276207572344015,0.7282313435411282,0.8,50.16785681207118
12606,0.5086236159170688,0.6760469938887212,0.0,5.096042150960626
17260,0.5188735199899798,0.6560951249570547,0.0,3.3809568031577255
67,0.4885909890770497,0.7162295626596074,0.0,22.25110341878058
13115,0.5322891056674851,0.6305685055402298,0.0,8.477993364554152
2670,0.4549145830673335,0.787645607176923,0.8,67.8190453283174
18408,0.500829682248249,0.6914891912875916,0.0,7.032133865163834
20147,0.4391960671360269,0.8228093434352266,0.0,17.191367286998002
16878,0.48052543002807613,0.7328751278763284,0.0,10.337203343212002
19335,0.544755139234658,0.6074188710859694,0.0,10.768017724365443
9031,0.450909828782691,0.7964878956496474,0.0,57.38695227388506
13969,0.4466824981524631,0.8059072317084828,0.0,21.92631787478375
1781,0.4908418075858623,0.7116333872429246,0.0,53.041594409564745
9830,0.5538000678308793,0.5909515457626552,0.0,17.19846265147785
482,0.4518230962362722,0.7944645557672981,0.0,13.168253648613089
14766,0.5095092699540573,0.6743072322668971,0.0,16.08930794186476
8277,0.47088986277462597,0.7531310493064004,0.2,57.69737014703805
3089,0.431665922244722,0.8401033180476971,0.0,35.85981448931213
18558,0.47362331226908905,0.747342973082629,0.0,16.211738241843342
19061,0.41060929133252505,0.890113145981811,0.0,27.31935132505989
18648,0.468255843016859,0.7587404593228542,0.8,20.85436187301373
20252,0.4479305367687894,0.8031171104443143,0.0,8.260059932807948
6793,0.47077843439233347,0.753367710948611,0.0,51.357075475909326
1038,0.43164383740691353,0.8401544812311695,0.0,42.079139628213724
12287,0.43981813088247873,0.821393976421359,0.0,14.148716792887654
999,0.4131237336818988,0.8840081335986782,0.0,65.4563806336469
11946,0.5373791078057373,0.621051459987907,0.0,3.6979576093920143
233,0.427257867224122,0.8503675435243166,0.0,57.5018556287185
10459,0.4240735643736575,0.8578483379184487,0.0,22.473481210856534
11208,0.5017951539272071,0.6895633024754693,0.0,8.276828498485374
19957,0.5235375852371642,0.6471464551892288,0.2,10.610613682909783
10389,0.5037191599879759,0.6857363884628598,0.2,4.018415246201895
957,0.45116600835393433,0.7959199177311977,0.0,50.528979499149585
18055,0.46987557237412053,0.7552873589572855,0.0,19.413528475374186
6724,0.5109839347991086,0.6714171280219386,0.0,45.33408735264476
10058,0.431828297556825,0.8397272291051349,0.0,50.55157983279015
16222,0.472732685337261,0.7492251975246386,0.0,11.403207706389711
14301,0.4444146173724753,0.8109973293802973,0.0,6.59624685895109
12637,0.4920155697737386,0.7092449171089668,0.0,9.33993988771043
2431,0.4087737109928904,0.8945935499078069,0.0,30.868845497232872
5670,0.42653794661071953,0.8520539438845782,0.0,27.363710587669637
10464,0.47181916701599075,0.7511594875349117,0.0,26.14410619288828
6517,0.47085834833564977,0.7531979768324975,0.2,21.842741328142424
11877,0.47265644915107474,0.7493864775384875,0.0,5.741425195179664
14712,0.48144357337150084,0.7309662438707583,0.0,14.386878426081424
431,0.4948949396219297,0.7034097821282405,0.2,33.64760628411349
2064,0.472075160745319,0.750617067206543,0.0,87.29676720682244
14497,0.5028938385956012,0.6873761876279266,0.0,9.39299492218128
20990,0.5080415816058516,0.6771919811986487,0.0,10.659001306159485
11111,0.3984501119283868,0.9201729782289281,0.2,29.84788194196816
7288,0.5030269022904493,0.6871116266337731,0.0,51.076447378997734
7666,0.49610864654258974,0.7009603307953914,0.0,33.41477501156816
8083,0.4731274694995402,0.7483904352541588,0.0,43.41787064448876
1924,0.469308036825774,0.7564959311935722,0.2,22.944520092483508
4005,0.4797407577558166,0.7345094089889794,0.0,37.193350903169154
5042,0.4836682176850017,0.7263561079793295,0.2,58.28281255259734
17467,0.4640500214697684,0.7677629276746692,0.0,27.643305030985744
6463,0.49602688950594176,0.7011251410130733,0.0,50.00494692037752
13846,0.43955965225336746,0.8219818435281069,0.0,21.582776456529636
18257,0.5494849116914591,0.5987739637657477,0.0,6.012589097490824
18514,0.4997208730216156,0.6937055903984714,0.0,8.678256763876883
17020,0.44069166028617107,0.8194098311022906,0.0,13.466998573653868
14868,0.4876960735654693,0.7180628672202751,0.0,23.620320881298518
8044,0.5489878730615796,0.5996789268575958,0.0,15.906484449935153
19623,0.43295700984828617,0.8371168403237145,0.2,40.797308850947786
12704,0.38009612131836,0.9673311074105854,0.0,7.942272520499063
16514,0.5228234506450589,0.6485114423752891,0.0,8.900819484753974
2793,0.4228186581031312,0.8608118961037139,0.0,63.81628847280465
3083,0.4403907922249992,0.8200927821064984,0.0,25.943633785440568
8650,0.49762170853804316,0.697915112025569,0.0,19.83125854716691
20369,0.49613025018568946,0.700916785550039,0.0,9.310277322890428
14890,0.3587591211644513,1.0251040873828674,0.8,15.415002127450606
12048,0.5232368541532934,0.6477210414244827,0.0,6.1403957939158555
4458,0.48413219342501296,0.7253972826466861,0.0,39.526899148973186
8198,0.5533241334563469,0.5918113127215864,0.0,17.34095993374362
4254,0.4840864393732621,0.7254917944650606,0.0,31.928892656693435
73,0.5378352428920803,0.620203005698936,0.8,19.105353188354982
6950,0.47280558535153494,0.7490709996107555,0.0,51.831964731988805
4821,0.4866041494916834,0.7203043211481462,0.0,34.468365934942895
3642,0.5216666889182907,0.6507264220211237,0.0,56.18046504943588
12796,0.5211399126758649,0.6517367268780894,0.0,6.27498648223686
7716,0.43926158574608054,0.8226601760622515,0.0,64.38961549517589
13512,0.48182498112064515,0.7301743405800348,0.0,9.229768976326152
10294,0.5344884658733836,0.626445128032598,0.0,20.826167313615823
5578,0.4680693251718221,0.7591388633257389,0.0,68.03782062556935
20630,0.5118821176160329,0.6696609194828899,0.2,26.685987896848523
9933,0.47265897361590725,0.749381136538496,0.0,49.53409484039189
14313,0.500344192546614,0.6924590322950558,0.0,23.885334801031732
1330,0.4893633454054123,0.7146500277841826,0.8,30.880027046272886
15292,0.5422229997515134,0.6120779235042366,0.0,8.575517427375905
7717,0.43130135643995793,0.8409482303299048,0.0,54.039335077458915
17103,0.508631790315323,0.6760309224120709,0.0,8.656575845438168
6349,0.47905231534121445,0.7359454697037096,0.0,59.843404858289844
8449,0.5022275197797799,0.6887020353136368,0.2,54.08032574668947
3107,0.43120045305963484,0.8411822086930156,0.0,55.55167383221207
13297,0.5077366812760362,0.6777923097351294,0.0,6.398359765879768
14269,0.46500099595998534,0.7657157315476436,0.0,25.008275675507093
18747,0.4716771390078381,0.7514605549759152,0.0,19.921970532172544
18999,0.41595412401120946,0.8771803036212379,0.0,57.955302392561
2045,0.3937118127011061,0.9321360771617477,0.0,61.63283998212296
6485,0.4064298635179478,0.9003439023517967,0.8,75.67390774030005
19556,0.5387313819804601,0.6185381959702051,0.0,8.045017196896774
11573,0.5085878070684173,0.6761173998001319,0.0,9.993014988503125
16105,0.6014394010292654,0.5084294950611762,0.8,5.93845641503683
3647,0.46833385088512985,0.7585738807902073,0.0,76.64630560953766
13869,0.44645804509044645,0.8064098470436389,0.0,9.418866875040278
16008,0.4612965595140169,0.7737141466858957,0.0,4.9544786925182365
5292,0.48242072450223195,0.728938673251853,0.0,42.894394336642634
4748,0.4095249394026386,0.8927574754613239,0.0,76.56734093244503
7237,0.4519026854168292,0.7942884200801715,0.0,10.786438199074269
5916,0.4468950996778336,0.8054313882453111,0.0,56.71847688544589
8008,0.4517429640544242,0.7946419244967794,0.0,23.91872071482571
20797,0.4380360703399163,0.8254540196222234,0.0,13.733078200122641
8748,0.49325893913387536,0.7067210113163618,0.0,50.75741184579155
16026,0.4565203077251543,0.7841220942297734,0.0,6.823430200762909
20139,0.6601172684898041,0.4153377802147977,0.0,2.904207865696531
3243,0.5460030323244977,0.6051307495447826,0.2,18.281001121027096
17502,0.312211048502875,1.1640758823441721,0.0,9.387689784421887
2689,0.4146059312782329,0.8804267730571418,0.0,43.48427778392237
5977,0.46737151825534423,0.7606307952866236,0.0,58.25518939955272
13966,0.43883643481594076,0.8236285211749973,0.0,21.646852663780727
4801,0.42652514356753984,0.852083960523038,0.0,54.37999485010255
10528,0.48116921103352095,0.7315362806495214,0.0,10.864044832316427
9049,0.5080118204955596,0.6772505629823206,0.0,19.06121611340518
12080,0.5400431590494026,0.6161062184520226,0.2,7.563535881837275
4925,0.34067182625284775,1.0768356514449853,0.0,92.6940148481293
8519,0.502635081259863,0.6878908567465177,0.0,32.330870267086325
13967,0.4073774523111755,0.8980151220544346,0.0,14.695120601467815
1475,0.5239673993728222,0.6463258115338866,0.0,19.056269127635474
20446,0.48645578038377324,0.7206092748401125,0.0,9.616350224580094
304,0.44154143269236823,0.8174834180584882,0.0,15.6997643037666
10868,0.5124735015194176,0.6685062736586458,0.0,7.327162854326346
13811,0.5014417786774541,0.6902677726816246,0.0,10.39543261708783
1738,0.5270017739025998,0.6405513644073509,0.0,17.845761403350323
13535,0.4848925181477248,0.7238280246707831,0.0,14.24638398783631
17014,0.45198850852816413,0.7940985230833476,0.8,34.42813807552362
945,0.4975556082918144,0.6980479531689675,0.8,16.456481028526735
12420,0.5190167568516574,0.6558191095327213,0.0,4.899362323733994
19873,0.39439080660195697,0.9304129663581013,0.0,35.05884639264053
18469,0.46407906604216403,0.7677003403195354,0.0,21.021554334516125
14686,0.483102682075608,0.7275260556350593,0.0,9.54805200688506
19248,0.4740928739050793,0.7463520399715051,0.0,35.22035174129678
9813,0.5524513751080706,0.5933898583174064,0.0,18.1188624182778
19167,0.5319319058759627,0.6312397943064947,0.0,6.7312255911350976
16869,0.5673115213666892,0.566846705730708,0.0,7.5418955927349565
18109,0.4506962190000672,0.7969617384929732,0.0,38.31234313817457
2503,0.49870341241496946,0.695743723832718,0.0,18.306756733348394
13756,0.46569225111153567,0.7642302683602062,0.0,22.057979629197433
18121,0.494401693362011,0.7044069477595479,0.2,20.37884656720403
14614,0.40909837913967073,0.8937996160696153,0.0,13.6447447548017
4659,0.4926706161872461,0.7079144495560064,0.2,53.235164446228225
20154,0.5134262076274889,0.6666489646576821,0.0,18.50450843304049
7369,0.49203409248968283,0.7092072712123079,0.2,50.21187290804367
190,0.3630568569133327,1.0131958263673386,0.0,49.33249179930695
16792,0.3686521626398189,0.9979017281868531,0.0,5.467004626436734
14400,0.500829682248249,0.6914891912875916,0.8,7.032133865163834
9169,0.4601211498903859,0.7762654548476835,0.0,59.94710152734299
6474,0.4766881866261828,0.7408926986471628,0.0,33.025289781172205
16531,0.5693216996548429,0.5633096273720228,0.8,4.443893208494197
13608,0.4956087360048223,0.7019685022541313,0.0,9.324598401535752
9479,0.47050584333058626,0.7539469006276884,0.2,55.2643101168729
10292,0.5357045589278879,0.6241724659057707,0.0,20.750612664720602
4489,0.4763335698542582,0.741636893175524,0.0,58.73764250532554
5714,0.49369247530883104,0.7058424752577555,0.2,57.23676373377904
14402,0.55387761035519,0.5908115365777372,0.0,6.011507497366835
20034,0.49474081635770395,0.703721256859303,0.0,9.130782905076922
2400,0.4905318331060704,0.7122651027837693,0.0,50.50671832971405
11969,0.5518186584401947,0.594535803997165,0.0,6.887697028490136
3361,0.48910602886934923,0.7151759850573689,0.0,52.81216876139909
16088,0.49504516900456225,0.7031062700622545,0.0,3.4348498025593326
13310,0.5055591846693259,0.6820901659323269,0.0,7.258803355908196
20859,0.5201703589822447,0.6535989076328311,0.0,31.45771362920515
7805,0.42496191424369556,0.8557557276174995,0.0,47.23771355292675
486,0.45058903207302714,0.7971995919969949,0.0,65.25277729271694
1293,0.43113365453311625,0.8413371336253918,0.0,66.43197930079378
3678,0.41364871769523137,0.8827381733260157,0.0,42.0403987698937
5596,0.4210216151271477,0.8650711042729599,0.0,48.77703606242209
20873,0.44839943344244376,0.8020708512941995,0.0,6.462686174970473
6019,0.45055943555259914,0.7972652782218554,0.0,65.30399881749915
9549,0.49701386718066515,0.6991373515027934,0.0,50.28510276328833
1649,0.4536422821232965,0.7904463163552697,0.0,57.1611272970319
9487,0.4681272678675304,0.7590150801455541,0.0,48.01908568672969
10380,0.49745687912860487,0.6982464012583769,0.0,17.808774544002862
3556,0.45194505651874217,0.7941946629129449,0.8,48.25725078155804
18284,0.45432577899625265,0.7889407633929338,0.0,12.220692244382334
7075,0.46701377555299617,0.7613965237761419,0.8,63.46240199943976
747,0.4934878024639627,0.7062571367991364,0.2,54.69961578392455
2721,0.4902403916529131,0.7128594129699232,0.0,15.978030566864087
10963,0.4545460783060137,0.7884559880919817,0.0,11.483861887640641
1697,0.4975556082918144,0.6980479531689675,0.0,16.456481028526735
7991,0.47222462370036733,0.7503005089296941,0.0,46.59741276361833
19694,0.48123523400157114,0.7313990764450014,0.0,27.28959704254718
6273,0.4937595232191053,0.7057066754204423,0.0,21.192723260927124
13782,0.4557368389825424,0.7858397435528024,0.0,26.086735455484913
7749,0.4925836327515579,0.7080910200930183,0.0,32.64299494582699
7555,0.49667178182189603,0.6998258697935155,0.0,41.02029186295756
20109,0.45596939724857105,0.7853295830168081,0.0,27.19007306858819
6536,0.4436697121654672,0.81267488489372,0.0,62.73850173381692
649,0.48102634754245754,0.731833233781013,0.0,54.08979698880802
6219,0.5227923006186249,0.6485710245428407,0.0,18.95773075049498
4560,0.4395622050058858,0.8219760360225893,0.0,48.81305179072145
7889,0.5169077343837615,0.6598908838745579,0.2,51.21743205952875
2557,0.4531157270187811,0.7916077180928749,0.0,57.30843809395913
7941,0.45718910482942116,0.7826581775522907,0.0,51.15453896251436
11152,0.5899801455193067,0.5276663943107939,0.0,1.618168039719201
13938,0.5331313973272274,0.6289873611322643,0.0,9.76943143397152
2981,0.4349113402812901,0.8326130841119537,0.2,57.412833563333
3290,0.4172155579418924,0.8741522652231816,0.0,65.38659210639499
5285,0.4813626724719522,0.7311342961659907,0.0,39.408139678969306
15962,0.5010813428157095,0.6909868301667784,0.0,8.87821332440068
14177,0.46466923951889166,0.7664294393604043,0.0,27.30864775147326
9285,0.4819267074281709,0.7299632357713746,0.0,62.48485186819415
4796,0.42945523970290544,0.8452377578828594,0.0,63.477354327272266
706,0.41550547325426207,0.8782594920796218,0.0,43.17523984691653
19300,0.5319718363651824,0.6311647302050106,0.2,18.614152282746076
7797,0.42421940173018113,0.8575045006740348,0.0,47.24849667869129
2317,0.4402033422326415,0.8205185173864736,0.0,58.16245059769736
16208,0.578160500874438,0.5479037656828282,0.8,5.761180851870935
15977,0.5455204373760444,0.6060150090101908,0.0,8.52723696291778
13593,0.44670897592772457,0.8058479569649074,0.0,10.972022452278985
2879,0.4311093439781923,0.8413935227290954,0.0,58.460023178888946
4471,0.4804393215376844,0.7330543404655141,0.0,57.33584255498501
690,0.40903434183142773,0.8939561611062147,0.0,64.49446424205638
9026,0.45210826312380464,0.7938336076448774,0.2,64.41959847167576
16475,0.42629302406774605,0.8526283192488127,0.0,12.326873705994682
11326,0.4669447421286854,0.7615443535204603,0.0,22.138932960845715
4542,0.4794614037943976,0.7350918805064864,0.0,55.72180350592025
16498,0.6092729686804071,0.49548888726063883,0.0,4.527529494703326
21056,0.5078990637094676,0.6774725446311208,0.2,41.7431477827832
10767,0.40994867448782407,0.8917233112960153,0.0,13.502028089380152
2429,0.46879647968123556,0.7575865499599099,0.0,33.074335729663034
21070,0.45780261915007464,0.7813171503134253,0.0,8.979678404957152
20852,0.5069718231847548,0.6792998525078091,0.0,20.443189779264166
1795,0.49703929430303584,0.6990861930268458,0.0,35.14655675434335
10761,0.42089119470368797,0.8653809235867417,0.2,47.682487569162966
20215,0.6388400140592321,0.44810122518659,0.0,3.0515694247157774
6674,0.45185944410898604,0.7943841118699987,0.0,40.640691042055735
6666,0.46603728896738883,0.7634896288145364,0.0,38.97614496848573
18434,0.5297072676444314,0.6354307502229063,0.0,6.481393682573343
17958,0.4880839392466815,0.7172678812674023,0.0,26.512012419650457
3572,0.43608108449590505,0.8299270793095905,0.0,40.135274061959095
1780,0.49072389268105543,0.7118736460566587,0.0,50.685404142350585
17416,0.4408129173912626,0.8191347171461594,0.2,30.920698983949247
8038,0.4970123544530366,0.6991403951400651,0.0,18.876790668781755
133,0.4515537879270251,0.795060781599387,0.0,35.90494174279547
6708,0.43414981563349525,0.8343656071364155,0.0,63.005030362606824
15011,0.519294352651558,0.6552844031157834,0.0,21.378651151940815
9569,0.3509666038053542,1.0470642058966169,0.0,102.9264066465579
13672,0.47036095934762767,0.7542548804260858,0.0,6.6302776501074305
2370,0.4712161418514166,0.7524383903312245,0.0,53.570226982537335
2382,0.43647736228212347,0.8290187669439791,0.0,68.53912908705797
18926,0.39910582563486885,0.9185286701037177,0.0,26.331461217675656
14220,0.39439080660195697,0.9304129663581013,0.8,35.05884639264053
20899,0.4831147080633001,0.7275011627117577,0.0,8.670540793543733
11660,0.49890513906552447,0.6953393033754051,0.2,5.183754619395275
13222,0.5845788606795056,0.5368635872743823,0.0,4.876197535351288
3161,0.4836426592395898,0.726408952304825,0.0,52.69370052317878
1946,0.4708634516646286,0.7531871385382605,0.0,21.99306501995339
3131,0.49485135336549346,0.7034978577427151,0.8,19.761253589522447
6080,0.498666095876557,0.6958185537490521,0.0,16.142990977845436
19664,0.5799687084675923,0.5447811278150194,0.0,20.095613748367775
2372,0.4765803215427743,0.7411190044213377,0.0,49.69202868102177
12348,0.5634716055040069,0.573638336294515,0.0,9.331087721614397
717,0.40283348483057935,0.9092319914275592,0.2,84.64949701452784
5751,0.5543874449927588,0.5898914774798282,0.0,17.43129158434874
20807,0.4590090346234469,0.7786853858398216,0.0,21.616307231752643
15490,0.456753704211725,0.7836109738242845,0.0,11.503800925141316
852,0.4333843870204433,0.8361302149393792,0.0,87.98598213532085
1706,0.45902006597381173,0.7786613531585957,0.0,49.522860872743756
11317,0.4676817192013434,0.7599673016052955,0.0,13.170613053758414
17829,0.4049070815450005,0.9040976664822422,0.8,9.432451033732988
18082,0.4935346952237173,0.706162118175144,0.0,7.520238551110995
15146,0.5273684628066141,0.6398558043355065,0.0,7.707063974805859
7904,0.5090340477917423,0.6752403731329137,0.0,48.53628131786597
16979,0.528334956574965,0.6380248089619484,0.0,18.407015373471488
11549,0.44071832817527523,0.8193493192191457,0.0,5.827417269067254
10687,0.4986411464876119,0.6958685872550582,0.0,18.095018798068793
2765,0.39915835064241273,0.9183970720458803,0.0,67.09349837858433
6961,0.46477599985596024,0.7661997101993622,0.0,52.151385145324355
9041,0.5111515908015734,0.6710890775828938,0.0,15.482360175255897
12650,0.5261412163329806,0.6421856301606841,0.0,8.624103374838201
5998,0.484121700404372,0.7254189567565621,0.0,50.518175705766396
6739,0.480698601585769,0.7325148132069674,0.0,55.085114512028404
4532,0.45179644102044636,0.7945235523133766,0.0,15.016496351069534
14650,0.5428056149529703,0.6110040066516205,0.0,7.4194217296868725
988,0.40110016044427405,0.913544106195554,0.0,67.51547953811048
4702,0.4409004124931002,0.8189362510480314,0.0,75.81711962154381
19949,0.4323970382137831,0.8384110428848927,0.0,23.460836271921114
19197,0.5044384994187698,0.6843093506455974,0.8,23.15189446114438
15435,0.611367937056668,0.4920563127443779,0.0,3.571590677542893
