test_index,threshold_u,lambda,loss,width
17071,0.4493305042915165,0.7999965722849443,0.2,28.769876807090924
20442,0.5690123940870082,0.5638530628663074,0.0,7.650358132198006
7804,0.37768607501664736,0.9736919177838502,0.0,54.40503590617263
6169,0.46923546321388826,0.756650582761725,0.0,57.75135342017433
2326,0.5327231740874582,0.6297533629315305,0.0,23.7149374327564
1231,0.45909129269841953,0.7785061939307354,0.2,55.842248934279795
1308,0.4345145908579478,0.8335257540397123,0.0,10.83583480251626
14407,0.5921754237268803,0.5239523641304026,0.0,3.513100561519957
17595,0.507086857089403,0.6790729743056312,0.0,20.382374909310272
15664,0.5062106472989661,0.6808023973132484,0.0,5.422250659639651
1974,0.454373222543794,0.7888363425726094,0.0,39.59563997469837
15565,0.5343105896981206,0.6267779804541603,0.0,5.838437222666059
18839,0.4631659105166922,0.769669951034637,0.0,7.914131110030473
15946,0.4403149719547415,0.8202649628132197,0.8,12.981596396866049
1042,0.5031244629480116,0.6869176982424025,0.0,55.96181001322188
16633,0.5417251280892238,0.6129965499301951,0.2,3.672584911702294
1825,0.49683598209821855,0.6994953232516954,0.8,31.449306424626236
6645,0.4782211359306124,0.7376820259998756,0.0,51.6377418199913
14585,0.6460490863176576,0.43687979307439617,0.0,2.372694153687199
7167,0.45210183824362504,0.7938478186787289,0.0,61.461680197891035
1597,0.4525906003807947,0.7927673140478626,0.0,61.37802483157011
5655,0.3649928099750548,1.0078776242921474,0.0,39.23667622127314
17354,0.610155522868962,0.49404139878752773,0.0,1.6599791069934118
2702,0.537049708817114,0.621664621127756,0.0,17.064693731383784
11427,0.4597077820569609,0.7771642477577465,0.0,27.18792509381698
12704,0.2445335349829831,1.4084028220778118,0.0,9.921141931328917
6952,0.427392087836583,0.850053448583412,0.0,27.246342830202877
4041,0.4602835046523197,0.7759126648811913,0.0,57.5048267840329
16718,0.500275074644002,0.6925971825485803,0.0,11.904014735565866
19081,0.5115333552535688,0.6703424850546651,0.0,14.523304260976836
20687,0.43503393472430574,0.8323312400756689,0.0,55.932659968103295
19139,0.4556748182344924,0.7859758417640874,0.0,24.27918679398222
20013,0.3256616761840116,1.1218962396224863,0.0,7.619583098070958
5486,0.4953966898020065,0.7023964438183851,0.0,51.47512059862337
12715,0.2986420801593009,1.2085094789590651,0.0,7.967340447465546
16305,0.43880498157807474,0.8237001979151601,0.8,13.84022160139774
5046,0.4995992514597612,0.6939489990109378,0.0,52.77135035912819
7162,0.4676673475049788,0.7599980317292188,0.0,51.67986615758687
2421,0.48808075500245923,0.7172744052571368,0.2,48.81052546669593
8822,0.4753009314825865,0.7438071355858767,0.0,47.272291029877266
1683,0.494608259864172,0.7039892239449577,0.0,57.3997612669319
8791,0.5298726281132641,0.6351186256330813,0.0,44.517053914680744
8192,0.46824670025527865,0.7587599846549451,0.0,20.49031274883007
709,0.4691797905788907,0.756769235212946,0.0,36.66546713659081
18283,0.556068277859012,0.5868641903663935,0.0,9.570874259054923
8557,0.4614162453713706,0.7734547249950049,0.0,47.21941037084592
19233,0.5493926497501486,0.5989418840960277,0.0,9.857086331684211
1950,0.44068666394513845,0.8194211686650495,0.8,58.69104120563417
2224,0.4390253427399663,0.823198139236129,0.0,72.54433602018386
724,0.43472827757308796,0.8330340923253506,0.0,36.32445121451417
2861,0.4717949958488621,0.7512107185742182,0.0,44.49045079566
4217,0.43048076584987394,0.8428526347422647,0.0,61.56195721322965
5047,0.49915192270997133,0.6948447752388329,0.2,52.83946966073827
11604,0.42384391727020826,0.8583900111685842,0.0,13.223497483524925
11811,0.5051921470169407,0.682816432931958,0.8,9.697359076874974
11617,0.5212781656778789,0.6514714724553285,0.0,10.56556429803269
3106,0.4718432984238678,0.7511083433837642,0.2,36.770513190923566
7007,0.5320179845084468,0.6310779847448793,0.0,15.335195149669142
16489,0.5225864706389108,0.6489648147900375,0.0,8.456011672872426
20728,0.5146614630667647,0.664245947738209,0.0,20.266109809914383
20054,0.5222360619649363,0.6496355673363842,0.0,6.349862628655734
5319,0.34296496630202394,1.070126976093901,0.0,64.79619166825407
4235,0.43223659387144336,0.8387821696563423,0.0,77.57896107968307
8400,0.4608132351868674,0.7747624478192072,0.0,50.35955910824847
11104,0.4180840117653933,0.8720728815675041,0.2,3.0492029476667426
10604,0.42632605640675725,0.8525508348486058,0.2,52.8155248693158
14441,0.5618570310599327,0.5765078545836599,0.0,3.1235481358760313
11463,0.4874077092385415,0.7186543208489439,0.0,25.026419012301965
6976,0.47967447344481845,0.7346475854717952,0.0,49.00466292915974
4149,0.4743101183081609,0.7458939131864467,0.0,55.662333271538586
10601,0.4237104433545523,0.8587049736605733,0.8,80.79340551956898
13485,0.5146860137206614,0.6641982463459097,0.0,27.01094996253078
18712,0.5024390245661065,0.6882809905587547,0.8,5.179658799245431
7396,0.4659483082659251,0.7636805774772587,0.0,45.47336150075269
315,0.4283130824763716,0.8479008497038593,0.0,27.499546636849644
4836,0.43206245521292563,0.839185128935445,0.0,68.1753980820227
14458,0.6353167118450835,0.4536316456171244,0.0,6.095221855521796
19372,0.5201622114470775,0.653614570960884,0.2,17.35346636034313
14490,0.45358426684903547,0.7905742122472182,0.0,11.78153231864622
17798,0.5255437557904974,0.6433218270686818,0.0,16.359674258682823
13903,0.5169335738971506,0.6598408964863823,0.0,10.79367725383539
10423,0.6524655788996969,0.4269968938209009,0.2,2.319020127898017
3425,0.4902352063815621,0.7128699900232663,0.0,42.48348520625598
4647,0.5023861302824725,0.6883862711310564,0.0,49.632651724140295
12218,0.5269569987504544,0.6406363300688818,0.0,7.261932967978124
3981,0.36619501128640525,1.0045892697553136,0.0,42.19274932972317
8221,0.5377610579410688,0.6203409476964525,0.8,15.334827801101984
7278,0.48626509146668745,0.7210013480957542,0.0,33.24897562721067
13341,0.4671514420815633,0.7611017867703854,0.2,17.452824523694233
6289,0.48108850105781265,0.731704031917988,0.0,21.219416925621655
6388,0.5026765641614322,0.6878083292998664,0.0,17.6216499738943
16946,0.4790723626428551,0.7359036227455752,0.0,7.808820591016911
9858,0.53339756907506,0.628488224659194,0.0,9.500542485412446
18256,0.5236423030038566,0.6469464556128095,0.0,6.017572664186557
14250,0.5628148767784172,0.5748045205830581,0.0,7.894940166952987
7339,0.4573136609066857,0.7823857757997723,0.0,56.82272185745461
18216,0.4761715451410575,0.7419771007234157,0.0,15.080684430682524
7866,0.49039901766700655,0.7125358974881478,0.2,52.83453788598966
8322,0.4660980975636618,0.7633591572173031,0.0,50.5191078016078
9987,0.4228493728268628,0.8607392559597762,0.8,66.04882404796729
5407,0.45403116670063587,0.7895894341766888,0.0,59.37712304045127
16511,0.4660462372166585,0.7634704282836428,0.0,13.264534184182562
6693,0.48621407807597844,0.7211062622005567,0.0,49.399385262273725
4010,0.473032950633369,0.7485902298439016,0.0,51.302760840583616
13831,0.4651649864666916,0.7653631267190356,0.0,21.285514547822885
10610,0.5243129617434147,0.6456665177114943,0.0,45.779372833582414
11071,0.38076931889726584,0.9655615494335997,0.0,6.579336062657974
13269,0.4520503819807076,0.7939616408025306,0.0,5.788774235258275
1298,0.4346789152572374,0.8331476462878913,0.0,23.750956272295582
10888,0.4772038767445387,0.7398114648505982,0.0,7.883172138161784
5012,0.46761595769678393,0.7601079231556149,0.0,43.459169926505965
6609,0.48283692467425704,0.7280763124134323,0.0,29.822010644661844
19140,0.4684945248557019,0.7582308639126059,0.0,24.96304408732837
2536,0.4236859869440628,0.8587626949575292,0.0,77.9541849451376
19853,0.42931754112714976,0.8455584447513991,0.0,5.917218118941172
9752,0.48439080676753843,0.72486324608045,0.0,21.9372612351366
20329,0.43383785762538324,0.8350844146290904,0.0,30.168886666228865
5731,0.43461639472891145,0.8332914881508705,0.0,17.507455946152447
20654,0.5524316620189097,0.5934255418938587,0.8,21.248788473670423
823,0.5106634785346743,0.6720444604475122,0.2,48.37375995537439
5383,0.45547096191767233,0.7864233142205532,0.0,33.20082680810024
15543,0.549296213247683,0.5991174324354367,0.2,8.980770460761551
398,0.506050710798528,0.681118395746834,0.0,16.34684149792401
14482,0.4507301556532209,0.7968864430409562,0.0,12.670493760378085
3958,0.47006352420526876,0.754887435527486,0.2,53.24221278592718
14389,0.5778426776831114,0.5484536312977846,0.0,3.7739093292125503
20793,0.5326327739371786,0.6299230717516938,0.0,10.613038410704867
1239,0.47241254581727793,0.7499026373966787,0.0,32.035844445646156
1547,0.4650932111207288,0.7655174394599312,0.0,21.824901644161358
3853,0.45103263039271857,0.7962155908933136,0.0,50.03816978163315
8938,0.4594117318228447,0.7778084517810183,0.0,36.96534785773441
7690,0.4486451890553824,0.8015229284530754,0.0,52.64002077220959
15972,0.5324248032926708,0.6303136058441171,0.0,10.056654434824623
16431,0.603854087897657,0.5044226865599659,0.0,2.9103675399128672
15528,0.46168064223154953,0.7728818775052994,0.0,7.172343616867449
11663,0.5018881062838808,0.6893780799842225,0.0,9.516864440203143
21160,0.4607748540269261,0.7748457413435327,0.0,10.105925596252035
3704,0.505139697749302,0.6829202587550428,0.2,56.34092134729104
11244,0.5683377381959229,0.5650394274713045,0.2,6.708006888823818
7275,0.4897728688680194,0.7138135282644694,0.0,32.93178865135151
858,0.5017131321094255,0.6897267726114025,0.0,15.536095289961958
16896,0.4846034462388127,0.7244243591127972,0.0,7.497973227052419
8482,0.5025509256028243,0.688058299700679,0.2,17.992724930882872
3639,0.41512555124954054,0.8791742713739358,0.0,77.72340038760201
2990,0.38094657613597344,0.9650961338027508,0.0,47.22697695144586
15030,0.4402328473216826,0.8204514935875835,0.0,11.210649236548708
6059,0.4091082507365014,0.8937754862313306,0.0,68.78942361520788
723,0.4347036608351717,0.8330907195018675,0.0,33.86513584095758
7545,0.4588692529188318,0.7789899615283259,0.0,31.350450169656426
17749,0.4567098777702281,0.783706930450022,0.0,46.59921635665788
12017,0.5381731073339481,0.619575009730502,0.0,4.405209201149395
6547,0.48771844871360215,0.7180169889856872,0.0,47.267054221621265
14058,0.5366078758188128,0.6224876638362794,0.0,7.286529130572186
17715,0.546772808674661,0.6037219034692991,0.0,11.660888887931792
16908,0.3089750055780497,1.1744948934529367,0.0,8.156749347635115
20647,0.5722808790501455,0.558125360836142,0.0,11.621286544368614
14214,0.38827392639109604,0.9460441926033614,0.8,35.14554049210961
706,0.4347979559280097,0.8328738249236639,0.0,26.985113198391304
10135,0.45614489347736004,0.7849447710853671,0.0,24.77285655624845
4058,0.49298428540496136,0.7072779808938056,0.0,42.174986756152016
20590,0.4410070253672822,0.8186944731241258,0.0,7.516229782264233
17677,0.504088883296593,0.685002670712407,0.0,16.440064097097768
11461,0.4328166995534513,0.8374409672740701,0.0,32.13302790961919
2668,0.502156277112346,0.6888438987482597,0.0,55.71541643028764
5061,0.4352011317244625,0.8319469829739726,0.2,57.1547583650371
18450,0.5276386282015644,0.639343645880538,0.0,6.080158218658063
9696,0.4997915074279382,0.6935642526665496,0.0,47.23172454829697
13817,0.11565209122894266,2.1571688080735116,0.0,14.768700491198137
8363,0.4789337946820466,0.7361929068189923,0.0,51.53350347732946
15260,0.5110809327766861,0.6712273201517225,0.0,6.625684911784795
16242,0.5457787626206283,0.6055415820170992,0.0,10.600610671456147
14175,0.43510131834107585,0.8321763592874986,0.0,31.128804869405784
9471,0.483847393125377,0.7259857254440574,0.0,51.033165240770444
20746,0.4532618755149638,0.7912852288851966,0.0,3.1571172347520067
7345,0.460948548069705,0.774468851607545,0.0,49.22098107855507
14916,0.4434427803552191,0.8131865039208702,0.0,3.6712527303526103
14625,0.43793132245218264,0.8256931789541685,0.8,26.13319037380724
9215,0.4663707604294124,0.7627743379577974,0.0,23.295128252133598
10241,0.5476044821167213,0.6022020005817617,0.0,10.692097307126453
6374,0.4818530253268418,0.7301161381389353,0.0,19.26411307932011
20923,0.5261303546779746,0.6422062743656699,0.2,18.444805612313907
20294,0.4831037506789921,0.7275238436783845,0.0,35.721419614495396
11638,0.37911121577569096,0.9699256716279213,0.0,6.684315836786794
14154,0.4910185172139041,0.7112734386321367,0.0,27.06786840054125
16700,0.4590136059940347,0.778675426672399,0.0,13.142484053364699
4150,0.4753974019838035,0.7436041889767324,0.0,61.01272313821593
3470,0.42724934597407044,0.850387487768017,0.0,60.94726644725695
7463,0.36462671036937266,1.0088811600424896,0.0,80.76093609168606
7942,0.48006348758300793,0.7338369180286167,0.0,45.96754129804836
4492,0.43817182961282236,0.8251441404850923,0.0,61.66714469510629
19971,0.5108312690738201,0.6717159408128343,0.0,6.49381371047048
13195,0.4897907057259225,0.7137771102955541,0.0,4.970386923880153
10046,0.5156343038863128,0.6623574781552529,0.8,10.34208177566077
8271,0.4559452609211653,0.7853825185128991,0.2,48.63481785170505
15596,0.5071580721484391,0.6789325445985651,0.0,4.416048691317471
15617,0.5356442179614379,0.6242851107658115,0.0,8.334206169187116
1812,0.48224724628396753,0.7292983373547114,0.0,40.25726599633816
15437,0.5159495783137303,0.6617462347213964,0.0,4.241793579134882
4893,0.44943371347446553,0.7997669031873933,0.0,51.24106524314681
196,0.48201149936142107,0.7297873076198154,0.8,55.52951634814846
4368,0.46873659810652724,0.7577142928123137,0.0,51.3919724880853
19908,0.7777112762291338,0.25139993392752336,0.2,3.4089832095488273
510,0.4703608855959019,0.7542550372242428,0.0,51.36476688406908
12274,0.43922486282240875,0.8227437810484252,0.8,13.116511222040323
6048,0.5023889192725561,0.6883807196594413,0.0,48.25549002370526
19258,0.4343200821010343,0.8339735003514488,0.0,24.143949433799136
6740,0.4564318591721464,0.7843158580576971,0.2,42.68952850841417
16536,0.39603676143009586,0.9262482401420886,0.8,5.984860187699498
16816,0.41896333469921276,0.869971869573389,0.2,3.0418567589468006
12828,0.4574190530565706,0.7821553431307697,0.0,7.7503776053861255
14246,0.5096796237715248,0.6739729393402324,0.0,12.465129435967516
14569,0.47311944364752156,0.7484073988012147,0.0,20.89216722086651
18245,0.45026256083759175,0.7979243978413694,0.0,3.879827635895171
16540,0.5180095922384405,0.6577615190592798,0.0,4.359972062225226
5135,0.47051952564799654,0.7539178210345929,0.0,67.381408130935
2603,0.42965821127447473,0.8447652438624705,0.0,63.11241059555949
13387,0.5317397520764758,0.6316010971580666,0.0,7.1370925183545015
5523,0.45136374660560397,0.7954817310592416,0.0,53.490183578034795
10223,0.48656592830694967,0.7203828710041793,0.0,3.249071013593574
14419,0.4275320347749373,0.8497260582667678,0.8,4.989591092428779
9093,0.5272682237982975,0.6400458963546665,0.0,17.281239201575996
16577,0.45175889614026593,0.7946066570855094,0.0,12.586767733125495
4134,0.43514377422259815,0.8320787870474049,0.0,57.163813304982455
9237,0.3676589130594734,1.0005996373059494,0.0,10.354204857901223
17497,0.4680582802821506,0.7591624603003557,0.0,7.6887975948483
3083,0.5031193024802705,0.6869279551362456,0.0,20.428551988123367
10887,0.4979331065441703,0.697289535188282,0.0,5.563464126656571
11206,0.48912880179026136,0.7151294258464259,0.0,6.421146498146546
8341,0.45555961454076094,0.7862286936981268,0.0,50.578093305228236
7083,0.44517133768267403,0.8092960424199579,0.0,64.37949955706377
7502,0.5167625852327351,0.6601717261300155,0.8,25.551947868672784
3458,0.44620284964063117,0.8069816105392145,0.8,39.76401393389493
12318,0.5045219586501152,0.6841439145655841,0.0,10.19955935717567
3102,0.5025509256028243,0.688058299700679,0.2,17.992724930882872
12298,0.520741722401749,0.652501094499318,0.0,5.942066652853912
7372,0.4692505716964781,0.7566183851966486,0.0,55.33528433139806
8330,0.43448880781995586,0.8335850933657466,0.0,10.92412908709835
18928,0.45959514784954875,0.7774092903967104,0.0,13.234460197191712
12786,0.4345405888825409,0.8334659234899224,0.0,14.500222640855084
10686,0.5121824297669436,0.6690744092667379,0.2,17.53510351673201
17463,0.47670955631536877,0.7408478701601063,0.8,36.386741560291824
1021,0.4229630023860088,0.8604705685696183,0.0,69.26788076985429
14478,0.442191415040654,0.8160124249474888,0.0,11.391533094290303
16930,0.4140256611528992,0.8818273236166089,0.0,7.049767838960889
13476,0.5033107869710407,0.6865474329418324,0.2,10.98709242988743
11363,0.3665681091008526,1.0035709383565063,0.0,4.894059586279754
4443,0.4525359052990837,0.7928881702628432,0.0,28.151492307449843
1798,0.4350001100992283,0.8324089947918107,0.0,43.00640830262378
13460,0.5688216232782473,0.564188385606948,0.0,5.280097709445761
15187,0.46816289557816215,0.7589389761512157,0.8,12.168827120920717
13746,0.49329750400977207,0.7066428305367736,0.0,12.393844009168843
4859,0.47207557292362445,0.7506161940868371,0.0,24.57780116782645
21179,0.5431018195613848,0.6104584636221757,0.0,9.727656019522575
15108,0.5092830990058259,0.6747512303941658,0.0,12.585459594103888
15965,0.4557438466947546,0.7858243670070951,0.0,13.790038202966407
3675,0.39861456879849544,0.9197603219504128,0.0,74.17867136874366
7936,0.5063966051725336,0.6804351120203492,0.8,14.459246130432419
3035,0.4457742128192282,0.8079427044337486,0.0,47.309088386739525
16175,0.4786057385281983,0.7368781133411373,0.8,9.362036022408946
202,0.4664892666818247,0.7625202671441582,0.0,71.7912843151361
12930,0.5080044823028105,0.6772650080118521,0.0,11.149475581929261
12212,0.5554294858380103,0.5880136161451857,0.0,5.865729610276188
11821,0.4404058304978053,0.8200586351254142,0.0,16.26012345564453
165,0.46600202036201116,0.7635653093250931,0.0,40.18262440323302
6387,0.5036086566277489,0.6859557874685211,0.0,17.635923321982816
20432,0.5776060850739548,0.548863156358677,0.0,13.222936886352329
5584,0.4891826016995528,0.7150194406021494,0.8,53.07946315434838
17555,0.41414522481600297,0.8815385820876318,0.0,28.63986674875126
16892,0.45511160002844386,0.7872126153183411,0.0,7.277899343838381
2369,0.44455764025768874,0.8106755580646688,0.0,55.186739233748696
17765,0.4321993285174368,0.8388683885490664,0.8,41.18843659774758
9515,0.431526271551421,0.840426886067712,0.0,62.54877035439465
15658,0.5082208555751707,0.6768391708130242,0.0,4.469033765604659
5347,0.563186617320379,0.5741442362807444,0.8,14.988036120379684
17537,0.3253485707174902,1.1228581461121423,0.0,7.491709339904541
18672,0.402334603745831,0.9104711889458587,0.0,72.42798238600867
17328,0.4998886161715715,0.6933699730332024,0.8,19.09818297100596
617,0.4719220770005647,0.7509413981261159,0.0,44.74296333298889
17793,0.4414949735358889,0.8175886439726057,0.0,5.318414125143233
20295,0.47844667276159797,0.737210520983997,0.0,37.83364230580244
3395,0.4374082353142965,0.8268883430376618,0.0,26.791183576151724
2152,0.502536821689535,0.6880863647394346,0.0,56.591662333039274
21031,0.5682311552672289,0.5652269795495277,0.0,21.27797098196725
4924,0.4094239160163254,0.8930041902253953,0.0,70.6812830189563
14307,0.6390126187219942,0.44783107719082904,0.0,12.590771059804759
19099,0.5398291384726172,0.6165025997279915,0.2,22.194402848065454
16161,0.46716767812342813,0.7610670319601383,0.0,24.39219779367437
869,0.5051692221409597,0.6828618124895791,0.0,56.28488437347134
15474,0.5233233658180834,0.6475557156967583,0.0,6.8294461802096
12235,0.5088329349345575,0.6756355384407877,0.0,6.584068083701061
4080,0.34853348083582114,1.054020982131197,0.0,46.276789933823494
20729,0.5158001719132065,0.6620358522406355,0.0,20.62572585272447
2477,0.46893257712429554,0.7572962796669552,0.0,37.90268110841595
17487,0.49171487812910897,0.7098562464718736,0.2,26.690063715369696
13924,0.4915369557780899,0.7102181524390437,0.0,10.274725339437369
12966,0.4699342544934362,0.7551624781192386,0.0,13.01824548209866
20201,0.5197239508499185,0.6544574721148699,0.2,7.488793224063087
9733,0.5343647870748082,0.6266765513805389,0.0,9.472216229504632
6975,0.47696237707251693,0.7403176652663276,0.0,35.31684992891674
3907,0.44320487974926875,0.81372313334508,0.0,59.11698687916303
5526,0.44998823174657626,0.7985338482340075,0.0,49.041957020371136
1023,0.4157124520534549,0.877761478749618,0.0,52.68763410130354
17462,0.44234386331688763,0.8156677280620777,0.8,40.04928420323783
16699,0.4514914498974707,0.7951988434085685,0.0,5.523649746102162
14896,0.4847718816096902,0.7240768458891081,0.0,12.960975610468385
9449,0.5461822419049893,0.6048025825454126,0.0,51.319011689147935
1679,0.4906985389167764,0.7119253134395682,0.0,72.50602898474318
21120,0.4088920151905706,0.8943041793381049,0.0,27.796091944627456
17696,0.4593590058152346,0.77792322689413,0.8,22.68035221425585
3963,0.4547457243153272,0.7880168639033633,0.0,50.93544064176281
907,0.4292181417281365,0.8457900004140055,0.0,36.02219947312261
1497,0.5014430195982074,0.6902652979791356,0.0,15.885765525561379
20380,0.44889485529760187,0.8009665939469334,0.0,21.35216669146519
16362,0.5348386514243616,0.6257901636950594,0.0,5.401821121518157
2360,0.4847011868722421,0.724222687459899,0.0,60.182904222841486
5111,0.46108419092885766,0.7741746259159963,0.0,53.78965560749623
8548,0.44892156965541774,0.8009070843254087,0.0,51.28207963168614
16586,0.4871072711058837,0.719270910943988,0.0,10.2488912621731
9176,0.5639115887945226,0.5728577972283325,0.8,15.459141643607783
2485,0.480500440196895,0.7329271344496393,0.0,23.31074773484239
15747,0.42960681378589727,0.8448848751453455,0.0,1.630374332730703
20429,0.5864661069087953,0.5336404012902468,0.0,12.615526070574044
15976,0.504633010833293,0.683923825110576,0.0,7.70782149595138
9469,0.4814583678847536,0.7309355148575118,0.0,51.92200697466915
879,0.5034339110390291,0.6863028345469352,0.0,17.946819516107986
15117,0.4542522574018424,0.789102602203967,0.0,10.905240439344912
2420,0.4881177964648858,0.7171985160594144,0.0,48.84480734381421
17995,0.5557782708058043,0.587385857785576,0.0,17.276485645838562
5493,0.4709986280013105,0.7529000979183473,0.2,53.497315251312074
234,0.44611840381609985,0.8071708827871997,0.8,47.074199479595364
15529,0.42223155579525673,0.8622014050173383,0.0,7.878364762764394
15183,0.43944647997951997,0.822239344062683,0.0,14.464012759349405
9785,0.5126442855262551,0.6681730748583212,0.2,17.62974545863048
4847,0.47281884568635335,0.7490429539419169,0.0,48.515506754958395
7115,0.4245210703418761,0.8567936387926358,0.0,65.75248281810818
4222,0.47732816619601404,0.7395510451965971,0.0,51.38400910288331
11315,0.45286247583934064,0.792166784934081,0.0,14.97460665154398
13852,0.48676876299797656,0.7199660879679328,0.0,20.519395352224976
16346,0.43970751876013064,0.8216455031914451,0.0,17.595537244128188
13094,0.5035178947358812,0.6861360267681217,0.0,4.386707688477674
4000,0.4565777102974481,0.7839963627721721,0.0,76.00844796890384
11117,0.5532101107481104,0.5920174025181513,0.0,2.5491677908654338
17992,0.518704565718422,0.6564207954302039,0.0,10.79615190095141
1926,0.49554591187394065,0.7020952718376676,0.0,26.788445579056777
12036,0.4842549488976287,0.7251437570309311,0.0,11.547913431701307
1805,0.43461639472891145,0.8332914881508705,0.0,17.507455946152447
10920,0.5007983154785768,0.6915518228628943,0.0,5.4572428741687675
14066,0.543811243597332,0.6091530710186004,0.0,22.937659307477617
13713,0.4349650404762028,0.8324896178444038,0.0,14.502384428598283
1444,0.46552706309069053,0.7645850462735473,0.0,37.005917406303894
1421,0.43497732796719396,0.8324613688673734,0.0,41.59809403069679
6009,0.44833914381547835,0.8022053155150667,0.0,52.9279028211617
17719,0.518704565718422,0.6564207954302039,0.0,10.79615190095141
16127,0.4992247445801233,0.6946988946855969,0.0,13.50772514661272
1621,0.4726319800146728,0.7494382482693088,0.0,27.34325494552654
10403,0.479195312451316,0.7356470142585498,0.0,11.328964089738434
11492,0.3930358258173104,0.9338545114271971,0.2,6.00006172487762
20533,0.4344783987871848,0.8336090506168198,0.0,23.391071105095783
20905,0.41875832063015994,0.870461325878694,0.0,24.821204176143528
9545,0.46249707012311325,0.7711150569186669,0.8,57.83362926890002
358,0.4601448723628808,0.7762138991628564,0.8,33.80799365389886
11307,0.49371175879241624,0.705803416313259,0.0,7.739487948531989
16889,0.39943995791269143,0.9176918181555723,0.0,10.200603598998029
13153,0.5350548943633333,0.6253859310631912,0.0,6.923960375129477
10124,0.3805708162731157,0.9660830052704282,0.0,35.455247030487556
16532,0.555013650750604,0.5887625695911436,0.0,5.291032618283184
13587,-0.036008227170361895,4.0,0.0,52.4500036239624
14499,0.45897011978765123,0.7787701695424405,0.0,9.271259031795237
18498,0.527076259764177,0.6404100354747252,0.0,9.151459382504118
11180,0.532834760204458,0.629543921260052,0.0,9.323545137648644
18982,0.32898586274762015,1.1117404995119933,0.0,16.818966660022557
11793,0.4488746501278686,0.8010116058784248,0.2,5.836570856923393
7830,0.480276828535306,0.733392615207571,0.0,49.489333338486404
18300,0.42761228727955375,0.8495383647914507,0.0,44.50094313442964
17169,0.5702331926776054,0.5617098918554926,0.0,40.05553208822973
159,0.46592839634582395,0.7637233125730191,0.0,45.372804796801375
15367,0.46196366132165734,0.7722690461418044,0.2,7.08958382220561
7114,0.4746245394675319,0.7452312307387121,0.8,28.35604776104168
3784,0.42433355686553703,0.8572354423085241,0.2,55.347408425509826
6354,0.42905679232499405,0.8461659857740376,0.0,63.48571539890921
7247,0.4817807941839668,0.7302660522277682,0.2,34.09247165112116
5439,0.41987923307984404,0.8677881493384431,0.0,78.96872158979832
16798,0.39011821951781983,0.9413054588233735,0.0,2.0814148749375314
7450,0.4587946327701538,0.7791525922039059,0.0,71.85734959934398
10727,0.5337327227735869,0.627860084474051,0.0,8.482389884950198
1334,0.42761228727955375,0.8495383647914507,0.0,44.50094313442964
141,0.42552267994790033,0.8544370305139963,0.0,37.74689334967626
20347,0.5214004148238415,0.6512369818868852,0.0,3.712376267432009
4733,0.5159849301143047,0.6616777191318906,0.0,44.20006860909007
3077,0.3840288161937652,0.9570376870386694,0.8,56.26902905705023
14801,0.45998342633607386,0.776564819852269,0.0,26.620642557760526
6236,0.5592456673478822,0.5811664258964774,0.0,48.443127164564004
2105,0.45653682971638126,0.7840859037427792,0.0,59.40626203640291
9205,0.45290329770089877,0.7920766471461931,0.0,53.00972749518614
11079,0.48218248670670116,0.7294326334576796,0.0,4.787229999697354
21088,0.4648346004063436,0.7660736347212115,0.0,8.173239357519451
1596,0.453459785870587,0.7908486883961037,0.0,61.22552797188356
186,0.5394461498032789,0.6172123142736212,0.0,17.226395597197644
15083,0.5002075087779895,0.6927322490999321,0.0,11.919498141774831
15861,0.3810849250067268,0.9647330284138897,0.0,13.551629624996956
4872,0.5462174456597033,0.6047381303945618,0.2,50.70729131082686
439,0.42726081116569664,0.8503606532323918,0.0,22.364487775106667
9796,0.522513862084631,0.6491037651895794,0.0,23.82860110197157
2627,0.45622466686434743,0.7847699003078703,0.2,58.382954098983575
10252,0.3821564527717693,0.9619251919935162,0.0,17.415656078071553
20607,0.5406519246998552,0.6149795996230901,0.0,6.11320457633355
18012,0.4779681218430264,0.7382112394195707,0.8,31.082383897834738
18020,0.5780584404850703,0.5480803073151816,0.0,16.09163763460529
12904,0.5129056311855456,0.6676634055371325,0.0,12.385156300060498
4504,0.43249772139986337,0.8381782210637035,0.0,74.84931130411334
7350,0.47701362967398897,0.7402102147619986,0.0,52.64374968324353
14933,0.4860817972518812,0.7213783621410584,0.0,7.02586424711491
9340,0.5026336881286402,0.6878936284057302,0.0,44.3003507189714
20259,0.5700067443912851,0.5621070859581295,0.0,13.371685392101337
3147,0.46013128963101213,0.7762434179799912,0.8,27.19180598427633
14880,0.5423843008904289,0.6117804865609131,0.2,11.229231134214015
11590,0.39868970064836995,0.9195718572626493,0.0,11.697414241779784
11860,0.4431137537474596,0.8139287614311571,0.0,11.370991755364196
7172,0.46824670025527865,0.7587599846549451,0.8,20.49031274883007
5314,0.38094657613597344,0.9650961338027508,0.0,47.22697695144586
7206,0.5326721841681686,0.629849083114528,0.0,16.083509791428682
14192,0.5631456515036857,0.5742169782554624,0.0,16.241728237569163
4791,0.43409154463555866,0.8344998347848335,0.0,30.65952214731081
5302,0.43409154463555866,0.8344998347848335,0.2,30.65952214731081
19922,0.583906976514432,0.5380135956317542,0.0,8.185877196176374
10760,0.3796572627584776,0.9684863733636958,0.2,55.12624629299237
1891,0.513017775355449,0.6674447845959685,0.0,19.88985470826485
14920,0.43453124784143643,0.8334874200813664,0.0,4.322674207910164
7353,0.4767585610541188,0.7407450775487951,0.0,51.85215542841566
11848,0.4445320780396432,0.8107330600636832,0.0,13.66279768039004
6817,0.499916604446653,0.6933139855778229,0.0,59.070352100187094
14130,0.37564079700754116,0.9791219193156219,0.2,8.97169413455012
7477,0.43443684985169784,0.833704684651517,0.0,15.977951044625769
12297,0.5224221378790781,0.6492793246607655,0.0,5.997327633953626
3840,0.47843762068315504,0.7372294408858184,0.0,58.11948510958691
17882,0.44234386331688763,0.8156677280620777,0.8,40.04928420323783
11659,0.4917988245845835,0.7096855392301813,0.8,6.248425726438618
5680,0.4157124520534549,0.877761478749618,0.0,52.68763410130354
4244,0.47528562286133197,0.7438393443756727,0.0,53.614077052712126
4549,0.47412988922202276,0.7462739669312837,0.0,50.82125885610597
10771,0.4843311484514613,0.7249864152020564,0.0,53.402496467555636
4976,0.4956960953567172,0.7017922510156479,0.0,47.111311883150464
2971,0.47338109534895084,0.7478545164787771,0.0,48.06834733497025
1840,0.4833908073235784,0.7269298276011076,0.0,55.73552487741146
8103,0.49835485515966377,0.6964428951466526,0.0,47.372048703400374
11991,0.38717895684523923,0.9488682720471675,0.0,1.742311941255974
2000,0.5062867832235727,0.6806520049814659,0.2,18.44260704490268
6156,0.4566656828647165,0.7838037031412365,0.0,58.13079937108968
14978,0.6514912915144234,0.42849124933017585,0.0,12.047031785485128
17425,0.4731599393537859,0.74832180947735,0.0,36.05788599001915
19752,0.591043509278228,0.5258656445257253,0.0,13.007286035297613
5677,0.4120192160095235,0.8866852899204446,0.0,63.016723284051125
17851,0.48343336768750106,0.7268417860211592,0.0,25.533950639763077
12047,0.5459455392207669,0.6052360532290074,0.2,8.511434161727447
20189,0.45007841274618954,0.7983334608505469,0.0,14.354035260644778
18071,0.4639623530456771,0.7679518657249789,0.2,22.583351349116356
16514,0.4587686606757463,0.7792092032183175,0.0,8.935192310805244
1322,0.42761228727955375,0.8495383647914507,0.0,44.50094313442964
17256,0.4807943157865113,0.7323157182384469,0.0,3.288134334684699
4483,0.4568285764165415,0.7834470647674393,0.0,57.45800784958854
8956,0.5172901052883564,0.6591514297636514,0.0,54.94356712621358
18415,0.5701948140448676,0.5617771975206044,0.0,9.126069973679435
363,0.46021875742284524,0.7760533429267514,0.8,27.557652904749176
18511,0.4313730657933744,0.8407819813911777,0.0,7.770086397177975
16332,0.48408642245551753,0.7254918294128375,0.0,12.03844877099306
12250,0.44628999571992517,0.8067863236413442,0.0,8.28650264096245
2626,0.4597505665406435,0.777071183218654,0.2,57.31909613860422
18809,0.5183842867807004,0.6570384453974789,0.0,27.69351354534006
18387,0.5270629158824899,0.6404353525903322,0.2,18.78332875906216
20816,0.608233256512112,0.4971968250099869,0.0,9.20012960948659
11460,0.4328166995534513,0.8374409672740701,0.2,32.13302790961919
19390,0.5036766020528671,0.6858208794578345,0.0,49.40310694709714
9064,0.37946214473637113,0.9690004374871445,0.0,55.61578055314785
6303,0.5059468462708648,0.6813236621080071,0.0,16.35176789059217
429,0.43514377422259815,0.8320787870474049,0.0,57.163813304982455
18386,0.5603775259395383,0.5791445689288482,0.0,20.795519434193622
14111,0.3366620847884418,1.088675567446834,0.0,17.75085442121612
13662,0.5436389925655597,0.6094698690245869,0.0,3.5146299842606163
15889,0.4874731224904196,0.7185201234171198,0.0,7.3292645271391414
262,0.4670715228495704,0.7612728791866241,0.2,54.16075643418988
20230,0.5338831817267546,0.6275782247648997,0.0,2.907287356226534
11959,0.15809243654562904,1.844575375597156,0.0,3.605591295353019
15438,0.516484807882758,0.6607094044411732,0.0,4.235147496702461
2749,0.47281676701112846,0.7490473502975469,0.0,63.79074382675928
9563,0.4974117559892904,0.6983371130121756,0.0,23.41175144733872
5846,0.4757152174516221,0.7429358864578655,0.0,47.514463144693536
11868,0.45817405848656384,0.7805061267013234,0.0,9.561200424265536
13672,0.5149935506469807,0.6636009014123859,0.0,5.880167627918135
1883,0.43909637237844534,0.8230363629415424,0.0,65.70710728192574
689,0.4733548223282437,0.7479100188004347,0.0,44.59413772402621
4268,0.46506759898200567,0.7655725098057283,0.0,47.92866370550898
13737,0.48650995536516084,0.7204979143277058,0.0,13.344233240283652
21027,0.5062237186043588,0.6807765757768929,0.0,14.432463925861441
14750,0.5496445777120053,0.598483431989085,0.0,22.862365494410724
18692,0.5368747801547775,0.6219903957342202,0.8,18.903844834426984
12850,0.3390613896488694,1.0815740975869315,0.0,14.477409518004619
10162,0.5368186824801804,0.6220948905022344,0.0,9.403897647214292
395,0.5085524056898576,0.6761870094333564,0.0,19.63308842599519
15189,0.4158193889559507,0.8775042741596999,0.0,15.704694269124028
3611,0.44254756299093695,0.8152073333252967,0.0,44.938304249556985
17342,0.4590903996782254,0.7785081391235039,0.0,75.01704179133164
9736,0.4353741265203618,0.8315495565676099,0.0,66.39923399518953
15324,0.4419929700758496,0.8164613018366919,0.0,7.212619425406907
3835,0.3849436600107248,0.9546582930372303,0.0,87.37510172692545
18091,0.5115287218396911,0.6703515429876712,0.0,10.893480439013402
13423,0.606199744362947,0.5005457360626687,0.0,7.3104702460636215
19519,0.4908790017596305,0.7115576138184806,0.0,24.63590310441758
18978,0.32898586274762015,1.1117404995119933,0.0,16.818966660022557
11084,0.566147935549263,0.5688998647018217,0.0,17.899580092249067
14672,0.5354313492046318,0.6246825967437095,0.0,8.825515293093678
13055,0.47294294824918826,0.7487805145743236,0.0,5.173024596257154
377,0.4414217401482347,0.8177545336577529,0.2,54.16654873136138
11306,0.4436051972512404,0.8128203074987227,0.0,14.51493947833756
18097,0.5532692350570465,0.5919105332680085,0.0,9.67211399661119
12788,0.41595576773503623,0.8771763519340585,0.0,8.876147886683233
12445,0.46143536908425287,0.7734132801677207,0.0,7.084852760122984
9795,0.524190905882418,0.6458993368079547,0.0,20.672008964433516
16967,0.4097140271440949,0.8922958574169306,0.0,32.56879879571797
13109,0.5698583943257374,0.5623673800251141,0.0,13.134652497832906
13619,0.5573941465866401,0.5844826652692269,0.0,8.625356992643876
331,0.4587528944011521,0.7792435703119482,0.0,52.77426961034537
18592,0.42537854520607793,0.8547758118882384,0.0,18.250319031332232
20163,0.5819096524454411,0.5414400796491475,0.0,8.151380047994818
15923,0.513995219186056,0.665541314764672,0.2,6.720702715335278
14835,0.4415339081616956,0.8175004597090128,0.0,6.085881952448314
913,0.47354102666397696,0.7475167245678502,0.2,30.132403045438053
17190,0.5302843775758316,0.6343418548697676,0.0,7.4420991664335165
5756,0.5336575264179687,0.6280009820619753,0.0,18.22772826478547
19901,0.4547622787193875,0.7879804609162386,0.0,24.9068807776152
16713,0.48674877483445134,0.7200071517654532,0.0,11.391017953988165
11799,0.5180434363940716,0.6576961861955984,0.0,10.869481400895276
5615,0.4681446451478149,0.7589779599883756,0.0,44.17251785037769
16875,0.5516657509188502,0.5948129398062917,0.0,9.344808550146805
1706,0.461949765689017,0.7722991260870354,0.0,52.13019101087489
17264,0.4534680675596954,0.7908304252253845,0.0,15.187898256117936
11747,0.4137467451702081,0.8825012189799141,0.0,10.958459324324831
17934,0.4464785939539636,0.8063638216872535,0.0,21.578296052912936
20156,0.4672883737236731,0.7608087092692476,0.0,22.58460395165075
14505,0.433827912417977,0.8351073386806089,0.0,17.981949789558353
12240,0.45589093198372754,0.7855016823230763,0.0,9.245354036847573
7456,0.4310364286405913,0.8415626712422369,0.0,76.10251261726003
20800,0.5167481626917786,0.6601996359335399,0.0,48.19457342314842
8493,0.5272682237982975,0.6400458963546665,0.0,17.281239201575996
16006,0.37876340676898823,0.9708435253751617,0.0,6.247572115428786
10476,0.487349040376664,0.7187746972648477,0.2,10.293572853557972
10511,0.4748283488403261,0.7448019111201519,0.0,59.45381028221108
9646,0.4829714643246234,0.7277977071481041,0.2,33.939026356477726
10824,0.4425632634547051,0.8151718564939199,0.0,23.707642085562405
14427,0.48470526007970793,0.7242142839517964,0.0,4.779778117792027
16725,0.4761704785016905,0.7419793407576482,0.8,13.208715550526131
427,0.4347405228210315,0.8330059251319131,0.8,35.13202425690535
8746,0.423405392347623,0.859425184539083,0.0,65.93509792849456
12138,0.48927917958343886,0.7148220330262028,0.0,7.673972175513811
20760,0.5683591323404985,0.565001784815408,0.0,11.538184064994635
4123,0.4347036608351717,0.8330907195018675,0.0,33.86513584095758
20505,0.503187961683678,0.6867914974041809,0.0,3.8959242532405147
2199,0.48974005519998065,0.7138805282340354,0.0,52.89176518998018
8601,0.3796572627584776,0.9684863733636958,0.0,55.12624629299237
1729,0.5261596066781064,0.6421506775221886,0.2,16.711972362359134
18963,0.4556073126352457,0.7861239969776781,0.0,24.806142964536637
9339,0.5026336881286402,0.6878936284057302,0.0,44.3003507189714
11016,0.3253485707174902,1.1228581461121423,0.0,7.491709339904541
20212,0.5799734568497962,0.5447729405409538,0.0,9.015719253712122
17126,0.5210916979529364,0.6518292489671743,0.0,7.622491241151933
5350,0.4546639445151978,0.788196716401424,0.0,26.191778028577428
11570,0.3717978481690576,0.9894049913149371,0.0,10.911159067014278
6353,0.4292625976551918,0.8456864315741804,0.2,63.80492885277411
6092,0.3942994716957129,0.9306445779530852,0.0,48.46331355680505
12931,0.47333279134820455,0.7479565620946004,0.0,12.158034359098046
3823,0.4640687317281788,0.7677226090013347,0.0,50.00177727290249
7700,0.4297914481769542,0.8444551921867695,0.0,44.65479146481183
10524,0.5341389948120144,0.6270991839813443,0.0,10.602992399923798
20572,0.42466419332245026,0.8564565557365503,0.8,41.452496154156165
20155,0.4672883737236731,0.7608087092692476,0.2,22.58460395165075
9960,0.4964713844549483,0.7002294316896693,0.0,47.75564510430481
3156,0.49747791857515666,0.6982041081420772,0.0,20.83022110662075
20675,0.5575605012086626,0.5841842591886103,0.0,20.413733781466856
9925,0.47435891460285723,0.7457910400177302,0.0,53.441522360459956
3356,0.46769324828504416,0.7599426503496982,0.0,29.212197334771133
7244,0.454373222543794,0.7888363425726094,0.0,39.59563997469837
11017,0.3599202501141834,1.0218727995334154,0.0,7.883339743744884
2609,0.43074532202985527,0.8422382636914432,0.0,67.69069156615777
15094,0.46064490289252735,0.7751278085214599,0.0,14.262351011497328
16336,0.49348035505973814,0.7062722282773526,0.0,11.647134766902013
19177,0.49981120891291986,0.6935248340362036,0.2,28.857570090334043
5784,0.40865972636950315,0.8948724340809179,0.8,88.01070594005873
13635,0.5092442157349396,0.6748275823394548,0.0,22.989688738577264
6458,0.5243129617434147,0.6456665177114943,0.2,45.779372833582414
809,0.4497889275360769,0.7989768561759246,0.0,62.01258698529569
190,0.4264572478130538,0.8522431566689739,0.0,57.98236303393165
16189,0.49230251462798863,0.7086618843131144,0.2,7.336244724250713
12238,0.5175624630423238,0.6586250595953962,0.0,6.367257462143868
15182,0.47336320357709966,0.7478923128972474,0.0,12.89291510844051
11890,0.4486708557635009,0.8014657207205854,0.0,12.036412103589953
1715,0.506050710798528,0.681118395746834,0.0,16.34684149792401
17396,0.24130356211350057,1.4216995442823215,0.0,54.23925799061662
20218,0.5393891846349099,0.6173179192099882,0.0,3.2472463466813624
4059,0.4894661047367923,0.7144400640734615,0.0,39.73715287528905
11697,0.4169853919585133,0.8747040890714934,0.2,7.986048433324672
16648,0.5437153383260847,0.6093294442182814,0.0,7.43503752852816
4192,0.4348252193616068,0.8328111232055387,0.0,41.603081184655395
1034,0.4640620629283799,0.767736979389296,0.0,32.9090469101432
18331,0.5095433113723535,0.6742404223319975,0.0,10.927144313132324
13585,0.5475024180626102,0.6023884007485213,0.0,9.1058539730353
1575,0.48164910716499715,0.7305394234810485,0.2,20.699833895506693
14273,0.35925770133056006,1.0237153170069593,0.0,99.25943619975541
17650,0.42062819229258913,0.8660059892090577,0.0,67.74765474649986
8204,0.5342094674069047,0.6269672558745802,0.0,15.84471728450356
9581,0.46671576741106763,0.7620348417008401,0.0,39.30385739658037
9934,0.473397577629631,0.7478196988785244,0.0,50.963912193300864
12168,0.4740275995017714,0.7464897321851885,0.8,8.618223303122562
12483,0.4000103674627701,0.9162648135531124,0.0,7.2110497440340655
12705,0.5348386514243616,0.6257901636950594,0.0,5.401821121518157
14181,0.37216516099386104,0.9884175420731727,0.0,37.19217364426742
786,0.4690226812288543,0.7571041508760912,0.0,33.800912274314726
511,0.47221518922463374,0.7503204879174598,0.0,52.184792224455734
6555,0.45290329770089877,0.7920766471461931,0.0,53.00972749518614
8931,0.42675298062672856,0.8515499328522396,0.0,67.2937347430103
12761,0.47540334283177293,0.7435916924615542,0.0,4.994035971719164
8591,0.35069262660796,1.0478451468418588,0.0,41.41608102780927
19036,0.41147626225295153,0.8880039464269601,0.0,75.93321596848423
5695,0.49992270199803557,0.6933017885150682,0.8,52.791465003848245
7126,0.3648429346005176,1.0082883341751805,0.0,40.33657203933147
9701,0.48988108579750483,0.7135925993754261,0.2,48.659877010370124
1874,0.5001181195239958,0.6929109694120037,0.0,18.788280116200347
11938,0.5173203912159304,0.6590928841995285,0.8,4.4808430134583315
5179,0.4450851457022555,0.8094896764620491,0.0,56.10977890026008
20192,0.5225864706389108,0.6489648147900375,0.0,8.456011672872426
4666,0.44558634334505415,0.8083642386280917,0.0,63.03300973558283
16723,0.422438329246229,0.8617118091201378,0.0,10.517192564567889
14705,0.47792021171811544,0.7383114815153657,0.0,6.738568784766221
7625,0.47899599083903804,0.7360630514621197,0.0,51.380875916226465
18001,0.42416312531797723,0.8576371682160746,0.0,25.13906091030666
7954,0.5368001291905697,0.6221294526567176,0.0,15.55323631641794
2930,0.4374082353142965,0.8268883430376618,0.0,26.791183576151724
15152,0.536581115444046,0.6225375345952793,0.0,7.797282086477622
9297,0.4526135193703546,0.7927166757684629,0.0,28.1454033958979
12897,0.5051921470169407,0.682816432931958,0.0,9.697359076874974
9764,0.46443012220835095,0.7669441686254759,0.0,16.911118333059775
13897,0.41374290067245956,0.8825105109336391,0.0,14.872861414625705
9899,0.5300401434883867,0.6348025328733643,0.0,40.05604127725698
21038,0.4851727394587566,0.7232502876234477,0.0,32.492018619687215
17045,0.47792021171811544,0.7383114815153657,0.0,6.738568784766221
20058,0.44666409936948726,0.8059484224020601,0.0,28.08931736102331
5375,0.4520527069006691,0.793956497760791,0.0,36.55772548561785
2058,0.5012057487996086,0.690738585954958,0.0,14.902684860230288
13830,0.4709103390303792,0.753087566079879,0.0,22.368958590580526
19695,0.4699262508787565,0.7551795096140916,0.2,26.095228185177437
11019,0.2163586574947445,1.5308177969586696,0.0,11.281438279809826
20338,0.5344181203716604,0.6265767494534593,0.0,3.5741817060155157
5558,0.5254128507009029,0.6435709431396268,0.0,55.61739972771295
17504,0.22176793034458417,1.5061238026866355,0.0,12.5309495787203
6498,0.47789683412257816,0.738360397980381,0.0,58.38215925960041
9869,0.42421126947785026,0.8575236707785752,0.0,63.11802939511384
11563,0.41098698543890844,0.889193730586031,0.0,8.055205594946262
11703,0.5487526599837285,0.6001074672537463,0.0,5.422061013433345
15020,0.5424289037091273,0.6116982552264595,0.0,8.450611430955192
18459,0.5597377605240454,0.5802868897109915,0.2,5.515626953111538
13400,0.5069154531010037,0.6794110484664281,0.0,7.047870423147078
7384,0.5318764044882974,0.6313441390219381,0.0,9.543713915955415
3971,0.46729881884989455,0.7607863568845693,0.0,57.6790195045922
1737,0.5343539839504337,0.6266967683443797,0.2,16.889477787348113
20328,0.439888946120965,0.821232979106479,0.0,29.69701713835121
645,0.5061820264958283,0.6808589382264459,0.0,50.611648549717884
6997,0.536733358571522,0.6222538467625278,0.2,14.498514748252397
672,0.5394919520957812,0.6171274117338941,0.0,16.631583628520737
19814,0.4534152776970255,0.7909468456294102,0.2,25.76707038073647
9002,0.42776116680152204,0.8491902606440485,0.0,73.8795526760322
5055,0.4644893876704812,0.766816567769685,0.0,53.017699952741395
5070,0.48824209918375666,0.7169438912635856,0.2,52.40860009232245
10874,0.40549199543457803,0.9026541456102157,0.0,6.504074775034555
16786,0.39496597012585505,0.9289556693723895,0.2,5.778383244500085
11851,0.5316170624949969,0.631831856166411,0.2,9.393760163733443
10049,0.5156343038863128,0.6623574781552529,0.0,10.34208177566077
6214,0.5005626609340221,0.692022491391938,0.0,17.535850037465963
17001,0.40047507457950526,0.9151037501669893,0.0,86.28970644639125
3341,0.4794723164236268,0.735069120582626,0.0,46.10720666285258
9252,0.43689469700749767,0.8280630808702168,0.0,61.53419312603967
18285,0.4702677162779123,0.7544531373417784,0.0,63.70225456554709
2991,0.38094657613597344,0.9650961338027508,0.0,47.22697695144586
8383,0.42585268183720904,0.8536618098048993,0.0,85.47716118403513
6840,0.49162482372333277,0.7100394067894288,0.0,49.582053076226785
8830,0.40620422604987105,0.9008992260251989,0.0,75.67778599698497
19044,0.396871827340883,0.9241419034688461,0.0,69.38456875395212
6884,0.47354102666397696,0.7475167245678502,0.0,30.132403045438053
18740,0.5425225120482304,0.6115256975653959,0.0,8.989428220768401
10258,0.5132656677818258,0.6669616969404959,0.0,7.348917358512832
4466,0.45836518947042565,0.7800890556657765,0.0,37.48327852957984
18203,0.47413532156332033,0.7462625095009449,0.2,24.940093124456894
13666,0.48703535534562503,0.7194185602890357,0.0,2.7960563407884975
17380,0.5269955047638452,0.6405632603370306,0.2,15.822232513841122
3153,0.4600856702273941,0.7763425672146725,0.0,29.231745049040413
8684,0.5289854487832957,0.636794354528069,0.0,16.49615697671277
13215,0.427511790114772,0.8497734117697808,0.0,8.162074041460425
20850,0.4951528599367722,0.7028887561317335,0.0,21.960703339944207
3149,0.46021045551884737,0.7760713821282053,0.8,33.80178632495479
13692,0.4345405888825409,0.8334659234899224,0.0,14.500222640855084
8808,0.4883493484003183,0.7167242513778215,0.0,16.871688850093058
2547,0.5012057487996086,0.690738585954958,0.0,14.902684860230288
11913,0.45019364456410377,0.7980774675258451,0.8,7.224197272577037
19205,0.47810288219615954,0.7379293349303513,0.0,50.548159442729066
20182,0.47346286780217317,0.7476817901234155,0.0,16.22469470306913
15681,0.3718762095598734,0.9891942500895536,0.0,2.6640980866369173
5181,0.41841211712596893,0.871288406024654,0.0,58.019098413831266
1918,0.500149802058871,0.6928476213145545,0.0,26.494494201990292
3714,0.43048753703215153,0.8428369055167982,0.8,66.3354737616448
2966,0.46094607594471576,0.7744742147475934,0.0,44.22247648033372
372,0.46070152169105055,0.7750049040479986,0.0,56.36571902705127
2374,0.4447956513684631,0.8101403126932339,0.0,60.45267081306592
8104,0.5060461148490417,0.6811274777820105,0.8,19.081784575188244
15163,0.47286796254100383,0.7489390784214648,0.0,20.255058147291994
15940,0.46806223406331815,0.7591540131376091,0.8,12.481250394425976
997,0.41733763623902725,0.8738597055664531,0.0,53.1044580408048
2688,0.43409154463555866,0.8344998347848335,0.0,30.65952214731081
4489,0.45701473119613806,0.7830396540426012,0.0,59.91427566408093
18496,0.5301523660860221,0.6345908305701673,0.0,8.643127039742522
16057,0.4611204588043348,0.7740959711933025,0.0,7.219605658969545
296,0.4856248761896508,0.7223188128107837,0.2,46.64735025392566
15494,0.39634794144392466,0.9254628134959224,0.8,15.501502126056703
3636,0.49943650873414003,0.6942747986140052,0.0,49.753469344745056
3620,0.46093729674292927,0.7744932609784874,0.8,50.34206196360168
20525,0.46452645315504526,0.7667367726080637,0.0,21.940174035121956
11610,0.4785381482873413,0.7370193465285408,0.0,23.953128762177577
16921,0.4943250545624555,0.704561972997552,0.0,5.053400293515027
12491,0.5618078812325762,0.5765953358725213,0.0,5.455456867137473
18551,0.512743429921604,0.6679796955264562,0.0,10.827281684614238
2819,0.49904831321370374,0.695052367849836,0.8,44.42427272746171
12676,0.372441659709737,0.9876748716573323,0.0,9.08532479368799
11801,0.4929647525128739,0.7073176034124933,0.0,11.672508116237076
12629,0.5231027246355074,0.6479774199869296,0.0,6.789831169159893
2961,0.48160928996329744,0.7306220953826714,0.0,17.198844097437064
12081,0.5172727753184311,0.6591849317774039,0.0,4.234604018082884
5126,0.4382345923702263,0.8250009129688693,0.8,61.14906364092782
17788,0.4514058222409417,0.7953885164963671,0.0,17.122726410242194
1134,0.43776145091205326,0.8260811495927922,0.0,40.626671189073484
10787,0.4682193124682037,0.758818476445807,0.0,9.870331100795813
4019,0.4722641164031684,0.7502168812459596,0.0,36.68935852339186
1167,0.5053570990096754,0.6824899728512677,0.0,13.915970129878524
13778,0.46567635196457285,0.7642644098309662,0.0,21.946999869512645
19253,0.4875932884074635,0.7182736460155619,0.0,11.144014494532872
11305,0.43759462872047633,0.8264623023544583,0.0,15.591210750666711
4125,0.43481322585035564,0.8328387059586195,0.0,41.07560472371691
1154,0.4691101658065086,0.7569176430095681,0.0,54.75541952339695
5124,0.472309456899474,0.7501208792030867,0.0,36.68466354323612
17878,0.44805806428763384,0.8028324471806182,0.0,40.25000339187268
12610,0.37837838543320124,0.971860564384077,0.0,11.395064793009842
5341,0.38417688825439944,0.9566521859636044,0.0,55.014675292354895
5682,0.4459797560508022,0.8074817180128541,0.0,48.933393959757936
3403,0.4251016549888198,0.8554269504496715,0.0,39.435181110451914
19912,0.4388348803177545,0.8236320634992351,0.0,5.574621931905392
17591,0.48147130776842817,0.7309086387854528,0.8,19.339840518998642
14820,0.3418965389128749,1.0732471054858832,0.8,10.484551030809172
13001,0.4417519619537512,0.8170067264707424,0.0,8.297928899990879
18454,0.5835743622465839,0.5385833936504537,0.2,5.078841566486386
15359,0.49611722958888915,0.7009430302058662,0.2,5.004382528852861
3342,0.48096387799000917,0.7319631094302206,0.0,50.56400735526877
5413,0.46233337617842357,0.7714690546639914,0.2,61.75956694100158
12267,0.49635813397076567,0.7004575685098828,0.8,12.23349120690225
7976,0.474660931264276,0.7451545587619803,0.0,57.25767356643308
7511,0.47739630668183414,0.7394083014252336,0.0,51.030260650944655
3895,0.41615501033635605,0.8766974671259822,0.0,53.08403430994656
9986,0.508903968510857,0.6754959472042426,0.0,20.12133449662136
14630,0.15359673307451582,1.8734247275408755,0.0,30.551810621107208
16885,0.5306106418279769,0.6337267812640596,0.0,18.178769675814262
11436,0.4593581859769325,0.7779250116398807,0.0,8.698757975737731
18515,0.43460611436354263,0.8333151423136694,0.0,9.683121460963864
6730,0.45689409082095367,0.7833036636964721,0.0,45.71360527948307
5627,0.4674631591276548,0.7604347373636106,0.0,51.18486611707113
11624,0.45584917702665756,0.7855932763128252,0.2,23.201318804221582
15973,0.5315163730032803,0.6320212764003263,0.0,10.144100128040375
8223,0.5073612620626899,0.6785319806859499,0.2,53.52599415751776
7800,0.3786020312190943,0.9712696751418182,0.0,53.48782071365194
16029,0.4139993698294765,0.8818908273090041,0.0,5.016239043067818
1861,0.5026611345302125,0.6878390247194074,0.0,47.03443062110677
21068,0.518704565718422,0.6564207954302039,0.8,10.79615190095141
18724,0.5573643038048702,0.5845362065216239,0.0,9.532908336067717
8003,0.4671356996990435,0.7611354860086972,0.8,54.173817635968724
16701,0.45605760490349995,0.7851361509035137,0.0,13.251528158613363
20771,0.5982223408251893,0.5137927867347664,0.0,6.114134333640564
5667,0.48439080676753843,0.72486324608045,0.8,21.9372612351366
20141,0.4854937027076777,0.7225889620708664,0.0,7.092211048629693
10393,0.43605394856633256,0.8299893080437946,0.0,15.4552311457115
12702,0.5313669091814222,0.6323025186126153,0.0,5.6167751672763355
856,0.48303602686648395,0.727664038325563,0.0,75.23682357576976
15244,0.5076890637684254,0.677886097996611,0.0,7.028662003198967
5718,0.4155435670279542,0.8781678157239019,0.8,95.26803937474297
7765,0.5298667560219307,0.6351297077753917,0.0,14.747712589849415
15291,0.5082618815120603,0.6767584494482336,0.0,7.179054142909326
18484,0.47418766633343884,0.7461521151082332,0.0,34.434172662196794
14424,0.5224043340287705,0.6493134046746013,0.0,3.975291398735974
20086,0.44270247556793885,0.814857347283307,0.2,26.941217936120246
17764,0.43800149775592595,0.82553294907746,0.0,40.533666540039974
19011,0.4822739048208997,0.7292430590709569,0.2,56.17359473188803
5519,0.4457742128192282,0.8079427044337486,0.0,47.309088386739525
12163,0.4375225628803267,0.8266270022163835,0.0,13.79723128138033
16410,0.36176621823375826,1.0167570817629683,0.0,11.387679606641779
7918,0.5135402366469365,0.6664268950456672,0.0,45.41032822165707
6851,0.5018402386039297,0.6894734597355889,0.2,18.715757380138466
11652,0.4625141102038177,0.7710782139462384,0.2,12.114410160515225
21069,0.518704565718422,0.6564207954302039,0.8,10.79615190095141
7979,0.5029580671991359,0.6872484777667592,0.2,58.154962832917704
15219,0.4971143134343829,0.6989352724228152,0.0,11.684450896649178
11653,0.5089349072942673,0.6754351541177231,0.0,13.49012883462558
19290,0.5479057759287941,0.6016519485535736,0.0,9.901687218734843
7062,0.46739389929358804,0.7605829093939109,0.0,17.979419348740365
10789,0.4721886084041771,0.7503767791363862,0.0,8.78878809719643
6240,0.5082935936142353,0.6766960581612625,0.0,19.630951511446366
12999,0.4723425294844846,0.7500508585277463,0.8,12.453470061894384
7619,0.4255870813114503,0.8542856954768383,0.0,48.2799555584589
18661,0.48904984956486786,0.7152908528525368,0.8,23.61532707034761
10256,0.504430007873687,0.68432618444509,0.0,7.540247961498832
18606,0.4547110195837361,0.7880931836004589,0.0,26.018895975555246
10529,0.5258950952294008,0.6426535248623497,0.0,7.742689576835031
3392,0.46824670025527865,0.7587599846549451,0.0,20.49031274883007
16518,0.4847376310972764,0.7241475012297297,0.0,6.935522768993832
12593,0.4427908313121759,0.8146577845224284,0.0,9.71438693644423
15238,0.48749940040205164,0.718466218489501,0.0,6.818244591612887
19911,0.44614737288393247,0.8071059490676752,0.0,5.462767376293891
1160,0.4917776071074025,0.7097286827551799,0.2,63.013260990122646
10485,0.39834846654331707,0.9204281126841528,0.0,56.197658623329716
20388,0.5819096524454411,0.5414400796491475,0.0,8.151380047994818
21189,0.5943947949911055,0.5202115423613671,0.0,8.383339611700446
10499,0.4392801001839382,0.8226180279475817,0.0,12.19161039847009
1992,0.5157116329985649,0.6622075204938487,0.0,17.05846524795851
14158,0.5484977797452154,0.6005720471415618,0.0,12.527332741414934
14089,0.5376035892651707,0.6206338133349737,0.0,6.5020698707703595
21170,0.48182918210551545,0.7301656217158807,0.2,12.434720691016292
12393,0.39962347999351827,0.9172324751914277,0.0,4.147835757103476
6927,0.44626562603827696,0.8068409301690723,0.0,44.961209602530005
14169,0.5327231740874582,0.6297533629315305,0.0,23.7149374327564
14771,0.42745822426439306,0.8498987163992956,0.0,4.071015021763207
4001,0.4753486804306935,0.7437066801761258,0.2,54.740527016906
17953,0.5984544584116486,0.5134048497587702,0.0,15.574136137017135
19017,0.4668678740329534,0.7617089863270327,0.8,52.32940794180499
15694,0.4364816754840814,0.829008885147076,0.0,1.4883611330492068
18416,0.5701957019284671,0.5617756403634953,0.0,7.320020556833031
10852,0.40484591910529905,0.9042487309173691,0.0,5.817393924840983
5291,0.45324676284461135,0.7913185714695125,0.0,40.07632639566957
430,0.4675126382152556,0.7603288970032769,0.0,31.082249022037402
9735,0.4496770075385838,0.799225714956911,0.0,63.17080124190724
2237,0.4586530726816416,0.7794611876449199,0.0,47.4496997978845
4432,0.4526994372081827,0.7925268677303438,0.0,39.071576997706
3968,0.4117307128667741,0.887385752875116,0.0,71.12840393847037
12005,0.38272238905664796,0.9604453853700227,0.0,6.377453176605749
8628,0.4795345581643293,0.7349393160057471,0.8,19.84336153215517
5511,0.45235828699911573,0.7932807427951035,0.0,50.81121968688842
18596,0.5370354792353415,0.6216911173161993,0.2,18.248499765005047
2298,0.4287548039521674,0.8468700760115978,0.0,50.65553243363465
16526,0.4338633257172197,0.8350257121809834,0.0,11.614789449170663
13559,0.5609491764269412,0.5781249721677627,0.0,13.73393713874793
17093,0.6023329204805804,0.5069449624806431,0.0,7.358305820991886
13429,0.5140134233456056,0.6655058984095978,0.0,10.787851273282499
4521,0.40902354354266374,0.8939825609220655,0.0,70.35642481634828
1288,0.4279261534954275,0.8488046368489156,0.0,70.18341256350837
13139,0.46295142393112787,0.7701331463154532,0.0,8.356715008632793
3794,0.5015061891343524,0.6901393304113295,0.8,18.989182596871956
1425,0.43409154463555866,0.8344998347848335,0.0,30.65952214731081
17476,0.5194647775134448,0.6549562714855203,0.2,20.067861007792704
10970,0.5866337818935676,0.5333545347796202,0.0,15.65608906275104
3478,0.4457530119536726,0.807990265214778,0.0,54.59993970609801
13763,0.4661711989331859,0.7632023326389357,0.0,19.57156065895227
16531,0.5540180302547835,0.5905580471781976,0.8,5.391824465523141
16144,0.46722234849997446,0.7609500136379153,0.0,9.131399800805742
4653,0.4916929814313398,0.7099007787532864,0.0,47.50301126020974
4800,0.45254339216395306,0.7928716261547402,0.0,60.95200928521088
1675,0.44434558739506164,0.8111526693182968,0.0,46.89679355699053
4249,0.46921081689222666,0.7567031085635524,0.0,53.69565189088729
13876,0.4188493368522527,0.8702440016418919,0.0,14.023981057346688
5141,0.4991763023578195,0.6947959342920563,0.2,27.097041437390196
3979,0.36480889082276635,1.0083816493060134,0.0,40.34030511088416
17042,0.5530793615802676,0.5922537767614611,0.0,43.4595827713513
12075,0.5204546574464791,0.6530525081770825,0.2,7.455900677679967
47,0.42384081163653003,0.8583973385004856,0.8,68.4185548879017
11899,0.5626883070958263,0.5750294327555653,0.2,4.005655074640095
9675,0.4836051229863254,0.7264865668602121,0.0,30.167355797400838
3700,0.37194212435453916,0.9890170165048653,0.0,77.63783579563193
10158,0.5322098820476736,0.6307173523139178,0.0,9.534239094446917
2703,0.5372106477941396,0.6213649936170893,0.0,16.761321532432753
19926,0.4771352433103262,0.7399552993280676,0.0,24.42407361107839
4181,0.4460274531418886,0.8073747747266556,0.0,23.272577727501332
8365,0.4752850126887984,0.7438406281782871,0.0,44.652752001534
20162,0.5819096524454411,0.5414400796491475,0.0,8.151380047994818
2532,0.43468996073155525,0.8331222359594944,0.0,74.28117525291503
15842,0.3301293387224079,1.1082707657858268,0.0,20.44593286747156
20671,0.5244957459093789,0.64531796193296,0.0,18.879099224227037
10530,0.5151229428675979,0.6633496827936913,0.2,25.011599106507013
2192,0.41745258764237747,0.8735843036731672,0.0,53.337563031791476
2705,0.5373454100776768,0.6211141695055756,0.2,17.06045328503902
2726,0.4209187037912094,0.8653155665801767,0.0,27.761490361835484
17502,0.22176793034458417,1.5061238026866355,0.0,12.5309495787203
20984,0.5739893907002034,0.5551443659340762,0.0,1.8652850774799
7510,0.47737277214779716,0.7394576003281067,0.0,51.0336630145083
17388,0.487349040376664,0.7187746972648477,0.0,10.293572853557972
8378,0.39300591207013613,0.9339306237905662,0.0,86.0150090260461
10150,0.6598881701049819,0.4156848975529906,0.0,7.258834531108228
12533,0.4974628988630322,0.6982343003140383,0.0,5.916314056818278
13162,0.47311735281672057,0.7484118180561176,0.0,6.950500510035214
13928,0.5372035950047487,0.6213781222393844,0.0,9.171851448573822
3413,0.5187794737445122,0.6562763921943545,0.0,44.17396235636471
18328,0.539232672355944,0.6176081270878465,0.0,8.897880032507896
14455,0.6015400675515958,0.5082621330650746,0.2,3.723274503943074
8776,0.5238199409251074,0.646607277902141,0.0,23.30049316053921
2265,0.4965210341241751,0.7001294315923088,0.0,33.33316266543491
10141,0.5664454915760375,0.5683744227797797,0.2,8.688171569711352
4822,0.4632834768671839,0.7694161511989983,0.0,45.02238561779504
20519,0.33884297111117656,1.0822184909789612,0.0,7.358923133825952
7614,0.460599578282927,0.7752262071779795,0.0,53.66890701080783
8869,0.4171846730251338,0.8742262942457693,0.0,59.853900034024285
15686,0.5123258285186302,0.6687944725234989,0.0,1.2007201414717406
12756,0.44715358813836026,0.804853145759747,0.0,5.160396712125162
54,0.413153855699981,0.8839352234326938,0.0,56.748645390713286
5566,0.4545927250158079,0.7883533707366016,0.0,75.9814987136459
19232,0.5347047707620176,0.6260405147519048,0.0,30.709791945586666
19929,0.45072415394669413,0.7968997586498849,0.0,25.150555708369914
19554,0.5326830289574698,0.6298287241034342,0.0,7.435758063324105
18056,0.44654455554430195,0.806216095191036,0.0,21.57434289184034
7178,0.42761228727955375,0.8495383647914507,0.0,44.50094313442964
2815,0.5039615110206632,0.6852553808493715,0.8,34.2182257697266
1195,0.4344237980168851,0.8337347282145343,0.0,23.490478511800973
15974,0.52800807549094,0.6386437009024185,0.0,7.377292611088761
5985,0.4996333628295563,0.6938807238779596,0.0,18.27334822805929
13413,0.5309343296313009,0.6331169383990682,0.0,10.39103138920229
5188,0.47367345878843387,0.7472371002011334,0.8,50.137744067209546
13328,0.45778955008660394,0.7813456980968395,0.0,7.2722188868349305
14153,0.5438920788665577,0.6090044362434646,0.0,23.175970084424176
8457,0.4497389826484922,0.7990879030641214,0.0,51.56713498337764
9082,0.46121567712977424,0.7738894991229411,0.0,30.62667751822123
321,0.4614901183190651,0.7732946373615057,0.8,63.19363280937556
10452,0.4689874889110115,0.7571791869875953,0.0,11.447034249883398
20061,0.5305149520505162,0.6339071364986747,0.2,4.901719022009897
3515,0.43469006750326017,0.8331219903322625,0.0,31.96147756095072
11629,0.5147595550683377,0.6640553707048247,0.0,10.0936418247011
9442,0.48754621735330395,0.7183701882106387,0.0,27.84044015177023
4583,0.44919695946824906,0.8002938249113515,0.2,59.4578282564071
11205,0.45019364456410377,0.7980774675258451,0.8,7.224197272577037
10661,0.4649031382904525,0.7659261998449439,0.0,3.4857683917759927
2214,0.46506759898200567,0.7655725098057283,0.0,47.92866370550898
16179,0.44485123255875936,0.8100153615662807,0.8,7.942200481109031
6142,0.4398674311334704,0.8212818903461249,0.0,48.54227303538627
15067,0.47543263248952455,0.7435300842377993,0.0,5.532978906293578
12442,0.4339690568715028,0.8347820449546216,0.2,5.6381178886335634
2161,0.4884524948512369,0.7165130592061143,0.0,53.12944443344554
5692,0.43109919432284616,0.8414170661177206,0.0,72.5722219526534
13915,0.5102192876036863,0.6729146699833223,0.0,10.90289952969026
10332,0.4494634599344946,0.7997007188430214,0.0,27.395747131715517
6104,0.4464540133354107,0.8064188776194896,0.0,42.322880344311685
5279,0.45928799903800543,0.778077816800798,0.8,38.454940200941394
6674,0.42761228727955375,0.8495383647914507,0.0,44.50094313442964
6720,0.481212824131718,0.7314456449214356,0.0,49.00685820973618
13789,0.48091271796868224,0.7320694848667165,0.0,11.770396319330029
7304,0.4269957499723089,0.8509812190294891,0.0,27.276080197522134
16728,0.41350131411447244,0.8830945864956963,0.0,16.00167464842449
3053,0.48676202290847825,0.7199799346579318,0.0,35.0414221014789
21173,0.5202576261852144,0.6534311551224826,0.0,6.142449060237967
15269,0.48799880808425705,0.7174423155822656,0.0,9.333924347831635
21124,0.5879281394049043,0.5311505504484137,0.0,12.623855237868735
1844,0.42468056532089005,0.8564180036685586,0.0,68.94164929531897
9163,0.5038831469534064,0.6854108890753561,0.2,46.65249122364549
21110,0.498863004589869,0.6954237608236579,0.0,21.24032708588952
4351,0.4776400956589818,0.7388977680427462,0.0,51.95190590447845
12724,0.45048938849455333,0.7974207571622136,0.0,11.222500770401236
6655,0.4729907073946955,0.7486795367832008,0.0,49.798416076191096
20812,0.5558998525510089,0.5871671222664813,0.0,18.34633065027733
18299,0.42900616484758786,0.8462839898832739,0.0,71.15555941897793
14191,0.5314541109922662,0.6321384236062415,0.0,16.14513181323322
1925,0.4936508850897254,0.7059267219763711,0.0,26.916986662970114
5607,0.4965519444311033,0.7000671797586456,0.0,28.55223714909023
18793,0.4528093860976577,0.7922840232937453,0.0,7.652473166428086
6595,0.5088224020501309,0.6756562387389029,0.0,37.18980563407118
17501,0.5349126262675364,0.625651860811323,0.0,4.513608991751553
20305,0.5863901072646317,0.5337699988374168,0.0,17.275464363074523
10659,0.41278672872046024,0.8848242147490774,0.0,4.811275758031304
15063,0.48606500858923174,0.7214129014977693,0.0,10.120340602456388
10677,0.47511477730469465,0.7441988677059401,0.0,24.673913969791254
15851,0.37216516099386104,0.9884175420731727,0.0,37.19217364426742
16245,0.5366972758638864,0.622321075526999,0.2,10.894352477543462
19443,0.5343732960922103,0.6266606278955685,0.0,14.256843189858333
10697,0.46013096083881394,0.77624413254195,0.0,75.88756759985966
12401,0.43848113131089733,0.8244384981734909,0.0,11.366945714942425
12113,0.4905783307187927,0.712170317071682,0.8,6.9614649172935446
1557,0.4388970035728079,0.823490509440878,0.0,54.43848896729738
332,0.4571605954735236,0.7827205374041009,0.0,52.23485554139737
9238,0.4571360004047023,0.782774338476834,0.2,6.453974704415973
14666,0.4842699118623258,0.7251128585681151,0.0,15.32526008604152
2253,0.5228064113910986,0.6485440337435742,0.8,38.290040345980415
5901,0.45430032317938995,0.78899679483823,0.0,79.32179264867011
6080,0.5050092362915548,0.6831785601877843,0.0,14.75665716066808
18403,0.5450979068285537,0.6067898548962444,0.8,6.327908108262586
15026,0.543624267304106,0.6094969558617829,0.0,8.289158541594087
8987,0.582465564131636,0.5404852126603641,0.0,12.370085365240511
14787,0.45614489347736004,0.7849447710853671,0.0,24.77285655624845
16010,0.49884372087764534,0.6954624168970988,0.0,3.5179617684397404
6648,0.4705727974748007,0.7538046082805365,0.0,50.54259841010269
10132,0.24130356211350057,1.4216995442823215,0.0,54.23925799061662
6006,0.4565524515344119,0.7840516862388551,0.0,46.535039605735335
6958,0.5212476818065628,0.6515299532525161,0.8,55.13572726477323
16523,0.4407010828729518,0.8193884499714514,0.0,5.9299143984236675
5295,0.4885553387556448,0.7163025308945693,0.0,47.03958862473456
1240,0.47253122322243285,0.7496514533375479,0.0,34.56754997073817
6273,0.48301509123869146,0.7277073810170696,0.0,19.2005580267027
1631,0.5391620329535338,0.6177391355250419,0.2,14.393321975557864
13233,0.41427227507852843,0.8812318520546768,0.0,15.967921898789946
6261,0.4512392619755675,0.7957575657942075,0.0,37.45631141466163
18961,0.4912631009724338,0.7107754475080924,0.8,21.919603846750114
11039,0.5385058689132419,0.6189568838132508,0.0,10.584782156483826
13688,0.4328951918736691,0.8372596313788141,0.0,14.585480443879238
1082,0.5012868106321039,0.6905768653877391,0.0,54.9668141766282
1314,0.41542135660041324,0.8784619567278048,0.0,59.08359042517017
2388,0.42748139099050014,0.8498445213995567,0.0,60.04151511268873
4934,0.5053012639696534,0.6826004652631926,0.0,19.013834345479474
736,0.4351329983860682,0.8321035512071978,0.0,57.16551460277911
5454,0.4768312691148676,0.7405925841840603,0.0,41.861996951058615
14780,0.3661535416628324,1.0047025208116587,0.0,37.145359646782374
20288,0.5239630918239908,0.6463340325921869,0.0,32.121347227432004
12165,0.475393054871521,0.7436133331835367,0.0,6.976357059570682
9463,0.48064077933654914,0.7326351083918669,0.8,48.76419382068387
1078,0.5063582298190702,0.680510896113707,0.0,47.76403865806112
8377,0.4006735883937919,0.9146081771790431,0.0,80.21205543111395
6602,0.4229630023860088,0.8604705685696183,0.0,69.26788076985429
4682,0.3792421414827043,0.9695803821739721,0.0,53.331769957102914
16919,0.4926616621989084,0.7079326241120102,0.0,5.14716554568372
3547,0.4478867117026178,0.8032149542093933,0.0,44.60252542676061
15115,0.4431137537474596,0.8139287614311571,0.0,11.370991755364196
5554,0.5281246175981521,0.6384230049454658,0.0,55.17251491839972
16737,0.5366407742544654,0.6224263575664588,0.0,10.014839594627015
7152,0.4833728397265402,0.7269669982106874,0.2,64.64735895357089
3683,0.3938869857381645,0.931691249058165,0.8,87.0246199809595
19430,0.4410056653987885,0.8186975569085384,0.2,21.543207618676114
3215,0.5138756441045915,0.665773980338285,0.0,47.998311786804365
12310,0.45026256083759175,0.7979243978413694,0.0,3.879827635895171
3802,0.46122644083389425,0.7738661617147485,0.0,55.57519734080122
10865,0.47280368885050555,0.749075010783406,0.0,15.633944410043238
920,0.45776089244864226,0.7814083000827917,0.0,48.52545424280692
12414,0.3969244085289918,0.9240094231525894,0.0,6.605281549983953
16593,0.4109797516677193,0.889211331714794,0.0,14.227380883427701
3879,0.42629263055388045,0.8526292423557486,0.2,54.7025600309849
607,0.47354102666397696,0.7475167245678502,0.2,30.132403045438053
15159,0.549732801666092,0.5983229339545958,0.2,5.796851702253105
2786,0.4805263226792995,0.7328732702214812,0.0,56.17839963420695
8947,0.47976366256350805,0.7344616659933021,0.0,40.15632119697803
2624,0.46793380496131914,0.7594284354587523,0.8,60.104960975032114
14003,0.37216516099386104,0.9884175420731727,0.8,37.19217364426742
3569,0.5280993024440447,0.6384709401486588,0.0,10.769089413247908
6447,0.4344237980168851,0.8337347282145343,0.0,23.490478511800973
8531,0.5010069869912962,0.6911352319041065,0.0,48.37946886975914
1000,0.4170373083800896,0.8745795926480213,0.0,55.41423762315138
1357,0.45879269276667517,0.7791568206918648,0.0,33.52322339916644
309,0.42220988952883975,0.8622527200411134,0.0,16.757886087356056
8521,0.4412638758416115,0.818112224562525,0.0,62.75738799718718
811,0.5027171246269045,0.6877276435626339,0.0,52.772093798670866
19359,0.5175879617859677,0.6585757938209976,0.0,10.76409304691607
20640,0.42579046390044817,0.8538079224981863,0.0,28.615800299368985
3948,0.4792376217006856,0.7355587258705166,0.0,56.343797279308035
2968,0.4657049893201153,0.7642029154585066,0.0,48.561272863513466
19501,0.5295240040876722,0.6357767814692992,0.0,5.209428229284004
20535,0.4624166923424593,0.7712888629190058,0.0,22.228546265063823
2064,0.4610123747444299,0.7743303930823571,0.0,82.15645352450366
2814,0.4684647894663181,0.758294336016334,0.0,47.450268654754765
5355,0.4560874422128279,0.785070728612546,0.0,36.82374456204034
10224,0.4738304859782696,0.7469056457683775,0.0,3.416757424286736
9404,0.4795997157289291,0.734803448554289,0.8,58.009060824926834
8396,0.43460379102308827,0.8333204881810831,0.0,16.708078331123033
5869,0.45556580504166083,0.7862151050071147,0.2,51.1432949800509
8856,0.5192269865599635,0.6554141377474091,0.0,18.614089726637218
16740,0.505323667702888,0.6825561288678869,0.0,7.126022395581207
11040,0.5477022130560268,0.6020235465651914,0.0,9.956565749686371
16068,0.48286166973899264,0.7280250644052356,0.0,10.327036017654445
16858,0.5618566568391883,0.576508520626529,0.0,8.359950290721077
6680,0.45205050073872505,0.7939613780928713,0.0,48.082302147644306
436,0.46134537847336055,0.773608322405903,0.8,47.7355029505754
5138,0.5005585420937967,0.6920307198466207,0.0,26.791969424457427
9710,0.4571360004047023,0.782774338476834,0.0,6.453974704415973
269,0.451635555751898,0.7948797169628995,0.0,55.681323566806014
3015,0.4581603183344158,0.7805361160861956,0.0,33.1415627744177
19791,0.5753946845060094,0.5526990658183614,0.0,18.838472008867967
20492,0.47566081111619063,0.743050260446398,0.8,37.409977397842006
16940,0.398654524506259,0.9196600905275908,0.0,61.9391056937433
1086,0.42117376266142525,0.8647097925394942,0.0,39.86312011662825
9172,0.5338015279010229,0.627731179705913,0.0,16.01656186436187
11462,0.43955752919632657,0.8219866735031902,0.2,24.368207255710452
16113,0.5618962375394655,0.576438076847489,0.0,5.612316458116261
11498,0.5018980362343004,0.6893582949921823,0.8,4.9330473962097106
279,0.42137339775954563,0.8642359078450005,0.0,24.846782350543762
8226,0.5380854458754774,0.6197379101012412,0.0,17.011805514073448
14155,0.543811243597332,0.6091530710186004,0.0,22.937659307477617
14132,0.45530236742450086,0.7867935369525232,0.0,24.721052991075865
9153,0.4856262371029057,0.722316010418619,0.0,49.69533821030069
9065,0.3793209990386431,0.96937246920797,0.8,53.32033370418589
17643,0.4611007676534104,0.774138674940218,0.0,62.86006394887132
13938,0.5187140101915217,0.6564025877880444,0.0,10.657024434382784
7055,0.3784957608825607,0.9715504059492256,0.0,74.34789629773276
1781,0.46563719501650735,0.7643484995518031,0.0,50.0648267206431
13984,0.487349040376664,0.7187746972648477,0.2,10.293572853557972
18979,0.5894122624485725,0.5286294039262279,0.8,6.500819787257215
15665,0.509020170569754,0.6752676353783599,0.0,4.917973700319662
12652,0.539982272900571,0.6162189679245719,0.0,7.65343962863696
16781,0.3688883396188481,0.9972612833939811,0.0,5.272934415162165
16315,0.5313669091814222,0.6323025186126153,0.0,5.6167751672763355
14000,0.4794175408298718,0.7351833685192378,0.0,26.84154495290749
14594,0.510309731926104,0.6727374201042426,0.0,7.040533387979685
18360,0.6027977569633803,0.5061735332662812,0.2,2.773932223459188
12247,0.508548475104002,0.6761947384323767,0.0,6.756537573627442
17039,0.5327390529145011,0.6297235564744987,0.0,15.979235846091587
9546,0.4634550561819117,0.7690458648440677,0.0,57.67843986330507
17122,0.4602443178394924,0.7759978047583216,0.2,12.191701853940808
4366,0.4642643248576258,0.7673012233123222,0.0,48.249818940775356
2138,0.480500440196895,0.7329271344496393,0.0,23.31074773484239
13399,0.5118916153901948,0.6696423650428686,0.0,6.9465349869197786
18618,0.6146973396598304,0.48662526294606673,0.0,2.2889635875437913
2195,0.40282366585612034,0.9092563664969076,0.0,48.35789581245233
1372,0.46895339323766866,0.7572518902336246,0.8,22.96745410604217
16462,0.4846676880533603,0.7242918021586718,0.0,9.716374843698286
5698,0.4484287300518629,0.8020055174641034,0.8,69.61488292837345
3869,0.5540496834970104,0.5905009148534439,0.0,42.24354959812948
3243,0.5362181389781527,0.6232142249979765,0.2,19.319640974937272
3679,0.38094657613597344,0.9650961338027508,0.8,47.22697695144586
8016,0.44854917615276346,0.8017369576683908,0.0,41.13311485784749
8187,0.42137339775954563,0.8642359078450005,0.0,24.846782350543762
7968,0.4519827562920938,0.7941112496738806,0.0,61.48207568326905
9139,0.45246485801415703,0.7930451807051604,0.0,34.81468464304746
7607,0.46626053713584437,0.7630107085243202,0.0,53.41074959670241
20924,0.5574978793009825,0.5842965795995243,0.0,20.980514241665222
6436,0.44278517217384766,0.8146705652172667,0.0,57.16136095432269
19284,0.507103991990779,0.6790391840157796,0.0,23.168476900237977
19076,0.4318876023832576,0.8395899042590139,0.0,14.04130234030639
3566,0.5179752562740038,0.6578278056743757,0.0,56.98433868537066
14259,0.44276112284728786,0.814724880450024,0.2,24.360274391645035
14802,0.6236489702610799,0.4721676165605355,0.8,12.945655861201432
6669,0.49070503658194836,0.7119120718632498,0.0,58.697153583999786
238,0.4664892666818247,0.7625202671441582,0.0,71.7912843151361
14506,0.4407677677814372,0.8192371459099111,0.0,17.64022406306508
4729,0.5168086721929079,0.6600825460955045,0.0,41.69411211043108
17238,0.33544683682071824,1.0922917946772068,0.0,96.35652083412029
19079,0.4473365261503525,0.8044441126991898,0.0,6.051430484877918
9864,0.4566139786519103,0.7839169306991032,0.8,52.48558657691715
17978,0.4490069237927324,0.8007169708849855,0.2,52.126673582815414
20885,0.5064977274326057,0.6802354421097714,0.0,28.24337586778478
4117,0.4693027819734633,0.756507128278041,0.0,34.61020111872037
8825,0.47271796982041875,0.7492563266306647,0.0,50.17020580341072
3351,0.4544325030054377,0.7887058846319048,0.0,58.742813926343366
12659,0.3599202501141834,1.0218727995334154,0.0,7.883339743744884
18189,0.42588551512897765,0.8535847126595515,0.0,40.93834859558423
16563,0.5025866865977086,0.6879871432849499,0.0,8.68618116052499
14274,0.4219287149338512,0.8629189011727446,0.0,38.395575585984446
11240,0.38976519141925,0.9422107944613208,0.0,73.7609683063856
17395,0.24130356211350057,1.4216995442823215,0.0,54.23925799061662
13596,0.5534338648421527,0.5916130193524234,0.0,8.414364181579083
8153,0.4897182082663186,0.7139251384731452,0.0,49.97475969312016
6105,0.44357988098105045,0.8128773784996176,0.0,43.744996558080274
9780,0.512457816536358,0.6685368805545119,0.8,17.228862612431044
19057,0.4831780761432284,0.727370005611022,0.0,27.936463684734072
3756,0.3824290747301649,0.9612120684510403,0.0,76.95078945051252
10069,0.4660986660692154,0.763357937505809,0.0,9.128234356469477
18466,0.5373912002250427,0.6210289576556122,0.0,6.506209600070674
14101,0.470500800673014,0.753957618208918,0.2,9.171894396750286
19417,0.46636885370463943,0.7627784263973663,0.8,24.303647304306867
4972,0.45569244331547165,0.7859371634359862,0.8,36.9862069887303
11401,0.4896140126434905,0.7141379275982175,0.2,9.25951276697461
9282,0.509227861934875,0.6748596967202505,0.2,20.390885839377784
19313,0.3739224622666756,0.9837068232039753,0.8,6.372034787982971
1792,0.46773710610450053,0.7598488799919528,0.0,53.15902694857459
16942,0.4694690452573081,0.7561529138017212,0.0,25.39426131143224
16264,0.5735976065942616,0.5558271623095782,0.0,6.576324361190931
4340,0.4512230346372263,0.7957935281571868,0.0,36.662210635056084
5202,0.528031901809065,0.6385985770081697,0.0,53.23038409418876
14502,0.43542181008298786,0.8314400393761087,0.0,8.782917192148881
14519,0.4402328473216826,0.8204514935875835,0.8,11.210649236548708
13873,0.4496714736401249,0.7992380214178098,0.8,8.951466068543303
14634,0.37216516099386104,0.9884175420731727,0.0,37.19217364426742
5989,0.5015426280483767,0.6900666740990621,0.2,16.58920216091863
5261,0.4644067599593791,0.7669944729349306,0.0,15.388976472982474
20866,0.4371191867521176,0.8275493825097494,0.0,5.573835040017212
10678,0.47915288685639823,0.7357355532571646,0.0,48.81237337235288
6313,0.5282434337019302,0.6381980528482628,0.0,50.05451132713203
15621,0.5624512632175278,0.5754507918261375,0.0,3.677130620136209
15403,0.5222674324968287,0.649575499501153,0.2,19.506751457080785
9911,0.43823971097238174,0.8249892329866132,0.0,59.83646806145212
16855,0.5077794380646399,0.6777081027239069,0.0,9.841677279747179
243,0.4344237980168851,0.8337347282145343,0.0,23.490478511800973
15127,0.5129993010035914,0.6674807963783945,0.0,18.63005667576902
2191,0.48329568930676586,0.7271266194616561,0.0,60.751431275035706
3596,0.5201395438542751,0.6536581498411281,0.0,54.10982084592604
4339,0.45350735392295094,0.790743793631298,0.0,36.42956934772623
17670,0.4773508469675862,0.7395035302281865,0.2,8.430339609880356
9470,0.4559150134348257,0.7854488608839866,0.0,64.38324408546025
2232,0.5043111883010004,0.6845617643414731,0.0,16.203577014190586
18853,0.5192192861425494,0.6554289683989635,0.2,30.447952676968587
19948,0.5850827053477338,0.5360020650802264,0.2,8.232991535610571
20452,0.5236025240438924,0.6470224244005389,0.2,24.433508128566473
21233,0.5557838638042859,0.5873757944732204,0.2,20.866525994925492
9979,0.4404392547832887,0.8199827437205396,0.0,9.852092751821896
11785,0.5131769509643458,0.6671345596336083,0.0,6.024324942372543
16638,0.41427227507852843,0.8812318520546768,0.0,15.967921898789946
17736,0.5316734971543652,0.6317257052015421,0.0,30.98867328276113
8138,0.46038021392470285,0.775702578894772,0.0,28.55361595345245
7797,0.3795318514522015,0.9688167556230549,0.0,53.97762568736821
20148,0.47320637644036323,0.7482236718199977,0.2,22.211017157696986
21083,0.5386665443896648,0.6186585555686165,0.0,10.282105270250248
19633,0.5769164770102188,0.5500577768336617,0.0,8.285520010223571
98,0.4344237980168851,0.8337347282145343,0.8,23.490478511800973
10304,0.44908143031952646,0.8005510483972396,0.0,70.56857613776063
6217,0.527027388268833,0.6405027616415879,0.0,15.259978784775662
3052,0.45199385593776986,0.7940866923003236,0.0,57.102776951348595
15709,0.494928513727151,0.7033419435553705,0.0,1.2627449533062873
19721,0.5250065523341327,0.6443445358319525,0.8,2.7874343692203065
651,0.4569786158321396,0.7831186816725827,0.0,46.110028813342666
18095,0.5512968515142802,0.5954818644235214,0.0,9.68253525182144
18061,0.44551243995242296,0.8085301088866665,0.0,17.71489379126056
11845,0.41374290067245956,0.8825105109336391,0.8,14.872861414625705
14238,0.6376730219292933,0.4499296318258477,0.0,1.51007640190561
8771,0.5357512458860209,0.6240853191322823,0.0,16.82221972959674
5984,0.4995954957426709,0.6939565164985962,0.0,18.736825945462098
11159,0.4633367809966138,0.7693011005533075,0.0,7.7760953717909915
15654,0.5073787217792423,0.6784975684880823,0.0,3.9288402816255417
6534,0.4289090557861392,0.8465103737019259,0.0,66.66691892670418
19000,0.46586254472781713,0.763864656763467,0.0,32.16252102335629
1563,0.4607773848596466,0.7748402488003784,0.0,57.20645403192582
17590,0.4818530253268418,0.7301161381389353,0.8,19.26411307932011
20983,0.5749147558640867,0.5535334998461572,0.0,1.8543372376818936
17317,0.3459002027538079,1.06160497687611,0.0,81.74358321946048
10853,0.38160589142905404,0.9633669007717992,0.0,6.885664960015966
18703,0.4072150961330802,0.8984137414146416,0.0,95.09484493012278
3623,0.3796572627584776,0.9684863733636958,0.0,55.12624629299237
4115,0.4690790199222078,0.7569840387531688,0.2,38.435862835093175
18918,0.4738923886486676,0.746775011229224,0.0,19.483359444739126
1375,0.43409154463555866,0.8344998347848335,0.0,30.65952214731081
20081,0.5971880053105598,0.5155232983973056,0.0,15.285266092464909
7779,0.3803813531149969,0.9665809686632817,0.0,42.19126075703775
20180,0.4608881439558518,0.7745999032666125,0.0,34.99642238854262
8109,0.5002742414529249,0.6925988480158665,0.8,16.90114217336191
13182,0.45150819310411366,0.795161759879744,0.0,13.194119409281143
1573,0.48227856730644136,0.7292333914050156,0.8,17.742248357247938
18021,0.5834388090099673,0.5388157016321713,0.0,15.819628814932859
19311,0.5126167630462338,0.6682267635848483,0.0,3.8463131199166227
4821,0.4647506400926751,0.7662542750976696,0.0,44.83353927286037
8213,0.5348983324855059,0.6256785828820112,0.0,17.2280596841852
2768,0.47354102666397696,0.7475167245678502,0.0,30.132403045438053
12348,0.517944144018946,0.6578878726159899,0.0,8.837737241225156
1730,0.5349224489577905,0.6256334978122368,0.0,16.94403213580572
12039,0.5037169395453306,0.6857407965690341,0.0,5.034366251587685
408,0.461825089197017,0.7725690543971591,0.0,42.34065020912272
3284,0.48735702620954,0.7187583111292731,0.2,62.292985600774834
9283,0.5043111883010004,0.6845617643414731,0.0,16.203577014190586
1374,0.5043111883010004,0.6845617643414731,0.0,16.203577014190586
4189,0.4350114166977626,0.8323830029556415,0.0,45.273307847421904
13360,0.5253426930312753,0.6437044807072377,0.0,7.53262992409099
17800,0.51751094298231,0.6587246082066471,0.0,16.626209588574415
18269,0.4776705244646174,0.7388340635156428,0.0,18.867236046056647
8340,0.45442929419274597,0.7887129457994039,0.0,43.430477277311766
9620,0.48042987114998664,0.7330740109633717,0.0,21.277474286794032
13017,0.5271220408716976,0.6403231806438614,0.0,6.7893466367354005
13680,0.5406245186918055,0.615030291577443,0.2,8.584285576230686
4319,0.4796950150753945,0.7346047622825548,0.8,49.769472644643095
13080,0.5376055140147574,0.620630233101918,0.0,18.834885457136053
10876,0.49241405516779113,0.7084353408716799,0.2,25.22479868738059
17681,0.4705683343270048,0.7538140928257234,0.0,26.19692466350611
871,0.5081501189320908,0.676978365349209,0.2,20.674919897557043
973,0.5043111883010004,0.6845617643414731,0.0,16.203577014190586
19768,0.5267774144244796,0.6409771831822815,0.8,21.32659365062533
5448,0.4847031621566128,0.7242186122061153,0.0,51.111729108981535
9678,0.5186016113407976,0.6566192987848343,0.2,22.430113893895864
297,0.4628490987652904,0.7703541986128879,0.0,29.354346385503916
8713,0.43409154463555866,0.8344998347848335,0.2,30.65952214731081
5982,0.4251310095846945,0.8553578997130685,0.0,24.653554891721527
4401,0.4622164098474578,0.7717220779913615,0.0,36.05870997270583
14437,0.5174062574068393,0.6589269153589263,0.0,10.49868369992966
10808,0.4525939021976524,0.7927600187023317,0.0,10.830290599339632
14182,0.4635340594312576,0.7688754135448959,0.8,28.85858585050009
12433,0.5096632927080246,0.6740049816750298,0.8,6.835421519086189
12254,0.45819071485775154,0.7804697735553403,0.0,8.763894600471573
12508,0.555677661937233,0.5875668975657098,0.2,5.384169587482823
13919,0.45555858153773804,0.7862309612481051,0.0,20.05753780046483
2377,0.5031589819990103,0.686849091228771,0.0,19.307327063599494
1671,0.43067547169288606,0.8424004384093774,0.0,53.172317986121804
11227,0.4921860212301999,0.7088985420172712,0.0,4.486618869723077
14378,0.5931903244401997,0.522239979639987,0.0,5.196000449284543
15910,0.5438921020298414,0.609004393655451,0.0,5.770316571806214
4505,0.4171822419255343,0.8742321216570818,0.0,58.78336599266088
10595,0.5320063110840676,0.6310999267708801,0.0,9.540022281370069
13971,0.46320442032359305,0.7695868097559475,0.0,20.709966983004815
14305,0.6369095951145459,0.4511275563790832,0.0,16.240592029646997
20209,0.6066812153055297,0.49975180659410073,0.2,8.480287860864365
13797,0.602348915613655,0.5069184075304541,0.0,2.978145583812035
13935,0.532581381209406,0.630019564513387,0.0,10.302079467096128
4891,0.4988160915964188,0.6955178050782966,0.0,53.287095150287364
4677,0.37947045428366105,0.9689785395022615,0.0,55.61452371829547
1004,0.43511131284289317,0.8321533890352645,0.0,56.798630457437696
15914,0.5350598351570056,0.6253766969249515,0.0,5.883856625583744
4354,0.47545728315148184,0.7434782366757265,0.0,43.9243212130909
6262,0.4517787992052046,0.7945626012258714,0.2,53.176099965330394
14400,0.5450979068285537,0.6067898548962444,0.8,6.327908108262586
1175,0.5236131339876892,0.6470021612508892,0.0,20.22852341066896
8481,0.4727805907804108,0.749123865381768,0.0,36.60219251978211
18408,0.5450979068285537,0.6067898548962444,0.0,6.327908108262586
20989,0.5019610548852418,0.6892327422097616,0.0,10.79166184519434
4320,0.48101192476904353,0.7318632175640499,0.0,33.50835451265995
11161,0.41807956326743695,0.8720835218251982,0.0,14.214961572087462
18762,0.4812333228306775,0.7314030478389344,0.0,39.263546124472064
16654,0.4222197942370425,0.8622292611116286,0.2,5.871781013261561
5260,0.464289928258203,0.7672460765064189,0.2,16.128278972295078
9937,0.5026384433958163,0.6878841677492034,0.0,46.896503923522886
896,0.42852890481287487,0.8473970874133341,0.0,24.379611360225866
9950,0.4451590174248195,0.8093237181198476,0.2,36.75826847637251
2320,0.5269716800400253,0.6406084699491844,0.0,46.90855423453808
13794,0.5337327227735869,0.627860084474051,0.0,8.482389884950198
18732,0.5239365165714412,0.6463847535817595,0.0,18.363790750627302
11041,0.5438966307669691,0.6089960671541897,0.2,3.926106260337483
10464,0.4114220337849958,0.8881357451396208,0.0,32.41695469759616
19016,0.46487919153445667,0.7659777103011721,0.8,52.62266928208514
16749,0.4416263575802179,0.8172910992510163,0.0,5.079668322233369
14080,0.48296166559020726,0.7278179957873754,0.0,5.959374243707176
11391,0.19983328369628514,1.610271841574943,0.0,11.178104444148593
14475,0.46419247446114714,0.7674559971190837,0.0,11.362186637508554
17901,0.5343732960922103,0.6266606278955685,0.0,14.256843189858333
7466,0.3971348031666024,0.9234795013547304,0.2,79.04914991628547
8075,0.4393057994236251,0.8225595265769002,0.8,62.779801224342194
9072,0.5095471888476341,0.674232812653996,0.0,17.89413946511563
2172,0.5018741144863762,0.689405958693375,0.0,32.474467368666424
8265,0.4705208854684382,0.7539149309983616,0.0,52.85320589252527
12735,0.3834803518715875,0.9584668931989538,0.0,9.099972574368634
3325,0.4991675191042107,0.6948135299408102,0.0,40.96273292990204
9020,0.45003850745855745,0.7984221277487298,0.0,63.89373199138758
17712,0.44687526600326544,0.8054757702819796,0.0,21.43209913588531
166,0.464034060136813,0.7677973239826619,0.2,51.59598075741775
21248,0.4764924310247874,0.7413034405370471,0.0,8.702902929196092
14188,0.5437152914868508,0.6093295303648962,0.0,17.159329058016752
19285,0.5487435239272237,0.6001241161617588,0.8,20.846212377498503
16609,0.5378899760022583,0.6201012453064791,0.0,10.220508647079937
10068,0.37216516099386104,0.9884175420731727,0.0,37.19217364426742
17755,0.451175848423521,0.7958981076610716,0.0,57.32456241873281
4835,0.45947936836734743,0.7776612383743136,0.0,64.17182851257712
19827,0.4493470668503008,0.7999597124381694,0.0,22.11728517739002
6834,0.4850574928996357,0.7234878530091042,0.0,46.24172678744981
1533,0.46440669210805385,0.766994619038166,0.0,16.180517535253014
7309,0.47300798192894644,0.7486430155185355,0.2,50.290096852134795
1235,0.43493126729181186,0.8325672666034716,0.0,40.26711724671342
6168,0.47171823788351486,0.7513734252809655,0.0,56.882720804177026
7056,0.37804089091540105,0.9727529121883913,0.0,74.23077977572686
9213,0.46794846046884875,0.7593971163322506,0.8,29.973405108632363
10264,0.44574769880325904,0.8080021847799551,0.0,7.007399248026824
12506,0.3732064003980899,0.9856236601075363,0.0,9.874717232695176
5427,0.49230452362224797,0.708657803508933,0.8,51.93398431870457
14535,0.595344724874441,0.5186146716693645,0.0,5.295704224352435
1984,0.46647118611513877,0.7625590267006517,0.0,54.972880351207266
5364,0.46358121186430284,0.7687736949462581,0.0,31.873356688638523
456,0.4347405228210315,0.8330059251319131,0.0,35.13202425690535
16285,0.48692707240795197,0.719640915761965,0.2,9.363607347183699
19679,0.44806090949253885,0.802826097119994,0.0,25.37613060796644
7508,0.49128716502184944,0.7107264646717871,0.8,7.279615692396496
11895,0.45150819310411366,0.795161759879744,0.0,13.194119409281143
17805,0.4713177956488154,0.7522226871215076,0.0,18.05334449091618
8696,0.5324309084833975,0.630302139143682,0.0,18.459028004550095
5581,0.4186852094832076,0.8706359314359862,0.0,67.19481129624958
14942,0.5079433880673928,0.6773852784258627,0.0,4.646185602758824
1440,0.4553100596227186,0.786776642392358,0.0,59.22421978438409
5514,0.45181534844798416,0.7944817037501751,0.2,54.58486084948086
20312,0.46936346492621644,0.7563778321559357,0.0,31.847288276683383
14399,0.5126468242487887,0.668168122659849,0.0,7.032636504988125
4652,0.5092387218611951,0.6748383706865969,0.0,58.132600242067504
17854,0.6577050495027252,0.4189987011876164,0.0,7.530390958208919
3095,0.5399397232590722,0.6162977692485047,0.2,16.609224763697732
12685,0.45819071485775154,0.7804697735553403,0.0,8.763894600471573
12827,0.491282092923407,0.7107367888263472,0.8,6.926129756322528
17423,0.47649838779112297,0.7412909393330103,0.0,34.223550516220946
624,0.5084488800327045,0.6763905994562287,0.0,50.86795111016312
16108,0.46751539448100016,0.7603230014244319,0.0,6.877121787167158
1527,0.5305181638604958,0.633901082380417,0.0,14.974645965497121
2851,0.45573406978043435,0.7858458198895927,0.8,55.087793772918786
11569,0.3584781962155807,1.025887440274383,0.0,12.423086126442136
3088,0.4170373083800896,0.8745795926480213,0.0,55.41423762315138
14534,0.6016902856503126,0.5080124417252619,0.0,4.673714609215935
13197,0.5437361903617226,0.6092910939376658,0.0,3.5049469074740216
15932,0.4583204046693817,0.7801867659415044,0.8,12.885564465576365
13201,0.49178193361833955,0.709719885095744,0.2,4.945328451742727
3983,0.3679014140560486,0.9999402732907313,0.0,46.597215209560304
20447,0.5202440538458156,0.6534572431906905,0.0,24.148512372257137
1277,0.45445323137586224,0.7886602719225311,0.0,45.06798859153288
5644,0.47200630476006417,0.750762935943284,0.0,52.66226362148034
3553,0.4609796610294881,0.7744013562006622,0.8,53.24009028468879
9405,0.4863389818332078,0.7208494047332064,0.8,59.50612056058398
7103,0.4344237980168851,0.8337347282145343,0.2,23.490478511800973
8480,0.47295409230019186,0.7487569516482833,0.0,36.58426511454009
11778,0.47803602757390995,0.7380691778374339,0.0,7.484132401423052
2190,0.46688881250191927,0.7616641385218788,0.0,57.162895920481496
15206,0.37831572430029176,0.9720261825176046,0.0,7.5881228165340415
13521,0.549152834515127,0.5993784891201547,0.0,14.038943027248422
18944,0.5431033925191014,0.610455567378079,0.0,23.410971823995446
636,0.4241351964561344,0.8577030150087324,0.0,49.14637883374755
12134,0.4949459535607497,0.703306707100291,0.8,6.498553812632559
8272,0.4559452609211653,0.7853825185128991,0.0,48.63481785170505
5600,0.44519862876020533,0.8092347396389378,0.2,48.756393063245994
11118,0.5505758590608449,0.5967905320208108,0.0,2.723095629313142
6497,0.5240351618045019,0.6461964942320318,0.2,15.334243128581834
3142,0.4602680930706319,0.7759461482442692,0.8,34.64599078310718
20764,0.49025048916792735,0.7128388161133646,0.0,13.255237806022498
9555,0.5066826998076005,0.6798703099534905,0.0,19.717939027516028
11431,0.45142519435407774,0.7953456023456945,0.0,13.327407317433122
12383,0.3276630495177774,1.115769486675576,0.0,11.876250741783528
10700,0.43579892541133575,0.8305743222586508,0.0,87.95990045812195
20098,0.5441887641740418,0.6084590993473425,0.0,5.819911465141594
4447,0.45555132615340754,0.78624688772255,0.0,50.57926372685269
13230,0.48562620063519485,0.7223160855128158,0.0,7.028135870243932
1446,0.4788211437496302,0.7364281463952462,0.0,36.909777910739614
15444,0.5233233658180834,0.6475557156967583,0.2,6.8294461802096
5258,0.49322096506925395,0.7067980003446802,0.0,17.62754250606718
15122,0.4793106899179459,0.7354062698773942,0.0,13.354978450097459
16283,0.5020487801821238,0.689057992333732,0.0,8.956375884238659
17941,0.3916475568969381,0.9373929331637368,0.0,9.945738922530815
2367,0.44492040084570966,0.8098598873198721,0.0,53.31307786516493
13967,0.4345405888825409,0.8334659234899224,0.0,14.500222640855084
20736,0.4285482591965749,0.847351923723258,0.0,22.884009934905194
12313,0.49868367299842375,0.6957833060908742,0.0,10.820822671726377
19265,0.49938924814677577,0.6943694309101268,0.0,33.889395599880444
852,0.46382140990573106,0.7682556932905356,0.0,74.04064244087536
12388,0.5451236445685501,0.6067426392821921,0.0,5.002047338761427
2755,0.5095888948286464,0.6741509668991381,0.0,20.369471567724734
15949,0.3810849250067268,0.9647330284138897,0.0,13.551629624996956
7973,0.4176124092772242,0.8732015271530456,0.0,67.46791213152068
12119,0.4418566599695139,0.8167697482121447,0.0,9.14782141365572
16722,0.39516462815662273,0.9284528207663856,0.0,27.088540493916433
14659,0.47893661449525465,0.7361870191473803,0.0,19.737173941216305
5384,0.3826128968068813,0.9607315142145593,0.0,96.87536135624912
13513,0.47323833053914266,0.7481561473284856,0.0,8.592947681292372
4860,0.472279414116262,0.750184489487188,0.0,26.222700203653474
5412,0.4544360606940435,0.7886980558021974,0.0,64.25522555168257
795,0.470749102192601,0.7534300186318219,0.0,48.995553191913004
3379,0.38094657613597344,0.9650961338027508,0.0,47.22697695144586
13170,0.5685390140331266,0.564685341878628,0.0,3.4575684301787764
3549,0.4449766232745366,0.8097335301630825,0.0,46.39773374945525
6620,0.46841396746633795,0.7584028281764004,0.0,63.180642798243866
14016,0.5127054979860326,0.6680536766571716,0.0,14.537850324126762
7596,0.4604859347991168,0.7754729670776258,0.2,59.05226762623904
9942,0.46882118337623446,0.7575338553574553,0.0,51.440335523324066
549,0.47354102666397696,0.7475167245678502,0.0,30.132403045438053
2499,0.4606726574272934,0.7750675588616904,0.0,56.78920334924192
15230,0.47889954623013564,0.7362644191593185,0.2,7.3878983021504485
5620,0.4681446451478149,0.7589779599883756,0.0,44.17251785037769
17215,0.45819071485775154,0.7804697735553403,0.0,8.763894600471573
4227,0.4291793809234238,0.8458803100985427,0.0,77.65181182169076
8390,0.46010188236713695,0.7763073306160057,0.0,27.36483340421421
10909,0.4574616308534439,0.7820622647706014,0.0,7.26144838197815
13687,0.4328951918736691,0.8372596313788141,0.0,14.585480443879238
2894,0.5036079280757969,0.6859572341324524,0.0,52.21163341062888
12339,0.5552061705229299,0.5884157557970344,0.0,9.2387161880469
5583,0.49230452362224797,0.708657803508933,0.0,51.93398431870457
7129,0.4348962805473499,0.8326477118470552,0.2,38.459999843046816
16670,0.4718366617281499,0.7511224089483587,0.0,8.416702068944348
9011,0.4469236583503033,0.8053674856426349,0.0,64.44953426744512
4922,0.40840077522179363,0.8955062945009853,0.0,70.87932457618714
1880,0.5192001534964173,0.6554658179520514,0.0,54.636352955344805
7566,0.4283130824763716,0.8479008497038593,0.8,27.499546636849644
6537,0.42936174933492954,0.8454554768370454,0.0,67.38702387905852
4276,0.46105978845404005,0.7742275514360211,0.2,50.10800807404128
13835,0.467923520308743,0.7594504145624016,0.0,21.12107610516281
13407,0.4178729147631345,0.8725779243515204,0.0,10.883228444407091
20691,0.576269453872591,0.5511799258092874,0.2,19.063935473670274
16244,0.4991142209033866,0.694920309818151,0.2,9.411652847545554
14523,0.578179619548229,0.5478706981217273,0.2,4.6034831020760345
13857,0.40853144973593486,0.8951863793078676,0.0,12.823992487019451
10331,0.4499754057583204,0.7985623515817479,0.0,25.599911732875267
7307,0.5072591863955723,0.6787331902468593,0.0,20.70543505379667
18512,0.4313730657933744,0.8407819813911777,0.0,7.770086397177975
5002,0.44214512034029047,0.8161171242300665,0.0,64.10599948562377
19299,0.44281336726262555,0.8146068905666618,0.2,8.835226105132591
5897,0.4624829389640013,0.7711456114365467,0.0,74.09938486229231
5913,0.45633743132769033,0.7845227621369113,0.0,53.55936633749612
17906,0.4593590058152346,0.77792322689413,0.0,22.68035221425585
8116,0.4560210904686832,0.7852162195094827,0.0,41.30629587249071
14055,0.5105946276310902,0.6721792959083477,0.2,5.073609230642269
15619,0.5252893519016125,0.6438060217366893,0.0,4.043745710941449
14716,0.5051612002592897,0.6828776922087133,0.0,13.550683579122582
2727,0.42454180548248105,0.8567447963777818,0.0,28.70523204951772
1689,0.45322545392755326,0.7913655865167865,0.0,35.626089652109385
7620,0.45838989676990244,0.7800351540297701,0.0,45.98540876958034
10902,0.47847714457572077,0.7371468339619353,0.0,7.339402491709897
2831,0.4947764874609491,0.7036491588714802,0.0,57.7766328644106
13948,0.4776797616803839,0.738814725654126,0.0,13.149423326030075
15814,0.5479514310214064,0.6015686254849307,0.2,12.410360812598185
6646,0.47543191929978845,0.7435315843247144,0.0,52.22937251036424
14645,0.4674797504108453,0.760399245820709,0.0,8.38378156717035
20516,0.544082128921214,0.6086550712397191,0.0,18.576153052856405
6678,0.42761228727955375,0.8495383647914507,0.0,44.50094313442964
741,0.46734829686326307,0.7606804816026946,0.0,31.09662180217832
7661,0.42456695991458887,0.8566855473554179,0.0,23.05341121661047
6028,0.48754211056732866,0.7183786116238982,0.0,47.43094892862665
16507,0.394207497322468,0.930877865361506,0.0,12.230525239376034
1289,0.43295024590378356,0.837132463115781,0.0,71.84270772912379
17400,0.6133400245190792,0.4888358075647471,0.0,1.7780180149582279
15522,0.44731385729099926,0.8044947891640473,0.0,7.380032613885843
15128,0.5317097399784971,0.631657540079354,0.0,18.031517220690017
20436,0.6026239557654123,0.506461899067788,0.0,10.48882619051373
8720,0.3803922675824482,0.966552275587825,0.0,79.9097123339069
12871,0.38430150458223383,0.956327866294793,0.0,6.775104839903437
131,0.4788211437496302,0.7364281463952462,0.2,36.909777910739614
13740,0.44008917975422873,0.820777891347291,0.8,14.178118215652743
16667,0.46095827550402046,0.7744477487497136,0.0,5.97099235704586
3894,0.40928982434853495,0.8933317569007261,0.0,51.373275737345296
313,0.42137339775954563,0.8642359078450005,0.0,24.846782350543762
3874,0.413262775541894,0.8836716279569348,0.0,51.743395815633235
16409,0.458008414903448,0.7808677218851031,0.0,8.85230668786978
13975,0.45800936284851496,0.7808656521762176,0.0,22.46043009787305
11069,0.54366149453463,0.609428478499446,0.0,3.5057372121407684
6644,0.4848549098669622,0.7239055877138911,0.2,49.587532758401544
105,0.4225891287165137,0.8613548988908557,0.8,68.76626756435752
19445,0.549697034457579,0.5983879989680243,0.0,9.729789000180219
893,0.4284407213014861,0.8476028905340348,0.0,24.387653391886886
20978,0.4252583671501142,0.8550583720617215,0.8,30.35457220819111
20624,0.5064686705318092,0.6802928120301612,0.0,28.673661848444155
21022,0.5293508903470576,0.6361037582312694,0.0,3.734883226161072
848,0.4898698563861645,0.7136155223670912,0.0,68.75685721340554
2044,0.47354102666397696,0.7475167245678502,0.0,30.132403045438053
12281,0.35875858553094675,1.0251055804010871,0.8,9.983503087197022
2209,0.4229630023860088,0.8604705685696183,0.2,69.26788076985429
18797,0.5325638061838223,0.6300525647574727,0.2,10.567873021824955
82,0.464034060136813,0.7677973239826619,0.0,51.59598075741775
16081,0.4607468203924706,0.7749065833947667,0.8,7.522793253486029
9274,0.36071742259824396,1.0196603900538395,0.0,42.779853531762754
4565,0.4170850977130484,0.8744650067487288,0.0,82.24999477405844
14603,0.47562759176642067,0.7431201012006484,0.8,3.8932062711379283
7425,0.434919661878174,0.832593950287421,0.0,39.37753253041239
2850,0.489197121874073,0.714989758518248,0.0,42.60981280421575
12956,0.49746592556240077,0.6982282160609857,0.8,7.820156219647736
15167,0.46106822304572387,0.7742092576816207,0.0,21.543148446324686
19986,0.5403236393447557,0.6155869868316665,0.0,4.072415988481692
48,0.42256049881720587,0.8614226499692118,0.8,68.65968732097475
10619,0.5638119035763378,0.5730345874062774,0.8,3.66925501914716
9292,0.4347405228210315,0.8330059251319131,0.0,35.13202425690535
834,0.5052177048157467,0.6827658439580578,0.0,61.47282526112694
16078,0.46359616717617086,0.7687414350740753,0.0,7.16966694729811
16208,0.5982823635331791,0.5136924566519484,0.0,5.056017867426117
1366,0.5077592045712674,0.6777479505298409,0.0,50.295674788322714
2359,0.48833160916525165,0.7167605769249332,0.0,57.89275486055842
7725,0.5257136666334307,0.6429985744746196,0.0,16.858136890482825
6036,0.5009018519448145,0.691345101390794,0.0,57.36781355966314
17401,0.39077486186875154,0.9396236856809242,0.0,17.02269151234961
4798,0.53726232688783,0.6212687993061146,0.0,29.452179248987036
9394,0.5077915206874535,0.6776843079851739,0.0,20.215322855494527
11324,0.4671030003166033,0.761205488209319,0.0,13.517107313488687
6366,0.4505828686112598,0.7972132707674109,0.2,52.17761070051614
1416,0.4644652450284982,0.7668685458558878,0.0,15.43782963178971
820,0.521766800980566,0.6505345323347149,0.0,50.73291613013667
17855,0.6536673112367662,0.4251567553706035,0.0,7.6781183133300015
19333,0.43468841686704707,0.8331257876109915,0.8,25.018766384958823
7945,0.4685229715361206,0.7581701464115198,0.8,24.807328116085596
4512,0.4831714179541363,0.7273837856960387,0.0,19.130193008856033
15084,0.4697440318732234,0.7555673456692737,0.0,14.26700017401921
16747,0.48813881450012947,0.7171554576360227,0.0,22.54342236309711
12945,0.48650995536516084,0.7204979143277058,0.0,13.344233240283652
13805,0.5987984358535533,0.5128302385750899,0.0,2.9245425652714827
12110,0.4384952932367307,0.8244062010091927,0.0,11.366500417792743
5625,0.4541006656150543,0.7894363750897126,0.0,24.17649049285284
2508,0.42794515491331997,0.8487602343372087,0.0,48.996386295529554
15186,0.44131407541844114,0.8179984678641798,0.0,13.568140499091488
8802,0.503428008986888,0.6863145582044174,0.0,16.77009586319342
880,0.502089428877953,0.68897702998117,0.2,18.702281794227513
7397,0.4637507780554949,0.7684079873142017,0.0,54.583861261614565
2838,0.4778427177206439,0.738473643062449,0.0,57.047088926574176
12744,0.5437153383260847,0.6093294442182814,0.0,7.43503752852816
6947,0.4639880803159219,0.7678964160601554,0.0,54.34018941381012
295,0.48700502233434223,0.7194808431511998,0.2,36.56401622937585
3198,0.4680266330740287,0.7592300764058658,0.0,32.271075208576534
17909,0.4562204819170143,0.7847790733465757,0.8,24.763703898946762
18627,0.40857340018592453,0.8950836986053102,0.0,32.670554999093824
13209,0.38272238905664796,0.9604453853700227,0.0,6.377453176605749
1522,0.5006211170665533,0.6919057173612714,0.0,16.454555722408287
11439,0.4593581859769325,0.7779250116398807,0.0,8.698757975737731
15996,0.5158517769176159,0.6619358088015456,0.0,8.964596805054244
8603,0.4905326545715957,0.7122634281425289,0.0,36.41803255877626
12301,0.5228831901120446,0.6483971857286879,0.0,6.312146998819012
9625,0.5316409689569026,0.6317868878497792,0.0,9.550406728778682
19475,0.435897742079078,0.8303475996569687,0.0,23.644148216984654
11010,0.502318167242146,0.688521560769207,0.2,7.112772234357168
6636,0.4981692528723493,0.69681539449306,0.0,33.15099292463529
11927,0.5343732960922103,0.6266606278955685,0.0,14.256843189858333
4614,0.4544325030054377,0.7887058846319048,0.0,58.742813926343366
11058,0.5500135085099336,0.5978124401300832,0.2,3.467312124248564
12489,0.33564756434829257,1.0916935851459975,0.8,6.825705016118552
10062,0.5009808060178566,0.6911874899727741,0.8,40.047404856491994
17207,0.4984159484003487,0.6963203128227257,0.8,5.382034078041437
3671,0.41512555124954054,0.8791742713739358,0.0,77.72340038760201
12807,0.5265588783512081,0.6413921239336937,0.0,5.209514963923942
7753,0.3794081892017694,0.9691426371022294,0.0,55.241130314827075
16071,0.3810849250067268,0.9647330284138897,0.0,13.551629624996956
8733,0.5048845281717894,0.6834255329383598,0.0,43.73923410805503
4170,0.467408019258466,0.7605526998605354,0.8,48.43188591064559
19617,0.46391323901344633,0.7680577291245488,0.0,68.03071101328075
4248,0.46908459854678936,0.7569721461057205,0.0,51.555476167218394
7499,0.4858415601197843,0.7218727162177814,0.0,53.06125202290539
16675,0.4610390465448699,0.7742725399088104,0.0,7.0845934448040815
8285,0.5037211570297869,0.6857324238770133,0.0,43.85601580880635
3859,0.4623222744095843,0.7714930674277327,0.0,27.62832146496956
164,0.46600202036201116,0.7635653093250931,0.0,40.18262440323302
17422,0.47674585026335403,0.7407717387589892,0.0,36.59412361211207
13607,0.5556249385105452,0.5876617833811595,0.0,8.35816645921125
4828,0.4668288407743652,0.7617925964715087,0.0,42.40137870937198
20997,0.4862100045802301,0.7211146402237278,0.0,10.436331520604538
17024,0.42249588540287497,0.86157557092375,0.0,22.75421398328021
5217,0.4675262669851106,0.7602997457673655,0.0,43.65641000981171
6726,0.45322545392755326,0.7913655865167865,0.0,35.626089652109385
4592,0.4671170785093235,0.7611753492880085,0.0,48.89790281221569
6341,0.45961006701081514,0.7773768293944738,0.2,42.534173338936924
6033,0.49083017795533873,0.7116570807590795,0.0,47.33053308140398
7019,0.448398150200877,0.8020737131252084,0.0,64.47469714298417
6330,0.4573739007216215,0.7822540590966051,0.0,42.801030962833245
17506,0.4344875265508058,0.8335880422818434,0.0,10.924167732631204
11257,0.4717957159167723,0.7512091923448876,0.0,14.64482455161234
2210,0.4229630023860088,0.8604705685696183,0.8,69.26788076985429
8072,0.45769782286341576,0.7815460880229169,0.2,57.767976830379
18480,0.5749575924441546,0.5534589931756546,0.0,3.8722759861534883
16830,0.543764519607334,0.6092389942096232,0.2,3.6380705324905094
7757,0.5303073951731733,0.6342984496729016,0.0,14.984032973484046
20417,0.4532618755149638,0.7912852288851966,0.0,3.1571172347520067
15144,0.4370261609059247,0.8277622209050878,0.0,7.378258219746467
7424,0.4344303291335226,0.8337196943522701,0.0,23.34415144186356
18112,0.5567138513067086,0.5857039030051887,0.0,9.551951713394864
17205,0.5140881673518805,0.6653604964238743,0.0,10.382285247113709
11499,0.43802814333575174,0.825472116478689,0.0,5.281659319978424
9761,0.464353905607248,0.7671082898829297,0.0,16.182915535253656
14778,0.3676607832618006,1.000594550532573,0.0,36.766847599051765
15600,0.49178193361833955,0.709719885095744,0.0,4.945328451742727
19930,0.49025048916792735,0.7128388161133646,0.0,13.255237806022498
1666,0.4445860788734646,0.8106115895179117,0.0,51.10906010065677
10359,0.5068234452893565,0.6795925701818243,0.0,17.732609861847834
2514,0.4536434488112821,0.7904437445348479,0.8,58.53235867974477
19993,0.48426811115651935,0.7251165769679377,0.0,12.948262267779747
16600,0.4644111494569776,0.7669850211413034,0.2,21.752845147526443
20362,0.5011301911304473,0.6908893491198698,0.0,4.324621569822847
12098,0.5110809327766861,0.6712273201517225,0.0,6.625684911784795
5180,0.4450959797911662,0.809465335148577,0.0,55.61026914228029
12662,0.4791433301175732,0.7357554985280653,0.2,7.807248815306114
10642,0.48078113409814405,0.7323431350955841,0.0,4.261871026943623
20969,0.44870462175691306,0.8013904657258281,0.0,26.519212058523323
15933,0.46406875424926153,0.7677225604717083,0.8,12.64323945863762
3829,0.4017623759538928,0.9118944697266174,0.0,97.18287532295668
11148,0.5258848736971781,0.6426729614983859,0.0,6.896523821967088
20169,0.542361057787027,0.6118233410487789,0.2,29.79610291948792
16887,0.512879439696451,0.6677144717689265,0.0,9.822080541974337
6649,0.4683914166914009,0.7584509721672928,0.0,40.577127010950164
382,0.4681895871292847,0.7588819643920274,0.0,48.07517128627295
1765,0.4758767703959461,0.7425963439902129,0.0,46.118948436358785
8254,0.4251016549888198,0.8554269504496715,0.0,39.435181110451914
8751,0.4345017091452222,0.8335554006935818,0.0,10.923739964756507
2336,0.4087348325869797,0.8946886642799938,0.0,71.42746869368136
12366,0.4659384331996809,0.763701771182041,0.2,12.572058475626608
10100,0.41397790495698616,0.8819426762501497,0.0,66.92622187127543
14889,0.5389250962601918,0.6181786857074646,0.0,15.288269601175278
8244,0.42742120296652564,0.8499853281405805,0.8,62.830920384655506
3908,0.44524202365523086,0.80913727127888,0.0,58.78382399305613
12900,0.5102352180736744,0.6728834476801214,0.0,10.77959249814548
11777,0.5141946215205141,0.6651534441029253,0.0,4.2570820142042844
11009,0.5339469769900576,0.6274587389780298,0.0,4.8437931392055
684,0.4764494032998314,0.7413937455765268,0.2,57.65633946665504
1159,0.49411927362974967,0.7049783463426349,0.2,62.591502372459686
6642,0.4959716678147919,0.7012364752298409,0.0,34.48225185751466
4794,0.4845782031043112,0.7244764507604761,0.0,51.941341679838004
11055,0.5455543683456405,0.6059528116806784,0.0,3.485743439395592
14929,0.4236652442523077,0.8588116538567331,0.0,28.618609872101906
12316,0.5462639823986423,0.6046529358314838,0.0,9.550493167589645
14267,0.50592051666209,0.6813757037287674,0.0,9.138610735669351
3468,0.45199385593776986,0.7940866923003236,0.0,57.102776951348595
1221,0.45909129269841953,0.7785061939307354,0.2,55.842248934279795
12766,0.4618832373062054,0.7724431529462426,0.0,8.522751678310843
10486,0.4672050985634475,0.7609869345065886,0.0,50.999443276703985
1876,0.5032566248185244,0.6866550504782918,0.0,20.979371411504935
10151,0.6577050495027252,0.4189987011876164,0.0,7.530390958208919
18353,0.5373801228458579,0.621049571118118,0.0,8.049423321870126
2029,0.4649247062398925,0.7658798085703209,0.8,29.94589934645971
1472,0.5696371946052288,0.5627556214986851,0.2,18.044758767213683
20489,0.4136093778034076,0.8828332824390421,0.2,24.720214256620814
14542,0.4672170524002745,0.7609613489897742,0.2,5.831627351685622
11730,0.4828199758107023,0.7281114156960744,0.2,5.400038207575237
8806,0.4867150122480329,0.720076517646095,0.0,15.510448162628146
13495,0.5434659307569913,0.6097882592853933,0.0,9.09194314366861
151,0.506050710798528,0.681118395746834,0.0,16.34684149792401
16438,0.4948382132094241,0.7035244118390982,0.0,1.2918115084888362
6339,0.43461639472891145,0.8332914881508705,0.0,17.507455946152447
19586,0.501090402725758,0.6909687496130429,0.2,20.743917733988077
10639,0.4643378950191518,0.767142769756849,0.8,10.103269970423872
10416,0.4484316379979225,0.8019990327399183,0.8,13.529724355386797
19176,0.4463000193533611,0.806763863982896,0.0,25.267842434959558
16011,0.4981338569476681,0.696886449023247,0.0,3.625551657999064
16109,0.4629723542246688,0.7700879367765293,0.0,6.965445630500027
3244,0.5399532579095696,0.6162727025970233,0.2,16.608549217445088
1492,0.432695029720816,0.8377221184805103,0.0,24.293941435934798
4075,0.497508988708762,0.698141654790404,0.8,21.000101255731252
8368,0.3902672771372971,0.9409234485939962,0.0,92.7515296630208
21247,0.4764924310247874,0.7413034405370471,0.0,8.702902929196092
12076,0.5126796765972561,0.6681040409289047,0.2,20.277559370113035
15693,0.41772159317860885,0.8729401133911601,0.0,1.5672330132940249
17145,0.5346415594158996,0.6261587390248232,0.0,3.8588599217960144
10190,0.45620252302787134,0.7848184386169557,0.0,83.20645421527576
17993,0.5425679407754976,0.6114419649564221,0.0,18.66120905036592
15442,0.5907149531946091,0.5264216906256989,0.2,5.106816933215711
20784,0.5732906949911737,0.5563623698097154,0.2,13.089816669122118
9400,0.47674585026335403,0.7407717387589892,0.0,36.59412361211207
6230,0.5359708498915352,0.6236755039209452,0.0,52.71149435505582
18766,0.5301558888474676,0.6345841857828065,0.0,16.808865254571916
18495,0.5096796237715248,0.6739729393402324,0.0,12.465129435967516
20619,0.440462904126924,0.8199290502577599,0.0,26.99001257263552
9123,0.48943283020331935,0.7145080476666561,0.0,21.623871510973572
20917,0.546772808674661,0.6037219034692991,0.0,11.660888887931792
8348,0.4611224272121574,0.7740917024527083,0.0,61.3196772808338
20701,0.5270036602420014,0.6405477850341514,0.0,29.373438732384358
11769,0.43048366179993997,0.8428459075187626,0.8,5.31582927375932
9435,0.48367378236555203,0.7263446028848539,0.0,32.72182380580573
20767,0.4627503901237284,0.770567484473827,0.0,11.786214071045954
7400,0.4661467560392618,0.7632547673127492,0.0,35.93555860205747
10168,0.23671706098757578,1.4408896865317389,0.0,7.050273074051338
11175,0.4729540279114679,0.7487570877898864,0.0,13.27546282376089
15283,0.5150674137647728,0.6634574863710037,0.0,6.911236672224641
2370,0.4436753681034674,0.8126621368926862,0.0,49.944185200119485
11331,0.44554312987077854,0.8084612244771929,0.0,17.249329428697784
14032,0.45918672794401283,0.7782983369554152,0.0,6.664179510180743
13567,0.5356348726795099,0.6243025577261972,0.0,8.818273627882537
9726,0.53386221796859,0.6276174920999279,0.0,9.486438548711508
17919,0.506050710798528,0.681118395746834,0.8,16.34684149792401
15352,0.43324250139124226,0.8364576583463771,0.0,14.073148664057715
14411,0.49520342363097025,0.7027866440028342,0.0,6.771092945453608
5143,0.4986407950875697,0.6958692919706005,0.2,27.138902386853424
6821,0.48174782852163917,0.7303344791775519,0.0,46.047588354943656
7605,0.46555600567558814,0.7645228765577017,0.0,53.17256839772681
4273,0.46053224275429533,0.7753724088989793,0.0,34.67465211465087
11396,0.4454470336306072,0.808676931102205,0.0,9.402486175093536
18166,0.48343336768750106,0.7268417860211592,0.0,25.533950639763077
10103,0.46575846267708365,0.7640880996664056,0.0,70.29610516930931
14821,0.3748583178355358,0.9812071435085848,0.8,9.811090299059495
20172,0.47723293164339814,0.7397505809898479,0.0,17.754013943756352
19670,0.6055692306950151,0.5015863861169467,0.0,10.716393024584555
4429,0.450206285713902,0.7980493885592127,0.0,62.60896916885095
6841,0.493514278101911,0.706203488203098,0.0,47.92297183444714
18538,0.4038773505024509,0.9066440349783325,0.8,27.498512647078243
15615,0.24130356211350057,1.4216995442823215,0.0,54.23925799061662
19381,0.5557034054552651,0.5875205704889006,0.0,9.645618136752674
609,0.524516130978952,0.6452790966540726,0.0,39.67498565162276
7787,0.3647486993589913,1.0085466574279813,0.8,40.34690626035025
9439,0.4524755526272399,0.793021544644802,0.8,28.231565779300098
15848,0.37508975136717304,0.9805899446691239,0.0,18.410575369515698
3211,0.49533697832586726,0.7025169837336671,0.0,50.26087552374337
9744,0.4644934937170134,0.7668077278941298,0.0,76.52741065880629
10714,0.5096297060083679,0.674070883628072,0.0,25.303945959390447
13620,0.5566766088974401,0.5857708021041366,0.0,8.585789046684628
10427,0.4689874889110115,0.7571791869875953,0.0,11.447034249883398
10355,0.3901320289377502,0.9412700614109174,0.0,62.688584653702975
8618,0.4827795698938349,0.7281951065326551,0.8,18.78451992920276
17646,0.4225952248428279,0.8613404733367417,0.0,68.1018866272515
10175,0.4972995219602715,0.6985627745322229,0.0,50.34890984256557
18054,0.449045360729594,0.8006313702188605,0.0,21.34323029764448
20670,0.5401296612556171,0.6159460548101064,0.0,26.01879272331707
18863,0.4608529381550596,0.7746762930500183,0.0,27.022646294693708
7601,0.46793863876255093,0.7594181054158832,0.0,45.0999433147758
18213,0.47225588803770635,0.7502343046259273,0.0,15.523848523235195
18657,0.4797656255325426,0.7344575744683036,0.0,24.718535799238538
15326,0.46390017879373263,0.7680858818101296,0.0,13.709181054869095
9249,0.4594063593620068,0.777820146067166,0.0,55.26412375179085
4243,0.47516587083869344,0.7440913341385716,0.0,53.838728140978375
19997,0.5606323609997584,0.5786899162668532,0.2,17.914794451497748
1946,0.46862718015490346,0.7579477516991585,0.0,25.114598926032087
6878,0.4568592535631361,0.7833799145973275,0.0,55.14994718299474
17353,0.6100568842136561,0.49420307335328073,0.2,1.6605223335366552
2108,0.434919661878174,0.832593950287421,0.0,39.37753253041239
15649,0.4958036041136353,0.7015753901181674,0.0,5.172715285771954
5736,0.4502648450662786,0.7979193247504852,0.8,50.703782030235665
2272,0.4901899225987957,0.7129623658334329,0.0,41.728979270662705
18745,0.44106181201312356,0.8185702500621832,0.0,40.19179802901412
8976,0.44458046225700415,0.8106242229587818,0.8,52.69057449232082
2141,0.46155067003388794,0.7731634368432323,0.2,51.457889825667635
15920,0.49670462250524194,0.6997597504791955,0.0,8.871204410209156
509,0.42565079872751527,0.8541359901648964,0.0,39.37566784329363
18101,0.45821159267801903,0.7804242088069773,0.0,5.256792757540225
12286,0.4723425294844846,0.7500508585277463,0.8,12.453470061894384
12927,0.4828050557340609,0.728142318119179,0.0,11.489394646911325
14989,0.5721433273818489,0.5583657466444565,0.0,16.030680074963236
17200,0.5493748578463803,0.5989742692978958,0.0,9.100216548703276
10993,0.5000132769744287,0.6931206269636379,0.0,2.862207113017196
5578,0.4437510606083931,0.8124915480919468,0.0,74.07485295182633
11250,0.3607312412835102,1.0196220818942718,0.0,6.597474396991706
4722,0.47931285499631027,0.7354017528208795,0.0,53.585049953640805
12526,0.43101605073424654,0.8416099488890997,0.0,8.224212282493333
3347,0.5020305683715558,0.6890942679738918,0.0,47.909280032359234
20495,0.5347216007831068,0.6260090398948442,0.0,30.780863345372705
5860,0.3774043148435553,0.9744382130352613,0.0,89.79448281807404
19319,0.5250781598721059,0.6442081515245689,0.2,4.397686907063124
7507,0.5233955597705718,0.6474177723562148,0.0,25.05830606450464
13693,0.41374290067245956,0.8825105109336391,0.0,14.872861414625705
20315,0.5026016506451512,0.6879573696656404,0.0,33.13684249871614
10379,0.512457816536358,0.6685368805545119,0.0,17.228862612431044
7917,0.5140865962866686,0.6653635524514434,0.0,44.59931810860889
17774,0.4493470668503008,0.7999597124381694,0.0,22.11728517739002
14957,0.4746561857090478,0.7451645565912481,0.2,4.922929398658441
1904,0.46701563126509243,0.7613925502136764,0.0,50.86101886889508
12980,0.4403310887366397,0.8202283606352975,0.0,14.726379592601848
17996,0.5543430678955215,0.5899715277657095,0.0,17.44545789598701
7717,0.48871844116486673,0.7159687402739929,0.8,46.25157952921834
829,0.4972756648151313,0.698610749075449,0.0,52.492214805149615
15251,0.47705866138275393,0.7401158158171376,0.0,7.66574997170708
20870,0.44245957275506426,0.8154061797133282,0.0,5.492861467236111
5848,0.479015422357229,0.7360224851015817,0.0,51.381727888011525
6418,0.5090331816628847,0.6752420746489485,0.0,53.026759297911816
20876,0.5321816601551121,0.6307703814699174,0.0,12.726265835544334
17893,0.5183842867807004,0.6570384453974789,0.0,27.69351354534006
11837,0.5616541895865451,0.5768689394965009,0.0,8.12433365658504
2220,0.4343637978349597,0.8338728521525538,0.0,56.87429622695923
6052,0.5128691437720523,0.6677345467162674,0.2,48.076887363571245
17959,0.5171486681354962,0.6594248865546675,0.0,27.794099654074955
3152,0.4600663313915785,0.7763846012172818,0.8,26.73092205684479
18969,0.5656178149564061,0.5698366674481313,0.0,1.9260194027312905
6170,0.4440117875647012,0.8119041683331725,0.0,54.669566431393704
17957,0.4984798545507593,0.6961921025317224,0.0,28.96855513914796
4364,0.46629766761267755,0.7629310770832718,0.0,55.31250308853721
18025,0.4442419268355427,0.811385984683028,0.2,5.463062060819835
483,0.4346540113280318,0.8332049406303712,0.0,22.71733219773914
11823,0.556242682797383,0.5865506001097672,0.0,10.089843226187075
10749,0.49961672469441215,0.6939140251212688,0.8,21.55359395865301
5795,0.45426972290422796,0.7890641540370182,0.0,56.86982792745589
8705,0.5236131339876892,0.6470021612508892,0.0,20.22852341066896
5976,0.3783652686216057,0.9718952308435223,0.0,53.52227006595389
3108,0.4723729602935559,0.7499864353031648,0.0,34.39812911400699
3348,0.46481185072353587,0.7661225773763136,0.0,56.15678433717865
11367,0.36176621823375826,1.0167570817629683,0.2,11.387679606641779
19499,0.47562759176642067,0.7431201012006484,0.0,3.8932062711379283
10004,0.5440658919994651,0.6086849144622181,0.0,51.13105485218529
3432,0.46869264261562016,0.7578080716044184,0.0,36.954510149260116
17732,0.51932019038809,0.6552346488797958,0.2,15.404566745135307
7156,0.48118967748830294,0.7314937467153951,0.0,49.884215834022186
20381,0.41839751639306955,0.8713233022120687,0.0,14.578545752851113
10518,0.4344237980168851,0.8337347282145343,0.2,23.490478511800973
17158,0.4197869589582006,0.8680079369704564,0.0,38.62201222836795
8845,0.5237876047687792,0.6466690112420189,0.0,17.812498580709967
9095,0.5264705383905401,0.6415599064466428,0.2,16.69659754421661
5073,0.513852793833364,0.6658184478656741,0.0,45.00266645294093
15000,0.6128265934141652,0.48967326493377356,0.0,13.697385795630584
3423,0.41407487090517126,0.881708473910746,0.0,26.16910609302156
7413,0.47354102666397696,0.7475167245678502,0.0,30.132403045438053
3741,0.42083228349427226,0.8655209011709194,0.0,87.11467672183292
6160,0.44895587097217465,0.800830678982716,0.0,62.50483388361566
12977,0.5009078473039339,0.69133313233295,0.0,7.252430206278226
13837,0.4702910412422154,0.7544035392403916,0.0,20.402844495768093
2571,0.432157944875197,0.8389641444211933,0.0,48.79876947999714
8851,0.4719987085245956,0.7507790295770292,0.0,21.9730496495593
4767,0.4988559471912632,0.6954379078910125,0.0,52.6203046314957
17729,0.5503029826006369,0.5972862749772013,0.2,10.113549497889181
184,0.43409154463555866,0.8344998347848335,0.0,30.65952214731081
10387,0.563656835733728,0.5733096599438672,0.0,3.3052450673655587
6858,0.504958638927749,0.6832787561743888,0.0,43.74350367656295
4055,0.4690834305306727,0.7569746360991555,0.2,65.51237138276853
15347,0.5086933371039727,0.6759099251279855,0.2,8.989602133121796
9193,0.5023096238092534,0.6885385689248023,0.0,42.70316235990417
361,0.4345017091452222,0.8335554006935818,0.8,10.923739964756507
20042,0.4610846214913457,0.7741736921119416,0.0,4.620655603109309
1738,0.5362287836244681,0.6231943738592555,0.0,16.542693512990958
12698,0.26585001734994723,1.3248229737696242,0.0,21.617799657824627
17298,0.45255290788251157,0.7928505991799124,0.2,17.68056926905755
20465,0.4537356002874246,0.7902406288103867,0.0,25.74406360274577
2398,0.4350639427830445,0.8322622637925946,0.0,58.70778084988848
11647,0.4679054845928517,0.7594889594585291,0.0,12.227772537004363
4302,0.4603268562081435,0.7758184848508572,0.8,33.82568475569232
10995,0.43542181008298786,0.8314400393761087,0.0,8.782917192148881
17405,0.4635340594312576,0.7688754135448959,0.0,28.85858585050009
323,0.4562556912820679,0.7847019001203475,0.8,63.56870260505346
9256,0.4299798200855369,0.8440170014294125,0.0,63.77814033426324
9612,0.5010172044409374,0.6911148382854115,0.0,14.976458598372746
16910,0.31397718616357445,1.1584349512434422,0.0,8.030734442300895
9496,0.4673634776136182,0.7606479993963697,0.8,51.009052982469775
11763,0.3718466440025864,0.9892737570111467,0.2,8.092011979947909
8745,0.4234663870416101,0.8592811374812472,0.2,65.92404663859105
11875,0.43038033866323366,0.8430859527225274,0.2,9.526871426570443
11867,0.4545307515188329,0.7884897075460023,0.0,9.810782524414238
2679,0.5416923273913894,0.6130571003628627,0.2,16.757915277148314
19202,0.44413698267514456,0.8116222445936648,0.0,42.549298649697405
3420,0.4610028027993511,0.774351156178914,0.2,62.799877584543836
12551,0.5595955173549274,0.5805410466679851,0.2,4.989315007699513
15096,0.471690877159699,0.7514314292230247,0.0,17.64736685731923
18296,0.4875523259702235,0.7183576589807235,0.0,17.290868632440652
9196,0.4842873819958268,0.7250767840196838,0.0,49.27621757815008
114,0.42117376266142525,0.8647097925394942,0.0,39.86312011662825
17550,0.4775681111340911,0.7390484881151138,0.0,10.367741422321263
16927,0.4203443474032031,0.8666810288489185,0.0,6.993725515482104
3974,0.4805263226792995,0.7328732702214812,0.0,56.17839963420695
5110,0.4740077518002119,0.7465316034119001,0.0,50.073607868411614
5050,0.3551588595300125,1.0351900979674045,0.0,41.3092595957295
16395,0.46006457018984337,0.7763884293720195,0.2,7.723977785104831
20739,0.5220353640335511,0.6500199462035247,0.0,11.544679844699475
15544,0.5507139650664603,0.5965397242800805,0.0,8.455950136546448
8214,0.5348471809205653,0.6257742160290327,0.0,17.346460838639736
5120,0.4724910388469538,0.7497364976314574,0.0,29.205989498059722
19883,0.47873490570164234,0.736608267544855,0.0,11.544124015899705
5442,0.43869129137139795,0.8239593219953817,0.0,71.729775884605
14301,0.39640922839634823,0.925308196281781,0.0,12.377848489972761
4209,0.4326039028818918,0.8379327435854944,0.0,89.2943016694627
14803,0.31079128707825443,1.1686336947353506,0.0,10.124767090811762
20423,0.5773239181449008,0.549351786723949,0.2,26.04312149860436
18572,0.43735844104774013,0.8270021888618243,0.0,23.942127272453906
18040,0.47575534752908444,0.7428515326607789,0.0,31.586044675033055
4070,0.48912818852640755,0.7151306796352767,0.0,43.72666300565279
2497,0.46082586212766136,0.7747350467663839,0.0,55.48652026652245
19965,0.5529173571482214,0.5925467332060174,0.0,2.5514469652885294
11961,0.4718438367585795,0.7511072024659926,0.0,13.099310012141434
13137,0.5376433516721031,0.6205598537533434,0.0,9.249444158580229
285,0.460284934128865,0.7759095592423597,0.0,53.09549137574348
4406,0.4786913688596779,0.7366992131208251,0.0,51.937294525018174
19020,0.42544804981380907,0.8546124305170105,0.0,67.51438201084383
18794,0.4864720297496149,0.7205758718153991,0.0,9.847750218135843
1370,0.45061291314521623,0.7971465937265819,0.0,44.42497626260473
9267,0.45478776837413765,0.7879244119833883,0.0,55.84335370488391
13537,0.5173392598103219,0.6590564111537789,0.2,10.90112267679541
5657,0.4764070666885648,0.7414826080917699,0.8,65.3505684196142
20361,0.5026784063833227,0.687804664481082,0.0,4.305312987714878
2518,0.47931285499631027,0.7354017528208795,0.0,53.585049953640805
7123,0.4345530273554901,0.8334372994781527,0.0,12.168183300656636
14456,0.6266138898843264,0.4674247336425013,0.0,3.379714417135488
9998,0.5562071932086836,0.5866144044922871,0.0,48.33702558751064
2915,0.4547546709778786,0.7879971901075125,0.0,37.77264338398234
13082,0.48055982578369777,0.7328035509679774,0.2,7.222145558699477
11181,0.5306874441552543,0.6335820484535027,0.0,9.38018211859254
3591,0.44986776981320464,0.7988015842581768,0.8,72.291543375365
11518,0.36020541552477114,1.021080811581589,0.0,9.469094631003788
18358,0.5213727530775785,0.6512900360833701,0.0,27.68666629134557
13325,0.5006952971308742,0.6917575522789761,0.0,4.5816484136325
19272,0.5028070592463144,0.6875487624952423,0.0,23.42616309334142
11970,0.4733012693785133,0.7480231600990683,0.0,7.454050547841254
9949,0.44496865449982725,0.8097514386230936,0.2,36.854622274753744
732,0.5299481083378782,0.6349761860258049,0.8,16.819248556601714
1084,0.42365076420333664,0.8588458324838993,0.0,19.105021350021175
123,0.48244954053401906,0.7288789428759883,0.0,35.35791629551508
601,0.524516130978952,0.6452790966540726,0.0,39.67498565162276
731,0.506050710798528,0.681118395746834,0.0,16.34684149792401
13427,0.5484822364851394,0.6006003854154539,0.8,8.987984859386614
5014,0.46662258402619944,0.7622345193097894,0.2,42.929044987217885
11087,0.6179286229846084,0.4813823249833736,0.0,7.547834443698639
6848,0.503257782167499,0.686652750761633,0.0,18.639189233749214
4367,0.4693181878455541,0.7564743016683922,0.0,53.35413445896161
4286,0.45679709415594844,0.7835159819654112,0.0,48.19798814125834
3812,0.4544325030054377,0.7887058846319048,0.0,58.742813926343366
15993,0.5108394575676779,0.6716999111985086,0.0,9.096832045976647
7422,0.4350114166977626,0.8323830029556415,0.0,45.273307847421904
177,0.4392189877231028,0.8227571572005888,0.0,46.98354708531129
16602,0.455390152684221,0.7866007490289294,0.0,13.915753463987748
12072,0.5137009552621348,0.666113981938647,0.2,6.405019134357847
17849,0.484384174882458,0.7248769373611007,0.0,7.683695639722145
15420,0.4615791222066283,0.7731017939995315,0.0,7.037158313101918
16819,0.543764519607334,0.6092389942096232,0.2,3.6380705324905094
20248,0.2269759243626694,1.4829113272018484,0.0,10.27925942196921
27,0.5236131339876892,0.6470021612508892,0.0,20.22852341066896
8135,0.45136374660560397,0.7954817310592416,0.0,53.490183578034795
20443,0.5683591323404985,0.565001784815408,0.0,11.538184064994635
3047,0.4529921973256036,0.7918803780942367,0.0,43.30001931585557
4145,0.4540063939128685,0.7896439975314398,0.0,57.92038902628279
9928,0.5499281816491385,0.597967588101525,0.0,39.936759377904465
17098,0.4774743730974566,0.7392447894074294,0.2,6.785897444255673
7667,0.46345733988453447,0.7690409372961516,0.0,45.23152891385976
16377,0.5308727701356009,0.6332328907142912,0.8,7.350567571749693
16806,0.4211807334386058,0.8646932418421026,0.2,3.4384527058720074
17881,0.4540975507736754,0.7894432344764031,0.0,38.77350277487585
13836,0.467923520308743,0.7594504145624016,0.0,21.12107610516281
15504,0.4585996724913304,0.7795776227074532,0.0,13.587256821921724
1356,0.4572113942171683,0.7826094256371839,0.0,39.90916682445115
253,0.4382926273958502,0.8248684926072423,0.0,34.98680101574942
2207,0.4229630023860088,0.8604705685696183,0.0,69.26788076985429
16990,0.49750383602348214,0.698152011813252,0.0,17.4538002953313
21177,0.48630664072956636,0.7209159060424255,0.0,7.122649577960933
6495,0.5242597117482062,0.6457680843393503,0.0,17.39053717174123
10941,0.4411606981286599,0.8183460750614012,0.0,5.538157098097637
13880,0.4273388963848547,0.8501779121930831,0.0,13.441313148521495
3631,0.4807614234952982,0.7323841329748624,0.0,79.46368122159632
10965,0.4852563740064025,0.7230779215089269,0.2,20.557827520306763
6919,0.4395453978462428,0.8220142728882255,0.0,65.39123478111122
20405,0.46934169723517577,0.7564242102774631,0.0,25.340211044295017
12882,0.5045997511746481,0.6839897358893559,0.0,11.481451878846837
13796,0.5574723056878921,0.5843424527779091,0.0,3.430236205958659
8700,0.5277511812447846,0.6391303539903956,0.0,20.464953008298714
16818,0.544951749452915,0.6070580213520979,0.2,3.6250468535065035
9750,0.46512720340879327,0.7654443550864889,0.2,59.74293133051276
19092,0.7468244069798848,0.29192518576521487,0.2,4.623073253369498
8386,0.4813283173465289,0.7312056692769914,0.0,56.97920122054389
13684,0.5131656374615345,0.6671566058839331,0.0,10.410312057417965
20718,0.44512305445564176,0.8094045081757931,0.2,26.19435355022076
18780,0.4749593925574699,0.7445259679546138,0.0,15.132490156670467
19844,0.355953007568192,1.0329565580559774,0.0,7.023949884175557
9401,0.47354102666397696,0.7475167245678502,0.8,30.132403045438053
6039,0.4843401573629451,0.7249678146480192,0.2,48.68158709429484
6654,0.4789008778470043,0.7362616385865912,0.0,51.626665311279496
16386,0.5216045491077674,0.6508455469587848,0.0,10.81640242794482
4388,0.4633293978379248,0.7693170354365648,0.0,67.0844431422992
10487,0.46704863220533044,0.7613218892505236,0.0,59.75234894250134
14310,0.6539841847117739,0.4246721102152365,0.0,15.09305900026498
17690,0.5382409205935511,0.6194490112616353,0.0,10.092992431909309
12044,0.5035589117230503,0.6860545692528085,0.2,8.899500119662484
14671,0.5239365165714412,0.6463847535817595,0.0,18.363790750627302
5998,0.4802454667312531,0.7334579167715609,0.0,49.493739887994536
10950,0.4444803109987381,0.8108495197252175,0.2,6.027449753313277
19577,0.4963867784541094,0.7003998608691925,0.0,34.4162487053825
1782,0.46555104960952026,0.7645335220920466,0.0,48.566993157482834
6888,0.47801189095963553,0.7381196703155025,0.0,56.20781402080676
11633,0.507600450449491,0.6780606557319535,0.0,13.340843854180507
9452,0.5212126393273008,0.6515971835893736,0.0,17.925764289307708
19551,0.5356865563520421,0.6242060718888534,0.0,6.787304939368752
1274,0.4525509228475694,0.792854985494222,0.0,28.150314082331093
1102,0.4837753079783843,0.7261347197722058,0.0,58.93853676472829
15964,0.5191885002504341,0.6554882628159118,0.0,11.280296962190894
19643,0.42294593075420456,0.8605109313820625,0.0,59.13000878122196
5140,0.4996178555790393,0.6939117616194855,0.0,26.864793956980918
11383,0.39107079672612405,0.9388666695914903,0.0,4.599151109801366
335,0.44716328366316377,0.8048314632328718,0.0,56.37844338542499
15824,0.5545685598492871,0.5895648371850865,0.0,8.984231713662023
10157,0.5390395305333775,0.6179663702552295,0.0,10.18532163675399
8464,0.434919661878174,0.832593950287421,0.0,39.37753253041239
6410,0.4168661079164674,0.8749901928750543,0.0,89.62524572321763
1355,0.45550150362282243,0.7863562612495429,0.0,50.22064394457494
12188,0.41731168911176825,0.8739218804858577,0.0,15.211921092662177
5367,0.4620585394656462,0.7720636871271802,0.0,27.20752563024509
17847,0.5040277638878371,0.6851239253489639,0.0,28.367556599511115
17468,0.45833883685553334,0.7801465499368667,0.0,31.145009024999723
6502,0.49593402507631607,0.701312375063391,0.0,28.908094280912778
18023,0.5207905229804517,0.6524073852954891,0.0,6.029549277642842
9017,0.3929362892295646,0.9341077941744407,0.0,88.88970111444468
12422,0.44294642396646366,0.8143064553783489,0.0,6.507936886963169
13701,0.46028388867267395,0.7759118305688812,0.0,9.896755487702142
15587,0.4902050293017692,0.7129315482472236,0.0,12.522643705613513
16941,0.24130356211350057,1.4216995442823215,0.0,54.23925799061662
8025,0.506050710798528,0.681118395746834,0.2,16.34684149792401
17783,0.6061422643339212,0.5006405608376193,0.0,15.186931909555149
13274,0.4278614536197428,0.8489558423005253,0.0,6.783157390484318
3067,0.47985567953720776,0.734269887920592,0.0,42.701100303443106
15706,0.44711795712127533,0.8049328330030516,0.0,1.5734021131857756
3845,0.4341415521430039,0.834384641047838,0.0,47.2303422245619
12264,0.43391685970182015,0.8349023307404577,0.0,13.672776933320328
9799,0.48598969989974083,0.7215678489281637,0.0,49.7881815760433
4095,0.4229630023860088,0.8604705685696183,0.0,69.26788076985429
6736,0.4347405228210315,0.8330059251319131,0.0,35.13202425690535
12907,0.5265908960682605,0.6413313202040819,0.0,12.111541517221967
14937,0.5131656374615345,0.6671566058839331,0.0,10.410312057417965
3260,0.4288898506252375,0.8465551514715439,0.0,62.75936796277981
13224,0.5437153383260847,0.6093294442182814,0.0,7.43503752852816
10382,0.46388725446768364,0.7681137423428044,0.0,19.970957300912914
20263,0.5065433766152061,0.680145319048725,0.0,31.432916023618766
9426,0.5328929869336333,0.6294346499580902,0.8,17.627318044385053
1139,0.4438558707215661,0.8122553847408942,0.0,55.87505175847652
18747,0.44927155236944794,0.8001277803580088,0.0,21.329805599617995
20140,0.48628984926027363,0.7209504352011613,0.0,7.076128906528469
10074,0.37216516099386104,0.9884175420731727,0.8,37.19217364426742
740,0.4350451271062543,0.832305512799976,0.0,55.45651720686061
20383,0.3887828489521055,0.9447343201463566,0.0,33.226307913562586
5920,0.5046893662311291,0.6838121553424716,0.0,42.4647364118893
13290,0.555677661937233,0.5875668975657098,0.2,5.384169587482823
10396,0.4267804903523979,0.8514854720510777,0.0,8.870136760878708
7828,0.4740447179160058,0.746453620142,0.0,51.77775091905828
19220,0.5482688413870664,0.6009895258595733,0.8,17.92505383267808
15849,0.3810849250067268,0.9647330284138897,0.0,13.551629624996956
702,0.4344237980168851,0.8337347282145343,0.0,23.490478511800973
11555,0.4033419895255704,0.907970467656112,0.0,6.8019699645162675
20112,0.4818085241889824,0.7302084965772551,0.0,36.899261744657935
13786,0.43677722457366314,0.8283319974546708,0.0,12.3262011246564
14353,0.4894566364870274,0.7144594082961799,0.0,5.9835975444805065
8092,0.4975681527931958,0.6980227412267497,0.0,37.50476156658381
16828,0.5442332547199575,0.6083773469660636,0.2,3.632925206147334
2327,0.47563949398091326,0.7430950772832406,0.0,21.91461670022011
9605,0.445123189182932,0.809404205501581,0.0,51.95363244063273
6866,0.5049929439739668,0.6832108221331697,0.2,18.614079422391548
2887,0.4229630023860088,0.8604705685696183,0.2,69.26788076985429
5205,0.5172901052883564,0.6591514297636514,0.0,54.94356712621358
7280,0.453080901649737,0.7916845786062767,0.0,43.225976783887916
9965,0.46971340901036873,0.755632538325232,0.0,28.30221522406669
12150,0.46173210544429666,0.7727704144289449,0.0,7.606379507595705
15517,0.4286548847929437,0.8471031481613241,0.0,8.10233000117957
15149,0.5401707291547417,0.6158700242920969,0.0,7.713925408582227
20651,0.43299409193664645,0.8370311955608485,0.0,58.50848184691156
4179,0.4742452732365399,0.7460306370347323,0.0,51.513414918072044
11586,0.5151229428675979,0.6633496827936913,0.2,25.011599106507013
17278,0.41278672872046024,0.8848242147490774,0.0,4.811275758031304
21067,0.518704565718422,0.6564207954302039,0.8,10.79615190095141
15597,0.5096736857106903,0.6739845899833986,0.0,4.288563889501328
1682,0.48679428385700485,0.7199136602199475,0.8,54.55505629266677
6617,0.3840707446608304,0.9569285124752569,0.0,100.66409457780324
19329,0.41321313701526063,0.8837917488846929,0.0,25.708617117945074
11173,0.4725761625124735,0.7495563545355435,0.0,13.289633822795516
19896,0.5078778959335576,0.6775142226308276,0.0,29.80588450912992
12257,0.43460611436354263,0.8333151423136694,0.2,9.683121460963864
18688,0.5273704890891358,0.6398519620909056,0.0,18.95561559736384
4617,0.4517867598210949,0.794544980775842,0.0,61.51565622812083
3691,0.3783216884329029,0.9720104176809446,0.0,53.52861340505558
4417,0.3701311653438613,0.9938978352351203,0.0,60.25008950177492
1166,0.42890333217566823,0.846523718369248,0.8,52.11835316411526
11047,0.486603478591398,0.7203056998884397,0.2,12.324430792996651
16976,0.5391921282010109,0.6176833185243401,0.2,12.035682364743788
5236,0.560604875089584,0.5787389440895034,0.0,46.73606404810773
18264,0.45051934136618704,0.797354269745051,0.2,20.16907555361808
20006,0.5733469126572834,0.5562643132558752,0.0,15.83545392382554
11480,0.42254976660667654,0.8614480483366651,0.0,8.005436595712283
17443,0.49367276295610296,0.7058824044591628,0.0,6.299294931487258
10522,0.6294232087558085,0.46295142061825195,0.0,2.562899070723711
5821,0.48417699244866447,0.7253047522352494,0.0,51.80851867350931
14674,0.5239365165714412,0.6463847535817595,0.0,18.363790750627302
16669,0.44093457888076426,0.818858761748978,0.0,6.203674544399645
11097,0.487349040376664,0.7187746972648477,0.0,10.293572853557972
19661,0.4456058166363427,0.8083205369615688,0.0,5.742228419471344
14349,0.34423124056083415,1.066441636508651,0.0,35.472513713923405
5751,0.5337383702150871,0.6278495035008754,0.0,17.542115463122272
18773,0.5399008543029101,0.6163697594236964,0.0,16.611164898905415
19310,0.5035870503683885,0.6859986912641065,0.0,9.562821959029637
19328,0.4014018943188249,0.9127921233514513,0.2,27.182950060170832
11316,0.46334014870718726,0.7692938321937195,0.0,14.12500483351862
8253,0.4508361542875881,0.7966512997493606,0.8,34.65831260752778
15070,0.4553656390018485,0.786654580544693,0.0,7.483445033724211
1186,0.5040366524531346,0.6851062904336677,0.8,70.59677644327022
17327,0.5281286099860563,0.6384154454175043,0.2,47.53162556028887
21171,0.4579632129200115,0.7809664192292133,0.2,12.695780412471528
11236,0.41577089279215207,0.8776209089134194,0.2,99.22821020892493
15732,0.46871626298919056,0.7577576765773728,0.2,4.948294187983089
19846,0.533698280663417,0.6279246171887106,0.2,18.58280103485038
15408,0.5846913051552574,0.5366712545194999,0.2,15.996291981220647
14902,0.5928164056365495,0.5228705305577125,0.0,3.82273268478361
5116,0.46048048026802657,0.7754848123110699,0.0,30.360231585274306
1181,0.4344237980168851,0.8337347282145343,0.0,23.490478511800973
2899,0.44036398032932156,0.820153666013169,0.0,50.197500372806324
6522,0.48542063483495806,0.7227394756023537,0.0,65.0971443469414
5533,0.43472213618877803,0.8330482193743757,0.0,36.325067224480435
20415,0.4892392340344337,0.7149036779875473,0.2,23.83131208763047
3321,0.4378269547593302,0.8259315271286873,0.0,40.61931275624314
6328,0.45706242269911285,0.7829353050764011,0.0,41.85963620537623
8819,0.47355632161595085,0.7474844259831208,0.0,52.03986636425876
8172,0.43409154463555866,0.8344998347848335,0.0,30.65952214731081
17702,0.5604649230269021,0.5789886200037847,0.0,8.281564103906073
19627,0.46542137707106507,0.7648120964849664,0.2,37.22340479427385
12048,0.5233233658180834,0.6475557156967583,0.0,6.8294461802096
9898,0.5268361168879393,0.6408657524502799,0.0,40.438630446437955
14764,0.5205183446930775,0.6529301471810779,0.0,12.776537015428637
3485,0.4248683369225269,0.8559759535306591,0.0,74.53411007202911
14870,0.44960542259213715,0.7993849195498162,0.0,27.502838706005484
19649,0.4831075175965392,0.7275160463825533,0.0,27.94207274570566
16876,0.5502094415089701,0.5974562704990016,0.0,8.736006002035296
3434,0.46187266229277174,0.7724660486342456,0.0,43.37396980950254
15354,0.4596082009743504,0.7773808894453447,0.2,8.463151570166525
8598,0.537049708817114,0.621664621127756,0.0,17.064693731383784
4215,0.42911888896682115,0.8460212679888819,0.0,63.47485758581342
1184,0.4637470385320813,0.7684160509955317,0.0,50.72314516772883
11110,0.4699359926441105,0.7551587794157641,0.0,6.2261708022593885
11994,0.5631209840109997,0.5742607822569519,0.0,5.112069181344302
10901,0.47847714457572077,0.7371468339619353,0.0,7.339402491709897
13358,0.4556228055706677,0.7860899925366177,0.0,9.629602408573566
17178,0.4689874889110115,0.7571791869875953,0.0,11.447034249883398
4883,0.47547549927657135,0.7434399245564509,0.0,55.018269574881415
19514,0.4456058166363427,0.8083205369615688,0.0,5.742228419471344
10814,0.5089417186077684,0.6754217707403513,0.0,26.14895395727388
10445,0.5163993785445296,0.6608748234485426,0.0,23.913424877643248
5803,0.5167335237172269,0.6602279653654886,0.0,20.9087585889202
17871,0.561218553396999,0.5776448710775731,0.2,5.8781142763951335
14335,0.4710899602658057,0.7527062047623984,0.0,7.739701392545315
15398,0.5046631501034162,0.683864101768115,0.0,7.139677894060574
8090,0.49990265415388957,0.6933418912070539,0.0,47.61872394458103
20373,0.4346789152572374,0.8331476462878913,0.0,23.750956272295582
12024,0.5095443943230352,0.6742382969983768,0.0,10.370796851391365
17735,0.5194437746417768,0.6549967040560813,0.0,31.572150909033187
3352,0.45245234298830095,0.7930728407515006,0.0,61.401679471803504
10052,0.5021960738728762,0.6887646501448945,0.2,18.696516743474596
20801,0.5517651292945617,0.5946328136601737,0.8,3.505657720042563
8415,0.4652725895242484,0.7651318311204632,0.0,55.276951240795206
3255,0.4254533676420125,0.8545999312354382,0.0,70.97880080960255
12976,0.47997897656376104,0.7340129748648948,0.0,12.641977953463398
15485,0.43657292236081535,0.8287998561188997,0.0,4.599424792046972
4269,0.46466373506656294,0.7664412853886403,0.0,51.11396534628001
1931,0.4374082353142965,0.8268883430376618,0.0,26.791183576151724
6748,0.4551385765100758,0.7871533426429049,0.2,58.15095619049631
11232,0.3594318879536224,1.0232305830437292,0.0,91.13812505093406
7694,0.4344758721269004,0.83361486602131,0.0,10.836993258277019
678,0.4552796294713936,0.7868434785353559,0.8,65.38669486722986
12340,0.5518846179295691,0.5944162800438252,0.0,9.396829085084882
17544,0.5075040568642488,0.6782505742769651,0.0,9.130270219471473
5353,0.4563932890576972,0.7844003651827406,0.0,36.96094436958076
3660,0.493296354029926,0.7066451617490281,0.0,48.07660077613227
2529,0.44784214345748674,0.8033144670137673,0.8,47.873529706695436
8579,0.5118545036548601,0.6697148668764005,0.0,19.964198546539436
12550,0.5348386514243616,0.6257901636950594,0.0,5.401821121518157
9668,0.5529456083307274,0.5924956397461693,0.0,20.48553606616635
30,0.4117247172496526,0.8874003149677377,0.0,80.99435413743862
3286,0.46442747987351596,0.76694985805479,0.2,51.08653197597936
2459,0.41889802001193277,0.8701277776769076,0.0,59.87349689616072
7972,0.41891269513091767,0.8700927456136477,0.0,69.70748177525917
16080,0.4592771915852112,0.7781013479620157,0.0,7.246458381913605
15571,0.5342482476908803,0.6268946647304579,0.2,4.152550304611406
14969,0.5688254816397366,0.5641816025518641,0.0,16.429815085368347
8716,0.49251512022006544,0.7082301178868106,0.0,41.40313474494239
17691,0.5474176264127705,0.6025432826514275,0.0,10.088081093673143
15811,0.5488707452998871,0.599892301804384,0.0,11.462291453649817
19879,0.5065227694427992,0.680186001826429,0.0,22.422330356644537
195,0.47946352362976297,0.7350874592315675,0.8,55.93280488509542
10728,0.43977826222281446,0.8214846285886578,0.0,3.688507413994717
9939,0.4939033304949935,0.7054154682005622,0.0,50.10213470532352
17003,0.40781815413625827,0.8969339045784568,0.0,71.42060667660111
19973,0.518704565718422,0.6564207954302039,0.0,10.79615190095141
18232,0.520281718020111,0.6533848486852776,0.8,22.15758741731918
13848,0.467923520308743,0.7594504145624016,0.0,21.12107610516281
19058,0.4871685929366949,0.7191450290800204,0.0,26.281155142595757
2980,0.4329274912092494,0.837185021793673,0.0,64.76463060332831
3842,0.5175294764381249,0.6586887961640079,0.8,21.142592697850105
5437,0.48382515992549024,0.726031677351695,0.0,47.27555111978462
4254,0.46035608417815316,0.7757549929173427,0.0,34.148732184063434
157,0.4732840233995135,0.7480595983981488,0.0,53.65457070003795
143,0.42404810685163336,0.8579083706304889,0.0,38.26271202105551
5162,0.4687549410332722,0.7576751608820904,0.0,46.498902443528245
821,0.4779873486754035,0.7381710140472126,0.2,63.890542300519016
12162,0.4194322607518774,0.868853242271177,0.0,14.3950750326323
1549,0.4269957499723089,0.8509812190294891,0.8,27.276080197522134
12462,0.442500414885867,0.8153138769394127,0.0,5.308100569719987
20241,0.4431063289440304,0.813945517547554,0.2,34.67000876104603
125,0.5398594315855354,0.6164464851894731,0.0,16.613232658278463
10397,0.45150819310411366,0.795161759879744,0.0,13.194119409281143
19770,0.5272214113595711,0.6401346832657869,0.2,12.480385556819092
9086,0.5304832266713633,0.6339669393895725,0.8,16.792515632748383
18187,0.4770213183704332,0.7401940964919914,0.0,50.8513321701067
19450,0.5529386242477553,0.592508270513055,0.8,17.00356555995436
17808,0.4612920685377729,0.7737238822844223,0.2,21.002735876673924
6204,0.3890477033828288,0.944053312078046,0.0,71.37986790114789
5031,0.46171874522841594,0.77279934984196,0.0,49.52098375291067
10259,0.48825600079367865,0.716915418888835,0.0,13.422808107112079
14270,0.5985151736629982,0.5133034014851052,0.0,1.8621364959986195
1612,0.4823153077922498,0.7291572132604625,0.0,50.41392927978613
20134,0.455991320063613,0.7852815045971351,0.0,25.37480104236322
12170,0.4421539620204517,0.8160971271943624,0.0,11.38741109619571
6964,0.4685466915458606,0.7581195204854451,0.0,24.80567163572263
11669,0.513977147411027,0.6655764748051908,0.2,20.572968734669537
635,0.42443622178875273,0.8569935276544016,0.0,65.76782278838071
13594,0.5557933255469905,0.5873587704774144,0.0,8.353856782522357
9558,0.5064508635971714,0.680327971653487,0.8,20.10164988291985
14643,0.47174081504036636,0.7513255648957462,0.0,7.624452013125045
8681,0.4571020211758169,0.782848671917577,0.0,59.829209154034686
8250,0.5206171860873756,0.6527402748893869,0.2,45.22510984611091
16434,0.5067095517843433,0.6798173157122046,0.0,1.89546666899734
13990,0.6046606007470591,0.50308796886607,0.0,18.999117796730758
3945,0.4793744870277056,0.7352731769468097,0.0,50.671350260029804
19506,0.5470031479735787,0.6033007215975955,0.0,5.689126276454297
10194,0.5019475628887636,0.6892596211432425,0.8,37.938916821758674
17781,0.4861619871323842,0.7212134037592765,0.0,52.136517618048686
4102,0.41910697860537693,0.8696290727810664,0.2,87.62817298800468
16220,0.49997643187257806,0.6931943179257374,0.0,13.019576054775559
5456,0.4720709014944658,0.7506260896470818,0.0,42.42914086266581
12022,0.48162206793795054,0.7305955639070315,0.0,7.389243244901124
7263,0.434482345215363,0.8335999675179446,0.0,10.957668774683654
3696,0.3864612104880159,0.9507237769536014,0.0,99.09204206033289
20056,0.4556748182344924,0.7859758417640874,0.0,24.27918679398222
18164,0.49128716502184944,0.7107264646717871,0.8,7.279615692396496
13385,0.5250899095416888,0.6441857747833108,0.0,23.2042163488361
17108,0.5636880331717276,0.5732543131926325,0.0,3.304925982254502
15548,0.5213314916182635,0.6513691792527709,0.0,5.995983230182607
9192,0.504099472650025,0.6849816640158508,0.0,41.153697015313526
1377,0.42137339775954563,0.8642359078450005,0.8,24.846782350543762
5057,0.4722056443007735,0.7503407012027278,0.0,52.223714521103425
2836,0.4838599782887857,0.7259597151773566,0.0,58.839037130577985
12183,0.41427227507852843,0.8812318520546768,0.0,15.967921898789946
20697,0.557813585067407,0.5837304493570895,0.0,20.141034698694902
13342,0.4961407800509446,0.700895561781664,0.2,15.951682301811536
3343,0.4845847824216827,0.7244628734417591,0.0,52.19755224236397
8975,0.49359545997221277,0.7060390042205101,0.0,60.73700641539939
3715,0.42795040249859206,0.8487479721278148,0.8,66.8007042249905
5470,0.4935225765466615,0.7061866733400832,0.0,50.71833205155045
18888,0.5202576261852144,0.6534311551224826,0.0,6.142449060237967
18279,0.5424120503270586,0.6117293259230576,0.0,18.49563770943469
18026,0.5394198537412834,0.6172610618695493,0.0,5.376497808594965
19508,0.4983938261342796,0.6963646989566458,0.0,23.54409142803558
13469,0.46524643852819303,0.7651880384526593,0.0,19.09526817094708
7640,0.37870289157227394,0.971003308581294,0.8,73.84480087679069
9147,0.4652236809120354,0.7652369548352205,0.0,42.47218062654998
1540,0.45445323137586224,0.7886602719225311,0.0,45.06798859153288
5800,0.4808007007426905,0.732302438310682,0.0,22.965004912384927
5840,0.47048844761652786,0.7539838736767871,0.0,41.12228116062482
17075,0.47483567231127854,0.7447864878319375,0.0,73.09930332129488
10641,0.480248524359405,0.7334515499890921,0.0,3.792677967791491
11478,0.31768341958341373,1.146699927978175,0.0,10.396268320454174
3076,0.43239177636956755,0.8384232119697071,0.0,52.18764873519109
14160,0.5380293503488185,0.6198421657566908,0.2,12.926808674242116
17583,0.5603775259395383,0.5791445689288482,0.0,20.795519434193622
18287,0.41406567904578395,0.8817306727014904,0.0,71.46427034974869
2504,0.5052517766869576,0.6826984062534115,0.0,20.480952187602348
17090,0.48085703516021056,0.7321852772553891,0.2,6.5318246866218175
4180,0.47216017166109503,0.7504370042220557,0.0,51.817674568994946
9548,0.49371362300627303,0.7057996404049399,0.8,51.237525756768434
18148,0.5370322379393565,0.6216971528685823,0.2,13.796703606585547
10012,0.57011032173919,0.5619253899704686,0.0,40.07089925869358
3013,0.4572545010456354,0.7825151480294079,0.0,32.98692510996101
8919,0.4778208500893075,0.7385194073503779,0.8,56.34164626289504
272,0.43409154463555866,0.8344998347848335,0.0,30.65952214731081
707,0.4109539745228873,0.8892740548858212,0.0,21.56578588865996
20981,0.4181344712704651,0.8719521965882631,0.0,6.347811966215803
845,0.47354102666397696,0.7475167245678502,0.0,30.132403045438053
11414,0.5242658750170595,0.6457563282717232,0.0,20.065263658025014
2870,0.47664168897239806,0.7409902465264683,0.0,52.77332060883725
4183,0.4348252193616068,0.8328111232055387,0.0,41.603081184655395
15939,0.4505975333081777,0.797180725237375,0.8,13.13674124417078
4372,0.4645215263695956,0.7667473787028151,0.0,56.20258227393452
10825,0.507775843010359,0.6777151827014283,0.0,8.44653353622548
11789,0.4929647525128739,0.7073176034124933,0.0,11.672508116237076
7459,0.38095946720752155,0.9650622947968472,0.0,68.59662599982124
4929,0.4834279799656363,0.7268529307874235,0.0,19.599590082772803
15795,0.5449491364161781,0.607062816350929,0.2,8.142533910026422
18700,0.4082980405739979,0.895757879654167,0.0,26.339759357776337
11066,0.5225725440078496,0.6489914645741697,0.0,10.72166268094172
1761,0.46636530689512706,0.7627860315857731,0.0,36.56033472668992
20168,0.5249910261946623,0.6443741094991476,0.0,3.876554663640656
7647,0.4344237980168851,0.8337347282145343,0.0,23.490478511800973
21026,0.5077915206874535,0.6776843079851739,0.0,20.215322855494527
16190,0.5662487491961034,0.5687218111125367,0.8,3.7962181976512595
11924,0.44637914545222773,0.8065865861832263,0.0,13.675352434416226
10099,0.46561698846941874,0.7643918959680557,0.0,9.363801090099141
15869,0.49670462250524194,0.6997597504791955,0.0,8.871204410209156
16711,0.500275074644002,0.6925971825485803,0.0,11.904014735565866
20161,0.5819096524454411,0.5414400796491475,0.0,8.151380047994818
4782,0.4845978071236213,0.7244359957366086,0.0,49.207314457708335
13686,0.4328951918736691,0.8372596313788141,0.0,14.585480443879238
10031,0.42470946048179914,0.8563499662298262,0.0,7.905394636482817
2229,0.5085088643720318,0.6762726312520886,0.0,19.61866789752193
15385,0.5117511078050481,0.6699168897043454,0.2,6.887248088105483
5573,0.45223811931383845,0.7935464252257334,0.0,36.19365293888801
20995,0.48543676713396167,0.7227062425055624,0.0,10.45936598438553
20341,0.5352022339093068,0.6251105962057778,0.0,3.718814235400151
16555,0.43460611436354263,0.8333151423136694,0.0,9.683121460963864
19653,0.4670774320213406,0.761260227731544,0.0,24.398389718000526
17139,0.504229884139407,0.684722995577347,0.0,12.066702037098132
11952,0.49694925086212866,0.6992673690405764,0.8,5.104651927370874
5016,0.40546445020890665,0.9027220782984137,0.2,76.00468510684603
6905,0.5265096413371082,0.6414856354445122,0.0,16.037140886112805
3599,0.5699198825532513,0.5622594849567119,0.0,40.09472357198416
5390,0.4372458860895948,0.827259573727813,0.0,59.36620947930148
13146,0.4757090790077522,0.7429487901516072,0.0,5.0766802814063166
5636,0.47460614700643267,0.7452699830912511,0.0,31.014408754273973
19379,0.5638804567032335,0.5729130061499087,0.0,17.45293428321584
14251,0.5622561774778109,0.5757977011371541,0.0,7.908581501996099
7452,0.4484277945710415,0.8020076035967137,0.0,79.859907740026
21231,0.5567754402084205,0.5855932797558336,0.0,20.803202156870423
21036,0.500229465724373,0.692688354388028,0.0,32.14766642145253
7721,0.5254839271598464,0.643435674937175,0.8,17.479250398979662
15240,0.5029556097572763,0.6872533637563147,0.2,6.945726550756014
9692,0.5149195806524285,0.6637445445846719,0.0,25.444646508977122
7910,0.5193550525446695,0.6551675207628413,0.2,45.40638522640998
4790,0.4543524577262066,0.7888820435317477,0.8,64.12822204093885
20454,0.46434805458380607,0.7671208903159917,0.2,16.183181353973957
16465,0.437544084612631,0.8265778134320314,0.0,13.235989353517503
6347,0.45888270513364654,0.7789606459497588,0.0,33.514782980587995
16642,0.49806141062191034,0.6970318950582644,0.0,7.026081449007991
3844,0.47258195841073974,0.7495440901363111,0.0,27.34711658610871
5816,0.4334358215151107,0.8360115409762637,0.8,26.251598018689073
20297,0.49084514894290887,0.711626579865024,0.0,34.94442287851521
18284,0.5547729119257808,0.5891964166689433,0.0,9.673131339048172
15874,0.3253485707174902,1.1228581461121423,0.0,7.491709339904541
14207,0.4856782241261531,0.7222089646356084,0.0,5.9755570946154
11346,0.38577766481882914,0.9524940733464932,0.0,9.697723216142263
15598,0.5032895409231556,0.6865896464148455,0.0,4.327574359323123
11591,0.39868970064836995,0.9195718572626493,0.0,11.697414241779784
18439,0.5302339822172656,0.6344368939761416,0.8,6.603536231857003
3723,0.4717689099747492,0.7512660107997019,0.0,52.60364642009741
18699,0.414838066219301,0.8798670367812047,0.0,25.408361663655526
8907,0.4569220173536098,0.783242543012748,0.8,40.45838961538369
20016,0.3209261295692095,1.1365443082877795,0.0,7.660126825628311
11447,0.4685040084437345,0.7582106214304762,0.0,28.97843053338894
19257,0.40006849148272866,0.9161195178252952,0.0,30.062458971979048
4399,0.44743411598929855,0.8042259789457183,0.0,57.944484237341925
17156,0.5348788970908376,0.6257149182874266,0.0,3.585972237879491
17741,0.4499022088395801,0.798725033523635,0.0,52.0369371528225
8620,0.4818530253268418,0.7301161381389353,0.8,19.26411307932011
12621,0.5472206584550987,0.6029031603617552,0.0,9.197046435289767
19753,0.44916202727857657,0.8003715937993026,0.0,12.302112034362128
1438,0.4170373083800896,0.8745795926480213,0.0,55.41423762315138
5228,0.49793206479397273,0.6972916273393633,0.0,59.339516422597235
8687,0.525492269699487,0.6434197991453812,0.0,17.127834366003555
714,0.4702414057064722,0.7545090869776341,0.0,45.36485885453024
18881,0.4552591691350604,0.7868884196984737,0.0,26.388304535389217
20467,0.4568396414747492,0.7834228435939508,0.0,24.348781919129568
19114,0.6384776661536925,0.4486685827372958,0.2,11.683329449480134
19862,0.45320256436670153,0.7914160914888186,0.0,25.56669707706731
20747,0.5947781458902177,0.5195668070176458,0.2,10.383542707617304
1236,0.43506737551660946,0.8322543736420098,0.0,55.927494543702764
18307,0.5062256636605519,0.6807727334984992,0.0,9.066872004283857
10880,0.43642876682597276,0.8291301087127684,0.0,7.676915728759049
11146,0.5985151736629982,0.5133034014851052,0.0,1.8621364959986195
13517,0.5131656374615345,0.6671566058839331,0.0,10.410312057417965
4673,0.4778314478590197,0.7384972282173703,0.0,78.59087085752039
1131,0.5044413768505018,0.6843036464348193,0.0,51.78809756060878
17262,0.45325709617345106,0.7912957732679663,0.0,15.196835265240216
10912,0.4587686606757463,0.7792092032183175,0.0,8.935192310805244
3307,0.4734320916460269,0.7477467944955478,0.2,53.40407754613441
20741,0.47658639939333053,0.7411062514570916,0.0,23.454529410673086
5605,0.4965519444311033,0.7000671797586456,0.0,28.55223714909023
5542,0.5016392707202463,0.6898740018184175,0.0,42.28755467919059
6137,0.38094657613597344,0.9650961338027508,0.0,47.22697695144586
1699,0.5007667560200318,0.6916148431487518,0.2,18.085728544085047
14998,0.5755728825270349,0.5523894167412658,0.0,16.139437636134048
10360,0.507687643732285,0.6778888950592773,0.0,17.62714446758514
4542,0.461293726293974,0.7737202885672626,0.0,55.626623452233055
5101,0.5434862125892256,0.6097509405637537,0.0,51.802000525067754
3901,0.39945811747296717,0.9176463566359158,0.0,75.79758765790942
15800,0.4928988572035066,0.7074512837894055,0.0,9.86409973567263
1538,0.454373222543794,0.7888363425726094,0.0,39.59563997469837
19555,0.5423108927128737,0.6119158391984101,0.0,6.50833696141951
1409,0.4226142751684028,0.8612953949849772,0.0,41.471374582759125
10441,0.525590728795908,0.643232451244502,0.0,50.168914347768556
13267,0.4065322103765129,0.9000921148148566,0.2,9.435665461058038
5595,0.3792213836723563,0.9696351186501895,0.0,53.334780737035715
8718,0.5168117392675059,0.660076611470832,0.0,48.68725479015678
17417,0.4773508469675862,0.7395035302281865,0.0,8.430339609880356
19894,0.5105874468359924,0.6721933596003717,0.0,30.754862956162377
4615,0.453459785870587,0.7908486883961037,0.0,61.22552797188356
7361,0.46038021392470285,0.775702578894772,0.0,28.55361595345245
20859,0.5363652363511613,0.6229399388635571,0.0,30.58635004766974
8122,0.4928473893618941,0.7075557079083683,0.0,41.363708735647435
4639,0.45793776932052777,0.7810219789457845,0.0,49.16924011462581
6597,0.5101554333906925,0.6730398283428217,0.8,41.76885267123507
12156,0.4029348495460736,0.9089803937618173,0.0,4.495135431816898
996,0.4171251362420235,0.8743690152890796,0.0,53.94070057658335
2963,0.4552796294713936,0.7868434785353559,0.8,65.38669486722986
10798,0.5430464605879406,0.6105603999314327,0.2,5.745556687058848
7135,0.46073133935514593,0.7749401838380596,0.0,55.631023177134225
2560,0.4955658871915965,0.7020549629286679,0.0,69.33845798514955
6152,0.44696265425345383,0.8052802353902808,0.0,50.27364534116726
8407,0.46595842777906626,0.7636588596105449,0.0,48.0035992943466
1806,0.43409154463555866,0.8344998347848335,0.0,30.65952214731081
15220,0.5553380639613219,0.5881782264219467,0.0,9.832869343148364
7990,0.500386377305257,0.6923747243705476,0.8,36.81010021384819
4137,0.4350562746898012,0.8322798891576638,0.0,55.92920918637418
2482,0.4699750915904935,0.7550755822983743,0.0,37.79153519834144
14178,0.443235232248124,0.8136546515639504,0.8,29.706531514830605
9837,0.5067419503762781,0.679753378578801,0.0,19.858995058901804
16641,0.4905783307187927,0.712170317071682,0.8,6.9614649172935446
2741,0.47281676701112846,0.7490473502975469,0.0,63.79074382675928
19686,0.44551243995242296,0.8085301088866665,0.0,17.71489379126056
4941,0.5006877140364423,0.6917726975218003,0.8,19.42843557656294
13881,0.4273388963848547,0.8501779121930831,0.0,13.441313148521495
5191,0.45600577844982815,0.7852497975089437,0.2,53.243865755223396
1656,0.4445860788734646,0.8106115895179117,0.0,51.10906010065677
4744,0.5167224627350112,0.6602493711773686,0.0,41.70464961624337
8760,0.5069144568445675,0.679413013798929,0.0,21.197686548877584
16149,0.5683132510418998,0.5650825139670869,0.8,8.091981697011526
18957,0.49446881148474564,0.7042712007178297,0.2,7.0240491655849855
16717,0.5004496411040057,0.6922483024639231,0.0,11.91117111349497
15364,0.47689511714958943,0.7404586924605288,0.2,6.470869103759343
13145,0.3905901683664067,0.94009643144926,0.0,6.113917351721985
12979,0.44923417692003986,0.8002109750404939,0.0,14.366987461254137
19615,0.49025048916792735,0.7128388161133646,0.0,13.255237806022498
13659,0.5512439270130003,0.5955778690382283,0.0,2.829917857321907
7858,0.3551588595300125,1.0351900979674045,0.0,41.3092595957295
19511,0.5098820444004435,0.6735758655037056,0.0,23.305725203377015
6409,0.5152992265160309,0.6630075246853147,0.2,19.91674664854837
9729,0.5329686262402096,0.6292927191374876,0.2,9.512703626497393
15657,0.5066064403400956,0.6800208286250669,0.0,4.490041616222316
14713,0.5055781607323268,0.6820526318365102,0.0,10.19361721363527
766,0.4690835285725886,0.7569744270917609,0.0,64.75916454780277
6445,0.40807574167702243,0.8963024804419503,0.0,21.73623224301506
7340,0.45796476240855216,0.7809630358004233,0.0,53.909883366254306
12016,0.561547385803499,0.577059116906697,0.0,3.989296275648213
5305,0.46933313961085155,0.7564424436933139,0.0,55.184366911840655
16488,0.5259629308654947,0.6425245423675546,0.0,8.057257430399192
13632,0.5140881673518805,0.6653604964238743,0.0,10.382285247113709
5366,0.46198993310182457,0.7722121779606904,0.0,27.21275844746723
11120,0.5422763028210754,0.6119796236353875,0.0,2.605931809503515
16383,0.5269986350627959,0.6405573204577989,0.0,10.848157982584212
19788,0.4456043832657576,0.8083237536450971,0.0,21.6541846787113
15405,0.5013331207404356,0.6904844871955338,0.2,20.669652755439806
1799,0.4349428395502485,0.8325406598603894,0.0,40.998463905575505
18905,0.4752693852064151,0.7438735089527474,0.0,16.331742122891463
12742,0.40271882855799085,0.9095166564243747,0.0,6.462343115503836
17579,0.5125998458039808,0.6682597658637981,0.0,28.166480983558408
18690,0.5383867573025736,0.6191780973460662,0.0,16.73483671099413
6310,0.5167148251474074,0.660264152118009,0.0,37.995561844817104
15342,0.5394860297180847,0.6171383894883921,0.0,4.896993673826481
4514,0.48238444971535754,0.7290138693388162,0.8,18.214410579901468
2798,0.46945067143244423,0.7561920520252341,0.0,37.92302967827924
4927,0.48002005239927936,0.7339274001209541,0.0,21.874706384581906
5488,0.3713474927298831,0.9906170166605066,0.0,52.62157864581701
3184,0.4460586594833511,0.8073048121052594,0.0,62.97461805209993
9927,0.545077850651167,0.6068266492888026,0.0,43.34653748385215
16448,0.48615245561038367,0.7212330096019582,0.0,1.324328035284916
7302,0.4251310095846945,0.8553578997130685,0.0,24.653554891721527
9385,0.44674083657941277,0.8057766364469429,0.0,48.78977779589754
7131,0.43448880781995586,0.8335850933657466,0.0,10.92412908709835
675,0.4696205948439572,0.7558301552885971,0.0,33.26408386561533
11656,0.4818988101842193,0.730021124348611,0.2,24.541119168113518
12733,0.4802502752069674,0.7334479042842497,0.2,11.963636593097934
691,0.4344237980168851,0.8337347282145343,0.0,23.490478511800973
9333,0.49954656827608307,0.6940544554572068,0.0,26.953605466058605
16007,0.38304061017006524,0.9596142636468352,0.0,5.942603163362574
14459,0.6356605699198228,0.45309055320255137,0.0,6.087951466996155
7909,0.51167162783042,0.6700722115904446,0.0,45.246627110093826
10748,0.45097553845220867,0.7963421794155867,0.8,7.653246402874736
19106,0.642339894749409,0.44263768431751466,0.0,11.796514893344785
10772,0.5631707280608996,0.5741724498127031,0.8,3.5638885427371516
17738,0.4867735568967973,0.7199562396054676,0.0,7.8162050223869475
8617,0.5175617156044324,0.6586265037465555,0.0,20.556393356109552
17829,0.4103307841516807,0.8907916539505316,0.8,8.864713514681668
5886,0.431074520478218,0.8414743024825304,0.0,69.44476741655609
15715,0.4810537945802821,0.73177617608565,0.2,1.3137943524751303
14390,0.5776703029149166,0.5487519832373433,0.0,3.6003618216799067
11658,0.4558295224565768,0.7856363936305709,0.2,24.28402099455266
19998,0.5606856511546436,0.5785948671294137,0.2,17.93933557693559
2789,0.4881888085376438,0.717053045215482,0.0,27.108187857858226
2305,0.5037339072581185,0.6857071121211161,0.0,16.755252918472365
2854,0.45391669717273375,0.7898415841801488,0.0,62.14473608433464
7101,0.4344237980168851,0.8337347282145343,0.0,23.490478511800973
14958,0.4700541598299546,0.754907357236169,0.0,4.71284903762
13317,0.4626877109102236,0.7707029429416177,0.0,6.844227728812903
4885,0.4669868679201328,0.7614541417939855,0.2,55.51762281436932
17756,0.5177427526057286,0.6582767766687727,0.2,11.210782916259209
6419,0.5110072011838241,0.6713715965414779,0.8,52.72281065685686
13127,0.5238046835975345,0.646636405372452,0.0,9.678206775802668
20125,0.5966330492585381,0.5164530124275141,0.0,15.367575613200351
7494,0.46628418676093913,0.7629599879004321,0.0,29.89468036621018
3411,0.5117929908030608,0.669835050537683,0.0,55.44258472839769
12260,0.4393891720166371,0.8223697619919829,0.0,15.742213106189697
16566,0.4808422368126152,0.7322160526714215,0.2,11.477486765283661
7015,0.4347036608351717,0.8330907195018675,0.0,33.86513584095758
19149,0.4879013990159121,0.7176419447409843,0.0,10.511301104706622
20599,0.39408905003340033,0.9311783799086175,0.0,30.476539057362874
1690,0.5000126548263792,0.6931218712274707,0.0,47.5239027929036
18955,0.3735877822161647,0.9846022760097243,0.2,16.349319403436414
19370,0.5201622114470775,0.653614570960884,0.2,17.35346636034313
11700,0.48749940040205164,0.718466218489501,0.0,6.818244591612887
3303,0.4729143448013153,0.748840996103814,0.0,50.64037236152042
12817,0.40949892403608396,0.8928210031989753,0.0,7.283633737285556
10997,0.37216516099386104,0.9884175420731727,0.0,37.19217364426742
20050,0.5149159892494032,0.6637515192962283,0.0,10.288148232590151
15925,0.5308097761859112,0.6333515588603992,0.0,9.285250862087016
20385,0.5304914244648925,0.6339514860636695,0.0,21.297602157342034
10964,0.43694104475373846,0.8279570020179354,0.0,8.623172144432745
18447,0.5376035892651707,0.6206338133349737,0.0,6.5020698707703595
17842,0.5845532979812451,0.5369073166305123,0.0,12.570181208472176
7712,0.48678044130018844,0.7199420967774293,0.0,51.19868067436464
11215,0.2986420801593009,1.2085094789590651,0.0,7.967340447465546
18108,0.4779681218430264,0.7382112394195707,0.0,31.082383897834738
17101,0.2745668597706139,1.292560478398882,0.0,10.159525532790656
10719,0.49128716502184944,0.7107264646717871,0.8,7.279615692396496
15323,0.4563273747700554,0.7845447999268383,0.0,6.690598519156618
9959,0.49311956175170446,0.7070036155762344,0.0,48.217644424695365
12686,0.39700629364585366,0.9238031454083785,0.0,11.135984670970425
10806,0.45633649125893244,0.7845248221689438,0.0,10.71778546601409
20107,0.4670323947993894,0.7613566558403017,0.0,21.432570040685043
19522,0.4588350448544512,0.7790645129159122,0.0,26.936156128446715
18870,0.45227744619700017,0.7934594684398337,0.0,26.526936319304532
16479,0.479195312451316,0.7356470142585498,0.0,11.328964089738434
17482,0.5125998458039808,0.6682597658637981,0.0,28.166480983558408
13346,0.5242997809905505,0.6456916571215504,0.0,10.295875944237718
2584,0.43520376434006525,0.8319409337993536,0.0,49.666877556144776
17442,0.34860739688673126,1.0538089272838937,0.0,38.46402584586212
3846,0.44221643237630665,0.8159558507419741,0.0,45.86080319763698
11050,0.4667892250514842,0.761877461416511,0.0,12.943917165611797
15757,0.4783728430894588,0.737364844074324,0.0,7.178247207115328
81,0.46600202036201116,0.7635653093250931,0.0,40.18262440323302
3218,0.5141703495787631,0.6652006490203187,0.0,55.24824010738571
16023,0.48575440627745464,0.72205211968502,0.0,3.79207319353083
17286,0.47562759176642067,0.7431201012006484,0.0,3.8932062711379283
2461,0.506050710798528,0.681118395746834,0.0,16.34684149792401
15818,0.4401633266848123,0.8206094239354597,0.0,5.391198820811952
16898,0.20050717259272433,1.6069052593455735,0.0,11.154734472192242
18042,0.462752710068797,0.770562471103114,0.2,37.39924941741114
17672,0.4771968525113725,0.7398261845232703,0.0,9.822672215226692
16194,0.5370495552172883,0.6216649071345169,0.0,19.411176004280506
7877,0.5012057487996086,0.690738585954958,0.0,14.902684860230288
16308,0.4260323073862069,0.8532400966536353,0.0,10.510637556146312
12181,0.49362970167931797,0.7059696346208504,0.0,6.233359365556495
6302,0.5066729294184905,0.6798895931919282,0.0,18.047670599937682
3150,0.4344758721269004,0.83361486602131,0.0,10.836993258277019
8908,0.4582056001889934,0.7804372868877298,0.8,47.21645585670766
15239,0.4457697449493323,0.8079527272034774,0.0,8.714174564582223
12135,0.49214518060151985,0.7089815234946997,0.8,6.696330949180918
18051,0.45210108866643534,0.7938494766631644,0.0,17.798104570280195
20585,0.44563314979150503,0.8082591995286231,0.8,6.295935033186578
2143,0.5008765627866831,0.6913955899175277,0.0,60.22747025971021
15917,0.5098194112690856,0.673698711521211,0.0,5.850736767315774
14825,0.4388485434527827,0.8236009289587864,0.0,13.121608953955912
20142,0.4847498177424117,0.7241223608420939,0.0,7.1072613583882145
20829,0.4635728135614336,0.7687918112519402,0.2,14.845370564461351
14604,0.5021525362185348,0.6888513484365658,0.0,5.896567667435573
4497,0.514945994608312,0.6636932486553315,0.2,47.96876095772074
15602,0.45150819310411366,0.795161759879744,0.0,13.194119409281143
8328,0.44442796744057966,0.8109672901622548,0.8,64.24888232566676
20578,0.532515613835294,0.6301430600720105,0.0,8.258654761412686
14508,0.5164742101874097,0.6607299235424411,0.0,7.48078421199091
15497,0.3834154027752651,0.9586362750114992,0.8,16.493337495548097
17173,0.4689874889110115,0.7571791869875953,0.0,11.447034249883398
2450,0.5020342450206983,0.6890869444443877,0.0,48.89416277614932
11933,0.4880469385394742,0.7173436922228121,0.0,4.947160681743582
7926,0.5146674828455016,0.6642342512270776,0.0,45.99821936362254
4525,0.43448880781995586,0.8335850933657466,0.0,10.92412908709835
10167,0.3328126432455463,1.1001755802352318,0.0,11.488253383917572
6715,0.45673825213840225,0.7836448046056435,0.8,39.213586739914646
6832,0.45384328757648074,0.790003322079255,0.0,62.141664207832775
1302,0.4590196366226323,0.7786622885237617,0.0,47.46336122273913
11164,0.4180537261354962,0.8721453232922045,0.0,13.9674059884668
1303,0.4579546492363982,0.780985118905172,0.0,56.59408676063216
4465,0.45714549185867387,0.782753575825392,0.0,39.86563985566465
10102,0.41448212270010487,0.8807254351315844,0.0,67.88191358470704
19525,0.49129310578353647,0.7107143725061624,0.0,24.169264999707874
1414,0.4344237980168851,0.8337347282145343,0.0,23.490478511800973
11564,0.39670191116999276,0.9245701338026918,0.0,7.174664449926199
2435,0.5049412155853105,0.683313261263903,0.0,20.715326121366566
12665,0.4793792694002362,0.7352632007198617,0.2,7.802024944757318
3798,0.460537461466594,0.775361077048035,0.0,59.17943479724483
577,0.423077787704421,0.8601992215602047,0.8,59.108589640765445
9258,0.4576717197553491,0.7816031209628574,0.0,58.08171016589202
16110,0.5289199534340893,0.6369181753331292,0.0,8.52928974254395
10060,0.49805909661652187,0.6970365410933006,0.8,31.227233850199802
14742,0.3766014656968895,0.9765677708471431,0.0,35.64472363592073
15124,0.4846392651512192,0.7243504479819692,0.0,13.317544437419945
2176,0.48216441268729726,0.729470117934308,0.0,53.44463052793152
19984,0.4984159484003487,0.6963203128227257,0.8,5.382034078041437
1312,0.46292069385336826,0.7701995271410135,0.0,47.544419395923434
5753,0.5156053468724591,0.6624136377760357,0.0,17.789119202700288
5912,0.45539850463695625,0.7865824089833693,0.0,41.05173484463549
3940,0.47412990429160057,0.7462739351476355,0.0,43.99657551947897
5853,0.36462671036937266,1.0088811600424896,0.0,80.76093609168606
9827,0.5077915206874535,0.6776843079851739,0.0,20.215322855494527
10822,0.506975820460034,0.6792919679285523,0.2,10.728738090347294
11648,0.47600933333422457,0.7423178170979388,0.0,11.548238753489498
14240,0.49858799424006367,0.695975187123489,0.2,10.702010683377205
17110,0.6027977569633803,0.5061735332662812,0.2,2.773932223459188
569,0.42242765531104887,0.8617370768794648,0.0,69.97735761861858
7658,0.4726449271495026,0.7494108549526363,0.0,51.72808540661593
17532,0.43977826222281446,0.8214846285886578,0.0,3.688507413994717
3365,0.45852510038591243,0.7797402442128093,0.0,37.73162696706919
2554,0.4269957499723089,0.8509812190294891,0.0,27.276080197522134
12799,0.5259258750098834,0.6425949982093122,0.0,5.121835908121032
12436,0.5650943665456831,0.5707625413472187,0.0,5.15692520462896
17950,0.4351529025370173,0.8320578095700382,0.8,31.135187497218517
14311,0.6161242848627565,0.48430657465882043,0.0,16.679517766155907
1339,0.45524332474168994,0.786923223322799,0.0,68.58429556997277
16603,0.39077486186875154,0.9396236856809242,0.0,17.02269151234961
14654,0.4516638992076759,0.7948169615706946,0.0,13.829814828131477
17160,0.4194268230322648,0.868866206831537,0.0,38.45601685600075
14148,0.44028353363110057,0.8203363649867526,0.0,5.842599570930806
12074,0.5110686002096604,0.671251450803116,0.2,7.663677850948181
9989,0.468980963477743,0.7571931009593329,0.0,45.96540569173583
2109,0.4344237980168851,0.8337347282145343,0.0,23.490478511800973
4906,0.4686035207105572,0.7579982396832363,0.0,25.09353137772948
2965,0.4485398258347977,0.8017578035776494,0.0,52.617356094782096
6225,0.4650932111207288,0.7655174394599312,0.2,21.824901644161358
14219,0.5163291479705406,0.6610108331980442,0.8,25.8653533482971
9694,0.5082840072441497,0.6767149182464697,0.2,46.01661444075994
20537,0.46144532836147484,0.7733916971456684,0.0,22.289149950845342
15389,0.5332327763609483,0.6287972215223114,0.0,4.854125822714693
12090,0.4963734701355779,0.7004266716093509,0.0,6.877699738907438
679,0.48615983605075064,0.7212178283882054,0.0,42.60594651350645
7311,0.4801997254382698,0.7335531669605168,0.0,49.91829525028977
8471,0.4354432224895061,0.831390864347323,0.8,58.5714870275698
14790,0.4628433044306873,0.7703667175329594,0.0,25.57617414047951
16370,0.38395708707305976,0.9572244850530833,0.0,15.140897488992387
14779,0.3684081212929821,0.9985639300747436,0.0,36.69223244862465
2457,0.41900745364430564,0.8698665700910029,0.0,59.86422206561706
7826,0.4681458816681099,0.7589753186708367,0.2,35.11778544706987
9096,0.5260825476455128,0.6422971438701004,0.2,16.715784149287025
5117,0.47256374447485966,0.7495826322062306,0.0,27.348522793553244
20748,0.5690123940870082,0.5638530628663074,0.0,7.650358132198006
19282,0.604783029104296,0.5028855148539385,0.8,8.978015179176671
12003,0.3634876005496665,1.0120100938705132,0.0,7.01611382064861
19869,0.5815847689349524,0.5419985413193754,0.2,5.76984570008083
9619,0.4976446785489223,0.6978689535072442,0.0,23.640310800057897
16890,0.3936224820188856,0.9323629964848431,0.0,9.890693207598819
13556,0.48706670803185137,0.7193541878019711,0.0,21.129230497036815
9767,0.5123377915984476,0.6687711222657496,0.8,17.32785840027951
15898,0.5223988453275508,0.6493239113448112,0.0,5.997739476657031
8211,0.506050710798528,0.681118395746834,0.0,16.34684149792401
4203,0.39444318331484246,0.930280171083983,0.0,86.22767132896621
4611,0.467135830773512,0.7611352054168902,0.2,57.100360555294756
15373,0.49926906950201405,0.6946101111171967,0.2,6.021609603069134
19021,0.4466379731424829,0.8060069160019648,0.0,67.62800930324968
7383,0.4660986660692154,0.763357937505809,0.0,9.128234356469477
9481,0.4759916470367358,0.742354973146841,0.0,44.54129838881046
20483,0.498863004589869,0.6954237608236579,0.0,21.24032708588952
4723,0.5110035287480198,0.6713787832288517,0.0,19.473341684386046
39,0.4396164060613582,0.8218527367183095,0.2,32.60700983739444
15695,0.45724491607469814,0.7825361102536766,0.0,1.4049262349009084
5614,0.4681446451478149,0.7589779599883756,0.0,44.17251785037769
2843,0.48554844114422235,0.7224762204417843,0.0,60.131698252674404
9633,0.4650944337172655,0.7655148107504586,0.0,52.146868090663204
4768,0.5004711506290279,0.6922053229890172,0.0,52.71143112072766
16275,0.5637691785668205,0.5731103691131797,0.8,3.5877856829171915
3967,0.42023301826658976,0.8669459161556938,0.0,69.45537022081714
6205,0.5060653816791792,0.6810894052372248,0.0,17.75600058668246
2285,0.4625021306663286,0.7711041151941527,0.0,52.801353111308096
12372,0.4631659105166922,0.769669951034637,0.0,7.914131110030473
5650,0.46515366150213966,0.7653874731396457,0.0,81.37982366551714
14862,0.4665198214992683,0.7624547697811817,0.2,24.43667478978005
9691,0.5152905802026718,0.6630243040349704,0.0,24.73246521412876
20635,0.46536246307084345,0.7649386865647669,0.0,4.903639488157562
20418,0.5819096524454411,0.5414400796491475,0.2,8.151380047994818
13885,0.4761704785016905,0.7419793407576482,0.8,13.208715550526131
16082,0.5239099339694746,0.6464354911720975,0.0,5.945267537815933
10245,0.4151492192660052,0.8791172588828629,0.0,7.139750621833547
15632,0.5055171859962676,0.6821732430851533,0.0,12.269908891023181
6123,0.432695029720816,0.8377221184805103,0.0,24.293941435934798
15221,0.5573796371153473,0.5845086965080409,0.0,9.771523977792512
12758,0.44409868674539105,0.8117084738030867,0.0,5.284627594485169
523,0.4251184459599678,0.8553874525099464,0.0,65.62532313769304
8212,0.534966800958718,0.6255505882943473,0.8,17.224535353233414
12118,0.5276180835865835,0.6393825835432962,0.0,6.025541330725168
7554,0.4530637057025531,0.7917225326967088,0.0,36.515827957756144
11374,0.3689803314506924,0.9970119386638746,0.0,4.201029452009961
5926,0.49859243109164736,0.6959662883295076,0.0,40.07373750146469
4631,0.45847834672261045,0.7798422147419058,0.0,65.73290099456212
17163,0.5453445404719404,0.6063374997110573,0.0,18.60425326770898
17454,0.4779681218430264,0.7382112394195707,0.8,31.082383897834738
12121,0.46692868153796335,0.7615787491683428,0.0,7.360658944809156
16207,0.5990209841633667,0.5124586494880287,0.0,4.788926460666177
9348,0.4937324483099402,0.7057615111253442,0.2,27.909340357430324
6883,0.4344237980168851,0.8337347282145343,0.0,23.490478511800973
17809,0.4757557285379971,0.7428507318105897,0.0,11.753755874098093
7034,0.44491336421864125,0.8098757029190208,0.0,66.41385170405361
1962,0.4692706966161318,0.7565754987531843,0.0,59.38739296652138
326,0.4215090716913982,0.8639139793723093,0.0,53.37247935936757
5042,0.49423537418255753,0.7047434093114814,0.2,49.67383694707825
16178,0.49018633190986055,0.712969690957677,0.0,13.78277293888414
12222,0.4655501335133868,0.764535489861286,0.0,9.400613914746721
9190,0.4713119074919063,0.752235180164936,0.0,51.94560059585361
548,0.4631606622982535,0.7696812822834488,0.0,55.116874157992854
8014,0.4514616730290219,0.7952647978146247,0.0,51.31843339850106
11903,0.5209083753135506,0.652181115816286,0.2,10.10228502373767
4329,0.475617177295627,0.743141997711689,0.0,36.07582408331855
17700,0.5013293601577232,0.6904919883891737,0.0,11.326554200573824
7622,0.45596846688795073,0.785331623420342,0.0,48.91438004490391
21116,0.39167542858446475,0.9373217704682587,0.0,6.75480938893789
11313,0.5465395577326825,0.6041485902107724,0.0,9.642514295412598
7638,0.4283130824763716,0.8479008497038593,0.8,27.499546636849644
1106,0.45317341801796673,0.7914804055247404,0.0,41.99199617591389
21097,0.574197708189831,0.5547815026130813,0.0,1.8640658567161663
4880,0.47375686182085686,0.7470610386358147,0.0,49.86258537598847
20072,0.42944862964693375,0.8452531497240368,0.0,5.714375998544214
2591,0.4645948950313947,0.7665894465852426,0.8,56.09518509332047
13418,0.40551955010567303,0.9025861942444007,0.0,11.556262496390465
4393,0.4814313348064285,0.7309916647535106,0.2,48.976441538485204
9428,0.4385674655375942,0.8242416237305331,0.2,74.64744152123211
17392,0.49798263627398354,0.6971900694850611,0.0,21.62334957954812
13588,0.5801167257919175,0.5445259443246364,0.8,7.734991257237632
18473,0.459570823677909,0.7774622170114869,0.0,25.683464220343147
14011,0.5392392740098387,0.6175958844812268,0.8,9.277524980878844
1450,0.4197897164240205,0.8680013682652964,0.0,55.45226926587942
18088,0.41415788945849863,0.8815080023583555,0.0,7.128314398861148
15198,0.4822555348790693,0.7292811500634689,0.0,12.054287639769402
21260,0.49327676964297246,0.7066848635947123,0.0,10.689315532487232
9476,0.4849871231804422,0.7236329385405333,0.2,51.40326843924975
11546,0.4334351143943709,0.8360131724088345,0.0,6.080407320053474
20896,0.48523214342502813,0.7231278563220528,0.0,11.247892315641243
3466,0.4528016969284107,0.7923010044667703,0.8,50.72707301994036
2670,0.5051242991550219,0.682950743052867,0.0,58.3499427921225
18493,0.5534633160711975,0.5915598053239489,0.2,16.59029478544258
4664,0.4430836381813936,0.8139967272508534,0.0,66.44207919220925
9299,0.45314811881830186,0.7915362338343264,0.0,35.720841406778966
1595,0.45943443518450744,0.7777590346696834,0.0,56.11531850509903
16119,0.4900279923193802,0.7132927623267515,0.0,7.225655763999873
12010,0.5506104612237075,0.5967276867743043,0.0,5.710683922594222
9132,0.5297223259132678,0.6354023230977269,0.0,18.763430128421714
18430,0.5276134449981115,0.6393913751465538,0.0,6.658941627687025
17289,0.5169354069534319,0.6598373504736568,0.2,11.527358531652881
16688,0.43880498157807474,0.8237001979151601,0.0,13.84022160139774
2212,0.4601191522502481,0.7762697964096281,0.8,34.214088907766936
17210,0.41596941906842466,0.877143533277751,0.0,86.66879705830297
8506,0.5077915206874535,0.6776843079851739,0.0,20.215322855494527
3302,0.47285955035666094,0.7489568682905939,0.0,50.13142615052293
9210,0.4579901448317982,0.7809076129339658,0.0,33.28618998023643
1890,0.4510054851733071,0.7962757773066176,0.0,76.54599436055047
20948,0.4436942076192572,0.8126196754058197,0.0,17.07313879129564
19813,0.4699262508787565,0.7551795096140916,0.2,26.095228185177437
12703,0.5355093591114258,0.6245369119147992,0.0,5.3910030512928016
13245,0.4549445295055568,0.7875797806378022,0.0,13.93307351169854
9398,0.4566477424995674,0.7838429894686968,0.2,51.40442169449281
5013,0.4672947456498065,0.7607950734010163,0.0,43.49845774126253
612,0.43503393472430574,0.8323312400756689,0.0,55.932659968103295
21117,0.39167542858446475,0.9373217704682587,0.0,6.75480938893789
2517,0.4804902262831498,0.7329483915005178,0.0,53.40628577691477
11976,0.4280161413380053,0.8485943707049184,0.2,9.589116550822109
626,0.5084488800327045,0.6763905994562287,0.0,50.86795111016312
1088,0.4251016549888198,0.8554269504496715,0.0,39.435181110451914
7748,0.4836051229863254,0.7264865668602121,0.0,30.167355797400838
7068,0.37125211285786075,0.9908738976817976,0.0,41.403669443322514
14481,0.4368164635412308,0.8282421640043428,0.0,10.04864780202324
20160,0.4973033950740485,0.6985549862707756,0.0,4.3247539093432685
17707,0.5126468242487887,0.668168122659849,0.0,7.032636504988125
7530,0.42365076420333664,0.8588458324838993,0.0,19.105021350021175
12217,0.521127991216361,0.6517596028765921,0.0,6.088999272931023
19961,0.37035982830333075,0.9932802369963858,0.0,10.20789074126393
8018,0.444937915984177,0.8098205211912688,0.0,52.04310912164141
8525,0.42753161057403305,0.8497270504757257,0.0,62.96477314367068
10159,0.5329686262402096,0.6292927191374876,0.0,9.512703626497393
9295,0.4520506821174613,0.7939609768573909,0.0,22.77873630697829
5065,0.4347770630900985,0.8329218779092218,0.0,36.31539578324896
620,0.496926087473404,0.699313981302367,0.8,45.17568212506446
20296,0.48553749063280555,0.7224987735672265,0.8,35.47830194528497
2513,0.4594605682598554,0.7777021553194704,0.8,55.50071561972125
20893,0.4316858143859415,0.8400572368495504,0.0,11.1685608277208
5745,0.5254663782110379,0.6434690712808849,0.0,21.918165240505147
5995,0.4568770894978719,0.783340875032198,0.0,46.51869654897542
14144,0.4747252392269157,0.7450190860434242,0.0,8.776324989902761
17172,0.7311468634298717,0.31314093184677666,0.2,3.5422503817160798
3501,0.4368923878741686,0.828068366215741,0.8,64.05109002208565
6519,0.4840507053608338,0.7255656146105616,0.0,65.35169468654823
19743,0.4985750497983897,0.6960011496614152,0.0,20.405362258020382
8033,0.510259732433634,0.6728354036208107,0.2,20.05722173927181
15254,0.517944144018946,0.6578878726159899,0.0,8.837737241225156
19913,0.5966330492585381,0.5164530124275141,0.0,15.367575613200351
7930,0.5113962324796747,0.67061058322361,0.0,47.23110358109297
5641,0.47838455540321045,0.7373403607230155,0.0,43.59525164047855
20918,0.5645625992745793,0.5717040082287083,0.0,16.730346061910875
13994,0.49002882024330696,0.7132910727840308,0.0,17.30800812599356
963,0.45822050291137295,0.7804047633218244,0.0,52.28711914256224
13257,0.38395708707305976,0.9572244850530833,0.8,15.140897488992387
19046,0.3980821655399217,0.9210968489245536,0.0,69.14674016766978
1864,0.4468753905933949,0.8054754914790975,0.0,48.52989836161562
1350,0.5012057487996086,0.690738585954958,0.0,14.902684860230288
1222,0.460423355570479,0.7756088745538313,0.0,29.438236253872944
4743,0.5168086721929079,0.6600825460955045,0.0,41.69411211043108
908,0.42565079872751527,0.8541359901648964,0.0,39.37566784329363
3144,0.4603286164935719,0.7758146608678786,0.8,35.012513514128756
17339,0.4626479118763401,0.7707889636954458,0.0,74.27322207181886
9084,0.46202117941021176,0.7721445460719046,0.0,55.27589887012155
19491,0.4334923277075196,0.8358811814013909,0.0,6.9252756596547815
19562,0.5856893520842987,0.5349657458633358,0.8,3.333638869844393
13101,0.6842913638815153,0.37937148147229033,0.2,6.786007754722274
8589,0.5300115117345681,0.6348565524179488,0.0,52.91846763618386
13714,0.4883117684273917,0.7168012073911154,0.0,20.50087369214713
9716,0.4725677524254667,0.7495741509512512,0.0,48.14889604385738
41,0.43446448251883707,0.8336410809577048,0.8,66.31614735416774
9206,0.4537844424528478,0.7901329900516373,0.0,52.61692866843677
505,0.466017722963061,0.7635316134701206,0.0,53.47011795926712
8251,0.47500397133600897,0.7444321142750591,0.2,61.08438020380577
8891,0.47354102666397696,0.7475167245678502,0.0,30.132403045438053
20956,0.4457137187816961,0.8080784191988747,0.0,17.70499727070073
11640,0.37911121577569096,0.9699256716279213,0.0,6.684315836786794
2893,0.48970749037080075,0.7139470245550261,0.0,60.042943675680995
12797,0.46611268368977316,0.7633278635948608,0.0,7.550838832122696
12540,0.4691224073204383,0.7568915481706529,0.8,8.510034506039647
19702,0.511085769762847,0.671217855969121,0.0,22.180392821463
7506,0.5216198286773557,0.6508162539899572,0.0,25.189844302361447
16706,0.500210260705578,0.6927267475431378,0.0,11.906241634033389
15449,0.48800588266734246,0.717427818555453,0.0,11.690485673904021
5956,0.4347527419596532,0.8329778187874077,0.0,35.01005988437433
19014,0.4727547538806708,0.7491785156915471,0.0,57.68674856613837
8840,0.5573333755397353,0.5845916982764126,0.0,18.4350993947001
2480,0.4733393410298649,0.747942724818871,0.0,58.41432852025886
9220,0.47354102666397696,0.7475167245678502,0.0,30.132403045438053
21034,0.5231457126436398,0.6478952444603054,0.2,30.50582322257518
7235,0.3920615685896624,0.9363363887960029,0.0,50.421713107928795
20888,0.5171486681354962,0.6594248865546675,0.0,27.794099654074955
17773,0.45210108866643534,0.7938494766631644,0.0,17.798104570280195
16615,0.4805624557403549,0.7327980782894065,0.0,6.698507432117066
8744,0.4543649630057639,0.7888545206092796,0.0,61.11255916993748
17241,0.4837448444497999,0.7261976921630505,0.0,50.36180884341782
8847,0.5130834877401592,0.6673167029198933,0.0,20.500635923825413
12967,0.42678748964299434,0.8514690719733788,0.0,15.238742247451496
11920,0.49780184583500825,0.6975531810703688,0.0,6.804631693789351
6448,0.4344237980168851,0.8337347282145343,0.0,23.490478511800973
690,0.47346426031593275,0.7476788490021439,0.0,47.6944344623672
13866,0.3652699928355725,1.007118492448756,0.0,10.009247064206772
15413,0.495877592228936,0.7014261725758546,0.0,6.165886885084375
5415,0.4545713540807194,0.7884003830099278,0.0,64.4517313110616
16141,0.4560215428293155,0.7852152275369241,0.2,73.2213139771014
9409,0.4674298017479735,0.7605060982168663,0.8,39.05198698299587
13371,0.515971838540812,0.6617030914612188,0.0,9.052098177600609
5075,0.43917182795953136,0.8228645348342679,0.8,47.80020095408179
4750,0.5441070009384701,0.6086093585661075,0.0,49.51341408754644
4509,0.4831714179541363,0.7273837856960387,0.0,19.130193008856033
6530,0.4604447843086706,0.7755623342571971,0.0,58.82640482852971
2113,0.43480121255380705,0.8328663349767655,0.0,39.26381574894696
13747,0.411545283361066,0.887836220299633,0.0,25.820497283283245
10155,0.5361676425538748,0.6233084008536897,0.0,10.27336898440533
396,0.5075345772666723,0.678190437841944,0.0,20.71193659259486
4128,0.434919661878174,0.832593950287421,0.0,39.37753253041239
1001,0.4230279640108878,0.8603169933481633,0.2,69.25551796452714
17368,0.4710899602658057,0.7527062047623984,0.0,7.739701392545315
5990,0.4344758721269004,0.83361486602131,0.0,10.836993258277019
20781,0.4368878593364715,0.8280787316084393,0.0,23.973293723765437
16105,0.5494201305816817,0.5988918649625943,0.0,9.190235424270261
15207,0.44878874449079115,0.8012030042084775,0.0,6.13260821110392
19471,0.41882944915705034,0.8702914845089246,0.8,31.86572250610036
4118,0.47040650040356674,0.7541580636080665,0.0,34.50273141006903
12105,0.39077486186875154,0.9396236856809242,0.0,17.02269151234961
2478,0.46874971820417277,0.7576863028621286,0.0,37.92220177052462
1266,0.45550150362282243,0.7863562612495429,0.0,50.22064394457494
17491,0.47213096280046496,0.7504988683221694,0.0,15.794623784402066
6925,0.4454493782949545,0.8086716674950877,0.0,40.43762759684638
18163,0.5448652178947433,0.6072168215193666,0.0,9.993271118116777
8730,0.3796572627584776,0.9684863733636958,0.0,55.12624629299237
6027,0.49657570999313316,0.7000193197238785,0.2,44.87123866133679
17343,0.46191752885739634,0.7723689128016947,0.0,74.4254659626343
15290,0.5021113624918553,0.6889333462595594,0.0,7.507996101614242
14199,0.4666098567399959,0.7622617950144228,0.0,29.087911435337446
16732,0.41971695529509395,0.8681747108522225,0.0,14.64350335134164
4016,0.48562933308724404,0.7223096351978566,0.0,42.916027636574874
8857,0.3796572627584776,0.9684863733636958,0.8,55.12624629299237
14179,0.45814912770758043,0.7805605415177662,0.8,29.29716960911506
11689,0.5268332345404617,0.6408712235166513,0.0,7.6020142932247206
12963,0.44105063037036446,0.8185956020291716,0.0,13.391404060873512
15160,0.5486275132653601,0.600335549958285,0.2,5.610136017798209
12273,0.4343094671174984,0.8339979411122909,0.0,14.146272192703673
12693,0.45819071485775154,0.7804697735553403,0.0,8.763894600471573
7585,0.46452166427924796,0.7667470818174738,0.0,56.62043919278191
18771,0.5395229330350165,0.6170699872448147,0.0,16.138539666598
914,0.5012057487996086,0.690738585954958,0.0,14.902684860230288
169,0.46734829686326307,0.7606804816026946,0.2,31.09662180217832
1988,0.4604432502397676,0.7755656659736391,0.0,54.735544509251
19841,0.5319130779184379,0.6312751903610206,0.0,19.563534071041808
19808,0.45470128092620565,0.7881146010752949,0.0,26.445185679595006
8774,0.5323206551941663,0.6305092358850937,0.0,18.85853114911508
5239,0.43996053164470955,0.8210702569006665,0.0,61.08352213798123
20761,0.47267684897378714,0.7493433185325453,0.0,58.60801258561597
5356,0.455858828397001,0.7855721042483345,0.0,36.17166610168908
15450,0.5123628837726565,0.6687221476240479,0.0,11.642451850352636
5332,0.4628449179817777,0.7703632313676364,0.8,44.72343469344182
9455,0.45881637440589507,0.7791052047258236,0.0,55.81120597693314
13212,0.4706784787410806,0.753580053436587,0.0,11.0292091290999
8912,0.40424816782326906,0.9057263128214772,0.0,83.03698863587876
5828,0.4469155576757875,0.8053856112168339,0.0,42.27871680058306
20937,0.5296189448951596,0.635597502916139,0.0,27.019568830927213
13226,0.4905783307187927,0.712170317071682,0.0,6.9614649172935446
17258,0.6039318463832298,0.5042939245277661,0.0,3.755855062454637
16003,0.4497784190819063,0.7990002195276751,0.0,6.115747546141578
8126,0.48615983605075064,0.7212178283882054,0.0,42.60594651350645
21000,0.5155479152791845,0.6625250307094471,0.0,4.336888853551374
9860,0.5361343406842535,0.6233705137102407,0.0,9.423180605919864
3528,0.43464275935766344,0.8332308281540534,0.2,21.676499485863957
9680,0.5164118375631593,0.660850697028465,0.0,22.32188451971679
11704,0.5350548943633333,0.6253859310631912,0.0,6.923960375129477
7010,0.5285483212142156,0.6376210469824882,0.0,15.876764434713646
6356,0.42863588568839023,0.8471474717565635,0.2,37.278722167887544
8027,0.5051832618748184,0.6828340207355492,0.0,13.922985266029038
2203,0.4229630023860088,0.8604705685696183,0.0,69.26788076985429
259,0.46925604521803577,0.7566067208749293,0.8,51.01420469152141
15078,0.31768341958341373,1.146699927978175,0.0,10.396268320454174
11287,0.450287633030069,0.7978687158979209,0.0,28.41625392453626
12834,0.4210582871965199,0.8649840054850796,0.0,5.194380217240238
21123,0.5922380560169921,0.5238466032770497,0.0,13.05268571793507
19090,0.6717544732472093,0.3978623724134952,0.0,6.376739234566275
5003,0.438808866504025,0.8236913445317301,0.0,65.91590110300496
3571,0.39796157177476515,0.921399831689008,0.8,89.22283799406955
1827,0.4838568545563093,0.7259661710586028,0.8,62.988454388805096
8669,0.4345145908579478,0.8335257540397123,0.0,10.83583480251626
20620,0.44329352309645736,0.8135231479932745,0.0,26.779146299995013
17020,0.42229835131168464,0.8620432211188048,0.0,15.189197346917922
19719,0.44988604772138086,0.7987609555710348,0.0,5.406285624075993
854,0.4741587128198954,0.7462131761597411,0.0,57.39125526458259
20395,0.42652045592954413,0.8520949508804082,0.0,28.37518540241917
20574,0.5542034669933067,0.5902233907205953,0.2,22.780557896986792
21033,0.5120988832572742,0.6692375412282262,0.2,32.58851995116942
9048,0.48948034606199065,0.7144109688656741,0.0,18.41751458658877
15185,0.441141741450819,0.8183890459906277,0.8,13.388025010990399
14145,0.37216516099386104,0.9884175420731727,0.0,37.19217364426742
2158,0.42137339775954563,0.8642359078450005,0.0,24.846782350543762
4771,0.5038334777431095,0.685509466808659,0.2,53.50401597642471
20795,0.3579099455906568,1.0274738728545503,0.0,27.917698377093583
13640,0.41278672872046024,0.8848242147490774,0.0,4.811275758031304
12002,0.27220405656515684,1.3012032859913332,0.0,7.7474295083468006
12009,0.50002370381083,0.6930997740619912,0.0,6.208614557949067
20623,0.4285482591965749,0.847351923723258,0.0,22.884009934905194
20011,0.41018487962133804,0.8911472950146146,0.0,21.916430272458093
4816,0.47179609928412397,0.7512083797745673,0.0,22.889320248733483
10791,0.4517787992052046,0.7945626012258714,0.0,53.176099965330394
2162,0.481981354261611,0.7298498497843275,0.0,51.089489484902934
4081,0.34853348083582114,1.054020982131197,0.0,46.276789933823494
6344,0.4593051949686354,0.778040377092461,0.2,33.47518841159854
19510,0.5070592205158857,0.6791274764609606,0.0,23.506300556204717
6514,0.4374082353142965,0.8268883430376618,0.8,26.791183576151724
19983,0.5960791035457378,0.5173818966538176,0.8,18.378439894776644
16539,0.5251103550132362,0.6441468384542314,0.0,4.261353239016818
5134,0.47010770565970067,0.7547934495533124,0.0,67.45966743313579
2402,0.48086837625172973,0.7321616923705869,0.0,48.23481447189492
15955,0.4598449523873111,0.7768659063440797,0.0,8.82636145853327
5235,0.5621640731343406,0.5759615266172201,0.0,47.44195252938599
7094,0.43480121255380705,0.8328663349767655,0.0,39.26381574894696
8358,0.36475734152230255,1.0085229642360751,0.0,40.34595841427314
20164,0.5819096524454411,0.5414400796491475,0.0,8.151380047994818
3157,0.49747791857515666,0.6982041081420772,0.0,20.83022110662075
11554,0.4043617871734257,0.9054452889478475,0.0,10.173130200300573
2266,0.502784745137629,0.6875931425480466,0.8,54.215690040534746
15710,0.4928455960286843,0.70755934663409,0.0,1.2992204978384183
7515,0.48929248374003464,0.71479484205574,0.2,59.09209101064551
6442,0.48943283020331935,0.7145080476666561,0.0,21.623871510973572
10758,0.5902428320705202,0.527221246977554,0.0,4.039569037469242
7522,0.5057939585382857,0.6816258891863579,0.2,20.312450977714178
11762,0.37060998600847667,0.9926050199772349,0.2,8.11926075975266
13907,0.5162854896227953,0.661095392037677,0.0,10.862127228580386
10358,0.5057612827720934,0.6816904941923313,0.0,17.72599744720259
14213,0.3871159595520436,0.9490309937491974,0.8,35.261245414266334
6272,0.433491817367614,0.8358823586776042,0.0,58.95478173716721
7855,0.46749749609720026,0.7603612862095561,0.0,17.974180398298927
20135,0.5282962362209498,0.6380980991587484,0.0,5.9505838310073615
12721,0.13828438713366606,1.978442937980829,0.0,14.539577105938147
12919,0.5289844173210901,0.6367963044176426,0.0,10.06679365205995
13143,0.5349926305395853,0.6255023068733663,0.2,8.650696558073875
13278,0.4237611750053106,0.8585852489412558,0.0,8.839349731758578
14976,0.6167806123635259,0.48324188984128996,0.0,13.517484150704004
21079,0.3922972360415766,0.935735471313814,0.0,77.24496244304584
1590,0.4570460335436641,0.7829711633059987,0.8,40.289736007436225
21084,0.535621409472271,0.6243276930882277,0.0,10.376326336529031
14655,0.5420201420815834,0.6124521157208533,0.8,9.223528535671335
19263,0.49959924039313025,0.6939490211619539,0.0,30.86615989939819
15589,0.4799165810800499,0.7341429795998936,0.2,16.334680245897676
19713,0.47228640002469696,0.7501696976996164,0.0,34.851195082849515
3682,0.3938869857381645,0.931691249058165,0.0,87.0246199809595
13731,0.4738821068361485,0.7467967079779094,0.0,21.31731279840633
16241,0.4955266552668096,0.7021341319731852,0.0,9.689450820347767
18757,0.5000255263288979,0.6930961292052922,0.0,24.077120296854538
11092,0.469817081664691,0.7554118479787835,0.0,9.63150106172949
18270,0.4775834699709807,0.7390163281162303,0.0,22.06518007311282
2698,0.5395549190427816,0.6170107032780223,0.0,16.110149839182608
10605,0.4758986664884984,0.7425503329424225,0.0,6.74625533871742
20136,0.5542199670736132,0.5901936185598837,0.2,5.651103925853512
14377,0.5982823635331791,0.5136924566519484,0.0,5.056017867426117
8124,0.4989635470701228,0.6952222378627247,0.0,53.96314670826486
8163,0.5581933138534881,0.5830499359998645,0.0,43.78996517637074
11179,0.4049178087069146,0.9040711739354118,0.0,33.00763704292844
12728,0.4611493543396559,0.77403330941056,0.0,12.001773724139767
18642,0.4270355620006154,0.8508879858475736,0.0,24.833165412538225
5512,0.45545119378381876,0.7864667166863577,0.0,50.585535977123506
20322,0.6146553085723657,0.4866936421658805,0.0,10.079425579894888
8111,0.5067419503762781,0.679753378578801,0.0,19.858995058901804
18842,0.4741409957473783,0.7462505421366769,0.0,7.673321042950785
7754,0.37886872048857234,0.9705655178396482,0.0,71.91890339095248
19601,0.546772808674661,0.6037219034692991,0.0,11.660888887931792
19950,0.518704565718422,0.6564207954302039,0.0,10.79615190095141
2816,0.5003301617372049,0.6924870750031554,0.0,32.896599237680896
5436,0.4908908165169908,0.7115335455345695,0.0,54.076549460627284
19523,0.47007309342089976,0.7548670784528824,0.0,27.026126963739273
1097,0.4504009534193722,0.7976170853308059,0.0,53.67963227689741
8937,0.46264699889634786,0.7707909370770814,0.0,35.48721544870901
8910,0.46862718015490346,0.7579477516991585,0.8,25.114598926032087
14498,0.45809593035853174,0.7806766618692816,0.0,9.372023042826438
15360,0.4969559437337144,0.6992539012136203,0.2,5.401037200326912
1520,0.49747791857515666,0.6982041081420772,0.0,20.83022110662075
14786,0.4389781503046861,0.82330563866113,0.8,23.517724437716947
2048,0.4687869118832864,0.7576069594467578,0.0,48.61374133345369
10278,0.5357927343727137,0.6240078822981852,0.0,18.662671822737188
11725,0.5034889202362777,0.686193572554666,0.0,6.28450380413927
5080,0.4945892538758577,0.7040276510296452,0.8,40.938505340717725
12327,0.5106785847006773,0.6720148794353366,0.0,8.671007907321082
18948,0.5557817528384026,0.5873795926581439,0.0,22.100157173762664
818,0.5179275766082919,0.6579198599949782,0.0,45.659639287557525
3761,0.37952783947155666,0.9688273265457185,0.0,91.99499687034155
1919,0.497752727019889,0.6976518573589389,0.0,26.678208196391303
18827,0.47286205086436,0.7489515802487519,0.0,24.646122898515678
6239,0.5085088643720318,0.6762726312520886,0.0,19.61866789752193
3456,0.4446988356541636,0.8103579997415391,0.0,52.713790356203475
9037,0.45205050073872505,0.7939613780928713,0.0,48.082302147644306
17146,0.5294215880486672,0.6359702116891043,0.8,5.819763118468968
12881,0.4983374480893517,0.6964778248240607,0.0,11.367214648031648
10974,0.5985822824157304,0.5131912823715582,0.2,2.812390647764011
14984,0.6191283869133746,0.4794426176047499,0.0,13.487679703825396
4719,0.5221588586831651,0.649783410418317,0.0,46.107007881568464
16281,0.4402328473216826,0.8204514935875835,0.8,11.210649236548708
18083,0.5432163538540126,0.6102475966849282,0.0,7.693085981913937
7825,0.46827970478118464,0.7586895018031169,0.0,34.06136263658066
204,0.4344237980168851,0.8337347282145343,0.0,23.490478511800973
19781,0.49356496882676976,0.7061007796818499,0.0,7.2227049400111
13352,0.5145837178352609,0.6643970200640149,0.0,10.114780851866097
6567,0.4399653682978689,0.8210592635814342,0.0,68.71855481488073
10006,0.5434284619559886,0.6098572058201602,0.0,51.17006927309626
6778,0.46827391351775643,0.7587018689827746,0.0,37.22570615972137
12364,0.46667420625754125,0.762123895911248,0.2,12.40127954584614
1700,0.5085088643720318,0.6762726312520886,0.0,19.61866789752193
12412,0.4144505179933886,0.8808016891121373,0.0,6.272628822453079
18090,0.5753153515705892,0.5528369510076074,0.2,5.502663005199719
17872,0.5222935555898629,0.649525482138189,0.0,16.952615331581036
2278,0.4595918974526758,0.7774163627263075,0.0,33.428903597231226
4020,0.48615983605075064,0.7212178283882054,0.0,42.60594651350645
5900,0.4625855849447378,0.7709236906198615,0.0,74.07806049013661
1459,0.43184054301159835,0.8396988722762232,0.0,58.820905362310036
7995,0.45373928510682465,0.7902325077715362,0.0,48.54002817246927
1417,0.43480121255380705,0.8328663349767655,0.0,39.26381574894696
1780,0.4657227267718983,0.7641648288706185,0.0,50.43487870546082
2521,0.48652798371353745,0.7204608585302809,0.0,51.15776415967293
2257,0.5118624851514011,0.6696992737063575,0.8,43.23243170908992
18587,0.4278194973447822,0.8490539075313733,0.0,17.835651115846346
20269,0.4217563282158881,0.8633275530073642,0.0,7.971966596476667
19425,0.45706083634690464,0.7829387758385604,0.0,21.928157525364533
6443,0.48943283020331935,0.7145080476666561,0.0,21.623871510973572
1609,0.4823153077922498,0.7291572132604625,0.0,50.41392927978613
18470,0.4375259492558046,0.8266192623586934,0.0,23.93104135853804
9150,0.49655162203152536,0.7000678290354961,0.0,43.46336335364923
13599,0.576710228733854,0.5504153418545393,0.0,7.766360022138951
12179,0.4820743238972185,0.729656977862089,0.2,6.70919638462339
6146,0.449299265769179,0.8000660970734408,0.0,53.27240034115266
15535,0.49098829519208,0.7113349901844311,0.0,10.27487841360627
18580,0.44454767665835826,0.8106979707060992,0.0,17.762391641326104
20972,0.4550916348763445,0.7872564849758789,0.0,26.41639159361723
4218,0.4318629753990746,0.8396469276285446,0.0,63.666232131033
4772,0.47520350366057407,0.7440121379377889,0.0,57.71673932997911
24,0.4989569480663848,0.6952354633727134,0.0,49.81014509159158
21082,0.5431018195613848,0.6104584636221757,0.0,9.727656019522575
7449,0.46500262578612994,0.7657122265588318,0.2,78.9985290120137
4221,0.4821563769992879,0.7294867839402587,0.0,52.53763573053874
7993,0.4615381934273185,0.7731904691411271,0.0,49.3450184541153
8376,0.4288913194594031,0.8465517267422147,0.2,83.84671422510013
3576,0.48385544025745625,0.7259690940324259,0.0,60.29536332641131
16156,0.46131353466305997,0.7736773485863471,0.0,24.41725670819683
15379,0.4741243304896989,0.7462856910706724,0.0,7.963241852318325
6647,0.4729023198151324,0.7488664238354947,0.0,48.11092259943573
20150,0.5500676493111162,0.5977140095718622,0.0,4.159596315722961
10606,0.5045792155937818,0.6840304334891777,0.0,6.677505149127472
4048,0.4883539295040305,0.7167148706297154,0.0,41.34011122259575
2100,0.5090755931145343,0.6751587604634216,0.0,18.15501994454034
8128,0.4989635470701228,0.6952222378627247,0.0,53.96314670826486
20009,0.4384598011255794,0.8244871449740522,0.0,16.959700517075795
16897,0.4907729806281291,0.7117736193557094,0.0,7.367034907809232
10916,0.44063105529562946,0.8195473629951278,0.0,6.0974322321833085
12367,0.4849638327229504,0.7236809625305186,0.0,7.486479405543905
941,0.4344237980168851,0.8337347282145343,0.0,23.490478511800973
13300,0.5855934274039927,0.5351295400933891,0.0,16.55423127149004
2583,0.4355869529847832,0.8310608401974631,0.0,49.697440780004705
4599,0.4746881180760098,0.745097284123616,0.0,36.744468701000145
5465,0.47835367473578255,0.7374049147806789,0.8,50.180403888229904
13947,0.5173324827149156,0.6590695111450666,0.0,10.77216135338227
12763,0.442500414885867,0.8153138769394127,0.0,5.308100569719987
4047,0.4913099725130858,0.7106800417984259,0.0,39.95407496158085
17592,0.4808319549185509,0.7322374359926193,0.0,19.792378397668042
12122,0.4763156421604839,0.7416745307309857,0.0,7.309202868158159
19409,0.48167013183554086,0.7304957730073616,0.0,6.643493506660466
8993,0.3929362892295646,0.9341077941744407,0.0,88.88970111444468
3729,0.46515207604830894,0.7653908815972458,0.0,42.48072386952679
18096,0.5567138513067086,0.5857039030051887,0.0,9.551951713394864
692,0.48626833376897016,0.7209946803510813,0.0,34.469312710091984
7581,0.4284859334712628,0.8474973688547479,0.0,24.238423456067423
10644,0.4872744300024992,0.7189278033136514,0.0,4.289482855712431
13193,0.46059793001965976,0.7752297857010485,0.0,12.87889254962083
9728,0.5306051386871241,0.6337371526530906,0.2,9.579887907414466
11024,0.2657874292256482,1.3250584279310695,0.0,18.087047667626518
13459,0.5072748487135951,0.6787023143620058,0.0,11.267136359544761
9974,0.378378079578326,0.9718613727151304,0.2,87.10112916720999
4635,0.49565292765681945,0.7018793398187292,0.0,26.846884748066387
658,0.4967203022206667,0.6997281834930332,0.2,70.41014846398647
10504,0.24130356211350057,1.4216995442823215,0.0,54.23925799061662
15414,0.49464725056203734,0.7039103955786264,0.0,6.204618415440644
12682,0.4014155672335566,0.9127580610262335,0.0,10.282219435594172
2255,0.5171414721542317,0.6594388013760205,0.8,47.13338732212731
5708,0.4427396933215322,0.8147732813670385,0.0,80.78477209078723
10754,0.5084731294532172,0.6763429076562851,0.0,5.526229069446914
13299,0.4607468203924706,0.7749065833947667,0.0,7.522793253486029
5066,0.4347527419596532,0.8329778187874077,0.0,35.01005988437433
11615,0.4028641763813734,0.9091558051549995,0.0,10.159816512774462
17575,0.3309383167362085,1.1058232752424624,0.0,66.797253591139
5798,0.4210823481757763,0.8649268630595693,0.0,69.2296080634625
6541,0.4636219737145031,0.7686857706361166,0.0,72.8925465135243
3548,0.44645294033726807,0.8064212810012489,0.0,48.506241282726336
543,0.4607196847223818,0.774965480098979,0.0,45.761711008592975
2104,0.45632209340805274,0.7845563736190102,0.0,54.45213415331699
3753,0.4509230335423424,0.7964586113771308,0.8,55.13484463815824
3885,0.43779811267559393,0.8259974048309582,0.0,65.75517727172867
8156,0.487355724102234,0.7187609829057644,0.0,55.20443476957013
18355,0.5107607300817676,0.671854037023891,0.0,28.221228261346198
3459,0.44634830839907463,0.8066556712170344,0.0,44.107932348319224
17060,0.7311468634298717,0.31314093184677666,0.2,3.5422503817160798
14744,0.3801073925091938,0.9673014543226173,0.0,35.30650308277553
3091,0.4725364858299764,0.7496403163417682,0.0,26.139959889786084
5230,0.5198261348132917,0.6542608794444223,0.2,53.64939211444264
4571,0.4389043023056691,0.8234738798623789,0.0,60.74766535310056
15299,0.5314643398776274,0.6321191768138783,0.0,5.7526003346943995
336,0.42158134479721177,0.8637425313174455,0.0,26.24481206940115
12955,0.4996513174286279,0.6938447889748669,0.8,7.771061835029096
4920,0.45831730178729,0.7801935360799567,0.8,67.15126038850784
5343,0.3829964402549162,0.959729584218271,0.0,88.43427931604408
4958,0.47794775653819016,0.738253848409127,0.0,58.77976780557957
18731,0.46008852308784215,0.7763363665181766,0.0,25.470043951028593
11625,0.37666948704382,0.9763871682449377,0.0,5.086586331337788
357,0.4602680930706319,0.7759461482442692,0.8,34.64599078310718
4287,0.4567555189926109,0.7836070006167025,0.0,46.84558890419635
18347,0.539331540386769,0.6174247944129183,0.0,3.6510490466503693
2650,0.46065789674577734,0.7750996009587434,0.0,57.244980673995556
19810,0.4562204819170143,0.7847790733465757,0.0,24.763703898946762
15199,0.46730478777949697,0.7607735837055228,0.0,12.574826054295304
11760,0.3904702163361146,0.9404035831972796,0.0,9.87611829441834
11891,0.2163586574947445,1.5308177969586696,0.0,11.281438279809826
6857,0.5049686173052236,0.6832589955878449,0.0,44.05654232915931
13910,0.521559197006543,0.6509324980274391,0.0,11.87925736240663
7981,0.5397873818018308,0.6165799543627586,0.8,16.353241863106923
4349,0.37804089091540105,0.9727529121883913,0.0,74.23077977572686
12428,0.43678531745747484,0.8283134689958083,0.0,6.515928216672274
19599,0.49019363862327275,0.7129547850770349,0.0,13.679963233210739
14720,0.5058145404466536,0.6815851977362734,0.0,10.186631177561214
8761,0.5065693374430486,0.6800940694148236,0.0,16.900337884393664
474,0.4604732637337877,0.7755004841822924,0.0,66.63875980074792
7974,0.4003903786594018,0.9153152611519536,0.8,66.34662726326346
18960,0.4944506107549944,0.7043080100459589,0.8,21.98497396937302
9209,0.46093629387851637,0.7744954366876585,0.0,32.6624122308904
12774,0.3988511541795989,0.9191669788606036,0.0,14.95622603650725
2376,0.5029393617652741,0.6872856693000615,0.0,19.319599272617232
1830,0.4985369132397371,0.6960776436963579,0.8,41.25304112881257
18305,0.4659451204386635,0.7636874190906094,0.0,56.5128690127051
2912,0.44805620338008517,0.8028366004624391,0.0,37.30781474093611
6282,0.4790092120339735,0.7360354499524481,0.2,19.36141273561934
257,0.431981981459381,0.8393714011926618,0.0,36.68892317766378
4154,0.48236224856816134,0.7290598941601286,0.0,57.04893393688727
2763,0.4552796294713936,0.7868434785353559,0.8,65.38669486722986
8264,0.47501019316478343,0.7444190158834623,0.8,59.73962318491467
2403,0.4798321877567719,0.7343188450476771,0.8,50.717569015269625
10507,0.524375220506861,0.6455477812470747,0.2,4.321942506264786
9966,0.4671748179963755,0.7610517487572932,0.8,28.493776428327525
15810,0.4082167195856875,0.8959570701466043,0.0,33.338560905430704
17387,0.487349040376664,0.7187746972648477,0.0,10.293572853557972
13518,0.5140881673518805,0.6653604964238743,0.0,10.382285247113709
9474,0.4575587424408384,0.7818500037311897,0.0,64.17424973786618
7322,0.47712839692223064,0.7399696483775483,0.2,45.55993102478483
3849,0.47565956173595697,0.743052887069919,0.0,51.519574079229415
4310,0.4942811196686707,0.7046508554968908,0.0,40.06996939253406
6070,0.4958229361374684,0.7015363995848348,0.0,33.76775226547633
7176,0.46824670025527865,0.7587599846549451,0.0,20.49031274883007
17949,0.4660986660692154,0.763357937505809,0.0,9.128234356469477
7214,0.48136682343936915,0.731125672835274,0.0,37.79517746658243
2309,0.5255525751417055,0.6433050458261852,0.0,15.773840631643242
2393,0.4317919487621629,0.8398114068321821,0.0,60.479024357691955
19882,0.5425693358696234,0.6114393936796706,0.0,10.403946462026601
13445,0.5578624929773891,0.5836427753252161,0.0,15.74960120498336
11459,0.4373821624440819,0.8269479524487598,0.2,31.73040490471189
11052,0.46354409240568256,0.7688537692543784,0.0,12.710306714078852
8177,0.4344237980168851,0.8337347282145343,0.0,23.490478511800973
12617,0.4957470346690496,0.7016894931048115,0.0,10.406405781231472
17740,0.44924497438054156,0.8001869400687606,0.8,50.49579343427169
7808,0.4336858076831717,0.8354349524872465,0.0,69.8173019113361
17311,0.46093629387851637,0.7744954366876585,0.0,32.6624122308904
20143,0.48372424428534855,0.726240277842933,0.2,7.128048714882539
2772,0.4544596320336328,0.7886461877170404,0.0,37.823476457775016
12537,0.4962279665818252,0.7007198478015516,0.0,4.323091012801548
8630,0.47687540123569344,0.7405000355583049,0.0,19.549202068652633
406,0.45557700328702744,0.786190524348046,0.0,42.33636153558958
7631,0.4996176308500859,0.6939122114212719,0.0,26.458873362671298
17908,0.45385067377749627,0.7899870474287007,0.0,25.735802555438674
2111,0.4345530273554901,0.8334372994781527,0.0,12.168183300656636
2511,0.4607508922247159,0.7748977459724062,0.0,56.61402742890381
6487,0.5049692729992037,0.6832576971040739,0.8,44.0564586029214
6007,0.45359019715698917,0.7905611380080524,0.0,46.90004313122941
10827,0.5040277569812821,0.6851239390516913,0.0,13.12902979053414
16072,0.5067626456988215,0.6797125394496518,0.2,17.98893277805643
19597,0.546772808674661,0.6037219034692991,0.0,11.660888887931792
9948,0.4447738701923215,0.8101892828425433,0.2,24.37454383256747
5272,0.4598229005935447,0.7769138623397126,0.8,38.73692268675748
15399,0.5179323300952966,0.6579106821380615,0.0,4.235727925242441
4851,0.4851219230914242,0.7233550318199071,0.2,40.59830254058252
472,0.48472005487206643,0.7241837611417739,0.8,49.172079867814084
9033,0.4487447396811463,0.8013010614073589,0.0,36.57938856249238
12148,0.43324250139124226,0.8364576583463771,0.0,14.073148664057715
7104,0.4349887488745266,0.8324351128842097,0.0,41.5385102276293
14448,0.6322586938995511,0.45845664279579845,0.0,3.058593368242165
12458,0.47508665121807814,0.7442580679676539,0.0,4.960107715105918
14484,0.44836920658010576,0.802138264138495,0.0,12.06816986267262
4255,0.460428569069857,0.7755975513448797,0.0,36.774955648428374
2834,0.48759771225517634,0.7182645732334918,0.0,59.0557086081217
14806,0.11565209122894266,2.1571688080735116,0.0,14.768700491198137
6383,0.48005634641978373,0.7338517935951271,0.0,19.836014484772328
15576,0.4212679186193609,0.8644862614383632,0.0,20.099305578441943
5571,0.44983129460334514,0.7988826673921314,0.0,35.630168794186375
21182,0.4769541311337953,0.7403349538626584,0.0,12.427336502948771
19267,0.5030207193854956,0.6871239181094857,0.8,23.307244665282013
19348,0.49807030490438925,0.6970140374148613,0.0,8.753798807985545
11043,0.537307563831385,0.6211846038638779,0.0,3.673282116711259
4026,0.552226249435356,0.5937974445141926,0.0,48.713656948270085
17216,0.3309383167362085,1.1058232752424624,0.0,66.797253591139
12481,0.5349846631826799,0.6255171994452972,0.0,4.817045300751006
4674,0.47958676317674925,0.7348304559245251,0.0,72.16035133241951
14409,0.4786057385281983,0.7368781133411373,0.8,9.362036022408946
17865,0.48489704369455583,0.7238186916216164,0.0,15.012361381678266
13228,0.4383183140736608,0.8248098880961581,0.0,9.719147083547476
12161,0.4732652567580601,0.748099251149145,0.0,10.222028193385867
2998,0.40670454253657085,0.8996682968749512,0.0,60.37223721799595
13461,0.4694525875624413,0.7561879703906701,0.0,6.643867517948626
19533,0.5321529715559364,0.6308242904536673,0.0,32.37390119036806
11910,0.42768234851172304,0.8493745353240504,0.0,7.8002312913965275
6601,0.4229630023860088,0.8604705685696183,0.0,69.26788076985429
16636,0.5321680775086306,0.6307959043708994,0.0,10.423902079099571
15445,0.44241261494787876,0.8155123143797403,0.0,5.359057368862925
17695,0.4784775087021587,0.7371460729510834,0.0,24.694393443861294
18419,0.5639927567408715,0.5727138702245751,0.0,9.304309428616676
8941,0.4793677536895305,0.735287223137515,0.0,40.15808036746948
6860,0.4915948979919031,0.7101002797169708,0.0,36.22221678530053
9977,0.49128716502184944,0.7107264646717871,0.8,7.279615692396496
10891,0.45659638600635766,0.7839554599279329,0.0,8.725620239919557
19162,0.5902046745242382,0.5272858962670516,0.0,3.096090959897483
18536,0.5129064221663516,0.6676618633817182,0.2,9.260469968696595
2088,0.4508589554804894,0.7966007256857794,0.0,49.58839517393977
5832,0.4469851171734671,0.8052299798368,0.0,57.84570990520956
15560,0.5309903936882708,0.6330113488863828,0.0,8.248138008800634
11915,0.44241261494787876,0.8155123143797403,0.0,5.359057368862925
12227,0.43006301952646125,0.8438235239946805,0.0,8.627251690008025
16881,0.53045124085505,0.6340272368298046,0.0,18.187387789333503
16151,0.5656949212755819,0.5697003544432022,0.8,8.155260606452956
2880,0.4658832340263446,0.763820247013506,0.0,54.38018225302713
13421,0.5239365165714412,0.6463847535817595,0.0,18.363790750627302
173,0.44507376485371875,0.8095152468369616,0.0,47.84923004071585
18464,0.537643484668752,0.6205596063837218,0.0,6.501292441678405
5052,0.4229630023860088,0.8604705685696183,0.8,69.26788076985429
12360,0.5410573240825899,0.6142300462617384,0.0,3.9018964918905317
18267,0.48642172223016894,0.7206792901370573,0.0,17.036858666265633
6783,0.48615983605075064,0.7212178283882054,0.0,42.60594651350645
19138,0.4675751194802779,0.7601952597813134,0.0,17.727753951085738
6658,0.4487485575901557,0.8012925534685899,0.0,52.12408304848258
16614,0.53383032442911,0.6276772350282016,0.0,6.637686790353215
14837,0.5929183032227461,0.5226986580710827,0.2,1.752216628361153
20090,0.4482880938497752,0.8023191866169334,0.0,26.877692751667272
7914,0.5157623688514696,0.6621091450566499,0.0,45.46041379855973
20293,0.47566081111619063,0.743050260446398,0.8,37.409977397842006
21143,0.4786057385281983,0.7368781133411373,0.8,9.362036022408946
21106,0.5514443663726627,0.5952143223078017,0.0,21.565804967107404
3629,0.37947875923731805,0.9689566541020018,0.0,55.61326760573755
13030,0.45448862519730293,0.7885823927464263,0.0,7.821948870971722
18962,0.5342532642346562,0.626885274863022,0.8,20.857727659179815
9054,0.5184662915589556,0.6568802648840292,0.0,20.589912704645688
16709,0.5007096379776418,0.6917289108248235,0.0,11.88909131448575
15530,0.4167557454942803,0.8752549710172787,0.0,8.124553667477995
15068,0.4587704508359073,0.7792053011281755,0.2,24.259388691511333
924,0.46755246746087015,0.7602437066878714,0.8,27.20152179735976
18060,0.44488288411764315,0.8099442132123986,0.0,17.766125111834093
8176,0.4998728060517175,0.6934016008185997,0.0,57.037132812257425
8817,0.4505474420851871,0.7972918976334045,0.0,62.15289133989711
19622,0.3649928099750548,1.0078776242921474,0.0,39.23667622127314
11780,0.5277122244360805,0.6392041733355518,0.8,5.027341134176343
12505,0.4210582871965199,0.8649840054850796,0.0,5.194380217240238
14232,0.4617568570352668,0.772716809909602,0.8,8.415659354470893
3005,0.4345530273554901,0.8334372994781527,0.0,12.168183300656636
14675,0.5354313492046318,0.6246825967437095,0.0,8.825515293093678
7895,0.5175371536275039,0.6586739619704283,0.0,46.83204684711153
17745,0.4567098777702281,0.783706930450022,0.8,46.59921635665788
9955,0.513116524108655,0.667252317092324,0.0,47.653828038754995
2083,0.44627327563977587,0.8068237889520683,0.0,67.84419977491615
3045,0.45646334524537163,0.784246877361807,0.0,47.399877199084
14588,0.49676928116276947,0.6996295836829061,0.2,6.90674373585291
10883,0.4919872888241477,0.709302398546854,0.0,8.238547196775274
19460,0.4768614658750187,0.7405292582111273,0.0,25.400521640451878
11511,0.5380091889045662,0.6198796392179456,0.0,15.703100948665345
4200,0.42761228727955375,0.8495383647914507,0.0,44.50094313442964
4760,0.43459115224040473,0.8333495697646389,0.0,14.171113502937374
11589,0.4271138681487017,0.8507046311661989,0.0,13.105104210305072
19561,0.5865062118165539,0.5335720196121219,0.8,3.3196182772730856
770,0.4635208856049082,0.7689038343551636,0.0,58.54817988581482
6259,0.45133271927735447,0.7955504747165714,0.0,42.31930725976527
20440,0.5494491069544457,0.598839126435059,0.0,12.663351938955032
8510,0.3792421414827043,0.9695803821739721,0.0,53.331769957102914
5569,0.45528393551809426,0.7868340205538019,0.0,34.502676603737946
8583,0.5205774955984042,0.6528165151731471,0.0,54.474271419102095
11768,0.37230518946286084,0.988041359272702,0.0,8.068148931724433
19198,0.4482880938497752,0.8023191866169334,0.0,26.877692751667272
19291,0.37216516099386104,0.9884175420731727,0.8,37.19217364426742
17340,0.4630082642164351,0.770010375775642,0.0,72.25007203160312
17271,0.6145038015413471,0.4869401635975476,0.2,1.6391624023333284
8833,0.406063759845664,0.9012450877556779,0.0,75.70683924652454
10626,0.5265588783512081,0.6413921239336937,0.0,5.209514963923942
7306,0.5074328717646779,0.6783908491998292,0.0,20.216046788583764
11984,0.49063921830632257,0.7120462108779668,0.0,1.3103074262993009
8174,0.4998581972804666,0.69343082622264,0.0,46.54307631539956
5945,0.4970880525645045,0.6989881004400934,0.8,34.95289804267871
16899,0.21635183618477277,1.5308493252440796,0.0,10.61155669398103
10071,0.7311468634298717,0.31314093184677666,0.2,3.5422503817160798
10497,0.5357252864624942,0.6241337745538394,0.0,9.004377398838468
7090,0.4672979797701792,0.7607881524818079,0.0,18.2931511844686
10275,0.5721680625003271,0.5583225151976654,0.2,39.81397826056913
10478,0.4836232306077332,0.726449124571961,0.0,10.122341766472502
10857,0.36992474524449215,0.9944556852617707,0.0,38.06179516785141
3181,0.4163572095255012,0.8762117104288502,0.0,91.82698658444701
11948,0.5508587491076326,0.5962768564001067,0.2,3.525248590606327
8550,0.44397619430924723,0.8119843344079383,0.0,57.65494543445407
13282,0.44293537603981,0.8143313975922067,0.0,6.405938246695443
16775,0.3455921503087937,1.062495955537056,0.0,89.45737963489914
1855,0.4657883792164811,0.7640238698540928,0.2,64.58293678612014
2857,0.47341727025765395,0.7477781012460627,0.0,27.41728476679819
16480,0.46848316068724544,0.758255120986456,0.8,8.399949920788988
16064,0.4598019911103618,0.77695933627887,0.0,7.49960011198638
3795,0.46084323743814,0.774697342756368,0.0,54.651022626234784
11677,0.4251820607077608,0.8552378236495309,0.0,6.0961350210128735
8283,0.4764816519127504,0.7413260625836074,0.8,50.22484074003941
777,0.43448880781995586,0.8335850933657466,0.0,10.92412908709835
10634,0.4672304205979216,0.7609327370066841,0.0,17.53949900745846
383,0.47016884569470924,0.754663402632528,0.0,53.173585537385364
16392,0.4618649807194541,0.7724826801386039,0.2,7.685121049002396
19274,0.45125195385698996,0.7957294394674342,0.0,18.15058884815354
14224,0.38854577160415477,0.945344299887311,0.0,13.150684793741735
17748,0.45652996652100397,0.784100937024913,0.0,46.818663240784005
6144,0.4476143005383823,0.8038233536839099,0.0,53.70745627250705
12944,0.4589823523396647,0.7787435177224702,0.0,13.572719207812108
15503,0.4238518561407488,0.8583712806976068,0.0,15.329652060190952
6784,0.47780174449570223,0.7385593929968374,0.0,33.23517268485767
9091,0.528101890946071,0.6384660386165596,0.0,17.23858304264711
11325,0.439234578827429,0.822721660493827,0.0,13.913868869778003
12140,0.48479390757520063,0.7240314111888333,0.0,9.622739589169496
14910,0.4754282790117739,0.7435392411559101,0.0,3.311463539672193
18038,0.42585318661722843,0.8536606244660678,0.0,28.745742718289875
5540,0.3862905807299261,0.9511653929105025,0.0,46.04115968274232
17791,0.44654455554430195,0.806216095191036,0.0,21.57434289184034
7335,0.4543787772605413,0.788824117638307,0.0,51.4352780349859
15447,0.45091365104164505,0.7964794189154758,0.0,13.035579760997136
8539,0.5127942790433775,0.6678805297495752,0.0,19.909516961267137
14796,0.4643678868159775,0.7670781813857571,0.0,24.355498915810543
10599,0.5372467799817673,0.6212977369967575,0.0,9.369170122767695
415,0.5061417538448396,0.6809385029897994,0.0,57.743584534020144
19881,0.5526054497365367,0.5931110045498889,0.0,9.764385513113393
10422,0.6533263595017629,0.42567848971464944,0.2,2.311859875204509
18878,0.44990812286818427,0.7987118884676252,0.0,26.693751170089868
8404,0.4673594222080631,0.7606566766322775,0.8,36.047522343010584
15404,0.4747262613958229,0.7450169328657072,0.0,22.30208148745298
14004,0.37216516099386104,0.9884175420731727,0.8,37.19217364426742
6747,0.4538860134541892,0.7899091841513695,0.2,54.49188253754013
12035,0.4818934701339936,0.7300322056787583,0.2,12.321483756816008
20298,0.5318538108338621,0.6313866190683132,0.0,32.40275989362752
1296,0.4354073724953249,0.8314731976302258,0.0,74.6371879059677
14110,0.49367276295610296,0.7058824044591628,0.2,6.299294931487258
6650,0.4663709344378863,0.7627739648459811,0.0,40.86561574857379
2389,0.4170044350245101,0.8746584216895087,0.0,61.66341872911036
2495,0.5046075297864272,0.6839743205987093,0.0,44.49252903311505
15998,0.46418039282170387,0.7674820246773413,0.2,12.593459142554497
11982,0.542091009760393,0.6123213769515119,0.0,6.646748558487765
7030,0.45136374660560397,0.7954817310592416,0.0,53.490183578034795
19850,0.5493399940677668,0.5990377321309766,0.2,14.123512409359046
8414,0.46481185072353587,0.7661225773763136,0.0,56.15678433717865
15014,0.5392392740098387,0.6175958844812268,0.8,9.277524980878844
11311,0.5966039843145119,0.5165017285555158,0.2,4.911931433637211
1993,0.5152765078584286,0.6630516139392106,0.0,16.80504333234318
6477,0.47446902315407213,0.7455589461947565,0.0,49.95244939504869
16484,0.5578599654991837,0.5836473059827936,0.0,7.937895386511602
8894,0.4931846852805293,0.7068715599167045,0.0,60.80862702043491
9421,0.4999214988949452,0.6933041950961921,0.8,17.752055581627737
6743,0.45499229378725886,0.7874747969059139,0.0,52.92224216399341
19279,0.5103461075789281,0.6726661411257043,0.0,19.34217913748508
7871,0.507086857089403,0.6790729743056312,0.0,20.382374909310272
9331,0.5126001652748458,0.6682591426276265,0.0,19.743047253257274
16304,0.5005873835490341,0.6919731029607968,0.0,8.718861031314342
20070,0.46250779916159046,0.7710918591197493,0.0,4.981253255485775
12352,0.5088319708463391,0.6756374331474105,0.0,9.150157906601812
17548,0.48233138348343724,0.7291238835630005,0.0,10.173100540390863
14347,0.4002280419003464,0.9157207895712639,0.0,14.747682460211792
19019,0.46520242347644813,0.7652826488145504,0.0,50.17575873789184
13225,0.5986986996843868,0.5129968129516579,0.2,3.347214479381875
912,0.47354102666397696,0.7475167245678502,0.0,30.132403045438053
1272,0.48586134415894444,0.7218319958719313,0.0,31.76241140706926
12065,0.45651642790649066,0.7841305929429406,0.2,5.570502876878026
3951,0.4709683204294056,0.7529644474625979,0.0,54.30003239259107
16454,0.3767960870764044,0.9760511209506108,0.2,17.47131515809942
15073,0.4627503901237284,0.770567484473827,0.0,11.786214071045954
18744,0.4798357802923448,0.7343113580090501,0.8,36.7192402415717
9830,0.5312013474742128,0.6326141441623382,0.0,17.105887640633036
11007,0.5338355592052589,0.627667429008867,0.0,4.845404163607258
10879,0.463572622273328,0.7687922238907737,0.0,7.565492244417577
8105,0.5063622295042345,0.6805029972209228,0.8,18.373580924964912
6314,0.5083955018653274,0.6764955873351536,0.0,15.774862704239897
11682,0.5561568011955998,0.5867050079518952,0.2,8.322997166710117
19838,0.5228695302010353,0.6484233102813566,0.0,27.330394213884595
1819,0.4810409506474205,0.7318028760191567,0.8,59.55777862811866
16005,0.4332002295149216,0.8365552340426035,0.0,6.6857491177304
13420,0.40311232768754623,0.9085400271198799,0.0,11.834187960357152
3899,0.3942994716957129,0.9306445779530852,0.0,48.46331355680505
2747,0.4170373083800896,0.8745795926480213,0.0,55.41423762315138
13455,0.5255473044720521,0.643315074691673,0.0,12.588389278496463
12476,0.6056258547586082,0.5014928849719794,0.0,3.251933328166102
12520,0.5178621833897097,0.6580461273538468,0.0,5.864506891178236
10455,0.4395306554161798,0.8220478136268445,0.0,29.59865557185738
5958,0.500190061421863,0.6927671299446043,0.0,47.21554025301464
1793,0.46768001565207873,0.7599709441517054,0.0,54.03773073696084
17220,0.5085466869758727,0.6761982545795299,0.0,19.32946440148176
5865,0.3818777332176068,0.9626547917199092,0.0,88.70864052588428
15411,0.5609240440781363,0.5781697764261222,0.2,17.304621584877253
1623,0.47264561611118316,0.7494093972808432,0.0,27.34220231719476
8812,0.4272168721123869,0.8504634974709445,0.0,22.547917369811344
2455,0.5095897477733179,0.6741492931107839,0.8,20.78065247447501
2352,0.4974855754059608,0.6981887169627011,0.0,55.268621391610864
11314,0.5465141745308201,0.6041950347745074,0.0,9.6509588624063
3873,0.3991994783314459,0.9182940413306371,0.0,68.00885445901817
4455,0.4544053021040923,0.7887657432803911,0.0,44.40751074490551
2451,0.4996840075781965,0.6937793651901528,0.0,44.6412327767799
4600,0.47453697915183235,0.7454157310881897,0.0,30.297419887768356
10893,0.4604677218690291,0.7755125194046255,0.0,8.582596984209045
11048,0.4153168796599789,0.878713484673492,0.0,12.201376470212702
6407,0.513409818931322,0.6666808854234996,0.0,19.873755566835644
530,0.5007667560200318,0.6916148431487518,0.2,18.085728544085047
11929,0.5938520768356693,0.5211250195285161,0.0,3.3378057351706394
15689,0.483149833355728,0.7274284594489602,0.0,1.3059886686031734
8675,0.4573086595603255,0.7823967122185504,0.0,54.89686304451358
7982,0.5399091797716992,0.6163543391765668,0.8,16.610749323248214
5515,0.47931285499631027,0.7354017528208795,0.0,53.585049953640805
2250,0.48162173101478295,0.7305962634665157,0.0,58.232173730356784
10592,0.4592243740287494,0.778216356054538,0.0,24.45155796660678
16361,0.4413987204838403,0.817806683931622,0.0,8.836401079495353
10768,0.4326132533288976,0.8379111294810144,0.0,5.605625304400066
20661,0.5107607300817676,0.671854037023891,0.0,28.221228261346198
17624,0.5345655239413777,0.6263009668043313,0.0,16.480170743255524
2890,0.457802738903812,0.7813168887296844,0.0,51.06686934376276
11442,0.45960311787316693,0.7773919491463717,0.0,7.953108693086507
9207,0.4633303025447491,0.7693150828172292,0.0,32.44394373436641
8740,0.45288498945221123,0.7921170721526757,0.0,61.365309035764156
20775,0.5292899274369831,0.6362189302690706,0.8,22.292476029659287
10484,0.4351969133877241,0.8319566758650864,0.0,57.155424266664
19518,0.4753726506263814,0.7436562548939534,0.8,22.66366789932789
504,0.42117376266142525,0.8647097925394942,0.0,39.86312011662825
10498,0.47896553275805137,0.7361266408240026,0.0,10.173270302552229
18817,0.48231638494344103,0.7291549799703905,0.0,3.273942461202661
14761,0.44960542259213715,0.7993849195498162,0.0,27.502838706005484
17379,0.5337596183057728,0.6278096943566578,0.0,15.52645551758488
822,0.5096994426272323,0.6739340551677723,0.2,49.3003004262751
11620,0.4205477775528416,0.8661971852081713,0.0,12.171824364016805
4335,0.4486293842909766,0.8015581568321624,0.0,54.590114846428506
10588,0.5096297060083679,0.674070883628072,0.0,25.303945959390447
4166,0.46714837501429957,0.7611083522586957,0.0,32.133992658051525
2112,0.4346540113280318,0.8332049406303712,0.0,22.71733219773914
2382,0.4642570330982327,0.7673169294871578,0.0,42.386588472786585
20769,0.6396349743215493,0.4468576179639279,0.8,16.476756853570585
17874,0.48466932015826764,0.7242884346922623,0.0,24.328848631830738
5646,0.481006885500389,0.7318736940092103,0.0,22.149425430824714
10682,0.5124325972048909,0.6685860942677716,0.0,17.230130898937084
2729,0.43401671043039225,0.8346722423271303,0.0,24.334868206160465
11182,0.526370754314929,0.6417494584267965,0.0,9.565275506485808
14225,0.5254944881785476,0.6434155774384112,0.0,7.154781300884291
12385,0.43016327399018606,0.8435904354110502,0.0,14.980057703878884
11319,0.5055171859962676,0.6821732430851533,0.0,12.269908891023181
11404,0.532440859236831,0.6302834500324942,0.0,7.377467734543535
180,0.42117376266142525,0.8647097925394942,0.0,39.86312011662825
8445,0.5463358532249193,0.604521376546854,0.2,47.827613698061924
12706,0.4442419268355427,0.811385984683028,0.2,5.463062060819835
10653,0.48609920865946,0.7213425428698018,0.0,4.224542709633428
1146,0.4790092120339735,0.7360354499524481,0.8,19.36141273561934
8872,0.42938440525966265,0.8454027117105475,0.0,59.02178593213251
4997,0.44214512034029047,0.8161171242300665,0.0,64.10599948562377
18524,0.4667760716922406,0.761905640182989,0.0,26.47241065435493
6065,0.5317148086018115,0.6316480074363072,0.0,57.54313251362922
21146,0.44485123255875936,0.8100153615662807,0.0,7.942200481109031
7004,0.5339030915679881,0.6275409329552301,0.0,15.249244790506024
7113,0.4746245394675319,0.7452312307387121,0.0,28.35604776104168
9495,0.4672006714325221,0.760996410327624,0.8,53.313505203695655
2975,0.4932779132073135,0.7066825452957656,0.2,47.43253168543339
7587,0.463580923146059,0.7687743177461611,0.0,56.43956724116832
20824,0.5507238770435282,0.5965217260296315,0.0,9.747463191369599
11369,0.36176621823375826,1.0167570817629683,0.0,11.387679606641779
3154,0.48147130776842817,0.7309086387854528,0.2,19.339840518998642
6260,0.4512864291566269,0.7956530431605234,0.0,40.8209796221647
15157,0.5784786185168111,0.5473536932443965,0.0,3.7466361764170992
5177,0.44446397078329125,0.8108862829190049,0.0,51.572369449620126
13231,0.49047040220698035,0.7123903438830431,0.2,7.1025319187426845
5452,0.4773690421064054,0.7394654140455664,0.0,48.97109591683295
18114,0.5089667295817221,0.6753726288474764,0.0,22.624983066390463
1151,0.4442583318012354,0.8113490573652583,0.0,59.42320322820295
17542,0.3452302133249314,1.0635437994866206,0.0,7.584795989208862
9993,0.46943965382770964,0.7562155214432027,0.0,54.9296055157773
3734,0.467233467361881,0.76092621612557,0.0,50.62442022996916
18586,0.4295089908730473,0.8451126044287373,0.0,17.647219055704994
2078,0.48270080541846866,0.728358267747642,0.0,18.198030374996296
13070,0.4618832373062054,0.7724431529462426,0.0,8.522751678310843
11280,0.45939055657296407,0.7778545449398009,0.0,21.110971133081556
20990,0.5022769241124047,0.6886036697305575,0.0,10.792140777438854
15521,0.46085314646329395,0.774675841044248,0.0,6.049830964381709
10011,0.570433458992534,0.5613587527795969,0.0,40.03049236091513
974,0.48495455894594175,0.7237000853290728,0.0,49.229699408788875
9460,0.4787371936620643,0.7366034883759925,0.8,52.810786874323234
1550,0.4217866080160225,0.8632557610478874,0.0,39.40762680905981
5670,0.48943283020331935,0.7145080476666561,0.0,21.623871510973572
7159,0.47302032655456694,0.7486169177252444,0.0,50.572813249641726
8073,0.45762874818050225,0.7816970170688549,0.0,59.74119393309974
6652,0.4502657959551783,0.7979172129091856,0.0,53.27294527668437
9450,0.5462672277202624,0.6046469949089911,0.0,51.305809689086026
9673,0.53386221796859,0.6276174920999279,0.0,9.486438548711508
21245,0.4517618311904206,0.7946001601672519,0.0,5.378123946643835
17109,0.6039278184426433,0.5043005940783832,0.2,2.763668142023787
12213,0.5162342666799874,0.6611946113359756,0.2,6.354080618499889
4570,0.4177594053278055,0.8728495975103919,0.0,80.42218045654514
13582,0.5647431722921785,0.5713842134951923,0.2,8.734179231344925
15406,0.6004110732467192,0.5101407362771142,0.2,11.912040587165487
13890,0.41374290067245956,0.8825105109336391,0.0,14.872861414625705
15634,0.5318856467203343,0.631326762519314,0.0,7.070859920840352
17724,0.47998323995375947,0.734004092452806,0.0,16.39471538382584
8186,0.428075336110737,0.848456079939538,0.8,65.33748131701573
8113,0.4545239162847503,0.7885047456604849,0.0,38.16363089313022
14403,0.5757019727351527,0.5521651606341013,0.0,5.736167625909699
15015,0.5283357852689213,0.6380232404620864,0.8,9.914561383360686
21108,0.5513815878090781,0.5953281726636341,0.0,21.569929993131307
16030,0.4412997568498337,0.8180309136928882,0.0,4.653000667014433
3335,0.49301765291239624,0.7072102984559707,0.0,32.21979804483652
3736,0.47153638245367674,0.7517590166752092,0.0,52.26604391370408
5690,0.4287372097801458,0.8469111123635226,0.0,78.80508158999336
593,0.5046793581525325,0.6838319857143768,0.0,19.92618018999343
7338,0.4564928806167218,0.7841821746509349,0.0,54.19090882028274
968,0.48434270228795734,0.7249625602451217,0.0,73.7323185171762
20396,0.4333510472835124,0.8362071466895483,0.0,28.640094774117028
9332,0.5213275514591071,0.6513767371580758,0.2,20.33435373949714
10940,0.44376365722629557,0.812463161818119,0.0,5.529624274685166
10545,0.5039187699896852,0.6853401945555407,0.0,8.295015295782061
3493,0.3767837625659052,0.9760838301864168,0.0,88.97004261087761
762,0.5019653112492881,0.6892242627750342,0.2,42.563047713025085
4663,0.44254888418809046,0.8152043478943694,0.0,66.5406506283643
12878,0.4779133502315385,0.738325838589338,0.0,7.701476994131247
14271,0.5391161940449952,0.6178241579384014,0.2,9.91916674964449
16637,0.49214518060151985,0.7089815234946997,0.8,6.696330949180918
3495,0.40631473074664726,0.9006272208085004,0.0,101.85868696796456
3232,0.5043111883010004,0.6845617643414731,0.0,16.203577014190586
20768,0.45145986776069913,0.7952687965415156,0.0,24.522112613267304
12747,0.42495284695320407,0.8557770645583453,0.0,8.235314204144593
7775,0.3805524206957932,0.9661313432436566,0.0,41.58712927188107
156,0.46837526045356703,0.7584854657893005,0.0,53.32153055970177
4963,0.4406907267219068,0.819411949511458,0.0,82.06410799389593
20897,0.4064230939113811,0.9003605587630332,0.2,76.4766229075735
17150,0.527252501094229,0.6400757159754638,0.0,6.176730720205603
18686,0.5288967149376288,0.6369621120513886,0.8,19.13625105092607
18639,0.508769148430603,0.6757609047408,0.8,34.3134494435889
18235,0.5971880053105598,0.5155232983973056,0.0,15.285266092464909
13260,0.45589093198372754,0.7855016823230763,0.0,9.245354036847573
3744,0.417077458606038,0.8744833223802632,0.0,86.63943249611324
19594,0.528151514176702,0.638372077772643,0.0,19.200635779575276
12857,0.438201542443335,0.8250763318741248,0.0,6.347229862661993
13898,0.41374290067245956,0.8825105109336391,0.8,14.872861414625705
6290,0.48057440648728905,0.7327732103493566,0.0,19.80686037889854
9660,0.484907638522582,0.7237968422158115,0.0,47.119173323823
14423,0.5132618200855162,0.6669691934690449,0.0,6.475270353731368
4606,0.4650571401895947,0.7655949988160103,0.0,56.03772570469683
2396,0.4311986823341993,0.8411863152032448,0.0,59.999716384240074
16381,0.5236410976234469,0.646948757531104,0.0,10.554323039739117
17404,0.453594380335082,0.7905519156773456,0.8,29.672180857841706
1079,0.4724910388469538,0.7497364976314574,0.0,29.205989498059722
52,0.4314662941926693,0.8405658846204899,0.2,57.03659450963843
18018,0.5095433113723535,0.6742404223319975,0.0,10.927144313132324
11348,0.46014841792760863,0.7762061938698477,0.2,27.986115297104604
6128,0.48655916419521483,0.7203967728381513,0.0,48.086484586946604
8917,0.4517787992052046,0.7945626012258714,0.0,53.176099965330394
3990,0.4836781798556036,0.726335511074999,0.0,53.15686676086889
676,0.4672883737236731,0.7608087092692476,0.0,22.58460395165075
7701,0.43028286839792496,0.843312453088584,0.0,55.76825020652124
14019,0.5138428072132726,0.6658378828424933,0.0,10.740963969631759
19093,0.7311468634298717,0.31314093184677666,0.0,3.5422503817160798
7299,0.3789102000875743,0.9704560410571273,0.0,71.91079116153473
13869,0.3652699928355725,1.007118492448756,0.0,10.009247064206772
18413,0.5682748938775235,0.5651500092415401,0.0,9.19216455537346
18934,0.38076931889726584,0.9655615494335997,0.8,6.579336062657974
3892,0.38417688825439944,0.9566521859636044,0.0,55.014675292354895
2290,0.45280948125370696,0.7922838131478379,0.0,56.33137790588212
3355,0.4604447843086706,0.7755623342571971,0.0,58.82640482852971
1530,0.43239177636956755,0.8384232119697071,0.0,52.18764873519109
19794,0.5779288300179002,0.5483045493479799,0.0,18.152443860205963
18158,0.5562199169392699,0.5865915288710967,0.0,9.585198805912745
5151,0.5029074599449631,0.687349102060663,0.0,26.610720591159723
20974,0.39107079672612405,0.9388666695914903,0.0,4.599151109801366
824,0.5127730905603267,0.6679218502589475,0.2,47.76909965944097
4578,0.4691290395406126,0.7568774107660231,0.8,53.77614234473249
5240,0.4413797517508101,0.8178496590009734,0.0,58.59484075343103
7575,0.4695120690535619,0.7560612744798474,0.0,29.380544471894922
3593,0.5233791702556239,0.64744908666765,0.0,50.19996236616109
6656,0.4680834292968846,0.7591087312239077,0.0,42.229216633031584
9041,0.4874900274523917,0.7184854452613868,0.0,15.616280906083842
5440,0.4145361141188469,0.8805951812567709,0.0,80.13416149436615
12861,0.458113392194912,0.7806385442995244,0.0,5.990229917328796
6725,0.4818975161826068,0.7300238095665914,0.2,45.55713494486079
9159,0.5034653151305152,0.6862404567226603,0.0,47.007471285502234
10274,0.24130356211350057,1.4216995442823215,0.0,54.23925799061662
12468,0.43884711196600285,0.8236041908794102,0.0,7.349843427104479
3575,0.48226155361720197,0.729268669749321,0.0,57.222066283158036
8509,0.5036097946167369,0.6859535278018388,0.0,17.93768514452384
4520,0.436588252936447,0.828764741008272,0.0,58.883737377827
8405,0.4670108410766608,0.7614028072857691,0.0,47.01243503031576
18943,0.5400160446115303,0.6161564276216424,0.0,23.629599234335007
6340,0.43448880781995586,0.8335850933657466,0.0,10.92412908709835
20466,0.45500121570503627,0.7874551881555555,0.0,26.42305907887192
13488,0.4966614503396587,0.6998466714377235,0.0,11.457539792121501
8142,0.5394461498032789,0.6172123142736212,0.8,17.226395597197644
12820,0.5485014702898238,0.6005653187055884,0.2,7.098321484836397
15556,0.5229272586356033,0.6483129094171679,0.0,11.359090117403692
15315,0.49379092796317475,0.7056430741248478,0.2,10.313149680688971
7297,0.3789102000875743,0.9704560410571273,0.0,71.91079116153473
1754,0.5551860867257271,0.5884519300355954,0.0,15.277978195797399
6576,0.4362518229794749,0.8295356267247184,0.0,60.28650420376073
20693,0.56998090776875,0.5621524138570599,0.0,19.443446399836933
7893,0.5189765207559871,0.6558966362307422,0.0,45.397885776792705
16844,0.4802906865325318,0.7333637614372542,0.0,10.609572842917695
1404,0.4287548039521674,0.8468700760115978,0.0,50.65553243363465
16421,0.4425509338329902,0.8151997164508689,0.2,67.8168691131282
4804,0.3873963221947788,0.9483070216145049,0.0,76.1964749747322
4993,0.500386377305257,0.6923747243705476,0.8,36.81010021384819
16132,0.4620037461574333,0.7721822793673996,0.2,13.710869689465216
833,0.5045064387448163,0.6841746766439165,0.0,62.46514745560573
17718,0.5484486812242969,0.6006615656781509,0.0,9.052570515910304
8468,0.434919661878174,0.832593950287421,0.0,39.37753253041239
4421,0.46328683884843647,0.7694088943698175,0.0,38.71819330237514
16206,0.5992349739021202,0.5121014808220387,0.0,4.712870207357455
6923,0.4067133918122835,0.8996465386241448,0.0,34.33951359573999
13271,0.5308097761859112,0.6333515588603992,0.0,9.285250862087016
3406,0.43542640463005955,0.8314294874865966,0.0,67.34745043195359
18938,0.5302311045459616,0.634442321163401,0.0,14.923987175725294
10740,0.3199539004660431,1.1395783546097689,0.0,8.020067028282316
6186,0.49599074579658115,0.7011980100994492,0.8,50.79828427794968
16094,0.3594872871385963,1.023076465064955,0.0,5.815678388117176
1439,0.45852510038591243,0.7797402442128093,0.0,37.73162696706919
10546,0.5045792155937818,0.6840304334891777,0.0,6.677505149127472
12284,0.3980252554661131,0.9212398197659348,0.0,15.018511950879095
1897,0.4914886225906523,0.7103164880033264,0.0,22.240007505213036
16512,0.4949956865081206,0.7032062305764238,0.0,7.934451599215716
6585,0.4486451890553824,0.8015229284530754,0.0,52.64002077220959
8284,0.46798410262705986,0.7593209523870398,0.0,44.70122220769298
17655,0.5107607300817676,0.671854037023891,0.0,28.221228261346198
20861,0.5358590420936579,0.623884133665495,0.0,30.632710011004164
6906,0.5247765444749969,0.6447827365679245,0.2,17.409133887333958
6068,0.49456056953165156,0.7040856490063631,0.0,34.15801381879432
20023,0.4584770758246724,0.779844986736938,0.0,24.956208700489654
10863,0.4734056820479698,0.7478025793380999,0.0,13.801368698038946
17652,0.4225952248428279,0.8613404733367417,0.0,68.1018866272515
12986,0.4124753335757376,0.8855788723874879,0.0,15.815552419837948
14373,0.600946969518145,0.5092485854146831,0.0,4.641800982325734
8792,0.530191389786134,0.6345172248174793,0.2,44.60751409407283
16949,0.44960542259213715,0.7993849195498162,0.0,27.502838706005484
10189,0.4640762568087253,0.7677063936887714,0.8,76.04899934166147
4199,0.3731253884005315,0.9858407538963644,0.0,82.76133580242063
11049,0.5400612806001239,0.6160726632696573,0.0,3.8414596076984697
13718,0.46442346254646577,0.7669585081553966,0.0,20.74239364300562
2940,0.5136285066550456,0.6662550245348052,0.0,34.347110729056254
13859,0.40853144973593486,0.8951863793078676,0.2,12.823992487019451
4970,0.49035509672231437,0.7126254631480359,0.0,47.98944384741256
12648,0.5259629308654947,0.6425245423675546,0.0,8.057257430399192
6937,0.4630022114359415,0.7700234485877815,0.0,45.34283241503907
7731,0.5253116795384447,0.6437635172346617,0.0,18.66914199980519
19024,0.44903707197506015,0.8006498290022244,0.0,67.25858668628143
7105,0.3649928099750548,1.0078776242921474,0.8,39.23667622127314
12201,0.4314134317302181,0.8406884103003249,0.0,25.138686119027284
12978,0.5031894452763065,0.6867885490219572,0.0,7.208188949031131
399,0.5050997225942241,0.6829993987178947,0.0,20.48998196153684
15381,0.4717567988738591,0.7512916828100715,0.2,7.976839492390065
3728,0.4680797369134174,0.7591166195570541,0.0,51.17964110055255
11201,0.5394902213760541,0.617130619793804,0.0,3.935719664612329
15518,0.45219918262439324,0.7936325266932112,0.0,8.042354569773602
6372,0.48264819965992617,0.7284672558096129,0.0,18.20075344158328
340,0.4837438990218607,0.7261996465587902,0.0,59.18526842430959
1226,0.4610986005890888,0.77414337471425,0.0,56.74471172905262
14557,0.49277341364518285,0.7077058178017969,0.0,16.59747059750772
7514,0.47984818451166833,0.7342855073753433,0.0,58.06050665623492
5927,0.4951129810092712,0.7029692979940773,0.0,40.67028841365353
9513,0.43067547169288606,0.8424004384093774,0.0,53.172317986121804
14120,0.5420201420815834,0.6124521157208533,0.0,9.223528535671335
11185,0.4261096747640025,0.8530585133503154,0.0,48.95062988199167
20067,0.2810223886426404,1.269320937937425,0.0,8.642742884863239
12767,0.4580993352594104,0.7806692291723306,0.0,7.978634790701084
7818,0.46335498077485526,0.7692618215200958,0.0,43.04789669698626
19936,0.4576041276049501,0.7817508188415172,0.0,5.0114136629514014
20235,0.5054240465923518,0.6823575058319418,0.0,4.026250340820969
6426,0.4290516072851733,0.8461780705871526,0.0,52.79728110163497
6279,0.48108850105781265,0.731704031917988,0.0,21.219416925621655
9940,0.4987336268933927,0.6956831396008482,0.0,47.32384663287591
5029,0.5360388133972476,0.6235487074784674,0.0,18.351038056720874
5664,0.49110061846928565,0.7111062465826392,0.0,21.215143500131575
4620,0.5013613463819347,0.690428187609903,0.0,62.60457275099853
9640,0.48154041734160835,0.7307651107857476,0.0,42.541491035898204
11357,0.4385732759929422,0.824228375103322,0.0,8.653614742567385
16674,0.5216457711044604,0.6507665208690424,0.0,5.311231100332656
774,0.4482634088373266,0.8023742531967802,0.0,29.4310878521231
4910,0.4347405228210315,0.8330059251319131,0.0,35.13202425690535
3155,0.48147130776842817,0.7309086387854528,0.8,19.339840518998642
959,0.5043111883010004,0.6845617643414731,0.0,16.203577014190586
853,0.47017380810164877,0.7546528481672603,0.0,58.86669622734335
9319,0.48202325177690286,0.7297629258940146,0.0,22.085545144715265
16537,0.45997425635274664,0.7765847555156155,0.8,7.780602892137285
6768,0.46363643216218986,0.7686545852672997,0.0,22.4254998709211
3778,0.46772360942511765,0.7598777356759163,0.0,66.40191465661039
4478,0.4551385765100758,0.7871533426429049,0.0,58.15095619049631
7179,0.47354102666397696,0.7475167245678502,0.0,30.132403045438053
20626,0.5288256616479914,0.6370964635434573,0.2,23.289060204092422
16903,0.27499879830801116,1.2909885511141637,0.0,8.950229519084367
20570,0.4997836912093916,0.693579891747146,0.0,4.452089428311025
20238,0.5666301809338024,0.5680484262662522,0.0,3.0717218135701048
4557,0.39430985511739586,0.9306182444535169,0.0,58.103147820438124
6164,0.4833093624175539,0.7270983284636636,0.8,52.63101405909189
11874,0.43038033866323366,0.8430859527225274,0.2,9.526871426570443
7643,0.5105917812067117,0.6721848706483833,0.0,15.376228916081768
12415,0.44516513285153314,0.809309980591304,0.0,6.98839167468773
12128,0.43848113131089733,0.8244384981734909,0.8,11.366945714942425
193,0.47055440316879804,0.753843698227129,0.8,55.814588106901155
1845,0.43486092742712346,0.8327290060747357,0.0,41.5864885964021
11552,0.36957571223367597,0.9953996550273188,0.0,9.079538443163825
17228,0.48532896012798515,0.7229283496595176,0.0,7.4788022120677535
2757,0.4344237980168851,0.8337347282145343,0.0,23.490478511800973
5019,0.4278689779631181,0.8489382565209439,0.0,88.33202818175816
15778,0.4335107382087528,0.8358387121138885,0.0,4.917322953937552
8788,0.5241071329229035,0.6460591634156404,0.0,45.807212397178375
14678,0.5321193474585042,0.6308874774723329,0.0,9.139035736339938
11972,0.5361906674919086,0.623265458233072,0.2,4.810986432302792
16963,0.4344237980168851,0.8337347282145343,0.0,23.490478511800973
7485,0.4677962435590758,0.7597224548791008,0.0,48.35253598855371
10424,0.5929183032227461,0.5226986580710827,0.2,1.752216628361153
16894,0.4785710404989703,0.736950614116341,0.0,7.354398694337056
15013,0.5499746327122491,0.5978831241606536,0.8,9.001429679139555
8035,0.40957632780509406,0.892632000371539,0.0,63.46613386436809
15425,0.4639088338194649,0.7680672248977374,0.0,6.892634526166645
14342,0.4587111054742531,0.7793346669150489,0.0,8.808819719330318
14685,0.5240987978419772,0.6460750669336073,0.0,9.55286610234265
11836,0.3951009650610617,0.9286139389935871,0.0,6.491011442421126
17682,0.4784775087021587,0.7371460729510834,0.8,24.694393443861294
2404,0.4804674355720375,0.732995824830874,0.0,50.4740957413963
5457,0.47356706901627665,0.7474617311570135,0.0,41.876544628607775
12114,0.45741456203958814,0.7821651613466909,0.0,7.693376500152542
11699,0.509868184275364,0.6736030488760465,0.0,11.404773377265439
15593,0.43330184945690364,0.8363206819395813,0.0,5.610039287585602
12952,0.47592156695324006,0.7425022136359788,0.0,8.390275155707618
1323,0.42761228727955375,0.8495383647914507,0.0,44.50094313442964
15854,0.5028952666266863,0.6873733480046346,0.0,10.186528982012558
15120,0.4809807622770572,0.7319280049422011,0.0,12.651741914735975
20258,0.5738446861846773,0.5553965008361613,0.0,13.212050626254323
16846,0.48510719541116737,0.7233853909999752,0.0,10.49270448936546
20955,0.4450661318385628,0.8095323969842239,0.0,17.74940173010868
6774,0.46624501729306644,0.7630439948521187,0.0,40.44514485137362
17112,0.4683796202112176,0.7584761575748667,0.0,9.865878569021334
16599,0.4644111494569776,0.7669850211413034,0.2,21.752845147526443
18967,0.5748015177363448,0.5537304843208631,0.0,1.8605344352392783
6592,0.48615983605075064,0.7212178283882054,0.0,42.60594651350645
5392,0.4375548834843223,0.8265531330882405,0.0,59.02829275622869
8067,0.506050710798528,0.681118395746834,0.8,16.34684149792401
5307,0.4698462384026027,0.7553497901389202,0.0,57.26684618349793
19840,0.40048908429085095,0.9150687680490207,0.0,20.79036287259287
3291,0.4236364259439685,0.8588796775827896,0.2,54.96829936529853
1576,0.48103728125382506,0.7318105040757404,0.0,20.304813760340913
2299,0.4530458283878324,0.791761992197024,0.0,55.42729608911341
19172,0.38561964639585483,0.9529037673469447,0.8,6.6307330679507
26,0.5051832618748184,0.6828340207355492,0.0,13.922985266029038
15806,0.4643678868159775,0.7670781813857571,0.0,24.355498915810543
16730,0.41541957922426537,0.8784662352270247,0.0,15.917808919551893
15668,0.5043665536783156,0.6844519862130053,0.0,4.867822518113962
9582,0.4675491668465939,0.7602507660580086,0.0,36.358996366876084
6737,0.45352743677395363,0.7906995112041807,0.0,51.850118034190736
2321,0.5281039073983654,0.6384622203222506,0.0,46.751395108880764
6136,0.3796572627584776,0.9684863733636958,0.0,55.12624629299237
5830,0.44701664710643746,0.8051594432131752,0.0,50.37077587313448
18268,0.48084405301497135,0.7322122755512205,0.0,17.21907032435313
20777,0.49161459764042265,0.7100602075886814,0.8,23.475796793806992
506,0.467901589971783,0.7594972830140452,0.0,54.70279296798749
17370,0.4551356649103544,0.787159739835287,0.0,24.842760968813003
17137,0.5069885467857805,0.6792668658122288,0.0,12.467943334939447
3431,0.47265927007292885,0.7493805093274513,0.0,33.38864596311759
9868,0.42358977429865796,0.8589898055399853,0.0,66.78430780907692
437,0.4651305551196485,0.7654371491033631,0.8,55.31431657272428
1480,0.4170373083800896,0.8745795926480213,0.0,55.41423762315138
775,0.49084656972761864,0.7116236853011141,0.8,54.9195573701877
12376,0.40672758279816196,0.8996116473749384,0.0,5.924104775042181
20875,0.5404223749591115,0.6154042693137228,0.0,12.369010688298651
17389,0.5143157395781578,0.664917922784357,0.0,8.281885429472545
8489,0.5272209105255607,0.6401356332162963,0.0,16.003390830407405
1912,0.49179474608394685,0.7096938322909705,0.0,57.981983932358595
15866,0.5308097761859112,0.6333515588603992,0.0,9.285250862087016
8469,0.43480121255380705,0.8328663349767655,0.0,39.26381574894696
865,0.5043111883010004,0.6845617643414731,0.0,16.203577014190586
6032,0.48818606391026775,0.7170586672925213,0.0,47.343799602133416
6970,0.4681748908795533,0.7589133544117853,0.0,20.494454498984823
16102,0.46000285714961575,0.7765225783234689,0.0,7.538481332549768
5817,0.42919948213197356,0.845833474815386,0.8,29.177873002427543
18181,0.46137994541952515,0.7735333988175161,0.0,51.871218015778524
14904,0.5636880331717276,0.5732543131926325,0.0,3.304925982254502
18730,0.6082238285635768,0.4972123256777064,0.0,2.3743131966009363
10312,0.47171703475647553,0.7513759758047253,0.0,9.85617423363625
13925,0.5107735866984845,0.6718288658348152,0.0,9.719347566451983
1598,0.4517867598210949,0.794544980775842,0.0,61.51565622812083
4498,0.5149277235648648,0.6637287307598395,0.0,48.225202747465616
4359,0.46539519844223093,0.7648683452229663,0.0,49.84646865766494
8097,0.43409154463555866,0.8344998347848335,0.0,30.65952214731081
12524,0.5026021140220848,0.6879564477094164,0.0,11.872408842484003
14439,0.59587906851912,0.5177175376740879,0.0,3.143063160850975
17364,0.4859945484140384,0.7215578723996222,0.0,2.9670101802267155
16297,0.5328429401378953,0.6295285696515217,0.2,10.023983926072356
17002,0.3993528113464834,0.9179100138376253,0.0,91.708392844004
8110,0.4170373083800896,0.8745795926480213,0.0,55.41423762315138
19590,0.5174856118981462,0.6587735573244957,0.2,19.76320640560716
21228,0.551401664105895,0.5952917624320057,0.0,21.568610777640888
13633,0.5370495552172883,0.6216649071345169,0.0,19.411176004280506
2350,0.4318488292829166,0.8396796841940624,0.0,58.8195612371693
3635,0.5017772564575604,0.6895989699957465,0.0,48.40329536706236
4948,0.5246665877457232,0.6449922890940216,0.0,19.407818692369702
21256,0.5701671136899454,0.5618257792107747,0.0,5.546624973110444
20802,0.5465716475204704,0.604089877451004,0.0,3.426095576349548
20553,0.581794824727413,0.5416374282383354,0.0,7.344603237646234
6174,0.4936388219804367,0.7059511587940608,0.8,43.46188481466993
16024,0.4877000977614031,0.7180546158121762,0.0,3.735679042892212
21090,0.48630134172881034,0.7209268025204549,0.0,5.032790141775995
5212,0.5144770912217814,0.6646042509932713,0.0,55.39808703731244
5768,0.4571360004047023,0.782774338476834,0.0,6.453974704415973
17300,0.6237840260962324,0.47195108254856927,0.0,1.9621368079811652
9574,0.45991204888728077,0.7767200058508066,0.0,29.33282758393176
4104,0.40298934277138415,0.9088451621211417,0.0,96.8579029816581
4301,0.4345017091452222,0.8335554006935818,0.0,10.923739964756507
8946,0.4836638005320598,0.7263652406304952,0.0,40.371018421139254
6223,0.4984928090050225,0.6961661149500414,0.0,17.443834453841035
16878,0.4895604153024468,0.7142474021505906,0.0,10.475866516560107
20743,0.5145794638136888,0.6644052870165216,0.0,23.562469565102845
7880,0.5061820264958283,0.6808589382264459,0.0,50.611648549717884
1908,0.4672883737236731,0.7608087092692476,0.0,22.58460395165075
7208,0.5636289848177405,0.5733590722854144,0.0,43.36027984158446
4651,0.5076803443135254,0.6779032729377326,0.0,54.19497694812737
20822,0.5557034054552651,0.5875205704889006,0.0,9.645618136752674
10803,0.4680540309050383,0.7591715390766127,0.0,7.806181191274742
12197,0.4644111494569776,0.7669850211413034,0.2,21.752845147526443
16002,0.4187820721770707,0.8704046085021444,0.0,6.841380339038408
19351,0.47354609963007954,0.7475060117918831,0.0,27.899727165436204
13100,0.48862391746534756,0.7161621703427488,0.2,12.131786865092558
11136,0.4498570407643867,0.7988254338812889,0.0,25.608345493411804
3145,0.4603915336244761,0.775677991477089,0.8,33.43172024907186
12746,0.49700949352308577,0.6991461514118344,0.0,9.201113127016281
16259,0.5305778793365014,0.6337885280523682,0.0,11.675018779884304
19609,0.5819096524454411,0.5414400796491475,0.0,8.151380047994818
4953,0.48253896966589255,0.7286935953175785,0.0,58.05501462492819
7894,0.5183948230604108,0.6570181203743166,0.0,46.94394269568474
20332,0.4654624405660884,0.7647238717371043,0.0,51.274735016534834
20094,0.46276816757395806,0.7705290682798263,0.0,25.883613202368377
17336,0.4703549692853352,0.7542676155400776,0.0,46.274318501114024
14133,0.45108191941520304,0.7961063164723567,0.0,25.475402127115416
1313,0.46223273782096636,0.7716867532283901,0.0,52.72549800308002
13448,0.5436989699452714,0.6093595493597899,0.0,14.294051326919385
4427,0.4640163841310474,0.7678354167520299,0.0,53.67169680259076
15860,0.5281889626441458,0.6383011755052752,0.0,10.643671310199597
7708,0.4569558933111063,0.7831684062881009,0.0,48.53686227846009
6813,0.4502648450662786,0.7979193247504852,0.2,50.703782030235665
6237,0.5589230913861483,0.5817433977858509,0.2,48.491220656138616
14100,0.4701008895461979,0.7548079487049638,0.2,9.16752025916584
17157,0.4219287149338512,0.8629189011727446,0.0,38.395575585984446
20486,0.4065322103765129,0.9000921148148566,0.2,9.435665461058038
18123,0.5262047584473218,0.6420648673774526,0.0,17.03077158690017
8248,0.41319225229265777,0.8838422924142427,0.0,71.28188223184499
18266,0.5152625339835607,0.6630787334840341,0.0,10.947430041588081
1567,0.4874828311806766,0.7185002072553265,0.0,33.76950974100034
2522,0.48508250973171424,0.7234362793557836,0.0,50.544322949223485
10828,0.35784464099122143,1.027656350482611,0.0,17.372735160833404
20991,0.3955284277604003,0.9275326163287052,0.0,14.92817286908867
1727,0.527106111287648,0.6403534010169717,0.2,16.985374939076923
6795,0.49345900147164984,0.7063155006181511,0.0,58.83961299454546
9816,0.5615489060781247,0.577056409615013,0.0,17.925391463089404
7347,0.4766785800849694,0.7409128515233677,0.0,48.96322511459578
9111,0.5312013474742128,0.6326141441623382,0.0,17.105887640633036
16646,0.5626946771352048,0.5750181120950117,0.8,6.288340693580848
12191,0.41511720455167284,0.8791943780181904,0.0,15.931002867538895
13437,0.5239365165714412,0.6463847535817595,0.0,18.363790750627302
16044,0.4098089733303454,0.8920641465641045,0.0,3.956411632039295
8997,0.4411956454307113,0.8182668614821601,0.0,52.671833878162985
20334,0.43977338166832114,0.8214957264122529,0.0,55.08128782919005
9169,0.4289090557861392,0.8465103737019259,0.0,66.66691892670418
20376,0.43484906417298896,0.8327562870172334,0.0,41.58785100673704
12136,0.4854913569874854,0.7225937937007023,0.8,8.051501291180545
5229,0.5305429873609514,0.6338542924278651,0.0,52.95060198650788
1385,0.45680889530616636,0.7834901477428805,0.0,45.63242516901694
5508,0.44653663640833463,0.8062338296054181,0.2,52.77969795820213
13532,0.48557133529845636,0.7224290704304395,0.0,20.962724479984168
17131,0.5462024254286261,0.6047656294019961,0.0,14.276702425536717
11923,0.4657857003942382,0.7640296210279425,0.8,12.250450518038939
12515,0.37085697991945327,0.991938789567891,0.8,7.24115358953955
11204,0.5283499014943296,0.6379965225352972,0.0,4.068790915828193
12177,0.505750308346764,0.681712193252285,0.2,8.58616558111503
17806,0.4683941506555883,0.7584451352622791,0.0,18.202683246294697
8009,0.4345530273554901,0.8334372994781527,0.0,12.168183300656636
10267,0.5133608885816123,0.6667761946281519,0.0,10.149667951910637
13647,0.5131656374615345,0.6671566058839331,0.0,10.410312057417965
16329,0.4719347964122197,0.7509144461336814,0.0,10.260495017751225
19316,0.5067357141969183,0.679765685074697,0.0,23.19326475254126
9638,0.4871963654603884,0.7190880226709502,0.0,40.33724350951994
3225,0.4327682743283639,0.8375528574445309,0.0,55.48787680570017
8435,0.5410217203616344,0.6142958523988243,0.8,43.6810411996401
2196,0.39576165314358785,0.9269431349347903,0.0,49.91588640183548
20588,0.43321484923721937,0.8365214864251908,0.0,8.214640940851538
6532,0.44131127579264967,0.8180048117240919,0.2,64.42196358017281
7267,0.43479880454066233,0.8328718731853612,0.0,39.31571829874892
13187,0.32343950475296285,1.1287431848375276,0.0,15.072671455632639
2639,0.5027201013390118,0.6877217223334804,0.0,19.33185672282108
5089,0.42761228727955375,0.8495383647914507,0.0,44.50094313442964
9419,0.5061013358132358,0.6810183613401073,0.8,18.476028870563198
13330,0.4420134626862213,0.8164149388021801,0.8,13.470845711642012
17061,0.4679054845928517,0.7594889594585291,0.0,12.227772537004363
16879,0.5144369277964516,0.6646823205396238,0.0,9.7455726198686
19406,0.571366482636683,0.5597244492246515,0.0,39.91395017528479
93,0.4344237980168851,0.8337347282145343,0.0,23.490478511800973
2034,0.43909637237844534,0.8230363629415424,0.0,65.70710728192574
7461,0.3851415053639334,0.9541444658231578,0.0,70.71164330474551
7529,0.4364006537157992,0.8291945270504678,0.0,50.38185490868485
11668,0.45919786172641375,0.7782740905067558,0.0,10.359217394507613
7516,0.4990048405243733,0.6951394828280215,0.0,19.769765937000123
18874,0.5053002825852267,0.6826024074419473,0.0,19.54290765416098
387,0.46825536729807204,0.758741475261119,0.0,46.28322999092826
7216,0.4344498918286238,0.8336746646815916,0.0,11.533894583050795
18046,0.4540975507736754,0.7894432344764031,0.0,38.77350277487585
10759,0.5821522728310005,0.5410232283050664,0.8,4.082831645871555
11983,0.508537571644761,0.6762161790160447,0.0,1.2416681622500025
7673,0.47224551788164537,0.7502562636320155,0.0,54.04846191893053
2601,0.4416216660170503,0.8173017226841682,0.0,58.10197803144854
13135,0.49720197131460186,0.6987589545211765,0.0,10.147377756131943
11523,0.4207211870516291,0.8657849282284431,0.0,7.348349330635855
14085,0.4366034486171102,0.8287299360951293,0.0,15.450012698115398
749,0.45734459877643613,0.782318126774719,0.0,53.81174924651996
197,0.48363011801274725,0.7264348834116198,0.8,55.292589599043104
642,0.5009808060178566,0.6911874899727741,0.0,40.047404856491994
20541,0.4448005383532666,0.8101293257199083,0.0,24.93416183331366
7869,0.5085088643720318,0.6762726312520886,0.0,19.61866789752193
13190,0.44637914545222773,0.8065865861832263,0.2,13.675352434416226
17582,0.546772808674661,0.6037219034692991,0.0,11.660888887931792
15534,0.479075691375291,0.7358966744823668,0.0,12.34945029266869
2317,0.4543838114964998,0.7888130383178753,0.0,55.22874439637277
17402,0.4029348495460736,0.9089803937618173,0.8,4.495135431816898
21072,0.5700388567468261,0.562050750745718,0.0,23.978490904107904
12862,0.49517517959791324,0.7028436808430337,0.0,21.816971122008646
4727,0.472400215106126,0.7499287393116033,0.0,34.39548288725717
8465,0.434919661878174,0.832593950287421,0.8,39.37753253041239
208,0.46779594261781166,0.7597230981962824,0.8,27.182894424180247
17105,0.2445335349829831,1.4084028220778118,0.0,9.921141931328917
12146,0.5633425325367644,0.5738674299195408,0.0,5.222193831180872
5184,0.44079943482273476,0.8191653033068342,0.0,56.36676877036326
8417,0.45511056245154075,0.7872148951505532,0.0,59.85194751734088
9305,0.48376083697430966,0.72616463287499,0.0,53.39488456886657
2792,0.4639768289083335,0.7679206657003672,0.0,40.00866844062004
1657,0.44465502907812443,0.8104565130056329,0.0,53.650196751012274
1232,0.43446290241705493,0.8336447178594979,0.0,10.837381332173479
15095,0.47849341103125587,0.7371128382335581,0.0,13.895314692784442
4291,0.45662830762613665,0.783885550255068,0.0,49.416145805748144
12480,0.5313669091814222,0.6323025186126153,0.0,5.6167751672763355
351,0.4655204547333966,0.7645992418052845,0.0,50.17682524347179
16525,0.5293980060473272,0.6360147556349764,0.0,5.779402177035175
17412,0.5240351618045019,0.6461964942320318,0.0,15.334243128581834
1726,0.5275967688815089,0.6394229823398592,0.0,17.2644205231762
409,0.4643063025875602,0.7672108096620898,0.0,41.717081922022174
12252,0.45592781381966824,0.785420785026041,0.0,6.945299178642117
3488,0.4535979035556408,0.7905441483701906,0.0,66.81085992658646
18362,0.6304545295544749,0.4613142442515869,0.0,1.8736278364635297
2070,0.4485313498973942,0.8017767004893617,0.0,52.61859625175746
15636,0.5249125077792562,0.6445236821275114,0.0,6.197095363469099
18534,0.4611614205764062,0.7740071441806199,0.0,5.370448329260092
15427,0.5027518079504798,0.6876586542135547,0.0,4.039478640968811
19985,0.5403282043789257,0.6155785381639544,0.0,4.07235980278592
17087,0.4719256660466652,0.7509337929882599,0.0,23.585703825092466
13419,0.40311232768754623,0.9085400271198799,0.0,11.834187960357152
4153,0.4786032039209048,0.736883409169835,0.0,57.661123956552466
18573,0.4368878593364715,0.8280787316084393,0.0,23.973293723765437
1802,0.4347891606868418,0.8328940534689128,0.0,39.316765319074584
11598,0.4916748478818623,0.7099376592550459,0.0,10.30971490977395
17377,0.5519990975155412,0.594208867641992,0.2,9.866837408506308
16983,0.509227861934875,0.6748596967202505,0.2,20.390885839377784
10320,0.4958803533755169,0.7014206043893971,0.0,48.89251916188789
10819,0.4929215489625052,0.7074052474954504,0.0,7.321467152632835
6838,0.46971294519268164,0.7556335257739767,0.0,40.80042853454905
12354,0.4520503819807076,0.7939616408025306,0.0,5.788774235258275
18178,0.4635940393902097,0.7687460248247998,0.0,56.768048209064666
1985,0.4693765374926792,0.7563499808522095,0.8,56.72624856391572
7358,0.45384328757648074,0.790003322079255,0.0,62.141664207832775
381,0.43703187442162594,0.8277491473665575,0.0,55.529557108483345
3292,0.4619036699985974,0.7723989161374423,0.8,57.98784921831209
11795,0.46095827550402046,0.7744477487497136,0.0,5.97099235704586
8666,0.4348845314432485,0.8326747280882509,0.0,39.1773453212718
6008,0.45075866675334675,0.79682318967735,0.0,51.92936704462611
13865,0.36457904216834036,1.0090119001002422,0.0,10.028064696013836
18760,0.5125998458039808,0.6682597658637981,0.0,28.166480983558408
1634,0.5365979716113419,0.6225061210735275,0.0,14.535517570866006
6309,0.48615983605075064,0.7212178283882054,0.0,42.60594651350645
16327,0.4905783307187927,0.712170317071682,0.8,6.9614649172935446
9343,0.5026336881286402,0.6878936284057302,0.0,44.3003507189714
3603,0.3649928099750548,1.0078776242921474,0.0,39.23667622127314
19744,0.42633025970375277,0.8525409755491059,0.0,42.62065335422067
18824,0.4556748182344924,0.7859758417640874,0.0,24.27918679398222
11105,0.4180840117653933,0.8720728815675041,0.2,3.0492029476667426
10357,0.46458306001481564,0.7666149207509079,0.0,14.66610898440262
8362,0.47980092159189763,0.7343840077949411,0.2,51.40688054564587
15897,0.5143051904175983,0.664938434053868,0.0,6.479824963758778
5881,0.46506759898200567,0.7655725098057283,0.0,47.92866370550898
11824,0.500275074644002,0.6925971825485803,0.0,11.904014735565866
19271,0.5406699363291598,0.6149462855286371,0.0,10.120478775587614
13932,0.5333291372294695,0.6286165271480693,0.0,9.398131096573437
13472,0.47600933333422457,0.7423178170979388,0.0,11.548238753489498
11094,0.5985151736629982,0.5133034014851052,0.0,1.8621364959986195
3697,0.3835318600794413,0.9583325844953149,0.0,99.84675870593266
20025,0.45800615394415256,0.7808726583989368,0.0,25.01876897875969
4764,0.47235143159898657,0.7500320119703024,0.0,22.264697728919323
1294,0.40957632780509406,0.892632000371539,0.0,63.46613386436809
9760,0.4643304580464573,0.7671587861800858,0.0,16.429471382535393
12670,0.4792178637675341,0.7355999545628323,0.0,11.1884749862002
4405,0.4834129469382162,0.7268840279969085,0.0,49.51170401421762
13185,0.4669318392029043,0.7615719865632838,0.0,7.549843760967786
11349,0.36942599059804,0.9958048547369022,0.0,9.421808037654118
17326,0.546804389862791,0.6036641458858729,0.0,19.597956588296704
15191,0.4142217204544558,0.8813538918628298,0.0,15.740097655282442
13923,0.4261717417129654,0.8529128643947645,0.0,13.484552743977709
9531,0.48266149698148636,0.7284397054356608,0.2,51.59174269323606
19128,0.4786057385281983,0.7368781133411373,0.0,9.362036022408946
11764,0.3674518025717436,1.001163118394732,0.2,8.189263863969158
13642,0.43904265472796666,0.8231587072375763,0.0,5.862700856607625
8310,0.4340160497241853,0.8346737646342075,0.8,61.7908977769815
3455,0.44470300808226915,0.8103486171927284,0.0,59.34385362477385
11321,0.5265908960682605,0.6413313202040819,0.0,12.111541517221967
8986,0.4289442471071121,0.8464283286229505,0.0,56.9265349167517
8091,0.49835485515966377,0.6964428951466526,0.0,47.372048703400374
17853,0.6598881701049819,0.4156848975529906,0.0,7.258834531108228
18568,0.5069665139869304,0.6793103249352335,0.0,22.0646766844198
2886,0.46843030830281274,0.7583679433254191,0.0,52.221219933203535
1523,0.5040311346511073,0.6851172377173681,0.0,16.78537297745423
11776,0.516484807882758,0.6607094044411732,0.0,4.235147496702461
21023,0.3734757839116419,0.9849021120891154,0.2,16.934160126166717
9255,0.43158312848984454,0.8402951369788871,0.0,63.576726730132165
14717,0.5046785133961008,0.6838336595635743,0.0,13.501269690641852
12991,0.46855548682103487,0.7581007492663026,0.0,20.502835544726864
11825,0.500275074644002,0.6925971825485803,0.0,11.904014735565866
20179,0.46300162534788997,0.77002471443146,0.2,24.634630376224973
19935,0.4682666749596214,0.7587173270594971,0.0,4.894864789215915
17559,0.43928051840910104,0.8226170758785861,0.0,7.821443464981037
8501,0.44984109450319787,0.7988608819067219,0.0,63.01813932835029
13444,0.5406750107106717,0.6149369002135703,0.0,10.787838176502952
19652,0.45614489347736004,0.7849447710853671,0.0,24.77285655624845
5007,0.4166595896038113,0.8754857224489988,0.0,61.4372082350594
18619,0.6154886190624268,0.4853388240851584,0.0,2.2829124428764946
5466,0.48415005814150863,0.7253603828347381,0.8,45.697704118588504
16948,0.45278245210116513,0.792343507037667,0.0,24.89543305157451
2060,0.5104237205866982,0.6725140735277443,0.0,18.534488148622764
18523,0.46400687640922594,0.7678559070182249,0.0,24.238139549220733
13132,0.4273388963848547,0.8501779121930831,0.0,13.441313148521495
19692,0.46400687640922594,0.7678559070182249,0.0,24.238139549220733
6211,0.49623360317217996,0.700708488993258,0.0,20.33315868769121
6913,0.4718429743933665,0.7511090301172914,0.0,49.342227897997596
2791,0.503947615513784,0.6852829537852927,0.0,27.113219125422184
2135,0.5066783575769868,0.6798788799110237,0.0,21.460375910719907
5633,0.48004758808705666,0.733870038146394,0.0,23.014164844189636
3414,0.5217093318579257,0.6506446817111883,0.0,51.80758278125336
8299,0.5264619768069975,0.6415761688061375,0.0,50.125703082941456
6417,0.48547785570543683,0.7226216036083141,0.0,52.89228805558393
4882,0.4749466730972706,0.7445527484135663,0.0,54.81396970269529
1705,0.506050710798528,0.681118395746834,0.0,16.34684149792401
8438,0.5399819273616614,0.6162196078326532,0.0,46.76182390607673
2492,0.3953285696654443,0.9280380379153158,0.8,76.65594051573142
5782,0.40865972636950315,0.8948724340809179,0.0,88.01070594005873
14759,0.37216516099386104,0.9884175420731727,0.0,37.19217364426742
16649,0.49700949352308577,0.6991461514118344,0.0,9.201113127016281
1751,0.540048209488558,0.616096866578093,0.2,16.42822292380262
16401,0.4234298238232306,0.8593674838786762,0.2,67.27558006608632
13452,0.5318611636228721,0.6313727943329533,0.0,10.821729911631467
19548,0.45409375605329344,0.7894515911306751,0.0,24.953380997705317
6700,0.45956259574330643,0.7774801206899496,0.0,54.44693190284475
14777,0.36787574828697345,1.0000100383511303,0.0,36.745369698454105
5095,0.5057575803594518,0.6816978146937605,0.0,57.80797416593673
6508,0.47032576005137133,0.7543297178731272,0.0,22.98442742440683
10648,0.48728042241159536,0.718915505577754,0.0,4.260652802769126
4952,0.4848718092834845,0.7238707337365998,0.0,57.6707772700003
2017,0.4782415135069934,0.7376394157078876,0.0,19.47368170023666
8196,0.5396884606599609,0.616763230612686,0.0,16.373522829323935
12225,0.478088579215801,0.737959251491912,0.0,11.30627253369758
16613,0.5244292305985364,0.6454447876114809,0.0,4.328352803583738
20910,0.5397029807370193,0.6167363264211159,0.2,14.670615452967134
13749,0.41703249209754617,0.8745911415196883,0.0,25.435297273602387
12600,0.43604255905503153,0.8300154278853538,0.0,13.88325268723849
13551,0.5239365165714412,0.6463847535817595,0.0,18.363790750627302
4376,0.44612009496509236,0.8071670919868816,0.0,56.82456450751571
3705,0.5062849220612652,0.6806556810911139,0.0,56.03838606704454
11963,0.5409309330595937,0.6144636736097927,0.0,9.940792709253051
7760,0.5315590064978298,0.6319410685516742,0.2,16.43236376947433
8794,0.47235481296978815,0.7500248534047249,0.0,34.39989116029952
20014,0.33116680247754815,1.105133095560176,0.0,7.500206791020766
18882,0.43841923943621286,0.8245796587359719,0.0,29.028913186776773
4206,0.4207375668089011,0.8657459964158047,0.0,85.51579265785054
3659,0.4682479858301829,0.7587572391510499,0.2,48.58322509662439
15886,0.5336279560804459,0.628056394297999,0.0,8.672202448090578
15796,0.5283619174506208,0.6379737803721524,0.2,8.549167985808623
9839,0.530647053885039,0.6336581606882589,0.0,17.67019368312086
7205,0.5395952787434924,0.6169359042355675,0.2,48.15801517843722
12777,0.38158258516153837,0.9634279768185107,0.2,27.592575749255857
10170,0.2745668597706139,1.292560478398882,0.0,10.159525532790656
1117,0.422374829015999,0.8618621387633933,0.8,69.47901776301794
15466,0.2986420801593009,1.2085094789590651,0.0,7.967340447465546
17777,0.4631145553669688,0.769780835700065,0.0,42.52269465612315
10668,0.5084025085076128,0.6764818055570344,0.0,17.91087022548432
20865,0.4381521409718473,0.8251890751020587,0.0,5.4736029966163695
6907,0.5231936430483831,0.647803629049844,0.2,21.717616416778547
807,0.45108382981891865,0.7961020813221813,0.0,61.78946134116357
11889,0.4114278990228742,0.8881214892281972,0.0,14.923105995019986
15488,0.5135288489953543,0.6664490700906409,0.0,12.680192746500003
11608,0.42498985293123903,0.8556899857986516,0.0,13.52845903453849
20911,0.5573273755432219,0.5846024638775296,0.0,21.31753004953808
17461,0.5075869962178313,0.6780871616382363,0.0,28.550859630374276
3216,0.5157236392902578,0.6621842397470759,0.0,47.39186527914075
12755,0.44861385953369537,0.8015927622914726,0.0,5.139492436334491
307,0.42456695991458887,0.8566855473554179,0.0,23.05341121661047
6638,0.4971832622426045,0.6987965839456052,0.0,38.742331939075974
928,0.4609321141189897,0.7745045047053722,0.0,51.48518576848953
19454,0.4376069899921949,0.826434054528003,0.0,19.178642718689375
11797,0.4725876034949632,0.749532145011434,0.8,6.8754582603980685
14429,0.5415643320474701,0.6132934161858944,0.2,6.223088193438535
18768,0.5288037124078694,0.6371379700308215,0.0,16.718500187779448
407,0.4581790620883328,0.7804952060165858,0.0,42.88430885639307
6288,0.4815221613420249,0.7308030231706533,0.0,20.751150783569628
12800,0.521127991216361,0.6517596028765921,0.2,6.088999272931023
2664,0.45822050291137295,0.7804047633218244,0.0,52.28711914256224
7955,0.5366927727216378,0.6223294660319314,0.0,17.08294372387659
17602,0.5313641437930526,0.6323077229178095,0.0,18.4697080075342
12894,0.4506053190959091,0.7971634465798323,0.0,9.039036500184014
18620,0.6160756835304965,0.48438546012145944,0.2,2.278428057232258
1197,0.46755246746087015,0.7602437066878714,0.0,27.20152179735976
14334,0.46901754750940594,0.7571150965035625,0.0,7.785035820948812
19250,0.5378954908397198,0.620090992635047,0.2,23.80312370250327
7724,0.5257133043146657,0.6429992636689718,0.0,17.054269931427473
11842,0.41425052471372653,0.8812843560166977,0.0,6.6435621800257865
21017,0.4884858786433813,0.7164447155048879,0.0,4.763246624739812
5866,0.44653663640833463,0.8062338296054181,0.0,52.77969795820213
13337,0.5365046809290752,0.6226799920117475,0.0,8.584266526646104
4942,0.500519498154871,0.6921087236332902,0.0,19.396346715804434
3672,0.40740738094113904,0.8979416581686194,0.0,87.8330560836568
8561,0.4746339885977587,0.7452113222944945,0.0,48.43873594914214
19600,0.5334910578515075,0.6283129696713211,0.0,17.19862181061624
9484,0.48460449254874205,0.7244222000097039,0.0,51.22751598422427
13148,0.3932910680904943,0.9332053099713497,0.0,6.356528036507867
20445,0.5417157424661276,0.6130138755145468,0.0,12.518663569712873
15296,0.5213625426174415,0.6513096200759316,0.2,6.072159713437636
16366,0.4088955176553104,0.8942956136297782,0.0,11.26812464644853
20351,0.5122283873254267,0.6689846844068533,0.0,4.192192522283572
3994,0.46583880729054006,0.7639156117979978,0.0,57.93726885527548
4824,0.4680771069779638,0.7591222381357587,0.0,44.09740803331756
11536,0.438201542443335,0.8250763318741248,0.0,6.347229862661993
13273,0.39962347999351827,0.9172324751914277,0.0,4.147835757103476
1510,0.43156860017706555,0.840328800383125,0.2,45.96387994289201
13087,0.42898105982123097,0.8463425106296026,0.0,9.14498452606229
4034,0.372841059702678,0.9866030635480799,0.8,43.316806300729
442,0.5025509256028243,0.688058299700679,0.0,17.992724930882872
14657,0.44918202916149763,0.8003270632371399,0.0,26.099066345984912
20860,0.5361025250857018,0.623429858057701,0.0,30.610405079354653
8013,0.45136006577721716,0.7954898859972998,0.0,43.07577854057502
7239,0.5053570990096754,0.6824899728512677,0.0,13.915970129878524
1960,0.43253575522355875,0.8380902849901348,0.0,75.47841541421413
1279,0.4901988110633575,0.7129442333024136,0.0,34.15002986305218
19056,0.4826552258636453,0.7284526983066901,0.0,27.97258333709425
8571,0.4183798883891557,0.8713654352902702,0.0,61.43126318796405
1965,0.4849450739673842,0.7237196440096537,0.0,54.8633733794745
8470,0.43480121255380705,0.8328663349767655,0.8,39.26381574894696
16968,0.46699924998541475,0.7614276273414785,0.8,10.93790805556037
16197,0.5256355274022629,0.6431472201039784,0.0,5.805047130055473
16527,0.44001855672070256,0.8209383785939106,0.0,11.262863355449044
1081,0.49961371364868035,0.6939200518506723,0.0,44.535789139543745
7896,0.5161403353422493,0.6613765827595524,0.0,45.651519634158674
17737,0.49339821248145344,0.706438697752273,0.2,16.89094881860663
12053,0.5297456622336711,0.635358270194443,0.0,6.718913889083695
14308,0.6571630963318819,0.41982304726862907,0.0,14.123056449718362
15653,0.48091853418640995,0.7320573908165081,0.8,4.5274090926816015
11786,0.3499114054976602,1.0500752836903042,0.0,8.687797948738986
17684,0.5138484372951581,0.6658269260849737,0.0,32.758682731438185
11188,0.44028353363110057,0.8203363649867526,0.0,5.842599570930806
20027,0.4663708353437781,0.7627741773251718,0.0,26.645607407242707
9027,0.47700765801792666,0.740222733677749,0.2,13.101942244909875
18917,0.47207959906399183,0.7506076655303311,0.0,19.57622295743643
8269,0.47238536100185907,0.7499601837041593,0.8,30.80836285891391
14444,0.5224607199826071,0.6492054750358889,0.0,3.73322363370239
9336,0.37823873566927524,0.9722297068779934,0.0,93.08127005959237
14668,0.5306627315688881,0.6336286166586736,0.0,9.178744179591167
16849,0.5415880148877522,0.6132496867135762,0.0,8.881082178207304
3429,0.4740381531401327,0.7464674686695362,0.0,27.64168945361775
13554,0.5075873696148613,0.6780864260069152,0.0,14.438495065667134
8724,0.4724229117151578,0.7498806951679072,0.0,34.39327934252591
15567,0.41495837143534026,0.8795770735771634,0.0,7.29785049965893
6465,0.5243129617434147,0.6456665177114943,0.0,45.779372833582414
11473,0.4112022206118746,0.8886701645350567,0.8,8.096406960216846
5706,0.43588545763653064,0.8303757819907236,0.0,88.79207945404643
1030,0.42761228727955375,0.8495383647914507,0.0,44.50094313442964
11980,0.5058144153865918,0.6815854449811968,0.8,7.179821347836308
14926,0.26585001734994723,1.3248229737696242,0.0,21.617799657824627
5699,0.4476802050900146,0.8036761293876877,0.8,72.73268664380461
6503,0.4995056552533589,0.6941363591290739,0.0,35.30030422575865
18145,0.4556073126352457,0.7861239969776781,0.0,24.806142964536637
12231,0.46883402448466116,0.7575064655273347,0.0,7.743041368689921
17979,0.4698942587726075,0.7552475909250076,0.0,57.33839572012694
9143,0.45205050073872505,0.7939613780928713,0.0,48.082302147644306
3375,0.4972828350420737,0.6985963301610392,0.0,45.54848259195321
5494,0.46973165783696885,0.755593688099186,0.0,52.253079136963045
11291,0.4345405888825409,0.8334659234899224,0.0,14.500222640855084
13922,0.4361384865656211,0.8297954563290856,0.8,12.866393710840367
3740,0.42325138638346366,0.8597889824078928,0.0,85.18359080819424
12892,0.4897166502761297,0.7139283198795968,0.0,7.290278988067225
5250,0.434198014677827,0.8342545939163699,0.2,64.26679933262169
142,0.42519929336138046,0.8551972944127607,0.8,63.35301061137277
14533,0.5512385276359681,0.5955876639823735,0.0,4.855825867746391
8637,0.3789102000875743,0.9704560410571273,0.0,71.91079116153473
10217,0.47686849199244247,0.7405145242345631,0.0,3.324947385159837
1740,0.5361124992322427,0.6234112533071332,0.2,17.133210161914832
1087,0.42565079872751527,0.8541359901648964,0.0,39.37566784329363
7454,0.4400462524361439,0.820875438421409,0.0,74.71608278088361
16902,0.2587515615950924,1.351886899270654,0.0,9.298061848213388
6385,0.5048282527726469,0.6835370010712049,0.0,18.216260817798936
10323,0.4906064454162951,0.7121130094203733,0.0,56.1750335528681
10555,0.4844182393885329,0.7248066144436778,0.0,7.755793704571415
20059,0.43462216257743597,0.8332782171138782,0.2,6.2933331466923
6787,0.4853176756734954,0.7229516010757882,0.0,50.678906132276154
16124,0.13828438713366606,1.978442937980829,0.0,14.539577105938147
5247,0.5243511224068846,0.6455937381359113,0.0,50.233647188198674
12220,0.499768714099143,0.6936098593809993,0.0,7.569711083934424
152,0.47346296119600584,0.747681592866503,0.0,51.59002848169925
8597,0.5036097946167369,0.6859535278018388,0.0,17.93768514452384
6761,0.4552796294713936,0.7868434785353559,0.8,65.38669486722986
10279,0.5035750600941927,0.6860225012825172,0.0,16.46797022179587
15133,0.4600397549368971,0.7764423694574525,0.0,13.496509990615907
9321,0.49209764685904234,0.7090781129565444,0.0,21.154636162273388
14140,0.3490710220631893,1.0524798758696317,0.0,38.415515469241555
9307,0.5069230491722554,0.6793960636907764,0.0,18.832858419004065
3764,0.4460679282270441,0.8072840331175664,0.8,37.50237815711357
17841,0.584660944766768,0.5367231813678867,0.0,12.565870196969112
16762,0.4964351260742469,0.7003024665229252,0.0,3.687127288452608
15358,0.4953211390711178,0.7025489609707636,0.2,5.015848071009746
10702,0.5239014948297542,0.6464515992989772,0.0,19.662471772763194
16280,0.4632633402957994,0.7694596170466266,0.2,10.241892344238831
11790,0.4929647525128739,0.7073176034124933,0.0,11.672508116237076
19976,0.6410986094828516,0.44457199694643035,0.0,1.522770203286355
8820,0.47224412410546684,0.7502592150167985,0.0,48.91689852948585
4476,0.4538860134541892,0.7899091841513695,0.0,54.49188253754013
17627,0.48124929320718407,0.7313698620416182,0.0,30.388418604815623
1379,0.4137930430428982,0.882389326178147,0.2,45.00626852420987
13174,0.49431988037752106,0.704572440223452,0.2,12.041847968267682
13949,0.5115681308303405,0.6702745043562532,0.0,11.309943880796705
4548,0.4728923085542124,0.7488875938878933,0.0,50.287803072283815
12446,0.4239511601426282,0.858137018727724,0.0,8.532628100200666
18092,0.5406699363291598,0.6149462855286371,0.0,10.120478775587614
2264,0.4722641164031684,0.7502168812459596,0.0,36.68935852339186
17597,0.5063966051725336,0.6804351120203492,0.0,14.459246130432419
10848,0.478455150575287,0.7371928016872364,0.0,13.195751220505716
18895,0.4731307759317059,0.7483834468190638,0.0,23.050209591055907
15773,0.4123322020723883,0.8859259388208071,0.0,5.116222381178643
10817,0.5268833879155659,0.640776030228298,0.0,6.814813486923214
1693,0.4830251972749833,0.7276864584190944,0.0,64.92418670844073
2334,0.45858214364659017,0.7796158459788569,0.0,22.975278445677194
3969,0.46987499403365734,0.7552885897955182,0.2,57.26220627931349
5402,0.4591302847932795,0.7784212643323918,0.0,58.899245678376374
5914,0.45741047656950706,0.7821740930438105,0.0,53.8526851125634
20934,0.5682311552672289,0.5652269795495277,0.0,21.27797098196725
3085,0.47280954648123424,0.7490626217209227,0.8,27.254645091486168
8871,0.4292319389911775,0.8457578558237676,0.0,59.0465803165545
17257,0.4819933989958914,0.7298248600545855,0.0,3.276950256406431
7438,0.46063657897161236,0.7751458788313035,0.0,31.412787922417323
15671,0.5232419221634904,0.6477113555898307,0.0,4.34355256307616
9357,0.506050710798528,0.681118395746834,0.0,16.34684149792401
15106,0.5103188261625027,0.6727195992499722,0.0,13.39721079340098
10586,0.43880498157807474,0.8237001979151601,0.8,13.84022160139774
7169,0.468342228185035,0.758555993496846,0.8,23.72383840724771
18329,0.5260246867593414,0.6424071343431959,0.0,9.255159013495248
230,0.42117376266142525,0.8647097925394942,0.8,39.86312011662825
12635,0.5162430031122797,0.6611776880921463,0.8,7.40882619423777
9547,0.4756470895985903,0.7430791081361754,0.0,48.23326763035612
4441,0.4904047197683378,0.7125242700827584,0.0,44.351069712178884
19902,0.4549072401845104,0.7876617485413872,0.8,24.896806757361517
19603,0.546772808674661,0.6037219034692991,0.0,11.660888887931792
18996,0.475945652592461,0.7424516064951265,0.0,4.786585526899678
17472,0.4506631765857179,0.7970350553397846,0.2,72.33491425823999
18078,0.5343248470048211,0.6267512972538627,0.0,5.683694016017031
5577,0.4419650296376277,0.8165245185013756,0.0,79.44783814201892
1816,0.4834300230560236,0.7268487045403822,0.8,53.267104428625835
7705,0.4913039110215863,0.7106923792823575,0.2,47.666137661581615
11805,0.4742851622344293,0.7459465300911462,0.2,13.104415041352969
16319,0.4441704992137505,0.8115467830236449,0.0,8.297254097571082
10313,0.4611259867170797,0.774083983263673,0.0,6.628094106695199
449,0.42863588568839023,0.8471474717565635,0.0,37.278722167887544
14830,0.5477022130560268,0.6020235465651914,0.0,9.956565749686371
8619,0.4821193613529601,0.7295635579269385,0.8,19.18752101686566
2718,0.48297032991334243,0.7278000559672312,0.0,49.50859991770565
11395,0.47437143490079825,0.7457646462211193,0.0,7.699199441654114
2804,0.3649928099750548,1.0078776242921474,0.0,39.23667622127314
7537,0.4501332726058433,0.7982115787185677,0.0,51.51657602128088
19696,0.49025048916792735,0.7128388161133646,0.0,13.255237806022498
10188,0.4666477292694213,0.7621806330072473,0.0,75.49399402535855
13824,0.46577235760007246,0.7640582672170922,0.0,19.593510245320225
3007,0.4346789152572374,0.8331476462878913,0.0,23.750956272295582
4172,0.4667608661686551,0.7619382163414038,0.0,52.870898180007096
12942,0.5393051817322108,0.6174736684295784,0.0,10.558799965693302
20147,0.3927452818787324,0.9345940149580737,0.0,29.59392123059208
10294,0.5693745030421048,0.5632168837812834,0.0,16.742184992748346
20730,0.4937457189461,0.7057346332933058,0.0,25.450203212699993
15935,0.4572734074219915,0.7824738012838713,0.8,12.796575871608884
10433,0.47576890653061976,0.7428230331212697,0.0,8.636060529228628
2557,0.4974160342754323,0.6983285119534118,0.0,65.22388141810154
18405,0.5617573503705082,0.5766852832305931,0.0,7.514209086503044
19032,0.4137067879402684,0.8825977977686239,0.0,79.12489054985109
7868,0.509227861934875,0.6748596967202505,0.0,20.390885839377784
19334,0.4543031644684903,0.7889905406489407,0.0,23.693384972564473
20724,0.5534633160711975,0.5915598053239489,0.0,16.59029478544258
4295,0.42761228727955375,0.8495383647914507,0.0,44.50094313442964
469,0.43409154463555866,0.8344998347848335,0.0,30.65952214731081
11158,0.6235035899655696,0.4724007561150778,0.0,1.4527504392089035
6673,0.45536017980236854,0.7866665692231015,0.0,41.36292364839056
16316,0.5440410440778871,0.6087305862997158,0.0,5.490476011442942
12903,0.5079420673968515,0.6773878784641528,0.0,13.490179573773304
20281,0.5122498084672339,0.668942865768061,0.0,11.31209265552047
14173,0.4987746016652597,0.6956009853474456,0.0,26.26937211383872
11184,0.42652938277290897,0.8520740216381525,0.0,42.59731078677769
8101,0.5014682185250141,0.6902150464197669,0.0,45.19528355657242
37,0.41838577949073474,0.8713513546418753,0.0,63.717571132128754
19298,0.5007667560200318,0.6916148431487518,0.2,18.085728544085047
2454,0.509883090494122,0.6735738138672206,0.8,21.045815664307042
5833,0.44691458581362425,0.8053877858182843,0.0,56.501983739408224
15545,0.5521660236434468,0.5939065104564977,0.0,7.8336271901015
5036,0.4915633341545925,0.7101644887858457,0.0,50.103878577988354
7484,0.4661057114203601,0.7633428220411858,0.0,47.42267281930867
19391,0.5030881460202782,0.6869898836382632,0.0,49.53196956205541
7710,0.45532515018782527,0.786743499450057,0.0,50.44009200825412
5048,0.49820959031662954,0.6967344264063167,0.2,47.37794099562953
4979,0.4414217401482347,0.8177545336577529,0.0,54.16654873136138
3322,0.44088460530439544,0.8189721037522334,0.0,62.323778970023355
16831,0.372441659709737,0.9876748716573323,0.0,9.08532479368799
14990,0.4679054845928517,0.7594889594585291,0.8,12.227772537004363
6992,0.5012057487996086,0.690738585954958,0.0,14.902684860230288
3021,0.4381069916738594,0.8252921252075487,0.0,74.68893733128316
17794,0.511018275601926,0.6713499250306323,0.0,4.201173869584846
20810,0.5746410934164929,0.5540096184321914,0.0,18.205032195778884
10582,0.4496714736401249,0.7992380214178098,0.8,8.951466068543303
9883,0.4490069237927324,0.8007169708849855,0.0,52.126673582815414
8300,0.509372451922328,0.6745757973605955,0.0,37.130335444121826
14711,0.5052630938835188,0.6826760073815271,0.0,10.005299657934945
13219,0.4854937027076777,0.7225889620708664,0.0,7.092211048629693
2027,0.39557517285342464,0.9274144394096709,0.8,76.73890326056241
10996,0.5160519820857613,0.6615477780982737,0.0,4.065905627071906
9845,0.4631659105166922,0.769669951034637,0.0,7.914131110030473
9038,0.4500736430861337,0.7983440583046659,0.0,49.42947310083921
5788,0.3649928099750548,1.0078776242921474,0.0,39.23667622127314
15319,0.47759943042306297,0.7389829094859823,0.2,4.822602131844986
3909,0.44725608846471615,0.8046239435731295,0.2,60.36691105963436
9494,0.46707831745783845,0.7612583320380296,0.8,53.33185478364264
16755,0.5095292748602368,0.6742679699518771,0.0,2.966441701025683
20481,0.4866125818484769,0.7202869923116761,0.0,7.586062821466879
19304,0.5213201910962754,0.6513908557573523,0.0,23.687828941739312
14515,0.4111201950730358,0.8888696618065557,0.0,11.066427543799268
417,0.5053730196563252,0.6824584695916792,0.0,57.87247770069992
9765,0.464476966266416,0.7668433101893933,0.0,16.90889440462111
20174,0.47326147518466083,0.7481072415698519,0.2,23.917735695597678
11137,0.4554591936428814,0.7864491521505411,0.0,24.718097092096745
1147,0.506050710798528,0.681118395746834,0.0,16.34684149792401
3619,0.4605648781859905,0.7753015468129584,0.8,43.07575500564261
8203,0.5342650249308089,0.6268632617701768,0.0,16.331041724332167
6521,0.48500803263172343,0.7235898260545396,0.0,65.17373541191029
8899,0.43409154463555866,0.8344998347848335,0.0,30.65952214731081
3373,0.35813771536783373,1.0268376867533229,0.8,62.17502506657365
10253,0.39077486186875154,0.9396236856809242,0.0,17.02269151234961
16995,0.49994387780450095,0.6932594312508165,0.0,17.047248859096857
15042,0.5636880331717276,0.5732543131926325,0.0,3.304925982254502
6499,0.42761228727955375,0.8495383647914507,0.0,44.50094313442964
2619,0.5327231740874582,0.6297533629315305,0.0,23.7149374327564
15894,0.5166727240916069,0.6603456337574091,0.0,6.775476344939673
7250,0.4576745053757094,0.781597034478238,0.0,53.73870195883089
20513,0.49548388261119136,0.7022204532664712,0.0,4.180669407580181
8970,0.5031167047754093,0.6869331183481412,0.0,17.96330143787017
18365,0.46871285667026924,0.7577649439405257,0.0,26.991586493781245
4094,0.4229630023860088,0.8604705685696183,0.2,69.26788076985429
2260,0.48576908707091904,0.722021897475128,0.0,31.815535862350785
11156,0.6352877231523117,0.45367727538509683,0.0,1.4015225087056185
5762,0.45450313322786917,0.7885504715976743,0.2,54.07485069546745
11249,0.43441043890147224,0.8337654800308101,0.0,5.852699992987075
17261,0.46116886772245036,0.7739909956357032,0.0,6.241076337210207
15989,0.5135443156272069,0.6664189522131878,0.0,9.025312017270021
4699,0.5700809460376198,0.5619769176437753,0.0,40.490436487479656
11207,0.4908928707529686,0.7115293608327773,0.0,6.018114785641272
12655,0.5490641611348481,0.5995399752031834,0.0,6.987938285042092
7604,0.42582103977044844,0.8537361154127215,0.8,66.08984573168938
20300,0.5448927192658352,0.607166349079277,0.0,29.811866813330177
6276,0.48203959058894313,0.7297290301533557,0.0,19.191872936294182
13141,0.47896553275805137,0.7361266408240026,0.0,10.173270302552229
1242,0.47302457829576294,0.7486079292698883,0.0,53.83614277452766
20606,0.43457691374914664,0.833382333258413,0.0,23.48054819328618
5684,0.4353499898795556,0.831604996954198,0.0,25.717380724023002
840,0.47179501666094864,0.751210674461656,0.8,24.128886061328814
4708,0.46703152380335394,0.7613585208005428,0.0,43.435503030800504
4678,0.37942892923862676,0.9690879744180814,0.0,55.23801454183064
6963,0.43796094147994924,0.8256255472853035,0.0,37.48339795704587
3953,0.48542481584729774,0.7227308624655526,0.0,50.95252580382146
6862,0.4120192160095235,0.8866852899204446,0.0,63.016723284051125
12304,0.5170286836413897,0.6596569250815967,0.0,6.7684098496030245
10681,0.5123540522066777,0.6687393847081028,0.0,17.32703608022626
8398,0.4603268562081435,0.7758184848508572,0.0,33.82568475569232
8532,0.49891966355582257,0.695310191069796,0.2,48.671716027283594
4357,0.4667687565796507,0.7619213118730215,0.0,50.75157904890182
17562,0.42766910322052865,0.8494055057308197,0.0,8.206955541119587
6488,0.5011038882086062,0.6909418376999119,0.8,19.57680049521284
10878,0.40783733690881135,0.8968868681206208,0.0,9.126721303726331
14512,0.4981857408311057,0.6967822979383941,0.0,9.516304087902874
12229,0.41595576773503623,0.8771763519340585,0.0,8.876147886683233
1927,0.49747110271833617,0.6982178090587569,0.0,27.321263614246234
12365,0.4659384331996809,0.763701771182041,0.2,12.572058475626608
20526,0.4682791617949924,0.7586906613376889,0.0,21.709934547615052
5435,0.34296496630202394,1.070126976093901,0.0,64.79619166825407
12186,0.3830388909363127,0.9596187520419692,0.0,17.87769654519778
17432,0.46882118337623446,0.7575338553574553,0.0,51.440335523324066
10781,0.4229630023860088,0.8604705685696183,0.0,69.26788076985429
4078,0.47351809589678473,0.7475651497752116,0.2,59.44263957636366
4194,0.4347649174337907,0.8329498136652419,0.0,34.7381703266342
8866,0.41093232505348065,0.8893267372809963,0.0,57.48163217145179
7925,0.5152344876213033,0.6631331661736515,0.2,45.51082990280034
13156,0.5332327763609483,0.6287972215223114,0.0,4.854125822714693
1024,0.4157124520534549,0.877761478749618,0.0,52.68763410130354
14598,0.4777828485575877,0.7385989414329557,0.0,3.8828144364770862
16201,0.4865368030322665,0.7204427316411992,0.0,5.789117949364243
629,0.45314811881830186,0.7915362338343264,0.0,35.720841406778966
8020,0.5065693374430486,0.6800940694148236,0.0,16.900337884393664
11593,0.4611493543396559,0.77403330941056,0.0,12.001773724139767
9978,0.4660986660692154,0.763357937505809,0.0,9.128234356469477
4362,0.40679072274261147,0.899456420518588,0.8,27.768243121514967
2659,0.47263830964381365,0.7494248560592496,0.0,41.99439620151924
16787,0.3946673438277411,0.9297120364280183,0.2,5.783087853075214
10691,0.4078916375109626,0.8967537341902733,0.0,11.278471841482295
20564,0.5275091778743716,0.6395890149692985,0.0,4.561580705632299
4697,0.5694716999698555,0.5630461900954642,0.0,40.71386970510391
3235,0.5380605671454508,0.619784146819549,0.0,16.718678187958442
4661,0.44143379377296427,0.8177272276619989,0.0,66.74657943827415
4168,0.5000152015276778,0.6931167779667533,0.2,53.00264085720744
2978,0.5000766501316316,0.6929938920459667,0.0,54.54901167457884
3911,0.44910427617122034,0.8005001772877713,0.0,60.07753769471407
19071,0.4436543177313919,0.8127095834560448,0.0,17.075027759365703
13500,0.5248722946698333,0.6446002942281034,0.0,9.531060112747765
19455,0.43749796193611284,0.8266832316270605,0.0,19.220385135329156
14486,0.4474880211838733,0.8041055099296981,0.0,12.097767074813303
15249,0.4699947179793721,0.7550338226829449,0.0,6.369464870197476
13200,0.48218248670670116,0.7294326334576796,0.0,4.787229999697354
4030,0.37624355856007924,0.9775185831717039,0.0,60.1173928650598
11497,0.3742852826987652,0.9827369843778747,0.0,10.148724742074787
767,0.470686707043976,0.7535625717981752,0.0,66.76564271147309
8042,0.5021960738728762,0.6887646501448945,0.2,18.696516743474596
10488,0.467073586619002,0.7612684606666089,0.0,59.748155600060194
814,0.48615983605075064,0.7212178283882054,0.0,42.60594651350645
11422,0.4942452373345964,0.7047234531243306,0.0,6.60819188581036
14383,0.5308727701356009,0.6332328907142912,0.8,7.350567571749693
8517,0.4727308854866229,0.7492290048646433,0.0,43.69840501354431
8913,0.41804442570798456,0.8721675705068205,0.0,77.07344727411225
6946,0.46350145748851634,0.7689457494536279,0.0,54.414442557463495
6993,0.5365530728083654,0.6225897976505317,0.0,13.261162808705905
10623,0.5265588783512081,0.6413921239336937,0.0,5.209514963923942
12499,0.5677713084877825,0.5660365672383484,0.0,4.511623334932432
20005,0.5759539778402812,0.5517275210612326,0.0,14.946298103567361
16922,0.49233751550024984,0.7085907905708229,0.0,5.082296584668335
3188,0.4672979797701792,0.7607881524818079,0.0,18.2931511844686
8459,0.4784733437268115,0.7371547776308204,0.0,46.514470967740465
1773,0.45312739589872536,0.7915819658865413,0.0,54.99120013642461
6402,0.4380698008278822,0.8253770186818288,0.8,61.17694059453592
17385,0.48482958239250384,0.723957826302146,0.0,10.156042079064942
1849,0.43239177636956755,0.8384232119697071,0.0,52.18764873519109
17662,0.4627503901237284,0.770567484473827,0.0,11.786214071045954
17922,0.5277634144333908,0.6391071744177836,0.0,17.25589370928016
17963,0.3220907014655421,1.1329220915325273,0.0,80.64592834181585
1229,0.45875260171321364,0.7792442083199813,0.0,57.5004308453508
12054,0.5381041306025658,0.6197031862431057,0.0,6.55460068836059
12371,0.4852625206897644,0.7230652547109994,0.0,8.902740776236989
7161,0.4694358065260418,0.7562237169959258,0.0,51.1358440507659
15862,0.5269233322709447,0.6407002205857274,0.0,10.164869245525956
584,0.42117376266142525,0.8647097925394942,0.0,39.86312011662825
3339,0.4766936031953868,0.7408813357928229,0.0,34.0471974904774
4560,0.4157124520534549,0.877761478749618,0.0,52.68763410130354
18932,0.5267774144244796,0.6409771831822815,0.0,21.32659365062533
10208,0.36071742259824396,1.0196603900538395,0.0,42.779853531762754
4241,0.4749139145441244,0.7446217239107823,0.0,45.79981761569547
8588,0.5286943622228839,0.6373447792685847,0.0,53.12587378417958
12228,0.42413013519982556,0.8577149482001998,0.0,8.679217933837027
11665,0.3452302133249314,1.0635437994866206,0.0,7.584795989208862
10016,0.3676589130594734,1.0005996373059494,0.0,10.354204857901223
10832,0.41439693445814424,0.880930985607314,0.0,10.775328013344346
2746,0.5012057487996086,0.690738585954958,0.0,14.902684860230288
2582,0.44653663640833463,0.8062338296054181,0.0,52.77969795820213
637,0.42393860167020336,0.8581666416173763,0.0,23.00315709044544
6416,0.4596644951475034,0.77725841398521,0.0,13.373119739667713
2865,0.4435640076315823,0.8129131637869279,0.0,55.48945274615676
7965,0.4229630023860088,0.8604705685696183,0.0,69.26788076985429
1318,0.4190035384036187,0.8698759142182855,0.0,62.796344371138524
599,0.5148699609721055,0.6638409131694278,0.0,59.8950479101229
17545,0.4593590058152346,0.77792322689413,0.8,22.68035221425585
17651,0.42582659244614723,0.8537230755697423,0.0,68.46432504147496
1917,0.5040382189930217,0.6851031824504583,0.0,22.0185311389599
7900,0.5186590822395515,0.656508485950282,0.0,45.50588730644771
11036,0.45038211943441636,0.7976589022466121,0.2,27.088495590016414
4754,0.5366776021048145,0.6223577332865159,0.0,50.51366836609193
581,0.4581308655737056,0.7806004029880835,0.0,59.2709858593513
11800,0.5952736825621375,0.5187340084979303,0.0,8.691648338331866
10472,0.498531040020208,0.6960894246778045,0.0,23.35379966686626
6728,0.45558440691453933,0.7861742733799318,0.0,50.5745924460591
19179,0.6061422643339212,0.5006405608376193,0.0,15.186931909555149
18161,0.5550686199761509,0.5886635332817793,0.0,9.600218841796165
7301,0.3787857876504715,0.9707844377762186,0.0,71.9351253579183
17066,0.5488608612911112,0.5999103098652193,0.2,5.922194707460873
18325,0.5138317054058739,0.6658594885304088,0.0,24.798270934771754
19493,0.34577161964807585,1.0619767806797313,0.0,6.021939630576171
18197,0.43703597261147414,0.8277397700856928,0.2,27.038532411418753
5144,0.503947615513784,0.6852829537852927,0.0,27.113219125422184
8053,0.5275753011899776,0.6394636727488324,0.0,15.986591818720811
13163,0.49379236204536514,0.7056401698995437,0.0,6.494359326550781
1069,0.43239177636956755,0.8384232119697071,0.0,52.18764873519109
5211,0.5172901052883564,0.6591514297636514,0.0,54.94356712621358
4854,0.4801866306622548,0.7335804367690321,0.2,45.20689721427889
18559,0.4505623291187095,0.797258856079535,0.0,20.955948910398533
12025,0.5095443943230352,0.6742382969983768,0.0,10.370796851391365
9880,0.5227698974449589,0.6486138783753738,0.8,22.052871864762707
12359,0.5312662864856189,0.6324919022993178,0.0,4.017904936026586
7924,0.5155211313297756,0.6625769844549368,0.0,45.47265915085088
7464,0.3665098662469792,1.003729837835019,0.0,68.0689522396176
17277,0.5117787040313869,0.6698629660647475,0.0,16.644084560750056
11872,0.4878353798551809,0.7177772664020339,0.0,9.500141250417183
1319,0.41816288037526944,0.871884256387904,0.0,61.921216961811396
9682,0.5158829826082868,0.6618753171094856,0.0,22.553401935476508
2099,0.5095471888476341,0.674232812653996,0.2,17.89413946511563
15006,0.4075670373123133,0.8975498510894258,0.8,25.59363345599402
12640,0.49339821248145344,0.706438697752273,0.2,16.89094881860663
2719,0.5012057487996086,0.690738585954958,0.0,14.902684860230288
11285,0.4493305042915165,0.7999965722849443,0.0,28.769876807090924
8347,0.4871270607914778,0.7192302848133973,0.8,82.03648003903672
6523,0.44411621190008543,0.8116690122837553,0.0,49.187144002158504
18615,0.5039118366052361,0.6853539535829087,0.8,39.16797949303037
6397,0.5042956766830665,0.6845925228430729,0.0,17.05525294183354
16791,0.393242701449124,0.9333282967859134,0.2,5.805582077662916
19909,0.7690885826544647,0.2625491241021764,0.2,3.5302356113146343
5300,0.4764185190825836,0.7414585692872072,0.0,36.922042505356174
12488,0.44783735787006107,0.8033251529509102,0.0,4.569353565913474
6694,0.4739241176080565,0.7467080595372217,0.0,57.1791673802906
19588,0.5120474822110392,0.66933791954916,0.2,20.113604929283525
10715,0.4644652450284982,0.7668685458558878,0.0,15.43782963178971
12099,0.49806141062191034,0.6970318950582644,0.0,7.026081449007991
18633,0.4593590058152346,0.77792322689413,0.8,22.68035221425585
5728,0.4347770630900985,0.8329218779092218,0.0,36.31539578324896
16397,0.4926116075628331,0.7080342297023667,0.2,4.640456440053485
2885,0.4606337452164965,0.7751520306741263,0.0,48.37336152798834
15022,0.5407963783040722,0.6147124511987505,0.0,8.363163203401449
773,0.4717854050605429,0.7512310470768243,0.0,55.72256234377963
2676,0.4455868888745276,0.8083630143330753,0.0,60.79293580575545
5725,0.4722051724663332,0.7503417004171203,0.0,36.69546280528124
1893,0.49069100956443557,0.7119406577080142,0.0,22.10219845182158
2716,0.4634903276694951,0.7689697622209468,0.0,58.18717195187884
12029,0.6044583159392394,0.5034225675675134,0.2,3.280815174848454
14824,0.4579507683945865,0.7809935932339335,0.0,12.442788935311405
16331,0.48239150490188143,0.7289992437949472,0.0,12.096649052024265
20753,0.5995501715408444,0.5115756190407413,0.0,14.85462121983766
5977,0.48225671940144615,0.7292786938533553,0.0,53.11701578111199
2368,0.44481426098261323,0.8100984749980948,0.0,57.46433334621038
6079,0.506050710798528,0.681118395746834,0.0,16.34684149792401
9740,0.4705096289023224,0.7539388549114429,0.0,60.194478291171535
4213,0.42869975144515293,0.8469984851657473,0.0,37.267933347292875
2828,0.5248969612865483,0.6445532998689535,0.0,47.12973413918496
3196,0.5268549476536476,0.6408300099706404,0.0,18.792338086731036
19163,0.5744014468090286,0.5544267424333481,0.0,3.4274661444588874
6365,0.45067588971024325,0.7970068459233695,0.2,53.283893839536
17140,0.5447733654146116,0.6073854140816275,0.0,10.79460524236988
14770,0.5328616067947209,0.629493538071932,0.0,10.78951945867237
10333,0.38483041404788243,0.9549525247279971,0.0,5.90184527355739
2206,0.4229630023860088,0.8604705685696183,0.0,69.26788076985429
3482,0.3796572627584776,0.9684863733636958,0.0,55.12624629299237
3542,0.4892709456086042,0.7148388619542728,0.0,45.14207522316987
18135,0.507473630740808,0.6783105285475299,0.0,10.993106893413515
1307,0.4560600487368721,0.7851307923110944,0.0,56.57259798206068
1592,0.4345145908579478,0.8335257540397123,0.0,10.83583480251626
4402,0.46126925628234555,0.7737733364612196,0.0,36.448592659800426
12389,0.5625676290140381,0.5752439227722419,0.0,6.2040058936210505
16493,0.400710608435414,0.9145157869327794,0.0,16.241800585242213
18081,0.5231074353774816,0.6479684146414374,0.0,11.384805156481205
13243,0.40297834557074347,0.9088724515542057,0.0,15.949348704956307
11670,0.5051596424903202,0.6828807759201514,0.2,21.10921034205501
14847,0.5526146696083116,0.5930943203227131,0.0,17.614901200460817
9158,0.507432020392396,0.6783925270040148,0.0,46.480066161484245
5662,0.5088873096179083,0.6755286825858638,0.2,55.99456951029485
10949,0.4443514013607116,0.8111395850708567,0.0,6.497228455463427
76,0.5272209105255607,0.6401356332162963,0.8,16.003390830407405
2977,0.44798813929108805,0.8029885217142939,0.0,48.38005843328621
8058,0.44650804154964685,0.8062978686381862,0.0,50.595188181263914
17124,0.45474982132666864,0.7880078544885045,0.0,7.972275545022507
10067,0.4801667337617871,0.7336218733926908,0.0,24.356245357073725
12242,0.47998717478173686,0.7339958946418796,0.8,7.7172326164669105
12461,0.4529342492584432,0.7920083091585255,0.0,5.197237295300037
2239,0.4567511696151027,0.7836165229936319,0.0,57.995459046114284
19774,0.5343732960922103,0.6266606278955685,0.2,14.256843189858333
3661,0.48870827234877184,0.7159895475958201,0.0,48.71234603014692
223,0.4686128532854689,0.7579783241649612,0.0,51.62969337700886
3309,0.45634657708052906,0.784502720692655,0.0,54.79202234822206
949,0.4344237980168851,0.8337347282145343,0.0,23.490478511800973
13104,0.4761012099871706,0.7421248213289586,0.0,5.970394244211103
7977,0.5032566193006626,0.6866550614426022,0.0,58.104747946465075
3401,0.43159095549269577,0.8402770015807173,0.0,46.0265875406518
6755,0.4823937621939147,0.7289945644282315,0.0,15.775442624507352
17192,0.5140881673518805,0.6653604964238743,0.0,10.382285247113709
3037,0.4476082371884414,0.8038368997010966,0.0,49.86602501669617
598,0.5102413265037085,0.6728714759595238,0.0,61.11355231738394
17892,0.46932012019084085,0.756470184331032,0.8,37.142684896371776
5752,0.5329287073384088,0.6293676211014234,0.0,17.58453166969234
14649,0.5371913609603437,0.6214008960700648,0.0,7.332841814538835
18016,0.45433909327319816,0.7889114582500747,0.0,19.738565798916472
10176,0.4969314572112782,0.6993031754521666,0.0,50.40227423661098
19167,0.5451475311797287,0.6066988215390219,0.0,7.054694054233065
1866,0.4501332726058433,0.7982115787185677,0.0,51.51657602128088
10602,0.4688880007373717,0.7573913434520964,0.0,57.58067804163309
1043,0.5141263225596445,0.6652862799872145,0.2,54.199542932087894
15147,0.46798928954787006,0.7593098689078435,0.0,6.385036807852353
9958,0.48481403901491055,0.7239898862822283,0.0,56.47121113001381
8005,0.4345145908579478,0.8335257540397123,0.0,10.83583480251626
20034,0.5856861570028484,0.5349712011275538,0.0,11.79665078460948
16034,0.4333904182589744,0.8361162984330515,0.0,5.388497679777045
14468,0.4790697913581997,0.7359089899755725,0.0,3.339922827484255
12511,0.5022374686341947,0.6886822260529261,0.0,6.28766880267664
12448,0.387010489204479,0.9493034824321164,0.2,14.850619231060922
8201,0.5344334417088147,0.6265480806696938,0.0,16.3353618747123
16945,0.4308882368267943,0.8419065338121213,0.2,6.222531419430306
1878,0.5225023308440636,0.6491258342075447,0.2,55.247102621817646
18240,0.45819071485775154,0.7804697735553403,0.0,8.763894600471573
18613,0.41852949599240374,0.8710079112676373,0.0,23.974492425378568
12004,0.5654452310897657,0.570141838532242,0.0,5.6310062140757315
6049,0.5042750474039934,0.6846334307904945,0.0,49.31072389735307
4765,0.4949297622595685,0.7033394209065272,0.0,57.898895548329236
18758,0.4973668961591458,0.6984273035888996,0.8,24.310508955814143
9842,0.4660986660692154,0.763357937505809,0.0,9.128234356469477
18756,0.4879051940303398,0.7176341665307228,0.8,27.52127056020893
2289,0.4522628937986858,0.7934916447788475,0.0,55.90544923195948
444,0.5086053844983937,0.676082839148087,0.8,17.578153817850264
16209,0.5931903244401997,0.522239979639987,0.0,5.196000449284543
17202,0.5456167033912377,0.6058385582014952,0.0,8.920973000626088
11596,0.5177135476647942,0.6583331864678815,0.0,10.546497320741029
3069,0.4812853129719665,0.7312950184680616,0.0,44.50442259039493
19389,0.5042828622341444,0.6846179337524435,0.0,47.320793461328215
6408,0.5139625421194988,0.6656048914363957,0.2,19.841680188707013
21054,0.41807341900284817,0.8720982183334189,0.2,67.11667808451016
18465,0.5361109376064686,0.6234141661809252,0.0,6.53119823613065
16143,0.4544799687929025,0.7886014393987704,0.0,10.76953582488585
10537,0.44258353198657013,0.8151260594984995,0.0,10.037870130217218
14322,0.5082392225384669,0.6768030317384188,0.0,16.059182770831377
16996,0.49997589844491463,0.6931953848319233,0.2,17.72500643968847
19964,0.5558546097828359,0.5872485121232003,0.0,2.5039690252655027
16712,0.49924146033690336,0.6946654118161731,0.0,11.613069499025759
3445,0.456317583397353,0.7845662570611055,0.0,59.20336903953916
2219,0.43201057203251636,0.839305218739977,0.0,60.534888901620846
5328,0.43299409193664645,0.8370311955608485,0.0,58.50848184691156
9792,0.4873041561660928,0.718866800201076,0.0,47.50271947357153
3658,0.47073310552185166,0.753464000518298,0.8,54.29461403783683
20237,0.5582451203928206,0.5829571291996317,0.0,3.6516436997012347
13208,0.4898991615066736,0.7135557018992408,0.0,4.511098996336056
15409,0.5873264891351657,0.5321744142268444,0.2,15.858798152985248
19237,0.49153873845915247,0.7102145256968244,0.0,22.16934652799651
7919,0.512192201999228,0.6690553298557849,0.0,46.847251950527735
6606,0.45662762128095624,0.783887053328103,0.0,58.14129303823099
12424,0.4187131504500702,0.870569198640199,0.0,6.749958268372952
16047,0.4881170290858789,0.7172000881791274,0.0,4.998346688551322
3358,0.43155670598577595,0.8403563611352092,0.8,59.66530164059985
16744,0.5060289283162823,0.681161440743309,0.0,6.27227108838476
19320,0.5485020686988796,0.6005642277172103,0.0,9.96396086379528
4837,0.4330244331896157,0.8369611248819857,0.0,67.99471999747067
21172,0.41596158456804044,0.8771623677732806,0.2,67.97131000493054
6490,0.43514377422259815,0.8320787870474049,0.0,57.163813304982455
12473,0.47500321805075096,0.7444337001267588,0.0,6.990232344797642
19722,0.560582206663653,0.5787793805631358,0.0,2.4678574938447966
12981,0.4288096869563611,0.8467420786309915,0.0,15.202407680268843
15386,0.49679078043767766,0.6995863064302417,0.2,7.05095574613302
12482,0.5693529276548069,0.5632547776384416,0.2,6.994497684754855
8610,0.5088066327150028,0.6756872310447247,0.0,19.410128943611387
8434,0.5125425237560588,0.6683715982291042,0.0,37.08626599717505
4091,0.42107929995582966,0.8649341020972372,0.0,69.05201324906211
5115,0.4348252193616068,0.8328111232055387,0.0,41.603081184655395
55,0.43409154463555866,0.8344998347848335,0.2,30.65952214731081
7931,0.5100662897049002,0.6732145818968799,0.0,47.41450320844604
15268,0.5250982914536888,0.6441698120977803,0.0,6.058416910767727
9712,0.49865446554182896,0.6958418769114906,0.2,22.200836224264332
15901,0.5527394997933737,0.5928684557282723,0.0,5.617428420134183
8767,0.5024024586692459,0.6883537699921016,0.8,18.741464927020672
9723,0.4836051229863254,0.7264865668602121,0.0,30.167355797400838
16469,0.42417776127734325,0.8576026633145692,0.2,8.847650645628718
16692,0.3794323457090065,0.9690789702153566,0.0,9.206492815798558
10632,0.466848959743007,0.76174950030143,0.0,24.41407090349208
16661,0.39622922146358347,0.9257623931123564,0.2,6.056892955836981
6703,0.44239245571812774,0.8155578819977904,0.0,46.78039749806387
9873,0.5344493229394387,0.6265183650990991,0.0,10.326275614694083
3824,0.4353383109260393,0.8316318238990557,0.0,65.78207600144583
1489,0.42365076420333664,0.8588458324838993,0.0,19.105021350021175
4369,0.4419782525175231,0.816494600563962,0.0,56.08909945124671
8983,0.44193388700330155,0.8165949850077887,0.0,54.920093473853726
11956,0.559274077364926,0.5811156265839321,0.2,6.265414567719406
9381,0.504365599434048,0.6844538781805898,0.0,18.30571693537209
1971,0.438716605871845,0.8239016190717274,0.0,72.34432881210064
18909,0.47417387987759363,0.74618118936984,0.0,15.710844458284573
5360,0.4528065231195444,0.7922903460141926,0.0,38.148781369522496
9050,0.5011153786669589,0.690918907671059,0.0,21.63267063019035
3128,0.4646383935611878,0.7664958241755445,0.0,52.30567340432742
12590,0.5056682662507939,0.6818744249893931,0.0,5.410673360702135
9490,0.48964842644992296,0.7140676424426294,0.0,52.948116776701724
20337,0.5096796237715248,0.6739729393402324,0.0,12.465129435967516
18003,0.4449067474592471,0.8098905750472352,0.0,18.473604356671046
6792,0.4863213697435285,0.7208856189978314,0.0,57.77898346266035
2340,0.4270623202599147,0.850825327316593,0.0,23.567865461438885
17991,0.5451502537846808,0.6066938272980178,0.0,10.682664790717126
12740,0.4377112767907301,0.8261957713732098,0.8,8.770481582911344
3336,0.4945892538758577,0.7040276510296452,0.0,40.938505340717725
2358,0.49105381280998306,0.7112015588020771,0.0,53.80239900858459
13952,0.5089012022360968,0.6755013829690425,0.0,11.079235762695756
19758,0.4619350245778336,0.7723310372329705,0.0,11.789633548520113
8533,0.42130909618654644,0.8643885194717661,0.0,60.749224093313956
14327,0.4209284482986125,0.8652924162793665,0.0,30.761144738565758
19427,0.4468089910604543,0.8056240887566731,0.0,21.436045593830535
12934,0.44605560569682984,0.8073116582832446,0.0,13.895448176141018
11407,0.524460403870168,0.6453853470934009,0.0,10.7408249742755
7628,0.465825576652476,0.7639440139528789,0.2,55.26370717170472
122,0.4850764764016416,0.7234487171730053,0.0,33.01096297759298
15345,0.43017696475808787,0.8435586090072942,0.0,7.814727505716977
3770,0.44555976695192656,0.8084238840506063,0.0,37.025816356631665
11286,0.45043422791949783,0.7975432105514232,0.2,28.404660986505768
18207,0.47684706918357295,0.7405594491781107,0.0,15.270706539878725
5642,0.47660833792976415,0.7410602198633816,0.0,44.954567283614615
3121,0.49003271519577296,0.7132831244005362,0.0,31.430821257643913
19720,0.44614737288393247,0.8071059490676752,0.0,5.462767376293891
8064,0.4854145851598564,0.7227519384281291,0.0,32.96833364159408
15900,0.5537470416290035,0.5910473000677561,0.0,5.600172970858668
5187,0.49562111944961484,0.7019435162335327,0.8,49.093931239102574
14463,0.5459840378362798,0.6051655383966634,0.0,5.714578226404422
14233,0.42414429794001984,0.8576815563174733,0.8,11.024424500823452
14789,0.46391743963760745,0.7680486744031264,0.0,24.615959428645564
3918,0.46952738694511176,0.7560286498836105,0.0,62.98285594265316
7188,0.47830314676640756,0.7375105492533264,0.0,54.40246802891038
1462,0.516357400583825,0.6609561164723718,0.0,20.370006714928266
10193,0.480658973937593,0.7325972542241443,0.8,49.71405291342906
13601,0.5686845101307249,0.5644294623698056,0.0,7.880564093319655
16620,0.49148274666735114,0.7103284434345526,0.2,22.26488994129903
17530,0.3366620847884418,1.088675567446834,0.0,17.75085442121612
10676,0.47549752648958865,0.7433935989248621,0.0,25.29396691983628
6057,0.4029512853304686,0.9089396044153178,0.0,95.25686984925943
17598,0.5012057487996086,0.690738585954958,0.0,14.902684860230288
10513,0.48792937976232864,0.717584597202799,0.8,56.96904347131933
13286,0.5089592723590802,0.6753872806446163,0.2,7.025716450986417
65,0.4708258672724833,0.7532669618757656,0.8,22.844326899939624
4265,0.46110113659153806,0.7741378748158072,0.0,48.031385978559605
1821,0.4957046751844748,0.7017749425204102,0.8,48.74528686497354
6317,0.501416007657259,0.6903191678456289,0.0,16.095481706955248
16703,0.500275074644002,0.6925971825485803,0.0,11.904014735565866
4190,0.4349079795900883,0.8326208114436535,0.0,40.269706942998695
10782,0.42296300238600876,0.8604705685696185,0.0,69.26788076985429
1607,0.46714837501429957,0.7611083522586957,0.0,32.133992658051525
9683,0.5151753396970874,0.6632479708323663,0.0,22.361405437816835
19023,0.44563259541507766,0.8082604435491195,0.0,67.81709152934282
19133,0.5199893163587825,0.6539470130816046,0.0,10.115252667764128
3399,0.46288801917773725,0.770270113375912,0.0,30.49499390608625
7837,0.4879259837135459,0.7175915573506034,0.0,50.45386612017752
6717,0.4544325030054377,0.7887058846319048,0.0,58.742813926343366
895,0.428470877332162,0.8475325074729666,0.0,24.383507394886905
7395,0.46673249741095374,0.7619989961151373,0.0,41.34606425021734
16664,0.5496454827310506,0.5984817854372277,0.0,9.066101448837781
10293,0.5700651835486406,0.5620045675889381,0.0,16.706147681818173
2154,0.478430599676677,0.7372441158563708,0.2,59.18043183365806
15355,0.4714227484692973,0.7520000323909556,0.2,7.961048289836782
16471,0.4889170661900438,0.7155624026841331,0.0,9.675118839973726
4015,0.45963101851250426,0.7773312450488158,0.0,55.120558467800194
17043,0.5561897968106629,0.5866456818117659,0.2,43.04806075795257
9706,0.4712677535388776,0.7523288676374892,0.0,48.5440198973183
14690,0.5398305946103443,0.6164999023267964,0.0,8.945414605777628
7857,0.4229630023860088,0.8604705685696183,0.8,69.26788076985429
15574,0.4488375956205423,0.8010941590741126,0.0,15.364184415436718
18953,0.4608529381550596,0.7746762930500183,0.0,27.022646294693708
9689,0.5163993785445296,0.6608748234485426,0.0,23.913424877643248
19775,0.4500289711655988,0.7984433179221012,0.0,21.284901201620848
14363,0.42306152203284747,0.8602376683535125,0.0,11.5706269731302
12169,0.44850123422403826,0.8018438455940108,0.8,8.65871081558759
7544,0.45384328757648074,0.790003322079255,0.0,62.141664207832775
6030,0.4960070277873289,0.7011651834315215,0.0,48.171803261479745
12748,0.3916109498195231,0.9374864069712416,0.0,11.1546817576471
8141,0.506050710798528,0.681118395746834,0.0,16.34684149792401
17520,0.4701394550688175,0.7547259153762259,0.0,9.900306362986086
18290,0.49172954525767726,0.7098264183937014,0.2,11.40158684544883
2590,0.46182568912300576,0.7725677553650945,0.8,57.64900213303985
8130,0.5039837480316859,0.6852112573995581,0.0,58.36971928870231
9908,0.4551922242105935,0.7870354784543322,0.0,58.327593090192366
10775,0.4176152074448297,0.8731948267816749,0.0,14.613963758630263
11015,0.44241261494787876,0.8155123143797403,0.0,5.359057368862925
13280,0.44319669980798326,0.8137415898584129,0.0,5.527258279966443
13608,0.5537342091770112,0.5910704741882813,0.0,8.111259864753233
14712,0.5054676302485704,0.6822712776885234,0.0,10.196884985089753
6382,0.48031585402834065,0.7333113622607924,0.0,19.847072411218868
20183,0.4743251116531153,0.7458623028382705,0.0,15.918939436763008
14236,0.4698014384606492,0.7554451449045213,0.8,7.700667579612849
2953,0.4867375213819323,0.7200302716646511,0.0,15.513051571274477
13315,0.4848592708779483,0.7238965932883734,0.0,6.957007762443602
10037,0.38818220211021376,0.9462804565156212,0.0,12.132166619065618
7229,0.42137339775954563,0.8642359078450005,0.0,24.846782350543762
1075,0.46830120861511765,0.7586435819394315,0.0,38.747724420351176
4672,0.4826030445291439,0.7285608172136248,0.0,69.06756491600383
550,0.4650918672129362,0.7655203290091702,0.0,39.08746905049043
16989,0.4984518809479593,0.696248221926484,0.0,17.4062055481621
10978,0.43977826222281446,0.8214846285886578,0.0,3.688507413994717
14147,0.39731620895869074,0.923022819212037,0.2,34.73150288074211
20482,0.45712108948940433,0.7828069571252735,0.0,24.512819023307873
962,0.4588835666130313,0.7789587686103723,0.0,47.387955975253945
4454,0.45381136474939754,0.7900736634299319,0.0,39.298262331225374
4579,0.35813771536783373,1.0268376867533229,0.0,62.17502506657365
18149,0.5567138513067086,0.5857039030051887,0.0,9.551951713394864
5710,0.5049412155853105,0.683313261263903,0.0,20.715326121366566
13855,0.4674361627677729,0.7604924898065896,0.0,13.963403377017723
10341,0.5031042317752439,0.6869579101204308,0.0,16.555685895956028
8797,0.47217346185313913,0.7504088569834669,0.0,36.69874709733262
10510,0.4679792353139945,0.7593313530360142,0.8,61.04644447492467
8066,0.4744862591850206,0.7455226198656425,0.0,35.36200371441612
446,0.4561289438797806,0.7849797377739379,0.8,34.23100547209623
2400,0.4804674355720375,0.732995824830874,0.0,50.4740957413963
16847,0.4885219257864914,0.7163709246038059,0.0,10.363737488524187
7780,0.3803622872846705,0.9666310928557635,0.0,42.193448678116084
4706,0.46912910874367586,0.7568772632521147,0.0,34.56280091934965
17977,0.4479926268559272,0.8029785046134615,0.0,52.27389942508839
2063,0.4513144143465912,0.7955910330479146,0.0,60.882605017967244
5093,0.42761228727955375,0.8495383647914507,0.0,44.50094313442964
13205,0.4414566225167555,0.8176755140101682,0.0,7.894656869425256
2180,0.4957631991918268,0.7016568872431137,0.0,49.85272130330151
10936,0.46219655094837025,0.7717650434190065,0.0,7.361094698557634
17641,0.4607256575266087,0.7749525161087061,0.0,64.39855290614977
1398,0.4824641586368476,0.7288486435801191,0.0,53.93844464664106
12139,0.4867735568967973,0.7199562396054676,0.0,7.8162050223869475
19119,0.5149935506469807,0.6636009014123859,0.0,5.880167627918135
17337,0.4719938103746004,0.7507894070957005,0.0,70.44656857849175
15272,0.42888488882299747,0.846566720481476,0.0,6.928725507856198
2256,0.5144620074276702,0.6646335701126089,0.8,43.01840681138827
16580,0.5008890356424959,0.6913706881723831,0.0,7.706708947650651
13339,0.4734101975850385,0.7477930409744838,0.2,14.170677983836265
18709,0.5095292748602368,0.6742679699518771,0.0,2.966441701025683
5246,0.5162133397765337,0.6612351497678063,0.0,49.30830491639236
12453,0.4117294598525336,0.8873887961655678,0.0,5.760706007630409
12063,0.46376181245888093,0.7683841937754413,0.0,14.178993580498974
15867,0.5227034224362697,0.6487410456736965,0.0,8.71486333448249
3438,0.4300849249716329,0.8437725898610433,0.0,50.64745099390392
7040,0.4373168453405868,0.8270973000598472,0.0,60.97775033998772
9536,0.4802925295327408,0.7333599241846807,0.0,49.98214753513825
14728,0.4210182926953191,0.8650789956609992,0.0,14.7539225349995
18625,0.4110814691577456,0.8889638623342452,0.0,32.44718097519994
1894,0.4867923065627024,0.7199177220965632,0.0,21.9862878919334
9271,0.4460334933261517,0.8073612326378844,0.0,59.40160330730008
10244,0.40029655109667966,0.9155496288171788,0.0,7.451567566900998
10845,0.4590005949477713,0.7787037727399236,0.0,6.947206240222157
2876,0.47227889404853424,0.7501855906743212,0.0,55.13489204705551
18168,0.46936346492621644,0.7563778321559357,0.2,31.847288276683383
15698,0.42577981131555914,0.8538329411847224,0.0,1.5329289520952647
14239,0.6339041569572181,0.4558575079643179,0.0,1.4082577921323622
13955,0.5115624623205015,0.6702855850723944,0.0,11.438423867231535
2089,0.4826125026482121,0.728541219271805,0.8,63.76557132843042
13016,0.5233659962167956,0.6474742581024002,0.0,6.865169510496344
13825,0.45378773053708343,0.790125744161264,0.0,20.156897606114406
18544,0.435160607772879,0.8320401027649142,0.0,23.692342243629046
7524,0.4773504273073777,0.739504409372731,0.2,25.542482271524275
5815,0.4389719388449085,0.8233197885766081,0.8,25.85306587770677
17495,0.48155725270313476,0.7307301499254907,0.8,9.667559549012525
15452,0.5078512199570311,0.6775667483999827,0.0,9.660746628899727
5907,0.46810294400848496,0.7590670414233304,0.0,20.498604816602626
20587,0.4283730801040445,0.8477607806088006,0.0,8.325010808984283
7486,0.44170350914777773,0.8171164157705588,0.0,63.81679082485995
13454,0.5197512192786659,0.6544050063522674,0.0,12.805397059454172
5986,0.49974697684516584,0.6936533549542604,0.0,18.27082881381893
3735,0.47105408472486515,0.7527823619936596,0.0,55.33326545076543
16821,0.5421615437505096,0.6121912707507238,0.2,3.655700197225022
18367,0.45600657854696863,0.7852480429337249,0.0,27.149951683530247
19982,0.45227744619700017,0.7934594684398337,0.0,26.526936319304532
9705,0.4754724186329161,0.7434464036571402,0.0,52.115591761956345
10533,0.47689961449694507,0.7404492620302561,0.2,11.703169950931626
6582,0.48674148877867723,0.7200221206994971,0.0,53.21683895103279
17047,0.47613749654941745,0.7420486081651472,0.0,12.431909753308457
1158,0.49723732299572865,0.6986878557998288,0.2,62.0330011705765
21030,0.5408035351210633,0.6146992174384621,0.0,30.19709905666445
1448,0.4650536483280172,0.7656025073012803,0.0,47.65110133947007
2129,0.5327231740874582,0.6297533629315305,0.0,23.7149374327564
181,0.4243344842966606,0.8572332566927625,0.0,41.275782617790654
13969,0.4697408185767157,0.7555741862191904,0.0,20.434504644515435
21118,0.39167542858446475,0.9373217704682587,0.0,6.75480938893789
20073,0.5819096524454411,0.5414400796491475,0.0,8.151380047994818
20044,0.5769164770102188,0.5500577768336617,0.0,8.285520010223571
11213,0.45556295150677845,0.7862213687428642,0.0,5.363012481545297
13697,0.4626319134569733,0.7708235444113122,0.0,9.562065862590234
3768,0.4181550682610259,0.8719029385512046,0.0,83.54138218595295
9687,0.5160186623200738,0.6616123468676303,0.0,23.859395258913914
713,0.4698926472579881,0.755251020456977,0.0,41.55390861021535
18113,0.5093360332877084,0.6746472969802884,0.2,20.384468181202422
11962,0.5062106472989661,0.6808023973132484,0.0,5.422250659639651
2871,0.4876995822850035,0.7180556727663873,0.2,59.56272134296984
12771,0.46006457018984337,0.7763884293720195,0.2,7.723977785104831
18106,0.44028353363110057,0.8203363649867526,0.0,5.842599570930806
7057,0.4672979797701792,0.7607881524818079,0.0,18.2931511844686
2204,0.4229630023860088,0.8604705685696183,0.0,69.26788076985429
19283,0.518704565718422,0.6564207954302039,0.0,10.79615190095141
12910,0.49261640074683377,0.7080244996013947,0.0,11.990748340408807
12456,0.475304008599213,0.7438006615681292,0.0,4.957059330266213
6922,0.45039334870135933,0.797633969802644,0.0,50.996728954715614
17975,0.44100441131020274,0.8187004006143391,0.0,53.297394830755806
7243,0.45879269276667517,0.7791568206918648,0.0,33.52322339916644
10032,0.38586912290243497,0.9522570268493408,0.0,9.410917710716939
3408,0.545275734925098,0.6064636766187966,0.8,50.480522133337345
3409,0.5427665749710051,0.611075931821304,0.8,50.1879723033121
1397,0.4489864383607078,0.8007625957924549,0.0,54.35977052598426
21166,0.640675018984945,0.4452329412878009,0.0,8.634848164796738
17955,0.6086501990660629,0.4965115620649523,0.0,14.904035776403878
20166,0.5250781598721059,0.6442081515245689,0.2,4.397686907063124
8260,0.48697021090767767,0.7195523263378174,0.0,25.23110133488082
2783,0.4687869118832864,0.7576069594467578,0.0,48.61374133345369
19845,0.5376531573255323,0.6205416157076556,0.2,18.36430849003394
5431,0.3309383167362085,1.1058232752424624,0.0,66.797253591139
4316,0.48334941620583155,0.7270154578806072,0.0,46.59296757430914
5814,0.43745273132458623,0.8267866217081595,0.0,24.11736424133548
17538,0.4393292274654555,0.8225061983094877,0.0,6.200874061192978
13320,0.493512590618844,0.7062069075285904,0.0,11.02035880545348
17078,0.47279771381636393,0.7490876483157212,0.0,43.82724535522865
12306,0.5313804282454911,0.6322770768851348,0.0,10.148205790029284
9353,0.47354102666397696,0.7475167245678502,0.0,30.132403045438053
6569,0.4410280451683017,0.8186468110713898,0.0,68.80726384597237
16564,0.4986901242255389,0.6957703696629609,0.0,8.927603024907201
11918,0.3638915044571726,1.0108995204535987,0.0,13.808988040346136
9492,0.4786494789413874,0.7367867261908325,0.2,58.12141965889177
12399,0.4379710761804938,0.8256024069037654,0.0,6.599369768823051
14398,0.5350988212905873,0.625303836450733,0.0,7.06593317299242
7317,0.45861467461513306,0.7795449103456126,0.0,56.259751778525654
13558,0.4950094101924599,0.7031785061043258,0.0,20.88299658330387
16803,0.4180840117653933,0.8720728815675041,0.2,3.0492029476667426
11464,0.4798953097867336,0.7341873034794417,0.0,6.557026978217735
13303,0.43880498157807474,0.8237001979151601,0.8,13.84022160139774
8087,0.5047298695074321,0.6837319046896394,0.0,40.61025418379853
6058,0.43409154463555866,0.8344998347848335,0.0,30.65952214731081
15448,0.453465949038294,0.7908350970567694,0.0,12.930548961797449
3893,0.3993230943610625,0.917984429467851,0.0,52.79098929747582
7399,0.46675184600653025,0.761957541546101,0.8,33.33830782909211
2193,0.40969852190469797,0.8923337021861297,0.0,55.520112195766885
8689,0.531784346075798,0.6315172363420759,0.0,21.913017412545887
915,0.48615983605075064,0.7212178283882054,0.0,42.60594651350645
5779,0.40865972636950315,0.8948724340809179,0.0,88.01070594005873
10206,0.45680889530616636,0.7834901477428805,0.0,45.63242516901694
15872,0.511226391077819,0.6709427515122921,0.0,6.228025630213025
902,0.4292544257523031,0.8457054688271787,0.0,63.451163965365225
5709,0.46259777581423683,0.7708973372070856,0.0,51.91993448460123
13732,0.476089173157466,0.7421501037302899,0.0,21.32568226812337
860,0.4672979797701792,0.7607881524818079,0.0,18.2931511844686
15725,0.5008434926081615,0.6914616167048633,0.0,1.9562831850774942
15462,0.44829878319154526,0.8022953420971343,0.0,6.140969238546517
18047,0.45337334211273056,0.7910393381539275,0.0,38.85189540358781
11782,0.4451905559393132,0.8092528728800666,0.0,7.432987205215751
12532,0.49962911274308575,0.6938892303246129,0.0,5.049779145002549
8146,0.5399397232590722,0.6162977692485047,0.0,16.609224763697732
168,0.46734829686326307,0.7606804816026946,0.0,31.09662180217832
13792,0.4415339081616956,0.8175004597090128,0.0,6.085881952448314
2883,0.4585459169180649,0.7796948463499104,0.0,50.78347434194155
1832,0.467076434729855,0.7612623629076025,0.0,51.41185501479825
14012,0.5561061925135781,0.586796009239078,0.8,8.83421437797639
9637,0.4903056340110773,0.7127263394444528,0.0,39.98038488116386
2548,0.474660931264276,0.7451545587619803,0.0,57.25767356643308
2546,0.48159837099437325,0.730644767480013,0.0,20.702818817620905
6770,0.4661928905475157,0.7631558022875881,0.0,34.9716152220704
19261,0.43659477296765914,0.8287498070688369,0.0,23.99272169420935
761,0.4325654451688892,0.8380216457480933,0.2,63.2706326555816
1349,0.5043111883010004,0.6845617643414731,0.8,16.203577014190586
18716,0.4848220147748536,0.7239734352438989,0.0,4.249724499855656
17135,0.5083840938388505,0.6765180268619214,0.0,12.263242497447946
241,0.42456695991458887,0.8566855473554179,0.0,23.05341121661047
16660,0.45537268519900165,0.78663910695153,0.0,5.222497076813256
8136,0.4618286849841335,0.7725612683907203,0.0,30.535485311978157
17288,0.5070004323047448,0.679243422719237,0.0,9.482237559294623
6122,0.4681446451478149,0.7589779599883756,0.0,44.17251785037769
9253,0.43500134878043495,0.8324061472535819,0.0,61.856930719065005
9424,0.53415409632253,0.6270709117578471,0.8,16.18783592192082
19231,0.4655881077494445,0.7644539246663538,0.0,4.9191845945378265
18257,0.5207905229804517,0.6524073852954891,0.0,6.029549277642842
13333,0.4425722040274837,0.8151516549019435,0.0,13.634633017619574
2185,0.48615983605075064,0.7212178283882054,0.0,42.60594651350645
3372,0.49750738373185033,0.6981448808215651,0.0,32.84771611001236
12190,0.41589983236957556,0.8773108352879915,0.0,15.896873071686962
12948,0.493580470188126,0.7060693732431533,0.0,8.053498070999101
7310,0.4788806883054637,0.7363037975553104,0.2,50.105475670659736
6161,0.4492602653257294,0.8001529036613729,0.0,60.82362248344468
585,0.46117874440404,0.7739695792381105,0.8,48.95744360893575
7639,0.3789931494600604,0.9702371493663416,0.0,55.303517513881474
1660,0.4446988356541636,0.8103579997415391,0.0,52.713790356203475
2430,0.4860770389302767,0.7213881513265854,0.0,21.832090967717743
20358,0.5011111968721395,0.6909272526799053,0.0,4.430225668060433
18648,0.4738727510568235,0.7468164510143019,0.8,24.463838241751365
5858,0.48446870914353135,0.7247024335480211,0.0,40.967427683823104
15702,0.42872886779052943,0.8469305696687963,0.0,1.5205367795466165
13790,0.4666098567399959,0.7622617950144228,0.0,29.087911435337446
13213,0.4961944952466091,0.7007873016057857,0.0,10.146173768187005
12344,0.5048748853809366,0.6834446321232225,0.0,7.294336350801783
20815,0.617826892170989,0.4815469705181927,0.0,8.904983331812938
2225,0.43981142214336044,0.8214092299768935,0.0,72.38668839171373
16697,0.43880498157807474,0.8237001979151601,0.8,13.84022160139774
15500,0.424004241886734,0.8580118193503791,0.0,16.06026476982654
1402,0.4414217401482347,0.8177545336577529,0.0,54.16654873136138
1867,0.46450822619970367,0.7667760110902193,0.0,45.1358880024296
20301,0.44472914600215274,0.8102898427943191,0.0,17.7534495592305
8815,0.44955013022869933,0.7995079068646007,0.0,62.937261879402854
13489,0.4973224928129372,0.6985165844171267,0.0,11.236685820155145
18477,0.49319303702564904,0.7068546257444679,0.2,49.85092355920316
8222,0.5378572529588002,0.6201620830992008,0.0,17.026240033465
6334,0.4350001100992283,0.8324089947918107,0.0,43.00640830262378
888,0.5536743824917979,0.5911785222668705,0.0,18.087696209019487
13211,0.300786070127751,1.2013559973944878,0.0,4.565993606739467
19504,0.44207592122581046,0.8162736441755741,0.0,4.874827269075213
7764,0.5291081263661258,0.6365624703426602,0.0,14.780981338410367
3311,0.4565046762108423,0.7841563353832764,0.2,59.556674270623645
6096,0.4465543081175009,0.8061942553397135,0.8,74.8551384535246
634,0.4246682119303637,0.8564470927562411,0.0,65.70661873464007
18327,0.5115287218396911,0.6703515429876712,0.0,10.893480439013402
19386,0.4909183897660069,0.7114773772916015,0.8,35.899368733344076
17714,0.510956709529787,0.6714704095299776,0.0,28.571065413209283
8861,0.40188717378074285,0.9115838919930906,0.0,65.77077919826812
13584,0.6043336245556639,0.5036288750052793,0.2,7.403848199039346
14936,0.48846886632035047,0.7164795427537859,0.2,7.333884301714125
20656,0.5706292692336157,0.5610155459809519,0.8,19.518573489411033
14485,0.4476826239017576,0.8036707264121237,0.0,12.091225756965546
11140,0.5477022130560268,0.6020235465651914,0.0,9.956565749686371
5218,0.4098402902436341,0.8919877311637724,0.0,70.95762333354547
4157,0.43454024427281673,0.8334667165340467,0.0,10.835067314942606
15585,0.45414769945317607,0.7893328046568382,0.0,12.471852913736926
3316,0.4728437430075933,0.7489902981182789,0.0,22.233773742465893
5474,0.3611538544533129,1.0184512218208917,0.0,40.83989244098453
8408,0.4677639524638818,0.7597914853815614,0.0,33.44982130327304
11949,0.54366149453463,0.609428478499446,0.0,3.5057372121407684
13909,0.5257515497933845,0.6429265166273826,0.0,11.733151408597113
2994,0.4072577594158132,0.8983089784812145,0.0,64.81298731457673
20847,0.5819096524454411,0.5414400796491475,0.2,8.151380047994818
1585,0.47612624668769926,0.742072235782598,0.2,55.65541768369484
16868,0.5116356018211193,0.6701426225252481,0.0,8.898824393234625
7576,0.4682856150475102,0.7586768806517663,0.0,35.65819541481913
11162,0.4180747894717034,0.8720949402809366,0.0,14.215147692918176
14184,0.47442241327793694,0.7456571868878076,0.0,27.22394406394124
9347,0.4932504450751189,0.7067382317481035,0.0,27.947964776394805
6228,0.5338389136438971,0.6276611453733142,0.0,51.76164473988586
18558,0.45086828112624633,0.7965800417242028,0.0,20.030004754122558
3765,0.44777466029739793,0.8034651635168556,0.8,38.972075549602096
14584,0.6388647899309189,0.44806244334650847,0.2,1.862819781271895
2680,0.541748704935572,0.6129530290889282,0.2,16.63248058462188
13736,0.4499225755845524,0.7986797652773534,0.0,13.797073056674598
9893,0.4553828592218587,0.7866167650115444,0.0,61.84380922501027
2194,0.40618451426093427,0.900947753997,0.0,47.916010517588234
7439,0.46608802756202594,0.7633807623482202,0.0,46.63874860752579
6460,0.5243129617434147,0.6456665177114943,0.0,45.779372833582414
8028,0.5001181195239958,0.6929109694120037,0.0,18.788280116200347
20659,0.4984798545507593,0.6961921025317224,0.0,28.96855513914796
18274,0.44654455554430195,0.806216095191036,0.0,21.57434289184034
7475,0.4775945132309402,0.7389932051796589,0.0,49.91566962242585
9345,0.4919819752935123,0.7093131987432204,0.0,27.815717196947993
12000,0.4416494172092039,0.8172388853679925,0.0,1.5006140221107396
4873,0.542758464268421,0.6110908751939415,0.2,50.78012390818348
15088,0.4711348487656524,0.7526109228308456,0.0,16.749356891475664
10734,0.4679054845928517,0.7594889594585291,0.8,12.227772537004363
15476,0.5362478694361741,0.6231587818271986,0.0,6.542419294559531
19916,0.4224962123666514,0.8615747970377521,0.0,8.969855223463302
939,0.4683024822362158,0.7586408622809236,0.0,48.3026623123135
1824,0.48627507923846086,0.7209808085394982,0.8,51.94306103107286
11908,0.514760034729281,0.6640544388897373,0.0,11.195958244987635
5209,0.5238657863491157,0.6465197603902687,0.0,53.890654331377576
10505,0.485340360926323,0.7229048590678381,0.0,30.57887498703691
11393,0.5148549120856245,0.6638701421156752,0.0,20.593915617791232
3285,0.49723732299572865,0.6986878557998288,0.2,62.0330011705765
8077,0.44049897871759625,0.819847152070347,0.0,62.58713171414904
18275,0.6242764546038327,0.4711619725001895,0.2,1.744359302152399
20639,0.4245417756969421,0.8567448665370443,0.0,29.12118595462206
20839,0.5535183535074499,0.5914603683814768,0.0,20.164068011494916
20422,0.5876256174220343,0.531665238930827,0.0,15.81198926367204
19760,0.4703385490059305,0.7543025265479396,0.0,11.514428326723518
6100,0.4571360004047023,0.782774338476834,0.0,6.453974704415973
15446,0.44621994055598757,0.8069433082557088,0.0,13.203932096569906
17493,0.5094021981063331,0.6745174013570971,0.8,6.824092619002904
12700,0.4398901666902596,0.8212302043888782,0.0,14.066440760157768
10568,0.5002319628061834,0.6926833625277938,0.0,11.918656974922097
19628,0.4792787367460677,0.7354729369425658,0.2,35.8248874879301
3739,0.4685212753406024,0.7581737667219243,0.0,51.950066842850646
3359,0.4668844383698368,0.761673507246199,0.0,35.859587210263044
19685,0.44488288411764315,0.8099442132123986,0.0,17.766125111834093
8233,0.5321017730217789,0.6309205052639989,0.0,17.951265892633295
2410,0.493278598775009,0.706681155476354,0.2,55.4267716678569
7471,0.43409154463555866,0.8344998347848335,0.0,30.65952214731081
17092,0.4911864508036493,0.7109314863984384,0.0,6.446016063797458
4595,0.46931311437925183,0.7564851120180798,0.0,46.97772430201809
20302,0.5403949642440198,0.6154549915109033,0.0,10.128850804523628
3546,0.4697408750154935,0.7555740660704355,0.0,48.394521237640454
19612,0.5221758911744677,0.6497507915835872,0.0,8.833361875255726
15588,0.4885264660591529,0.7163616307495825,0.2,15.263517722742712
6805,0.5056173470810614,0.6819751268467203,0.0,13.905472420160045
13847,0.47286796254100383,0.7489390784214648,0.0,20.255058147291994
5604,0.496435706218323,0.7003012979034889,0.0,29.03799075298822
217,0.4704864078901197,0.7539882090241053,0.0,48.48143838876586
1055,0.48162135381259275,0.730597046658622,0.0,48.32168822008021
13258,0.45819071485775154,0.7804697735553403,0.0,8.763894600471573
11864,0.45575145660295724,0.785807669371517,0.0,11.207189421226476
4219,0.4326745473330771,0.8377694563770249,0.0,63.25159235854696
6677,0.4503886934449908,0.7976443058354483,0.0,49.38614792606695
1219,0.458668206647212,0.7794281916468704,0.0,52.13400376343656
541,0.4607415118068016,0.7749181051590334,0.0,49.36228093376805
1207,0.4814673319264083,0.7309168965120743,0.0,57.08460850230233
13979,0.4627352466030594,0.7706002100398851,0.0,4.518992330964805
11026,0.3366620847884418,1.088675567446834,0.0,17.75085442121612
5032,0.4607105562802085,0.7749852937360128,0.0,52.444808439907284
17615,0.5301558888474676,0.6345841857828065,0.0,16.808865254571916
12091,0.49940597254672014,0.6943359417632038,0.0,13.342359843629211
15868,0.5052755296129338,0.6826513953001548,0.0,8.85944959466852
7473,0.4686851425012018,0.7578240739346157,0.0,39.880491890809154
18557,0.4514058222409417,0.7953885164963671,0.0,17.122726410242194
12982,0.4238518561407488,0.8583712806976068,0.0,15.329652060190952
7714,0.48678044130018844,0.7199420967774293,0.0,51.19868067436464
18045,0.4551747884850614,0.7870737832814868,0.0,38.65712718449923
17578,0.4378900183353732,0.8257874998274254,0.0,11.351688469627469
183,0.4251016549888198,0.8554269504496715,0.0,39.435181110451914
10316,0.45266803773182973,0.7925962306735346,0.2,49.98904402669866
13408,0.4088955176553104,0.8942956136297782,0.0,11.26812464644853
14967,0.4269855240599921,0.8510051678270287,0.0,20.536880735506944
2474,0.47509687566129927,0.7442365469815869,0.0,52.985920735231105
4983,0.5184662412184962,0.6568803619789854,0.0,48.3299731337638
10214,0.4713159256554887,0.7522266547141885,0.0,12.831105359322521
15558,0.5236137157462796,0.6470010502049098,0.0,4.218932281998095
14413,0.48487359221456056,0.7238670566249099,0.0,9.4073768229254
1969,0.4317233374623306,0.8399703184370402,0.0,74.7237587591433
1256,0.4895395427663617,0.7142900383205061,0.0,42.568112980846394
14609,0.4886924019639294,0.716022022271275,0.0,7.928869975608659
11456,0.45756356688306776,0.78183945991168,0.0,8.289061766087338
16371,0.38395708707305976,0.9572244850530833,0.0,15.140897488992387
11561,0.38852876453658025,0.9453880719240623,0.0,7.218133263512472
3230,0.5259386724402139,0.6425706653608251,0.0,19.55342554302691
10136,0.45614489347736004,0.7849447710853671,0.0,24.77285655624845
6786,0.4823545264817738,0.7290759031828541,0.0,46.00104500130742
11713,0.47624682648200206,0.7418190161182793,0.2,6.810269676975819
10778,0.42946814234161773,0.8452077141351096,0.0,13.71307190347014
19924,0.47336753243933843,0.7478831680325586,0.0,24.792326021747563
20103,0.5191997696519166,0.655466557251992,0.8,30.538514555635928
10801,0.5803997216696916,0.5440382375213378,0.2,5.647388707717094
4894,0.4445782902874971,0.810629108406967,0.0,52.26531052761734
471,0.48022906708246554,0.7334920658264537,0.0,40.57733487161062
6394,0.5024493226135106,0.6882604946550388,0.0,18.355907444959996
12716,0.13828438713366606,1.978442937980829,0.0,14.539577105938147
5567,0.46507027732061806,0.765566750791542,0.0,38.52484895862278
5254,0.48200522740504986,0.7298003197516533,0.8,51.542147582460515
17678,0.5039882036649427,0.6852024166113807,0.0,16.187907745903814
8829,0.4639205954173614,0.7680418719664193,0.2,43.58637330424707
15514,0.4570088705048381,0.7830524779812591,0.0,5.648548881146202
19673,0.4984159484003487,0.6963203128227257,0.8,5.382034078041437
11758,0.4282170571631207,0.8481250690493539,0.0,7.952444819942841
13787,0.44038419774939946,0.8201077563636581,0.0,12.203818251488405
12598,0.43880498157807474,0.8237001979151601,0.8,13.84022160139774
12992,0.4432669825492028,0.8135830210579857,0.0,13.700738198759396
9885,0.4688786957858003,0.7574111883700406,0.8,66.72792453968282
11870,0.47828437674036645,0.7375497929724473,0.8,6.845200081555481
5408,0.45415237129353364,0.789322517659164,0.0,63.78515373600656
19789,0.4400636804566244,0.8208358342314517,0.2,21.989370800002497
11067,0.5634802733602069,0.5736229534616492,0.0,7.177744159992578
14061,0.37216516099386104,0.9884175420731727,0.0,37.19217364426742
19605,0.581794824727413,0.5416374282383354,0.0,7.344603237646234
11489,0.47895724730818273,0.7361439396085002,0.2,5.62818862506877
13345,0.4802906865325318,0.7333637614372542,0.0,10.609572842917695
3234,0.5379502875035954,0.6199891254993922,0.0,17.018701376704776
12880,0.48910045508991956,0.7151873809733051,0.0,9.066072723050947
5740,0.49973873804311564,0.693669841036908,0.0,53.187131886136385
19368,0.5196242100100997,0.6546494017182136,0.2,17.380941116160717
6950,0.45997720030600703,0.776578355279518,0.0,51.08720698356664
12649,0.5252889038489587,0.6438068747005717,0.0,8.073337877194847
15959,0.45781427222141163,0.7812916962803085,0.0,8.773123970237608
8118,0.4582056001889934,0.7804372868877298,0.0,47.21645585670766
12516,0.3707859515240525,0.9921303329443772,0.8,7.023340651825921
16436,0.5009219065986427,0.6913050650996603,0.0,1.2721395598560177
10607,0.4843100869869393,0.7250299018176469,0.0,30.106867779285622
12305,0.5247915131380971,0.6447542130948772,0.0,6.94110152534466
11410,0.47746812528801946,0.7392578746129739,0.0,6.82721295340697
11614,0.419796683307061,0.8679847722769791,0.8,14.637261723824302
16616,0.46519090907330496,0.7653074005034134,0.0,6.045162920103763
16118,0.4898558076022387,0.7136442013829488,0.0,7.207521031006197
20858,0.5017442140468957,0.6896648229179766,0.0,23.298258079113193
16810,0.42073507078678246,0.8657519289250918,0.2,3.0271018391082545
2645,0.5397873818018308,0.6165799543627586,0.0,16.353241863106923
19262,0.49959924039313025,0.6939490211619539,0.0,30.86615989939819
14452,0.6268639498890969,0.467025747716858,0.0,3.797386596978183
16137,0.45648291658481804,0.7842040022435932,0.0,10.459712654355702
7626,0.4720291262681749,0.7507145871051683,0.0,57.73370154117444
16309,0.4854112381667723,0.7227588335745163,0.0,12.25473645974241
18326,0.5147032812254718,0.6641646973185459,0.2,24.735152675779297
1517,0.481006885500389,0.7318736940092103,0.0,22.149425430824714
5114,0.4631887821160292,0.7696205712462609,0.0,48.505337677143395
20368,0.6097419597839728,0.49471942805919,0.2,12.271515092183385
15202,0.385979757589801,0.9519703523696079,0.0,7.6828766307489955
13742,0.444219057781456,0.8114374648368845,0.0,13.775367762738329
233,0.447838945145624,0.8033216086446523,0.0,45.102489020656705
16115,0.5603328247102611,0.5792243419572225,0.0,6.126455946635467
2797,0.4686161874033504,0.7579712093237927,0.0,38.37229247201701
3806,0.4629856643958109,0.7700591878033031,0.0,52.31397491847543
11581,0.4869433844159148,0.7196074164236288,0.0,12.559308288253114
14412,0.49018633190986055,0.712969690957677,0.0,13.78277293888414
5744,0.5240296601162391,0.6462069929877344,0.0,22.812723454586475
3650,0.47664282274012254,0.740987867870966,0.0,52.68423910161231
271,0.43409154463555866,0.8344998347848335,0.0,30.65952214731081
8440,0.5437481305808254,0.6092691345974284,0.8,43.06466727959038
16062,0.4592771915852112,0.7781013479620157,0.0,7.246458381913605
8437,0.5404550256505585,0.6153438541520431,0.0,43.8447918176233
18624,0.5532038618076545,0.592028698363307,0.0,9.67404487333649
1411,0.43529741793372656,0.8317257621351911,0.0,44.08146539316513
19712,0.47418766633343884,0.7461521151082332,0.0,34.434172662196794
6803,0.5069144568445675,0.679413013798929,0.0,21.197686548877584
13641,0.4413797164220355,0.8178497390426516,0.0,5.824889323897804
1163,0.4251310095846945,0.8553578997130685,0.0,24.653554891721527
18174,0.5277525421018361,0.6391277753977835,0.8,20.46167655830689
13024,0.5613828702479744,0.5773521280813717,0.0,6.466343999693131
12636,0.5033044166827714,0.6865600897907381,0.8,8.069484168568048
18202,0.46878084925813035,0.7576198921123366,0.0,25.251469501257105
19347,0.519705034684844,0.6544938693393842,0.0,18.693982079267155
17470,0.4784775087021587,0.7371460729510834,0.0,24.694393443861294
3516,0.43465276205657827,0.8332078148089507,0.0,22.717410562216344
17419,0.4566477424995674,0.7838429894686968,0.0,51.40442169449281
3266,0.43448880781995586,0.8335850933657466,0.0,10.92412908709835
20420,0.6001818955987381,0.5105225103782652,0.2,14.989196580776177
3337,0.4980944811492648,0.6969654987690093,0.2,47.78116656345061
6127,0.40123541144917957,0.9132069629579248,0.0,59.41324974774961
1025,0.4653705978855386,0.7649212061183606,0.0,42.57933963888481
13864,0.36176621823375826,1.0167570817629683,0.0,11.387679606641779
16977,0.24130356211350057,1.4216995442823215,0.0,54.23925799061662
13812,0.48091309991775394,0.7320686906499995,0.0,9.41129213126138
18594,0.5382714692961883,0.6193922563130954,0.0,5.393512823035805
275,0.46971294519268164,0.7556335257739767,0.0,40.80042853454905
1694,0.45078749124774325,0.7967592450991372,0.0,67.38591072274328
18486,0.47214752519807957,0.750463788845454,0.0,34.86485789531335
6624,0.4864504291974037,0.7206202752558091,0.0,54.488261499677684
9829,0.5316926000725299,0.6316897760550015,0.0,16.93560195624954
4050,0.4835404190289652,0.7266203708320981,0.0,43.63718659206859
19154,0.48997872470890863,0.7133933077815061,0.0,6.987331173519095
3763,0.3788304982486952,0.9706664081110498,0.0,90.2816809891774
5608,0.4965519444311033,0.7000671797586456,0.0,28.55223714909023
4071,0.48636503242013157,0.7207958414980428,0.0,44.07305930873405
13382,0.5259629308654947,0.6425245423675546,0.0,8.057257430399192
17723,0.4782753999795205,0.7375685618169349,0.0,13.482015597958114
9852,0.40807574167702243,0.8963024804419503,0.0,21.73623224301506
15791,0.444371453306823,0.81109445976321,0.0,7.951970389832413
10144,0.5730774113574177,0.5567344730373536,0.2,8.541420555058309
16455,0.4115736141946624,0.8877673825322299,0.0,6.083745456065602
15234,0.46299617905895196,0.7700364775024136,0.0,5.197900072401657
20472,0.6425628880225971,0.4422905868119029,0.8,16.86188573097212
887,0.46130764856778017,0.7736901080923868,0.0,23.159638231746314
7444,0.4410864295593441,0.8185144373425817,0.0,73.70722445822253
14217,0.24130356211350057,1.4216995442823215,0.0,54.23925799061662
4845,0.4726876769129266,0.7493204110955864,0.0,48.53347765281174
2481,0.4708009320991756,0.7533199237781459,0.0,42.58518011897351
4624,0.488157518414526,0.7171171415760966,0.0,71.43921161343181
8646,0.37771149866748777,0.973624605810035,0.0,78.67860944666197
19537,0.49163884320891993,0.7100108905611584,0.0,23.44100911852039
5507,0.45985212990587093,0.7768502979036526,0.0,50.200068384217104
10272,0.4377382879657555,0.8261340632494723,0.0,5.841180907599062
13522,0.5525811618826026,0.5931549570438526,0.0,13.71670838163909
19399,0.49657775022865797,0.7000152111231305,0.0,49.71508328475237
5513,0.46116015684357853,0.7740098845108011,0.0,54.258091723161805
8325,0.44442796744057966,0.8109672901622548,0.8,64.24888232566676
16607,0.5341634744464301,0.6270533549486044,0.0,10.335093317326278
13663,0.5404774320702267,0.6153023965762041,0.0,3.548264275059616
8668,0.45903860720517004,0.778620960900666,0.0,55.850481168980394
11004,0.41495837143534026,0.8795770735771634,0.0,7.29785049965893
20089,0.4462814682538226,0.806805431279101,0.0,27.02798194784988
1108,0.449312254664666,0.80003718826203,0.0,48.96627757248939
20964,0.43456281455160056,0.8334147772880396,0.2,24.84117792166761
13002,0.4432236095600799,0.8136808742998444,0.0,8.21776994188011
9233,0.43170725271693083,0.8400075761983115,0.0,55.46864084686113
15537,0.5123628837726565,0.6687221476240479,0.0,11.642451850352636
17754,0.4499022088395801,0.798725033523635,0.0,52.0369371528225
15610,0.4828909083510653,0.727964513467563,0.0,11.891664831818652
1639,0.536733358571522,0.6222538467625278,0.2,14.498514748252397
8915,0.5107015464151724,0.671969917302631,0.0,22.51099222963814
951,0.46714837501429957,0.7611083522586957,0.0,32.133992658051525
15123,0.48057056222192374,0.732781209694909,0.0,13.307307355080626
11759,0.539519431132213,0.6170764780053628,0.0,8.515655367049508
15754,0.4414566225167555,0.8176755140101682,0.0,7.894656869425256
18321,0.5788415487529077,0.5467265025010608,0.2,3.4663554075508776
7025,0.4457742128192282,0.8079427044337486,0.0,47.309088386739525
13895,0.41374290067245956,0.8825105109336391,0.8,14.872861414625705
4944,0.5004245310172185,0.6922984787747759,0.0,19.401664603572183
15712,0.482639237905973,0.7284858238622046,0.0,1.4239711643419857
9984,0.5081501189320908,0.676978365349209,0.0,20.674919897557043
3370,0.4987055363541277,0.6957394649193387,0.0,34.15385043905176
7929,0.5127379165904409,0.667990448196277,0.0,45.45340882438862
8702,0.5265241910906747,0.6414580014728023,0.0,20.65494813681785
18727,0.46381868101871365,0.7682615767943731,0.0,17.689223245293242
14556,0.490820082357171,0.7116776493843349,0.0,15.779673115347727
10868,0.4717659773090399,0.751272227137325,0.0,7.313635589722036
4641,0.4375489474787039,0.8265666994912397,0.0,78.35852248114918
11471,0.3520458786049853,1.0439937749311807,0.0,9.484944340147987
19124,0.5194747370906584,0.6549370989021813,0.0,8.981479920785384
15804,0.43352157689521514,0.8358137103088251,0.0,23.833227439315944
13475,0.47538394843606174,0.7436324889591347,0.0,11.56869110447164
16842,0.5422668353520945,0.6119970825425493,0.0,9.73167145396783
8932,0.4261759225666002,0.8529030541874747,0.0,67.1789101692892
12951,0.47866033910353356,0.7367640372724866,0.0,8.329117666208003
11739,0.5921726550667693,0.5239570395466261,0.0,6.906984913572761
21122,0.5975697710806916,0.5148842303105877,0.0,12.829370272370795
17292,0.5081125291125269,0.6770523419332217,0.0,3.7688116650823
18933,0.5985151736629982,0.5133034014851052,0.0,1.8621364959986195
18424,0.5232292931995758,0.6477354918751481,0.0,6.8089952360873305
10459,0.44434502691381655,0.8111539306824567,0.0,13.22464825121954
17812,0.5526415279183267,0.5930457192651838,0.0,2.5535955493495592
16776,0.3490716698041909,1.052478020257565,0.0,88.6139145517758
15780,0.4646821821799342,0.766401586256097,0.0,3.8960789550807617
20394,0.42630064007152596,0.8526104537541452,0.0,28.392351904347926
11914,0.49909085403547865,0.6949671275883644,0.2,4.536328440285082
15608,0.4982176031764879,0.696718343224503,0.0,11.381242995404545
11946,0.5443348464664769,0.6081906948921997,0.0,4.201077387372306
11995,0.4606434508960397,0.7751309606214114,0.8,1.3916313992308156
13425,0.5493496602865215,0.5990201362271348,0.0,23.1371533330432
17743,0.43409154463555866,0.8344998347848335,0.0,30.65952214731081
10038,0.38818220211021376,0.9462804565156212,0.0,12.132166619065618
16508,0.41446796654495716,0.8807595895525386,0.0,8.757568848945873
9717,0.4709480960677379,0.7530073904696771,0.2,49.88297664986033
12158,0.49997643187257806,0.6931943179257374,0.0,13.019576054775559
9268,0.4543004359301459,0.788996546652754,0.0,58.5561643835804
3032,0.43508942548223667,0.8322036932000328,0.0,56.802063968257684
17410,0.5256285255877844,0.6431605408571397,0.0,22.711123266854703
3832,0.4345274313364665,0.8334962031591066,0.0,10.868791252283316
9204,0.45237261389359956,0.7932490717325348,0.0,53.08819200749634
20100,0.4665149285286379,0.7624652580735637,0.0,22.181638566549726
18507,0.6061422643339212,0.5006405608376193,0.0,15.186931909555149
3999,0.4569256721727113,0.7832345442638463,0.0,78.16680691997134
6231,0.5360454969036711,0.6235362392306637,0.0,52.699724051605585
11745,0.39322451829027555,0.9333745368793218,0.0,6.3810151780393
8640,0.37508053678303194,0.9806145113156229,0.0,74.52670285998735
737,0.4345657622895134,0.8334079940847452,0.2,14.084596371711868
17976,0.4463870400512917,0.8065689004796405,0.0,52.50763419049812
5689,0.4287372097801458,0.8469111123635226,0.0,78.80508158999336
4065,0.48193333835461327,0.7299494766650158,0.0,45.256867553230975
14658,0.481875650188405,0.7300691853769345,0.0,21.193908952791134
2251,0.5294372150634943,0.63594069497775,0.0,38.232753902804376
12270,0.4159669944661222,0.8771493620941438,0.0,14.823823048270288
11445,0.47257646093676664,0.7495557230517264,0.0,28.74546226496652
13722,0.467276205302443,0.7608347501047422,0.0,13.969687618699401
8978,0.45296432643615203,0.7919419061890831,0.0,51.4762239022904
1994,0.5150572156379951,0.6634772861631588,0.2,18.1261992555003
16605,0.5393361954467003,0.6174161632843943,0.0,10.883195209528237
3299,0.46705325495206657,0.7613119915149559,0.0,51.17539445105865
8094,0.4907733498796043,0.7117728669684532,0.0,40.745437009353665
3617,0.46457391487675015,0.7666346055583472,0.8,44.100659779014435
14059,0.5239365165714412,0.6463847535817595,0.0,18.363790750627302
13071,0.5486187857565219,0.6003514579797495,0.2,7.6950048813602105
2259,0.43443684985169784,0.833704684651517,0.0,15.977951044625769
7050,0.37953272434898955,0.9688144556954443,0.2,55.60510612812809
14013,0.5420201420815834,0.6124521157208533,0.8,9.223528535671335
13355,0.519374015338041,0.6551310092335891,0.0,8.654280969357785
19199,0.5024191662735772,0.6883205151259282,0.2,6.9200304196023
9478,0.4591945221476661,0.7782813631688691,0.2,60.270107694990415
11514,0.478283608932582,0.7375513983111078,0.0,4.895792335128052
6263,0.40865226363048757,0.8948906957462478,0.8,69.09898520859599
20966,0.4434542721013828,0.813160589422378,0.2,26.884717181804625
8665,0.45939940421645853,0.7778352856011658,0.0,56.140264112029044
4572,0.4424511067488159,0.8154253138619937,0.0,59.994918089516325
18667,0.45275501720631905,0.7924041006536892,0.0,37.97596743066258
8391,0.4602237002315918,0.7760426028555922,0.8,34.54165495054067
9121,0.4380872054887115,0.8253372891340284,0.0,37.6704587305376
10454,0.418087640460408,0.8720642022610361,0.0,14.214646663187935
17570,0.41269101067462993,0.8850561242039089,0.8,5.817960672768587
7401,0.4653569068341708,0.7649506262253184,0.0,42.795165468786095
2731,0.4344237980168851,0.8337347282145343,0.0,23.490478511800973
15025,0.5426797524988031,0.6112359074372142,0.0,8.312808282854116
12275,0.4240686149283586,0.8578600091816396,0.0,6.784386254039049
15962,0.3810849250067268,0.9647330284138897,0.0,13.551629624996956
1373,0.4344237980168851,0.8337347282145343,0.0,23.490478511800973
7230,0.4283130824763716,0.8479008497038593,0.0,27.499546636849644
8535,0.3649928099750548,1.0078776242921474,0.0,39.23667622127314
686,0.4690663009469401,0.7570111539025717,0.0,60.04233574441747
3703,0.5161178928034199,0.6614200651716486,0.0,60.417414137384476
12111,0.38854577160415477,0.945344299887311,0.0,13.150684793741735
7527,0.4385371436285306,0.8243107646488655,0.0,35.12388532930354
19780,0.5468537597031394,0.6035738620245008,0.0,5.728519918193754
15502,0.46323522710383563,0.7695203040092655,0.0,20.411527971912314
4140,0.45653682971638126,0.7840859037427792,0.0,59.40626203640291
12369,0.41579140505084994,0.8775715746452467,0.0,14.389759819427114
8420,0.4882464467399918,0.7169349867940897,0.0,29.924867552136874
14879,0.2163586574947445,1.5308177969586696,0.0,11.281438279809826
18564,0.44829498836905535,0.8023038070733818,0.0,21.387814117704586
13844,0.46306820566031637,0.7698809233040271,0.0,20.894184527997062
19252,0.5404216686065706,0.6154055763525045,0.0,24.433755173942018
19507,0.4683428715016996,0.7585546198939889,0.0,12.906655562680008
18718,0.48564797659983355,0.722271245517781,0.0,4.7096056068503955
15194,0.4761704785016905,0.7419793407576482,0.0,13.208715550526131
20666,0.4426429126858312,0.8149919001549609,0.0,22.02515579079308
8536,0.5001181195239958,0.6929109694120037,0.0,18.788280116200347
6931,0.4751982824995157,0.7440231252089293,0.0,55.8017343906697
10674,0.5050640474178053,0.6830700311786753,0.0,17.763236238972613
14180,0.47004226796664655,0.7549326564777298,0.8,27.70602906870059
4347,0.3785371534551725,0.971441051198939,0.0,74.33952792530022
9382,0.5045298104538483,0.684128351828421,0.0,18.83268649049229
19619,0.4613255809557297,0.7736512359005386,0.0,68.52615585889401
16214,0.5734231527605679,0.5561313483212369,0.0,5.809487076185993
11934,0.5055991929478558,0.6820110323773143,0.0,4.51709526593101
13562,0.5140881673518805,0.6653604964238743,0.0,10.382285247113709
7420,0.4355318012409038,0.83118746298841,0.0,58.55715740167919
12849,0.3443673907514954,1.0660461951405034,0.8,14.99500474791887
4114,0.4667549249041578,0.7619509451341123,0.2,36.58507416555646
8789,0.5290922913294138,0.636592398580163,0.0,45.13440324490011
15258,0.543292606483751,0.6101072340507537,0.0,5.980881199107918
4458,0.45805096817536334,0.780774816833898,0.0,41.373257365323084
13247,0.4014155672335566,0.9127580610262335,0.8,10.282219435594172
4195,0.43480121255380705,0.8328663349767655,0.0,39.26381574894696
9080,0.47257720266730835,0.7495541535068571,0.0,42.0016414485894
19837,0.4779681218430264,0.7382112394195707,0.0,31.082383897834738
13359,0.45905150340131345,0.7785928673704225,0.0,9.537762996549688
10401,0.5218872641830851,0.650303683422082,0.0,10.505655832033916
161,0.4345530273554901,0.8334372994781527,0.0,12.168183300656636
8556,0.47308439150022175,0.7484814888566844,0.0,48.01134259010937
13389,0.536921001526937,0.621904306045703,0.0,6.891943678547718
11125,0.37216516099386104,0.9884175420731727,0.0,37.19217364426742
2284,0.46097987087263764,0.7744009009894685,0.0,53.317500851482905
11740,0.4522763380972473,0.7934619184870771,0.0,4.694517513372401
15714,0.4854179324815235,0.7227450426523774,0.0,1.2975802640516614
15171,0.45003668807481007,0.7984261704859509,0.0,20.368649779423745
17813,0.5421781415691066,0.6121606570623696,0.0,2.606702686094394
10308,0.4357405503373156,0.8307082807900352,0.0,71.37445396440754
3192,0.4367895744047651,0.8283037229572489,0.0,72.8575947129849
562,0.43997756983341546,0.8210315310205634,0.2,75.94541661940212
20229,0.5457593865086834,0.6055770844170152,0.0,2.6041026418221085
14428,0.48085703516021056,0.7321852772553891,0.2,6.5318246866218175
10364,0.4672170524002745,0.7609613489897742,0.2,5.831627351685622
7017,0.4543860558833528,0.7888080989224716,0.0,60.24521855520376
8321,0.450246633655398,0.7979597715661304,0.0,52.78503706271456
8081,0.4975681527931958,0.6980227412267497,0.0,37.50476156658381
19054,0.549707156927845,0.5983695845025427,0.0,17.314422504882067
12202,0.4210821352740385,0.8649273686656404,0.0,15.656483206025523
5298,0.5169478398415431,0.6598132996184941,0.0,43.580667936403934
10688,0.5124528102255571,0.6685466498176461,0.8,17.229114376091744
6682,0.4991796338302296,0.6947892603748904,0.0,18.75931003012204
20203,0.5557034054552651,0.5875205704889006,0.0,9.645618136752674
7609,0.46661887749532543,0.7622424626578441,0.0,53.13782302567617
771,0.46607893593883365,0.763400268774748,0.0,51.98755713870396
9221,0.47354102666397696,0.7475167245678502,0.0,30.132403045438053
8206,0.5301558888474676,0.6345841857828065,0.8,16.808865254571916
17407,0.46503047028799055,0.7656523480405587,0.0,28.73761291922913
9564,0.5207596184298795,0.6524667286710072,0.8,17.078315502930245
4623,0.4852295524797449,0.7231331959357524,0.0,63.99367416047906
12699,0.42630835146704943,0.8525923648163081,0.0,11.87874302523176
11277,0.46116886772245036,0.7739909956357032,0.2,6.241076337210207
19958,0.4712744136286335,0.7523147354533005,0.2,10.865682141715626
2701,0.5399532579095696,0.6162727025970233,0.2,16.608549217445088
8313,0.4353057509201454,0.8317066191163803,0.8,36.4994435839304
9666,0.5604494812842594,0.5790161720498362,0.8,16.10620207757194
4994,0.5030123259666281,0.6871406042788047,0.8,46.98667263329663
4381,0.4237553270756024,0.8585990490966366,0.0,18.893469717158766
205,0.4686966211521122,0.7577995830572464,0.0,51.58720430400125
15470,0.5447160595524543,0.6074906117290704,0.0,4.012961575192126
18435,0.5360358531767205,0.6235542298933128,0.0,6.516141880785414
18722,0.5267774144244796,0.6409771831822815,0.0,21.32659365062533
12336,0.5327882156074154,0.6296312778545111,0.0,9.664525412314896
10160,0.53339756907506,0.628488224659194,0.0,9.500542485412446
10708,0.47121296833209114,0.752445125096293,0.0,12.003380757636352
8939,0.44434558739506164,0.8111526693182968,0.0,46.89679355699053
2708,0.5067711046534465,0.679695847445814,0.0,49.65178373018382
20783,0.4373687279667094,0.8269786685703914,0.0,23.941446348245293
6404,0.5018468165355189,0.6894603522006145,0.0,19.528965659619537
3881,0.5063681189256227,0.6804913664420141,0.0,40.114969166799
15687,0.5185913022971319,0.6566391775239396,0.0,1.283532532196801
6643,0.4957631991918268,0.7016568872431137,0.0,49.85272130330151
19703,0.5100570773513124,0.6732326431508134,0.0,22.664375621900987
19638,0.5187944671966108,0.6562474912138884,0.2,21.060951005892957
11116,0.5546384231999664,0.5894388672771445,0.0,2.5380648054547508
4558,0.413262775541894,0.8836716279569348,0.0,51.743395815633235
2737,0.4792875616144413,0.7354545243019608,0.8,58.50172878894201
15798,0.5352169771724845,0.6250830494969257,0.0,8.472156812770741
13464,0.4485956167909179,0.8016334278066312,0.0,4.213785735603934
19898,0.5051383006975418,0.6829230244329301,0.0,32.35142803371463
3182,0.44003654446432067,0.8208974999180269,0.0,73.16249124593186
12176,0.439017292807953,0.8232164753207053,0.0,13.497045871856063
5352,0.4793673452203482,0.7352880752377099,0.0,21.849085267884604
5286,0.4537113089993591,0.7902941664616205,0.0,38.85086110266395
10576,0.38395708707305976,0.9572244850530833,0.0,15.140897488992387
5165,0.4625354989078328,0.7710319705798109,0.0,54.76447046675411
14384,0.5363631332234392,0.6229438599451315,0.0,6.340945488596596
3386,0.46798949270905377,0.7593094347929094,0.8,32.274448336902594
906,0.4287548039521674,0.8468700760115978,0.0,50.65553243363465
15007,0.4346957728119521,0.8331088654148152,0.0,23.756098788814157
20346,0.5232480315160211,0.647699679696509,0.0,3.685735040902264
5428,0.4891826016995528,0.7150194406021494,0.8,53.07946315434838
12108,0.44048614521705176,0.8198762865022386,0.0,11.074478689722604
11535,0.42546838361106665,0.8545646378161935,0.0,6.55715971411948
5074,0.43877728140883426,0.8237633262859533,0.8,46.95450959829933
16354,0.42325989262891134,0.8597688852262985,0.0,3.911849686564902
15002,0.4791607595063761,0.7357191230414248,0.0,8.534341932525992
20642,0.5732906949911737,0.5563623698097154,0.2,13.089816669122118
2695,0.499071045122246,0.695006818370495,0.0,69.49025715897244
1412,0.48470838826218837,0.7242078301898016,0.0,42.025779501871426
5585,0.48574921125122733,0.7220628145010426,0.8,53.60232796629498
10895,0.47132658762746266,0.7522040332605108,0.0,8.553688175699621
392,0.4727478483875477,0.7491931227229961,0.0,52.503452554296196
13534,0.5138428072132726,0.6658378828424933,0.0,10.740963969631759
3113,0.4819913333223014,0.7298291457523165,0.0,21.169061258245506
20514,0.5358379097531578,0.6239235708225502,0.0,18.970395409234186
5971,0.3783652686216057,0.9718952308435223,0.0,53.52227006595389
1796,0.4674315552439036,0.760502346867178,0.0,32.245300667602834
1757,0.5527483204009135,0.592852497872602,0.0,16.072231013786485
5293,0.45259359828531126,0.7927606901926936,0.0,58.168815642888895
2004,0.44216252516717375,0.816077760492856,0.0,75.51983670315039
14606,0.5092903873919171,0.6747369194265457,0.0,6.235243990820894
6846,0.5046606109995925,0.6838691330651508,0.0,16.187182431827196
21149,0.6051385422817105,0.5022978516598051,0.0,8.590548270307835
1742,0.5360258960617321,0.6235728055303893,0.2,17.47562763711501
18786,0.5020616295854248,0.6890323987273383,0.0,31.798844281309165
3374,0.49365770524451996,0.7059129063267121,0.0,46.696138484227596
18576,0.575490547480724,0.5525324758365422,0.0,16.14361746521208
9635,0.4970770637499703,0.699010207058711,0.0,40.45172260237648
6163,0.48678203286429345,0.7199388272099444,0.8,52.112773545547086
10976,0.5148647325736955,0.6638510680150261,0.0,20.883426386073737
20633,0.4949920903240061,0.7032134956845366,0.0,4.53678165682888
15682,0.3345130100672902,1.0950795060975924,0.0,4.0739147891452445
6119,0.4175362961621769,0.8733838015546277,0.0,72.98868069768986
18854,0.45949056280420564,0.7776368753642106,0.8,27.900444620889033
15727,0.4830714005679397,0.7275908089921224,0.2,2.7605595210344536
6531,0.4449287637280824,0.8098410911402366,0.2,63.77902981915576
1359,0.42365076420333664,0.8588458324838993,0.2,19.105021350021175
859,0.4644652450284982,0.7668685458558878,0.0,15.43782963178971
29,0.4210252437339658,0.8650624857340271,0.0,77.96938294408487
10321,0.4956332107759095,0.701919120221477,0.0,45.45276802445435
10999,0.44960542259213715,0.7993849195498162,0.0,27.502838706005484
9141,0.42761228727955375,0.8495383647914507,0.0,44.50094313442964
5878,0.463766977345822,0.7683730568986179,0.0,40.95428041536361
16226,0.5147595550683377,0.6640553707048247,0.0,10.0936418247011
1310,0.46585128614008525,0.7638888242435654,0.0,45.00069051962825
14863,0.5496445777120053,0.598483431989085,0.0,22.862365494410724
14691,0.5370180090110525,0.6217236487021716,0.0,9.006289109507595
19674,0.45308032813105187,0.7916858444266768,0.8,25.024003904106795
18663,0.4887334925937448,0.7159379429971972,0.0,25.13085316164335
15374,0.48502219972384736,0.7235606164656991,0.2,6.135106760418371
18802,0.5280680763689616,0.6385300710699855,0.0,22.6837817490808
9224,0.4836051229863254,0.7264865668602121,0.0,30.167355797400838
13164,0.4945295175144548,0.7041484380639295,0.2,5.529853740028346
10563,0.41374290067245956,0.8825105109336391,0.8,14.872861414625705
8514,0.4718881608454322,0.7510132688344153,0.0,25.117638546975968
15938,0.45509918185887444,0.7872399016784178,0.8,12.907979510344791
7755,0.37915913197295126,0.9697992887422755,0.8,53.34381091312626
12033,0.5626946771352048,0.5750181120950117,0.0,6.288340693580848
20694,0.566922340342168,0.5675329505218975,0.0,19.62954570967949
18204,0.6055692306950151,0.5015863861169467,0.0,10.716393024584555
3709,0.5099329883520359,0.6734759572850607,0.0,51.55122105542745
14394,0.5384035584693774,0.6191468913321208,0.2,6.295176029428628
8895,0.49527090580624106,0.7026503816619141,0.0,60.44550015462555
260,0.46852168573878716,0.7581728907787674,0.0,51.78321075394986
11587,0.3699278136982977,0.9944473904906884,0.0,5.175382387716495
1214,0.48943283020331935,0.7145080476666561,0.0,21.623871510973572
20303,0.5691259954563324,0.563653436229081,0.0,17.883596585904378
15606,0.48979491275063736,0.7137685208989041,0.0,11.584462767451914
1724,0.5286247366851314,0.6374764813023889,0.0,16.714631078193428
7881,0.5044413768505018,0.6843036464348193,0.0,51.78809756060878
17023,0.42251769785959603,0.8615239446371248,0.0,27.508459815179634
13589,0.57943562655849,0.5457007068273853,0.0,8.026030266122596
5575,0.4093700837137943,0.893135681913479,0.0,90.72472420415147
9722,0.47245794611269104,0.7498065389454396,0.0,48.70743494371233
3393,0.46805491003096966,0.7591696608210103,0.8,20.461521267919107
6179,0.5159938136127139,0.6616605026950919,0.0,37.00005409917297
1185,0.5029613803953135,0.6872418903681649,0.8,70.81683933461007
8795,0.472309456899474,0.7501208792030867,0.0,36.68466354323612
4585,0.5002039113807573,0.6927394409355305,0.0,47.82673163641093
5500,0.46074681742217827,0.7749065898414577,0.0,57.21135199085711
16969,0.510971004976484,0.6714424321172996,0.0,12.542881013995414
21042,0.5560738574727578,0.5868541563724127,0.0,28.34799020266307
19229,0.44667663680115105,0.805920353757797,0.0,21.56642885101918
19171,0.38561964639585483,0.9529037673469447,0.0,6.6307330679507
15305,0.5041048104541317,0.6849710752806188,0.0,7.132946340774433
17280,0.5873351035355268,0.5321597471935219,0.0,3.046082380755549
11937,0.5572022922475122,0.5848269232164771,0.0,3.9630502168777193
3380,0.37750475068321293,0.9741721257809505,0.0,74.15885307507486
2170,0.5078873911924838,0.6774955268572137,0.2,50.212579525735805
18877,0.5366612692601327,0.6223881670015687,0.8,20.86245164279928
4437,0.47495269220798797,0.7445400752590465,0.0,45.69614995921897
17816,0.47187226798996246,0.7510469486857541,0.0,28.70689188154057
10956,0.45939909100410925,0.7778359673879796,0.0,6.518654570973288
15877,0.5219726571229724,0.6501400734619047,0.0,6.00527828381247
6201,0.44423909428817626,0.8113923608403102,0.0,68.62350644189627
17458,0.500709257181799,0.6917296713374214,0.0,29.125277495013414
16955,0.2986420801593009,1.2085094789590651,0.0,7.967340447465546
9322,0.49702187574927276,0.699121238262068,0.0,20.857582766284693
5009,0.5181671669862675,0.6574573725946175,0.0,46.245551688625426
16221,0.4609515362745356,0.7744623688988841,0.0,5.19509371238201
2233,0.5029048383377147,0.6873543149761402,0.0,17.97431572993336
2371,0.42147767375846423,0.8639884714876787,0.0,22.94970036560038
17969,0.2926624710385694,1.2287353099769918,0.0,101.24164642802462
7415,0.41118155837661907,0.8887204141527845,0.0,77.11870851378895
10957,0.4669704951073929,0.7614892029507143,0.0,6.3986036840432785
15317,0.4619302817250858,0.7723413046447143,0.2,8.645820585663014
7465,0.3687374198251545,0.9976704876384567,0.0,67.96529723629722
13827,0.467923520308743,0.7594504145624016,0.0,21.12107610516281
5049,0.4972116786579882,0.6987394307678835,0.2,53.74004951373875
2487,0.480500440196895,0.7329271344496393,0.0,23.31074773484239
2748,0.4687740588761422,0.7576343774121934,0.0,40.1925031436877
16797,0.38851381132042545,0.945426559432009,0.0,1.6973716089440893
7685,0.4554255130391454,0.7865231035595488,0.0,61.002732992203704
10482,0.4814221854802087,0.7310106693601871,0.0,10.954193932243708
9817,0.495597387987392,0.7019913996458164,0.8,30.64894440142095
14823,0.4402328473216826,0.8204514935875835,0.0,11.210649236548708
8225,0.5380605671454508,0.619784146819549,0.0,16.718678187958442
17686,0.5261558962495781,0.6421577294538914,0.0,11.467973507697288
9905,0.4568570777878244,0.7833846770717127,0.0,53.383744695093824
18509,0.45026256083759175,0.7979243978413694,0.0,3.879827635895171
11282,0.46067026074218886,0.7750727614525115,0.0,21.035473533587304
8032,0.5076041189786734,0.6780534285596319,0.0,19.826280155963104
1921,0.49284312986390083,0.7075643505764476,0.0,28.843858969813986
13665,0.43103785582137183,0.8415593602032551,0.0,7.992709975376002
284,0.44064247754330166,0.8195214408557527,0.2,60.66097430106376
20957,0.4465780437033283,0.8061411040104964,0.0,17.662550697066543
7314,0.45301539225251874,0.7918291755939773,0.0,61.30143483907611
10458,0.45622137621263614,0.7847771131216827,0.0,12.847978519446377
2362,0.44989720237443803,0.7987361614818882,0.0,59.34649229048161
15928,0.4384555342333061,0.8244968765686572,0.0,13.819805085405658
9598,0.46440669210805385,0.766994619038166,0.0,16.180517535253014
15275,0.4466037263040659,0.8060835958937679,0.0,4.400007234386974
20756,0.5707714568911407,0.5607664000762645,0.0,12.390974981757202
10183,0.490820082357171,0.7116776493843349,0.0,15.779673115347727
8403,0.46760582081635504,0.7601296011803619,0.0,34.50608359354224
12708,0.14548872989276557,1.9276566531522787,0.0,26.50238632666928
10219,0.4780695302872885,0.737999096217017,0.0,3.3136529870950007
8007,0.4345017091452222,0.8335554006935818,0.0,10.923739964756507
14992,0.4878365893786376,0.7177747870370529,0.8,20.905190672454168
20097,0.5258940672689157,0.6426554795516006,0.0,8.20060552384178
10646,0.4886816358339137,0.7160440529976904,0.0,4.2980542983728
13761,0.4687185928077863,0.7577527059523073,0.0,19.431810431909327
14971,0.6153431534721246,0.4855751936593365,0.0,13.376868252161389
13482,0.5778066729522462,0.5485159421204524,0.8,15.114905167156161
3104,0.4724864940302725,0.7497461165197871,0.0,29.206364201908897
16756,0.4886487353491698,0.7161113802510459,0.0,4.31206467003524
9828,0.5322245532880133,0.6306897860498932,0.0,16.634442505593285
70,0.5282792790232416,0.638130197570012,0.2,16.594575252267987
6764,0.4344758721269004,0.83361486602131,0.0,10.836993258277019
10844,0.45134404432678565,0.7955253825686655,0.0,7.680399812078558
5829,0.44699073410438706,0.805217413656378,0.0,46.20337605566796
7026,0.44674083657941277,0.8057766364469429,0.0,48.78977779589754
13487,0.49006847770151685,0.7132101472303849,0.0,11.451657338736787
6760,0.48494607075310825,0.7237175885506891,0.0,17.07249733415042
1002,0.4352590677118484,0.8318138672094403,0.0,57.20799681345841
1107,0.45136006577721716,0.7954898859972998,0.0,43.07577854057502
9797,0.5209782439891697,0.6520469962788443,0.2,48.99155121465269
7750,0.43239177636956755,0.8384232119697071,0.0,52.18764873519109
3749,0.42325138638346366,0.8597889824078928,0.0,85.18359080819424
7414,0.49100048308510696,0.7113101673080455,0.0,49.20132025681674
6315,0.5080441330866099,0.6771869590224259,0.0,16.029015371726086
15265,0.5248689049387938,0.6446067524504554,0.0,8.144928437393748
6990,0.4735033700732752,0.747596249014331,0.0,60.09552607405489
4609,0.4659451204386635,0.7636874190906094,0.0,56.5128690127051
7186,0.4783211417230393,0.7374729274683677,0.0,54.399692857822345
14919,0.4368440630732915,0.8281789826398904,0.0,4.315350788722976
11879,0.4724975150740428,0.7497227911647236,0.0,6.782742397683561
17848,0.5171486681354962,0.6594248865546675,0.0,27.794099654074955
15253,0.5052755296129338,0.6826513953001548,0.0,8.85944959466852
12335,0.5201747012517893,0.6535905598841646,0.0,9.95026329202955
14369,0.5145444405263082,0.6644733512938091,0.0,5.756996979999652
4272,0.46020884703487963,0.7760748772395383,0.8,34.54309148331593
929,0.45932988239959643,0.777986629023015,0.0,57.40763406787631
5396,0.4711992701536764,0.7524741955558145,0.0,54.97915003449497
18652,0.453937032477689,0.7897967855428915,0.0,14.706016056423568
17313,0.3749496154051405,0.9809636209583198,0.0,47.5767356164785
21086,0.4648346004063436,0.7660736347212115,0.0,8.173239357519451
16368,0.4758986664884984,0.7425503329424225,0.0,6.74625533871742
15813,0.5482912963153094,0.600948570644307,0.0,11.482473845156074
20808,0.577676210948608,0.5487417559442835,0.0,17.244758748857308
3221,0.4298805836258399,0.8442478213618324,0.0,49.26608122910374
1260,0.48310195309001647,0.7275275646023422,0.0,42.77134341374567
10503,0.5329686262402096,0.6292927191374876,0.0,9.512703626497393
13099,0.36020541552477114,1.021080811581589,0.0,9.469094631003788
2829,0.52651248337059,0.641480237583603,0.0,52.35761875345176
8667,0.46089242636760086,0.7745906116588548,0.0,55.56525652270619
3146,0.4601075496683102,0.7762950132000436,0.8,27.364399215301532
6107,0.4652253590273497,0.7652333477267336,0.8,65.06396655811895
17083,0.5149935506469807,0.6636009014123859,0.0,5.880167627918135
1268,0.45879269276667517,0.7791568206918648,0.0,33.52322339916644
19547,0.45030906539698495,0.7978211199718922,0.0,25.21793077582878
19393,0.48402160258889354,0.7256257398134209,0.0,46.32757070807642
16548,0.5162650147720914,0.6611350508255415,0.0,4.581996805176415
6293,0.5071902634520341,0.6788690727073498,0.0,21.031363561712098
6415,0.4951105337860645,0.7029742407634019,0.0,21.179840638470353
19655,0.5559017374919755,0.5871637314798815,0.0,9.57575932510542
10014,0.5694716999698555,0.5630461900954642,0.0,40.71386970510391
16656,0.3971990075325872,0.9233178454733872,0.2,5.989794216090674
11013,0.3253485707174902,1.1228581461121423,0.0,7.491709339904541
11153,0.6405844577808489,0.44537430407323064,0.0,1.5043631791832865
20686,0.5193285818211157,0.6552184905147151,0.0,8.102432437328922
8581,0.4858199115207464,0.7219172761796062,0.2,64.51413859750468
5088,0.47354102666397696,0.7475167245678502,0.0,30.132403045438053
19050,0.5029964308451248,0.6871722046429111,0.0,24.042436330334585
11751,0.48692922575797143,0.7196364934462218,0.0,14.39237024833178
7242,0.45680889530616636,0.7834901477428805,0.0,45.63242516901694
19161,0.6056884553365122,0.5013895252123564,0.0,2.9464155501701974
4752,0.5410492378592359,0.6142449915982487,0.0,49.85519764858863
8876,0.537281218377043,0.6212336374193801,0.2,19.491204189123927
8164,0.5581933138534881,0.5830499359998645,0.0,43.78996517637074
1526,0.5296297945944023,0.6355770172665676,0.8,14.621448748819926
18987,0.3658426084229242,1.0055520697022442,0.0,25.673252529511288
11340,0.45260714290209675,0.7927307639759547,0.8,12.925475348550169
6769,0.46511972758775866,0.7654604278533762,0.0,30.83657029927346
12711,0.5099454004245154,0.6734516169860276,0.0,5.209484567015141
10451,0.4689874889110115,0.7571791869875953,0.0,11.447034249883398
10097,0.44028353363110057,0.8203363649867526,0.0,5.842599570930806
14528,0.6021129064580067,0.5073102990032164,0.0,4.263308654315351
17943,0.4431942294656704,0.813747163792512,0.2,26.262469838769615
14552,0.5124881050517441,0.6684777778940554,0.0,10.91991922019593
10415,0.45150819310411366,0.795161759879744,0.0,13.194119409281143
13765,0.47312937829743895,0.7483864008360128,0.0,20.240110981424206
6565,0.4398427592099712,0.821337981371957,0.0,61.35805226915106
4027,0.5492093709746628,0.599275542279298,0.0,49.16306638531601
5469,0.46516846740197654,0.7653556435198224,0.8,62.08947658054559
17022,0.4223424245154601,0.8619388614784066,0.0,17.89815993251338
6616,0.39090322470047045,0.9392952567916455,0.0,99.40561516303379
15832,0.44136095341322534,0.8178922498489487,0.0,4.652211940149052
3062,0.4457742128192282,0.8079427044337486,0.0,47.309088386739525
14834,0.4767774845880204,0.7407053862670853,0.0,5.330042038511804
1708,0.5077915206874535,0.6776843079851739,0.0,20.215322855494527
19694,0.4667760716922406,0.761905640182989,0.0,26.47241065435493
16267,0.5662196798294963,0.5687731491734811,0.2,4.906237143546198
13165,0.4918852842241277,0.70950975182243,0.2,5.089597200674347
18014,0.4518757325182114,0.7943480650066068,0.0,19.104070357369416
9454,0.43239177636956755,0.8384232119697071,0.0,52.18764873519109
6989,0.47147199115885124,0.7518955823658804,0.0,58.70424960099393
15772,0.4326011722977193,0.8379390555784562,0.0,5.4002447569088
19691,0.4562204819170143,0.7847790733465757,0.8,24.763703898946762
6209,0.49666480192292956,0.6998399232353817,0.0,16.73177287937215
17581,0.5434858324030832,0.6097516400962653,0.0,23.123916360407
250,0.4537564745369669,0.7901946245528839,0.0,63.085187127734706
15711,0.489715535270012,0.7139305967214938,0.0,1.3109193874789655
9851,0.4109539745228873,0.8892740548858212,0.0,21.56578588865996
6060,0.41883519320274754,0.8702777700809617,0.0,68.24282549796925
4628,0.44693682194222434,0.805338032294574,0.0,59.45206860945382
16330,0.4809364873637461,0.7320200604976221,0.0,12.14677497439495
21099,0.52983087615112,0.6351974249613795,0.0,2.8021414712335666
6828,0.5012192040702944,0.6907117405125174,0.0,43.92235441487285
3186,0.4903718905262909,0.712591215484422,0.8,71.61898087339137
9783,0.512457816536358,0.6685368805545119,0.0,17.228862612431044
4862,0.49998571271560976,0.6931757555369865,0.0,56.903491994911995
20198,0.5191237143306523,0.6556130536427095,0.2,9.451350846575835
16483,0.5324219982140834,0.6303188743551995,0.0,6.548067760889628
5870,0.4351329983860682,0.8321035512071978,0.2,57.16551460277911
3253,0.5388268595822039,0.6183609849419545,0.8,14.903119173726184
8494,0.5257007672016618,0.6430231117671551,0.2,16.734677464915617
10400,0.5186741232309318,0.656479486605998,0.0,10.667791344313654
9789,0.4853294790415751,0.7229272804603658,0.0,44.582924062271374
9872,0.5321680775086306,0.6307959043708994,0.0,10.423902079099571
9528,0.4517787992052046,0.7945626012258714,0.0,53.176099965330394
18423,0.5234971274055056,0.647223735973123,0.8,6.7806391835227595
10104,0.45769053702483986,0.7815620065967056,0.0,70.78997636235866
9957,0.4923176516763056,0.7086311373330378,0.0,51.07458706070808
5857,0.5134323509971778,0.6666369992908119,0.0,46.06461817680609
16403,0.6151742582017253,0.4858497046412334,0.0,2.9495935471467383
5810,0.42794953868172725,0.8487499906274624,0.8,85.48185543555385
11264,0.4921696053911147,0.7089318954896195,0.0,12.184305860251804
9510,0.4295256889682627,0.8450737280117324,0.0,42.68890207842102
13997,0.4670774320213406,0.761260227731544,0.8,24.398389718000526
21114,0.4415034540159492,0.8175694356030414,0.8,5.613022938301222
7408,0.5251499011218774,0.6440715311988556,0.0,16.295009862177942
8430,0.4161505803048346,0.8767081123302708,0.0,63.56571927655554
11857,0.4482139910388412,0.80248450204085,0.0,8.314943379121512
15292,0.5312925412020366,0.6324424843927721,0.0,8.059214597917707
19192,0.4930081548293395,0.7072295638402689,0.0,22.280207228117117
20950,0.4443642293812764,0.8111107163976345,0.0,17.07793560774808
20899,0.4784447750388744,0.7372144874166116,0.0,10.15586679552474
11472,0.45986432431919005,0.7768237801366521,0.0,7.071271237052294
13368,0.5394541986012655,0.6171973939003009,0.0,7.789339175265132
3666,0.3906908102938249,0.9398387983294892,0.0,70.53490109758806
8988,0.5812350622382035,0.5426000217859392,0.0,12.418487002883449
6664,0.4812677840564568,0.7313314401793743,0.0,28.61334259701802
16640,0.430632331537266,0.8425006120186129,0.0,8.694606058921304
6406,0.5118545036548601,0.6697148668764005,0.0,19.964198546539436
10335,0.518012968899966,0.6577550005496409,0.0,51.34928669883103
1588,0.4494331698122825,0.7997681128485638,0.0,43.65334033478828
10757,0.5941291854509666,0.5206584993415062,0.0,4.426898672174156
7509,0.4672050985634475,0.7609869345065886,0.0,50.999443276703985
21241,0.4565384117284097,0.7840824385036474,0.0,11.659305770818124
4540,0.4614205164409064,0.7734454686027314,0.0,54.241731539238444
2429,0.4488459001912274,0.8010756568498342,0.0,36.56909884581714
1056,0.48542919727903056,0.7227218365323564,0.0,54.77870027662674
7037,0.4658535672463471,0.7638839276150815,0.0,58.31299048991066
4448,0.45684304996334285,0.7834153826042098,0.0,46.316692554588755
21169,0.4747405046189426,0.744986930292409,0.2,23.32181501444348
5288,0.4534547038906478,0.7908598955826612,0.0,40.05309675691973
4575,0.45399218954635434,0.7896752847311648,0.8,58.076667369614874
5746,0.5271589252094996,0.6402532100401918,0.0,18.929086496770374
19654,0.5557166096895464,0.5874968094730795,0.0,9.581191327336406
16334,0.4878645123608792,0.7177175502824783,0.0,11.917699251661135
10654,0.48592651746962406,0.72169786513548,0.0,4.2323973351899085
2847,0.5147278575436991,0.6641169499417543,0.2,55.48033060615137
7194,0.47236131573155565,0.7500110868105703,0.0,32.224226459258766
8319,0.4548984158304103,0.7876811468690235,0.0,50.41552964192097
20582,0.4829722074870455,0.7277961684198246,0.8,5.226304454778406
16335,0.4906688615866428,0.7119857950290879,0.0,11.822523461035487
4201,0.5043111883010004,0.6845617643414731,0.0,16.203577014190586
147,0.4347770630900985,0.8329218779092218,0.8,36.31539578324896
2056,0.4839369787684873,0.7258005898994715,0.0,46.59639565657845
15415,0.4930350141602044,0.7071750848241036,0.0,7.6822199209585875
7284,0.486898340962784,0.7196999231462082,0.0,34.02740874237546
95,0.4344237980168851,0.8337347282145343,0.0,23.490478511800973
16413,0.505750308346764,0.681712193252285,0.0,8.58616558111503
10766,0.3452302133249314,1.0635437994866206,0.0,7.584795989208862
7222,0.423077787704421,0.8601992215602047,0.0,59.108589640765445
11917,0.3634959431023998,1.0119871427244893,0.0,13.823845068791854
500,0.4816304337921366,0.7305781938941404,0.0,52.15597960312777
966,0.4344237980168851,0.8337347282145343,0.0,23.490478511800973
19641,0.4805212182154384,0.7328838929298155,0.2,24.817647903708817
8409,0.46753099191736064,0.760289639579311,0.0,35.16719519054316
1747,0.5397873818018308,0.6165799543627586,0.0,16.353241863106923
5724,0.4722142463575272,0.7503224846089457,0.0,36.69452305613262
9713,0.4986391653369331,0.6958725603620278,0.2,22.20181517980405
14913,0.4581150118329404,0.7806350088535127,0.0,3.615238013027819
492,0.43460379102308827,0.8333204881810831,0.0,16.708078331123033
5378,0.4596421071225446,0.7773071203143236,0.0,31.96286795707141
19552,0.5338695142545425,0.6276038252101419,0.0,7.40949090647217
1325,0.41495223372024886,0.8795918648451708,0.0,53.217508950236024
9326,0.47931172572065617,0.7354041088540479,0.0,22.256269905473403
15929,0.434371135832018,0.833855958628939,0.0,14.145533067468401
3378,0.4873319485942098,0.7188097688065097,0.2,46.75857765449679
1650,0.48615983605075064,0.7212178283882054,0.0,42.60594651350645
19716,0.45746150069038116,0.7820625493039315,0.0,5.313333076320854
12923,0.5292514519059621,0.6362916256436469,0.0,10.94835249743403
15356,0.4908202983574707,0.7116772093040286,0.2,5.096355882996955
14664,0.46355528949187463,0.7688296141607364,0.0,11.77308657065841
17933,0.44889485529760204,0.8009665939469329,0.0,21.35216669146518
16973,0.5066361033455145,0.6799622779737698,0.2,12.98727976868403
2181,0.4718553701080285,0.7510827596152078,0.0,30.193527509562017
2788,0.48156539761352873,0.7307132363778932,0.0,57.98520219811593
7744,0.45353180259915715,0.7906898848754602,0.0,39.32891318460957
3002,0.3649928099750548,1.0078776242921474,0.8,39.23667622127314
8631,0.48609996070294664,0.721340995772231,0.0,28.590349156685466
7448,0.42538748782877933,0.8547547893688746,0.0,73.9662088282411
13041,0.45231103509872855,0.7933852050539111,0.0,13.999281549728094
8050,0.5282817587623134,0.6381255035883427,0.0,15.806369015993925
3171,0.4870506772119996,0.7193871013298396,0.0,50.85347594932253
12475,0.6078607801381648,0.4978094032718143,0.0,3.197753564460552
10931,0.45712126451333385,0.7828065742422694,0.0,7.268359295663929
1560,0.4873331541471608,0.7188072950276752,0.0,57.36441091498175
19564,0.5744682452041123,0.5543104570171283,0.8,3.468736281429674
13586,0.5362016447912084,0.6232449856892568,0.0,9.42112674151377
15527,0.43038033866323366,0.8430859527225274,0.2,9.526871426570443
18939,0.5303903981080256,0.6341419433889299,0.0,14.006928039026214
6403,0.4406779453421608,0.819440952992412,0.0,60.10599577754492
15735,0.4540041890508982,0.7896488539990002,0.0,4.638492170969775
3991,0.4461259827454266,0.8071538943265469,0.0,66.23908630849863
17960,0.44100441131020274,0.8187004006143391,0.0,53.297394830755806
4833,0.4592708635552755,0.7781151262938086,0.0,65.52507704108959
6812,0.45544111991568426,0.7864888353670918,0.2,58.779815704802594
3773,0.4289615254603418,0.8463880483176197,0.0,72.11649197797142
10540,0.47689961449694507,0.7404492620302561,0.2,11.703169950931626
3096,0.5390543783743934,0.617938825639878,0.0,16.71709873887868
8252,0.4585948868719901,0.779588058049206,0.0,70.18631340147064
9608,0.4465213915662067,0.8062679703704119,0.0,56.809640454138844
15627,0.5614623685495342,0.5772105265517116,0.0,3.6883753252172315
17515,0.5125998458039808,0.6682597658637981,0.0,28.166480983558408
625,0.5095835029301257,0.6741615478342826,0.0,44.11375923663407
15956,0.45819071485775154,0.7804697735553403,0.0,8.763894600471573
671,0.5392753061641165,0.6175290663686978,0.0,16.66062651086455
7947,0.4229630023860088,0.8604705685696183,0.0,69.26788076985429
11068,0.5464255483778445,0.6043572141725331,0.0,8.320186031486122
4795,0.5132102720185249,0.6670696308164044,0.0,51.040832394770185
2780,0.482333086762722,0.7291203522226488,0.0,46.718388515627616
14961,0.4620722195464927,0.7720340807522942,0.0,14.668646429889975
17742,0.451175848423521,0.7958981076610716,0.0,57.32456241873281
4431,0.43464151912304483,0.8332336816155718,0.0,21.67657371866362
20504,0.4285482591965749,0.847351923723258,0.0,22.884009934905194
1071,0.4515304901976988,0.7951123775132918,0.0,63.35455448290813
12106,0.4396477203533569,0.8217815083102096,0.0,11.228822557764332
17484,0.5094721627898277,0.6743800641420495,0.8,28.3947722919943
14921,0.43435107697620823,0.8339021387668878,0.0,3.994599772715973
11061,0.540014306274937,0.6161596466730179,0.0,3.515190737260317
12780,0.4594719137699464,0.7776774625149098,0.0,8.778423650758727
16100,0.45960807689455935,0.7773811594139997,0.0,7.546816437933851
17821,0.4395335251945592,0.8220412844599357,0.2,17.899948655531237
17541,0.3599202501141834,1.0218727995334154,0.0,7.883339743744884
11854,0.3625263817993297,1.0146580299580912,0.0,10.015892431249924
5297,0.4888214754293533,0.7157579370870969,0.0,46.76404416428951
18741,0.5175879617859677,0.6585757938209976,0.0,10.76409304691607
18543,0.4364109923286945,0.8291708366862464,0.0,24.004910712353748
8554,0.4784839583573461,0.7371325935051297,0.0,46.531497776948996
17382,0.4067372575562139,0.8995878608323062,0.0,48.51477360921871
20980,0.4181344712704651,0.8719521965882631,0.0,6.347811966215803
2855,0.4505381089693159,0.7973126129048027,0.0,61.88341674736277
21085,0.4648346004063436,0.7660736347212115,0.2,8.173239357519451
12435,0.5374052223190833,0.6210028650975291,0.0,7.3315596737294015
85,0.46636530689512706,0.7627860315857731,0.0,36.56033472668992
18215,0.4749593925574699,0.7445259679546138,0.0,15.132490156670467
11003,0.4978160809267295,0.6975245855793886,0.0,21.10116542372925
18813,0.4807943157865113,0.7323157182384469,0.0,3.288134334684699
10802,0.47180064116234577,0.7511987530388504,0.0,7.72420102051421
6918,0.43611841533238693,0.829841477709241,0.0,66.01388891865132
20561,0.48796142881204796,0.7175189155723354,0.2,8.349408262997319
15624,0.5601500355497764,0.5795506105126627,0.2,3.703908108753946
2588,0.4747333761835692,0.7450019458405304,0.0,45.59039384835471
1382,0.45314811881830186,0.7915362338343264,0.0,35.720841406778966
15733,0.4651243203538235,0.7654505535282998,0.2,4.992134887534409
19805,0.45396930153230725,0.789725700997222,0.0,25.715049999058422
18022,0.4514058222409417,0.7953885164963671,0.0,17.122726410242194
1713,0.4670057953783312,0.7614136115865336,0.2,18.30819034868945
11021,0.13828438713366606,1.978442937980829,0.0,14.539577105938147
16988,0.46408149684847955,0.7676951024190843,0.0,18.132958963414143
20873,0.5125949716360757,0.6682692746280293,0.0,4.823066494962627
9539,0.5251499011218774,0.6440715311988556,0.2,16.295009862177942
17266,0.45364174493726,0.7904475005181568,0.2,15.275002036270637
1343,0.49137078801732426,0.7105562671062597,0.8,60.4861049479774
15975,0.5225273095409874,0.6490780294449557,0.0,6.987649570558323
13406,0.4649031382904525,0.7659261998449439,0.0,3.4857683917759927
11420,0.484384174882458,0.7248769373611007,0.0,7.683695639722145
7784,0.36482594043261424,1.0083349146680258,0.0,40.33843549181982
6797,0.4914793178347978,0.7103354199653408,0.0,55.4594384557369
2441,0.4331747879589596,0.8366139650896817,0.0,54.6727213420391
10826,0.4887789740029788,0.7158448875921338,0.0,14.963305256613523
3836,0.36586778940398496,1.0054832419771074,0.0,90.59404623912005
1620,0.4726274183376236,0.7494478999629226,0.0,27.34360708757393
1589,0.45288512784249224,0.792116766577832,0.8,36.91659852207192
12745,0.45819071485775154,0.7804697735553403,0.0,8.763894600471573
10191,0.45232825669295396,0.7933471311069054,0.0,83.95199014524326
10086,0.45819071485775154,0.7804697735553403,0.0,8.763894600471573
16924,0.559089633552553,0.5814454724332647,0.0,9.525122987383805
18812,0.4804070766982968,0.7331214580390596,0.0,3.291752146834887
18532,0.4601292859108879,0.77624777265991,0.0,10.072397567618296
18868,0.46234684240526097,0.7714399284286341,0.0,12.380684749040057
19860,0.4203564094923532,0.8666523335276594,0.0,6.173164697346136
2537,0.48297032991334243,0.7278000559672312,0.8,49.50859991770565
7482,0.4653359846413453,0.7649955866908397,0.0,49.43783978989552
1471,0.5698641071513425,0.5623573550837836,0.0,17.73675042158454
18253,0.49403744924717496,0.7051439564748485,0.0,46.43373383772593
14513,0.4981857408311057,0.6967822979383941,0.0,9.516304087902874
6086,0.48485525060917223,0.7239048849426427,0.2,51.90397527972711
17668,0.3452302133249314,1.0635437994866206,0.0,7.584795989208862
5380,0.45674442600886445,0.7836312873915572,0.0,41.164150570097334
379,0.4553275792625694,0.7867381646508177,0.0,53.50212672623795
13018,0.5296900924266886,0.6354631747283688,0.0,6.747348160164844
5241,0.44235896257068813,0.8156335939927379,0.0,56.10743878889055
6219,0.5239525903327632,0.6463540752185294,0.0,18.3726165606028
15958,0.45800295449252254,0.7808796440317227,0.0,8.768497035795235
17119,0.5202576261852144,0.6534311551224826,0.0,6.142449060237967
13841,0.4733796285263997,0.7478576150917934,0.0,20.22580997042716
10882,0.4797646256611869,0.734459658553416,0.0,8.347133851355096
6268,0.4074134959762827,0.8979266486485715,0.0,66.91798486066213
2001,0.4831714179541363,0.7273837856960387,0.0,19.130193008856033
11361,0.3387229225399852,1.082572843444374,0.0,5.609508071011757
14405,0.536653969412282,0.6224017694318478,0.0,5.878895997455256
14579,0.5201920302468583,0.6535572466407746,0.2,14.86058555419037
18841,0.47257073756480455,0.7495678341217719,0.0,7.707431097091529
14566,0.4758560288858853,0.7426399308248365,0.0,18.39147743360563
19866,0.4584078256021553,0.7799960421693942,0.8,24.242276931115796
10449,0.4764185190825836,0.7414585692872072,0.0,36.922042505356174
5079,0.4405422821052564,0.8197488515942613,0.8,53.73863308933559
341,0.4721538172125588,0.7504504625603018,0.0,53.469595457421505
15506,0.441141741450819,0.8183890459906277,0.8,13.388025010990399
14876,0.14548872989276557,1.9276566531522787,0.0,26.50238632666928
12912,0.4540316810325144,0.7895883013654966,0.0,14.76372202278757
6904,0.5057042421892952,0.681803282184509,0.8,13.90196850760244
4031,0.37297961776609584,0.9862315048900868,0.8,43.29555704519541
18231,0.44927155236944794,0.8001277803580088,0.0,21.329805599617995
18111,0.4668375955899808,0.7617738428454279,0.0,32.17732549446637
17437,0.40032923211755445,0.9154679901251004,0.8,33.414581639566165
12589,0.4446112142803617,0.8105550544674851,0.2,8.171003049298418
17203,0.5422765998618051,0.6119790758691532,0.2,9.016134984473393
10047,0.4679054845928517,0.7594889594585291,0.8,12.227772537004363
3362,0.464034060136813,0.7677973239826619,0.0,51.59598075741775
583,0.4283130824763716,0.8479008497038593,0.0,27.499546636849644
3565,0.4672050985634475,0.7609869345065886,0.0,50.999443276703985
1391,0.48808159752039176,0.7172726790731053,0.8,60.39435738901297
5773,0.4373067079158583,0.8271204812895115,0.0,72.73780381006719
11090,0.7311468634298717,0.31314093184677666,0.2,3.5422503817160798
8888,0.48508956803096376,0.7234217287427297,0.0,58.8756789391226
6350,0.450569699278897,0.7972424985204751,0.0,57.796094078694985
6819,0.4798088634897323,0.7343674554463546,0.0,45.67031104570856
14385,0.5070412616829306,0.67916289471245,0.0,6.883655326343373
6461,0.5243129617434147,0.6456665177114943,0.0,45.779372833582414
6247,0.4483877356985512,0.8020969394103005,0.0,39.42707407759108
7377,0.5929183032227461,0.5226986580710827,0.2,1.752216628361153
9632,0.46513755965477954,0.7654220899284437,0.0,51.32155054573145
6695,0.469413969420055,0.7562702358460128,0.8,57.91139100195483
7623,0.4538294689471085,0.7900337705625305,0.0,49.859031742399644
7992,0.5054767137340884,0.6822533073906087,0.8,52.809816425741325
128,0.48148620043968016,0.7308777076776392,0.2,35.20637784055482
8911,0.40657771985013264,0.8999801755260213,0.0,102.81373676267951
3574,0.48067594261717944,0.7325619518975649,0.0,51.27933663282954
4056,0.4512991261026976,0.7956249085510173,0.0,59.10697214960328
21186,0.45834758353727595,0.7801274666788446,0.8,26.311357021223714
11429,0.4647964969031268,0.7661556102561273,0.0,12.519173856846827
6255,0.45660236991910613,0.7839423545383127,0.0,37.786025077349976
9016,0.3929362892295646,0.9341077941744407,0.0,88.88970111444468
21128,0.5724696052329202,0.5577956362593443,0.0,3.9299493105961787
10461,0.469817081664691,0.7554118479787835,0.0,9.63150106172949
6702,0.44777597597903523,0.8034622252538831,0.0,45.672811175345835
21040,0.5562804009097987,0.586482793674139,0.2,29.071071543875995
16090,0.38654282796525913,0.9505126073516681,0.0,6.573982698221247
15919,0.5131078143870127,0.6672692913957309,0.0,5.9954148313701
15769,0.42007545024360043,0.8673209404015292,0.0,4.9333647991193095
10556,0.4844182393885329,0.7248066144436778,0.0,7.755793704571415
1574,0.4820661965182814,0.7296738371865654,0.8,19.190421361309713
9688,0.5158349579728966,0.6619684135528756,0.2,23.87223591375058
6475,0.47032725265933034,0.7543265443161644,0.8,49.521535907839755
20084,0.595949920142502,0.5175986420537606,0.0,15.274335551854874
7124,0.3647659618518516,1.008499331462428,0.8,40.345012985228294
20078,0.3993307999939735,0.9179651329165771,0.0,13.604244302842602
19764,0.46453783448921226,0.7667122719694772,0.0,11.232948146273523
9711,0.4986847292466072,0.6957811880205984,0.2,22.19889994510087
19626,0.43986682572900154,0.8212832666809989,0.2,39.151394217464464
5854,0.40167806592992233,0.9121043422196731,0.2,76.02001947848757
17817,0.5457978894980612,0.6055065375199533,0.0,22.19181379166784
12196,0.47779462013586843,0.7385743038108539,0.0,24.66505618507433
11098,0.48728629477463375,0.7189034543493775,0.0,10.295416783839691
13232,0.39079718865001783,0.9395665526725022,0.0,7.893110910024042
3389,0.4880359105915903,0.7173662885585518,0.0,29.94287008850945
19928,0.4717071179387482,0.7513969988359872,0.0,24.908809508189748
21060,0.43645280817913223,0.8290750236843889,0.2,26.30116172258795
18772,0.5397513767298857,0.6166466589098143,0.0,16.06210481240472
14548,0.48726098047357813,0.7189554052433038,0.0,11.720052111776535
17759,0.42585318661722843,0.8536606244660678,0.8,28.745742718289875
17369,0.44931381023497335,0.8000337261538893,0.0,25.249063970152637
12823,0.43038033866323366,0.8430859527225274,0.2,9.526871426570443
13090,0.45682014353018646,0.7834655245675161,0.0,8.41598674559872
2920,0.4456392758979236,0.808245452651143,0.0,37.017644197991714
17196,0.5495177443133855,0.5987142139157234,0.0,9.096266098053956
9807,0.5318764044882974,0.6313441390219381,0.0,9.543713915955415
20988,0.5014239310876818,0.69030336586145,0.0,10.808425135306539
5083,0.5067974176211499,0.6796439260075865,0.0,50.37860601531234
969,0.43478547299309583,0.8329025350726836,0.0,30.53004458363351
14177,0.4422601000231035,0.8158571083893333,0.8,29.941956500338108
17843,0.4770678434066931,0.7400965688432963,0.2,28.242086365752595
18084,0.5326773205129886,0.6298394405609861,0.0,5.711698842990992
4469,0.45431594686613275,0.7889624047722376,0.0,53.80881065577398
17348,0.6564036340359238,0.42097938346841896,0.0,7.602676865807494
2803,0.3796572627584776,0.9684863733636958,0.0,55.12624629299237
8782,0.4972013657399238,0.6987601724870773,0.0,48.34546943394967
4930,0.4852489465830616,0.7230932278100536,0.0,20.185148116329266
4786,0.4845978071236213,0.7244359957366086,0.0,49.207314457708335
5785,0.35324202973386704,1.0406018203504077,0.8,59.89443419375502
19560,0.586835638080815,0.5330105016317557,0.8,3.3161247932032203
17905,0.5565761976896325,0.5859511945675299,0.0,16.121275222842126
9550,0.4996377004244553,0.693872042359884,0.8,47.48339779765746
19130,0.5104254259328778,0.6725107324931058,0.0,9.890951585315229
19383,0.4909183897660069,0.7114773772916015,0.8,35.899368733344076
11565,0.4761012099871706,0.7421248213289586,0.0,5.970394244211103
17663,0.49233964474651154,0.708586465810693,0.0,8.235192059725316
69,0.5288321237183445,0.6370842439570416,0.0,19.751522980659438
13804,0.5991917396550057,0.512173632496637,0.0,2.9481994842699386
861,0.47251300873779184,0.7496900007071361,0.0,52.21553219425596
7294,0.46183281407606963,0.7725523276869226,0.0,31.578076394202967
18345,0.47642460548424637,0.7414457940432958,0.0,24.782826514414538
11405,0.5184404073966851,0.6569301906146701,0.0,10.159755035754408
4689,0.4686851425012018,0.7578240739346157,0.0,39.880491890809154
16982,0.5230813443100223,0.6480182929578011,0.0,16.602227973420653
12271,0.41639188140735867,0.8761284395318777,0.0,14.673397978970362
3323,0.49530212446495725,0.7025873501482901,0.0,47.435179156120434
15586,0.4925524056184752,0.7081544166836959,0.0,13.045267070488359
13120,0.4611493543396559,0.77403330941056,0.0,12.001773724139767
6810,0.5030108034415108,0.687143631098115,0.2,17.968806346402452
19330,0.4220479532929162,0.8626363380063744,0.0,25.598732672199866
6177,0.5096404684922955,0.6740497656081451,0.0,37.101381343635026
4414,0.3665391680563708,1.0036498928162383,0.0,39.669263545010025
9083,0.4568592535631361,0.7833799145973275,0.0,55.14994718299474
148,0.437049072741259,0.8277097955886905,0.8,27.119907789807186
6875,0.4975592040814328,0.6980407262850468,0.2,17.510350314081514
19318,0.4860817972518812,0.7213783621410584,0.0,7.02586424711491
4481,0.4377395736042971,0.826131126251067,0.0,40.550645575687994
17525,0.46095587041661557,0.7744529663448998,0.0,22.579176765560206
646,0.4344758721269004,0.83361486602131,0.0,10.836993258277019
1493,0.42290400753695523,0.8606100582256923,0.0,69.27910968716823
15835,0.48480776982560775,0.7240028174874584,0.0,6.934137060437051
18569,0.5047072924623877,0.6837766366371024,0.0,21.878117464079196
7300,0.37870289157227394,0.971003308581294,0.0,73.84480087679069
10336,0.5180432616500085,0.6576965235111213,0.0,25.559731897624886
19431,0.4431323794636443,0.813886728601925,0.2,22.31718010400018
21159,0.47256768450569364,0.7495742946762042,0.0,9.776322395186511
925,0.4656302989903465,0.7643633095311169,0.0,45.94970455123615
5844,0.474042380957865,0.7464585499805002,0.0,46.44092164845074
9534,0.45607100855096067,0.7851067610844378,0.0,44.02368671103749
20853,0.43350558153938956,0.8358506073210393,0.0,5.290934280571838
4840,0.4324289426232212,0.8383372606208084,0.0,68.10651726195286
14186,0.4794175408298718,0.7351833685192378,0.0,26.84154495290749
3140,0.47959551829789204,0.7348122005390533,0.0,27.96695336162736
3651,0.4773715414328797,0.7394601784317937,0.0,52.538647934232316
7003,0.534416625765504,0.6265795461554973,0.0,15.225883091089148
18546,0.4341077320094621,0.8344625452492608,0.0,10.099917125159616
7659,0.4724673361122505,0.7497866643590857,0.0,52.132665857620296
18993,0.43885509836158754,0.8235859924620177,0.2,6.0652986864709
12045,0.5438815746269199,0.6090237495254224,0.0,11.693256745941511
9894,0.3808457003500806,0.9653609718421906,0.0,59.858169238315156
10201,0.45680889530616636,0.7834901477428805,0.0,45.63242516901694
19903,0.4703813112269099,0.7542116127215891,0.0,8.68851776416726
10780,0.4702574420453831,0.7544749852050465,0.0,9.813833319688003
9212,0.4491379285594129,0.8004252478577555,0.0,38.17028206059672
815,0.5101554333906925,0.6730398283428217,0.0,41.76885267123507
6474,0.4511718004740032,0.7959070797008897,0.0,37.44941920352973
14223,0.3914697437928815,0.9378470493145502,0.0,13.39948918044125
10983,0.4405902336629735,0.8196400108537226,0.0,3.7003879599437925
14102,0.4685611868152668,0.7580885843045803,0.0,9.560634741981634
1080,0.49423167994088557,0.7047508840000035,0.8,29.049829610360483
1486,0.4251310095846945,0.8553578997130685,0.0,24.653554891721527
15237,0.46917290016120844,0.7567839214130292,0.0,7.477025591030469
8193,0.506050710798528,0.681118395746834,0.0,16.34684149792401
19604,0.5785154220779131,0.5472900739692352,0.2,7.421253110738397
14193,0.37216516099386104,0.9884175420731727,0.8,37.19217364426742
11284,0.435110732668792,0.8321547224285154,0.0,28.63028538375755
4973,0.4860037011758095,0.7215390395225564,0.8,49.10073108901936
2383,0.46790673995334753,0.7594862765260714,0.0,68.01579372606915
16046,0.4805304981080665,0.732864580977148,0.2,5.139212909047957
3039,0.45028730742009915,0.7978694390136889,0.0,54.893416795415725
1859,0.47354102666397696,0.7475167245678502,0.0,30.132403045438053
9344,0.5026336881286402,0.6878936284057302,0.0,44.3003507189714
995,0.4170373083800896,0.8745795926480213,0.0,55.41423762315138
14461,0.6373125151959353,0.4504951390139187,0.2,5.975254719653093
12675,0.44326604002708264,0.8135851473682216,0.0,23.522373150683073
7761,0.5311461814558748,0.6327180009829836,0.0,15.73253234621732
15363,0.4667531381249714,0.7619547732299953,0.2,5.88533874182081
16139,0.4861083564165276,0.7213237243429841,0.0,7.350649256074176
172,0.4814855877751547,0.7308789801230688,0.0,49.73631682784047
9847,0.4631659105166922,0.769669951034637,0.0,7.914131110030473
12596,0.43880498157807474,0.8237001979151601,0.8,13.84022160139774
18897,0.4750737248039364,0.744285276877789,0.0,22.70814325808897
7381,0.6160756835304965,0.48438546012145944,0.2,2.278428057232258
8545,0.45669904618372803,0.7837306472896904,0.0,46.08336445238993
12159,0.47150322832436614,0.7518293300087009,0.8,10.365846815794932
18566,0.48811166492705954,0.7172110777328095,0.0,28.9645695383961
11544,0.4545180556934525,0.7885176396554346,0.0,13.948877654615746
6016,0.43516518650622243,0.8320295808813309,0.0,57.160432841335634
3300,0.467201941321864,0.7609936922501602,0.2,51.44317098344632
4511,0.48238444971535754,0.7290138693388162,0.8,18.214410579901468
7876,0.4617873761290472,0.7726507186652511,0.0,76.12541323546532
14492,0.430632331537266,0.8425006120186129,0.0,8.694606058921304
3492,0.46409154724608026,0.7676734461176757,0.0,49.16948656659057
414,0.5079367428990437,0.6773983610094209,0.0,19.668260016510914
13327,0.355963985975157,1.0329257162385592,0.0,7.259494897196668
441,0.46267826469968243,0.7707233591029862,0.0,54.875500816071586
3063,0.4462735723373891,0.8068231241183649,0.0,47.27378599279975
17986,0.515084996288387,0.6634233505995503,0.0,32.06325048386108
6988,0.5012057487996086,0.690738585954958,0.0,14.902684860230288
20682,0.44235453022099747,0.8156436138460053,0.0,22.022378351700507
11904,0.48554198198065845,0.7224895233503708,0.0,11.639667191706307
18644,0.4213384850216859,0.8643187659097628,0.0,11.616444469353581
11906,0.4002099586812294,0.9157659728811691,0.0,5.8946482675168355
3340,0.4780216649190376,0.7380992234193821,0.0,38.624728081786124
19715,0.45942276928943065,0.7777844268525398,0.0,5.28426732631137
20007,0.39394277496484514,0.9315496214387053,0.0,30.946079561339324
10988,0.4853449441619692,0.7228954157691249,0.0,4.701747682263425
15468,0.5379616551482339,0.6199679943190637,0.0,4.095384670999481
16871,0.5310706811638217,0.6328601570620991,0.0,17.502696545106588
2,0.4821193613529601,0.7295635579269385,0.0,19.18752101686566
20612,0.5002271781760771,0.6926929273963834,0.2,4.01935071782355
2069,0.44981856576551454,0.7989109647073253,0.2,80.81783002028541
4004,0.5466835628469628,0.6038851396627508,0.0,43.03889533202043
15507,0.41658163388636443,0.8756728368535113,0.0,15.671917035082286
18427,0.5299099518268406,0.6350481890844939,0.0,6.61370951541649
11247,0.44900439293758376,0.8007226074623904,0.0,5.679925735089837
21253,0.5363628888840035,0.622944315493763,0.2,10.312687237011778
10448,0.48600607140677016,0.7215341625531523,0.2,48.10829249017895
9747,0.4672979797701792,0.7607881524818079,0.0,18.2931511844686
20580,0.340631579885908,1.0769537966549576,0.0,7.649064299659309
2468,0.385464886526571,0.9533051756614788,0.0,54.82219709842684
18292,0.46334439109257425,0.7692846761428633,0.2,11.217324729673155
6765,0.4350114166977626,0.8323830029556415,0.0,45.273307847421904
17803,0.47835601985345616,0.7374000123161447,0.0,17.697600295587474
10437,0.5302358592497963,0.6344333539744228,0.0,18.398567265258258
19404,0.4889992458889054,0.7153943316579318,0.2,7.640053497497627
251,0.42947295748043396,0.8451965023330029,0.8,67.47626198995478
11651,0.4488807928457891,0.8009979212653854,0.0,5.290591285235694
16826,0.5447096545600761,0.6075023702038249,0.2,3.627700282586024
12341,0.5168483082035755,0.6600058552562055,0.0,6.628372860149531
4054,0.44653663640833463,0.8062338296054181,0.0,52.77969795820213
6944,0.4705799769367734,0.7537893515397224,0.0,48.28020451554541
16278,0.5265588783512081,0.6413921239336937,0.0,5.209514963923942
19439,0.43017696475808787,0.8435586090072942,0.0,7.814727505716977
18361,0.5636880331717276,0.5732543131926325,0.0,3.304925982254502
6000,0.4811024270746568,0.7316750854450211,0.8,51.55748500752817
13422,0.6023329204805804,0.5069449624806431,0.0,7.358305820991886
3093,0.4003903786594018,0.9153152611519536,0.8,66.34662726326346
2979,0.4209835938702976,0.8651614154883054,0.2,56.44529391402207
13079,0.5148549120856245,0.6638701421156752,0.0,20.593915617791232
21190,0.575333724863034,0.5528050154803947,0.0,10.581378812773565
6826,0.5018107844458826,0.6895321537584697,0.0,43.59221834161166
9165,0.4970325044331648,0.6990998537501049,0.2,46.17554480682357
11505,0.48702621348445313,0.7194373308913564,0.0,4.856201983516656
12651,0.5320638228947413,0.6309918289888012,0.0,8.221823363231085
15416,0.4960869009253429,0.7010041641250326,0.0,7.91311023429145
3868,0.5230632285678217,0.64805292630136,0.0,44.780458690699405
8580,0.513409818931322,0.6666808854234996,0.0,19.873755566835644
14781,0.354254661142574,1.0377392427207075,0.0,38.320080458184265
6044,0.48517775326574675,0.7232399536110928,0.0,55.98600745761851
5129,0.4419481631606704,0.8165626816990668,0.0,56.093776285061665
1752,0.5400718188550747,0.6160531503874829,0.2,16.424593785098462
3716,0.425974958410782,0.853374717513841,0.8,67.16485219377023
5163,0.4622489717063103,0.7716516332575387,0.0,50.81904602432201
14865,0.4915574753307655,0.7101764076136654,0.8,20.683887871748002
6982,0.4650465515784578,0.76561776748413,0.0,52.1672782954699
1333,0.42761228727955375,0.8495383647914507,0.0,44.50094313442964
18556,0.4514058222409417,0.7953885164963671,0.0,17.122726410242194
18494,0.5534633160711975,0.5915598053239489,0.0,16.59029478544258
8692,0.5310417933236758,0.6329145540131695,0.0,21.352321716260164
4439,0.46916078144368406,0.7568097517072254,0.0,51.869847202833924
12605,0.44618010556574944,0.8070325843386443,0.0,4.811911657869777
14364,0.4633367809966138,0.7693011005533075,0.0,7.7760953717909915
5429,0.3309383167362085,1.1058232752424624,0.0,66.797253591139
12384,0.45135794989240385,0.7954945738062869,0.0,18.20330262979722
17932,0.47728213969451877,0.7396474751245937,0.2,7.020585956021641
16159,0.466848959743007,0.76174950030143,0.0,24.41407090349208
2773,0.45177492861615487,0.7945711687054369,0.0,36.534378942301714
328,0.43409154463555866,0.8344998347848335,0.0,30.65952214731081
16742,0.47926003698894915,0.7355119541584224,0.0,7.451103909119885
1393,0.4269957499723089,0.8509812190294891,0.8,27.276080197522134
2970,0.4686045375789323,0.75799606968829,0.0,42.20143060159043
15554,0.5178006374201625,0.6581649806493075,0.0,5.024102758902211
6713,0.45761411216239933,0.7817289998763441,0.0,52.0709691588928
8948,0.4762979415305874,0.7417116929764157,0.0,40.55271276606956
20667,0.4429764495850142,0.8142386715577514,0.0,21.984444132059288
20545,0.44756610488797105,0.8039310317567668,0.0,25.077022078161935
3107,0.47159526269033153,0.7516341555552702,0.2,37.61929177934669
19165,0.5591882404241951,0.5812691175679985,0.0,6.742140897123091
961,0.42137339775954563,0.8642359078450005,0.2,24.846782350543762
11099,0.48713035881211675,0.7192235144864332,0.0,10.300000365246825
11667,0.45919786172641375,0.7782740905067558,0.0,10.359217394507613
16018,0.4887888736336163,0.7158246339991751,0.0,3.9435243748799085
5732,0.4345784620997769,0.833378770372712,0.0,14.084102490933915
1210,0.47240647072896574,0.7499154971893076,0.0,44.657470146183755
15760,0.44591612357975335,0.8076244083707984,0.0,7.8004401202670035
3075,0.5309842959906451,0.6330228325830943,0.2,16.49784123664552
6449,0.4344237980168851,0.8337347282145343,0.0,23.490478511800973
12789,0.4087498197542246,0.894651997739029,0.0,8.888815053223531
6368,0.474660931264276,0.7451545587619803,0.0,57.25767356643308
15242,0.4797582638199361,0.7344729189796563,0.0,6.607905392354758
12643,0.4980900204323036,0.6969744543730246,0.0,7.877971698920569
15057,0.43103785582137183,0.8415593602032551,0.0,7.992709975376002
20132,0.45629920187389594,0.7846065401761132,0.0,25.129378172983387
16933,0.4183221119024688,0.8715035405816608,0.0,52.325073374408234
9372,0.4253952356881116,0.8547365758835315,0.0,27.270369410184458
4587,0.42365076420333664,0.8588458324838993,0.0,19.105021350021175
17612,0.5296751770340491,0.6354913338403777,0.0,18.989752018424507
7558,0.44762378489488364,0.8038021652276633,0.0,52.86165029154554
7313,0.4540266811160568,0.7895993136895191,0.0,59.219948526713935
20731,0.522943866969639,0.6482811496073204,0.0,22.74883541842611
198,0.48458274341573343,0.724467081188913,0.0,55.71151964887645
3006,0.4344237980168851,0.8337347282145343,0.0,23.490478511800973
15981,0.4723425294844846,0.7500508585277463,0.8,12.453470061894384
12155,0.3974171356205337,0.9227688304670725,0.0,3.775047139357318
16492,0.4025098242158079,0.9100357744318043,0.0,16.162235996138374
16909,0.31162106199157275,1.1659673742288597,0.0,8.082952211315927
10044,0.3452302133249314,1.0635437994866206,0.0,7.584795989208862
14086,0.5200602406683019,0.6538106266774182,0.2,4.357484361054352
12556,0.45978898561209464,0.7769876216766114,0.8,7.246574635646787
6518,0.4796415331441327,0.7347162600284011,0.8,79.17302575018375
7251,0.4553100596227186,0.786776642392358,0.0,59.22421978438409
2066,0.46057297554642784,0.7752839655998865,0.0,50.12210955902212
17263,0.4533692733070883,0.7910483127087197,0.0,15.192082785218766
7774,0.3805902661360991,0.9660318994967959,0.0,42.041712393434125
11450,0.44540035824491137,0.8087817198374345,0.8,7.402778790115211
3943,0.4794421730190249,0.7351319904316974,0.2,50.70940436346177
14573,0.4962157634677204,0.7007444398539491,0.0,16.099603104675293
15343,0.5018966111611288,0.6893611343641102,0.0,6.342295207704867
13689,0.4328951918736691,0.8372596313788141,0.2,14.585480443879238
13678,0.48085703516021056,0.7321852772553891,0.0,6.5318246866218175
4321,0.4821569594641535,0.7294855758995864,0.0,40.55939690691036
10327,0.4670774320213406,0.761260227731544,0.0,24.398389718000526
9507,0.4288096936022134,0.8467420631326191,0.0,36.38026964163093
19503,0.4903188948864314,0.7126992936691043,0.0,5.7792787191742985
9126,0.5085588053396922,0.6761744254606987,0.0,19.970811230380615
9777,0.4644652450284982,0.7668685458558878,0.0,15.43782963178971
17766,0.44987860142112834,0.7987775072332051,0.8,39.21997438631262
14602,0.48728042241159536,0.718915505577754,0.0,4.260652802769126
11753,0.36282191721040363,1.0138431512913015,0.0,8.409829259030484
6014,0.43516518650622243,0.8320295808813309,0.2,57.160432841335634
3977,0.4020506056754413,0.9111773135211587,0.0,72.64816331407249
6195,0.4426046948207629,0.8150782440541546,0.0,61.799232215443865
19687,0.5304241728005611,0.6340782664872863,0.8,21.097052885612108
10369,0.4771408382881634,0.7399435732082472,0.0,55.97673526492892
14253,0.4583868467466243,0.7800418078269998,0.0,9.828527076182533
15316,0.47384354646990273,0.7468780825109983,0.2,9.772899738147549
9485,0.48431434364023723,0.7250211127490186,0.0,47.387380371793625
857,0.4816038582676179,0.7306333736665892,0.0,54.16550671757387
15148,0.5403484705833257,0.6155410316555381,0.0,7.709804693888728
1132,0.5009808060178566,0.6911874899727741,0.0,40.047404856491994
3354,0.46086941112713187,0.7746405491579734,0.0,55.390670339927084
5910,0.4059610711792747,0.9014980077724392,0.0,83.02796514026485
16622,0.4634994477309055,0.7689500854960191,0.0,24.047759372368027
10090,0.5636880331717276,0.5732543131926325,0.0,3.304925982254502
5618,0.4681446451478149,0.7589779599883756,0.0,44.17251785037769
12915,0.4729185102923765,0.7488321880125348,0.0,13.719353876706396
8518,0.4727677621009562,0.7491510002806153,0.0,49.036051607059534
5071,0.5007996699351545,0.6915491182716362,0.0,55.42766552274239
7767,0.5303853924042451,0.6341513812057151,0.0,15.768173343760488
2025,0.5161753154160388,0.6613088126472284,0.0,16.42228186555788
17710,0.45155990735735874,0.7950472297501222,0.0,17.98396824596183
5609,0.4441776941346011,0.8115305845985125,0.2,49.34511744417205
2859,0.46895339323766866,0.7572518902336246,0.0,22.96745410604217
18059,0.44454767665835826,0.8106979707060992,0.0,17.762391641326104
8337,0.43446939120506395,0.8336297827763924,0.0,10.837187176093096
12041,0.4937206918074271,0.7057853228932874,0.2,11.454190406396405
11424,0.5099577909622671,0.6734273195078808,0.2,25.35302522790188
15422,0.4626002309801431,0.770892029876356,0.0,7.017043937362404
1823,0.49923474282154345,0.6946788673503937,0.0,58.19672052228549
15612,0.453451433688119,0.7908671073599186,0.0,9.663012251718465
1050,0.4932905518478774,0.7066569238796911,0.8,56.345287561174096
11603,0.43210501057734424,0.8390866402370442,0.0,11.176633791888507
2313,0.5303073951731733,0.6342984496729016,0.0,14.984032973484046
13679,0.5375288330537793,0.6207728775282955,0.2,8.729618590241655
10220,0.4789243288699242,0.7362126713579985,0.0,3.3056318498054686
5132,0.4328273247275163,0.8374164186749521,0.0,61.17327193979734
11372,0.5206675387615591,0.652643562293838,0.0,5.966793718478662
20220,0.512743429921604,0.6679796955264562,0.0,10.827281684614238
18069,0.49642581582846684,0.7003212209030955,0.0,21.94456481583527
5220,0.4759015637474609,0.7425442449864197,0.0,48.42130953574487
2662,0.42137339775954563,0.8642359078450005,0.0,24.846782350543762
4787,0.48454636481886265,0.7245421560093446,0.0,46.39605684950203
19940,0.5194437746417768,0.6549967040560813,0.0,31.572150909033187
10362,0.5095501783172198,0.6742269457571084,0.0,17.57136463122696
12517,0.37345187432526816,0.9849661332459656,0.8,6.380192298142667
19049,0.5068998059101514,0.6794419163996428,0.0,23.771972883693152
8762,0.48615983605075064,0.7212178283882054,0.0,42.60594651350645
19118,0.45226816746542076,0.7934799842246424,0.0,25.0807139761952
2827,0.5232593047949247,0.6476781351195855,0.0,46.37375348628392
1077,0.47354102666397696,0.7475167245678502,0.0,30.132403045438053
2433,0.48943283020331935,0.7145080476666561,0.0,21.623871510973572
107,0.42002232381603166,0.867447417174305,0.0,69.0054413744061
6577,0.45096026023174623,0.7963760581472795,0.0,68.62372651027653
2707,0.5036097946167369,0.6859535278018388,0.0,17.93768514452384
9465,0.47992141302198726,0.7341329113551126,0.0,50.49366074684631
17790,0.447474352329155,0.8041360561406315,0.0,21.436658211577978
554,0.5012057487996086,0.690738585954958,0.0,14.902684860230288
7405,0.4580350735113928,0.7808095180808309,0.0,49.38034469623513
13430,0.5140881673518805,0.6653604964238743,0.0,10.382285247113709
15192,0.41833774182199435,0.8714661779199824,0.0,15.56351298879964
17999,0.5674117661918697,0.5666700197905488,0.0,8.61990056073897
14284,0.4351529025370173,0.8320578095700382,0.8,31.135187497218517
11053,0.4713348449700975,0.7521865140487355,0.0,12.32645635550546
4361,0.46698875040872123,0.76145011066394,0.0,35.10246842381016
11869,0.4617535717719646,0.7727239246387914,0.0,9.614616783822436
16019,0.47059917359971165,0.7537485587471281,0.0,4.152449738064374
7951,0.5387748850302099,0.6184574483196247,0.0,16.746591417871883
1709,0.5007667560200318,0.6916148431487518,0.2,18.085728544085047
5199,0.4374082353142965,0.8268883430376618,0.0,26.791183576151724
512,0.45797803968800377,0.7809340442969753,0.0,53.14256111860378
17496,0.44444608735716673,0.8109265196695359,0.0,7.7901659251894735
18457,0.5304922720951324,0.6339498882441316,0.0,6.028863582301305
14986,0.5479532703461037,0.6015652687611298,0.0,17.910403178245524
15786,0.4110274600406187,0.8890952539668778,0.0,8.044622762669427
10079,0.4073136169844679,0.8981718325653119,0.2,81.6572929799762
19236,0.4504785117146487,0.7974449018179836,0.0,26.65140720745492
17571,0.49642581582846684,0.7003212209030955,0.0,21.94456481583527
2962,0.48113682087913623,0.7316035984326855,0.0,16.526924702516652
18655,0.4817349459958234,0.7303612207574893,0.0,24.510920785512894
17031,0.46862480890277863,0.7579528117089585,0.0,11.828611539050959
4085,0.4353383109260393,0.8316318238990557,0.0,65.78207600144583
7758,0.5305807196007422,0.6337831749143101,0.0,15.212697711871172
14610,0.48668344338540837,0.7201413808322916,0.0,7.179809759196443
8516,0.4727677621009562,0.7491510002806153,0.0,49.036051607059534
1768,0.4474706372110566,0.8041443585908197,0.0,40.86662219331464
12312,0.492656488020372,0.7079431266660031,0.0,11.009932213463921
14511,0.430632331537266,0.8425006120186129,0.0,8.694606058921304
17640,0.4510250964625088,0.7962322947693199,0.0,63.80209463033345
7303,0.42137339775954563,0.8642359078450005,0.0,24.846782350543762
15520,0.4846709196178918,0.7242851345927543,0.0,6.612723361719702
19584,0.4462099660595527,0.8069656618240089,0.0,26.36921696836309
4089,0.4614304162221294,0.7734240138241254,0.0,32.080468240640315
