test_index,threshold_u,lambda,loss,width
179,0.43120005360205027,0.8411831350783354,0.0,31.165834512880537
4975,0.4979219895078324,0.6973118618026306,0.0,50.42785131072115
243,0.45523141319745686,0.786949388890579,0.0,30.29755447426097
20758,0.5158188941483637,0.6619995554412157,0.0,9.736027473237934
6418,0.4909301267129575,0.7114534694346273,0.0,44.87137010012358
20553,0.5251304054222424,0.6441086559540582,0.0,7.44589617954019
14480,0.4396821894486343,0.821703109759425,0.0,11.014929183269537
2072,0.4944990574767227,0.7042100339338809,0.2,60.59727288274084
19726,0.5250641381093261,0.6442348560251069,0.0,2.484491664508143
20252,0.45264815940042086,0.7926401453443978,0.0,8.269812946086706
20682,0.46918150112111534,0.756765589405644,0.0,23.777574876861966
14583,0.6523245433253667,0.42721307506335077,0.2,1.24013543762778
11123,0.5265510123370591,0.6414070625725169,0.0,19.573820679144617
972,0.5158964876738348,0.6618491389077714,0.0,18.55163055566352
10751,0.4596341268827572,0.7773244823204158,0.0,5.198559669018827
12850,0.5148261958310532,0.66392591910208,0.0,8.568295589331846
7504,0.4819581542931741,0.7298979855194757,0.0,36.494899275973786
5074,0.4281068680864235,0.8483824227774381,0.8,62.780299285530425
5758,0.547907951611537,0.6016479776547096,0.8,15.357064400125973
3002,0.4370583306886131,0.8276886129575444,0.8,30.33478892784659
2461,0.5300566940001402,0.6347713083452465,0.0,12.908073974050097
20209,0.565224584969043,0.5705321312956815,0.2,8.87405671358644
2830,0.47409258074768584,0.7463526583260517,0.0,61.947270641062296
7485,0.4936292017571883,0.7059706473686269,0.0,51.15110454776473
18419,0.4932797958669262,0.7066787286723782,0.0,10.733390493162226
16050,0.5559730625958896,0.5870354344737683,0.2,4.236634735075911
20911,0.5283238231429059,0.6380458818613046,0.0,22.0157726181549
1371,0.4506506039062651,0.7970629539023623,0.0,41.29582969572691
3437,0.44247395255275473,0.8153736805542829,0.0,57.129155808290484
14801,0.5217731130853938,0.6505224348485666,0.0,20.491456697729845
8559,0.5047917083879303,0.6836093934289996,0.0,46.42049502631209
2857,0.5049897123500574,0.6832172214983255,0.0,31.981401682859556
7840,0.5044859645005118,0.6842152601889292,0.2,45.517421228098144
4282,0.5064309315942294,0.6803673286703458,0.8,39.70453513708992
18152,0.4778307036290628,0.7384987857342307,0.0,22.180810916841647
20519,0.44131873817170386,0.8179879023080596,0.0,5.1255122223855
14803,0.4346289509441231,0.8332625982286522,0.2,2.976655624942599
19967,0.4859301588418227,0.7216903714951368,0.0,6.387320710002556
6591,0.47905323970042196,0.7359435401476128,0.0,16.501327410357447
10939,0.501893496893499,0.6893673393816827,0.0,5.406363339377888
4558,0.4358624379743331,0.8304285946497935,0.0,45.499183461142266
13477,0.4659189338109302,0.7637436217687164,0.0,10.249706953598096
15393,0.6110389835370701,0.49259451900286133,0.0,3.8121889055200864
20806,0.5263065138154915,0.6418715100782609,0.0,3.1987667494406047
2516,0.48323453765805185,0.7272531579745543,0.0,59.409306701960475
2778,0.5121242801680026,0.6691879486948008,0.0,48.28191151942965
1211,0.44830180005354475,0.802288612540951,0.0,39.88979079489229
19508,0.46451046305081356,0.7667711955765256,0.0,23.986137686624865
9807,0.6194549153499582,0.4789153564289345,0.0,9.398714098282477
2349,0.4496426034048995,0.7993022264291005,0.0,57.76157185594757
2722,0.48229522320381246,0.7291988561573516,0.0,39.95644720626622
20946,0.5840342803330171,0.5377955986762689,0.8,17.78678256049128
17312,0.4789181194089179,0.7362256368744414,0.0,40.8163511057449
19423,0.5080982946086877,0.6770803567968856,0.0,26.75482988557188
13051,0.48030749138139395,0.7333287731367344,0.2,59.02416553132926
18566,0.49040521606486664,0.7125232580690936,0.0,30.69906528060264
995,0.42897479180795856,0.8463571221349863,0.0,52.25493280480447
11507,0.4430658440123877,0.8140368878995157,0.0,5.733261981583937
20584,0.53297772305827,0.6292756510776053,0.8,4.110743358699184
7311,0.5018481546955172,0.6894576857331385,0.0,63.802414868961996
1753,0.5300566940001402,0.6347713083452465,0.0,12.908073974050097
5780,0.4351969145496166,0.8319566731952777,0.0,82.8420831944895
1115,0.46722026999470573,0.7609544622904652,0.0,25.61372418177372
11564,0.438041582471709,0.8254414359619164,0.0,5.69967289490039
7105,0.4370583306886131,0.8276886129575444,0.8,30.33478892784659
121,0.49014052222489296,0.7130631489402014,0.0,49.20135727687391
9745,0.5124365808996314,0.6685783202126518,0.0,67.59326715332955
6041,0.47685880485995563,0.7405348384952939,0.0,49.97869325563619
2519,0.47446650629160025,0.7455642507963733,0.0,59.6824177074293
12170,0.5053896013210886,0.6824256593859579,0.0,10.509355219624934
15802,0.552073401755115,0.5940742673512773,0.0,17.68410627460825
12612,0.4724902005750083,0.7497382717871984,0.0,12.346315505460108
447,0.4786342840996867,0.7368184719328759,0.0,40.849217882831866
3450,0.4425810873230372,0.8151315831343965,0.8,16.064202938278527
99,0.45523141319745686,0.786949388890579,0.0,30.29755447426097
11715,0.5437293654555283,0.6093036458868433,0.0,4.935663958048406
1349,0.5266460989993493,0.6412264949246853,0.0,19.24000105359773
6593,0.499585744666246,0.6939760346321058,0.0,32.55788365281079
0,0.5158964876738348,0.6618491389077714,0.0,18.55163055566352
12509,0.3861190503385601,0.9516095365029341,0.0,11.302742324265134
4067,0.43508551790930317,0.8322126743203541,0.0,61.708571070710015
8909,0.4840621424051562,0.7255419871081493,0.2,23.289898062943898
1538,0.4643126481166615,0.7671971430680652,0.0,45.544656759325775
10808,0.4504593882589696,0.7974873541461241,0.0,11.053175215212933
15410,0.6491319946637943,0.4321192013489708,0.0,12.581474153693945
10943,0.5047840010541504,0.6836246618902114,0.0,5.127526588744409
4487,0.4468713421590278,0.8054845509457647,0.0,54.24736759923299
6734,0.4637868478380414,0.7683302119624364,0.0,55.250628355928086
18712,0.5289080494500067,0.6369406817974138,0.8,4.9321500139951775
7250,0.49149349648256063,0.7103065714609726,0.0,46.91574850307634
20884,0.5030635555813214,0.6870387638198948,0.0,22.13295257086926
18202,0.48446261707749066,0.7247150083629247,0.0,25.56577165965055
12054,0.572433831230456,0.5578581288702258,0.0,4.749046390460155
8263,0.46907403393572616,0.7569946681200107,0.8,63.3793774332657
18918,0.5102796139278684,0.6727964409011316,0.0,21.28452318426369
8103,0.4733487167958448,0.7479229173101513,0.0,53.96263962516721
11556,0.38919219631682733,0.9436819794447163,0.0,6.7081638044652605
1040,0.48922773301548683,0.7149271862291838,0.0,48.822372747664794
15934,0.49494778288081565,0.7033030111074817,0.0,11.488807177690234
15429,0.5739304806241666,0.5552470038926308,0.0,4.5935585966439865
20893,0.46953563818278665,0.7560110765419831,0.0,10.48096000953651
3141,0.5074953902609927,0.6782676513370185,0.0,28.761938926982822
17988,0.4755809184372144,0.7432182360023097,0.0,3.092835868830204
4248,0.4945200901211506,0.7041675016037796,0.0,46.69686958801359
2451,0.5177360946880126,0.6582896362607062,0.8,22.041510504748253
14260,0.49970509467894636,0.6937371652087734,0.2,11.475799729056803
15428,0.5263579768104893,0.6417737334447807,0.0,3.918670382139416
9198,0.4838970231133014,0.7258831570651856,0.0,61.06129039699655
14399,0.47281992812315693,0.7490406646178461,0.0,7.503140486059861
8964,0.5323073919818619,0.6305341520280417,0.0,15.132819648673006
6792,0.4880966799213408,0.7172417781581828,0.0,62.765824066695814
473,0.43847041776160095,0.8244629317908515,0.0,61.99961624476383
10331,0.49312817853491825,0.7069861417045852,0.0,20.590971377146044
18972,0.582577302446416,0.5402933942847006,0.0,2.1238933298415743
5666,0.4545821771462435,0.7883765739058483,0.0,25.866633465103387
6733,0.46347608540245083,0.7690004909870478,0.0,57.459714691769435
7693,0.47633193356768444,0.7416403283509719,0.0,45.29568079072895
11543,0.39205221096567267,0.9363602568218792,0.0,6.637483241854216
15046,0.4766258636390576,0.7410234488174695,0.0,6.34056746205961
742,0.49246147933873374,0.7083390359695523,0.0,37.80759874697384
19193,0.4689640560488155,0.7572291530275828,0.8,23.606618267914897
1330,0.4964412995583284,0.7002900309691701,0.8,32.24835539185139
6776,0.4915459593240369,0.7101998354775568,0.0,48.300692327979164
4834,0.48659333265032173,0.7203265506371463,0.0,50.67497448601988
16442,0.4412282725126501,0.818192912711529,0.2,1.9424063835840046
6315,0.5008674706914831,0.6914137424493052,0.0,16.46463525904285
2375,0.453369648530038,0.7910474850769931,0.0,40.34342173892665
2697,0.5300566940001402,0.6347713083452465,0.0,12.908073974050097
9247,0.48111144742840606,0.7316563362791889,0.2,61.92007372975361
18295,0.4932803325803847,0.7066776406222068,0.0,16.314360324112574
21217,0.46685723834707765,0.7617317675197738,0.0,6.018823914109287
19452,0.4833060948731211,0.7271050892585758,0.0,19.50823018275532
7903,0.5168887840123731,0.6599275455793581,0.0,45.436015541016886
14285,0.4174870334028149,0.8735017928913364,0.0,34.78284112636143
4588,0.4669637747792548,0.7615035943877884,0.8,45.92247158704235
1100,0.48271781532648567,0.7283230293388248,0.0,38.63753615075829
7093,0.4548853346245252,0.7877099036057303,0.0,17.487163465896998
15173,0.4640658052030588,0.7677289152532919,0.0,12.760806176597203
13928,0.5490697344355753,0.5995298247092415,0.0,8.124528611657368
20620,0.47795466891996247,0.7382393858832701,0.0,26.176121954815343
11427,0.5260301893652097,0.6423966736609763,0.0,19.879543506238544
14929,0.5227671675426419,0.6486191003850156,0.0,20.44771689220907
8602,0.4559795990653864,0.7853072093602615,0.0,56.919069170655916
17976,0.48712324756097364,0.719238112843774,0.0,45.383923822971866
16121,0.6021781250936268,0.5072019885799465,0.0,5.8558497903868805
8537,0.4815686154221774,0.730706554423762,0.0,20.82513680107722
3958,0.4895835099630474,0.7142002289822565,0.2,50.06365044210541
5961,0.494973199693311,0.7032516599128947,0.0,51.58350818153396
17800,0.5178638044717854,0.6580429970238277,0.0,15.873970685036017
13214,0.48202158820878105,0.7297663771196273,0.8,5.534146890193281
9899,0.5321292584063441,0.6308688522229587,0.0,24.067645268361666
11359,0.47696074036357955,0.7403210967985077,0.0,2.361468728778508
1221,0.48971281214263573,0.7139361573679331,0.2,52.524282879682815
2033,0.44511446734755644,0.8094237998993508,0.0,65.5835646219276
7515,0.47017405280745883,0.7546523277092039,0.2,59.19247771573716
8802,0.4927303145529913,0.707793283918841,0.0,16.785317836136
19777,0.5047534375717844,0.6836852113680337,0.0,19.09020007969923
3892,0.43025978957443206,0.8433660909257896,0.0,37.23461420124815
13620,0.5378116566424912,0.6202468607030328,0.0,8.132056776412703
15368,0.5014257160383598,0.6902998061041461,0.2,2.2674899476302115
20517,0.4149879137029064,0.8795058827829937,0.8,5.624396278298539
18149,0.5263777508416522,0.6417361665024879,0.0,9.894288357121052
15497,0.41650972229501065,0.875845474802516,0.8,15.199860967359502
11830,0.4709755938565957,0.7529490040225376,0.0,11.841252896644953
10600,0.48000476988856955,0.7339592378617216,0.0,69.75915441864782
7011,0.45261943434329577,0.7927036073689598,0.0,51.41871779858998
4952,0.46071264358277786,0.7749807631303809,0.0,53.183054869822385
7335,0.4519974037330132,0.794078843119913,0.0,47.569292127763866
1642,0.5259122557372111,0.6426208943472729,0.0,15.512867997318502
2404,0.4699882858044059,0.7550475084090493,0.0,57.92535630468238
19722,0.5398989157083157,0.616373350079387,0.0,2.4470023644046077
14792,0.5237617351576326,0.6467184019679081,0.0,17.488560141115954
19032,0.45001417646133396,0.7984761934665797,0.0,65.32334152998601
11185,0.43993541939317043,0.8211273369486343,0.0,60.45139523527594
7713,0.47885115174429005,0.7363654777876006,0.0,37.4515486497192
8930,0.5350352249172751,0.6254226932866825,0.0,51.09703213288337
19847,0.5081131139879455,0.6770511908592993,0.2,15.650036830375319
20310,0.48003770053425804,0.7338906353848188,0.0,24.97576720084783
16992,0.528036910842018,0.6385890908214875,0.0,17.912423510337913
7509,0.4437214697111603,0.812558233868087,0.0,42.693843730718
1662,0.45709261657592726,0.7828692465293754,0.2,52.781043167534094
15670,0.38681411259603726,0.9498110305565891,0.0,7.503032134431013
14608,0.5784362657705779,0.547426909946554,0.8,6.11147404143774
223,0.4734121589451848,0.7477888979372335,0.0,55.16214235617635
7207,0.5749394172660269,0.5534906050121507,0.0,19.15077408886078
3118,0.48599791490771366,0.7215509454041931,0.0,29.338259953785343
18281,0.47998134794270175,0.7340080342879144,0.0,23.496880454007993
18376,0.5323706074029732,0.6304154017181415,0.0,17.13784235902953
2378,0.4719518344577433,0.7508783442439666,0.0,49.3552332234311
10160,0.6243426345209063,0.4710559675260353,0.0,9.244473587315431
3634,0.5194619282745861,0.6549617564515775,0.0,35.49564969253396
11406,0.5371012345450097,0.6215686835348998,0.0,8.224907355910442
4687,0.5086039169874204,0.6760857245148865,0.0,32.698887200949926
20485,0.47205302333649174,0.7506639621286618,0.2,11.234811685212803
17287,0.47893719698041815,0.7361858029429982,0.2,12.825460415539553
14004,0.4174870334028149,0.8735017928913364,0.8,34.78284112636143
17060,0.5708354915158594,0.5606542167633035,0.0,5.541338290107641
15318,0.49211010612129413,0.7090527945982715,0.2,7.28941771603964
16910,0.48505106907076034,0.7235010965348854,0.0,4.884717919589263
16142,0.5285094168896002,0.6376946556856471,0.0,19.253277900740503
1234,0.4535507781981609,0.790648046129114,0.0,39.532402306455694
15023,0.5433571046174945,0.6099885239767339,0.0,8.578879262054507
9214,0.4614585335804741,0.7733630804726979,0.0,25.37791063626853
12498,0.47322676319379814,0.7481805905867139,0.8,5.989185891649272
9997,0.5283736840878149,0.6379515105873973,0.2,51.715539546470225
57,0.46559895450499905,0.764430628046384,0.8,60.390019615664336
1090,0.4207138252529526,0.8658024264275174,0.0,44.67540718532439
6065,0.5122947348678111,0.668855165529163,0.0,55.8694711601774
11963,0.6076697500064392,0.4981237189201026,0.0,8.273834800245696
4658,0.5005998629429669,0.6919481737700243,0.0,51.23876437932853
11233,0.376606113431589,0.9765554296683543,0.0,7.6560480353669185
18060,0.4849255592184795,0.7237598859723229,0.0,15.100525802613017
10258,0.47295295120830183,0.748759364341788,0.0,8.706199908764782
1265,0.4643126481166615,0.7671971430680652,0.0,45.544656759325775
11875,0.47520645461213196,0.7440059280879611,0.2,7.319157678979906
4134,0.45093408640569826,0.7964341000368931,0.0,64.18064122231583
13603,0.539443104723535,0.6172179591157237,0.0,8.275658096802168
3396,0.4483720565512207,0.802131907854398,0.0,34.25103307736087
20268,0.44960506245147125,0.7993857205650887,0.0,13.493630292267502
4093,0.4698222124305849,0.7554009272650027,0.0,71.29473744050034
11675,0.5157430002678023,0.662146699070908,0.2,5.65175365636052
5417,0.4709747845520604,0.7529507223817079,0.0,52.90231936301507
3682,0.4048235201249395,0.9043040596213562,0.8,95.40407829005309
7161,0.4817494063170226,0.7303312040350265,0.0,51.89368253259198
14748,0.5441379538826892,0.6085524725790138,0.0,23.63009130309251
11584,0.5034326287004719,0.6863053817336905,0.0,10.953433591394266
19982,0.4842419741708957,0.7251705505631041,0.0,24.79285535567984
14662,0.48884766777007743,0.715704355891633,0.0,9.15385868455203
12201,0.5276206275017652,0.639377762046217,0.0,20.214886340561222
11669,0.5264729302936623,0.6415553631768601,0.2,11.44663071821686
573,0.4478563988020666,0.8032826363388057,0.0,54.5509237111971
17405,0.4915906302855587,0.7101089611025723,0.0,28.26979357612296
12130,0.5784362657705779,0.547426909946554,0.8,6.11147404143774
3258,0.46077044702564535,0.7748553057160616,0.0,55.0534688799585
18187,0.5103345034784007,0.6726888790917285,0.0,43.771862591105986
2266,0.4969752369965918,0.6992150790833684,0.8,46.434873295234745
14731,0.5108210510159659,0.6717359438170926,0.0,12.705884711058296
3825,0.48229522320381246,0.7291988561573516,0.0,39.95644720626622
12974,0.47021209639286005,0.7545714171482512,0.0,13.137087897604902
14687,0.5330101308902286,0.6292148476981885,0.0,7.442353561811949
1617,0.5066075609672117,0.6800186166005298,0.8,49.67195860443443
5490,0.49437048042803483,0.7044700824933399,0.0,53.57494923615047
19830,0.4808537109703491,0.7321921903316436,0.0,23.526066250860715
19858,0.483653272078037,0.726387008992331,0.2,4.565553178984066
11870,0.4874283327998129,0.7186120089926211,0.8,6.026280591135353
416,0.5299942418946993,0.6348891368446109,0.0,21.951291179829465
2308,0.5104594120569316,0.6724441507929929,0.0,15.493113208618848
19553,0.5012194295531968,0.6907112906437777,0.0,6.152165510556654
692,0.5013746531132304,0.6904016467630537,0.0,33.84003629470335
1924,0.47564368890844927,0.7430862577695323,0.2,34.420126572146955
18579,0.4862306381015784,0.7210722036565057,0.0,15.068245377697078
19635,0.5299983690725838,0.6348813496622442,0.0,13.526147651039542
12396,0.518716666277808,0.6563974672795679,0.0,4.395335942840963
14886,0.5503768067713241,0.5971521321111096,0.2,7.5933871292505675
10208,0.38761500769848933,0.9477426801627623,0.0,65.81836180520023
19290,0.5134892741111428,0.6665261376386048,0.0,10.276499501933685
304,0.44269900818693614,0.8148651796194085,0.0,30.52892407877971
13391,0.5830617150758965,0.5394622404710664,0.0,7.5012223096982185
7315,0.4853601954242068,0.7228639927105319,0.0,55.096691649291785
249,0.4683437459793097,0.7585527527217804,0.0,65.02313999562962
10138,0.49634672412592606,0.7004805558958053,0.0,44.83075557733154
2126,0.534771682003226,0.6259153857860026,0.0,24.442310510865664
6740,0.46315746434085825,0.7696881869467674,0.2,53.50872310887458
17616,0.5559212673188814,0.5871286003001462,0.0,15.112690037342695
5284,0.4654059155460447,0.7648453175242385,0.0,42.88487380251845
3189,0.4910984611333094,0.7111106394517043,0.8,15.92532173970563
13543,0.49639435554189393,0.7003845965022032,0.0,11.139616820344678
4531,0.4524748091722855,0.7930231877292976,0.0,54.411299837904366
19740,0.5781415660712649,0.5479365163000174,0.0,17.053016765759686
7895,0.5175285858942771,0.658690516925152,0.0,46.81972314913817
19805,0.4856424111377148,0.7222827054522951,0.0,23.261836359929077
7054,0.45703314310303006,0.7829993675162339,0.0,59.331778268304845
6770,0.49394129512338125,0.7053386046383746,0.0,49.07569633372199
8297,0.5068313939753696,0.6795768869616485,0.0,46.31316329100829
1396,0.45378717696971066,0.7901269640437624,0.0,63.01657384716175
8419,0.4864223893424447,0.7206779186690743,0.2,57.68666542943345
20278,0.4777888994617278,0.7385862769644785,0.0,12.222124902590554
6701,0.4808648054008383,0.732169118236637,0.0,47.84724796655927
20976,0.4759650196781812,0.7424109155221454,0.0,27.06830271627637
9753,0.47221542985953907,0.7503199783302006,0.0,23.16612933094494
9579,0.4708286677885601,0.7532610138003887,0.0,40.553693853326244
16015,0.5280820440865172,0.638503620819617,0.0,3.641705498163681
18387,0.5341209067106776,0.6271330485892226,0.2,22.705351378245666
14196,0.5286003715272,0.63752257396089,0.0,24.755000890273337
15656,0.47078272611454464,0.7533585947649977,0.0,5.463733072025985
21109,0.3833191575250445,0.9588873273461909,0.0,3.465418708210813
12163,0.4472268983249467,0.8046892106384866,0.0,11.029471941180024
13630,0.5316998978932811,0.6316760505100777,0.0,18.44809780212731
2390,0.4412655494357821,0.8181084318410072,0.0,69.40423118706721
12999,0.5068577781954288,0.6795248311228579,0.0,11.335493765884646
17987,0.45813098530062935,0.7806001416502931,0.0,25.561922550462338
5686,0.49871845048403485,0.6957135699537508,0.0,57.761620206984816
5654,0.4370583306886131,0.8276886129575444,0.0,30.33478892784659
18180,0.4672786099162133,0.7608296040956882,0.0,54.091181631930034
12074,0.45882299075772,0.7790907843509438,0.2,12.12732713731881
18983,0.5096028875880606,0.6741235083586428,0.0,9.35009298378706
20365,0.4711502342741391,0.7525782670905289,0.0,4.756294597772123
16111,0.540482815220158,0.6152924366355961,0.0,7.042637290757046
20172,0.4948594103644781,0.7034815762203146,0.0,18.097766240874456
21118,0.4141468607624841,0.881534631919546,0.0,7.246214699599575
19336,0.48915842646941615,0.7150688614675644,0.0,23.886874444437197
18812,0.5397273781272953,0.616691122225996,0.0,2.548167624702585
139,0.44330950240511047,0.8134871018526789,0.8,42.88297269829224
13040,0.47524614549966404,0.7439224081153701,0.0,12.75268840544157
6679,0.48071534585133496,0.7324799806239529,0.0,34.6023499257401
11370,0.5851070579766993,0.5359604434052943,0.0,8.790876068286718
10146,0.5280487310144821,0.6385667059466325,0.2,8.338404102277716
20366,0.4602037206616317,0.7760860165338677,0.0,9.658002224038125
8276,0.4703331362484579,0.7543140348298567,0.0,44.6176763111779
1888,0.45523141319745686,0.786949388890579,0.0,30.29755447426097
13417,0.4015777533413099,0.9123541072054404,0.0,11.139844118826314
12925,0.5097159199201394,0.6739017282213402,0.0,10.112569361967473
11676,0.544393437962654,0.6080830619831044,0.0,4.45177601211098
16804,0.4186415768657206,0.8707401502863509,0.2,3.1838612399440795
13118,0.5277870429809759,0.6390624043219099,0.2,8.248059138347564
19004,0.509244972181974,0.6748260969097746,0.0,24.431404331729382
565,0.4260406982546174,0.8532204014670605,0.0,68.9487450690506
19010,0.45557533822653284,0.7861941791934955,0.0,64.79419399801421
3899,0.4208736989512586,0.8654224928005775,0.0,41.501337226887614
3548,0.46873811373602237,0.7577110593821721,0.0,49.948311647062404
12699,0.48609049420765177,0.7213604703417401,0.0,11.145849476336092
2003,0.4896151417657872,0.7141356214530388,0.0,49.714552486106214
10476,0.4656526389748472,0.7643153327378261,0.0,9.677187229641799
11857,0.46086088529186187,0.7746590487891636,0.0,7.546728533091455
16656,0.40477362491434493,0.904427318975625,0.2,6.051523285281579
3373,0.41062489368761756,0.8900751486471189,0.8,39.29681917091719
3520,0.45424301083614366,0.7891229579857136,0.0,21.00644928844025
14210,0.45058297334859443,0.7972130383188876,0.0,29.705351632340314
10791,0.46224518829377415,0.7716598180848743,0.0,39.698039105884476
1065,0.473107887551916,0.7484318244233144,0.0,34.891888000162645
4533,0.4539755764126462,0.7897118788357858,0.0,24.567937032583174
6126,0.4086602424977279,0.8948711711037621,0.8,59.76397102561824
8055,0.5560610610672442,0.5868771686981672,0.0,15.869158619210854
7857,0.42636815657309374,0.8524520886257986,0.8,67.94042886199881
16132,0.4748789252156306,0.7446954017214479,0.2,12.606203385356718
20006,0.5304689598799882,0.6339938337049936,0.0,17.63929418799049
344,0.4483024592683178,0.8022871420710838,0.0,64.59655273787496
7002,0.528402758988697,0.637896484945825,0.0,15.608050239768712
14674,0.5316998978932811,0.6316760505100777,0.0,18.44809780212731
2089,0.4522410559089248,0.7935399317758745,0.0,65.90349072856344
19333,0.4933315731104756,0.7065737689177576,0.8,22.336563404680863
21140,0.44894571942264205,0.8008532907024003,0.0,27.43763412944943
341,0.4876681365967314,0.7181201524240061,0.0,50.37756523966291
17156,0.45566442697989923,0.7859986461251378,0.0,4.86768967691909
655,0.4559172877157283,0.7854438725086028,0.0,31.06823261677623
9883,0.4879989364482416,0.7174420525407058,0.0,46.63373341514588
4417,0.40784193751322145,0.896875587695693,0.0,46.68237707660791
19694,0.49362262225668835,0.7059839762890503,0.0,23.843550135599596
9344,0.48636896578088024,0.7207877542701758,0.0,42.95534709559898
19938,0.5602332482198042,0.5794020672928801,0.0,3.0905305528970652
13831,0.47989248047879524,0.734193199174234,0.0,11.908613886656811
6228,0.5476453817943582,0.6021273150163878,0.0,47.51898505219709
5060,0.4861750645884601,0.7211865047409709,0.0,51.276359386639754
9860,0.6314079767628014,0.4598030694841331,0.0,9.023635457877301
7360,0.49353950398650165,0.7061523747074528,0.0,36.66696421169053
13055,0.5132838366549121,0.6669262989923022,0.0,2.9166621753125375
6442,0.4562263694354662,0.7847661684448968,0.8,23.558680735953242
1197,0.49310528656932046,0.7070325647198487,0.0,22.685139191728695
14610,0.5674084513926432,0.5666758617718163,0.0,9.379051984985827
20768,0.5181574329074086,0.6574761583666819,0.0,23.78189837077823
1761,0.4923432049059617,0.7085792347322775,0.0,37.44487052439209
7047,0.4745133438941599,0.7454655393166965,0.0,51.76140074619593
1579,0.5300566940001402,0.6347713083452465,0.0,12.908073974050097
6258,0.4786000581469025,0.7368899820141346,0.0,40.853182401911425
1462,0.4836586697333191,0.7263758488793439,0.0,23.310854440503707
16860,0.5171343202643531,0.6594526311300012,0.0,11.604223257898473
3449,0.457772912952261,0.7813820410772836,0.2,60.658688683435585
6931,0.47045797952679247,0.7540486341963388,0.0,52.877657596551
10721,0.39033149752132806,0.9407589072540384,0.0,61.901938968284085
3367,0.4928966275161835,0.707455807420032,0.0,30.243735767206367
15634,0.5835940737272006,0.5385496170677239,0.0,8.913534775774416
17923,0.5051533386727154,0.6828932548602866,0.0,5.37266240257247
359,0.4715986666460469,0.7516269376213767,0.0,25.049843437590525
17085,0.4797333886562593,0.7345247696937675,0.0,5.991519119398941
19703,0.5094255695220612,0.674471522325381,0.0,22.943498551959692
18736,0.5241131918356934,0.6460476030353522,0.0,11.05678111560324
13497,0.5305867859122703,0.6337717416363466,0.0,7.4246363521816106
3732,0.45021352685200033,0.7980333046436936,0.0,56.81598088056733
16902,0.4016461172983802,0.9121838832872171,0.0,5.887234779255993
13438,0.5522149432485008,0.5938179185546947,0.0,16.042288585797493
9376,0.49117536768783304,0.7109540506219416,0.0,15.93958986918542
19928,0.48815327547458637,0.717125833357374,0.0,25.78784499488735
13626,0.5343798179376024,0.6266484233081732,0.2,7.655763642932273
7411,0.45516235282481765,0.787101104280884,0.0,16.71802577349662
2978,0.4839320940967304,0.7258106835617113,0.0,57.357188991589425
9424,0.5559212673188814,0.5871286003001462,0.8,15.112690037342695
15347,0.49507921972780383,0.7030374893643089,0.2,10.557161450654073
14922,0.5686738214239612,0.564448258041262,0.0,2.1355900941122754
19462,0.4790042165058123,0.7360458788838439,0.0,24.230630389011985
14854,0.49929309860691745,0.6945619837082572,0.0,20.003384600889067
14870,0.4920963058787943,0.7090808379890328,0.0,22.194229688070976
19448,0.5564132234572222,0.5862440531167282,0.2,18.3728892732179
8936,0.49891615298873937,0.6953172274319409,0.0,34.48773341965438
2861,0.492737518134281,0.7077786643015366,0.0,44.31225142927701
15971,0.6346947049586023,0.45461117529376344,0.0,5.678093475366865
5999,0.4955429286170676,0.7021012919980228,0.0,53.60894382911257
793,0.47842117288961344,0.7372638196126561,0.0,51.60846737288592
19878,0.5126571053037348,0.6681480680113686,0.0,22.788526390151752
16040,0.561551227048167,0.5770522764661089,0.2,4.708746487912259
16989,0.5305950446316244,0.6337561765011047,0.0,17.11141676552983
1842,0.4295275688111122,0.8450693514661982,0.8,67.56752154384807
17401,0.49697280619222717,0.6992199702934901,0.0,13.220500441379786
6360,0.45476541269313714,0.7879735694850504,0.0,54.53959073214298
18052,0.49725316047094476,0.6986560053689183,0.0,17.198115684468416
8194,0.5578436382651804,0.5836765740320307,0.8,13.407052174648918
2703,0.5535016332397119,0.5914905760885453,0.0,17.62109596886417
440,0.49281999105713076,0.7076113013170875,0.0,20.934677002305648
4828,0.49810901600966373,0.6969363182643404,0.0,37.42548348111636
1125,0.4900947199638625,0.7131566005099725,0.0,49.51446299104552
14015,0.5316998978932811,0.6316760505100777,0.0,18.44809780212731
7839,0.5104440824778085,0.6724741821900962,0.0,45.40882017850043
9865,0.5230442500253264,0.6480892104172579,0.0,45.56715080218835
19026,0.4559678153878268,0.7853330522485102,0.0,62.11984323453402
15337,0.4675646389109715,0.7602176747609201,0.0,11.771970795172857
5262,0.538720386220246,0.6185586066475811,0.0,42.15167417353925
5457,0.5112592672980012,0.6708784450451564,0.0,60.08387190035737
2756,0.5341460191218302,0.6270860333525808,0.0,18.505308987763264
8223,0.5490046558017779,0.599648356995309,0.2,49.965699804129514
3529,0.45333004518366565,0.79113484221778,0.0,41.13901179532455
13193,0.5308805534541648,0.6332182294584398,0.0,16.192972713874138
18560,0.4953102565791093,0.7025709317907006,0.0,17.286757455098737
10194,0.4778799696005182,0.7383956876463281,0.0,50.210906759950305
516,0.45736571625410444,0.782271953735397,0.0,57.90767660065367
6385,0.5291419331484396,0.6364985784826573,0.0,17.266932388160196
10113,0.5308305154107086,0.6333124887064795,0.0,10.997470919447364
11317,0.4893660778623361,0.714644444102199,0.0,11.923127916305697
879,0.5249386720467449,0.6444738383629914,0.0,20.474934139808948
16576,0.556519335776481,0.5860533635395386,0.0,8.44986395803751
4014,0.5056426892707414,0.6819250068206651,0.0,40.202890025754286
15987,0.5179058871464487,0.657961738274847,0.0,9.329568221895558
5608,0.4956148250388702,0.7019562163596322,0.0,25.516110071322913
1053,0.4504050365211558,0.7976080198897914,0.0,45.62317630358956
12455,0.518490025212951,0.6568344892739757,0.0,4.025738864137354
12991,0.4822345447388538,0.7293246759444757,0.0,11.829646438570096
9645,0.48089571400892844,0.732104843175482,0.2,37.732681494768
16326,0.44460215564839733,0.8105754289518801,0.0,5.496916966865337
13760,0.4535172201191359,0.790722038551077,0.0,14.060619717839108
8393,0.4725669917245591,0.749575760670738,0.0,46.30129793916464
6764,0.4549547198440289,0.7875573818096246,0.0,15.296327720298322
16155,0.5283090599489275,0.6380738257086249,0.0,19.264725802583385
15195,0.4837703606427347,0.7261449463399227,0.0,12.997994262482301
5288,0.46726084474102075,0.7608676231971957,0.0,45.674882491734174
1592,0.4547463057066361,0.7880155854065988,0.0,16.07158123113338
10290,0.5939382923139351,0.520979850009287,0.0,13.650974201887475
4060,0.46102526563078006,0.7743024313467695,0.0,45.71868564107991
16339,0.4503617322688852,0.7977041696453205,0.0,16.254817368853708
2580,0.47415418382635316,0.7462227278458108,0.0,48.54179072366103
12219,0.49520962710249994,0.7027741169636859,0.0,11.991434564728696
9464,0.46267957480274774,0.7707205275431087,0.0,58.30500908466237
15219,0.5313147600387971,0.6324006649233637,0.0,9.719050067584293
16454,0.3040616403857923,1.190524833702895,0.0,19.443414027681154
13237,0.5569082112559315,0.5853548439164183,0.0,4.7990320585187085
11832,0.43559471195553295,0.8310430276766946,0.0,7.584098412208044
1828,0.48671202511655826,0.7200826549966308,0.8,43.5938045927514
19721,0.4875957519076006,0.7182685936615356,0.8,3.053719019111245
20608,0.5522948880552234,0.5936731578570595,0.0,20.22199109024983
18979,0.5466039307351969,0.6040308142677825,0.0,8.901903952456841
19907,0.5708354915158594,0.5606542167633035,0.0,5.541338290107641
19991,0.5388988828570087,0.6182273270509422,0.2,4.936050625111802
21045,0.5140654477618837,0.6654046913567452,0.0,32.15235575245126
4899,0.4958282065749746,0.7015257699646402,0.0,18.72372183695721
14150,0.5289080494500067,0.6369406817974138,0.8,4.9321500139951775
4875,0.4549547198440289,0.7875573818096246,0.0,15.296327720298322
19517,0.49641393801667244,0.7003451478495114,0.0,24.535541539487113
3813,0.4864223893424447,0.7206779186690743,0.0,57.68666542943345
12137,0.575431855165898,0.5526344676211176,0.0,5.929214990185519
1514,0.45371226363918726,0.7902920623949928,0.8,63.63826953024679
21078,0.41440253360637846,0.8809174741405477,0.0,53.86810488786787
11497,0.3449802233932888,1.0642681870915454,0.0,9.346403288055587
3874,0.4358624379743331,0.8304285946497935,0.0,45.499183461142266
17390,0.45852094354342154,0.7797493099353396,0.0,4.852145751925828
9876,0.5426922739711968,0.6112128342934646,0.0,11.739565064491234
9684,0.49482442146464106,0.7035522834476661,0.0,24.321802224078695
6526,0.4375049252715282,0.8266673154843431,0.0,60.445910071753666
13973,0.4725040147622208,0.7497090352331767,0.0,12.688826279295418
8331,0.4716553556525186,0.7515067388091802,0.0,25.045837512208934
7324,0.4564275746708263,0.7843252450479856,0.0,53.451766646805574
18475,0.4859149166905926,0.7217217389458038,0.0,15.041401786754417
14020,0.5293674965703782,0.6360723878054279,0.0,10.886060303607177
12624,0.572934071443312,0.5569846274502971,0.0,3.9440080641111726
18592,0.4767080842536208,0.7408509581284537,0.2,19.985565544122068
18471,0.4706421001718795,0.7536573460615101,0.0,24.929477026028522
17046,0.5067602740693967,0.6797172194216159,0.0,7.092849469885259
18498,0.5321808167260514,0.6307719663229708,0.2,7.857526545700923
11231,0.44143063800116944,0.8177343766005704,0.0,3.482150380728575
11869,0.5153807508322441,0.6628493294779274,0.0,9.423065330780199
9732,0.6256631788883258,0.4689431055784884,0.0,9.203008670587332
1386,0.4925051457221354,0.7082503702578028,0.8,31.626919419298744
14115,0.44648515225196184,0.8063491328535216,0.0,8.085666244976414
11309,0.4678425900537571,0.7596233856804865,0.0,14.041637299074488
19118,0.49737110183572664,0.6984188477410496,0.0,23.82865227035083
3925,0.47500381416282,0.7444324451632715,0.0,55.83243338724535
15039,0.49455058053323825,0.7041058469354087,0.2,23.003138073098814
9765,0.49559828815518947,0.7019895833186891,0.0,15.714738587230444
16670,0.48243579385214597,0.7289074367941444,0.0,5.6698062079248865
14544,0.4962133748992477,0.7007492534338418,0.0,15.829925407853054
7900,0.519149239544494,0.6555638850425807,0.0,45.1355774864261
10733,0.5266595537107709,0.6412009473328962,0.0,2.5702540609795896
17383,0.4487844152986956,0.8012126506468727,0.0,39.45171531904455
4781,0.48229522320381246,0.7291988561573516,0.0,39.95644720626622
11301,0.45231825043807583,0.7933692530181705,0.0,13.377394733668044
13730,0.47525910497504337,0.7438951395119118,0.0,14.282787246175657
12168,0.5393672584505503,0.617358570062186,0.8,8.93657345811717
2667,0.47290994249943774,0.7488503050250094,0.0,48.04249326139278
13622,0.5356328915607768,0.6243062563696163,0.2,8.166862474886898
19218,0.4635509661885833,0.7688389406069013,0.0,24.29954004068086
15141,0.607784394019307,0.4979350750065971,0.0,6.887438084755846
6214,0.5175974368834014,0.6585574877331294,0.0,21.310921961094387
10206,0.4647042170183924,0.766354168220969,0.0,47.64538759656178
16962,0.344830067204552,1.0647035421251108,0.0,8.248162111209812
10072,0.40485001793342346,0.9042386065535507,0.2,23.80182179031877
19107,0.5999927609112273,0.5108376889867297,0.0,15.129480130921024
21196,0.48268693550781283,0.7283870021308723,0.0,22.951474603858337
10587,0.4671750981576187,0.7610511490649544,0.0,12.65818373036341
16251,0.4876066613507866,0.7182462199613926,0.0,9.121726856515092
17638,0.5251389677459456,0.6440923509490335,0.0,25.152130139443848
6205,0.5300504515780592,0.6347830853096923,0.0,13.330444791503538
2768,0.4670671304624152,0.7612822833305156,0.0,28.319698616646036
16642,0.5742076649396076,0.5547641624821313,0.0,5.897142846140609
7110,0.46444780425958204,0.7669060967739884,0.0,61.35248774191906
3962,0.4712349675811226,0.7523984397608021,0.0,55.022895833183426
9242,0.49986701912948545,0.6934131776750705,0.2,8.164940067930404
9661,0.4914476130368649,0.710399930961933,0.0,36.230396479058584
17436,0.4807383595212866,0.7324321079706418,0.0,56.71221974069072
13582,0.5282324025611687,0.6382189357504234,0.2,8.175584834770248
18567,0.5168236582886635,0.6600535491392084,0.0,26.44966363556528
1160,0.49260684048058,0.7080439069110358,0.2,62.97979570399133
19840,0.41831565941446863,0.8715189653884805,0.0,21.396051330553234
1877,0.48042059817846683,0.7330933125546517,0.0,20.52661275153025
10827,0.4671192805188659,0.7611706352570865,0.0,12.77624827073589
5558,0.49905330064561787,0.6950423740138479,0.0,58.223701314993306
15928,0.4809309090364875,0.7320316594504083,0.8,12.24908596143466
20104,0.47781268290716133,0.7385365000577064,0.8,30.350896502215097
5472,0.45474343828949004,0.7880218909579587,0.0,57.22615188573373
7107,0.4854619249878146,0.7226544186560451,0.0,38.89325783482388
18984,0.4322511221796646,0.838748558286388,0.0,6.74227974505749
12560,0.5465492594625085,0.6041308391741252,0.0,7.560697659676041
20754,0.531799611551186,0.63148853061503,0.0,13.494911332561045
20262,0.5102494757721452,0.6728555046868406,0.0,30.632420363458557
13978,0.49378277932008335,0.7056595764740528,0.0,5.584590080684905
3145,0.47191822805356576,0.7509495540545678,0.8,37.35222634982766
7470,0.36111342933196683,1.018563161326656,0.8,63.150916002252664
1993,0.5316753513047586,0.6317222178222195,0.2,19.402085266397744
12701,0.4156730772707495,0.8778561996254236,0.0,13.920167112032
5809,0.42871095765022427,0.846972345522393,0.0,58.86458447569248
15259,0.6016755281025312,0.5080369688434723,0.0,6.864849444597057
18756,0.516924999490004,0.6598574836818991,0.8,26.267607082948206
6546,0.49810627201326363,0.6969418271065216,0.0,45.998160589030434
20808,0.5445160573158213,0.6078578470240701,0.0,18.967596546069498
20570,0.47662686428328876,0.7410213493863285,0.0,4.6128581826071064
11308,0.4678425900537571,0.7596233856804865,0.0,14.041637299074488
978,0.5266460989993493,0.6412264949246853,0.8,19.24000105359773
16637,0.5492432122855176,0.5992139259448631,0.8,5.812974709324488
19738,0.5417028455467899,0.6130376833381913,0.0,8.918165634052126
151,0.5300566940001402,0.6347713083452465,0.0,12.908073974050097
10221,0.5383949156540969,0.6191629441321355,0.0,2.258396862341156
15333,0.4877747740897591,0.7179015081706434,0.0,8.3721673458381
13744,0.4906727026173924,0.7119779669070767,0.0,11.955178096503708
6725,0.47251449753610925,0.7496868499029372,0.2,51.162378270874
13344,0.5189724915314771,0.655904400050472,0.0,14.639785696200807
1636,0.5245053533181541,0.6452996446808951,0.0,13.596140228505437
5790,0.3918456794375581,0.9368871916061714,0.0,68.98299777078387
20950,0.4856211452522983,0.7223264955961339,0.0,15.05400551928728
9906,0.4846274184759136,0.7243748925966584,0.0,52.98802726202486
17929,0.5263972893366198,0.6416990484208006,0.0,6.771208388310939
8727,0.4914636058253987,0.710367389287307,0.0,48.69568670351413
7247,0.4905074373454077,0.7123148373079673,0.2,38.47568550242738
5008,0.47301051157239,0.7486376675396939,0.0,60.01828329168681
15116,0.4607778437136027,0.7748392529751866,0.0,8.856722515628125
14766,0.5326751304413481,0.6298435520109358,0.0,12.270611700656378
5951,0.5021389478088015,0.6888784091255197,0.0,43.04112005895638
10609,0.4855910940892596,0.7223883794189092,0.0,36.58535842850733
17538,0.44946588881750105,0.7996953148966272,0.0,5.738613674266658
13947,0.5513493616767406,0.5953866205241238,0.0,10.34097294102011
14868,0.4993473410709945,0.6944533510873954,0.0,21.87528055925295
11262,0.5061892153599266,0.680844736195015,0.0,7.978820019273723
10811,0.49990207196684305,0.6933430558085633,0.0,40.90724029270523
20107,0.501403439053175,0.6903442343800402,0.0,20.276790673135654
20722,0.5248804107757823,0.6445848313368776,0.0,7.451400767051865
14783,0.4863546120987323,0.7208172666259475,0.8,26.180081529028612
14029,0.4570563854106467,0.7829485140562682,0.0,8.725178282457014
19993,0.42844128612767796,0.8476015722050538,0.0,15.877271634466906
20027,0.508751538898234,0.6757955173685136,0.0,24.3806746532438
11646,0.5039236359244008,0.6853305384134949,0.0,11.058151524781138
17671,0.4806870053869936,0.7325389371353721,0.0,6.246835578958965
2186,0.4493170485850648,0.8000265188561214,0.0,49.60164416907952
12435,0.6017392104271879,0.5079311328042794,0.0,8.110898121738423
10523,0.6486761827257881,0.432821634828262,0.0,1.619207275927959
1955,0.45395173742033085,0.7897643918331537,0.0,65.51490657062106
12664,0.4704286094924217,0.7541110647479549,0.0,7.118808494371275
5947,0.49588672269813194,0.7014077599972636,0.0,47.09602169043699
13627,0.5310450319962057,0.6329084553168056,0.8,8.886034990298679
770,0.4338778659051727,0.8349921994513938,0.0,43.933112790399306
7212,0.47105436523497685,0.7527817664993474,0.0,51.226798635953685
20926,0.5324544012691835,0.6302580164845099,0.0,21.060069793604814
504,0.4220760737462416,0.8625697116518696,0.0,42.214160503683274
13484,0.47019100139830083,0.7546162808766083,0.0,23.16558729685633
14728,0.5084633469897517,0.6763621467409131,0.0,12.524198005367564
656,0.5300566940001402,0.6347713083452465,0.0,12.908073974050097
9342,0.48636896578088024,0.7207877542701758,0.0,42.95534709559898
13803,0.5007581118076431,0.6916321052511053,0.0,3.9863945994083996
3578,0.48170384859651333,0.7304257757650215,0.2,64.10289487968379
14667,0.5148006429850003,0.6639755542613334,0.0,10.726856390593822
15578,0.5310064424293506,0.6329811251784863,0.0,20.31552877796987
8592,0.37890259152027733,0.970476121391958,0.0,40.046696556907534
21188,0.5167694388852566,0.660158463546251,0.8,6.212091198632077
2002,0.47894100644171383,0.7361778489854238,0.0,53.61583408959032
5366,0.4593575454601975,0.7779264060140337,0.0,31.70244627654443
8115,0.4625299927972965,0.7710438748408297,0.0,38.10884586704718
14987,0.5359949297053639,0.6236305774609946,0.0,19.30884987273638
14676,0.5313766813746045,0.6322841281122736,0.0,7.804915492083462
16774,0.4931013331641499,0.7070405821172002,0.2,5.1067068651421605
15126,0.4998658751236179,0.6934154662981099,0.0,12.05849519698944
11732,0.5470720101659129,0.6031748395831602,0.0,4.787097158069409
12764,0.45926736245799255,0.7781227494872346,0.8,8.976423862954878
16366,0.40435272902664426,0.9054676902936879,0.0,11.417947695496384
2851,0.4761094100433639,0.742107598130601,0.8,53.320432624233185
20304,0.5411027127682636,0.6141461609136295,0.0,19.465363554125794
4360,0.4802614046044024,0.7334247303912728,0.0,54.33577327736036
12694,0.44042090534976064,0.8200244062553236,0.0,14.597254161705399
13875,0.49852354579759894,0.6961044574006179,0.0,10.723489644233517
17614,0.3393994101300721,1.0805776641620952,0.0,73.44686515216213
13672,0.4797333886562593,0.7345247696937675,0.0,5.991519119398941
3602,0.5478143215394793,0.6018188787572607,0.2,28.947487149921507
13386,0.543838126512163,0.6091036379649432,0.0,9.021130099261033
3623,0.4559795990653864,0.7853072093602615,0.0,56.919069170655916
10478,0.46594074300256194,0.7636968138808371,0.0,10.776143420315464
11387,0.5289750450024845,0.6368140221449083,0.2,5.091964802037304
5562,0.4325610964039158,0.8380316992252771,0.2,78.02074991913841
8872,0.5023498069293508,0.6884585754088118,0.0,61.51377266227292
11545,0.414363062052159,0.8810127279842306,0.0,4.916800202582573
976,0.44692280144293606,0.8053694029906489,0.0,40.063103163782955
8895,0.4934181105422046,0.706398369962208,0.0,60.414718974200284
10724,0.40255800446852374,0.9099160820256325,0.0,33.34842579466118
17647,0.46683996594316646,0.7617687653898194,0.0,54.92352972815631
8875,0.5235295028115025,0.6471618934085256,0.0,25.613373461759707
4564,0.4432103341332713,0.8137108267331961,0.2,69.46648930501556
7422,0.4518194959667702,0.7944725241156985,0.0,62.97783735033208
11807,0.46826072008404623,0.7587300439871743,0.0,11.684442749760619
8667,0.4910519036090993,0.7112054467763591,0.0,49.670585798348796
13336,0.5510607710233384,0.5959101836726006,0.0,8.619840329448609
9309,0.4537522051864738,0.7902040334997921,0.0,25.531490393169214
19041,0.4451202174077491,0.8094108818221488,0.0,49.24455508590836
6537,0.4553145895900499,0.7867666932495685,0.0,53.327048509323944
7751,0.4406578667173756,0.8194865170657515,0.0,49.611717619515886
2509,0.4928249871335974,0.7076011636375432,0.8,50.92251514986294
18982,0.3925224242866099,0.9351616114512338,0.0,9.29690978096281
5953,0.4972917447637731,0.698578413512292,0.0,47.0073394199446
2301,0.4295995895453888,0.8449016912223222,0.0,66.75145579442776
11690,0.47591832989835714,0.7425090153153235,0.0,13.14229754779801
4798,0.49503785948352136,0.7031210355330902,0.0,34.17519761022258
6095,0.45313322003586726,0.791569112768929,0.0,65.22529609999836
14028,0.4540938352649665,0.7894514166916631,0.8,30.646504507928448
13277,0.42960742379038735,0.8448834552329105,0.0,6.522499895698553
15384,0.5720663196451999,0.5585003508875955,0.0,5.946353410602031
17229,0.4887067765358729,0.7159926083485691,0.0,8.464106323247098
19125,0.5341833961044785,0.6270160605855096,0.0,9.596480400642227
2964,0.4638955166354792,0.7680959317775448,0.0,37.65590422741551
20403,0.495982733902751,0.7012141635430529,0.8,24.126324352917003
6525,0.4647291270423042,0.7663005656165931,0.0,47.13131710674587
12683,0.5475488232705054,0.6023036463440308,0.0,9.970233802646552
10469,0.5104182482809839,0.6725247946890625,0.0,20.80455544727841
20352,0.5246004271927402,0.6451183972288027,0.0,3.0372496781941383
17231,0.5136443404501265,0.666224197680719,0.2,6.7185381299095885
1697,0.5266460989993493,0.6412264949246853,0.0,19.24000105359773
18483,0.48541459022071126,0.722751928002289,0.0,35.85210905770397
19197,0.5334543046294262,0.6283818639622347,0.0,22.165541974875673
10766,0.4532484249020863,0.7913149044727156,0.0,5.214844485841741
10714,0.55332515939893,0.5918094585793758,0.0,22.855681222608276
6448,0.45523141319745686,0.786949388890579,0.0,30.29755447426097
12302,0.508016400258896,0.6772415479505666,0.0,5.898773585550214
16899,0.32074109902690096,1.137121026372142,0.0,7.443935029219488
14957,0.4243564037032736,0.8571816020634321,0.0,4.70776999430368
6349,0.4558637605321984,0.7855612848713499,0.0,56.58398138702471
9689,0.4943538825401027,0.7045036568413692,0.0,24.622402000365405
7781,0.4379321512726561,0.8256912863750204,0.2,32.718010923085586
11032,0.4950107932756689,0.7031757120538527,0.0,20.258493229936384
11411,0.5116881530103455,0.6700399156565289,0.0,12.909994023792182
5220,0.4637295751839205,0.7684537087604922,0.0,59.9854975611546
3898,0.4486244195731961,0.8015692233057937,0.0,37.67375349537231
7833,0.507848032502582,0.6775730247744928,0.0,45.404169837590906
15305,0.5562795828727961,0.5864842642231692,0.0,7.5981965394866124
4560,0.4371724698835635,0.8274274938216727,0.0,44.50732565020027
12238,0.5004288224802754,0.6922899031666871,0.0,5.8528956355880375
1889,0.45218384191588074,0.7936664519397001,0.0,67.38624913310912
9506,0.47701345447067983,0.740210582054106,0.8,53.413598311756395
3713,0.4616745997929909,0.772894965509317,0.8,57.67341855240404
4194,0.4533371853839159,0.7911190917858472,0.0,40.912720934540445
18053,0.4959024158179609,0.7013761139160134,0.8,15.703109102772638
5616,0.46929353500978294,0.7565268320921587,0.0,49.711380330075585
1695,0.4297694065217642,0.8445064780383164,0.0,58.69320666673609
11628,0.5134099100469147,0.6666807079520503,0.0,16.193674052825315
15191,0.4562704544546071,0.784669543409015,0.0,13.072986592718895
10033,0.49973861695464494,0.6936700833404882,0.0,7.159368833573018
16773,0.49436186622650624,0.7044875072323159,0.2,5.289045730150592
2645,0.5564102038386745,0.5862494800667253,0.0,16.442537449903668
2799,0.45946637585149247,0.777689515377472,0.0,26.744741959167257
9112,0.5601281835074943,0.5795896223258233,0.2,20.369677541956136
8561,0.501608243924028,0.6899358545432441,0.0,46.78800166026381
17188,0.45204660853938006,0.7939699882284531,0.0,9.726529122722294
9180,0.48066192979590433,0.7325911046474528,0.0,37.39877533332981
10490,0.4564672799703843,0.784238257374912,0.0,54.59866664078455
20888,0.5098095423912653,0.673718069303834,0.0,21.990157370872268
7184,0.46912300216800334,0.7568902801707053,0.0,59.11312972640917
5906,0.48451645237684954,0.7246038907936988,0.0,18.15132691155326
10812,0.4981859988682746,0.6967817799847857,0.0,41.113609672245516
5313,0.4559795990653864,0.7853072093602615,0.2,56.919069170655916
15903,0.5702663630971269,0.561651723626732,0.0,4.891424655382204
9137,0.48111144742840606,0.7316563362791889,0.2,61.92007372975361
14128,0.4538592488551415,0.7899681535564808,0.2,9.875786974144981
10881,0.5358349947521164,0.6239290109172455,0.0,10.820176614574535
19783,0.49626396286269575,0.7006473106255436,0.8,15.686791926641833
13556,0.5058345737752691,0.6815455924455922,0.0,19.725632737380728
8899,0.43120005360205027,0.8411831350783354,0.0,31.165834512880537
19595,0.484868359441778,0.7238778487181543,0.0,22.495228181402354
20297,0.49879729295523,0.6955554923055975,0.0,34.36044238122997
7303,0.4425810873230372,0.8151315831343965,0.2,16.064202938278527
7244,0.4643126481166615,0.7671971430680652,0.0,45.544656759325775
11740,0.4961619458103154,0.7008529018980973,0.0,4.307266837470908
21165,0.602580198939411,0.5065345122028321,0.0,1.9945556043917714
7502,0.4931643554791045,0.7069127822438678,0.0,34.62494101293738
3701,0.39492142013852455,0.9290684702296429,0.0,72.51379339260065
17043,0.5377787155570773,0.6203081128047168,0.2,46.38043906150702
14850,0.5818908130127296,0.5414724553583388,0.0,8.735528849766688
20413,0.5019450736723958,0.6892645802718925,0.0,24.315186892737152
5693,0.5157312801018624,0.662169424147361,0.2,52.900709839024756
12744,0.4912273873999646,0.7108481475960986,0.0,11.86476675963861
6237,0.5343188923273572,0.6267624416179661,0.2,55.67217076853417
20360,0.4734223655247672,0.747767338563723,0.0,4.654851789528152
7371,0.4916671357432764,0.7099533448226601,0.0,48.32652396541791
18090,0.4994031170280348,0.6943416596100178,0.0,8.642470986794718
11988,0.4817976181608876,0.730231132439805,0.0,5.757142577031586
16090,0.5264972635212566,0.6415091449121046,0.2,4.369543459436199
17474,0.5024614004389573,0.6882364570461843,0.0,33.998882028246996
12224,0.43879507610011403,0.8237227719290847,0.8,14.03953183287044
3457,0.4425746488859074,0.8151461307148199,0.0,20.96351962160695
14065,0.5253749888985378,0.6436430067874055,0.0,25.134583024012322
5624,0.44514729203191217,0.8093500582519649,0.0,26.54668129317936
14450,0.5362325849881964,0.6231872848137393,0.0,4.360441641635885
13988,0.5575222276350769,0.5842529062452111,0.0,23.259400965954388
11575,0.5163760827625291,0.6609199364142883,0.8,8.397318020160467
16573,0.5697914409946003,0.5624848781006441,0.2,9.369873363322801
16711,0.49495152933370035,0.7032954417459547,0.0,11.59136493383966
14903,0.5020852334154211,0.688985386022583,0.2,7.739717336512957
17161,0.41900935903465397,0.8698620227112379,0.0,35.490369862966446
1276,0.46361848520795207,0.768693295127779,0.0,39.47624381940722
2655,0.45523141319745686,0.786949388890579,0.0,30.29755447426097
1350,0.4910984611333094,0.7111106394517043,0.0,15.92532173970563
11948,0.49743680584008376,0.6982867538886671,0.0,4.3520720804016335
19272,0.4651445626854565,0.7654070342146793,0.0,24.263403568564556
9362,0.5081205910370671,0.677036475643528,0.0,21.172284878104918
12087,0.45264815940042086,0.7926401453443978,0.0,8.269812946086706
11613,0.510134387780778,0.6730810825227238,0.8,12.682867115276547
935,0.4920712313541183,0.709131793794285,0.0,33.407199238468465
14149,0.45914299543477227,0.7783935805442053,0.8,5.0880863534273075
16662,0.4654930382286693,0.7646581378469477,0.0,4.536334224114485
6150,0.4518511829188866,0.794402394691629,0.0,48.77630824622788
11291,0.4678425900537571,0.7596233856804865,0.0,14.041637299074488
11757,0.44946208621165296,0.7997037752092523,0.0,6.385634751817853
11718,0.554879934624504,0.5890035226491825,0.0,5.572032467500192
11481,0.5020032972548831,0.6891485910751597,0.0,6.554974595105277
18557,0.49725316047094476,0.6986560053689183,0.0,17.198115684468416
19824,0.4615509678947808,0.7731627914952433,0.0,16.998215232064492
7083,0.4768043538370667,0.7406490319030009,0.0,59.640764424129884
18063,0.49338378195580745,0.7064679453991258,0.0,19.03719208040514
19199,0.5046476678727534,0.6838947805845673,0.2,6.507258745952353
16452,0.41372734805160405,0.882548101701117,0.8,6.523354500773017
2348,0.4514656947096132,0.7952558897213826,0.0,44.560176611584716
20698,0.4950905851917971,0.7030145327685062,0.0,34.728918991479254
1540,0.4640353903900753,0.7677944572720692,0.0,52.394292124060094
21027,0.5303976310543133,0.6341283064584802,0.0,13.950822742086565
6159,0.4286680268905576,0.8470724897071156,0.0,69.93811403013896
4358,0.4839859198358956,0.7256994639368135,0.0,45.66826748700957
19464,0.4883174457134324,0.7167895811035571,0.0,25.916245559983906
16308,0.4318914680408562,0.8395809536888252,0.0,10.964926806791453
3333,0.4956120811165149,0.7019617527758419,0.0,14.78682469711113
4754,0.4743490218295214,0.7458118952735078,0.2,56.74510021412025
5884,0.4445561850033405,0.8106788315585836,0.0,65.82712174105586
2293,0.4220760737462416,0.8625697116518696,0.0,42.214160503683274
14736,0.4174870334028149,0.8735017928913364,0.0,34.78284112636143
20645,0.5126870319763677,0.6680896941024471,0.0,9.914451162422713
11307,0.49081938996134133,0.711679060077057,0.0,8.187867837309255
20757,0.5354136549368678,0.6247156440431734,0.0,9.187692987666907
3196,0.5495552027480499,0.5986460502241704,0.0,19.76729285244052
20355,0.5068076618595367,0.6796237125366904,0.0,3.1568523748225132
14857,0.4873034405928011,0.7188682686347184,0.0,24.384010355802534
11110,0.4666981625600454,0.762072563124228,0.0,5.837171201024683
1339,0.44265166681548335,0.8149721233939705,0.0,45.18205651063977
19728,0.47633462199077276,0.7416346843550268,0.0,19.111555541676328
18156,0.5186024285038189,0.6566177230813278,0.0,10.111913311172122
11566,0.4359572401979075,0.8302111133831471,0.0,6.140656591981566
8382,0.4008833950624714,0.9140846793422048,0.0,96.10686262812641
11485,0.5307755058685922,0.6334161232772392,0.0,24.596498224868185
5717,0.5017138607591302,0.6897253202890913,0.0,43.787212379527894
14887,0.5459770881458561,0.6051782672205352,0.2,7.026120051801915
20092,0.47113172833292444,0.7526175460790937,0.0,24.083761474531
13819,0.4962133748992477,0.7007492534338418,0.0,15.829925407853054
9937,0.5255445139488809,0.6433203844526707,0.0,45.28332146897189
16080,0.5502573208436973,0.5973692540867022,0.0,5.559715601069889
13737,0.5173492529484062,0.6590370949287289,0.0,11.800059637223754
4833,0.48469721138443544,0.7242308894289013,0.0,51.18501755784329
18120,0.5266460989993493,0.6412264949246853,0.0,19.24000105359773
18364,0.49726903159906083,0.6986240882769841,0.0,24.475246799438807
17747,0.4284868859994265,0.8474951458480385,0.0,53.604067974888444
4886,0.4423293529385153,0.8157005319903691,0.0,34.83857208616311
14531,0.5188620239091009,0.6561172810467193,0.8,5.639655771370198
18402,0.47281992812315693,0.7490406646178461,0.0,7.503140486059861
6417,0.4768692931119598,0.7405128442769692,0.0,39.24718074667936
5351,0.5032113990580025,0.6867449207165497,0.0,22.81023264638916
8903,0.46070149586605963,0.775004960103797,0.0,30.48869820514905
15556,0.515648966198484,0.6623290430732586,0.0,11.669905417253446
12783,0.5073598440594537,0.6785347755489477,0.0,6.292731945881345
16941,0.4540938352649665,0.7894514166916631,0.0,30.646504507928448
18435,0.5101084927969841,0.6731318449133122,0.0,7.044325180703858
19096,0.5175135519648656,0.6587195668137752,0.8,20.759546746085608
15784,0.5054607128005353,0.6822849630265254,0.2,4.871801005748044
14294,0.4942258664729995,0.7047626467062669,0.2,23.54964314069131
7932,0.45523141319745686,0.786949388890579,0.0,30.29755447426097
9403,0.47394054026672733,0.7466734076308847,0.0,49.37751609249666
9463,0.46357177851276815,0.7687940440183809,0.8,54.23841921895347
16955,0.3550127555921157,1.0356015589068366,0.0,6.956135679078234
1629,0.5281152947009554,0.6384406579371552,0.0,14.98707503478004
12772,0.44675127832378825,0.8057532635616049,0.2,6.844833923582664
14657,0.44385644041190964,0.8122541012387137,0.0,26.407193212410466
2560,0.4470662766166439,0.8050484255235616,0.0,54.90027406188198
19301,0.524589395786768,0.6451394256561302,0.2,10.495773042827295
5660,0.5085712192263617,0.6761500158250173,0.0,43.8889025826448
13962,0.4813627442451759,0.7311341470617446,0.0,11.84802949461832
9307,0.5330924267201027,0.6290604613693123,0.8,17.6860347274177
10000,0.5200451258777845,0.6538396906376758,0.0,52.33005954041837
10495,0.5171343202643531,0.6594526311300012,0.0,11.604223257898473
19916,0.4834680694831027,0.7267700066354172,0.0,8.652197428028003
2209,0.42636815657309374,0.8524520886257986,0.2,67.94042886199881
8898,0.5008151157472817,0.6915182764503109,0.2,60.11713967493074
16575,0.5616182397757261,0.5769329485648116,0.0,15.737807987101387
9006,0.44306255444290266,0.8140443124883017,0.0,53.625169085166874
10053,0.5211733717627871,0.6516725252845124,0.2,20.46447223195967
12105,0.49697280619222717,0.6992199702934901,0.0,13.220500441379786
611,0.4513046294144516,0.7956127142482119,0.0,61.85490658439954
5812,0.433823741933891,0.8351169519489411,0.8,89.33663466045063
10255,0.49697280619222717,0.6992199702934901,0.0,13.220500441379786
1928,0.4740298114844225,0.7464850658377175,0.2,32.18881112670952
10828,0.4659987334278164,0.7635723628262441,0.0,13.187658026415086
14632,0.5556461464586386,0.5876236145699973,0.0,23.39359055342147
6660,0.47582684397733715,0.7427012640890771,0.0,43.82308888086653
18778,0.4363751175693594,0.8292530441342074,0.0,10.499006529306293
19992,0.5397786311112005,0.616596165859834,0.2,4.858962793580357
11958,0.4535328064397896,0.7906876714925932,0.0,4.882440816204964
8952,0.5086053056436927,0.6760829941891257,0.0,58.12285454620978
9308,0.46224518829377415,0.7716598180848743,0.0,39.698039105884476
14430,0.5142789751228323,0.6649894076069324,0.0,12.609861070981468
88,0.446142771854371,0.8071162619229468,0.0,65.18674440158213
6059,0.408915081477642,0.894247769245379,0.0,84.14871372147635
19869,0.5177637716507233,0.6582361800245117,0.2,6.126862421420505
5014,0.4915520405684302,0.710187463884096,0.2,49.83030405362364
3722,0.45853004257665925,0.7797294658189803,0.0,63.158086731337406
2463,0.5111379992864497,0.6711156679253101,0.0,18.401656292207527
9035,0.48071534585133496,0.7324799806239529,0.0,34.6023499257401
11154,0.6012571749000545,0.5087325243276635,0.0,1.9998275502210543
9171,0.49829359352613994,0.6965658304377911,0.0,45.9872764443655
16446,0.39943422015192537,0.9177061827724887,0.0,2.1790016194286324
8505,0.4938088961843787,0.705606686469106,0.0,35.7036999503423
8239,0.48152158567947145,0.7308042186772026,0.0,73.95738469989541
834,0.4825254884484051,0.7287215337985266,0.0,66.14240957044693
6796,0.49092277595438233,0.7114684426725845,0.0,49.80279098708091
10739,0.47214376142337144,0.7504717604846325,0.0,5.64883829957099
5365,0.45810233892974633,0.7806626723837532,0.0,24.290318872540976
6176,0.5065831808306427,0.6800667420631262,0.8,44.272346464858764
15941,0.5114586069965747,0.6704886216029184,0.0,11.530057463739876
12465,0.3160668438891473,1.1518015564700448,0.0,7.5388289298797275
5431,0.3871265089292369,0.9490037429133845,0.0,45.552179659842466
3992,0.4419769508809497,0.8164975455923262,0.8,63.784787389559064
18961,0.46996328058033016,0.7551007137548903,0.8,24.351242612550514
15852,0.5041102633274576,0.6849602583954765,0.0,8.551078628043921
4839,0.45542548408404215,0.7865231671376826,0.0,51.05714911447836
2462,0.5112162467346849,0.6709625948614625,0.0,16.995483756410053
16679,0.4836799676947088,0.7263318147416199,0.0,15.206845745639908
12180,0.49403610551656707,0.7051466763748021,0.2,9.74230680627472
3049,0.4526494394690309,0.7926373173934308,0.0,47.368004757016
15,0.4727165949958959,0.7492592349747722,0.0,59.85007678422828
17351,0.4797333886562593,0.7345247696937675,0.0,5.991519119398941
19404,0.49183127066908927,0.7096195671037202,0.2,6.032476226889011
4484,0.4565320038213031,0.7840964744574963,0.0,54.30652050484629
7775,0.4540350371521368,0.789580909574662,0.0,35.25478881731351
19208,0.5088825828402052,0.6755379710856283,0.8,39.19673889228588
18943,0.49538738352520983,0.7024152294994381,0.0,27.633013226061863
12777,0.4763878682991148,0.7415229071923374,0.2,27.611715453747035
20694,0.5484139641429872,0.6007248681918576,0.0,20.461290230464897
857,0.4841060506186443,0.7254512834187808,0.0,57.98821874880079
7456,0.4749328541711036,0.7445818445794933,0.0,64.26113632366152
6651,0.48305164211801116,0.7276317115460587,0.0,44.22181560379489
5582,0.45627758857967,0.7846539077937342,0.0,55.71042745335513
15755,0.5046985310057284,0.6837939962687903,0.0,5.898749323558986
12056,0.46292961866017635,0.7701802479839235,0.0,5.243002133635705
19648,0.4983278697396637,0.6964970456186784,0.0,25.08085744368144
19580,0.5238991172608712,0.6464561375075936,0.0,31.04443927161014
4998,0.4638415696190388,0.7682122298479798,0.0,58.211282888929496
3914,0.4701759302902812,0.7546483345516432,0.0,60.60977139036683
220,0.47132454228493903,0.7522083728140502,0.8,22.239039509246396
11655,0.5124997263035563,0.6684551020115577,0.2,18.657249564308845
7917,0.5143108356887652,0.6649274576136343,0.0,46.45183259472799
6604,0.4559316618227059,0.7854123451224364,0.0,48.30678412955602
6542,0.4388557929224838,0.8235844097976047,0.8,52.7094037979093
20457,0.4830216233605861,0.7276938574691628,0.2,20.229889723430784
4606,0.48669305484402564,0.720121632135595,0.0,56.34231495994319
18733,0.524717701323939,0.644894872773254,0.0,15.875698497262524
16839,0.5373596636987482,0.6210876438634807,0.0,8.297730412624915
7978,0.49854758849064124,0.6960562307651851,0.2,56.996565943143715
6906,0.5535955969816099,0.5913208281394788,0.0,16.083926412608328
11659,0.573627519133993,0.5557750146725237,0.0,9.203911681020283
11095,0.4728248886676754,0.749030173269656,0.0,22.733065508718266
6130,0.38246150869877715,0.9611272616320407,0.0,51.46836046070433
18123,0.5552280568627175,0.5883763363712806,0.0,16.00383623707495
12994,0.4727973705278152,0.7490883743951063,0.0,12.664462498839232
11292,0.4678425900537571,0.7596233856804865,0.2,14.041637299074488
861,0.4886820304856589,0.7160432454134538,0.0,50.23186605817128
2388,0.44921005969721567,0.8002646616731129,0.0,66.51399564541103
8521,0.4318434068656765,0.8396922405585016,0.0,68.8967476971907
15574,0.5267604937628972,0.6410093047821828,0.0,13.022103757671836
12697,0.46761865835670213,0.760102147792146,0.2,8.947542879267424
18821,0.4905894601147416,0.7121476310519139,0.0,16.212753500986885
8273,0.4467241989549632,0.8058138793692505,0.0,65.8551380618776
17768,0.48134786992817874,0.7311650479716948,0.0,30.995184871536246
7527,0.4724136631050302,0.7499002723315659,0.0,28.20374397880795
20631,0.5144364130785047,0.6646833210863896,0.2,22.82522407974642
19861,0.49060991144020505,0.7121059446708188,0.2,23.883320963204234
1690,0.47237614243962445,0.7499796988139543,0.0,59.728570147722714
17112,0.4513547688374321,0.7955016215744323,0.0,10.512951582809778
3726,0.44895723029172996,0.8008276512519626,0.0,52.08182923188984
20231,0.5251970945338296,0.6439816686826032,0.0,2.89344174631733
5427,0.4678339817428337,0.7596417858653006,0.0,44.063022600501725
13117,0.5660475791212166,0.5690771422603509,0.0,10.610442492518576
16310,0.4670151511174513,0.7613935783331992,0.0,13.009169927139165
18997,0.49287328321244345,0.7075031700012802,0.8,46.03369548343596
10479,0.47212098765594934,0.750519996463893,0.0,10.403144885849184
20991,0.4430303226095509,0.814117062950924,0.0,11.18556181188281
12587,0.4262591370380152,0.8527078147478441,0.0,6.322828617128428
16703,0.49495152933370035,0.7032954417459547,0.0,11.59136493383966
1754,0.5664188112171966,0.5684215252593617,0.0,16.299486803140987
7741,0.46618884530428456,0.7631644795129683,0.0,28.3324842131604
15223,0.6124133949104671,0.49034774262516445,0.0,6.601159461575307
9060,0.45610219466839624,0.7850383834619914,0.0,55.81622786627407
18614,0.46956205878981055,0.7559548084729291,0.8,58.96447506088847
4211,0.4472026434376982,0.8047434460726308,0.0,40.80451483678938
5729,0.45340846913715477,0.7909618619099049,0.0,39.152612164540294
11829,0.6211423216415404,0.476195041919357,0.2,3.8162272639445787
15688,0.5619406738388728,0.5763589972248488,0.0,1.3682878182548293
14247,0.5315523844646508,0.6319535263867334,0.0,7.408075116640027
4918,0.5123517916974278,0.668743796724026,0.8,34.09322682730901
12897,0.48627480081242386,0.7209813811086645,0.0,11.838513989020072
8956,0.5034585290913837,0.6862539354761342,0.0,58.553930382180916
14710,0.5248674978742166,0.6446094332464598,0.0,15.515426733853745
20947,0.5940953551669113,0.5207154419191219,0.2,2.1069447873422344
3468,0.4532944761641245,0.7912133069376763,0.0,56.06142151911958
17547,0.46401129696444904,0.7678463801461227,0.0,10.98884093669141
19602,0.5376262207676925,0.6205917172131699,0.0,15.190223313082479
14142,0.4264226020788622,0.8523244007837575,0.0,31.758883526912108
3490,0.4753593670717513,0.7436841987401344,0.0,57.44402694813924
6560,0.47492811294941656,0.7445918275598477,0.0,16.02733809408838
3059,0.4529801376913274,0.791907000616384,0.0,33.675846409565935
3830,0.4910984611333094,0.7111106394517043,0.0,15.92532173970563
20785,0.45000956993901287,0.7984864299127614,0.0,13.502803670393543
17528,0.5083886056209798,0.6765091521505298,0.0,22.94719049255952
5929,0.468126664106082,0.7590163698842196,0.0,43.26393308340052
8634,0.482084003289144,0.7296368994337793,0.0,20.7253366294184
5128,0.44679636697019576,0.8056523430417352,0.0,61.04427532775085
19292,0.470796017723731,0.7533303621625218,0.8,26.603862142091273
14866,0.5054228565920981,0.6823598602938292,0.0,21.49433559925562
432,0.47957313765895354,0.734858867282808,0.0,58.15672750497506
7567,0.49351683235559624,0.7061983125735597,0.8,36.54223092981766
19132,0.5143834466122046,0.6647862865683407,0.0,8.858276824730414
7627,0.5081697967966644,0.6769396415885672,0.2,49.450440301580876
10551,0.5162869502315236,0.6610925629698616,0.0,7.655782193460626
8726,0.4931102182448972,0.7070225635070251,0.8,36.197082571329645
2927,0.4221806146467082,0.8623220597174801,0.0,42.383130550913194
1612,0.49584296183688054,0.7014960115883215,0.0,51.80197383205798
5048,0.4949306607369368,0.7033376055447905,0.2,54.18337239696883
16689,0.47428645058580876,0.745943813688163,0.0,14.63392504831132
3081,0.49041673545136494,0.7124997688181016,0.0,52.3865465895393
4573,0.47035515602856187,0.7542672185139978,0.0,62.01207948522037
1187,0.469315887373701,0.7564792034121365,0.8,76.66159970347633
14376,0.523103888835682,0.6479751944223813,0.0,6.899315598351947
7293,0.48484527560022334,0.7239254583231446,0.0,35.04523132696117
6841,0.5163449829435075,0.6609801652990545,0.0,42.90422495014328
19750,0.4837789877659799,0.7261271134030092,0.2,16.69438859166652
20319,0.528285641681753,0.6381181535235235,0.0,9.472225631131767
18647,0.49418671337348585,0.7048418709094639,0.0,9.37827353489594
20014,0.4195512142523018,0.8685696764924329,0.0,5.907185959999383
19214,0.5000325822598904,0.6930820181632795,0.0,23.977171942457
20702,0.5163176013719141,0.6610331963123123,0.2,33.07082933449976
15134,0.4564612946305588,0.7842513697694456,0.0,13.405993929018951
6294,0.5312841557617157,0.6324582676117059,0.0,14.435859234446141
2474,0.4302569871994142,0.8433726041631687,0.0,66.10776337896823
14845,0.5963902443063821,0.5168600538605155,0.0,13.353596087337216
1469,0.4356661833153826,0.8308789634787077,0.0,55.75197718160061
6021,0.4513046294144516,0.7956127142482119,0.0,61.85490658439954
8941,0.4882309059371557,0.7169668171336153,0.0,38.103201824767346
8360,0.4499991885171727,0.7985094995145694,0.0,61.64093752526942
17964,0.3808051437089533,0.9654674685170961,0.0,66.68725009864204
14220,0.4540938352649665,0.7894514166916631,0.8,30.646504507928448
681,0.4773084752931719,0.7395922983854842,0.0,38.49577574537959
1071,0.4424954063073007,0.8153251958144772,0.8,34.40672388541469
15073,0.49462095604125533,0.7039635551173898,0.0,15.009558816906665
6187,0.498180798304009,0.6967922190405238,0.0,48.95313809294638
18913,0.5207649864191042,0.6524564207259049,0.0,19.497028793227955
3728,0.44733569396581685,0.8044459730107474,0.0,49.24014034021341
14055,0.47810594846217036,0.7379229215488544,0.2,5.082074958734115
18383,0.49350954774178923,0.7062130733012444,0.2,17.741485317779873
2910,0.46462771512300444,0.7665188066949413,0.0,45.994961814460375
16907,0.47048580287059355,0.7539894949696822,0.0,5.090560173080026
13445,0.5538124783642425,0.5909291362415526,0.0,15.97015611087885
10131,0.4540938352649665,0.7894514166916631,0.0,30.646504507928448
14080,0.47131449560158,0.7522296888914788,0.0,8.556236623556646
6511,0.4894924773549678,0.714386185148113,0.0,34.311967600610416
15593,0.5318850589988738,0.6313278674970264,0.0,4.599090960524908
16970,0.5248280784651561,0.6446845396105668,0.0,10.20535652025929
1614,0.500694931866094,0.6917582817943431,0.0,51.22470287794984
8709,0.541697903926953,0.6130468057609685,0.0,21.487290074204353
6609,0.5066055545878511,0.6800225770296435,0.0,37.690253407132204
11837,0.5538229026438257,0.590910313658305,0.8,4.216145082316646
5772,0.42636815657309374,0.8524520886257986,0.0,67.94042886199881
20533,0.4869614577740465,0.7195703011792007,0.0,21.47917307845771
21167,0.6042533206532062,0.5037617639180615,0.0,1.980438644686694
20557,0.45566442697989923,0.7859986461251378,0.0,4.86768967691909
6673,0.4497339524552748,0.7990990878213745,0.8,44.82945760745068
10310,0.5447573386353031,0.6074148336826541,0.0,16.938674846212972
1242,0.4906943388391644,0.711933872860993,0.0,54.56830935552817
3863,0.5553776829069764,0.5881068869351644,0.2,23.41282986844589
1455,0.45056106394151124,0.7972616640794339,0.0,53.84705352183981
1819,0.48194314445543746,0.7299291294504101,0.8,52.456355328656876
19099,0.5051671643077198,0.6828658860501625,0.2,23.852505608126307
12279,0.40526784827979856,0.9032070766963518,0.8,7.2256566135708145
6521,0.47197709583038916,0.7508248203570694,0.0,73.39312618990354
6638,0.45759016452746365,0.7817813327501104,0.8,54.021091882388106
9930,0.4955776694739421,0.7020311878009037,0.0,42.75721131407883
2767,0.3986759848759436,0.9196062599781831,0.0,20.127881839871506
9977,0.5308339672076609,0.6333059860928782,0.0,7.751665426808421
4999,0.4579853778769167,0.7809180214105318,0.0,59.174064263969385
19566,0.4877079319321169,0.7180385524407963,0.0,4.853222278755024
11612,0.5526037422217825,0.593114094489362,0.0,16.372914872510435
17636,0.39552437096822707,0.9275428730199899,0.0,20.30159445631027
14432,0.5188620239091009,0.6561172810467193,0.8,5.639655771370198
11279,0.5422314913498625,0.6120622629146611,0.0,4.255362947122068
7272,0.45179019435035844,0.7945373787022219,0.0,61.79514281001356
14933,0.44704442451142773,0.8050973056123312,0.0,8.850032377639751
19828,0.4912200559410369,0.7108630724838928,0.0,18.439788479874014
6829,0.5011327634328129,0.6908842161308596,0.0,40.4374523267747
16550,0.5477393578788462,0.6019557294879156,0.0,5.0112816202078125
207,0.45340846913715477,0.7909618619099049,0.8,39.152612164540294
9916,0.530826310933094,0.6333204093028725,0.0,47.537028376081196
14286,0.5057298295861996,0.6817526859120996,0.0,19.440177422674704
5147,0.5047705390424191,0.6836513311016259,0.2,33.030614427284256
12447,0.4187077022492608,0.8705822104986735,0.0,11.59746076439173
3835,0.4176821165152697,0.8730346225797367,0.0,79.5334527848689
16416,0.40684232831096523,0.8993295683255603,0.0,2.1350263641969094
13225,0.5167488714993712,0.6601982642651767,0.2,4.254746858134497
5632,0.4549547198440289,0.7875573818096246,0.0,15.296327720298322
5096,0.5623780442605048,0.5755809786138388,0.0,49.39636160465346
13983,0.6055715447567162,0.5015825648242482,0.8,19.968253247990795
2257,0.46987042353242586,0.7552983169006385,0.8,43.973466050715764
12799,0.4999000089223422,0.6933471827143585,0.0,4.580598265753883
20977,0.47419035166226786,0.7461464521156753,0.8,26.816503887522572
594,0.4670671304624152,0.7612822833305156,0.0,28.319698616646036
12740,0.5100081154536656,0.6733286407361242,0.8,5.21728688541333
3278,0.5304162220738524,0.6340932559743896,0.0,52.66144684377211
18392,0.5460982885876502,0.6049563037098219,0.2,10.469373355842123
13462,0.46340220955469796,0.7691598988582025,0.0,8.306927237756204
19520,0.5115682643490794,0.6702742433573492,0.0,22.46692112044483
11536,0.49269363645512404,0.7078677251739915,0.0,4.857034245064482
12373,0.4960853588991586,0.7010072725090235,0.2,11.660554847905093
7014,0.44811679669950505,0.8027013736267571,0.8,65.82151263739408
13474,0.49589420259103595,0.7013926762369019,0.0,11.419899344776745
17985,0.5131184496905614,0.6672485643807998,0.0,32.635127182050866
21091,0.5011209201572652,0.6909078494200002,0.0,3.898793081252002
6789,0.4926148645272719,0.7080276180967491,0.2,46.90328610365304
6826,0.49942162376501825,0.6943046025844363,0.0,40.99521398828834
20561,0.44778311888020456,0.8034462734284581,0.2,9.984828762250942
18558,0.4963855669863168,0.7004023014444123,0.0,15.681306416334095
16001,0.4452418137334551,0.8091377427568943,0.0,5.7076575571551285
1795,0.49203184224969426,0.7092118445643752,0.0,42.51015969466288
12271,0.4842245360156827,0.7252065624541327,0.0,12.604814600835287
12807,0.47210752810842,0.7505485055531771,0.0,4.9977898821317
5377,0.4566622908664881,0.7838111309181709,0.0,29.147974936018393
15294,0.5562566101867213,0.5865255620905488,0.0,9.824302885339511
17393,0.5077534134593092,0.6777593558277278,0.0,22.074622012473352
17470,0.5039660512904295,0.6852463717301926,0.0,23.163726500527773
13383,0.5261832254810174,0.6421057894834369,0.0,21.697395742861378
144,0.4392642313621203,0.8226541532089938,0.8,60.21828150435711
2313,0.5041610256131265,0.6848595666743721,0.0,14.99842359578258
3986,0.42015847063541567,0.8671233278319282,0.0,73.6361114117371
5518,0.46869512157275545,0.7578027825293313,0.0,47.82114135383067
19232,0.5145621790627108,0.6644388776327389,0.8,30.20539076887235
20122,0.5296136711503201,0.6356074605869276,0.0,20.469738219709004
3216,0.48370428333189525,0.726281543844268,0.0,58.13756535082811
4247,0.49512337616474844,0.7029483026924963,0.0,36.98913893684936
15896,0.508016400258896,0.6772415479505666,0.0,5.898773585550214
7855,0.47518072067903067,0.7440600827183614,0.0,16.034494214907895
18644,0.4761881084844695,0.7419423169243526,0.0,9.201568577702112
14806,0.3599823045140078,1.0217004028678411,0.0,7.922724530001439
12806,0.5287115604385094,0.637312250198606,0.2,4.183317844909943
20932,0.5070262911470957,0.6791924204295369,0.0,25.19362414047591
19054,0.5229347587463352,0.6482985669692974,0.0,20.87845529978497
6097,0.49986701912948545,0.6934131776750705,0.2,8.164940067930404
1733,0.5344271938631888,0.6265597713343474,0.0,17.61886010068381
8128,0.5017138607591302,0.6897253202890913,0.0,43.787212379527894
15472,0.5384372447209104,0.6190843263709043,0.0,3.822845833421298
14859,0.5283090599489275,0.6380738257086249,0.0,19.264725802583385
19632,0.5307933575097303,0.6333824907136709,0.0,6.936488006371862
13559,0.5550970230245041,0.5886123642539166,0.0,15.36396063231366
16397,0.44866154007651116,0.801486483789061,0.2,5.40201909947111
11098,0.4651528456074606,0.7653892271737684,0.0,9.690784075179698
9078,0.45240236701720005,0.793183302620349,0.0,59.260708707324504
20105,0.500953121576447,0.6912427519828811,0.0,20.30318193193322
4089,0.46575773954368477,0.7640896522607612,0.0,32.04592188126958
11141,0.5985552183719884,0.5132364969667551,0.0,8.377515754512821
3335,0.47858867598069527,0.7369137645050936,0.0,48.59946333133151
20127,0.5869408788053407,0.5328311817641425,0.0,14.42986818554929
20380,0.49338378195580745,0.7064679453991258,0.8,19.03719208040514
1153,0.45661472203548,0.7839153026653607,0.0,58.87203803400877
16294,0.41473036404286534,0.8801266951122402,0.0,13.774422264378408
10987,0.5275386118506793,0.6395332184895524,0.0,4.197480172944509
17601,0.5600219107799306,0.5797793696256263,0.2,16.58748811885841
12989,0.4773480647971468,0.7395093586006819,0.0,12.516564881682664
5640,0.5094912031896651,0.6743426920431588,0.0,35.708130988829254
8474,0.4884056876396148,0.7166088913596385,0.0,50.270114822337035
9979,0.496502465614826,0.7001668295176471,0.0,20.295035095402188
16791,0.3909210664118462,0.9392496155610476,0.0,5.576324777689433
13128,0.5195220273915284,0.6548460682031083,0.0,8.466831994024217
18878,0.4305345319529852,0.8427277447355056,0.0,26.73090395932035
14651,0.5211874325627802,0.651645546526417,0.0,8.343343558570373
3635,0.5154634534040757,0.6626888734717352,0.0,41.36503574072871
19326,0.5003756563615902,0.6923961499308838,0.0,11.44738554152474
8191,0.4449802451152017,0.809725390800842,0.0,74.9805699526151
13458,0.5247641049580506,0.644806441256168,0.0,10.025127309118208
2027,0.4408867649825136,0.8189672052531645,0.8,66.66393175725237
18869,0.46679596451086325,0.7618630236138241,0.2,68.42672932589275
12604,0.48854773347207914,0.71631809789826,0.0,11.122629715983786
20224,0.5037681802050573,0.6856390766353767,0.0,3.8790029322118404
9774,0.4910984611333094,0.7111106394517043,0.0,15.92532173970563
7770,0.4534847396130512,0.7907936602399832,0.2,35.19031788067926
9012,0.48649883845715464,0.7205207649084555,0.0,57.027416580935515
1463,0.4772255718121502,0.7397660029934687,0.0,23.851536602952727
2582,0.4663641572241673,0.7627884967613764,0.0,45.614754434176064
7438,0.46812850445965803,0.759012438576521,0.0,39.03600994762269
2563,0.4423607810322674,0.8156294831732555,0.8,58.032038972328955
15199,0.5235853035853113,0.6470553133591924,0.0,11.459672974212129
16694,0.45651383974116033,0.784136262339503,0.0,10.085482077122494
14184,0.4899226356212099,0.713507786830175,0.0,28.411881214740376
5996,0.4663573553407052,0.7628030817867469,0.0,38.17829366145411
14502,0.43296868929847876,0.8370898646831837,0.0,9.494440896955096
10992,0.5641661411752372,0.5724064943113928,0.2,3.7653756635158073
16847,0.5242906558421428,0.6457090617212633,0.0,8.348695072132983
13171,0.4566587307006777,0.7838189270067889,0.0,11.495880738459824
20101,0.44741284613983845,0.8042735174642902,0.0,29.181053345147316
12506,0.38402233844953665,0.9570545550407279,0.0,9.022631826773647
9008,0.4357588183665184,0.8306663575715879,0.0,45.00134611895196
17431,0.4536833306600366,0.7903558338731491,0.0,64.8222211301973
319,0.4478299047653516,0.8033417955257157,0.0,61.8573182554801
7721,0.5397697758733397,0.6166125713082672,0.0,16.485138646372114
1250,0.4894272026488537,0.7145195458467367,0.0,50.80376687352975
16858,0.5592653758611632,0.5811311852729668,0.0,8.213417664693305
14914,0.5550457047663834,0.5887048176959337,0.0,3.91017737555622
212,0.48993425706251137,0.713484066139146,0.0,54.256897224848714
12065,0.4286715154232098,0.8470643516649979,0.0,3.9558749539699294
6547,0.4953790563221099,0.702432039118265,0.0,46.36051458180549
9296,0.46205719038987014,0.7720666068389272,0.8,38.62263318519748
10961,0.480923263149428,0.7320475576754839,0.0,12.112092196706431
18226,0.5388681594582535,0.6182843401113852,0.0,22.170439745068535
5272,0.4747121751078886,0.745046605748948,0.8,35.05071620323818
9228,0.4934658439243872,0.7063016344098589,0.0,31.854203981317326
5165,0.4828508803057166,0.7280474094255546,0.0,59.5724798317021
2789,0.4834822777271905,0.7267406188925413,0.0,30.495491158492264
13394,0.4606695356308427,0.7750743354892546,0.0,4.816699419461211
5974,0.45981254246068853,0.7769363889461735,0.0,58.46446030442243
12466,0.5115312092336884,0.670346680332177,0.2,5.2464682527050694
16120,0.6041450690972766,0.5039409292614406,0.0,5.818199556443247
19194,0.4800122642558103,0.7339436248736717,0.0,18.048774158320896
16249,0.47078272611454464,0.7533585947649977,0.0,5.463733072025985
17766,0.4732123734512081,0.7482109987599054,0.8,36.961624480418706
20481,0.43723105726165623,0.8272934884651946,0.0,6.003048099536574
6889,0.4726095176416325,0.7494857755374201,0.0,36.76227671829819
18922,0.5007574568566625,0.6916334131708243,0.2,20.984849774218304
1215,0.48898403794728623,0.7154254322746229,0.0,48.291216678537054
20985,0.6084137845713022,0.49690006176737156,0.0,1.953463234719362
4911,0.45261943434329577,0.7927036073689598,0.0,51.41871779858998
8323,0.45509389426073144,0.787251520308095,0.0,51.65550682326496
15041,0.46510887628299247,0.7654837582577984,0.0,10.572861331786456
21012,0.47940322662302026,0.7352132264600303,0.0,7.827080292159685
12707,0.4587288856183195,0.7792959065727023,0.2,4.504330410593695
16903,0.43482102283927065,0.8328207743076365,0.0,5.7214788227446345
5625,0.44304466742027737,0.8140846846287975,0.0,24.845864947529293
18741,0.5104165405776904,0.6725281403887039,0.0,9.442294744716083
4891,0.5290409687351135,0.636689404498562,0.0,49.35934705526195
1315,0.4369779477888507,0.8278725478855752,0.0,44.53126510870504
19654,0.5265916168938921,0.6413299513518217,0.0,9.621873426491995
18711,0.5358452891582869,0.6239097992058324,0.0,4.0908206128332605
9508,0.4356526265633165,0.830910081255378,0.0,35.97424727683938
4547,0.4816012639257027,0.7306387605605238,0.0,51.528298309814375
16034,0.4944554560661832,0.7042982107104074,0.0,5.662944973560203
8942,0.48442508991323485,0.7247924727873442,0.0,38.21105728524136
8326,0.5197183127892895,0.6544683203569056,0.8,52.73378541207738
9707,0.47205302333649174,0.7506639621286618,0.2,11.234811685212803
5407,0.4748857697991556,0.7446809885019188,0.0,47.81968694954749
8267,0.43266855255078085,0.8377833116496841,0.8,67.86924493004605
19151,0.5180105466759981,0.657759676551549,0.0,9.739117995971306
12363,0.5501348548523901,0.5975918401692237,0.0,8.213301941255864
7815,0.47983717831314854,0.7343084444731601,0.0,47.8915948437477
8896,0.4957583890927119,0.7016665897027914,0.0,60.1861514069223
3065,0.4992470968112135,0.6946541218033436,0.0,31.988821779064935
11337,0.5221516036170049,0.6497973048805911,0.8,10.58649757213315
20001,0.5298279216315765,0.6352030013215242,0.0,17.672936255431324
18638,0.48556485948698186,0.7224424069974614,0.8,36.41109841503169
13729,0.4761521531973023,0.7420178262535935,0.0,14.257872644685733
15682,0.49118643378561155,0.710931521045237,0.0,2.540869214518853
751,0.4931566143056784,0.706928479311381,0.0,36.62702529416903
16158,0.5275319038119725,0.6395459343006897,0.0,19.315568532732236
13247,0.5030514971160076,0.6870627341705661,0.0,15.323216471582871
14415,0.4943879040950623,0.7044348389650886,0.0,6.432546736040516
12109,0.42069365851476553,0.8658503621508855,0.8,10.8646902220599
86,0.45523141319745686,0.786949388890579,0.0,30.29755447426097
7728,0.5393552972964205,0.6173807465784117,0.8,16.595193949901166
5828,0.45095751989075095,0.7963821348453016,0.0,42.475037394907794
182,0.4226672733834401,0.8611699972043263,0.0,42.14565848054271
12032,0.47078272611454464,0.7533585947649977,0.0,5.463733072025985
17857,0.48406268094383803,0.7255408745683841,0.0,6.333246187550252
17102,0.44835689159346204,0.8021657306896962,0.0,25.44549949052006
5698,0.48343568232417056,0.7268369981201099,0.8,72.83996710485023
4936,0.4813161086990193,0.7312310340891275,0.0,20.646307996458262
16923,0.44579211605421265,0.8079025431257066,0.0,12.705641942619629
8806,0.49097630172592155,0.7113594176764134,0.0,15.016797062923214
15821,0.5691455994465118,0.5636189910399554,0.0,3.462057828682399
3654,0.5193831968514281,0.655113331352214,0.0,45.49106882943648
19480,0.531982810953632,0.6311441004000136,0.0,10.650556694250229
17755,0.42956658645899365,0.8449785170735559,0.0,64.73802728052162
20683,0.47035447677152725,0.7542686626515105,0.0,23.804719309785398
13004,0.5051097407788816,0.6829795648418104,0.0,11.16295986751813
11433,0.5652999443394865,0.5703988137627993,0.0,6.361372857525571
7794,0.4564231942569477,0.7843348422659049,0.0,55.76620608830585
1086,0.4220760737462416,0.8625697116518696,0.0,42.214160503683274
3088,0.42897479180795856,0.8463571221349863,0.0,52.25493280480447
6303,0.5298521321786633,0.6351573072518776,0.8,13.338303452289427
10692,0.441427856340534,0.8177406780875092,0.8,63.10913620751689
11539,0.43280300430240237,0.8374726099249689,0.8,5.697535595768782
20632,0.512876762471086,0.6677196917721969,0.2,22.992927229574818
8051,0.5568744823840752,0.5854154102585948,0.0,15.95344701199902
14332,0.49444867255142866,0.7043119299670235,0.0,25.96974126156592
1314,0.4371037508170825,0.827584696007882,0.0,43.13785227941085
8764,0.47878273269220467,0.7365083696658304,0.0,57.15673028599176
11645,0.49913971720331585,0.6948692280263112,0.0,11.076910022025096
13643,0.4807642684217528,0.7323782154492497,0.0,3.02456827994219
1556,0.5278968809654616,0.638854315551416,0.0,14.195023810453772
5668,0.46504090568999934,0.7656299080380411,0.0,22.903054190578146
19104,0.5145486298920506,0.6644652094340243,0.8,12.022501991828332
13882,0.49799461863983746,0.6971660079599703,0.0,10.806073788248856
458,0.45254717211366446,0.7928632735105725,0.0,49.87902539103542
945,0.5266460989993493,0.6412264949246853,0.0,19.24000105359773
19812,0.4886530030046973,0.7161026467036469,0.0,23.638545799875462
17575,0.3871265089292369,0.9490037429133845,0.0,45.552179659842466
3876,0.4371037508170825,0.827584696007882,0.0,43.13785227941085
18035,0.4398084732914703,0.8214159348090725,0.0,10.398305036308813
3128,0.44663646137875285,0.806010300770792,0.0,57.468530755335124
9292,0.453479657206195,0.7908048677512682,0.0,39.069713525913436
647,0.4627537781833215,0.7705601629301556,0.0,37.934673528863364
11122,0.5281825135012774,0.6383133854958214,0.0,19.27834308943956
16795,0.3890584906564221,0.9440255850822281,0.0,2.2411357979619835
9982,0.5300566940001402,0.6347713083452465,0.0,12.908073974050097
17294,0.5255508547482626,0.6433083193260026,0.0,3.928040563448201
4448,0.4645912838683187,0.7665972193290866,0.0,44.70526505658697
18502,0.515120970343718,0.66335351203035,0.0,9.160912279493346
5373,0.450107536535399,0.7982687546879084,0.0,33.50693236741403
18622,0.5194878712555177,0.654911815673017,0.0,10.14589360357393
16264,0.5146334025467093,0.6643004715117162,0.0,4.560389483132546
12301,0.5092942955545751,0.6747292457147308,0.0,5.876891434178207
2124,0.5044725686148764,0.6842418140763219,0.0,25.340210308873054
14644,0.45811242099993654,0.7806406642899492,0.0,9.660624018026464
9790,0.44025064656204355,0.8204110629821559,0.0,60.710418660679544
338,0.4665179936536578,0.7624586878337638,0.0,55.324381547674875
922,0.4870938195875975,0.7192985264299807,0.0,48.64256284982744
1994,0.5313106682790965,0.6324083661501395,0.2,18.814150099189884
10220,0.5367833034509923,0.6221607976627361,0.0,2.2693315332083808
3604,0.44199836522657987,0.8164490954936772,0.0,36.35647099667921
2080,0.4971736450374845,0.6988159275133924,0.0,20.34253140999544
18336,0.5620920750553398,0.5760896078898291,0.0,9.289531458016917
1399,0.4802851780209266,0.7333752306232052,0.0,58.95859974549727
4198,0.4510083796975843,0.7962693593913506,0.0,64.16736559754563
8594,0.38761500769848933,0.9477426801627623,0.0,65.81836180520023
830,0.46580776830273896,0.7639822443357557,0.0,76.5242822033376
4824,0.4996649506324346,0.6938175039115826,0.0,48.70598930393384
5872,0.49773261743700314,0.697692258923865,0.0,48.84927439870416
17506,0.4548922811651219,0.7876946327516747,0.0,17.486824452867054
5517,0.46871632224176607,0.757757550162788,0.0,50.011998310744005
19537,0.522332727037248,0.6494504860404363,0.8,21.649432596296762
15540,0.5134936291043581,0.6665176564979709,0.0,11.563082367204984
8664,0.490980551064014,0.7113507628397362,0.0,50.769105897655194
5782,0.4351969145496166,0.8319566731952777,0.0,82.8420831944895
1165,0.45523141319745686,0.786949388890579,0.0,30.29755447426097
4034,0.4210756243857981,0.864942831061292,0.8,31.570413333737164
17414,0.5015957590783561,0.6899607444871344,0.0,17.713706557704462
11201,0.6138655663415302,0.48797932213395767,0.0,3.13480360958894
16094,0.4779015582770718,0.7383505127273167,0.0,12.472215951233304
10022,0.3811971673235211,0.9644385381753421,0.0,7.127200898289407
17806,0.4864404945142519,0.7206406982711955,0.0,17.622547289146524
12482,0.5898881570072977,0.5278223244463834,0.2,6.708885530039849
14161,0.5280648617259163,0.638536158642732,0.0,24.813834607288236
2924,0.448372059475643,0.8021319013320863,0.0,39.34858066463673
14926,0.3512792552194101,1.046173772921625,0.0,19.307136899451862
20549,0.5250352969577392,0.6442897863500475,0.0,7.447990046950648
16901,0.37899958536725903,0.9702201679180954,0.0,6.527156373976538
4175,0.4738078155603628,0.746953491909409,0.0,55.34178432954417
5285,0.46594333930804877,0.7636912417167963,0.0,40.72001386202862
18705,0.45861724045308927,0.7795393156036197,0.0,70.90299690439986
637,0.44177006789206585,0.8169657406487583,0.8,28.14651168106502
13822,0.5053985013627591,0.6824080492822236,0.0,3.000206982812141
10282,0.5963358304357873,0.5169512967230383,0.0,8.43815211546347
1857,0.49123924584964834,0.7108240074384932,0.0,16.348952171085344
19976,0.6030820028945706,0.5057020999676773,0.0,1.7908429364151603
19999,0.5308869673848525,0.6332061478481779,0.0,7.319863183860701
15322,0.512679738122068,0.6681039209225713,0.0,5.606360440023376
20378,0.4513046294144516,0.7956127142482119,0.0,61.85490658439954
2465,0.44238023466729925,0.8155855072872282,0.0,52.19747246638261
19829,0.48975480160264756,0.7138504180143327,0.0,18.35880466380911
17149,0.4991984863996161,0.6947514939835668,0.0,6.689066901725256
1653,0.45126425858327707,0.7957021718657706,0.8,47.28858031681179
6157,0.44238812191748156,0.8155676783264075,0.0,16.0666807741152
5533,0.4535862953697888,0.7905697400545837,0.0,39.22806965708885
12178,0.5438041681364191,0.6091660819797117,0.0,5.434980032067895
12471,0.37929496160157744,0.9694411137881708,0.0,6.398941326487668
15915,0.5816105689168772,0.5419541807875033,0.0,4.391427552098411
12873,0.5087261251272076,0.6758454718233979,0.0,11.411650301890358
7823,0.4879082229703552,0.7176279584996327,0.0,40.868915521594175
14368,0.5188620239091009,0.6561172810467193,0.8,5.639655771370198
6277,0.5227448765345695,0.6486617417074222,0.2,18.833893571497075
10279,0.49765319318757967,0.6978518437777865,0.0,16.834629528385634
15034,0.47048089119183145,0.7539999346139185,0.0,24.489916092965547
17986,0.514239827734186,0.6650655314241274,0.0,32.66469342367459
3966,0.3683263429148876,0.9987859323901052,0.0,78.00518360570679
6970,0.48472412816859617,0.7241753577770397,0.0,18.140592159812897
11998,0.4472760769066754,0.8045792533032066,0.2,1.9617813141763745
1902,0.5010604166793119,0.6910285929936487,0.2,51.13611588153
1224,0.49180164249074326,0.7096798094521788,0.0,49.5924285497517
6703,0.4726838348367083,0.7493285392783604,0.0,40.83465508914349
17330,0.5092989282446647,0.674720149463192,0.0,17.58657976917098
7836,0.5101486621991738,0.6730531012318517,0.2,45.10128975134292
1301,0.48655199951249667,0.7204114981500899,0.8,38.63926674594151
671,0.5566165815167234,0.5858786396105395,0.0,16.422470331502968
11396,0.4651240453545453,0.7654511447667008,0.0,9.763329074102653
20678,0.4944496627773021,0.7043099272821406,0.8,34.81756222241511
9169,0.46354410323049183,0.7688537459021034,0.0,51.16529512469131
17623,0.5344271938631888,0.6265597713343474,0.0,17.61886010068381
1005,0.45167286074056157,0.7947971206137375,0.0,61.79149826126971
14581,0.5747758474285857,0.5537751447474534,0.0,2.1742873118465864
4916,0.532260497499975,0.6306222525284996,0.0,15.06525009008389
14259,0.4396367562208647,0.8218064470707244,0.2,24.755275724239258
3403,0.42205082713969944,0.8626295287398529,0.0,44.511685657378706
6275,0.5247291596597091,0.644873035868125,0.0,18.320841620615912
17008,0.4917790269983096,0.709725795497125,0.0,4.863395901964251
15183,0.49740273973394117,0.6983552395179478,0.8,12.236929045089923
48,0.45222048141053106,0.793585427349867,0.8,60.13393696835144
6572,0.4441580251345806,0.8115748674064579,0.2,64.6013613031015
706,0.4335830546062975,0.8356719103254048,0.0,41.12759000634286
18528,0.5298419110810577,0.6351765979097254,0.0,19.508179040595895
8321,0.4634306088564243,0.769098616389194,0.0,47.188045256493595
13213,0.5055522676648767,0.6821038479145324,0.0,10.731880893765315
4740,0.5052543435706096,0.6826933258613178,0.0,44.542327920894905
10378,0.5013029999381531,0.6905445704135036,0.0,19.42847098808241
837,0.4729748732773164,0.7487130139365012,0.0,66.64294125768454
5075,0.42774850603953524,0.8492198588178381,0.8,64.5407092701557
3926,0.4759848201094923,0.7423693157855075,0.0,56.063728236037036
12233,0.525892480857994,0.6426584961540178,0.8,5.65057453324849
10669,0.5330924267201027,0.6290604613693123,0.8,17.6860347274177
4140,0.47732729088577847,0.7395528789686225,0.0,49.768209636031685
5422,0.4687821393237652,0.7576171401572135,0.0,53.69611191856248
19385,0.49241519703850456,0.7084330219504844,0.8,34.181892633496496
2937,0.49222558629993485,0.7088181588331364,0.0,35.256611002234564
13322,0.5171343202643531,0.6594526311300012,0.0,11.604223257898473
12400,0.4818903069318655,0.7300387698110944,0.0,5.317858027331886
10458,0.4762882824084385,0.7417319727619227,0.0,22.71925041058218
20627,0.5091741127567432,0.6749652526392637,0.0,22.317726438987588
3692,0.4194881043337722,0.8687201102498281,0.0,70.13177078889589
421,0.5472557568532209,0.6028390230306198,0.0,19.59226824849514
21070,0.4954196868196947,0.7023500234760595,0.0,9.085951129603844
6858,0.4994770120403105,0.6941937038938912,0.0,45.13994400681698
12073,0.4788550469029633,0.7363573434376741,0.2,7.998313807115617
16997,0.4423455328362857,0.8156639538122555,0.0,43.9683644345661
18254,0.4713820965175474,0.7520862685871127,0.2,6.668523805981993
3660,0.5112896605710803,0.6708189989448091,0.0,48.36605135930358
7049,0.45642065221776007,0.784340411759959,0.2,64.5774942118513
20821,0.5155725149624445,0.6624773162378041,0.0,10.214074776541587
14111,0.42220329667027245,0.8622683352841608,0.0,14.304600916597366
5021,0.47191991044754333,0.7509459890492793,0.0,65.65520518711742
1195,0.45523141319745686,0.786949388890579,0.0,30.29755447426097
20473,0.585250910386695,0.5357146170605199,0.8,18.639385989187684
9741,0.5171200489242364,0.6594802284804071,0.0,50.318343445629
19343,0.47247793566267754,0.7497642301488852,0.0,23.786645878702807
10852,0.49283190275694005,0.7075871311209267,0.8,3.9428169489712506
6699,0.4896172448157797,0.7141313261498579,0.0,49.40360536098275
17651,0.46075596434655175,0.7748867376509819,0.0,53.40132319060574
6866,0.5098130879793983,0.6737111145972056,0.2,18.149777787049267
15003,0.38701351993379796,0.9492956513331241,0.0,10.230084121257509
5754,0.5588199563318317,0.581927939402674,0.2,23.594268347478994
18230,0.5083886056209798,0.6765091521505298,0.0,22.94719049255952
1104,0.47904395663324445,0.7359629182800472,0.0,40.065823067950234
11632,0.5151954994294375,0.6632088398096565,0.0,9.277820948124354
9105,0.5536881275211143,0.5911536974616368,0.0,16.079380458202905
20539,0.49032730199139096,0.7126821476178852,0.0,21.95060960289753
292,0.45991158410928257,0.7767210164314907,0.0,54.020946100219064
2165,0.49200706066862776,0.7092622116403074,0.0,60.65964902716492
16564,0.5761938446992451,0.5513111389655729,0.2,6.121207666367415
20556,0.44112049096587286,0.8184372187088276,0.0,9.14317155739854
3544,0.4823164524647571,0.7291548399765744,0.0,54.79598733684155
10559,0.4631718365249347,0.7696571565473962,0.0,8.756967018252078
4604,0.45631973460927827,0.7845615427854938,0.0,79.22502123847062
5429,0.3871265089292369,0.9490037429133845,0.0,45.552179659842466
14927,0.5441207458856583,0.6085840974068897,0.8,16.548619593878705
1362,0.47484519304994405,0.7447664374360348,0.0,16.332726779727675
5080,0.4803697022913316,0.7331992584351585,0.8,51.23963174202365
15942,0.5045595842935842,0.6840693405259546,0.0,10.966658843457934
11082,0.5800845013364655,0.5445814940942916,0.0,14.156394578275245
12491,0.5026486236169299,0.6878639143878542,0.0,5.375656858300044
7403,0.49170621277490745,0.7098738693483442,0.8,50.65305233035053
1973,0.48776124982729707,0.7179292350041612,0.0,43.18344458097337
17703,0.5080468098127452,0.6771816903480931,0.0,8.275498518826993
17889,0.5452951989985619,0.6064279814194096,0.2,22.653116968321346
10045,0.4532484249020863,0.7913149044727156,0.0,5.214844485841741
2968,0.4612976832516216,0.7737117106472718,0.0,50.91023292177124
6074,0.4378353078909957,0.8259124486962321,0.0,65.3689047770396
12738,0.5122627089810545,0.6689176820565852,0.2,8.972929111646689
8113,0.46070149586605963,0.775004960103797,0.0,30.48869820514905
3332,0.49567612273213163,0.7018325439030697,0.0,14.738483421964462
8746,0.43791152643097236,0.8257383834591523,0.0,61.95515305290073
18443,0.5074768714182395,0.6783041426648201,0.0,7.125585096319684
9482,0.49163727503885973,0.7100140802451772,0.0,51.22751697308504
18516,0.45697744229347537,0.7831212497143476,0.0,3.884281521812197
16025,0.4532484249020863,0.7913149044727156,0.0,5.214844485841741
161,0.4545371419395083,0.7884756482645746,0.0,14.939644029858727
20170,0.4654930382286693,0.7646581378469477,0.8,4.536334224114485
15752,0.5477159703215932,0.6019984287320645,0.2,1.701849535348184
15149,0.5322587952179312,0.6306254507458647,0.0,9.659604812557843
17192,0.5145239878181493,0.6645131012416226,0.0,9.822167606980333
8016,0.47558552357317085,0.7432085528685214,0.0,45.447204141956334
3483,0.4529801376913274,0.791907000616384,0.0,33.675846409565935
13649,0.531609353370839,0.6318463575445613,0.0,2.4970568941973017
15868,0.48784284246325976,0.717761969129002,0.0,8.827395621141745
13862,0.4860162756227443,0.7215131667066973,0.0,11.977117638411599
9074,0.5444731913759859,0.6079365731270303,0.2,17.6423196304377
14875,0.265979273861063,1.3243368910517412,0.0,24.440637223320998
8033,0.4789683766532045,0.7361207032637488,0.2,19.5414284008273
18788,0.47495897497792006,0.7445268471450034,0.0,8.90580658215194
589,0.4591881904480333,0.778295151972918,0.0,59.0297967514533
10321,0.5279086946262288,0.6388319370737099,0.0,48.42346277974756
16744,0.5427070473304125,0.6111856123136334,0.0,5.492419083057124
9054,0.5353359090053952,0.624860861812533,0.2,20.97345456453562
5499,0.48654925009200295,0.7204171489916541,0.0,57.03902996995287
15876,0.5676887419553752,0.5661819999772995,0.0,5.033641109674814
19827,0.4940494512902727,0.7051196629778053,0.0,18.29080376176428
4589,0.4446053545050109,0.8105682341034852,0.8,70.6288601720591
8406,0.4742980243096876,0.7459194115939147,0.0,55.73323557067891
19003,0.5075496753249036,0.6781606904427624,0.0,30.615562093498106
13592,0.5364976370296751,0.6226931213392098,0.0,8.410715674002404
6238,0.49506152600766345,0.7030732291724492,0.0,53.23670577118153
8215,0.5348617497976863,0.625746977073269,0.0,14.24825955116139
6681,0.47883267096259025,0.7364040725330979,0.0,37.44614596464459
13365,0.5531885004510995,0.5920564667338778,0.0,8.551071454179716
14481,0.42681734854116943,0.8513991124397596,0.0,10.082438807075267
96,0.4484651034456029,0.8019244077666086,0.0,65.3768885668123
10974,0.4868470049421848,0.7198053634871816,0.2,2.7692891932647603
12536,0.48742043955376074,0.7186282027783163,0.0,6.452059660990014
11164,0.421884171485881,0.8630244777732646,0.0,24.156487445111605
11821,0.45813818625844255,0.7805844236537985,0.8,13.137703660594063
4688,0.5460299932927954,0.6050813719752938,0.8,45.85004188470879
20156,0.46150643703903776,0.7732592770562486,0.0,24.976273321529312
18485,0.4818049044637367,0.730216009393366,0.0,36.231127465086445
3106,0.46736647053154945,0.7606415955832958,0.0,51.87575449748684
8671,0.49162976828287225,0.7100293492527955,0.0,47.25600084765655
5480,0.4569733377896078,0.7831302316069331,0.0,53.41731238093177
19687,0.4790416831436166,0.7359676641806921,0.0,23.64737599586206
12437,0.5963669885681748,0.5168990487834877,0.0,2.9708771300675574
19250,0.5262495574176518,0.6419797349974876,0.2,23.303864502856715
16721,0.411027083484629,0.8890961701007102,0.0,15.924602150475671
14387,0.49087014043190363,0.7115756659406497,0.0,7.846544833039749
14477,0.4247433752666245,0.8562701153342471,0.0,11.148636885319842
5137,0.481236304449998,0.7313968520708063,0.0,31.00501139555551
8426,0.395461126071334,0.9277027871960768,0.8,48.310119812111466
11132,0.5009743908073195,0.6912002953568022,0.0,19.906567978931925
3023,0.4861665191939265,0.7212040816803436,0.0,73.01469968865985
8179,0.44599046222357625,0.8074577123396707,0.0,26.565356887851124
13150,0.4311832419471209,0.8412221239015613,0.8,5.289975044212755
15583,0.4631796506402292,0.7696402858122531,0.0,14.64625406649796
18554,0.4984155061541835,0.6963212001265184,0.0,17.966479637539486
12609,0.4166918222712724,0.8754083657252497,0.0,7.797699625316059
2995,0.5401538858799918,0.6159012061693159,0.2,44.991582640773196
16603,0.49697280619222717,0.6992199702934901,0.0,13.220500441379786
17764,0.4681008323388844,0.7590715525557439,0.8,37.49813585450502
14896,0.5148176473498252,0.6639425238363962,0.0,14.897540901113933
15995,0.4887709489737545,0.715861306250733,0.0,8.47186085274942
17835,0.5346563453189278,0.6261310836764612,0.0,17.594284287283745
5470,0.45950341083943774,0.7776089142771927,0.0,59.50652335159921
11162,0.416547148511684,0.8757556220733445,0.0,24.512836881073106
4205,0.46566331353634843,0.764292409128555,0.0,66.5870693794426
15516,0.5715146902575892,0.559465091339944,0.0,4.376975229599841
10238,0.5177134123006537,0.6583334479332397,0.0,4.169554832212945
9878,0.49846249024593886,0.6962269376551633,0.8,22.199196066488582
1860,0.4933908409821253,0.7064536381274269,0.0,33.697836382752854
7236,0.42802593911237413,0.8485714798340301,0.0,66.82500079988657
13216,0.507444545936893,0.6783678431263626,0.0,4.827265528989026
13330,0.46855537205839276,0.7581009941949383,0.0,13.581379282083061
18886,0.5298252626601074,0.6352080198908232,0.0,19.5091441039107
7860,0.4670671304624152,0.7612822833305156,0.0,28.319698616646036
636,0.4412058215033528,0.8182437969859568,0.0,35.924996029188044
7771,0.45363531186902645,0.7904616815628233,0.0,35.29411528792886
1846,0.4371037508170825,0.827584696007882,0.0,43.13785227941085
10471,0.5016886434135046,0.6897755839580099,0.0,21.72793089467731
5522,0.45984871488534124,0.7768577242761497,0.0,57.565156183471885
8208,0.5577496010206776,0.5838451610069494,0.0,17.44704572143367
8900,0.45978981508459593,0.7769858176495924,0.2,65.42220347492315
17153,0.48612738260313254,0.7212845853032558,0.0,15.874031422999323
19589,0.512553950767559,0.6683493037196903,0.2,18.058797217676933
20751,0.5286178677595883,0.6374894753408704,0.0,13.694869222540184
13533,0.5290028530260676,0.636761453894397,0.0,15.675474071043404
19725,0.5272705444489137,0.640041495092833,0.0,2.4683201210465278
11641,0.5059655187767544,0.6812867567265992,0.8,4.288155106332655
356,0.47185099457019425,0.7510920327069195,0.0,43.63844595419654
3017,0.48886046398324806,0.715678179954754,0.0,39.47859650971588
44,0.42138147319364627,0.8642167434725851,0.0,66.58789612849239
5681,0.471481856589371,0.7518746578412208,0.0,44.64256067749668
19486,0.49696064885144475,0.6992444333814792,0.0,23.856819598894184
3077,0.430054162091402,0.8438441198745184,0.0,71.35545671642296
2982,0.46126188934671986,0.7737893075981526,0.2,51.88257543587369
7428,0.48423568760448693,0.7251835329304978,0.2,58.77612755710136
13891,0.4667335918570604,0.7619966512070163,0.8,13.074338535596414
8963,0.5327168502079485,0.6297652338569052,0.0,16.37389608027953
15982,0.6230965085745303,0.47305386276248806,0.0,4.787305037019661
9833,0.5609361694794118,0.5781481598269604,0.0,16.21994680038219
14327,0.4857748431878327,0.7220100480533275,0.0,26.391631545807435
19551,0.5023369208407752,0.688484227362242,0.0,6.585351674115227
15767,0.4640622947009371,0.7677364799464029,0.0,6.114061121270058
9502,0.4666830165792283,0.7621050171337087,0.0,54.871561233627034
12514,0.5020037314209089,0.6891477262086529,0.2,6.189236020886696
19188,0.47825576624597155,0.7376096137643151,0.8,23.411730378932607
3727,0.4775677174566052,0.7390493124533369,0.0,48.6035775824138
7209,0.46980998873066987,0.7554269453173866,0.0,54.428510833772684
5569,0.47427745491978246,0.7459627806043071,0.0,45.0934506566548
12815,0.5506281327654619,0.5966955928359837,0.0,5.248832620770605
10832,0.4586397211687106,0.779490298334596,0.0,9.568243486395154
19148,0.5184127230091633,0.6569835914034925,0.0,7.771459370117002
1886,0.47492811294941656,0.7445918275598477,0.0,16.02733809408838
12963,0.4904778145523613,0.7123752312700541,0.0,12.48045702724699
7298,0.45627758857967,0.7846539077937342,0.0,55.71042745335513
3313,0.4649462335459446,0.7658335068629873,0.0,24.583256592799938
4761,0.4547463057066361,0.7880155854065988,0.0,16.07158123113338
1609,0.49584296183688054,0.7014960115883215,0.0,51.80197383205798
20108,0.5008980908791415,0.69135261000706,0.0,20.306408681790906
13109,0.541607247217298,0.6132141763486019,0.0,16.376190971268752
303,0.44726529896502976,0.804603350437083,0.0,40.79741128786682
20674,0.5246367879601962,0.6450490882737916,0.0,21.81555873823278
5785,0.35664807167587265,1.0310057770416041,0.8,67.81955875524474
16006,0.42356626584351686,0.8590453052449586,0.0,5.285705555902121
14074,0.4434129540273445,0.8132537670093964,0.2,14.973220937100372
8052,0.5566711970841288,0.5857805237980802,0.0,15.844483975061738
19837,0.4870644963845164,0.7193587285605979,0.0,35.53632228854785
14419,0.46103387668936036,0.7742837534590173,0.8,4.999093499989974
9757,0.47529823124397685,0.7438128167156642,0.0,56.16158468317332
6584,0.45196320065137113,0.7941545169523622,0.0,48.356071081974946
3224,0.4405147093039608,0.8198114418729231,0.0,48.61071794473539
555,0.4938391725425467,0.7055453764556787,0.0,20.968809449524215
14732,0.4891763739217485,0.7150321716711323,0.0,13.23846290237363
15348,0.5144213069624455,0.6647126859164649,0.0,5.384172851011279
6378,0.5204095134419565,0.6531392514925188,0.2,19.457017654164723
13761,0.4538360617039593,0.7900192437205865,0.0,14.048122619782633
2379,0.47073370107704465,0.7534627353537934,0.0,49.52510524989697
6788,0.4913116881786399,0.7106765497818691,0.0,47.238671131525926
20989,0.4839368530701673,0.7258008496405985,0.0,12.13393786504582
4446,0.4640909609411264,0.7676747094574795,0.0,47.672598285930825
19944,0.4667439214937692,0.7619745196900565,0.0,5.77142346147865
3501,0.43683883335892654,0.8281909542931902,0.8,67.9530671678967
20604,0.552517188227635,0.5932707361598611,0.0,19.19290092014208
7444,0.49020377463441595,0.7129341077251642,0.0,58.599618766899646
18078,0.5004769925322963,0.6921936502499081,0.0,5.8462668135048315
15463,0.5345051278422454,0.6264139548451045,0.0,4.454429671136812
20467,0.4827469625118265,0.7282626497454543,0.0,22.947556260165356
1692,0.4527115647325936,0.7925000787375313,0.0,68.80882145258967
12131,0.5073598440594537,0.6785347755489477,0.0,6.292731945881345
20056,0.48395749619875544,0.725758193892878,0.0,26.09826468007337
17144,0.46297957008918134,0.7700723509468049,0.0,7.053862800768572
10833,0.457324763215156,0.7823614988654601,0.0,9.603487473185329
10963,0.4965509905948118,0.7000691006799477,0.0,10.266512667127994
20228,0.5404534195190883,0.6153468259698271,0.0,2.4318507430851457
7165,0.4869482074343892,0.7195975117925285,0.0,55.826376282486756
18723,0.530089079954274,0.634710211173632,0.0,9.7475621165236
15009,0.5570910736571612,0.5850265449572564,0.0,18.334732566153168
7404,0.4906134437256415,0.7120987449126438,0.8,53.3433168727485
13813,0.4771532669618187,0.7399175253188437,0.2,9.675160837082212
12135,0.5492432122855176,0.5992139259448631,0.8,5.812974709324488
13387,0.5522052410680287,0.5938354882815253,0.0,9.01234532767847
15441,0.6252406094261449,0.4696187282477975,0.0,3.7635246834462563
18555,0.49789182838008783,0.6973724376396234,0.0,17.941649362770764
17823,0.5046192027398627,0.6839511881289484,0.0,10.545158917631316
14603,0.4671182259676792,0.7611728928225971,0.0,4.677026853014847
9806,0.5286106544131229,0.6375031211067842,0.2,18.552296796790834
14883,0.5547667828413174,0.5892074646458518,0.0,7.4923624485932745
10752,0.4939557050290332,0.7053094317475759,0.0,4.821847880367277
19098,0.4944249203221363,0.70435996892664,0.0,22.19790331908584
16648,0.4912273873999646,0.7108481475960986,0.0,11.86476675963861
4092,0.46678127862343527,0.7618944851506968,0.0,70.14000444287919
254,0.45387809131025086,0.7899266383421598,0.0,47.514088501613315
536,0.47191876533716837,0.7509484155452566,0.8,29.149935193245696
7400,0.49403178199536757,0.7051554278406764,0.0,34.05724739648227
331,0.4610234360733871,0.7743063998082826,0.0,56.01216425869005
8338,0.4621061819751796,0.7719605831924156,0.0,37.99203727481064
20640,0.4732224195934358,0.7481897693158869,0.0,28.291673431033374
16352,0.5252403973875968,0.6438992214087297,0.0,8.56933266776033
13131,0.4986286245071926,0.6958936997788389,0.0,10.720242922925294
1779,0.49048677908664307,0.7123569542917816,0.2,49.97540125876358
9608,0.45359060847997745,0.7905602311921548,0.0,60.14977446647559
10645,0.4922532386123402,0.7087619822822286,0.0,4.229536940009331
8905,0.4625299927972965,0.7710438748408297,0.0,38.10884586704718
5421,0.4687821393237652,0.7576171401572135,0.0,53.69611191856248
20892,0.4435152231633309,0.8130231527633509,0.2,60.427946449423494
14902,0.514899936423035,0.6637826954044421,0.0,4.391918296566238
2632,0.4437214697111603,0.812558233868087,0.0,42.693843730718
11838,0.4288634462418204,0.8466167178532108,0.0,14.024629055510932
19455,0.4802813500145749,0.7333832009328922,0.2,19.704174074283994
14192,0.5589161562115142,0.5817558059646638,0.0,18.20895683765509
17033,0.5184076477515894,0.6569933814456581,0.0,9.763906684726862
12856,0.5329003088089206,0.6294209101920086,0.0,2.3411876722647524
9791,0.46614548294865854,0.7632574984104673,0.0,56.50395458721237
15312,0.5011804892748475,0.6907889847409887,0.2,6.115555159920389
10910,0.49953420216892946,0.6940792104270151,0.0,5.4325577470144655
14745,0.4922094907876935,0.7088508588305611,0.0,26.41284450245721
1449,0.4538343280814546,0.7900230636590229,0.2,26.41837317752497
4088,0.4986969364248147,0.6957567095714183,0.0,39.87033712726762
15746,0.5490101900400763,0.5996382765518261,0.0,1.423541347736593
19972,0.4951465386957342,0.702901522454821,0.0,4.233224445797724
14490,0.4345311278718412,0.8334876961710893,0.0,13.25953917669244
2235,0.48223675866293125,0.7293200849855335,0.0,51.06443590217139
10456,0.44229454805067697,0.8157792205444933,0.0,26.481008472099546
18751,0.4996795494408708,0.6937882871431186,0.8,34.1517273759831
19130,0.5126068859763081,0.6682460317122183,0.0,9.15998214830491
590,0.45997766984248856,0.7765773344979628,0.0,59.90129435544853
5614,0.46929353500978294,0.7565268320921587,0.0,49.711380330075585
6493,0.5300566940001402,0.6347713083452465,0.0,12.908073974050097
19616,0.4402534868592806,0.8204046114571051,0.0,68.9303958301774
16894,0.6204068892607352,0.4773797431947688,0.0,4.328402089662608
18637,0.4870644963845164,0.7193587285605979,0.0,35.53632228854785
16227,0.5290470976656283,0.6366778195828836,0.0,9.935356475959637
10996,0.5034784008320203,0.6862144657932797,0.0,4.19517213597279
7906,0.5153474094650115,0.6629140242607587,0.0,45.61843019794655
1338,0.4910984611333094,0.7111106394517043,0.0,15.92532173970563
4153,0.46433159882717734,0.767156329353705,0.0,58.1427789040699
1541,0.4643511901607185,0.7671141376952046,0.0,55.40865381456766
5881,0.4395322147777285,0.8220442658452203,0.0,57.58831129465491
3238,0.5334651878386168,0.6283614627805751,0.0,16.50768393118028
10427,0.48809273285087634,0.7172498648479437,0.0,9.05886587511226
12126,0.4342773387257601,0.8340719196519989,0.0,10.934682580281837
6697,0.5007659058250223,0.691616540936636,0.2,52.60262432356203
3824,0.4625024018711232,0.771103528808281,0.0,59.49063548264296
13243,0.5328682245638406,0.6294811188472372,0.2,12.400777320906602
1670,0.45096323308163494,0.796369465903235,0.0,48.89708642162199
8131,0.5118190242286631,0.669784184730667,0.2,45.48504643788253
980,0.45523141319745686,0.786949388890579,0.0,30.29755447426097
15775,0.5213294241298877,0.6513731450451865,0.0,4.646570394784413
16546,0.592074254102287,0.524123222736883,0.0,4.482039532299513
15522,0.5170105367789176,0.659692024064528,0.0,5.473464678365932
15718,0.464306938233946,0.7672094406392117,0.0,1.8213705984140331
6485,0.4224936300115854,0.8615809091942219,0.8,65.2862947088603
3418,0.4629557920073532,0.7701237110801507,0.0,55.3449417894021
10577,0.44042090534976064,0.8200244062553236,0.0,14.597254161705399
15268,0.5459661494849362,0.6051983024394796,0.2,5.004082217974072
7578,0.491844267349602,0.7095931423731843,0.2,40.46809604334014
13713,0.46765880141357385,0.7600163057642493,0.0,14.037881894628132
4552,0.3849807403548801,0.954561970997907,0.0,47.82355329044917
7865,0.4920172889311898,0.7092414230031836,0.0,49.51214200830581
3818,0.4674291721084485,0.7605074452425518,0.0,58.12938762151248
2242,0.46695971081253596,0.7615122973849431,0.2,53.31651903769149
659,0.46104707838278797,0.7742551188942193,0.0,69.29738080064834
11170,0.42610515874772387,0.8530691116551116,0.0,13.352067254574852
16539,0.592074254102287,0.524123222736883,0.0,4.482039532299513
17317,0.41391950352157203,0.8820837600001721,0.0,50.688940038122695
14771,0.5053985013627591,0.6824080492822236,0.0,3.000206982812141
9470,0.4629557920073532,0.7701237110801507,0.0,55.3449417894021
19634,0.529743729393709,0.635361918819861,0.0,13.649163378414446
9211,0.47574676327695764,0.7428695762405662,0.0,40.43810640283132
13999,0.4915906302855587,0.7101089611025723,0.0,28.26979357612296
11912,0.47868118938322013,0.7367204785652345,0.8,6.414993553054952
13003,0.5880058150152995,0.531018441650609,0.0,8.233679521746767
16020,0.4870834395165256,0.7193198368659928,0.0,3.275350887973474
2439,0.4575774222200957,0.7818091796877714,0.2,60.977206134685446
12159,0.44471455789098646,0.81032264557004,0.8,10.783409084343731
2227,0.4670671304624152,0.7612822833305156,0.0,28.319698616646036
11783,0.43267928840852227,0.8377584988351515,0.0,2.995941641760054
14660,0.4890875577963119,0.7152137507374783,0.0,11.953723675158818
4695,0.5491743960303159,0.5993392266588552,0.0,42.618714411667796
20915,0.5324544012691835,0.6302580164845099,0.0,21.060069793604814
4434,0.4630033828653186,0.7700209185180188,0.0,54.02081366126797
2092,0.45693416241549206,0.7832159632025945,0.0,65.0460851464291
2628,0.45750026461638776,0.7819778158702523,0.0,66.26010766528026
5703,0.45433736788821333,0.7889152558283297,0.0,65.00661828404351
1193,0.46105521656064724,0.7742374675383901,0.0,63.70425493046308
3788,0.48459375403471305,0.7244443595917446,0.0,57.667585561186385
18964,0.4680940830226433,0.7590859711690698,0.8,23.664504572059116
5237,0.44807541110594357,0.8027937323712997,0.0,42.31927172444966
16850,0.5136162945230907,0.6662788010132873,0.0,9.584753979183311
20040,0.46115775463712794,0.7740150935746622,0.0,4.741229612181156
12538,0.5385002796972884,0.6189672629851074,0.8,5.94518027763123
6297,0.5266460989993493,0.6412264949246853,0.0,19.24000105359773
21117,0.4141468607624841,0.881534631919546,0.0,7.246214699599575
19522,0.5068594958739361,0.6795214422519148,0.0,23.806014903354132
13516,0.5145239878181493,0.6645131012416226,0.0,9.822167606980333
1668,0.4521460353511526,0.7937500642712187,0.0,48.736255157419315
20197,0.4954998670201955,0.7021881935871143,0.2,11.32120422671682
12479,0.5595131562484285,0.5806882372109419,0.0,4.015459138162164
10003,0.5211309165222464,0.6517539894807962,0.0,50.86940086797147
4651,0.4756777735217402,0.743014600365276,0.0,50.56214582235765
7909,0.5115190755330057,0.6703704009661753,0.0,47.873830239326196
6823,0.5111989546236674,0.6709964208667805,0.0,43.061192237547786
7890,0.5224722843215038,0.6491833409108311,0.0,43.92374722340723
1313,0.4897339121377501,0.7138930718287312,0.0,54.288000063324546
11701,0.5325417240677598,0.6300940294113281,0.0,9.837028280411046
17655,0.5077534134593092,0.6777593558277278,0.0,22.074622012473352
8852,0.49372898036021556,0.7057685350953423,0.0,14.406146791830587
434,0.5049779232253592,0.6832405670477937,0.0,55.70118827111375
12042,0.48283372659230417,0.7280829359593559,0.0,21.906195752289516
5868,0.4663524406399044,0.7628136203290075,0.2,53.03080614436399
5386,0.424560650972482,0.8567004071763119,0.8,78.94922497755616
5626,0.4643126481166615,0.7671971430680652,0.0,45.544656759325775
13628,0.4718101314418529,0.7511786382207857,0.0,8.544281447664758
1491,0.42724408006131714,0.8503998129950882,0.0,23.198905860420297
20885,0.5061886442305937,0.6808458644878306,0.0,21.865363483583
10510,0.4814657297344759,0.7309202242448029,0.0,53.94922554351446
17674,0.5190273159830494,0.6557987652493353,0.0,19.55100131441425
21013,0.48453878476182566,0.7245577997472358,0.2,21.424449066627844
2264,0.46729235016421683,0.7608001996981808,0.0,29.13864997021828
10804,0.5415553829462332,0.6133099408620003,0.0,16.46890501737646
5435,0.39237331598930514,0.9355415556691653,0.0,43.965770840598424
15611,0.47786707186586147,0.7384226774963574,0.0,10.986621091647375
7699,0.4365336495659437,0.82888981717557,0.0,44.614991879904075
15704,0.4876253991160994,0.7182077926658295,0.0,1.7050397034002895
15270,0.48543676051624396,0.7227062561380645,0.0,11.650024421625234
6957,0.4437216732531601,0.812557775152503,0.0,43.106192451569825
5648,0.512576311297114,0.6683056789621624,0.0,63.575922502881845
3364,0.4931566143056784,0.706928479311381,0.0,36.62702529416903
5584,0.46176666626293256,0.7726955668607384,0.0,44.82020718108504
2669,0.49329575227759304,0.7066463816094529,0.0,36.36048816398055
21092,0.5358452891582869,0.6239097992058324,0.0,4.0908206128332605
8050,0.5572809447999413,0.5846857769884404,0.0,17.031605125885307
13562,0.5145239878181493,0.6645131012416226,0.0,9.822167606980333
17705,0.5080468098127452,0.6771816903480931,0.8,8.275498518826993
8720,0.4699201853109134,0.7551924171862431,0.0,58.18946787363884
3371,0.49674940916890736,0.6996695869441595,0.0,39.79720685271154
8341,0.46443527853573946,0.7669330662044266,0.0,55.93626131122467
7301,0.4567671709864106,0.7835814905906722,0.0,59.59137176159539
12402,0.344830067204552,1.0647035421251108,0.0,8.248162111209812
2129,0.5740166699616842,0.5550968413391795,0.0,21.549137136725207
2526,0.4887681907544672,0.7158669494401977,0.0,50.36231747299099
18672,0.46288355098016193,0.7702797662918567,0.0,58.3679504661191
1634,0.5247426519514107,0.6448473233305362,0.0,14.32818545004827
13793,0.5051533386727154,0.6828932548602866,0.0,5.37266240257247
16977,0.4540938352649665,0.7894514166916631,0.0,30.646504507928448
8650,0.5264800701696017,0.6415418015536225,0.0,20.88860193960954
9206,0.46142213986479264,0.7734419502914026,0.0,36.94345428359735
7954,0.554798935969062,0.589149508407283,0.0,15.941207731103463
4773,0.44907293711492413,0.8005699609693108,0.0,60.84331703366762
16742,0.4839104070262585,0.7258554988502534,0.0,7.1220940079659805
7387,0.46915205235498797,0.756828357631352,0.0,58.2114538201125
6527,0.4864450248128866,0.7206313851535785,0.0,56.38219803498126
358,0.4719182839824899,0.7509494355405594,0.8,27.15621068152234
15469,0.5528773575694408,0.5926190786029807,0.0,4.235152452086809
6552,0.4821090451341425,0.7295849558006136,0.8,37.245311436992175
7562,0.48730100485447964,0.7188732670488605,0.0,38.06254384274851
14843,0.6018784734015945,0.5076997254780177,0.0,13.116929363749296
8955,0.5086053056436927,0.6760829941891257,0.0,58.12285454620978
8633,0.4483720565512207,0.802131907854398,0.8,34.25103307736087
572,0.4483720565512207,0.802131907854398,0.0,34.25103307736087
6084,0.4932748010117133,0.7066888545290289,0.2,55.305471265092066
2377,0.4801347238551393,0.7336885397637679,0.0,20.93213454324424
4582,0.4359108566515685,0.8303175137585029,0.0,70.83438823900548
19387,0.4740164940130757,0.746513160396539,0.0,44.57803063926649
19753,0.4788388973424912,0.7363910693697857,0.0,11.769003031383193
5174,0.4511699336284568,0.7959112174803491,0.0,61.125977859098406
21044,0.5191905006473162,0.6554844098934617,0.0,31.673007736251392
11277,0.3786170121596087,0.9712301068276102,0.2,7.741674444238065
16522,0.4713820965175474,0.7520862685871127,0.0,6.668523805981993
10885,0.5420959410684333,0.6123122801660609,0.0,10.305215336505835
1448,0.4915050665830103,0.710283031039074,0.0,48.306350458295675
1914,0.47869722143755133,0.7366869869925157,0.2,60.92769860813017
1744,0.5300566940001402,0.6347713083452465,0.0,12.908073974050097
2936,0.49133176568702136,0.7106356855023478,0.8,48.35876056712277
9758,0.49579668987606074,0.7015893357323761,0.0,15.453206724899424
2850,0.49425759629411015,0.7046984477139383,0.0,41.54549827531663
16105,0.5077110005365122,0.6778428898683838,0.0,7.039398243208413
18915,0.5083986591346564,0.6764893770923136,0.0,23.077420122862037
14599,0.48592395116350784,0.7217031464132054,0.0,3.7586299466003275
3165,0.44953790356722306,0.7995351047829745,0.0,66.50932573938172
7793,0.4565360597765866,0.784087590223242,0.0,54.99982138407934
19668,0.49527911716691386,0.7026338022656543,0.0,20.973618595579495
12519,0.4975552707523274,0.6980486315647002,0.0,4.926478303810309
15836,0.5727591399471,0.5572899997713202,0.0,5.044589369177283
16377,0.5003259020239545,0.6924955888440337,0.0,8.373933379578189
19463,0.4801231497995827,0.7337126459041593,0.0,24.153821758588567
17584,0.4546066321640002,0.7883227786599936,0.0,5.091382969704057
17608,0.5559799101913684,0.5870231181336957,0.0,16.648269338890437
15806,0.5281825135012774,0.6383133854958214,0.0,19.27834308943956
4327,0.4701609355504912,0.7546802268241595,0.0,45.44307285224843
18086,0.4905237817343534,0.7122815164744825,0.0,21.09101140339125
11395,0.5141879073459945,0.6651665018403551,0.0,8.623883797856557
7367,0.48827610365100865,0.7168742469555389,0.0,49.600528162376776
4430,0.4703331362484579,0.7543140348298567,0.8,44.6176763111779
20771,0.5311579539968345,0.6326958368200714,0.0,8.10040463106613
2820,0.4934650047667158,0.7063033349498158,0.8,54.38535679113581
18165,0.500994154302142,0.6911608460249414,0.8,24.854144049422587
5465,0.45982080477995113,0.776918420221382,0.0,59.82271835704641
5156,0.4943132252054867,0.7045859036043501,0.2,51.43829733299644
1826,0.4890101537965993,0.7153720253126189,0.8,59.89452172772794
21133,0.5056834580304275,0.6818443824645819,0.8,21.679242842739455
17598,0.4910984611333094,0.7111106394517043,0.0,15.92532173970563
12866,0.5318032934181931,0.6314816072285107,0.0,4.13273129901292
18615,0.4793164459817325,0.7353942609042051,0.0,50.00680974148594
20588,0.5466748289740065,0.6039011158934576,0.0,6.912856521702047
4276,0.47302363218096977,0.748609929410648,0.2,56.32166849612534
5482,0.45698017515368916,0.7831152694365718,0.0,53.41629181130512
17739,0.4220760737462416,0.8625697116518696,0.0,42.214160503683274
18597,0.6365437191971348,0.45170217646663025,0.2,13.282301947607003
8751,0.45481585639006294,0.7878626531795104,0.0,17.490554507134135
2314,0.5012978444158026,0.6905548547103492,0.0,15.910383826183867
3166,0.5570262988650337,0.5851428249719083,0.0,19.13417082300995
10533,0.4969515514338508,0.6992627396616348,0.2,8.472617082473057
15887,0.4363751175693594,0.8292530441342074,0.0,10.499006529306293
1749,0.5555572945640841,0.5877835346916668,0.0,17.351076482836177
13681,0.5222856074126979,0.6495407000890091,0.2,9.181257944426212
1898,0.4424954063073007,0.8153251958144772,0.0,34.40672388541469
21025,0.4965925856716084,0.699985336201548,0.8,4.183392292246756
1061,0.46027900938357935,0.775922431233116,0.0,78.52335063277317
16629,0.5275710739449316,0.6394716853718119,0.0,4.226907773224427
6363,0.4561850086575817,0.7848568310098447,0.2,56.18750544491508
9367,0.4030443906964538,0.9087085724900393,0.0,55.24948398055288
20017,0.47091160420235123,0.7530848794319811,0.8,5.380791628726978
19038,0.45085122541872297,0.7966178710212327,0.0,58.31243180538146
4970,0.48458922627701584,0.7244537030445068,0.0,52.68226864259632
15181,0.4776583344943699,0.7388595834612277,0.0,12.865392074239784
8476,0.3864009652677312,0.950879678542,0.0,72.40948897190053
14073,0.4510103042977331,0.7962650920736487,0.0,10.104604063977256
3922,0.4704530940716422,0.7540590187168049,0.0,53.9039094132119
4152,0.4636656594809525,0.7685915479485322,0.0,58.62816233929194
1156,0.46504090568999934,0.7656299080380411,0.0,22.903054190578146
8,0.5300566940001402,0.6347713083452465,0.0,12.908073974050097
396,0.5327432383541362,0.6297157000517888,0.0,17.849291085576496
18399,0.42636815657309374,0.8524520886257986,0.0,67.94042886199881
1503,0.4666670541741011,0.7621392216741677,0.0,50.09922220192428
10042,0.4532484249020863,0.7913149044727156,0.0,5.214844485841741
8758,0.5341460191218302,0.6270860333525808,0.0,18.505308987763264
6154,0.4532523144204779,0.79130632308227,0.0,51.009585059128455
6529,0.4859596187945149,0.7216297474338923,0.0,57.00875004727749
18692,0.5497509623565896,0.5982898990138471,0.8,18.846131818936186
14177,0.48694867464721187,0.7195965523217032,0.8,28.64749933677555
3358,0.44729729598930634,0.804531813745362,0.8,64.17750008170766
17549,0.47120000482115987,0.7524726364130966,0.0,10.430210915265016
5374,0.45044537964080333,0.7975184531449674,0.0,33.505744621211235
16878,0.5240578455626868,0.6461532084586722,0.0,9.411544725416555
3281,0.4533841421711871,0.7910155168816595,0.2,35.20019050123385
2289,0.42413579753768865,0.8577015978164471,0.0,67.91280950498408
10500,0.5537217553793954,0.591092965010517,0.0,9.345178897428394
19360,0.508433086211598,0.6764216626899806,0.0,9.496959795820906
650,0.46463828500588206,0.7664960578095272,0.0,57.07214811221108
11697,0.48744310830611837,0.7185816962648427,0.2,6.265673147181214
7623,0.4857837620245557,0.7219916882000454,0.0,50.564687772922994
21139,0.4576480814524947,0.7816547713321129,0.0,27.413218511121748
4570,0.44226751169026995,0.815840349913807,0.2,73.89473720369591
19398,0.4998720478345803,0.6934031176398853,0.0,41.63885933037349
18840,0.5568118208676436,0.5855279401807367,0.0,15.722889410169334
10675,0.5289399387447329,0.6368803909142402,0.2,19.437589822243318
10819,0.4543613002697632,0.7888625818619335,0.0,17.70562657068498
16161,0.526204162832712,0.6420659992846377,0.0,19.593929452175935
3959,0.4897652560714445,0.7138290719097472,0.2,45.64579978542544
20921,0.5322342878308113,0.6306714959245785,0.2,22.329239307331104
3798,0.4859596187945149,0.7216297474338923,0.0,57.00875004727749
11845,0.4667335918570604,0.7619966512070163,0.8,13.074338535596414
6535,0.4534604209295042,0.7908472879224734,0.0,51.76095559789449
19716,0.5503184769701523,0.5972581193031834,0.0,3.438265742092651
6941,0.4749435367720874,0.744559351966589,0.0,53.84653210700223
12061,0.4632964563637484,0.7693881352748457,0.8,4.958706663920607
1735,0.5339819830419724,0.6273931802129106,0.2,17.64229555745883
12034,0.38681411259603726,0.9498110305565891,0.0,7.503032134431013
4705,0.49891615298873937,0.6953172274319409,0.0,34.48773341965438
732,0.5590094531687122,0.5815888951136524,0.8,15.42664743961664
9448,0.503580742640396,0.6860112169386493,0.0,58.97638384916915
17751,0.4220760737462416,0.8625697116518696,0.0,42.214160503683274
15422,0.5283084971718296,0.6380748909513784,0.0,5.553484681955943
21026,0.5334651878386168,0.6283614627805751,0.0,16.50768393118028
17059,0.5641908600870577,0.5723626803202593,0.0,8.958285766493454
12632,0.5267869848529765,0.6409590154679894,0.0,7.547356651208037
5967,0.4299757356506391,0.8440265006061329,0.0,56.3598644264456
15006,0.5166901514159439,0.6603119044165325,0.0,17.856155657770163
4598,0.5025150221305159,0.6881297447086502,0.0,34.84689247705164
10401,0.5604982928482449,0.578929082240404,0.2,8.353946557349266
16479,0.47786707186586147,0.7384226774963574,0.0,10.986621091647375
14906,0.5312008558812803,0.6326150695989212,0.0,8.037374410989594
7018,0.4424954063073007,0.8153251958144772,0.0,34.40672388541469
2615,0.5200395713051875,0.6538503716381983,0.0,20.318399550384644
15805,0.5283090599489275,0.6380738257086249,0.0,19.264725802583385
6707,0.46240731391945467,0.7713091444492028,0.0,54.169037919279326
3033,0.45093408640569826,0.7964341000368931,0.0,64.18064122231583
849,0.47839208598869587,0.7373246191483159,0.0,75.03752964091474
17991,0.5153030846072166,0.6630000376243133,0.0,11.762615101753997
19267,0.46292306203847916,0.7701944114071851,0.8,24.41516342921947
4387,0.4923716630408611,0.7085214349857036,0.0,51.72560541511905
40,0.43120005360205027,0.8411831350783354,0.0,31.165834512880537
13148,0.49895566661962165,0.6952380316271762,0.0,5.208063191783845
17189,0.4916081150622915,0.710073393976765,0.0,6.097400158234461
12573,0.5346178496915881,0.6262030869615605,0.0,4.481109376292834
3471,0.5050214369472483,0.6831544012072358,0.0,56.703519642006555
18144,0.48429035555293676,0.7250706439712507,0.0,22.601901372603923
13806,0.49861248217145676,0.6959260737666922,0.0,4.011143960767718
2065,0.48118424488312533,0.7315050367245098,0.0,74.71957952061123
4784,0.48804722115350296,0.71734311315157,0.0,42.53880453713114
7363,0.49421165452198895,0.7047914031035295,0.0,35.979600590722015
8021,0.5300566940001402,0.6347713083452465,0.0,12.908073974050097
18691,0.5505889843529996,0.5967666930974492,0.8,17.90300079292348
2679,0.5580628144731314,0.5832837521960575,0.2,18.189703500726925
4847,0.4946484620030759,0.7039079464807012,0.0,53.5040445157077
6326,0.42143259654078147,0.8640954276354778,0.8,41.92591384068736
15590,0.5299684716206773,0.6349377617135776,0.2,13.111464839937764
8266,0.47653556453483015,0.7412129216639958,0.0,60.627509570305136
15785,0.5375376540142522,0.6207564674539805,0.2,4.821881065457644
1108,0.4738772153640061,0.7468070301599822,0.0,47.623881806320455
16705,0.49615365706959147,0.7008696077539764,0.0,11.563998954037665
21128,0.5969732181976735,0.5158830272362166,0.0,3.5392156815325704
12899,0.4823740576379187,0.7290354127144072,0.0,12.235037356184172
3503,0.5619527432751928,0.5763375193228758,0.2,16.489016779595985
15898,0.5503873070310683,0.5971330539823572,0.0,5.685005349777359
4129,0.4521844805947423,0.7936650395088449,0.0,57.23118648339751
6762,0.49072040059930044,0.7118807622664709,0.0,31.789034570014195
6984,0.4775271897579467,0.7391341787810215,0.0,72.37897234548353
12309,0.5552246895566104,0.5883824011158056,0.0,7.550917113635167
14494,0.4655159335511849,0.7646089539546024,0.0,12.565200008110244
14562,0.4437010367718851,0.8126042839493719,0.0,19.2485651384905
293,0.4705944436855699,0.7537586096315687,0.0,38.12887570276538
956,0.454676673444202,0.7881687204475347,0.0,14.90230104398178
564,0.4202660690358458,0.8668672705752943,0.2,63.164281818640546
2583,0.46090582193273927,0.7745615476740532,0.0,43.01140179683047
18898,0.5289617491784536,0.636839157529375,0.0,19.835630653448327
15862,0.6393292623734744,0.4473356797347358,0.0,6.651881933074565
18586,0.4825058547489984,0.7287622240819,0.0,20.224244261127275
8278,0.4647870452458349,0.7661759455070513,0.0,45.9743884285148
5860,0.39513552519115414,0.9285264711772035,0.0,69.22165125989844
7813,0.4649097491034169,0.7659119801819253,0.0,28.33108397162608
12724,0.4762369149920352,0.7418398280010141,0.0,7.505193262556613
12158,0.4792156534377271,0.7356045669428615,0.0,12.33424846780148
2836,0.4706178674238121,0.753708836083198,0.0,54.66273448700235
14442,0.49299133695838643,0.7072636771863604,0.0,4.388925006438655
12732,0.48314913419983996,0.7274299065288216,0.0,5.772156440115131
10301,0.4175476577844271,0.8733565908240246,0.8,32.640392017438714
4882,0.45037654011396017,0.7976712902939478,0.0,59.992857012717934
1737,0.5335548918382,0.62819332348966,0.2,17.66479558554638
17249,0.44897956660530364,0.8007779009495906,0.0,46.72938487917051
8753,0.4543272100040124,0.7889376136585973,0.8,15.407950631693794
3387,0.4733799482802767,0.7478569396217273,0.0,39.391495108681085
16668,0.47868118938322013,0.7367204785652345,0.8,6.414993553054952
14729,0.5094326929337687,0.6744575391994251,0.0,12.75736368501578
4738,0.5070636729172534,0.6791186956684224,0.0,44.512833664083274
13694,0.42949550580737506,0.845144001390512,0.0,10.747992071241978
8152,0.4859532695174056,0.721642812961031,0.0,45.18386282880165
5211,0.5034585290913837,0.6862539354761342,0.0,58.553930382180916
14370,0.47378000957082234,0.7470121798511722,0.0,6.762700888042119
16625,0.4632964563637484,0.7693881352748457,0.0,4.958706663920607
1581,0.45037654011396017,0.7976712902939478,0.0,59.992857012717934
1838,0.4818937309381931,0.7300316644717382,0.0,54.77062674093208
15523,0.47495380926730113,0.744537723323753,0.0,9.485410424733454
9072,0.5450923292768505,0.6068000871502467,0.2,17.585067405222432
20144,0.511597641479611,0.670216819374841,0.0,3.994492109248653
6467,0.48229522320381246,0.7291988561573516,0.2,39.95644720626622
812,0.5014570031544227,0.6902374117374386,0.0,55.53891733687199
11206,0.4982457825619425,0.6966617844269286,0.0,6.063395697251867
9786,0.5018057929163262,0.6895421008431811,0.2,20.928981350278093
17540,0.4664359518848543,0.7626345631155124,0.0,5.726623164262762
12068,0.5735998457263813,0.5558232586535594,0.2,7.674529580250097
15917,0.5181066586770753,0.6575741531361355,0.0,5.829395030600853
12891,0.5454528666529196,0.6061388813780327,0.8,10.44043898194149
16639,0.43774736992960117,0.8261133159904758,0.2,10.938772582951085
18531,0.5297300368003345,0.6353877667338201,0.0,19.365984406404586
18590,0.4920997923831966,0.7090737530099143,0.0,20.146556925433508
8918,0.4803976664082889,0.7331410463895037,0.0,54.043492346470714
7138,0.4917402247980755,0.7098047003079527,0.0,45.108090870722435
6988,0.4910984611333094,0.7111106394517043,0.0,15.92532173970563
443,0.4194591110795057,0.8687892284344896,0.2,65.71955826845922
20829,0.5204217206703455,0.6531157948013868,0.2,16.450681082933478
18112,0.5263777508416522,0.6417361665024879,0.0,9.894288357121052
17215,0.4766258636390576,0.7410234488174695,0.0,6.34056746205961
11392,0.46494363171915837,0.7658391028521113,0.2,6.089186322607208
14181,0.4174870334028149,0.8735017928913364,0.0,34.78284112636143
6040,0.4860254754735274,0.7214942377856443,0.0,62.80607560106601
2488,0.5031021895722803,0.6869619693331735,0.0,22.817441916223437
16267,0.5024379920947447,0.6882830454795951,0.2,4.856869281545257
19889,0.4763811223350968,0.7415370679471152,0.0,3.3424782842686813
6175,0.4991383247786689,0.6948720176792704,0.8,42.463629424496446
16712,0.5363509912281942,0.6229664978408556,0.0,9.781197115679275
12635,0.5416305920830868,0.6131710743354605,0.8,7.683646816703888
1369,0.5014196991250162,0.6903118057867548,0.8,31.78885812981394
1123,0.4226672733834401,0.8611699972043263,0.0,42.14565848054271
14954,0.4475067987209247,0.804063548710177,0.0,5.150429200823325
12929,0.5076414693961576,0.677979849480976,0.0,10.851066921959688
584,0.4220760737462416,0.8625697116518696,0.0,42.214160503683274
7700,0.4371638513610121,0.8274472082549914,0.0,44.562165865336695
76,0.5560610610672442,0.5868771686981672,0.8,15.869158619210854
3821,0.4693046154308128,0.7565032215171215,0.0,55.36847262976981
17911,0.5376262207676925,0.6205917172131699,0.0,15.190223313082479
18946,0.5617067937746297,0.5767752844935192,0.0,20.475522599519934
11716,0.49507921972780383,0.7030374893643089,0.0,10.557161450654073
11089,0.5643264836184629,0.572122323301708,0.0,8.016006097666235
19137,0.4876066613507866,0.7182462199613926,0.0,9.121726856515092
7384,0.6194549153499582,0.4789153564289345,0.0,9.398714098282477
12157,0.45880371867006886,0.7791327885503768,0.0,10.242090214552451
5963,0.4956120811165149,0.7019617527758419,0.0,14.78682469711113
3477,0.45336347117332726,0.7910611106004831,0.0,53.068336898054
16063,0.5498213824483591,0.5981618126861062,0.0,5.453441165255109
14867,0.5016886434135046,0.6897755839580099,0.0,21.72793089467731
12422,0.45692627303441,0.7832332292549942,0.0,5.477933359281009
18602,0.5631153995429131,0.5742706993013099,0.0,22.276821336855598
13395,0.4671182259676792,0.7611728928225971,0.0,4.677026853014847
1726,0.5567662756375579,0.5856097399759268,0.0,16.514194555624943
8201,0.5564824521912817,0.5861196412142228,0.0,13.800186438139008
4433,0.4622477035894103,0.7716543766246786,0.0,54.50194355796116
7644,0.49788767280561713,0.6973807840144298,0.0,15.736397763727128
20087,0.4674059289291302,0.7605571720431336,0.0,24.189522539583173
4428,0.4683872486792996,0.7584598707732397,0.2,52.37923682389126
3637,0.5097438620544466,0.6738469106899218,0.0,45.88897358977489
4141,0.47839799788037957,0.7373122613871238,0.0,46.491222054151876
1798,0.45189267370711456,0.7943105748956704,0.0,61.77750314447814
4334,0.47265221910030575,0.7493954271036637,0.0,45.00119482583167
585,0.4569046444190827,0.78328056539764,0.8,55.65600081336757
5277,0.4762282954113509,0.7418579275191705,0.8,33.38546319435805
14916,0.5482600146744523,0.6010056252309042,0.2,3.905094269374459
4522,0.45465686498338936,0.7882122874336376,0.0,64.76228164965049
14094,0.4558191844665003,0.7856590733974557,0.0,9.695818687736082
14301,0.41698265203168566,0.8747106598911967,0.0,5.615642294689338
16525,0.5019745951768402,0.6892057677884461,0.0,5.865140912987439
5327,0.48972306122927856,0.713915228817281,0.2,64.82421575499849
102,0.45547203995083335,0.7864209473695893,0.0,61.08524948689912
17724,0.4725341027663372,0.7496453594859903,0.0,14.705043503222011
1575,0.5220218196620438,0.6500458918542412,0.2,19.13735140335082
6190,0.48225253357431297,0.7292873735567802,0.0,59.80156463165598
16328,0.5779712240568917,0.5482311969177917,0.0,6.798066763355514
10417,0.4520017499037924,0.7940692276888328,0.0,73.1655366400208
6409,0.48045693106142856,0.7330176881761572,0.2,20.065260291278
4989,0.45925757694808833,0.7781440564969515,0.0,53.75030129620372
5540,0.4281726619808902,0.8482287489074322,0.0,41.16878543452869
13785,0.5396850032438946,0.6167696369515149,0.8,6.464300477128096
2613,0.5158964876738348,0.6618491389077714,0.0,18.55163055566352
12619,0.5039991910404683,0.6851806159904925,0.0,7.061539872228927
7516,0.4834883827671757,0.7267279917462696,0.2,20.072226355802727
12766,0.4854634027164377,0.7226513746966778,0.2,9.124557331748246
15847,0.4817224134884804,0.730387236454438,0.0,13.047298605459313
2195,0.4197995977537305,0.8679778297815555,0.0,41.01195245717851
18091,0.5051917803811354,0.6828171586675825,0.0,9.395598121180106
2508,0.4555139164006801,0.7863290108263654,0.0,48.44179535239826
9358,0.5067706043782845,0.6796968346280042,0.8,17.14263432249232
1110,0.4910984611333094,0.7111106394517043,0.0,15.92532173970563
101,0.46824471668420725,0.7587642208306014,0.8,44.73294747563478
17866,0.5227096528513897,0.6487291261458707,0.0,10.00210519177363
13723,0.4838413355172762,0.7259982451891398,0.0,12.190237493205224
11950,0.5669900027715804,0.5674136072059814,0.0,4.05502140666837
1229,0.49112958197714235,0.7110472715931674,0.0,52.525063905536925
21220,0.4737152990413251,0.7471487726743972,0.0,3.835040113109547
1987,0.4781002677945821,0.7379348032277052,0.0,53.574065588332246
19644,0.42688120879208014,0.8512495040083495,0.0,59.1618470230986
20220,0.5537217553793954,0.591092965010517,0.0,9.345178897428394
12043,0.46764946486421877,0.7600362704105419,0.0,8.67676460844638
11219,0.4601299643244071,0.7762462982633874,0.2,38.24992544133299
20397,0.4842257577709745,0.7252040393400409,0.8,24.656573551508025
17193,0.5377047078400875,0.6204457396904439,0.0,8.940622718415208
2412,0.5088080361369136,0.6756844727867047,0.0,52.08513954368724
6259,0.47303303670618774,0.7485900478844613,0.0,49.44811584145964
6903,0.5545348551525151,0.5896256154611723,0.2,16.03781662808173
15650,0.5316331478695486,0.6318015991781758,0.0,4.489898007921608
9619,0.473741507298324,0.7470934492932568,0.0,24.66155493216653
3284,0.491047886757395,0.7112136269057995,0.2,63.33712976114115
13618,0.5390382854347383,0.6179686801045201,0.0,8.347829976483359
10020,0.3550127555921157,1.0356015589068366,0.0,6.956135679078234
17320,0.4016998387969241,0.9120501389191367,0.0,59.52494828069105
6998,0.5267247678160538,0.6410771290758108,0.0,15.966345479555658
11764,0.3286147978726317,1.1128690413051874,0.0,8.390475869469176
10534,0.4774128590382574,0.7393736298761551,0.2,15.249950247374782
20528,0.4955086722014251,0.7021704234451198,0.0,20.959786738051687
1291,0.45687583629677025,0.7833436180080424,0.0,63.97958940316312
20870,0.42524800635703974,0.8550827358840225,0.0,6.242104135047453
10499,0.5277870429809759,0.6390624043219099,0.8,8.248059138347564
14910,0.5825607693697061,0.540321773885558,0.0,2.4795366131467516
696,0.49005757559232876,0.7132323935713568,0.0,49.965492828536995
21193,0.48744031284568495,0.7185874312283732,0.2,23.295169560445757
20833,0.5160665375270894,0.661519573117833,0.8,21.175902843101216
20341,0.5286860297418403,0.6373605398805784,0.0,2.668724337492093
3489,0.4649412634033354,0.7658441966348696,0.8,63.189806300362804
13984,0.4656526389748472,0.7643153327378261,0.2,9.677187229641799
11383,0.3833191575250445,0.9588873273461909,0.0,3.465418708210813
1931,0.4483720565512207,0.802131907854398,0.0,34.25103307736087
14580,0.5747758474285857,0.5537751447474534,0.0,2.1742873118465864
3687,0.4056281962530972,0.9023183117320924,0.0,93.02901656275024
10696,0.4264893394976192,0.8521679076790418,0.0,65.7958833717158
2599,0.4481591165075072,0.8026069388496756,0.0,62.07563231164123
6932,0.47155012295081933,0.7517298772546687,0.2,51.87688043521295
70,0.5051095036837426,0.6829800342352422,0.2,19.874719256781756
16092,0.46993478590941895,0.7551613472893891,0.0,12.977144695071694
17395,0.4540938352649665,0.7894514166916631,0.2,30.646504507928448
955,0.45167286074056157,0.7947971206137375,0.0,61.79149826126971
10337,0.4938479314429383,0.7055276402710987,0.0,34.70913718790912
17340,0.43040956153019,0.8430180549301369,0.0,77.30054028955021
4536,0.4523298229936888,0.7933436683605485,0.0,59.27269003293385
12579,0.4713820965175474,0.7520862685871127,0.2,6.668523805981993
21099,0.5012941613986164,0.6905622017012785,0.0,3.0999338623956123
9657,0.49759850660514615,0.6979617387571168,0.0,41.80790921655639
11213,0.4549207145194243,0.7876321290186077,0.0,4.967989751433657
12539,0.5394515211359278,0.6172023571983701,0.8,6.468835921627658
7734,0.537130342600528,0.6215144902750017,0.2,17.47698739540636
9991,0.49335393896358215,0.7065284335949285,0.0,53.32170174587071
3126,0.4668423017530308,0.7617637619535431,0.0,57.162753394409435
4243,0.5011938743511769,0.690762277999843,0.0,55.58218416961034
16886,0.5269146544147806,0.6407166896374676,0.0,8.797680831194105
13550,0.5310450319962057,0.6329084553168056,0.8,8.886034990298679
11094,0.5747758474285857,0.5537751447474534,0.0,2.1742873118465864
13826,0.45643809421380294,0.784302197751246,0.0,13.946462105258972
3054,0.4529962016932809,0.7918715383172998,0.0,60.186194094866224
18553,0.4984155061541835,0.6963212001265184,0.0,17.966479637539486
20798,0.5025996463691541,0.6879613574758492,0.0,50.623634547830775
4171,0.4595323647999221,0.7775459048465233,0.8,63.797640899436786
3679,0.4529801376913274,0.791907000616384,0.8,33.675846409565935
4921,0.39569124917793663,0.9271210456244356,0.0,75.95902755094491
12404,0.463945997773206,0.7679871176385076,0.0,10.609358657700493
4353,0.4959112070975902,0.701358386231242,0.0,51.48671635074676
3237,0.552642566332075,0.5930438402663749,0.2,17.605394027553736
8352,0.44160781133771904,0.8173330954580341,0.0,62.15818128600783
10328,0.523365454157359,0.647475293820657,0.2,19.759004904922065
9499,0.4649348361590989,0.7658580205071889,0.8,54.575038334358524
14166,0.5253749888985378,0.6436430067874055,0.0,25.134583024012322
18013,0.5032486488586083,0.6866708992972198,0.0,20.673601333560224
7752,0.45523141319745686,0.786949388890579,0.0,30.29755447426097
3710,0.48017938023638196,0.7335955360661556,0.8,63.107557109468985
6001,0.4861526883654518,0.721232530832367,0.0,46.08675982070176
14475,0.4351968007400467,0.8319569347081263,0.0,11.231418221851724
1693,0.5036507876136772,0.6858721327831394,0.0,69.61602147748866
13871,0.4860162756227443,0.7215131667066973,0.0,11.977117638411599
6628,0.4753419219582258,0.7437208982034227,0.8,53.112828626094256
2110,0.4548853346245252,0.7877099036057303,0.0,17.487163465896998
17891,0.48344878467731967,0.7268098959096658,0.8,36.12971926025516
8989,0.5582766821382198,0.5829005933660527,0.0,12.472906758984259
13514,0.5100439621610358,0.6732583566630429,0.0,10.484315913231844
8376,0.41253328592276006,0.8854383833168331,0.0,95.20676351721424
12190,0.5267843991745835,0.6409639238746379,0.0,11.237988686320598
16628,0.4632964563637484,0.7693881352748457,0.8,4.958706663920607
2952,0.49053957061245523,0.7122493291991848,0.0,15.569770091762777
10951,0.42220329667027245,0.8622683352841608,0.0,14.304600916597366
17006,0.4427556102299101,0.8147373310727438,0.0,69.3341456311
18914,0.5090702238114452,0.6751693076817079,0.0,23.032387935496693
6668,0.4845693160813748,0.7244947906370391,0.0,21.79099162318902
6533,0.46778525228160206,0.7597459510203202,0.0,50.55919413923688
638,0.4425746488859074,0.8151461307148199,0.0,20.96351962160695
16395,0.44741155365948926,0.8042764062553189,0.2,6.863293061005823
665,0.49746101483147576,0.6982380876017505,0.0,34.04783261582683
16978,0.46286215081696697,0.7703259996433208,0.0,24.727465617046768
13532,0.49902809975843687,0.6950928726749315,0.0,19.50291621394542
8458,0.43578796333717534,0.8305994765474601,0.0,43.84111788478168
12038,0.42327025533320917,0.8597444024495816,0.0,14.087770683130861
14361,0.42365899454538797,0.8588264054869443,0.0,9.762451428650033
18351,0.5272526102326397,0.640075508980904,0.0,4.949415969266334
18216,0.5158632163754274,0.6619136331854377,0.0,15.062837755184422
4350,0.499962377212846,0.6932224289653436,0.0,56.22034057574959
10795,0.5641908600870577,0.5723626803202593,0.0,8.958285766493454
11412,0.4987913559166643,0.6955673950845085,0.0,11.980104541016289
17284,0.4776137265613261,0.7389529766104567,0.0,4.742903221005117
1829,0.4901661255144788,0.7130109136735107,0.8,46.987420299052665
4920,0.43587713151525775,0.8303948837998096,0.8,51.60904329524021
289,0.46186099329538993,0.7724913134869699,0.0,56.4073131176165
20844,0.5107377109170842,0.6718991064312703,0.0,29.805444771385815
2755,0.5368781643092757,0.6219840923205427,0.0,18.326762561472542
4496,0.4537523407805531,0.7902037346713622,0.2,55.4802034878232
2980,0.4450638135406391,0.8095376058819488,0.0,61.124134708655106
13574,0.5140376631727196,0.6654587415563319,0.0,10.150574904175414
10307,0.4616007101098036,0.773055025423305,0.2,55.85322558683379
14872,0.5316998978932811,0.6316760505100777,0.0,18.44809780212731
3999,0.47452260715401007,0.7454460179069117,0.0,70.14274112126824
2383,0.49289371753692207,0.707461711270229,0.0,60.20499324834785
5957,0.5044737166877269,0.6842395382904507,0.0,48.00624851221805
18838,0.5206418837382346,0.6526928368375526,0.0,18.812238505455305
16138,0.621875680053771,0.4750150775160751,0.0,5.2897679775126
496,0.4646339028280683,0.766505489228806,0.0,57.56456107148878
6312,0.5014998097098996,0.690152051022094,0.0,42.268358994965084
21230,0.550798082935633,0.596386992642712,0.0,21.683140130508114
16780,0.3668944483167592,1.0026810790606482,0.0,3.6819952506993228
2332,0.42380816677913224,0.858474362972278,0.0,27.750182800632942
13722,0.48431337161342936,0.725023119767386,0.0,12.338443889188882
11752,0.4002107557981833,0.9157639811362291,0.0,18.834517283011195
83,0.49310528656932046,0.7070325647198487,0.0,22.685139191728695
16474,0.4460592958603769,0.8073033854395993,0.0,8.282529489427148
7773,0.453785517429115,0.7901306211405568,0.0,35.27933343956951
9837,0.5314205657814227,0.6322015452735231,0.0,15.014786700246177
10950,0.5217897322299376,0.6504905840700154,0.2,4.882257129606706
7765,0.5043219112747019,0.6845405019543742,0.0,15.799194080051965
18040,0.4879862247902828,0.717468101416169,0.0,35.46803657880081
15200,0.5158086224830735,0.6620194689567529,0.8,11.641613333884985
11452,0.4960775516282779,0.7010230103899663,0.0,21.70367226127835
1968,0.5033988499327212,0.6863724808828137,0.0,59.16531099406241
19411,0.43771985275189706,0.8261761788298837,0.0,60.82309255461668
2437,0.42901590422124947,0.8462612879644932,0.0,66.09300852696529
11810,0.5313147600387971,0.6324006649233637,0.0,9.719050067584293
14133,0.4957378607932559,0.7017079984311883,0.0,20.216208398451823
14597,0.48590588672259727,0.7217403225529131,0.0,3.306653154244961
9819,0.48631227343407424,0.7209043234905629,0.8,29.960784674279225
10267,0.44560497688285045,0.8083224214842841,0.0,12.651862886424611
28,0.5397082897104057,0.6167264896266856,0.8,53.523843436195065
11227,0.5833696960363399,0.5389341666132016,0.0,3.3575598682795995
11965,0.5733810132494922,0.5562048386561059,0.0,9.233000003428398
9720,0.4994410372300676,0.6942657314446692,0.0,52.6357554760487
11252,0.5788856939792801,0.5466502406238857,0.0,21.34696673958522
9227,0.49137107451953393,0.7105556840391888,0.0,30.661544098559137
1596,0.4864223893424447,0.7206779186690743,0.0,57.68666542943345
17787,0.4984155061541835,0.6963212001265184,0.0,17.966479637539486
18012,0.4870644963845164,0.7193587285605979,0.8,35.53632228854785
315,0.44726529896502976,0.804603350437083,0.0,40.79741128786682
5707,0.4453941761942481,0.808795599695077,0.0,71.08504784886102
8369,0.5029457137533995,0.6872730396502534,0.0,31.64892295154646
11802,0.4794007472990924,0.7352183981614319,0.8,12.194699383349654
2356,0.44676837152714033,0.8057150031755977,0.0,39.504205622160725
12240,0.4631718365249347,0.7696571565473962,0.0,8.756967018252078
9217,0.4614224774929148,0.7734412185796586,0.0,24.924144301384935
2794,0.4553245531782081,0.786744810622981,0.0,29.455724629294835
12419,0.4085187891632753,0.8952173702361064,0.2,6.616999615558104
13571,0.515120970343718,0.66335351203035,0.0,9.160912279493346
13047,0.468650462110768,0.7578980717434667,0.0,12.589444915989151
15935,0.5013456612599909,0.6904594731635604,0.8,12.026078216232515
13230,0.5032734278052468,0.686621662529904,0.0,5.923142188275567
12864,0.4430658440123877,0.8140368878995157,0.0,5.733261981583937
16833,0.3550127555921157,1.0356015589068366,0.0,6.956135679078234
14241,0.4559253137277859,0.785426268566771,0.2,11.530057862253274
7177,0.4846896129101341,0.7242465662961973,0.8,18.142375933163464
1712,0.4220760737462416,0.8625697116518696,0.0,42.214160503683274
18703,0.4870556631757269,0.719376864328969,0.0,66.5819258975041
8438,0.5264644891753529,0.6415713966431487,0.0,44.310127628094826
12731,0.4889767002148046,0.7154404384649441,0.0,5.610125888459944
21151,0.5147865122055731,0.6640030036702674,0.8,52.65543641797289
3409,0.4870604441989851,0.7193670482028994,0.8,52.56774759626038
16873,0.5212473345023109,0.6515306195468321,0.0,9.590204996671261
3298,0.49142668904865183,0.7104425081015974,0.0,50.44141807521341
21158,0.46226318570954905,0.7716208840605144,0.0,9.955066825404478
18141,0.5038818925321669,0.6854133785866814,0.2,26.614943303001695
15519,0.6007961593825457,0.5094995710583937,0.0,4.703190391755656
15447,0.5574660716494791,0.5843536355276282,0.0,12.323930211720452
9915,0.5235330603864018,0.6471550980650106,0.2,48.575460080791196
2190,0.4619207192454857,0.7723620059906898,0.0,62.105628783858286
10765,0.44579211605421265,0.8079025431257066,0.2,12.705641942619629
19548,0.49741055305926896,0.6983395313938514,0.0,23.825946155441628
17530,0.42220329667027245,0.8622683352841608,0.2,14.304600916597366
4228,0.4441350889881615,0.8116265083480785,0.2,69.72277420888668
5155,0.4506506039062651,0.7970629539023623,0.0,41.29582969572691
10334,0.4592383821519358,0.7781858526441531,0.0,5.023967748897458
539,0.47214423172071535,0.7504707643958389,0.0,42.855629794467355
18891,0.4693002606190239,0.7565125008462621,0.0,10.354008397663824
21067,0.5113593130502138,0.670682779223208,0.8,9.41638587490285
9276,0.496399203000295,0.7003748312124117,0.0,34.53548388890249
13101,0.5216968210561979,0.6506686624049832,0.0,7.601111418463381
499,0.4281068680864235,0.8483824227774381,0.8,62.780299285530425
5146,0.505299014363936,0.682604917281989,0.0,33.17459924029778
15791,0.47942853868179414,0.7351604287541226,0.0,12.203662696656263
14526,0.553381134343771,0.5917083026625708,0.0,6.977424478800514
20838,0.5238680887249851,0.6465153654271504,0.2,32.05455299896958
3664,0.436361123879732,0.8292851126767155,0.0,62.83908067846678
3985,0.4076938421915609,0.8972387730444511,0.8,36.97969274524054
18706,0.5017005495382728,0.689751852140182,0.8,24.803476629272886
4743,0.5084165856887929,0.6764541168929223,0.0,45.626833280988805
20721,0.5181574329074086,0.6574761583666819,0.0,23.78189837077823
9197,0.4836879478826855,0.7263153159765723,0.0,52.45267821559578
12843,0.5139909981710475,0.665549526966231,0.0,4.667498998910161
10849,0.5133813711507642,0.6667362964570959,0.2,15.804315896977041
14248,0.5308740294548477,0.6332305185493883,0.0,7.418295923377233
17978,0.4879989364482416,0.7174420525407058,0.2,46.63373341514588
4300,0.4693823903570551,0.7563375114861086,0.2,55.52651909820033
13094,0.45753403283709493,0.7819040083183028,0.0,5.117952904186528
2323,0.5126991618237837,0.6680660350216248,0.0,35.93192904322963
17508,0.46463092003232725,0.7665119089181511,0.0,56.338625305484115
12223,0.5901526914723566,0.5273739764593945,0.0,5.55482983855175
13080,0.4809344820275602,0.7320242301549874,0.0,16.915249605099035
13266,0.47205302333649174,0.7506639621286618,0.2,11.234811685212803
15640,0.5581291448866066,0.5831649009303823,0.0,9.496257200033797
1724,0.5577496010206776,0.5838451610069494,0.0,17.44704572143367
19547,0.4972788877887405,0.6986042678349765,0.0,23.834978432590596
6346,0.46573886893975236,0.7641301690028796,0.2,35.24932405481928
17773,0.4984155061541835,0.6963212001265184,0.2,17.966479637539486
9145,0.4542979131986166,0.7890020996708322,0.0,62.595486874640784
12296,0.5084196051094905,0.6764481780392015,0.8,11.36500591923042
14230,0.49939749640457143,0.6943529143557355,0.0,8.933197401102493
20600,0.4603389935364053,0.7757921184373189,0.0,26.470027732151976
18855,0.508422896342836,0.6764417046013961,0.8,26.729593544456918
12984,0.4538559394507516,0.7899754452806528,0.0,13.32017004846347
11409,0.5261261385829202,0.6422142878017122,0.0,7.9971733331059625
6867,0.5079932567638614,0.6772871055786436,0.0,18.632169075398515
9447,0.49668530278069134,0.6997986470374579,0.0,38.77234852390393
72,0.5229181019677301,0.6483304199750732,0.0,19.774077809239735
4752,0.4812505592236017,0.7313672313577497,0.0,55.40107056529412
5245,0.5104664465917468,0.6724303700962739,0.0,51.155143483215994
1000,0.42897479180795856,0.8463571221349863,0.0,52.25493280480447
4289,0.46899280889763983,0.7571678434942601,0.0,50.67534922797707
15192,0.4536675836684419,0.7903905436890486,0.0,13.327169229792096
2666,0.48456876002020816,0.724495938174589,0.2,46.096049920759214
1383,0.4643126481166615,0.7671971430680652,0.0,45.544656759325775
16004,0.4982463676979065,0.6966606100354117,0.0,4.914243874093511
12382,0.4532495171964095,0.7913124945514737,0.2,5.263739359673355
6717,0.4870883675297402,0.7193097195269793,0.0,57.936802786153926
5536,0.4537989621483413,0.79010099366338,0.0,26.420979157060927
10862,0.49177990379548414,0.7097240125898744,0.0,10.575952871766347
6106,0.39564748993716425,0.9272316410967765,0.8,57.58108349726661
10067,0.5536793209638154,0.5911696028547583,0.0,17.8485934431977
3173,0.47656553346602926,0.7411500344607981,0.0,61.4450427022483
5725,0.4673027308935012,0.7607779853093076,0.0,51.80897963870877
6492,0.45167286074056157,0.7947971206137375,0.0,61.79149826126971
16114,0.508505438992803,0.6762793673996875,0.0,7.585825669281897
19299,0.5246332953737839,0.6450557454471311,0.2,10.49441164954252
18002,0.4651928044812964,0.7653033260383001,0.0,21.927852936238285
5506,0.4414009962527302,0.8178015281327544,0.0,60.21063750877405
7946,0.42636815657309374,0.8524520886257986,0.0,67.94042886199881
757,0.4545371419395083,0.7884756482645746,0.2,14.939644029858727
10879,0.49592549055364205,0.7013295841994425,0.0,5.684276460523284
2521,0.5031992434100363,0.6867690771541982,0.0,50.88959018901576
3022,0.4861665191939265,0.7212040816803436,0.0,73.01469968865985
558,0.42010606862548083,0.8672480552422956,0.2,69.44489199347336
17359,0.4691044409951989,0.75692984663818,0.8,7.211270250452707
3415,0.44238023466729925,0.8155855072872282,0.0,52.19747246638261
17585,0.48827610365100865,0.7168742469555389,0.0,49.600528162376776
19102,0.4631718365249347,0.7696571565473962,0.0,8.756967018252078
14339,0.5268205367409579,0.6408953259302724,0.0,13.471619433227513
16529,0.4671750981576187,0.7610511490649544,0.8,12.65818373036341
8099,0.4762699977054049,0.7417703634901701,0.0,44.7213358939334
11312,0.4936159858534038,0.7059974206645642,0.0,2.586979401484691
1302,0.4863029116331797,0.7209235742714237,0.0,40.76823032513316
20656,0.5197469189085228,0.6544132802875158,0.8,22.466007862342643
20818,0.5137714861320674,0.665976691891339,0.0,23.259901067065094
13095,0.4650914440155178,0.7655212389317916,0.0,5.46321888719369
15033,0.466486471650723,0.7625262587921441,0.0,24.861023703371707
7040,0.4662648056006895,0.7630015538887311,0.0,57.9614160682022
6519,0.4714407171173382,0.7519619173325216,0.0,73.50427741925398
19546,0.4972151829386377,0.6987323829279973,0.0,23.83934946297165
5586,0.46724272510745335,0.7609064023611375,0.0,30.626482695035783
17511,0.4665803254323706,0.7623250860952749,0.0,39.648526448277906
3617,0.4829973495558702,0.727744112806587,0.8,43.70103341881085
4595,0.47499447835011815,0.7444520995411282,0.0,55.833907465584616
8542,0.459329858370677,0.777986681336006,0.0,69.1046645954438
8920,0.4954880038352713,0.702212135726617,0.0,15.11511595364276
12438,0.5801578777259196,0.544455009506457,0.0,3.0282588475098526
14680,0.5316729408515414,0.6317267515262468,0.0,7.6694786702816335
14130,0.4523204129852024,0.7933644719995958,0.2,6.256868625452178
5781,0.4351969145496166,0.8319566731952777,0.0,82.8420831944895
10443,0.4952963707748991,0.7025989667418664,0.0,23.18576590248159
9352,0.4343474949350804,0.833910385680705,0.0,52.661442128182784
11997,0.5113855435949826,0.6706314848175621,0.2,1.5920925944286743
8172,0.43120005360205027,0.8411831350783354,0.0,31.165834512880537
4018,0.46727634757754194,0.7608344456272712,0.0,28.265000815994355
8140,0.533228538714617,0.6288051686391388,0.0,18.178758528760127
1927,0.4734942906224146,0.7476154242483103,0.0,32.23755274934765
7939,0.442230166038851,0.815924794796776,0.0,62.49983803643062
15625,0.6505596979264756,0.4299222128707253,0.2,3.726995522334332
19158,0.5535048668901339,0.5914847339359985,0.2,6.61693988099815
6708,0.4588600943198195,0.7790099207876439,0.0,55.239593364184344
18826,0.5031749089674193,0.6868174377814346,0.2,22.90742244248429
3152,0.4711960603943595,0.7524810074726669,0.0,29.171805964543253
4571,0.4644479811908776,0.7669057158242665,0.0,67.78679867913795
7774,0.45393535258550827,0.7898004862660513,0.0,35.264592916919085
20540,0.48717555147144725,0.719130745554446,0.0,24.25555961101125
9700,0.5144477376816997,0.6646613077174655,0.0,51.87681709573352
209,0.4924755982466978,0.7083103663046847,0.8,26.31726809342426
14773,0.4175860555464299,0.8732646348619626,0.0,34.77339749370414
13963,0.4784888113141714,0.7371224511960084,0.0,12.757379083923825
18601,0.44726529896502976,0.804603350437083,0.0,40.79741128786682
11204,0.600766450173983,0.5095490220122307,0.0,3.2733684420914098
19013,0.5090868547932736,0.675136638887905,0.0,45.521089937370505
7544,0.4891419878868935,0.7151024678777896,0.0,48.323049812421516
6100,0.49986701912948545,0.6934131776750705,0.0,8.164940067930404
1431,0.4483720565512207,0.802131907854398,0.0,34.25103307736087
19286,0.4281188987514003,0.8483543211588148,0.0,27.65719827265134
17504,0.2866400696709517,1.2495279629246543,0.0,9.552640656904764
10521,0.6500246644337482,0.4307449715296688,0.0,1.468194165213715
1677,0.45381507499008955,0.7900654877300414,0.0,61.03650708460468
17906,0.4812732731545379,0.7313200347478034,0.0,23.043894462289156
7377,0.5800179536452115,0.5446962213600451,0.2,1.586809108323222
11853,0.4353761670349592,0.831544869771378,0.0,6.665248159005881
18744,0.49149372336743247,0.7103061098377343,0.8,35.08912290982519
19912,0.5452039551183153,0.6065953247504248,0.0,3.1956958126744928
10703,0.47270297113668813,0.7492880557432369,0.0,14.511835933694933
11448,0.5613669611700656,0.5773804675697684,0.2,11.28490197099291
8423,0.4428991900771068,0.8144130967358333,0.0,36.01334191833632
8517,0.49208945863481673,0.7090947525247323,0.0,32.894907841807054
8196,0.5568510282676757,0.5854575285654462,0.0,16.420325588467463
5452,0.5231294048631073,0.6479264174859484,0.2,49.09014462535998
19183,0.5176608957374381,0.658434892527437,0.0,29.971956609256512
18445,0.512805733042596,0.6678581935579138,0.0,7.331413294305231
7258,0.4860354564465284,0.7214737020914844,0.2,49.146787815854864
20609,0.5429049203424258,0.6108210750386278,0.0,20.859846469903005
929,0.4915445357278271,0.7102027316426951,0.0,51.91937037163421
11121,0.5273862900632306,0.6398220007303184,0.0,19.135157532606712
15399,0.6192023767070984,0.479323118362729,0.0,3.8412956698624225
6371,0.4954829453213436,0.7022223449339242,0.0,61.830679614444556
16168,0.5217731130853938,0.6505224348485666,0.0,20.491456697729845
2248,0.5099167680731341,0.673507766438911,0.8,47.48903405037543
20283,0.5081827095505226,0.6769142315978834,0.0,13.914649102241686
19795,0.5531736857465263,0.5920832476646777,0.0,19.840708070796687
8972,0.48484605627806626,0.7239238481657321,0.0,50.71448540417439
7065,0.4784883900533379,0.7371233315948996,0.0,75.69888031318604
4489,0.4554442138250059,0.7864820421754418,0.0,55.14811995728852
10760,0.4559795990653864,0.7853072093602615,0.2,56.919069170655916
7330,0.45726225141041965,0.7824981983895821,0.0,59.293802176968086
17208,0.5267623762083227,0.6410057311617534,0.0,5.166506309312766
10145,0.5272854206588651,0.640013281872398,0.2,8.357293490843283
17990,0.5046192027398627,0.6839511881289484,0.0,10.545158917631316
8710,0.5403376432945177,0.6155610694605386,0.0,22.825004408633188
5089,0.4506506039062651,0.7970629539023623,0.0,41.29582969572691
12995,0.47617595322240325,0.7419678434274111,0.8,12.4654306912338
13423,0.5508357941121261,0.5963185285598737,0.0,7.43400510462499
5243,0.44834291731275044,0.802196898937027,0.2,56.558890156255494
9515,0.4403753724028462,0.8201277966717119,0.0,63.19699681603945
9808,0.5898818606656144,0.5278329982922839,0.0,10.312273382271936
17433,0.500451001223989,0.6922455846717152,0.0,52.8321788498277
12192,0.5247282807025786,0.644874710937731,0.2,12.178458448658708
17466,0.49040521606486664,0.7125232580690936,0.0,30.69906528060264
2219,0.4568221437110199,0.783461146090597,0.0,64.58853879645577
6627,0.4773049358007107,0.7395997139369945,0.0,51.07305847162708
4621,0.5175438085831434,0.6586611031586393,0.0,61.08423181247301
4608,0.4863564450308479,0.7208134979176509,0.0,55.848626739012076
6325,0.5290810623695444,0.6366136218699587,0.0,19.110504348913125
9677,0.4964542039965868,0.7002640374215854,0.0,24.159109291044697
2215,0.4732193764966585,0.7481961999211071,0.0,53.82149181467396
4256,0.4709101225498951,0.753088025786358,0.0,43.48706724464845
6883,0.45523141319745686,0.786949388890579,0.0,30.29755447426097
10342,0.459235714646257,0.7781916612035629,0.0,53.74969780184484
1839,0.48158076778784537,0.7306813197802466,0.0,54.81936713144422
11880,0.5009362515129715,0.6912764284823634,0.2,6.560212983263866
4440,0.4886815658246028,0.7160441962592963,0.0,42.121303122743306
1601,0.4506506039062651,0.7970629539023623,0.0,41.29582969572691
1223,0.49259657109662036,0.708064754146925,0.0,41.3817801252763
3748,0.47207627128322743,0.7506147147493614,0.0,74.36715057309866
15008,0.5273862900632306,0.6398220007303184,0.0,19.135157532606712
5177,0.44610606841786987,0.8071985336724078,0.0,57.597654079906526
2258,0.4606822516285577,0.7750467325738608,0.0,44.95658655078602
7834,0.5080773666631884,0.6771215464185226,0.0,46.044265156459545
5891,0.46430718507204116,0.7672089090123734,0.0,71.35042853815072
8784,0.538817443998308,0.6183784593235567,0.0,52.1849601638133
8221,0.5552567383221061,0.5883246806268358,0.8,15.762983298203086
1357,0.4665803254323706,0.7623250860952749,0.0,39.648526448277906
10909,0.5509973897576178,0.5960252071224439,0.0,5.433067475402082
18521,0.4812732731545379,0.7313200347478034,0.0,23.043894462289156
7782,0.4379321512726561,0.8256912863750204,0.2,32.718010923085586
20159,0.4738706229450807,0.7468209419172219,0.0,4.648960648324287
7615,0.4912983640942156,0.710703669562283,0.0,46.238381717725105
21249,0.4294919742501984,0.8451522239950521,0.0,7.1563268354980885
817,0.4917058356509088,0.7098746363188103,0.8,43.47626863516079
4617,0.48524896552574653,0.7230931887730094,0.0,55.114160972579285
10186,0.45922526376543765,0.7782144185793588,0.0,26.477968992691018
16299,0.4517574520569724,0.7946098536702672,0.0,12.874268961319922
18893,0.4502947282843092,0.7978529588621512,0.2,16.475664057038546
11825,0.49495152933370035,0.7032954417459547,0.0,11.59136493383966
6408,0.47908373297706963,0.735879888963017,0.2,19.010353044154286
21081,0.523878563207229,0.6464953711237089,0.0,9.872953823362046
17481,0.5130077484686643,0.6674643296980195,0.8,29.338394560952956
3217,0.48017159183521063,0.7336117559719983,0.0,55.90121636476763
15658,0.5546867648126289,0.5893517122873984,0.0,4.107103689953699
16715,0.49495152933370035,0.7032954417459547,0.0,11.59136493383966
8471,0.44866021337276574,0.8014894408192239,0.8,65.72213414717635
5409,0.47417821984270847,0.7461720367247072,0.0,50.92250984927993
10426,0.47762180406558197,0.7389360645421823,0.2,5.205435013646429
7875,0.4548853346245252,0.7877099036057303,0.0,17.487163465896998
1442,0.4920712313541183,0.709131793794285,0.0,33.407199238468465
3742,0.46431420894199477,0.7671937814910843,0.0,74.42163066638199
4887,0.43785115349573256,0.8258762585632626,0.8,63.429772295338545
7590,0.48619704733444036,0.7211412900629388,0.8,38.458463568569954
11194,0.5344734615120388,0.6264732008029398,0.0,18.39701331961299
6818,0.49909987372438863,0.6949490555132402,0.2,59.074837122476985
5877,0.43960063319756093,0.8218886160588925,0.0,38.01234849272379
187,0.5573073148135712,0.5846384590422707,0.0,13.937780952776485
12133,0.5172813959745713,0.6591682663259859,0.8,6.11312692686232
15115,0.45651383974116033,0.784136262339503,0.0,10.085482077122494
8701,0.5521438054310549,0.5939467495484807,0.0,17.16803007066618
18269,0.48151904142717433,0.7308095024673679,0.0,16.7801159156315
1134,0.44741665379418116,0.8042650071182567,0.8,42.66626108204553
8681,0.49006572603703685,0.7132157621032656,0.0,52.421358514590025
19046,0.44175968804247717,0.8169892369702334,0.0,49.25219290952124
10817,0.46822951597457163,0.7587966845313778,0.0,10.948676924021726
4607,0.48658606519442044,0.7203414861278021,0.0,56.211850507952356
2249,0.5049402159165944,0.6833152410383297,0.8,47.531409105016905
16700,0.46474207419310987,0.7662727064407749,0.0,11.91554109669627
13178,0.4808518279628191,0.7321961063068643,0.0,10.584260732322235
4051,0.49908743710239467,0.6949739739265675,0.0,42.99109310239123
4396,0.4404281878833196,0.8200078709972072,0.0,69.56537011339023
12384,0.4904403307759561,0.7124516571708328,0.0,23.295388223410548
7820,0.48578151835635275,0.7219963068669498,0.0,53.07033655323306
15765,0.4712303431967152,0.7524082531392989,0.0,5.88797097294032
8547,0.4838253551934834,0.7260312737597161,0.0,48.69854824135086
13180,0.5327311280592456,0.6297384322643559,0.0,11.433215165289015
4575,0.480037950683387,0.7338901142818648,0.0,61.070665971948124
6532,0.4764687970819421,0.7413530415956276,0.2,50.72708271959205
64,0.4355852466761824,0.8310647574680129,0.0,66.92149086321592
4464,0.4631939899194593,0.7696093279382302,0.0,59.67166206008421
19453,0.4825714585160525,0.7286262686174964,0.0,19.549043426289813
2381,0.4680676363121197,0.7591424714723497,0.0,50.07683324650951
11760,0.3964339533865304,0.9252458258389031,0.0,12.203991613374944
16810,0.4207025038432502,0.8658293367911782,0.2,3.256816947950836
3482,0.4559795990653864,0.7853072093602615,0.0,56.919069170655916
8873,0.4795028432625771,0.7350054550358134,0.0,19.530198721419893
4563,0.4369331588679314,0.827975050120911,0.0,48.42825891282655
4311,0.514491843427059,0.6645755772310578,0.0,47.72317564877256
8345,0.4165761079292923,0.8756861019455697,0.0,85.04663662609744
13608,0.5367239278350969,0.6222714175341735,0.0,8.783360916068233
10613,0.47210752810842,0.7505485055531771,0.0,4.9977898821317
15993,0.5043480306084016,0.6844887123002545,0.0,7.980796224620567
12288,0.4520561222863388,0.7939489425073537,0.0,13.283162958282423
16563,0.5798939367641978,0.544910059811934,0.2,6.0501364834745806
18238,0.5869373583707546,0.5328371797194238,0.0,14.430030619181284
5242,0.44752712836855124,0.8040181210520408,0.0,57.182973275128205
10989,0.4807642684217528,0.7323782154492497,0.0,3.02456827994219
15316,0.49747989600588327,0.6982001332384228,0.2,11.104873931500867
18168,0.4850240955956634,0.7235567076382026,0.0,35.74370246138712
11738,0.5286416855705771,0.6374444195909974,0.0,9.279916220291048
19381,0.5237790875420308,0.6466852722148257,0.0,9.970593053361744
9922,0.5176900746382723,0.6583785272915377,0.0,44.14427975259464
8446,0.47009352244050506,0.7548236201567381,0.0,65.25072473467173
4718,0.5041032852919756,0.684974100771413,0.0,51.3752851137829
15731,0.5351729768010011,0.6251652632197748,0.2,1.5155569866908511
540,0.4723257407474725,0.7500864027236146,0.0,46.29158531989452
6904,0.5293748087780771,0.6360585747979338,0.0,13.389032514222329
12849,0.40526784827979856,0.9032070766963518,0.8,7.2256566135708145
15310,0.5311263629339807,0.6327553144238721,0.2,5.795089670253302
12434,0.6091416182191031,0.49570449607429756,0.0,8.478530218978534
11966,0.5294905327283703,0.6358399937447673,0.0,10.543181193428515
5209,0.5086053056436927,0.6760829941891257,0.0,58.12285454620978
7326,0.4568050685989095,0.7834985248198694,0.8,59.58506221478913
8416,0.4861433645843985,0.7212517097255144,0.2,56.625473271310014
2922,0.4575781743999695,0.7818075358582924,0.8,61.8018851131262
8229,0.5544531386783541,0.589772986712734,0.0,15.401921413014724
5579,0.5168886820604899,0.6599277428208081,0.0,48.37270052785576
20816,0.6043526249029084,0.5035974353372022,0.0,8.234321340537466
2147,0.462102919708657,0.771967642777777,0.0,76.46724920129282
5271,0.47415884309047707,0.7462129014193215,0.8,35.516003953957025
15128,0.5060632647738317,0.6810935883128744,0.0,13.085339151469213
11685,0.5793116730709933,0.5459146507787699,0.0,3.4184901260344187
20993,0.5631468815988935,0.5742147939291499,0.0,8.885687205414994
20774,0.48840773571080554,0.716604697987308,0.8,23.04457387240859
10010,0.5498394856943082,0.5981288875425912,0.0,42.532647798900115
422,0.5400438356459913,0.6161049655962951,0.0,21.28642609130121
4909,0.45481585639006294,0.7878626531795104,0.0,17.490554507134135
11780,0.5536112603474144,0.5912925346626062,0.0,7.104379866000269
8219,0.5266460989993493,0.6412264949246853,0.0,19.24000105359773
1913,0.491240832337729,0.7108207778807324,0.0,59.43882997558227
2024,0.5498652022646421,0.5980821175858562,0.0,15.581833108306016
2334,0.4177620841342592,0.8728431852122344,0.0,28.21465496309572
66,0.5137515214450309,0.666015551725896,0.8,53.08143744003575
1286,0.4939833289414479,0.7052535094457494,0.0,36.70844462858553
6842,0.4370769455765039,0.8276460225521483,0.0,59.660862777939045
4841,0.48702554250071384,0.7194387086081669,0.0,53.17731280543847
13409,0.5174424156607436,0.658857034119553,0.0,13.635705871820145
2288,0.42170626826527086,0.8634462540639015,0.0,67.50422511243264
14320,0.5253749888985378,0.6436430067874055,0.2,25.134583024012322
2133,0.44238023466729925,0.8155855072872282,0.0,52.19747246638261
16943,0.43512383615902916,0.8321246075819959,0.0,28.763633419584266
15832,0.49522388863142225,0.7027453184048796,0.0,5.231060396857306
6680,0.4799068789017923,0.7341631961890113,0.0,35.0636302171083
14554,0.5657628303812471,0.5695803161905192,0.0,7.882707029269655
9415,0.44349629979793315,0.8130658204512237,0.0,69.56997581033296
20665,0.4662775275887398,0.762974269362124,0.2,24.07946826122538
21170,0.47644437089193725,0.7414043079456606,0.2,11.810942057412458
968,0.4790374491133243,0.7359765027622869,0.0,62.925990986175535
13660,0.5225811112757675,0.6489750702997494,0.0,3.9140661391969993
12436,0.590792480350643,0.5262904563161311,0.0,6.341799848036474
11270,0.49847953110894627,0.696192751388271,0.0,9.970872272002595
8529,0.47420173661270865,0.7461224431628759,0.0,62.151998946221326
6744,0.4623467611201936,0.7714401042383663,0.0,54.232241682205526
6849,0.5239131377175451,0.6464293761166896,0.0,19.08582708325202
11951,0.5529742131832349,0.5924439093187776,0.0,4.230938176140056
2386,0.4400016933309551,0.8209767035977921,0.0,70.03752371136757
20097,0.4965866221859326,0.699997345082984,0.0,9.42581383098128
4961,0.47147867763599777,0.7518814003362835,0.0,76.77084716895232
19136,0.5458041297626824,0.6054951042970181,0.2,10.815656127271948
587,0.4577679962555201,0.7813927816060606,0.8,57.82306583884849
8107,0.5135350689885311,0.6664369579074205,0.8,19.12674056483021
18127,0.5254169600094879,0.6435631220661416,0.0,21.353422131555977
20582,0.5487212126733956,0.6001647757895119,0.8,3.94377867182866
16200,0.4749389161376712,0.7445690808217795,0.0,6.403815042624892
20008,0.40116431583160855,0.9133841704402803,0.0,5.395954206694423
11654,0.5706334194290581,0.5610082729920359,0.2,14.278585622562646
11473,0.5261753865731116,0.642120687271731,0.8,6.042355722340649
8739,0.4769754224765285,0.740290314627704,0.0,58.26454774430206
13770,0.4862947261956382,0.7209404063862127,0.0,11.779445805975499
8829,0.46601399136335186,0.7635396209223387,0.2,45.07174289099046
2118,0.5740166699616842,0.5550968413391795,0.0,21.549137136725207
18689,0.5239140334269258,0.6464276664656988,0.0,21.700576565979443
14,0.47977867160635057,0.7344303822399767,0.0,33.202862881730674
15247,0.5532814164123951,0.5918885164623016,0.0,4.640109995453832
10880,0.4905972660218897,0.7121317198966968,0.0,6.453337671511251
14567,0.4338767416535284,0.8349947906255217,0.0,19.778940297411676
12795,0.5316780596835201,0.6317171237890722,0.2,5.131122000603397
16246,0.4749159107168061,0.7446175206890502,0.2,22.005309819856336
6515,0.4038026441378638,0.9068290249874842,0.0,55.1352074866616
4959,0.454883209071403,0.7877145763395524,0.0,51.20932629057418
14932,0.44704442451142773,0.8050973056123312,0.0,8.850032377639751
15131,0.45010477881804184,0.7982748815033498,0.2,13.64331682501672
6329,0.4624535297936083,0.7712092031996488,0.0,39.478199523660166
11574,0.5269814023957894,0.6405900206350235,0.0,8.795941539128311
1980,0.4647042170183924,0.766354168220969,0.0,47.64538759656178
8020,0.5310795588367567,0.6328434406455303,0.0,14.789550531936321
12464,0.5299430506288348,0.6349857298530188,0.0,5.079885687431755
2876,0.4281652196852109,0.8482461305878153,0.0,68.80548468848251
6782,0.48229522320381246,0.7291988561573516,0.0,39.95644720626622
4460,0.4679456216212737,0.7594031829323701,0.0,35.74890396747335
18439,0.5076155179437609,0.6780309724039915,0.0,7.065082784179248
12706,0.4587288856183195,0.7792959065727023,0.2,4.504330410593695
4151,0.4626312068516101,0.7708250717722276,0.0,57.811880382917074
17082,0.4766258636390576,0.7410234488174695,0.0,6.34056746205961
14808,0.4425823988257092,0.8151286198339609,0.2,1.935131690838459
15385,0.5619008993520608,0.5764297803098983,0.2,6.04328993550985
19472,0.4792000417031246,0.7356371451543474,0.0,26.438799389719872
1716,0.5566014597532899,0.5859058072683997,0.0,14.685728813326577
18655,0.5117739421832235,0.6698722706143104,0.0,22.276267683790298
4293,0.5022318452229352,0.6886934228335185,0.0,32.265288436044486
2475,0.45798046557675104,0.7809287473567028,0.0,52.92744108568972
12757,0.45054976994240026,0.7972867309162466,0.0,5.117504690271007
12090,0.5712772037033514,0.5598807165450429,0.0,4.981538696817273
5030,0.46672770855565093,0.7620092565531769,0.0,45.85009557152402
4217,0.44537289633028515,0.8088433784346002,0.0,61.3912136573832
10789,0.45608394908670125,0.7850783875375243,0.0,9.617602570900221
11867,0.5091933895877893,0.6749273943395753,0.0,11.311783122694672
20437,0.530226739943181,0.6344505527075464,0.0,6.948184886723307
20784,0.5155535056769491,0.6625141871636018,0.2,12.945526875992487
18466,0.5132707696003478,0.6669517570721458,0.0,7.321462887817292
17069,0.46898014301515656,0.7571948504190509,0.0,22.134319772130215
4375,0.4862975063510148,0.7209346893852258,0.0,57.70721864191714
12209,0.6187002345157901,0.48013439739921737,0.2,8.104668225153967
20165,0.5302503636715505,0.6344059996883573,0.0,7.417157258922996
11131,0.5066957063463688,0.6798446402950686,0.0,19.385769503069643
7455,0.48051052497994146,0.7329061465870399,0.0,63.25346520485968
3432,0.4976871671902773,0.6977835776769366,0.0,30.505352705304873
20750,0.5435800813284839,0.6095782395242368,0.0,9.046141167553932
21082,0.5163436285801375,0.6609827882840567,0.0,10.114688966429824
19460,0.4828357963693903,0.7280786492400655,0.0,24.581755950447643
4910,0.453479657206195,0.7908048677512682,0.0,39.069713525913436
11339,0.49103997847517017,0.7112297319458981,0.8,11.60513479547779
10202,0.45752074174675256,0.7819330581428869,0.0,53.581958036700684
12334,0.5443950953474329,0.6080800175263927,0.0,9.145523440400535
11146,0.5747758474285857,0.5537751447474534,0.0,2.1742873118465864
687,0.4425924990367654,0.8151057990081986,0.0,49.84372085310409
11200,0.49568889561922824,0.7018067756202256,0.0,22.978558523583942
16470,0.5685048726325913,0.5647453947946955,0.0,7.776544344842883
9076,0.5450191601943567,0.6069343286169414,0.0,17.601095529891296
10270,0.3925224242866099,0.9351616114512338,0.0,9.29690978096281
14064,0.5310496751068429,0.6328997120086879,0.0,23.8840536062241
5032,0.4944322247919664,0.7043451953673523,0.0,52.18493563224168
6844,0.4670671304624152,0.7612822833305156,0.8,28.319698616646036
2533,0.465850077378722,0.7638914189834908,0.8,61.29464582738717
1102,0.5144363635174263,0.6646834174269277,0.0,46.84356790006836
2858,0.5029457137533995,0.6872730396502534,0.0,31.64892295154646
15506,0.48996447880778765,0.7134223827341581,0.0,12.498802596092036
5240,0.4467330510881968,0.8057940639091746,0.0,61.05501659126141
3420,0.4666410341675819,0.7621949803391809,0.2,57.86965330074368
13772,0.4858384230716763,0.7218791731751383,0.0,11.79478431719868
15448,0.5558073360098066,0.5873335627507524,0.0,12.407538719252075
17734,0.45772480250865977,0.7814871433464275,0.0,7.123255505376583
7500,0.47046468356926924,0.7540343842632894,0.0,37.219892006746065
12290,0.4946579539256956,0.7038887574357962,0.0,11.007060310146137
21069,0.5113593130502138,0.670682779223208,0.8,9.41638587490285
15058,0.45747685068703997,0.782028995137933,0.0,7.493401658385851
16183,0.5011496965430313,0.6908504270326836,0.0,23.73623652898683
7408,0.5352295720993764,0.625059517398287,0.2,16.892233219247423
14815,0.44389013367275987,0.8121781938528674,0.2,1.9281273203887377
12411,0.4139415631680018,0.8820304668877826,0.0,6.792516393339948
7490,0.48782041194496145,0.7178079491701708,0.0,70.2303298563383
13845,0.4772712757062246,0.7396702375768974,0.0,12.5573810928788
4025,0.5098560910360751,0.6736267675215318,0.0,39.41389846734248
20493,0.4959216745119151,0.7013372790174777,0.8,34.646062653619154
9193,0.5134361192044168,0.6666296600699703,0.0,49.353924238570286
4202,0.4699201853109134,0.7551924171862431,0.0,58.18946787363884
18510,0.4460592958603769,0.8073033854395993,0.2,8.282529489427148
6806,0.5283518423210642,0.6379928491681507,0.0,15.962581378237076
4475,0.45167286074056157,0.7947971206137375,0.0,61.79149826126971
2436,0.4475370626840728,0.8039959230563636,0.0,42.605754197924426
12771,0.44741155365948926,0.8042764062553189,0.2,6.863293061005823
3175,0.47717943107360133,0.7398626930536535,0.0,61.41600373090101
16462,0.5614749215409838,0.5771881691296884,0.2,7.457271051579154
20573,0.445355157583495,0.8088832082046733,0.8,31.50701058247289
20075,0.4954196868196947,0.7023500234760595,0.0,9.085951129603844
18458,0.5053819157277851,0.6824408667660116,0.0,5.751270573885407
20429,0.5269417694892332,0.6406652308735534,0.0,9.568335186437363
11475,0.5514501992296323,0.5952037449468252,0.0,9.605398326578694
4369,0.44651574085640683,0.8062806254092558,0.0,61.09188335634529
3733,0.4503392074674702,0.7977541858059038,0.0,58.315829765135284
7526,0.47369583214306255,0.7471898676069444,0.0,37.4790436451522
3232,0.5266460989993493,0.6412264949246853,0.0,19.24000105359773
15496,0.48805642633942187,0.7173242520686454,0.8,12.34012984168537
270,0.4226672733834401,0.8611699972043263,0.0,42.14565848054271
3957,0.4894619796448213,0.7144484918467308,0.2,50.05247445443902
10419,0.55332515939893,0.5918094585793758,0.0,22.855681222608276
7928,0.5135978517917283,0.6663147092636369,0.0,46.6786771608072
13856,0.484159886234133,0.7253400833579399,0.0,12.343837975763968
8198,0.5559799101913684,0.5870231181336957,0.0,16.648269338890437
6659,0.49986701912948545,0.6934131776750705,0.0,8.164940067930404
8607,0.48453363488903944,0.7245684282052991,0.0,20.219082486590526
17798,0.5267513759465062,0.6410266141579067,0.0,17.340730435638466
141,0.44182895142873035,0.8168324595213143,0.0,27.968344785035953
4615,0.4864223893424447,0.7206779186690743,0.0,57.68666542943345
13944,0.5651062122131918,0.5707415792848526,0.0,9.49856723400562
11616,0.5115023549982953,0.6704030894988156,0.8,1.8925478709869692
3184,0.5252805517035709,0.6438227749256236,0.0,52.1496447689755
19570,0.5265470397240384,0.6414146071938616,0.0,4.238788281162277
10207,0.38761500769848933,0.9477426801627623,0.0,65.81836180520023
18148,0.5129426656804759,0.6675912028633852,0.2,14.333182667078379
18944,0.5037157346506107,0.6857431885794398,0.0,26.91576087306531
11464,0.49201998562210875,0.709235942131699,0.0,6.762564938194986
11932,0.5179152585491461,0.6579436436400028,0.0,4.6786372900817526
20028,0.4987778420884046,0.6955944886000011,0.0,25.09496213171579
19185,0.4281188987514003,0.8483543211588148,0.0,27.65719827265134
13927,0.525792903486396,0.6428478633799544,0.0,7.9809565058731815
4870,0.5317219383415651,0.6316345985715597,0.2,47.92211631896569
16951,0.5284728345823835,0.6377638759723272,0.0,19.255367799728894
13289,0.55560101870866,0.5877048345747237,0.2,4.345195466873744
2828,0.466486809720752,0.7625255340767941,0.0,54.924713288734175
7178,0.4506506039062651,0.7970629539023623,0.0,41.29582969572691
4467,0.45276369895657637,0.7923849254558658,0.0,53.92179357272994
18930,0.4678795759062263,0.759544332615733,0.0,6.529043412023337
16217,0.5275386118506793,0.6395332184895524,0.0,4.197480172944509
6201,0.45317821117561446,0.7914698287077669,0.0,60.64636958629706
21243,0.5486928289303126,0.6002165042019675,0.0,3.1620905913930826
642,0.4943476317848523,0.7045163012141347,0.0,34.753787741384734
16319,0.5385314460422697,0.618909388468981,0.0,5.676018004009977
9560,0.5210558805657298,0.6518979866161579,0.0,23.605225498540648
11034,0.49929309860691745,0.6945619837082572,0.0,20.003384600889067
74,0.5299424210773721,0.6349869178143214,0.0,19.630621145577635
17574,0.3871265089292369,0.9490037429133845,0.2,45.552179659842466
21168,0.43175389880352927,0.839899531762122,0.2,39.30729744567482
13970,0.47989248047879524,0.734193199174234,0.8,11.908613886656811
1720,0.5550885297751532,0.5886276648481815,0.2,16.213747950433714
14593,0.4939557050290332,0.7053094317475759,0.0,4.821847880367277
15976,0.5737089165023815,0.5556331253957659,0.0,9.196283924132059
21210,0.5868739887289613,0.5329451521666341,0.0,14.027915220978834
18661,0.5204791884519685,0.6530053754883134,0.8,21.594234921448173
1001,0.4263528324704203,0.8524880302828517,0.2,67.94329341195629
1946,0.4840621424051562,0.7255419871081493,0.0,23.289898062943898
17952,0.42191296340798795,0.8629562340665075,0.0,32.21458821594261
15554,0.5876887240861811,0.531557852060815,0.0,3.942032972078767
14306,0.588615470542569,0.5299821599016542,0.0,16.18671503067369
2455,0.5377029893537835,0.6204489356621828,0.8,20.726097121823695
1222,0.49298928040096895,0.7072678487844248,0.0,38.07965182812868
10066,0.557751778297165,0.5838412573336276,0.0,17.627336025383414
15809,0.4699075388149228,0.755219329556812,0.0,27.597979406855426
9107,0.552942314276052,0.5925015970490894,0.0,16.116043326724522
16463,0.4430658440123877,0.8140368878995157,0.0,5.733261981583937
17354,0.5786273878934611,0.5470965527980666,0.0,2.28905192003615
10308,0.45575304625833085,0.7858041813901222,0.0,58.38525307537012
1269,0.4621341524423763,0.7719000567986548,0.8,37.98905846856336
7096,0.5048538522592928,0.6834862930582098,0.0,33.525004760339826
13728,0.47636559893400354,0.7415696545742807,0.0,14.24926102579935
13869,0.4902429034616669,0.7128542893563617,0.0,11.635562601601546
5159,0.4719892305913594,0.7507991102006131,0.0,67.86848304620167
14041,0.4248170199158447,0.856096744141752,0.0,8.689381830573161
16641,0.5922981322649306,0.5237451690640905,0.8,6.442065554514198
8545,0.48688107418082865,0.719735386582154,0.0,42.53995694889689
21253,0.4852218230750773,0.7231491254400274,0.2,12.240022182714348
14937,0.5140376631727196,0.6654587415563319,0.0,10.150574904175414
14645,0.4574071084105681,0.7821814566078571,0.0,9.679691336443291
18115,0.5342514630256873,0.6268886463202051,0.0,21.000769651726873
13444,0.5248324922575168,0.6446761296683744,0.0,12.40092489967563
134,0.4425746488859074,0.8151461307148199,0.0,20.96351962160695
18018,0.5034397918388188,0.6862911532411806,0.0,9.568614155355828
19913,0.5868990257564477,0.5329024914014245,0.8,14.64496065905298
17881,0.4739307813830147,0.7466939987881231,0.0,36.90535032042068
20136,0.484587679375239,0.724456895241448,0.0,7.690617067512732
17788,0.49725316047094476,0.6986560053689183,0.0,17.198115684468416
11352,0.5712960996516049,0.5598476404208246,0.0,1.580225920433251
18603,0.6098741148641262,0.4945027121870107,0.2,13.943245873204921
4540,0.4640554172987402,0.7677513000540424,0.0,53.136060916365395
10550,0.4587288856183195,0.7792959065727023,0.2,4.504330410593695
3864,0.532580511067205,0.6300211983348883,0.2,23.77542449149482
16834,0.5014309517055189,0.6902893645977425,0.2,6.5311729390043185
2550,0.46448650415955084,0.7668227757045857,0.0,62.1164768398083
9998,0.5254569069602985,0.6434870959090825,0.0,51.93906104448994
12097,0.6016755281025312,0.5080369688434723,0.0,6.864849444597057
1922,0.46644258137060596,0.7626203501488389,0.0,41.620004736623144
5015,0.4893846012849743,0.7146065929455458,0.2,47.61066425499699
19528,0.49032477540951996,0.7126873004787809,0.2,25.036348119803762
15075,0.5156587736277016,0.6623100236693712,0.0,6.876102803430328
16471,0.5685048726325913,0.5647453947946955,0.0,7.776544344842883
11120,0.5186409065563625,0.6565435301677448,0.0,2.519814185869872
11056,0.4964799704648802,0.7002121377711112,0.0,3.7909483709890894
18289,0.45342827102904726,0.7909181894581425,0.0,54.65640413756478
17993,0.5346563453189278,0.6261310836764612,0.0,17.594284287283745
20424,0.5283424091653275,0.6380107032555061,0.0,11.158808118704979
21261,0.5545505358550911,0.5895973386437079,0.2,7.673815641896992
14213,0.4493291616069999,0.799999560478512,0.8,29.12798234907431
16726,0.49495152933370035,0.7032954417459547,0.0,11.59136493383966
4241,0.5023963220366463,0.6883659846418754,0.0,34.85885566802716
8983,0.4814945594818637,0.730860346910879,0.0,43.47157588770874
19074,0.4839600012193307,0.7257530177893734,0.0,16.35847230115518
423,0.45481585639006294,0.7878626531795104,0.0,17.490554507134135
8017,0.45093289373354073,0.7964367449328341,0.0,64.96932503736389
17472,0.46070744028168237,0.7749920572212883,0.2,69.60455358576293
10660,0.49421731766748184,0.704779944221501,0.0,5.872931236214198
15437,0.6194933109490973,0.4788533754706727,0.0,3.8830218919973585
3134,0.5200395713051875,0.6538503716381983,0.0,20.318399550384644
8498,0.4528357002727206,0.7922259118426562,0.0,45.14103209414232
10537,0.49145883186790923,0.710377103090363,0.2,18.87329943855847
14062,0.49929309860691745,0.6945619837082572,0.0,20.003384600889067
5803,0.4577000906421953,0.7815411332841173,0.0,25.556395654659198
6055,0.38193973715634577,0.9624924389555903,0.0,90.64272470431925
11598,0.5393886957736876,0.6173188255341373,0.0,8.273307752276674
6986,0.45523141319745686,0.786949388890579,0.0,30.29755447426097
13259,0.4766258636390576,0.7410234488174695,0.0,6.34056746205961
10677,0.5250247570272842,0.6443098612598878,0.0,18.64310672037979
15931,0.4987831694016844,0.6955838079233938,0.8,5.256526947921637
18890,0.44679904101312196,0.8056463581342427,0.8,25.62398680487351
18440,0.5052366823142056,0.6827282816520243,0.0,7.114028746902127
9279,0.4483720565512207,0.802131907854398,0.0,34.25103307736087
14882,0.5567508383516914,0.5856374670502098,0.0,7.4469663571787965
19855,0.46576274932539313,0.7640788961222366,0.0,4.396892122867233
13525,0.530786650839637,0.6333951259743967,0.0,16.433753477757357
20996,0.5643655477420553,0.5720531031379742,0.0,8.734963913468622
6314,0.5026251579962939,0.6879105994224576,0.0,15.849460184451717
13640,0.42080068554822264,0.8655959884054425,0.0,5.717261313553715
7052,0.4566158873649656,0.78391275056193,0.0,45.78050582897265
1316,0.4358624379743331,0.8304285946497935,0.0,45.499183461142266
477,0.49044552071329467,0.7124410750274963,0.0,61.99661995727535
13545,0.4658720771296009,0.7638441951393942,0.0,9.62138181269601
5170,0.4436384456225065,0.8127453599427753,0.0,72.74070971487838
18420,0.4977300011275657,0.697697515393347,0.0,10.602211845804527
2642,0.4479380488043324,0.8031003400481554,0.0,46.017651935627036
12938,0.4823919536596822,0.7289983135182166,0.0,11.638458881781613
623,0.49572939338879646,0.7017250789841241,0.0,37.19493856107674
13903,0.5266310031665089,0.6412551594286613,0.0,11.153992277348856
4986,0.4657330388141592,0.7641426870950404,0.0,55.85882926065825
2142,0.4619649235452239,0.7722663138449858,0.0,51.02749727649987
16793,0.45125520443667894,0.7957222360238734,0.2,14.103698665640655
5171,0.4661407864980124,0.7632675735361023,0.8,48.60487640407504
12364,0.5542551477205352,0.5901301428057342,0.2,9.701444397110489
5972,0.45981254246068853,0.7769363889461735,0.0,58.46446030442243
14762,0.48849653968991014,0.7164228910660254,0.0,24.150613635462747
9994,0.49216090753978725,0.7089495681132219,0.0,57.495811596639086
18382,0.48907650726800667,0.7152363451645287,0.0,32.49318874330241
13110,0.524743269587389,0.6448461463047834,0.0,8.953688581548885
3741,0.46421471062775477,0.7674080953644032,0.0,74.44242018307466
6412,0.4435592269644506,0.812923941696795,0.2,69.83423021912438
21076,0.5077534134593092,0.6777593558277278,0.0,22.074622012473352
8040,0.5245969201126612,0.6451250824917574,0.0,19.366655271717384
21120,0.42539725363543857,0.8547318321949064,0.0,24.51563292867141
17720,0.4616213684364457,0.7730102727530089,0.0,14.853392508901077
14239,0.5962546103910595,0.5170875044974307,0.0,2.081794181658582
119,0.40435203346313414,0.9054694104851407,0.0,75.19923384997259
1049,0.5130889513398619,0.6673060544177613,0.2,58.135701475330315
16787,0.38562460487333805,0.9528909089626517,0.2,5.657313133856775
6695,0.48341338328109335,0.7268831253676286,0.0,51.481497908730105
4838,0.4542279836040566,0.7891560404554466,0.0,52.040891836611735
4993,0.4939595149417846,0.7053017187117315,0.8,32.96932539732385
1780,0.49069253296256066,0.7119375531152446,0.0,52.11026898300423
3816,0.48318735730420787,0.7273507972232662,0.0,53.2202592756304
3861,0.46811135669792825,0.7590490697058782,0.0,43.531465884957555
100,0.45523141319745686,0.786949388890579,0.0,30.29755447426097
9870,0.43969891987120024,0.8216650593114664,0.0,64.09809303215343
3279,0.5276031306023604,0.6394109244902427,0.0,53.103079230241946
19806,0.4852509890555969,0.723089018695843,0.0,23.45628546085031
19316,0.5258944233173601,0.6426548025172966,0.0,22.50159406522524
3546,0.47503733974117535,0.7443618680556767,0.0,58.86041244489049
6685,0.45282953306000245,0.7922395310310523,0.2,13.854288194474732
1263,0.47986262051388445,0.7342554233080563,0.0,41.819521779934334
7866,0.4935721633292781,0.7060862031812319,0.2,48.07740968235029
10512,0.45462906320667823,0.7882734382242919,0.8,56.01076939358902
7802,0.4587903044000443,0.7791620264697361,0.0,57.65798995876048
8478,0.47458417525535906,0.7453162788668448,0.0,38.197459291925796
18739,0.5375402509478747,0.620751636299679,0.0,8.753529516589186
2170,0.5001775898338253,0.6927920639536612,0.2,46.0498893366933
6597,0.4911599174545518,0.7109855067520761,0.8,37.420589169677704
7114,0.4678087900766434,0.7596956347635236,0.8,51.81123997246522
889,0.44219195759857444,0.8160111979729952,0.0,26.555859599445547
14342,0.5918140754837007,0.5245627551087679,0.0,15.287069550474282
20565,0.4561151405459759,0.7850100001434975,0.0,5.36240347493324
7333,0.4574538984064918,0.7820791678544489,0.2,59.26205013752897
12014,0.4854981096467591,0.722579884879843,0.0,5.3275817682396465
19752,0.5703217476351725,0.5615546078711529,0.0,18.175837783033845
8015,0.47538375345341377,0.7436328991174679,0.0,46.99760262830523
8522,0.4318434068656765,0.8396922405585016,0.0,68.8967476971907
8711,0.43120005360205027,0.8411831350783354,0.2,31.165834512880537
11707,0.5145587689740351,0.6644455048201114,0.2,10.998566740377003
11680,0.4764038564859717,0.741489346475042,0.0,4.995043177699579
13642,0.40049545359074284,0.9150528643715069,0.0,5.231951733863358
7910,0.5200941189937984,0.6537454857198406,0.2,44.48084344689982
13585,0.51113522225779,0.6711211009711948,0.2,9.808435057102063
17309,0.5758869098346142,0.5518439746555797,0.2,3.442678569577626
1951,0.44270831151984485,0.8148441648102873,0.8,66.86855958140677
2440,0.4514788316715864,0.7952267916725206,0.0,58.86666143342866
4364,0.47808384895304423,0.7379691456545493,0.0,54.4418281221693
5260,0.49575735980116803,0.701668665900865,0.2,18.331092558333328
3168,0.5530207086172105,0.5923598303902282,0.0,19.06510195459193
5079,0.4257163377041489,0.8539820284392,0.8,68.36126072502137
20872,0.5048088619585388,0.6835754125238497,0.0,3.2914156504168353
19257,0.4273142935146032,0.8502354861202598,0.0,29.341625198918134
7067,0.4670671304624152,0.7612822833305156,0.0,28.319698616646036
18606,0.4793756932728614,0.735270660660126,0.0,24.636714004300167
15841,0.5486564825208611,0.6002827482121209,0.0,9.995308340456528
3586,0.47992022351225233,0.7341353899092607,0.0,23.35284496069086
6616,0.3946260917069624,0.9298165656663447,0.0,82.84665458208383
12599,0.4671750981576187,0.7610511490649544,0.8,12.65818373036341
11144,0.5696719741954287,0.5626945676756084,0.2,18.4760761510937
1294,0.4356661833153826,0.8308789634787077,0.0,55.75197718160061
5477,0.43619796130969485,0.8296590989768031,0.8,31.340367400011473
9839,0.5598211351167832,0.5801379478496628,0.0,16.540314505033464
14640,0.4663394577833915,0.7628414598685933,0.0,9.485933873566974
7144,0.48973393632115997,0.7138930224480191,0.0,48.28772360265829
19264,0.4979249537826382,0.697305908528735,0.0,34.88551682962216
8780,0.49651709084746715,0.7001373734358468,0.0,35.531971701869224
17563,0.4505503207357295,0.7972855084253493,0.0,41.307360245019524
9601,0.5352295720993764,0.625059517398287,0.2,16.892233219247423
13607,0.5378487664467758,0.6201778615960605,0.0,8.682490358068696
19261,0.46769487676046895,0.7599391684251768,0.0,21.211801603827066
7448,0.4734070389879198,0.7477997130057834,0.2,65.1146605805045
4383,0.46032629400148906,0.7758197061721644,0.0,50.50973865567938
902,0.4443988433207883,0.8110328240085546,0.0,60.89640194200429
8046,0.5565732006516954,0.5859565793576427,0.0,15.287606686039037
15786,0.456224721087937,0.7847697814550544,0.8,6.767070313453374
33,0.42569936031436295,0.8540219088168527,0.0,66.45998468350066
16653,0.48215811890297605,0.7294831712108107,0.0,14.99087913359769
287,0.41759725919038315,0.8732378056766659,0.0,68.28719373900498
12672,0.47786707186586147,0.7384226774963574,0.0,10.986621091647375
13612,0.5313324304919019,0.6323674075012127,0.2,8.668808849371684
16147,0.4663135623133692,0.7628969906382814,0.0,6.757741573631218
18422,0.4988699148936429,0.6954099088124852,0.0,8.930106540321121
10172,0.4963431981997115,0.7004876596774299,0.0,54.14559525002471
9550,0.4607159231810712,0.7749736446224212,0.0,59.84346134932135
20671,0.6006434733878951,0.5097537427892205,0.0,14.623305880937178
6081,0.527328555599936,0.6399314795408038,0.0,16.273457720014232
21212,0.5868861326160661,0.5329244598856742,0.0,14.645563877751215
62,0.5163566134391282,0.6609576408918841,0.0,21.61992319811041
12662,0.47083422678597003,0.7532492070329307,0.0,7.110672557492131
6049,0.4824777238629766,0.7288205274285127,0.0,52.75567265461183
21125,0.5410674398833712,0.6142113500797111,0.0,9.324955790241665
13456,0.5261336666486803,0.6421999794232627,0.0,12.782989806484522
20654,0.49770303339665883,0.6977516983066684,0.8,21.84660530134218
3896,0.4470689854404285,0.8050423664318345,0.0,35.54262170636265
18632,0.5517590494893931,0.5946438325490853,0.0,15.708110847736885
1613,0.500694931866094,0.6917582817943431,0.0,51.22470287794984
5618,0.46929353500978294,0.7565268320921587,0.0,49.711380330075585
19265,0.4979249537826382,0.697305908528735,0.0,34.88551682962216
16676,0.5273382913268707,0.6399130173563454,0.0,6.559108122768235
676,0.46150643703903776,0.7732592770562486,0.0,24.976273321529312
5492,0.4646429351995399,0.7664860496579434,0.0,62.12369373999387
17469,0.5039660512904295,0.6852463717301926,0.8,23.163726500527773
480,0.4562263694354662,0.7847661684448968,0.8,23.558680735953242
19219,0.4306047572484171,0.8425646461602385,0.8,28.43781996062542
13861,0.5068338634722963,0.6795720145505472,0.0,8.224928091043747
14354,0.4825735174441681,0.7286220020499506,0.0,28.302592252699192
19171,0.38419514429009566,0.9566046672228735,0.0,7.392554357728429
15279,0.4874283327998129,0.7186120089926211,0.0,6.026280591135353
2315,0.49667854874090867,0.6998122453574942,0.0,16.12367410634095
8425,0.395461126071334,0.9277027871960768,0.8,48.310119812111466
13351,0.5383833119063475,0.6191844968482898,0.0,7.087494939271709
15217,0.4980489612061495,0.6970568911151543,0.0,6.066834508231451
20487,0.47205302333649174,0.7506639621286618,0.2,11.234811685212803
15526,0.5024210198364413,0.6883168258569485,0.0,8.07154761025803
18237,0.5869241507722832,0.5328596825417228,0.0,14.78765504099377
2695,0.47374530763507045,0.7470854273626366,0.0,79.79619267266418
17464,0.46469350695429057,0.7663772155425324,0.0,37.422197914723384
8980,0.4938365440719223,0.7055506989933907,0.0,46.181822294514305
14373,0.5231553355442823,0.647876850326687,0.0,4.862316144777163
7955,0.5540363099325486,0.5905250529881045,0.0,16.629776729043094
4873,0.5387130813337035,0.6185721664389976,0.2,46.91870024019729
15317,0.4851986975180994,0.7231967863385586,0.2,10.01265987239527
12415,0.4367564242349715,0.8283796208947614,0.0,7.319976659077328
21251,0.4916081150622915,0.710073393976765,0.0,6.097400158234461
18642,0.4772711374409797,0.7396705272764287,0.0,20.885706685430208
14717,0.524717701323939,0.644894872773254,0.0,15.875698497262524
18494,0.5359593637823025,0.6236969346243374,0.0,17.616320441891705
14266,0.5991255163418715,0.5122841596760968,0.2,8.361970833792546
18687,0.5255730616985067,0.6432660656013942,0.0,21.33070263718762
19135,0.48441509900970436,0.7248130972487261,0.0,9.361868024471047
3627,0.45641630172223163,0.7843499435728633,0.0,53.453449851313664
20354,0.4859981806327894,0.7215503986425817,0.0,4.491651334768685
17926,0.5416957532264562,0.6130507760638821,0.0,7.359674782967693
16216,0.49421731766748184,0.704779944221501,0.0,5.872931236214198
17845,0.5332979373888908,0.628675029020617,0.8,10.273807628826948
10991,0.49904152932155504,0.6950659616003376,0.8,2.71770796951531
9973,0.4708568429424652,0.7532011739630068,0.0,52.068795087333854
6218,0.5085639120055248,0.6761643840650137,0.0,16.866919709312164
7075,0.48379839084978343,0.7260870068766786,0.8,55.01924405400118
15265,0.5335789037543663,0.628148320854996,0.0,7.231243821923478
11670,0.5378587224568413,0.6201593509690202,0.2,12.11915384915327
152,0.48956536532802675,0.7142372910378451,0.0,50.035893641624156
5301,0.4619809266825997,0.7722316729894129,0.0,38.39149479467181
7374,0.4956564471440038,0.7018722391349793,0.2,46.330588004660854
6080,0.5280107983645067,0.6386385440370742,0.0,16.240578369759817
8973,0.486591253043162,0.7203308244556805,0.0,62.82365021697191
1083,0.4969654542791169,0.699234763794058,0.0,55.222064403688165
15721,0.4799865723160529,0.7339971498130461,0.2,1.7425239648597453
10707,0.5155348462478163,0.6625503808207215,0.0,8.480976094092204
9987,0.4416067005527249,0.8173356107812749,0.8,44.38132615973357
1490,0.441444974278062,0.8177019002773048,0.0,25.395772775177335
12700,0.5188140688555318,0.656209708835964,0.0,10.30685733072238
9080,0.4924914119587324,0.7082782561692749,0.0,31.94688771842395
6030,0.48115563010050294,0.7315645059066038,0.0,46.38850520790987
13242,0.5580418438579066,0.583321330419696,0.2,5.728507065306379
4292,0.5007601250704604,0.6916280848294231,0.0,32.54110086355401
18702,0.42636815657309374,0.8524520886257986,0.0,67.94042886199881
962,0.48619101816344346,0.7211536908136491,0.0,42.858164065133806
6182,0.47491191054161713,0.7446259436370823,0.0,43.93665459965236
4689,0.49630894715731355,0.700556668831486,0.0,38.77581322326972
9555,0.5208854819354074,0.6522250657359129,0.0,23.033327300768942
4815,0.504564398416694,0.6840597993334108,0.0,32.020842755691184
7026,0.45752074174675256,0.7819330581428869,0.0,53.581958036700684
3828,0.4329478892639773,0.8371379063422081,0.0,61.15292661304045
16990,0.5296776495914068,0.6354866657877788,0.0,16.535363334700712
13878,0.49637246444343053,0.7004286976909744,0.0,10.973615276500881
8166,0.5054286578516671,0.6823483823280029,0.0,47.832620560012
10335,0.4947134616325578,0.7037765494094725,0.0,34.62299052337684
16254,0.4806655309328523,0.7325836126385482,0.8,7.904211411150955
9910,0.482837846730135,0.7280744027521151,0.0,49.53090073046369
6354,0.44502860372896974,0.809616720839013,0.0,57.87139974651684
15349,0.5256088578667502,0.6431979590870203,0.2,3.6452795137430734
11003,0.44835689159346204,0.8021657306896962,0.0,25.44549949052006
5916,0.43317147492599767,0.8366216133779097,0.0,64.46169467247631
4557,0.4020857346304442,0.9110899428769919,0.0,73.93039035628507
17441,0.4245690182812636,0.8566806992115927,0.0,31.921205729879507
6168,0.4496897467615424,0.7991973856398699,0.0,58.876869936715096
18311,0.46670396548617665,0.7620601291990056,0.0,23.247405969943593
5886,0.5038312797968045,0.6855138292641056,0.0,60.17748882871577
11554,0.41752828151814614,0.8734029968222639,0.0,6.173168720385693
1748,0.5559799101913684,0.5870231181336957,0.0,16.648269338890437
14835,0.5139909981710475,0.665549526966231,0.0,4.667498998910161
8990,0.45311477570393327,0.7916098175915014,0.2,13.84327608118102
17942,0.5985891756976692,0.5131797664238763,0.0,8.120043298281898
19123,0.4812350494303243,0.7313994599815116,0.2,9.291625846301095
8863,0.48545068620190346,0.7226775696292266,0.0,69.15301840217023
9847,0.5312251425090766,0.6325693504093733,0.0,16.98606891018595
12197,0.534193258501259,0.6269975981888666,0.2,19.90153087413589
19142,0.4876066613507866,0.7182462199613926,0.0,9.121726856515092
8037,0.4529801376913274,0.791907000616384,0.0,33.675846409565935
17476,0.5292592736147774,0.6362768469387612,0.2,23.453164966515306
1542,0.4644213890344713,0.7669629728665719,0.0,42.4928160337708
12063,0.45095069590257864,0.7963972671792863,0.0,14.965898058512071
1464,0.4759753661307108,0.7423891779161269,0.0,23.936113012831726
5189,0.4582098574984949,0.7804279956662302,0.0,57.79069546076158
7564,0.4859686106630489,0.7216112442805488,0.0,43.993026864944355
7847,0.4967940448953912,0.6995797353602529,0.0,44.79059362391415
10046,0.5053230874682073,0.6825572771121723,0.0,10.892248502198672
9529,0.48558108506974096,0.7224089916640575,0.0,37.05958072121183
169,0.49296073382545974,0.7073257555243311,0.2,22.96333345926037
8220,0.5558151349070315,0.5873195311934044,0.8,15.872311226680235
8539,0.4785402143603311,0.7370150290701791,0.0,19.039677686008734
5630,0.5009717440648547,0.691205578559906,0.0,44.27517090885395
17422,0.46992463233844284,0.7551829538632647,0.0,37.834666276629
2177,0.4478736083306693,0.8032442106335871,0.8,65.8792807134489
17364,0.4586540305418826,0.7794590992271204,0.0,3.615521012437895
10657,0.4842929346387463,0.7250653184905498,0.0,8.942955718473677
18993,0.43593084347561223,0.8302716640955554,0.0,6.133673528056342
17117,0.4848205440876989,0.7239764687063666,0.2,7.530441056973702
17833,0.3807004352577765,0.9657424722852332,0.0,33.559550911911856
16671,0.4793895222995392,0.7352418130831507,0.0,4.166982814377073
4734,0.46722026999470573,0.7609544622904652,0.0,25.61372418177372
14848,0.5817155033288663,0.5417737766604452,0.0,13.99726701686107
6763,0.4550932298703052,0.7872529802066337,0.0,16.30007439668161
12351,0.5581249482084543,0.5831724201469806,0.0,8.408238479146195
19189,0.4809765763535297,0.7319367078718623,0.0,23.824539282805727
940,0.48229522320381246,0.7291988561573516,0.0,39.95644720626622
17191,0.5083353348248107,0.6766139412562027,0.0,9.855220052928477
6101,0.49986701912948545,0.6934131776750705,0.0,8.164940067930404
4925,0.3929702786822783,0.9340212967353743,0.0,55.420152786671395
2631,0.4437214697111603,0.812558233868087,0.0,42.693843730718
9733,0.6270275712896681,0.46676476596726274,0.0,9.160258754678317
3525,0.45436926213087736,0.7888450588216753,0.2,15.776901176433512
3502,0.5300566940001402,0.6347713083452465,0.0,12.908073974050097
17810,0.542099900287615,0.6123049766531147,0.0,2.419844682568823
9149,0.47387579025117016,0.7468100375106896,0.0,56.552186102101075
7885,0.4943476317848523,0.7045163012141347,0.0,34.753787741384734
6602,0.42636815657309374,0.8524520886257986,0.0,67.94042886199881
11980,0.5529847591506146,0.5924248381458972,0.0,9.821811389360908
14720,0.5242289653754144,0.6458267332756172,0.2,11.053001040300785
13892,0.4667335918570604,0.7619966512070163,0.0,13.074338535596414
11847,0.4847974785354503,0.7240240452812956,0.0,12.26750178684646
3028,0.4370583306886131,0.8276886129575444,0.8,30.33478892784659
20406,0.5000325822598904,0.6930820181632795,0.0,23.977171942457
17099,0.47674001008336553,0.7407839889248939,0.0,10.819149819144078
13704,0.46169335825125246,0.7728543349933874,0.0,9.660679187417342
8647,0.42248912905589797,0.8615915625611437,0.8,65.28710196775505
16428,0.49576146853215614,0.7016603781490428,0.0,4.401866358228422
16437,0.46040932324237366,0.7756393520302052,0.2,1.841678058024709
5280,0.44947585150659825,0.7996731495244996,0.0,63.8143224399128
19429,0.49899076456034525,0.6951676912969913,0.0,20.06914178638565
16361,0.5443335478263945,0.6081930806325944,0.0,17.52964433571012
20357,0.4867600432573623,0.719984001645594,0.0,4.372966967296938
15001,0.5498660973418686,0.5980804897750865,0.0,15.581342384987094
5650,0.4636683177585914,0.7685858147872243,0.0,75.58657289346468
6336,0.4528357002727206,0.7922259118426562,0.0,45.14103209414232
8932,0.535371436911345,0.6247944983826034,0.0,51.10193782792585
19614,0.43509489372979304,0.8321911251786707,0.8,5.4104907082840725
10693,0.4369902001286847,0.8278445094728161,0.8,61.6744159557248
19529,0.5134574268510114,0.6665881608382739,0.0,23.029955497818946
17228,0.4805249311704247,0.732876166027234,0.0,7.105234205977977
12751,0.4244455542921108,0.8569715398968094,0.0,6.38829451415329
14458,0.5383315255041196,0.6192806901958106,0.2,9.11952674928721
14971,0.5555604992972331,0.587777766206693,0.0,16.38136683746326
12487,0.5921906265555268,0.5239266916136266,0.2,6.315150219473733
2247,0.5151550626045163,0.6632873312016778,0.8,47.77327104189699
19220,0.5201014301180523,0.6537314285086551,0.8,21.05342060524549
17609,0.5555572945640841,0.5877835346916668,0.0,17.351076482836177
11809,0.5110565353276598,0.6712750582491745,0.0,10.364151164531107
19638,0.5115788784407985,0.6702534954291665,0.2,24.169340687221755
21157,0.530226739943181,0.6344505527075464,0.0,6.948184886723307
2693,0.468204299489685,0.7588505409480862,0.0,60.73839799223324
6640,0.4718539423134521,0.751085785535494,0.0,41.422382218348446
20699,0.5026066864457425,0.6879473502489573,0.0,34.7963756109506
16588,0.5335870263457152,0.6281330981213612,0.2,20.402704421526753
10124,0.4847569354050156,0.7241076777827322,0.8,25.863678333366803
12881,0.5227688353798663,0.648615909988473,0.0,10.90193719984704
4177,0.5137023195186402,0.6661113262015301,0.0,17.750534145448935
9809,0.5728122640918057,0.557197252790108,0.0,16.440105007338303
11140,0.5963358304357873,0.5169512967230383,0.0,8.43815211546347
18755,0.5129387784843471,0.667598781119432,0.0,25.370756652056507
13278,0.4340088377227265,0.8346903816726432,0.0,9.257967409910698
12670,0.4695577657581971,0.7559639511435474,0.0,9.857013984914678
5303,0.5011938743511769,0.690762277999843,0.0,55.58218416961034
8951,0.5085472096418114,0.6761972268161336,0.0,57.6958517784597
16400,0.4283869690318157,0.8477283586307066,0.2,39.67368653715166
12427,0.48493947787116487,0.7237311837258164,0.0,5.102304983307773
7800,0.45838104692644577,0.7800544605828797,0.0,54.09677565115407
13669,0.4385112892518516,0.8243697223431438,0.0,9.103103067787885
18588,0.4773228800704667,0.7395621196631639,0.2,20.523957554451883
2792,0.45637834293757285,0.7844331140535463,0.0,36.80168325636696
3929,0.5006085010349672,0.6919309184367464,0.0,36.34713294034703
4411,0.4549547198440289,0.7875573818096246,0.0,15.296327720298322
11064,0.49287330904856086,0.7075031175818904,0.0,4.141016031941832
17214,0.5088096758147197,0.6756812502055982,0.0,50.49366080732173
14707,0.5474428985970957,0.6024971175303871,0.2,10.56689502009353
17105,0.3365295459474904,1.0890693300446221,0.0,8.62711641108846
20223,0.5108003230248535,0.6717765224338716,0.0,2.8839366793588046
9337,0.3988865758666121,0.9190781735159337,0.0,99.17312919131521
3395,0.4483720565512207,0.802131907854398,0.0,34.25103307736087
8531,0.5063987635214994,0.6804308498583519,0.0,46.959934687672124
19715,0.5509427133874452,0.5961244436781541,0.0,3.4317395969443165
5653,0.44096329798684175,0.8187936315182768,0.0,79.47211099960589
15926,0.44042090534976064,0.8200244062553236,0.0,14.597254161705399
4122,0.4539755764126462,0.7897118788357858,0.0,24.567937032583174
19200,0.5228591100643455,0.6484432392309691,0.8,32.29247281897933
6573,0.4416503205206151,0.81723684005682,0.0,65.35851815405087
8359,0.4388434592981254,0.8236125142407337,0.8,32.63563959312425
14817,0.4597359741749811,0.7771029234671895,0.2,5.518557529769243
15108,0.4937742666113424,0.7056768164072318,0.0,13.259668026358305
20948,0.4862022916333128,0.721130503755992,0.0,15.06946367483868
9925,0.5106219604647267,0.6721257659638449,0.0,49.327306989897245
5393,0.4539676997211902,0.7897292294603527,0.2,53.94245224671769
10420,0.6499696650851503,0.43082958628125934,0.0,1.3401169380522697
5639,0.4533371853839159,0.7911190917858472,0.0,40.912720934540445
7484,0.49279844910408144,0.7076550138780036,0.0,50.99362127186521
4061,0.4573955573829439,0.7822067102020074,0.0,46.854183134652956
13017,0.5994704898606997,0.5117085303121266,0.0,7.933758877153252
5432,0.3871265089292369,0.9490037429133845,0.0,45.552179659842466
20564,0.4561151405459759,0.7850100001434975,0.0,5.36240347493324
13866,0.4902429034616669,0.7128542893563617,0.0,11.635562601601546
14416,0.5050538969377498,0.6830901287922511,0.0,4.585823155474768
10028,0.3550127555921157,1.0356015589068366,0.0,6.956135679078234
2626,0.45243401788831117,0.7931133432958744,0.0,67.83815853286364
8469,0.4531227983486497,0.791592112201775,0.0,43.08635890871736
14756,0.5265510123370591,0.6414070625725169,0.0,19.573820679144617
15416,0.5534591163966427,0.5915673933435457,0.0,7.646896240654645
6089,0.45213805798002904,0.7937677077776846,0.0,80.66664330290719
5857,0.5152467118353041,0.6631094409198421,0.0,51.75569135788133
9167,0.46354410323049183,0.7688537459021034,0.0,51.16529512469131
4481,0.44747689475069374,0.8041303744422216,0.0,42.506332083818066
19160,0.47561138732419955,0.7431541713819149,0.0,4.3742052146216635
14425,0.47920400098341853,0.7356288829181347,0.0,3.024905782753172
10594,0.5015767843340532,0.6899985739600994,0.0,19.871958403623733
13976,0.4667335918570604,0.7619966512070163,0.0,13.074338535596414
5753,0.5569824518853946,0.5852215442452213,0.0,17.167475697090268
5992,0.4630326929878549,0.7699576161838866,0.0,37.16200093801524
9789,0.4644577959227627,0.7668845840106266,0.0,54.655867578921786
559,0.42019379454692324,0.8670392585362485,0.2,69.42817259628085
14014,0.5400137895171371,0.6161606036070123,0.0,29.897036502272897
15293,0.591914919492478,0.5243923714999364,0.0,6.292708457999236
12657,0.5820486118143192,0.541201309284599,0.0,5.211768541313815
18640,0.5129551281045922,0.6675669072187461,0.2,25.775092295267175
12673,0.48578231032111213,0.7219946765782627,0.0,10.739670125553879
9514,0.4398679039801494,0.821280815371277,0.0,58.376641860400454
17418,0.49986701912948545,0.6934131776750705,0.0,8.164940067930404
5818,0.4495231181531869,0.799567995573878,0.8,29.710348335961402
15538,0.48627480081242386,0.7209813811086645,0.0,11.838513989020072
12350,0.5412535541647995,0.6138674331007627,0.0,9.963682273874422
4041,0.4134417329292589,0.8832386863476259,0.0,62.80003475861862
498,0.46062728014537385,0.7751660659387143,0.0,54.908890528106966
13848,0.4817881777188969,0.7302507268382101,0.0,11.844666984313749
3693,0.3865928352887524,0.9503832450005575,0.0,49.61000248868962
18118,0.5284110557139077,0.6378807835515105,0.0,23.027495312880696
544,0.4717282451107239,0.7513522110894033,0.0,37.63523523429669
1027,0.48955607067549994,0.7142562767370347,0.0,47.64089147862303
6962,0.4531227983486497,0.791592112201775,0.0,43.08635890871736
20479,0.5252322614189765,0.6439147115189239,0.0,12.75112123451557
1836,0.4797034264612144,0.7345872275744378,0.0,55.11240786966336
16781,0.36789461469318885,0.9999587549421518,0.0,3.671998468387884
14990,0.5030247532542172,0.6871158988522427,0.8,11.07115537895611
9281,0.5453706754681893,0.6062895770345016,0.0,17.21983566956317
19062,0.46800328877576075,0.7592799557905476,0.0,22.475065688372162
20562,0.4668466402934765,0.7617544686220055,0.2,7.055750620318191
3938,0.4945176276645401,0.7041724811036839,0.0,50.65817000977012
14730,0.5097970898352527,0.6737424955004075,0.8,12.743838634158058
11351,0.4715515469228783,0.751726857491043,0.0,3.491959156801066
2957,0.49706830887209735,0.6990278199312632,0.2,16.14754290707013
12010,0.5980198905494399,0.5141312637963052,0.0,4.803528241729097
7902,0.5172037599397065,0.6593183623125098,0.0,45.39407326937623
12785,0.5051823308305871,0.6828358637203819,0.8,5.93794008743453
3919,0.45224433052648855,0.7935326909345898,0.0,70.56092542490198
17186,0.5163094757468593,0.6610489340849023,0.2,19.932607483129523
12571,0.5092636612752919,0.6747893979703526,0.0,4.441801521033918
2771,0.47518462579366555,0.7440518645848838,0.0,44.7249608726632
16837,0.38681411259603726,0.9498110305565891,0.0,7.503032134431013
7318,0.49525763580281157,0.702677175444976,0.0,51.80487368748057
9728,0.6140958899080835,0.48760419053991283,0.2,9.569232471853585
6044,0.506883476454421,0.6794741312842554,0.0,50.726140441589884
6128,0.47611454524083985,0.7420968124379128,0.0,39.08438352936881
12511,0.49351718939022554,0.7061975891240707,0.0,5.970476773300369
16081,0.5486176173699716,0.6003535876694809,0.8,5.727372917194277
483,0.4539755764126462,0.7897118788357858,0.0,24.567937032583174
20166,0.46256942292362246,0.7709586296754349,0.0,4.209780814721521
12654,0.5511458362808064,0.5957558292038955,0.0,5.9176429878312575
2352,0.46298366921204925,0.7700634971982026,0.0,48.629511023090146
20488,0.49722594916950685,0.6987107301010537,0.2,21.684661983800613
4803,0.4296775353652128,0.8447202693788257,0.0,60.81985939527545
12962,0.48638857947338715,0.7207474283069278,0.0,12.551815749112507
3209,0.4866354273486408,0.7202400453876604,0.0,59.86707439522641
17890,0.5450226738481597,0.6069278817931713,0.2,21.903116297172804
11881,0.56939464826035,0.5631815030928897,0.0,9.436951262617358
9249,0.45980757489999413,0.7769471924521009,0.0,62.763736040774546
8998,0.42662575693978166,0.8518480975059599,0.0,24.6269316184582
21101,0.4875957519076006,0.7182685936615356,0.8,3.053719019111245
9898,0.5286635084316879,0.6374031394360571,0.0,24.316928310585574
11274,0.48318493883964875,0.7273558024672467,0.0,12.230486819615564
8694,0.5327573796935209,0.6296891560232898,0.0,21.042322411530748
3242,0.551391506251754,0.5953101844796104,0.2,18.526052305145598
15138,0.41835720672794025,0.8714196498371174,0.0,23.083035383768383
5599,0.4425943121625259,0.8151017024135869,0.2,43.24114780053378
4185,0.4524748091722855,0.7930231877292976,0.0,54.411299837904366
8494,0.5549440293951307,0.5888880182578992,0.2,16.017753984293382
19756,0.48357705757782954,0.7265446022729145,0.0,11.611636608173303
13052,0.5268661990938881,0.6408086543391707,0.0,1.6814948081067622
2278,0.4683299476304193,0.758582215167423,0.0,38.289437599951825
19401,0.49887957951649764,0.6953905359680804,0.0,41.75820380704673
15182,0.4808126326940685,0.7322776217841973,0.0,12.675724543651652
16998,0.4423455328362857,0.8156639538122555,0.8,43.9683644345661
2552,0.46447090768647975,0.7668563541504297,0.0,62.22655628325077
8088,0.4756099963921116,0.7431570959000381,0.8,49.48311455012339
12325,0.48685458141271276,0.7197898012848923,0.0,9.01324415520835
14912,0.5712184374480008,0.5599835900323207,0.0,3.719410982564911
783,0.47088606778325265,0.753139108529938,0.8,38.94481973956596
5164,0.4904320954775479,0.712468448953715,0.0,54.20816400421051
15871,0.5676156802869694,0.5663107084841551,0.0,5.034785392663851
2082,0.4975408057680494,0.6980777041027604,0.0,20.33500360040206
17771,0.47491191054161713,0.7446259436370823,0.0,43.93665459965236
9269,0.55304334274938,0.5923189030458403,0.0,9.425570202555615
20261,0.5137919631055229,0.665936836496573,0.0,30.317441068671922
1797,0.451525847341699,0.7951226600522805,0.0,61.884392021477595
16655,0.4665436834788812,0.7624036221808504,0.2,5.1734039684228215
11552,0.3996601840382457,0.9171406328420717,0.0,6.084310797338066
2702,0.5544434180422587,0.5897905188008927,0.0,16.039943570273827
10054,0.5569797068523837,0.5852264726586138,0.0,16.412677028475517
703,0.391730627693613,0.9371808496551063,0.8,73.55463955719081
9024,0.48054167064275544,0.732841330829963,0.0,60.23589296392338
19461,0.4803990515073205,0.7331381631593558,0.0,24.486814369852468
1837,0.4795574963774212,0.734891482822295,0.0,55.13523462009809
8939,0.4522667505514622,0.7934831171362201,0.0,48.00572858674132
20506,0.4156939901714606,0.8778058899570845,0.0,3.1357770485673764
6172,0.48229522320381246,0.7291988561573516,0.0,39.95644720626622
1055,0.4821064658984544,0.729590305715977,0.0,49.82371707897166
14703,0.43014483958947525,0.8436332907565308,0.2,6.876877361751693
5791,0.4214273199504054,0.8641079483172017,0.0,69.36842595288657
17535,0.4689916424696429,0.7571703305887855,0.8,37.40421548643624
3466,0.4526494394690309,0.7926373173934308,0.8,47.368004757016
12954,0.4759218784239482,0.7425015591781273,0.0,6.339805535926672
4016,0.48910527561581735,0.7151775251203971,0.0,43.01792922726619
8877,0.4786138518498097,0.7368611614908135,0.0,19.561084975304603
4982,0.4856009458347013,0.7223680914737097,0.0,56.561423766883934
7418,0.44788237596146285,0.8032246346978466,0.2,65.86442004522343
235,0.4423323356413071,0.8156937888413657,0.8,64.49690763475681
19238,0.4712013724123347,0.7524697340591573,0.8,23.174938432737004
2903,0.46313060728278205,0.7697461755118942,0.0,23.1077805412289
18492,0.5108918632176839,0.671597329141982,0.0,9.42922615529146
15756,0.5022433116407914,0.6886705921686119,0.0,5.940817281046632
20643,0.5159462847055244,0.6617526183271922,0.0,9.732395769097753
11798,0.4250747000423596,0.8554903606969919,0.2,7.425142600638322
8613,0.48366042136424475,0.72637222725967,0.2,19.906231386811484
6029,0.4769614527025232,0.7403196033036528,0.0,49.682846205468195
20491,0.4678795759062263,0.759544332615733,0.0,6.529043412023337
16386,0.542747875976091,0.6111103836794063,0.0,9.536989489264414
12058,0.4244455542921108,0.8569715398968094,0.0,6.38829451415329
16072,0.4929367248381103,0.707374460361012,0.2,9.119472020594403
12512,0.48868949345920776,0.7160279738951699,0.0,6.043991775294665
14107,0.4668466402934765,0.7617544686220055,0.2,7.055750620318191
18100,0.4632864974061643,0.7694096313698127,0.0,4.4306452551132
20068,0.5106049106593301,0.6721591567918388,0.0,4.896538650572299
17259,0.5791009824571244,0.5462784082277008,0.0,2.3257802865614177
16898,0.292017354040001,1.2309420468360064,0.0,8.033496729499186
11567,0.43815027741122503,0.825193328338346,0.0,5.697959711825888
18197,0.4706421001718795,0.7536573460615101,0.2,24.929477026028522
19922,0.5392271400797453,0.6176183866749632,0.0,10.289212851945928
10557,0.4896137827307515,0.7141383971779008,0.2,26.470789809536562
5811,0.4355835963569417,0.8310685462151747,0.8,88.05586616568588
8866,0.4741128711372471,0.746309860872137,0.0,74.10856861521395
20094,0.4836484928240339,0.7263968906118556,0.0,24.793015649261545
6330,0.4627479073125533,0.7705728498238918,0.0,39.445624594015314
7492,0.4810413635561191,0.7318020176545604,0.0,74.74259784484313
10233,0.5156720784856076,0.6622842223314602,0.0,5.2582056450977674
6006,0.473771293195532,0.7470305775363744,0.0,45.64356714759427
3492,0.4674711214818373,0.7604177043927424,0.0,41.89901435173476
7228,0.4429463341354578,0.8143066581816906,0.0,16.1639859223732
3429,0.45738279281191685,0.7822346176640176,0.0,32.04033220734924
17377,0.6053896736434919,0.5018829396204484,0.2,8.242631891163565
16921,0.5338871947989126,0.6275707080323771,0.0,4.4908960728634115
10482,0.49728176214684433,0.6985984876784742,0.0,7.918788105051222
8985,0.5056115330673835,0.6819866257542222,0.0,53.24099423608055
6945,0.4413880119370857,0.8178309447102718,0.8,44.20376193763471
11384,0.5318735529698214,0.6313495002789816,0.0,10.607934934690139
2714,0.4916720593357949,0.7099433307958763,0.8,62.30533507237708
5793,0.4310482984832012,0.8415351337108616,0.0,70.73103055655935
1138,0.44747894113011744,0.8041258013016449,0.0,56.78615770290043
20277,0.46951261656759896,0.7560601083464209,0.0,12.611459578792937
11442,0.4086872769824943,0.894805019352807,0.0,9.631457808665122
7523,0.47949876160030436,0.7350139673516469,0.2,19.512048435708707
16070,0.4771532669618187,0.7399175253188437,0.2,9.675160837082212
5740,0.47318305522511794,0.748272956426249,0.0,48.693863210325105
9480,0.6243426345209063,0.4710559675260353,0.0,9.244473587315431
20112,0.48691577212534837,0.7196641233722432,0.0,50.376488636057026
12550,0.5072701198009734,0.6787116365956544,0.0,4.5541551074476345
21205,0.5289080494500067,0.6369406817974138,0.0,4.9321500139951775
6167,0.45249715872577273,0.7929737949209354,0.0,57.9663831987384
10157,0.5422582478967564,0.6120129188850572,0.0,12.310333301268209
15599,0.47899795471447687,0.7360589514874843,0.0,4.8605655557004415
811,0.5012441233394942,0.6906620244410691,0.0,55.57308316075533
19503,0.48416648476738633,0.7253264546198387,0.0,6.179636636026165
2806,0.4938814224797367,0.7054598260734579,0.8,44.821392633048184
12207,0.48905417297137,0.7152820124707318,0.0,5.661457101419999
13746,0.4869722441333568,0.7195481510897447,0.0,12.25282609158104
16882,0.5274763807048484,0.6396511905493661,0.0,8.783050463272287
7945,0.484216569699838,0.7252230142874923,0.8,22.518174040325388
13601,0.5442905125745965,0.6082721442017104,0.0,8.913315623740859
5352,0.5032775551459671,0.6866134615727936,0.0,22.80586623090924
15142,0.5218954540913526,0.6502879906766009,0.0,9.247095401066893
6753,0.5002183873086579,0.6927105013008971,0.2,21.820380790978255
9484,0.492901347648034,0.7074462311539624,0.0,51.70724514299084
4499,0.49805604737156767,0.6970426633673622,0.0,52.09278455342776
6068,0.481978410876476,0.729855956647376,0.0,38.71885515912788
4583,0.4555955796092215,0.7861497498064383,0.0,64.73471039171515
15425,0.5275727542230486,0.6394685004446539,0.0,5.995017496590973
19112,0.6007862421357619,0.5095160780358119,0.0,15.380761987609823
18740,0.5368307659907972,0.6220723812732967,0.0,8.77215400250978
16226,0.5259242999639421,0.6425979930197497,0.0,9.16248416003554
13863,0.4860162756227443,0.7215131667066973,0.2,11.977117638411599
11353,0.4921110002920998,0.7090509775862204,0.0,9.05741730669823
5424,0.4357465131702814,0.8306945965181383,0.8,31.37948331331522
13798,0.5043624208696701,0.6844601803042821,0.0,3.9264060044750932
17865,0.48865314124539333,0.7161023638021285,0.0,17.021037464921
13824,0.45456442089527394,0.7884156352651716,0.0,14.019607253359789
8769,0.5786780961390771,0.5470089212325931,0.0,16.724798184021225
7625,0.5142011620957199,0.6651407241456675,0.0,47.803665671212684
17021,0.44089275659920707,0.818953615423628,0.0,25.311803620284792
1602,0.4864223893424447,0.7206779186690743,0.0,57.68666542943345
15539,0.5015168098070784,0.6901181530849121,0.0,11.734424334522913
17552,0.48920433977039085,0.7149750040506783,0.0,25.292240768292743
21114,0.4059421664064719,0.9015445768016808,0.0,7.113637975047769
13755,0.5269954024747889,0.6405634544355859,0.0,16.9941482751272
1121,0.4505503207357295,0.7972855084253493,0.0,41.307360245019524
6135,0.42897479180795856,0.8463571221349863,0.8,52.25493280480447
4109,0.48884895466431394,0.7157017233894702,0.0,47.379454634420014
18830,0.4857218787634212,0.7221190848071676,0.2,24.77951746947758
4045,0.5123559684043468,0.668735644727756,0.0,40.81627742289359
17331,0.5112411969260673,0.6709137904998883,0.0,18.81913131165527
1097,0.47753362964809737,0.7391206929589255,0.0,43.94072576031245
4917,0.5310923082037733,0.6328194344231612,0.0,14.601991489201914
2604,0.445267759154768,0.8090794718025774,0.0,63.84446408287891
6386,0.527458538805572,0.6396850161417283,0.0,17.005065347936384
19879,0.5282912844152372,0.6381074723637425,0.0,21.386171546800938
15788,0.5019175944341309,0.6893193272789182,0.0,11.40995866439776
10325,0.5284592437938517,0.6377895934026344,0.0,19.256144260419262
5726,0.45196577403768606,0.794148823172459,0.0,61.76492290457559
8169,0.4670671304624152,0.7612822833305156,0.0,28.319698616646036
19779,0.46121519302106295,0.7738905487597799,0.0,8.49267504888676
17532,0.5385579305286741,0.6188602105883226,0.0,2.435524374705503
2739,0.45523141319745686,0.786949388890579,0.0,30.29755447426097
15066,0.4598301485211123,0.7768981000311447,0.0,12.296743551092199
2204,0.42636815657309374,0.8524520886257986,0.0,67.94042886199881
295,0.4682668322542135,0.7587169911514043,0.2,42.727149209027736
9000,0.47124222272307903,0.7523830438615035,0.0,43.638216543967204
8809,0.48892740626807957,0.7155412539670777,0.0,16.37874023136132
10125,0.5188828358041941,0.6560771711971713,0.0,52.43368506939686
5322,0.42573674970332415,0.8539340821706832,0.0,40.13490186202213
3130,0.4840621424051562,0.7255419871081493,0.8,23.289898062943898
6613,0.46465149566313707,0.7664676260812747,0.8,41.94110651095482
18372,0.48429035555293676,0.7250706439712507,0.0,22.601901372603923
3967,0.359977473412761,1.0217138233432483,0.0,88.8891026308626
17137,0.5420133824360787,0.6124645870058311,0.0,7.053448559939223
16830,0.5717698577160378,0.5590187152157537,0.2,1.5444624920217138
17399,0.5622286058033822,0.5758467399055646,0.0,2.307619208769602
2590,0.4739468589361644,0.7466600755210951,0.8,57.56749068336357
7171,0.48458582052449795,0.7244607311918557,0.8,17.90504708195065
3121,0.47107429216980934,0.7527394645596307,0.0,32.6990027424766
3717,0.5067237215487571,0.6797893518298502,0.0,23.658029053500734
9414,0.46224518829377415,0.7716598180848743,0.0,39.698039105884476
1768,0.41869711833651563,0.8706074883869435,0.0,56.611249939698595
13782,0.5297681974894296,0.6353157313346536,0.0,18.019778123782245
13044,0.4692208269002985,0.7566817750798865,0.0,12.402771541090752
3745,0.4668393817960442,0.7617700166697662,0.0,73.89549837478683
4338,0.4785234329905473,0.7370500975211269,0.0,40.86205920600999
18664,0.4750318553276162,0.744373413348562,0.0,4.302478130385542
8836,0.4141666679537721,0.8814868065717637,0.0,76.92735065042515
15442,0.5254078389495439,0.6435804818771268,0.0,5.987229512600546
17946,0.44679904101312196,0.8056463581342427,0.0,25.62398680487351
15479,0.5405330908342917,0.6151994211417658,0.0,9.922550991888833
4720,0.46103213667476367,0.7742875276239284,0.0,26.770994812004332
21037,0.48741434050522114,0.7186407157675211,0.0,32.13401971520057
13050,0.48544151531323126,0.722696461301563,0.0,12.731021678321323
19442,0.5476524560357469,0.6021143975410775,0.2,13.049323643323651
17247,0.4208736989512586,0.8654224928005775,0.0,41.501337226887614
8090,0.47415778438684775,0.7462151342255354,0.0,53.839423073006316
9025,0.4769841529148577,0.7402720110463896,0.0,63.948396431720376
16692,0.4274643135935454,0.8498844710638814,0.0,6.328664767271051
6147,0.450511125417687,0.7973725065279416,0.0,54.48844950357055
9762,0.49571580533841747,0.701752489577059,0.0,14.0701375498687
2719,0.4910984611333094,0.7111106394517043,0.0,15.92532173970563
14120,0.5310450319962057,0.6329084553168056,0.8,8.886034990298679
2591,0.47934693012133367,0.7353306637326196,0.8,58.09112243487695
838,0.4752714746191405,0.7438691126920212,0.0,67.51727955946961
6441,0.46504090568999934,0.7656299080380411,0.0,22.903054190578146
12062,0.45389786005885846,0.7898830840960247,0.0,14.663388169023786
2342,0.45169174634282316,0.7947553089197299,0.0,49.674195636076
16207,0.523103888835682,0.6479751944223813,0.0,6.899315598351947
14750,0.4724103603296557,0.7499072636342689,0.0,29.33749631054343
3376,0.5281931871986608,0.6382931773494646,0.0,48.45602714285946
12033,0.5022207721770627,0.6887154707543086,0.0,6.093065853835081
8914,0.4154679364545118,0.8783498362454814,0.0,93.93512296922191
8279,0.4743498825437026,0.7458100807585394,0.0,55.75676038569095
20,0.5334651878386168,0.6283614627805751,0.0,16.50768393118028
14639,0.4680048244192835,0.7592766745294108,0.0,9.665592443292784
8144,0.5568510282676757,0.5854575285654462,0.8,16.420325588467463
17477,0.5167948921635765,0.6601092101469986,0.2,23.47018190916748
19345,0.5256563427582893,0.6431076205282185,0.2,19.99842029618847
13703,0.42338847383051925,0.859465143536855,0.8,11.01834328767945
14983,0.5554299541886877,0.5880127729229733,0.0,19.409124706919034
9563,0.4737987223456289,0.7469726838722551,0.0,25.770557593592805
18620,0.5841122514460076,0.5376621032440005,0.2,2.199925021472124
16363,0.47786707186586147,0.7384226774963574,0.0,10.986621091647375
6567,0.4583510325207562,0.7801199418862468,0.0,60.84935546712725
18384,0.5024614004389573,0.6882364570461843,0.0,33.998882028246996
3223,0.4396555508157847,0.8217636977033695,0.0,70.6318224129947
16534,0.5492432122855176,0.5992139259448631,0.8,5.812974709324488
15711,0.5274372536477888,0.6397253711378111,0.0,1.518720860732801
17221,0.5052974702764111,0.6826079730763606,0.0,19.49869776646392
16548,0.5769489841052936,0.5500014321449975,0.0,4.512762102179606
19173,0.47566327969384137,0.7430450706742172,0.8,25.99914685282134
17151,0.49858521413115325,0.6959807631034434,0.0,6.514727834796413
4409,0.44185304674880094,0.816777925604982,0.0,19.774192831114092
14905,0.5361056745953023,0.6234239832479364,0.0,8.43929027572976
16794,0.38813581787629675,0.9463999545377668,0.0,2.2467725989856886
8328,0.5197183127892895,0.6544683203569056,0.0,52.73378541207738
716,0.4486148115745932,0.8015906401102973,0.0,42.25585071572735
4288,0.4686479499682504,0.7579034321334668,0.0,50.62605497052279
13786,0.5256128736290643,0.6431903189057077,0.0,10.183793146256711
14317,0.5449062010953915,0.607141607213039,0.0,18.531782554352425
8490,0.5544122293924403,0.5898467725610621,0.0,16.043832101156546
2907,0.46722829446175845,0.760937287525886,0.0,28.15467963845778
4356,0.4872577468170194,0.718962041660785,0.0,51.312320145395915
8138,0.4931566143056784,0.706928479311381,0.0,36.62702529416903
14785,0.5265510123370591,0.6414070625725169,0.0,19.573820679144617
15201,0.5332725503962589,0.6287226339242356,0.0,10.22617325703585
15229,0.5141411284670292,0.6652574822121398,0.2,9.001266478539252
19761,0.5184269510807415,0.6569561463279718,0.0,17.28385832398366
9504,0.4771259416484629,0.7399747943300863,0.8,54.68413843010531
17052,0.4803918666204372,0.7331531193516924,0.8,47.636625607930526
557,0.41960303539473776,0.8684461684662896,0.0,76.51010611673644
10818,0.4711557263262386,0.7525666104687325,0.0,19.910654287812335
13527,0.5156499866272076,0.6623270641539145,0.0,17.18440709060996
12695,0.3512792552194101,1.046173772921625,0.0,19.307136899451862
12182,0.5533821065065514,0.5917065458951891,0.0,7.602837676811864
13335,0.56249046723672,0.5753810921818862,0.0,18.046827275864413
2054,0.4537684423159359,0.7901682500065823,0.0,49.879370781665514
10481,0.4900613993504916,0.7132245909305335,0.0,8.067461123619497
233,0.439354481759972,0.8224487162047024,0.8,61.46981529219945
9029,0.45737717611621004,0.7822468978159649,0.0,59.274759875618784
14890,0.45960835353372065,0.7773805575118748,0.8,13.507376034217572
18490,0.446023579455911,0.8073834596243489,0.0,30.123474907433433
15965,0.49060898394126573,0.7121078351744439,0.0,12.023228564127425
2039,0.4956120811165149,0.7019617527758419,0.0,14.78682469711113
1859,0.4670671304624152,0.7612822833305156,0.0,28.319698616646036
18668,0.4736422778827567,0.747302930218479,0.0,27.66889070626574
5078,0.4263094953000187,0.8525896817081051,0.8,64.45151477711157
11243,0.5268661990938881,0.6408086543391707,0.0,1.6814948081067622
11878,0.6243359354674362,0.4710666973545616,0.2,3.818230770387845
16876,0.528953760403982,0.6368542603885342,0.0,8.695926503334054
11538,0.4295308257330586,0.8450617689270667,0.8,5.756560599077473
21039,0.47842215287658474,0.7372617712376611,0.0,35.053110969743216
4057,0.4327129945440401,0.8376806009010034,0.0,63.4291761227833
1949,0.46317428689536927,0.769651866148111,0.0,57.00426440930384
2527,0.484091097007199,0.7254821730190718,0.0,55.16566510056899
8248,0.44413220639465034,0.8116329987221498,0.0,50.84069054457399
217,0.483604850135121,0.7264871310628402,0.0,56.843982022711494
7482,0.49258826094661473,0.7080816243823074,0.0,51.304055391156254
11972,0.6277206816011518,0.4656599859759232,0.2,7.740432313085559
8334,0.4725669917245591,0.749575760670738,0.0,46.30129793916464
19058,0.49828853463679,0.6965759829163616,0.0,24.680035383975962
20477,0.5871917451290417,0.5324038598033953,0.2,18.62162336682215
14411,0.487162815604481,0.7191568881500726,0.8,5.281847811655427
14097,0.46332113972034805,0.7693348590221395,0.0,9.616685737776745
15697,0.4924876004833644,0.7082859953704556,0.0,1.681485157640058
2918,0.46835476895089617,0.7585292169279017,0.0,49.54712821824579
4072,0.4230278622932988,0.8603172337994097,0.0,66.3347566364317
13155,0.47210752810842,0.7505485055531771,0.0,4.9977898821317
17695,0.5039660512904295,0.6852463717301926,0.0,23.163726500527773
10316,0.4417720815774603,0.8169611824386136,0.2,61.108698939575966
19127,0.5246853164385099,0.6449565933608475,0.0,9.781121614030702
1554,0.5282341567767677,0.6382156148396317,0.0,14.96966612988784
20399,0.46367733359400204,0.7685663703968878,0.0,26.21848786797851
12153,0.4385112892518516,0.8243697223431438,0.0,9.103103067787885
15256,0.5503187226806766,0.5972576728154136,0.0,8.73740250580444
6002,0.4829928754678146,0.72775337602259,0.0,44.07092151500471
6117,0.402411423998127,0.910280270942213,0.0,55.345043251241464
20137,0.46868103357964375,0.7578328408853825,0.8,23.62543823642123
13300,0.6430507096630833,0.4415316936813752,0.8,7.949777774185016
12297,0.5457097296237237,0.6056680753287322,0.0,5.396502314358868
11992,0.6339091119965002,0.45584969129382946,0.0,7.580780635750313
5103,0.4686718013729953,0.757852539351754,0.0,26.062548365750345
14684,0.5308740294548477,0.6332305185493883,0.0,7.418295923377233
20073,0.5302503636715505,0.6344059996883573,0.0,7.417157258922996
13724,0.46562136691098277,0.764382492486039,0.0,13.762706135715813
2691,0.5290810623695444,0.6366136218699587,0.0,19.110504348913125
17107,0.41335690388325275,0.883443885153059,0.2,6.65939989001631
10659,0.42080068554822264,0.8655959884054425,0.0,5.717261313553715
10848,0.5133813711507642,0.6667362964570959,0.2,15.804315896977041
13089,0.41692007495838157,0.8748607423202287,0.0,11.713510425528279
12518,0.3420073210192739,1.0729231356595426,0.0,6.6752985126730096
18203,0.490714332148249,0.7118931287557524,0.2,25.070739641908453
2832,0.47391392275920763,0.7467295713323072,0.0,54.95929531063891
15155,0.5831575970514034,0.5392978083188532,0.0,3.332860362833908
1084,0.4425746488859074,0.8151461307148199,0.0,20.96351962160695
18011,0.4831138813729105,0.7275028738811407,0.0,36.687243048597566
3342,0.487060051603227,0.7193678542546348,0.0,47.75523105308828
9537,0.5380076663124831,0.6198824692704223,0.2,16.42688543566619
632,0.4647042170183924,0.766354168220969,0.0,47.64538759656178
13039,0.4773313273593214,0.7395444225980085,0.0,12.674683655248746
1261,0.48461772992176866,0.7243948845546503,0.0,47.25952072087095
17,0.5196684022688618,0.6545643587605969,0.0,20.1811991893612
1288,0.45375952838017425,0.7901878944385993,0.0,59.678941933206254
15790,0.4897933496980455,0.7137717121429231,0.0,11.814706782582105
1393,0.44269900818693614,0.8148651796194085,0.8,30.52892407877971
7407,0.5352295720993764,0.625059517398287,0.2,16.892233219247423
12924,0.5325170127157164,0.630140433146999,0.0,10.526495887644717
15364,0.48689135118846,0.719714278965294,0.2,9.93619532995133
14364,0.5027089754169022,0.687743854023059,0.0,5.7247800875001955
10713,0.526377799683599,0.641736073713717,0.8,8.27839541210767
18135,0.5015922899565626,0.6899676606815545,0.0,9.618148900378916
20920,0.5357112106506839,0.6241600492081917,0.0,22.77060713426356
15450,0.47952285978514164,0.7349637115820064,0.0,11.974028654518174
9867,0.44173287876086814,0.8170499262903808,0.0,48.81465009031345
5838,0.45349999511850786,0.7907600201909858,0.0,53.28141100509144
938,0.4732530405076753,0.7481250641744627,0.0,39.63005484782689
15952,0.5671115530920124,0.5671992519389967,0.0,5.042684988310132
5509,0.4768355141182618,0.7405836816963804,0.0,47.47141286669697
3183,0.47474860484755,0.7449698680038018,0.0,60.346287795196154
19802,0.4882050457812535,0.717019785596857,0.2,22.979050329506855
7497,0.46886487051126846,0.7574406746283947,0.0,51.50596587473085
3131,0.5267809847814852,0.6409704054716044,0.8,18.52404569617259
17224,0.5198003073593529,0.6543105654718191,0.0,21.84677543060262
18166,0.5086551786019379,0.675984940722865,0.0,24.303685975555887
8142,0.5578436382651804,0.5836765740320307,0.8,13.407052174648918
776,0.4545371419395083,0.7884756482645746,0.0,14.939644029858727
7641,0.45703314310303006,0.7829993675162339,0.8,59.331778268304845
3323,0.5167909332471488,0.6601168706940581,0.0,41.71278163447894
15550,0.5860338912111279,0.5343776562462175,0.0,4.754625216835609
6999,0.5263622324542808,0.6417656484023277,0.0,15.492543067287524
16561,0.4766258636390576,0.7410234488174695,0.0,6.34056746205961
14331,0.49745291367931677,0.6982543727334127,0.0,26.018003562265406
569,0.416328878322781,0.876279758167715,0.0,63.67925176427369
8618,0.5250771822213116,0.6442100134410971,0.8,19.596869886760583
17905,0.5378086905796599,0.6202523757768951,0.0,10.708657037095776
12286,0.5068577781954288,0.6795248311228579,0.8,11.335493765884646
20578,0.5076839426052127,0.6778961852516013,0.0,11.028354635405076
18110,0.48109560776738386,0.7316892598811062,0.0,34.78816591687065
13677,0.6101279255106261,0.4940866298498309,0.8,5.511783602847208
14437,0.5735094921553274,0.5559807912762258,0.2,10.047406771986989
1705,0.5300566940001402,0.6347713083452465,0.0,12.908073974050097
20773,0.5202002290676938,0.6535414856222507,0.8,20.68132061168367
13446,0.5503375029226925,0.597223547279064,0.0,16.1342933520824
19920,0.4995324108412726,0.6940827964294569,0.0,11.312161980170742
11268,0.4803815707710967,0.7331745517704921,0.8,11.892091425496108
18584,0.49065920942964764,0.712005466650191,0.2,19.70724275459591
8562,0.5004223616085256,0.6923028139207585,0.0,48.69657739589752
8010,0.4786638280208497,0.7367567483782207,0.0,40.845795928811086
12872,0.3387112037351458,1.0826074410661533,0.0,88.71155933100295
7757,0.5041610256131265,0.6848595666743721,0.0,14.99842359578258
13476,0.49881134255696474,0.6955273257456149,0.2,11.590093925441945
20731,0.5060026483420265,0.6812133758308455,0.0,20.828099485752663
1425,0.43120005360205027,0.8411831350783354,0.0,31.165834512880537
3494,0.4272912291496741,0.850289462754679,0.0,90.48780306942643
14424,0.5275009543790096,0.6396046043842449,0.0,3.9851525476177043
7985,0.5293748087780771,0.6360585747979338,0.0,13.389032514222329
13491,0.5316998978932811,0.6316760505100777,0.0,18.44809780212731
3263,0.4809891074965797,0.7319106546700462,0.0,56.39371538392355
20038,0.44736916724622605,0.8043711477094084,0.0,5.0035907181895105
10891,0.535544872465373,0.6244705971514322,0.0,6.267187070234748
18496,0.5324528099761123,0.6302610050886894,0.0,7.851161501474883
2942,0.5334651878386168,0.6283614627805751,0.0,16.50768393118028
13092,0.5103074931861914,0.6727418071356536,0.0,4.736875877536936
10356,0.4435713795195633,0.8128965442537925,0.0,43.900475639739014
3641,0.5218871581498745,0.6503038865947375,0.0,35.87076228533722
2413,0.5097702571768573,0.6737951308824257,0.2,50.47062345624427
18023,0.46652701811452635,0.7624393437276276,0.0,6.046905885401986
10057,0.556166402160751,0.5866877450464332,0.2,15.306682798273854
20567,0.5146347257630068,0.664297900332718,0.0,2.9165998186435536
5837,0.45275561801466235,0.7924027736491904,0.0,53.392099734859926
4968,0.48781914556005085,0.7178105451799386,0.0,49.582766694180165
12361,0.5497311482065873,0.5983259417103387,0.0,6.105617476173674
16252,0.4580188792803617,0.7808448745813588,0.0,9.94202960698803
17038,0.5175567094717972,0.6586361763260672,0.0,16.403333167401463
15978,0.563844080078069,0.5729775194667528,0.0,7.812548882290292
9691,0.49313816650188935,0.7069658876078664,0.0,24.71199254739575
15959,0.4751690013957427,0.7440847458145171,0.0,6.193761690975096
12857,0.49269363645512404,0.7078677251739915,0.0,4.857034245064482
1420,0.45276369895657637,0.7923849254558658,0.0,53.92179357272994
18185,0.5163614693990862,0.6609482366603929,0.0,43.893574817081436
16862,0.5173794731241438,0.658978683144104,0.0,8.851731400144574
6212,0.5115889892126574,0.6702337317673493,0.0,19.695488226949266
10326,0.5277799750824163,0.6390757959842842,0.0,19.301369413664542
20061,0.5168191985044973,0.660062178394733,0.2,5.504918511158482
803,0.4900434683038029,0.7132611809879497,0.0,50.32057849540024
3783,0.45933279517036624,0.7779802876948193,0.0,57.84672393541719
19977,0.6074356195706269,0.49850908539871724,0.0,1.9003167110326058
931,0.48985646130509697,0.7136428669036756,0.0,51.77479217172686
20908,0.500994154302142,0.6911608460249414,0.0,24.854144049422587
3715,0.4566607153287577,0.7838145810398031,0.8,58.825286699049485
19196,0.5217816139539885,0.6505061427109823,0.0,22.994415929026104
15833,0.49746357461227253,0.6982329419237284,0.0,5.069171318179106
13480,0.5092872322867281,0.6747431145463442,0.0,10.87753330173593
19655,0.5238475464632696,0.6465545788568793,0.0,9.968578023264648
20505,0.4156939901714606,0.8778058899570845,0.0,3.1357770485673764
10,0.5198003073593529,0.6543105654718191,0.8,21.84677543060262
16798,0.3912970215090184,0.9382883615784906,0.0,2.2275155135350366
19456,0.49693581958746447,0.6992943968631373,0.2,23.85852425281997
11189,0.49339020125291366,0.7064549347255257,0.0,10.618370513714552
15313,0.5522473135397663,0.5937593012663703,0.2,6.620119407612309
8551,0.48553366407766724,0.7225066546686675,0.0,32.281597551087586
9712,0.5473344065472268,0.6026953168348745,0.2,14.738310988193401
2885,0.45371976561741284,0.7902755278712293,0.0,55.42992504254213
640,0.4670671304624152,0.7612822833305156,0.0,28.319698616646036
4275,0.4725615621081149,0.7495872503594628,0.0,56.42518141458794
2522,0.5008370947056159,0.6914743910415665,0.0,51.169104937075915
901,0.44541212215098064,0.8087553082046187,0.0,57.11834364195119
15209,0.5071513543160192,0.6789457907190185,0.0,4.789283540392667
1088,0.42205082713969944,0.8626295287398529,0.0,44.511685657378706
14233,0.45215263111387305,0.7937354766953102,0.8,9.958999350077137
14642,0.46261564899472396,0.7708587014069338,0.0,9.585628275460406
2233,0.5239131377175451,0.6464293761166896,0.0,19.08582708325202
5825,0.4927262687258947,0.7078014949900648,0.0,50.89446563324512
9776,0.4956120811165149,0.7019617527758419,0.0,14.78682469711113
11044,0.4283869690318157,0.8477283586307066,0.2,39.67368653715166
17039,0.5183235850276752,0.6571555502343288,0.0,16.428888755858218
7378,0.5747758474285857,0.5537751447474534,0.0,2.1742873118465864
5005,0.4594758995052877,0.7776687879519285,0.0,64.78758779224073
5408,0.47424294294923036,0.7460355507221557,0.0,50.91319536218157
18315,0.5246425312397226,0.6450381411800648,0.0,9.698148354217263
6410,0.44346256135991136,0.8131418971206512,0.2,69.8529536795447
17304,0.5020634924474846,0.6890286883091465,0.2,3.6312844224928824
12545,0.4644233138918632,0.7669588282396265,0.0,11.07143445908756
15338,0.4687282565256487,0.757732088852,0.2,13.38154857350558
4301,0.45481585639006294,0.7878626531795104,0.0,17.490554507134135
7960,0.5552467223805275,0.5883427191867021,0.0,15.663447737105507
7278,0.473856803721461,0.7468501047824759,0.0,33.61198691445024
4277,0.47610256792260147,0.7421219691339508,0.0,37.14320681993076
13731,0.47472369992052943,0.7450223285693206,0.0,14.304429276937885
20146,0.5302503636715505,0.6344059996883573,0.0,7.417157258922996
782,0.47092662044649153,0.7530529923334358,0.8,38.04423464473629
775,0.48323292318338606,0.7272564989554589,0.0,37.2028080905656
13465,0.564776122069842,0.5713258704853168,0.2,3.857349596313621
3943,0.499771212393449,0.693604860492531,0.2,48.42402502865729
1018,0.42624669269584164,0.8527370094858515,0.0,67.96313705367552
4958,0.4574482808286298,0.7820914480260116,0.0,53.671025620785045
2622,0.5330632643799297,0.6291151669632958,0.0,17.322687226280948
13307,0.4270338606737062,0.8508919698958582,0.0,7.001989895306051
19425,0.5093246372571593,0.6746696715175197,0.0,18.126688248804943
4245,0.49630894715731355,0.700556668831486,0.0,38.77581322326972
3860,0.46680082730494243,0.76185260628137,0.0,37.55933581466118
20705,0.5221115360755999,0.6498740432809073,0.2,32.30848692133685
3595,0.5209489001460916,0.6521033223727578,0.0,59.12620704550111
9322,0.4599480756921535,0.7766416748004034,0.0,23.314783433026456
3190,0.45313322003586726,0.791569112768929,0.0,65.22529609999836
13528,0.5112200349999068,0.670955184589958,0.0,18.665973670406085
14151,0.45914299543477227,0.7783935805442053,0.8,5.0880863534273075
4662,0.5258234452451485,0.6427897780167933,0.0,52.70876179737705
3866,0.5308033661045957,0.6333636349756248,0.0,23.901560295697166
3823,0.47050929743905906,0.7539395593888004,0.0,54.32134467875284
651,0.4641369066379105,0.7675757128674687,0.0,39.875558869078795
20660,0.5057275542721328,0.6817571849925417,0.0,21.887814112101875
9013,0.4851685541571443,0.7232589140760987,0.0,57.244134239674715
16693,0.5176213431602162,0.6585113017919932,0.0,10.302408518968983
12353,0.5185405633725874,0.6567370222171065,0.0,6.669164598403627
9061,0.4561394365601924,0.7849567342792706,0.0,55.1000347288113
12470,0.42048904144060123,0.8663368606920726,0.0,4.770726728827454
7918,0.5137144266405039,0.6660877581179661,0.0,46.53289118866881
8053,0.5564678676151622,0.5861458500680427,0.0,15.854365502348713
19484,0.4642960345383748,0.7672329247242112,0.8,24.321284299109767
4724,0.49522625551010424,0.702740539004935,0.0,57.29092083393188
4946,0.4786345410761732,0.7368179350377432,0.2,21.45245541534833
12968,0.46378778237126816,0.7683281969585838,0.0,12.70315366115779
1337,0.4862429814816453,0.7210468181245612,0.0,20.665201697426912
3858,0.454676673444202,0.7881687204475347,0.0,14.90230104398178
20135,0.49846256540088957,0.6962267868816416,0.0,5.8940473798083755
21066,0.5113593130502138,0.670682779223208,0.8,9.41638587490285
18726,0.4689916424696429,0.7571703305887855,0.8,37.40421548643624
15558,0.4892253955084034,0.7149319641935346,0.0,4.39311389621312
1482,0.4483720565512207,0.802131907854398,0.0,34.25103307736087
12562,0.5621146983894402,0.5760493602509821,0.0,5.64528356565058
3413,0.5110336447024675,0.6713198500408254,0.0,39.06746102913728
12884,0.5133179038109704,0.6668599302054046,0.0,12.100173420857722
198,0.4899488669580952,0.7134542464693777,0.0,56.02399579265268
9305,0.4823402653738831,0.7291054692342357,0.0,52.466431679896246
19930,0.48920433977039085,0.7149750040506783,0.0,25.292240768292743
19963,0.5404534195190883,0.6153468259698271,0.0,2.4318507430851457
10350,0.4576131285839165,0.7817311492408715,0.0,48.584592118147235
4206,0.468764807497356,0.757654112868756,0.0,71.14372235446461
8965,0.5305340098921564,0.6338712138554683,0.0,13.342988568052249
14345,0.42446609027564947,0.8569231579864561,0.0,18.86944914835566
14849,0.5890065833993487,0.5293179181445454,0.0,8.640011426718731
8887,0.48503010548419473,0.7235443168078248,0.0,50.68789733478037
8339,0.46306049042342756,0.7698975845670278,0.0,37.1591035122932
5552,0.4465429046285947,0.8062197922885339,0.0,66.40751457726392
8407,0.47474618300897864,0.7449749693242141,0.0,54.591764842685144
5142,0.49746505819358905,0.6982299596368234,0.2,33.73498087274815
15118,0.4800256793563709,0.7339156778520965,0.0,12.630688493872979
15275,0.5419903579072994,0.6125070675396629,0.0,4.191844951408438
14547,0.49339020125291366,0.7064549347255257,0.0,10.618370513714552
9536,0.46437094552581976,0.767071594582803,0.0,63.74748451666635
7117,0.4429463341354578,0.8143066581816906,0.2,16.1639859223732
16581,0.5507353913181872,0.5965008187205914,0.0,16.221451615426698
3556,0.4516084821838525,0.7949396643678455,0.8,48.53106590316613
15061,0.48278340392759134,0.7281871649817456,0.0,11.410693104433577
6405,0.4805413716965941,0.7328419529326287,0.8,20.537895451379896
1811,0.4797057560488408,0.7345823712781486,0.0,52.790760542666916
15290,0.489703125056108,0.7139559387216157,0.0,7.0443173506958185
16645,0.5022207721770627,0.6887154707543086,0.0,6.093065853835081
6390,0.5242697870956078,0.645748866286996,0.0,18.436129639826447
4415,0.4047543467298335,0.904474947186608,0.0,33.14900819450844
21100,0.4920434402181946,0.7091882732610257,0.0,3.3118736981252415
4242,0.5017986595488811,0.6895563163389925,0.0,48.10517041424009
11315,0.4814289746333856,0.7309965671739755,0.0,12.168900779537333
12712,0.4495024500900768,0.7996139743843677,0.0,5.801998650400455
11105,0.4186415768657206,0.8707401502863509,0.2,3.1838612399440795
534,0.47445015781123745,0.7455987079431026,0.8,55.731637601667714
1759,0.5615220589841966,0.5771042197619555,0.2,18.87130842651152
1379,0.41406984190016377,0.8817206191431668,0.0,62.04226948245048
20770,0.4933314217972587,0.7065740756348793,0.0,27.556388949760294
15499,0.48830029811800646,0.7168246973924757,0.0,12.304294536162546
9800,0.4463849691200044,0.8065735398080827,0.0,57.54498864377755
6517,0.4844990723334524,0.7246397623415859,0.2,18.152225493800458
766,0.4416828536167805,0.817163180203137,0.0,45.76113809137567
11624,0.4896137827307515,0.7141383971779008,0.2,26.470789809536562
2718,0.44830180005354475,0.802288612540951,0.0,39.88979079489229
1910,0.48458287265363353,0.7244668144896039,0.0,58.446356942602904
9785,0.5017873793146614,0.6895787961937999,0.2,20.623924604203857
2484,0.4561753675299392,0.7848779654823503,0.0,53.52867485063883
3475,0.45041874657219655,0.7975775809708838,0.0,54.2631905996534
14195,0.5251389677459456,0.6440923509490335,0.0,25.152130139443848
13879,0.49865485582902747,0.6958410942311523,0.0,10.719432534427062
13085,0.46588277668984124,0.7638212286687673,0.2,5.240004763170337
5379,0.45779612884848503,0.7813313274878784,0.0,29.835134832577445
4435,0.463250545555353,0.7694872361479539,0.0,60.204679712413835
8182,0.49123924584964834,0.7108240074384932,0.0,16.348952171085344
7420,0.44788237596146285,0.8032246346978466,0.0,65.86442004522343
19339,0.4905237817343534,0.7122815164744825,0.0,21.09101140339125
3046,0.45152460219288726,0.7951254177028909,0.0,43.012313474412714
17831,0.39554788616532643,0.9274834215681302,0.0,32.58249359034758
19159,0.5051533386727154,0.6828932548602866,0.0,5.37266240257247
14631,0.30190362366969253,1.1976474394606476,0.0,46.601061323608945
19165,0.5045624505288603,0.6840636598745027,0.0,7.041751090331493
20560,0.45458472271065514,0.7883709741322269,0.2,9.737564677947631
13073,0.47696074036357955,0.7403210967985077,0.0,2.361468728778508
7441,0.5124326238224715,0.6685860423241988,0.2,52.81829734361171
12758,0.44921458157513505,0.8002545954355863,0.0,5.136554374667931
8094,0.4665211319056352,0.7624519608876125,0.0,44.87411271754103
10814,0.49507403272069544,0.7030479665446758,0.0,41.48334601690485
2813,0.495001236274843,0.7031950188916303,0.0,53.94560329909435
21032,0.5176473367287892,0.6584610857097658,0.0,22.12165782167247
13503,0.5310450319962057,0.6329084553168056,0.8,8.886034990298679
12521,0.487346925501781,0.7187790368229396,0.0,6.10387131199181
13598,0.5538044202675666,0.5909436865733253,0.8,8.344124786787216
2618,0.5251389677459456,0.6440923509490335,0.0,25.152130139443848
5214,0.42711791745264327,0.8506951505919336,0.0,70.62896617595307
2020,0.4999892531844689,0.6931686744219989,0.2,20.476201954926402
14938,0.4174870334028149,0.8735017928913364,0.0,34.78284112636143
10001,0.5244132474269885,0.6454752653464775,0.2,50.37934643012675
11565,0.46157835593053737,0.7731034541195198,0.0,5.757525394977994
18617,0.5016194060362933,0.6899136021416757,0.8,36.86208397297466
5261,0.4956906374470442,0.7018032616727254,0.0,14.127299737786974
1122,0.43120005360205027,0.8411831350783354,0.0,31.165834512880537
18962,0.4800275106914046,0.7339118627821554,0.8,23.294363756552304
13515,0.5140376631727196,0.6654587415563319,0.0,10.150574904175414
18370,0.49986701912948545,0.6934131776750705,0.0,8.164940067930404
16607,0.5416561480767007,0.6131238920102806,0.0,16.8320896647376
12108,0.4250417586224007,0.8555678593023646,0.0,10.95126794632379
4545,0.49213929370528564,0.7089934852727993,0.8,50.34208047448635
18083,0.5068650285975261,0.679510526616638,0.0,6.198834902186309
18529,0.5298252626601074,0.6352080198908232,0.0,19.5091441039107
10071,0.5708354915158594,0.5606542167633035,0.0,5.541338290107641
7082,0.4790725309867103,0.7359032713501727,0.8,55.86793907310515
12946,0.49691093281823795,0.6993444785667229,0.2,11.569254529767235
2424,0.498237355209699,0.6966786986162897,0.0,55.037617190686895
5846,0.4658285155343659,0.7639377049978395,0.0,59.670026412368514
14409,0.4876066613507866,0.7182462199613926,0.8,9.121726856515092
11828,0.6244906092015637,0.47081898683691004,0.0,3.773143556278475
4620,0.5224814800538548,0.6491657406443606,0.0,58.506062375573
19723,0.5358086884031292,0.6239781062451161,0.0,2.4771932484132413
20949,0.4859149166905926,0.7217217389458038,0.0,15.041401786754417
2960,0.5065267879311945,0.6801780683776334,0.0,13.945010659280651
3659,0.4743174186760005,0.7458785217550258,0.2,56.04158432543228
12409,0.49775352855398314,0.6976502470544538,0.0,4.888784225993686
2241,0.4662163364926431,0.763105511182669,0.0,54.909255543420365
13393,0.44007253396443213,0.8208157157369211,0.0,3.40843699344867
12557,0.5485299190872459,0.6005134536492117,0.8,7.636729594638579
4924,0.39575711357677695,0.9269546054570365,0.0,75.94539110797909
9722,0.47766066279818586,0.7388547090604829,0.0,50.30492500844833
7521,0.47754914470533366,0.739088203508473,0.0,19.62020514668516
16512,0.553125366312591,0.5921706009601109,0.0,7.67689980412502
16261,0.519535748900011,0.654819656758439,0.0,6.689048776839645
20651,0.461737897596392,0.7727578701079029,0.0,56.836343704706124
15514,0.5737600119167783,0.5555440677957473,0.0,4.567960615325152
6579,0.4757766881494233,0.742806677375739,0.0,43.8293087919586
13953,0.5382141857700168,0.6194986832328708,0.2,10.533645260097337
401,0.5229496638118536,0.6482700646506895,0.0,20.770572846678547
4722,0.4785291554598098,0.7370381389948524,0.0,59.04522790306041
14487,0.4294248191035095,0.8453085957119527,0.0,13.363060777307183
18671,0.5088349995619842,0.6756314808747454,0.0,19.298061802657628
20551,0.5246798877375725,0.6449669399988263,0.0,13.782944356596918
1982,0.46463092003232725,0.7665119089181511,0.0,56.338625305484115
18991,0.48920433977039085,0.7149750040506783,0.0,25.292240768292743
7189,0.4722411969794365,0.7502654133683556,0.0,42.423759287172075
9231,0.4488976483179542,0.8009603719739472,0.2,63.35596420097068
939,0.4740442423362096,0.7464546233807595,0.0,54.565831830134165
20206,0.5879712069770096,0.5310773000086426,0.0,8.162658040355863
5962,0.49280158655037937,0.7076486473070124,0.0,55.904243137253985
3905,0.43728353393491476,0.8271734752056108,0.0,66.65777058672782
21161,0.44475199976000185,0.8102384560775505,0.0,10.375103677338188
13189,0.5613403490573903,0.5774278746053115,0.2,8.217664883351281
16613,0.584823284843806,0.5364455545748605,0.0,4.445524151144433
9704,0.48508837681359657,0.7234241844105245,0.0,53.53338964637881
17491,0.5145099431566501,0.6645403980315093,0.0,19.843841499934335
14830,0.5963358304357873,0.5169512967230383,0.2,8.43815211546347
9617,0.5586534415243966,0.5822259595774486,0.2,18.46238631091894
6693,0.5055815440462239,0.6820459398888759,0.2,45.103696131556234
20476,0.5881501354373506,0.530773031298827,0.0,18.46745092996479
6987,0.45523141319745686,0.786949388890579,0.0,30.29755447426097
12385,0.49411299696713074,0.7049910491510855,0.2,12.096589390180526
15020,0.5433859357947589,0.609935464189463,0.0,8.790084928206133
5009,0.47861556183028814,0.73685758872037,0.0,56.24802336035617
16170,0.4775380314567844,0.7391114752030934,0.0,5.332319701199393
13918,0.4559140649402165,0.7854509413059246,0.0,14.145971632695156
18214,0.5158970521597963,0.6618480447238292,0.0,14.408430974232791
9495,0.47447087381704905,0.7455550457096302,0.8,52.300687594157274
8246,0.46998975750235894,0.7550443770636662,0.0,57.60988827417031
6539,0.46042967159665993,0.7755951567812993,0.0,32.69521288734424
5759,0.5479845445014813,0.601508195896297,0.8,17.085841864743053
19285,0.5156943329587815,0.6622410670125931,0.8,21.120192872092872
1648,0.4471636831227011,0.8048305699140921,0.0,61.05444752491262
1950,0.4556828068565545,0.7859583105077674,0.8,58.28666818732831
15794,0.4576982703113451,0.7815451104178504,0.2,13.095961206193369
4596,0.4759713778946788,0.7423975570319903,0.0,56.06586101487662
14308,0.5808945509157883,0.5431860344446059,0.0,16.55223635172964
14474,0.4323801349277943,0.8384501356975059,0.0,11.31907643211215
3247,0.5368781643092757,0.6219840923205427,0.2,18.326762561472542
7393,0.4976784081170914,0.6978011773878435,0.0,16.833407277686096
17896,0.5159899722785974,0.6616679472580181,0.0,29.391291529713875
18210,0.5115684062986293,0.6702739658781932,0.0,21.72760112336917
3180,0.42636815657309374,0.8524520886257986,0.0,67.94042886199881
13408,0.40435272902664426,0.9054676902936879,0.0,11.417947695496384
7427,0.4716325767539771,0.7515550356181678,0.0,60.13192000530438
9606,0.4532789563574785,0.7912475453260756,0.0,55.50997057647247
1496,0.4264810302780542,0.8521873906994601,0.2,67.1864475111051
316,0.44265774143734277,0.8149584002327731,0.0,16.176923001092717
3512,0.43402946658744734,0.8346428518237361,0.0,61.296169891727644
2109,0.45523141319745686,0.786949388890579,0.0,30.29755447426097
6951,0.4715640764011558,0.7517002870940135,0.2,49.6122189482049
18014,0.5004518293391713,0.6922439299352972,0.0,20.841388571594113
4681,0.4563150361536411,0.7845718392497263,0.0,55.70460058673057
4323,0.5042446858193915,0.6846936409849228,0.0,45.9155591166315
3582,0.454676673444202,0.7881687204475347,0.0,14.90230104398178
13795,0.4701597127609665,0.7546828276168293,0.2,5.1031653436805025
1096,0.4945708012900053,0.7040649606354228,0.2,57.665031042080265
1228,0.4912837970086619,0.7107333201831296,0.0,49.637612478806616
12472,0.6112223813875225,0.49229442303796905,0.0,5.932886279618098
17040,0.5197869116917733,0.6543363365996954,0.0,17.794675850117354
12896,0.48819800435866934,0.7170342087852797,0.0,11.671524442913128
10575,0.49495152933370035,0.7032954417459547,0.0,11.59136493383966
15269,0.506276990862265,0.680671346699111,0.0,8.364804282740387
13930,0.5177164679500008,0.6583275457482528,0.0,8.858784026689776
14718,0.5248674978742166,0.6446094332464598,0.0,15.515426733853745
2998,0.4380781119393125,0.8253580467449916,0.0,54.0320678045916
10492,0.4597953678029378,0.7769737410775788,0.2,53.238241094306055
3504,0.4910984611333094,0.7111106394517043,0.0,15.92532173970563
4725,0.5500599494851135,0.597728007631744,0.2,48.33826105858535
17825,0.4813314550066814,0.731199150545779,0.0,36.64404386759181
16987,0.4962676791105322,0.700639822203655,0.0,21.4220604256937
12542,0.4750335466105227,0.7443698529980787,0.0,9.828287023253065
6864,0.4358624379743331,0.8304285946497935,0.0,45.499183461142266
20571,0.4738706229450807,0.7468209419172219,0.0,4.648960648324287
20428,0.521577500675527,0.6508974045080057,0.0,9.721152699082417
3015,0.488819957291132,0.7157610428028951,0.0,38.87656005689104
844,0.4886820304856589,0.7160432454134538,0.0,50.23186605817128
12184,0.5247282807025786,0.644874710937731,0.0,12.178458448658708
17560,0.40068935742978223,0.9145688216383994,0.0,9.727810727103538
8067,0.5300566940001402,0.6347713083452465,0.8,12.908073974050097
1584,0.45394544402249437,0.7897782555127977,0.0,60.97877838507952
20059,0.5848568490467877,0.5363881641789421,0.2,3.693273951955279
4794,0.4090879222100215,0.8938251773131427,0.0,65.3430891783166
18137,0.5617094181067148,0.576770612436881,0.8,8.040759099181736
15521,0.5421722035554859,0.6121716092673417,0.0,5.064189369110407
2853,0.4922638242096855,0.7087404781402581,0.0,37.44275805426204
8735,0.45460694744002733,0.788322085146315,0.0,14.905200787211186
8745,0.4377154813891398,0.8261861655475471,0.2,62.306830431164286
16965,0.4979418039817303,0.6972720682605216,0.0,25.98140142660693
11758,0.4248170199158447,0.856096744141752,0.0,8.689381830573161
13523,0.5522149432485008,0.5938179185546947,0.0,16.042288585797493
21172,0.43175389880352927,0.839899531762122,0.2,39.30729744567482
14069,0.5251389677459456,0.6440923509490335,0.0,25.152130139443848
1089,0.42196740211355216,0.8628272141061815,0.0,49.48314270384428
6394,0.5221958949082979,0.6497124838964222,0.0,16.894473887293707
3908,0.4414187251258477,0.8177613639345823,0.0,62.975804383528924
9275,0.4483720565512207,0.802131907854398,0.0,34.25103307736087
18004,0.4695753457745019,0.7559265123266407,0.2,21.12436543536981
18220,0.4831589305385363,0.7274096307201966,0.0,22.913403367686193
11117,0.5319065408752912,0.6312874801196062,0.0,2.50621146464678
14630,0.265979273861063,1.3243368910517412,0.0,24.440637223320998
7361,0.4931566143056784,0.706928479311381,0.0,36.62702529416903
11855,0.4226883244361255,0.8611201931863627,0.0,6.892793191019084
1319,0.4375049252715282,0.8266673154843431,0.0,60.445910071753666
15846,0.48019280753922705,0.7335675733595781,0.0,13.104110667878086
21235,0.5605994754571794,0.5787485759329797,0.2,21.729115327558734
14558,0.45925272937654016,0.7781546117874362,0.0,18.43253810882096
12956,0.549844723554236,0.5981193614261229,0.0,9.959285786001773
9204,0.4621609098547208,0.7718421588103535,0.0,36.828448725409785
20919,0.5406056170141611,0.6150652548605076,0.0,22.941934710183254
17132,0.5271217526851515,0.640323727360945,0.0,9.963436550436393
16316,0.5548309098825184,0.5890918785344299,0.0,5.526271077701215
3435,0.4860097564386392,0.7215265803065191,0.0,47.71455077393817
18846,0.5347768213673264,0.625905775442789,0.0,23.593830795282212
3888,0.510967006235778,0.6714502579162467,0.2,66.89322938352662
19970,0.49483127507689234,0.7035384329494063,0.0,6.051908216011616
18079,0.5067584434595748,0.6797208318064496,0.0,6.200753411318473
20158,0.47659606192006093,0.7410859772134438,0.0,4.609554976158926
609,0.49876329786549356,0.6956236487465445,0.0,37.04543550340981
5679,0.47223247086299924,0.7502838916314023,0.0,50.52036515609505
7989,0.4926531127646181,0.7079499778237534,0.0,33.18869031532002
13389,0.562009952679709,0.5762357198507555,0.0,8.276762379760642
16199,0.4939557050290332,0.7053094317475759,0.0,4.821847880367277
6918,0.5024868403156376,0.6881858278184209,0.0,52.14728215302909
19164,0.5013370036297882,0.6904767420972043,0.0,4.792253925323667
9914,0.4983593048371892,0.696433966453344,0.0,44.0146272111883
2321,0.513214280766151,0.6670618197257298,0.0,38.88636755948474
1405,0.4235083668292027,0.8591820086998163,0.0,45.21015638007894
13063,0.47204009592282176,0.7506913480155135,0.2,60.42164444015708
15851,0.4174870334028149,0.8735017928913364,0.0,34.78284112636143
19943,0.48384153733651586,0.7259978280705872,0.8,35.86429381447178
347,0.47854397452714276,0.7370071715235696,0.0,53.001871414867736
8388,0.41696014968112344,0.8747646260637483,0.0,44.66985776560114
9189,0.49052439647387436,0.7122802632444483,0.0,50.700109355110506
15505,0.4810167172099513,0.731853254366077,0.0,12.743394372879525
3148,0.47162198757447266,0.7515774880502161,0.8,24.94861161942309
20602,0.5218010073767303,0.6504689757012072,0.0,10.060477665798711
7935,0.45523141319745686,0.786949388890579,0.2,30.29755447426097
18895,0.5298445315390204,0.6351716521864296,0.0,19.50802714259484
10983,0.5482642596753432,0.6009978825826287,0.2,3.9347332392902814
11585,0.4954998670201955,0.7021881935871143,0.2,11.32120422671682
11522,0.40122912410178263,0.9132226330520374,0.0,6.477031498794066
5893,0.46827405001339667,0.758701577496069,0.0,69.87641412970123
11909,0.5258955271189232,0.6426527036161565,0.2,6.176856017080571
13135,0.5321764114882327,0.6307802440660104,0.0,8.750499802050571
2057,0.4628287022281976,0.7703982669422228,0.0,45.68461958074273
20912,0.5459291739367836,0.6052660297158466,0.2,20.343595407268495
19653,0.5265510123370591,0.6414070625725169,0.0,19.573820679144617
2238,0.48531497335071455,0.7229571692436909,0.0,48.7490021427311
19684,0.5000325822598904,0.6930820181632795,0.0,23.977171942457
13431,0.5140376631727196,0.6654587415563319,0.0,10.150574904175414
15603,0.5749245779546626,0.5535164155626625,0.0,8.5298264463879
5010,0.44517402705777825,0.8092900012246853,0.0,68.23326322825629
12308,0.6359056060989038,0.4527051447405532,0.0,6.731725882217303
19751,0.5478968488453195,0.6016682417860827,0.0,19.441405062712796
2844,0.4704152212097864,0.7541395249072275,0.0,54.39231323393378
11693,0.5748039771846075,0.5537262055517139,0.0,3.416573638190339
2681,0.4636694976245481,0.7685832701569135,0.0,38.04487187276722
14504,0.4351402066512504,0.8320869856846914,0.0,13.650385984426178
6881,0.45523141319745686,0.786949388890579,0.0,30.29755447426097
14119,0.6523245433253667,0.42721307506335077,0.2,1.24013543762778
3149,0.4717466031031637,0.7513132953886259,0.8,27.68025630219219
7967,0.45317821117561446,0.7914698287077669,0.0,60.64636958629706
18758,0.5319906309335937,0.6311294008226482,0.8,25.12399954426799
805,0.48827610365100865,0.7168742469555389,0.0,49.600528162376776
1473,0.5298243703253382,0.6352097040980204,0.0,19.755338258581837
2597,0.44203983173505856,0.8163552839170923,0.0,20.01294928696379
5013,0.49261902779954236,0.7080191667588426,0.0,46.62306375159706
7574,0.4945181667308069,0.7041713910192403,0.8,37.106311234862815
18157,0.5237756277781671,0.6466918776241913,0.0,9.7501738385832
15584,0.4581907721971243,0.7804696484123217,0.0,14.857605082211608
17451,0.4850240955956634,0.7235567076382026,0.0,35.74370246138712
16835,0.43188132868893164,0.8396044305845168,0.0,6.72984957117855
2549,0.4545371419395083,0.7884756482645746,0.0,14.939644029858727
237,0.5209032752249895,0.6521909066235947,0.0,56.93626565065763
17603,0.5555034103828711,0.5878805306181996,0.0,18.253102469579645
5293,0.46974023295995043,0.7555754329005668,0.0,60.84271288723476
19115,0.5874581188062163,0.531950322643227,0.0,16.705900247871842
16178,0.5036872063588743,0.6857998258803305,0.0,15.509191549540358
9479,0.4702842568482861,0.7544179652920712,0.2,59.03320578410457
15080,0.5424642452826207,0.6116331030526464,0.0,9.335356058892128
4374,0.4870883675297402,0.7193097195269793,0.0,57.936802786153926
14291,0.4873034405928011,0.7188682686347184,0.0,24.384010355802534
5446,0.5008316736832168,0.6914852150236457,0.8,42.81676588592365
14444,0.5190124217743799,0.6558274620479815,0.0,4.3835507663358415
6103,0.42807986634778683,0.8484454971923051,0.0,62.891022479379615
15560,0.5285805522532807,0.637560068534384,0.0,7.427574555215708
14668,0.5307713271149229,0.6334239962293116,0.0,8.047651823766987
4473,0.4632598218563848,0.7694672119769173,0.0,39.396721840275056
9127,0.4774566361802042,0.7392819374675137,0.0,25.698179191416752
15547,0.572533727009781,0.557683633481497,0.0,10.247715453866864
11609,0.4990465289540982,0.6950559431806166,0.0,10.707337281954437
4647,0.4934676148222903,0.7062980457223189,0.0,49.08771417770116
3704,0.5360094502511212,0.6236034870012358,0.0,61.995541231153894
7581,0.44676206981934846,0.8057291083644091,0.0,42.47401007037433
17257,0.5438187856019658,0.6091392023234901,0.0,2.3028507874964177
14716,0.5245015474620865,0.6453069007934424,0.0,16.752166553801654
5712,0.48110614345151387,0.7316673607645912,0.0,54.95187400420439
14629,0.16485345998814627,1.8026983209788863,0.0,29.804009607803344
1929,0.4562263694354662,0.7847661684448968,0.8,23.558680735953242
18243,0.4631718365249347,0.7696571565473962,0.0,8.756967018252078
1694,0.4609316549925097,0.7745055007885147,0.0,59.34647808891191
14711,0.524676781406564,0.64497286044723,0.0,13.440911585758133
4028,0.41673652233001185,0.8753010978141643,0.0,41.22668037144365
2354,0.46193434119418386,0.7723325166275149,0.0,53.642356356547126
21121,0.4209540196725826,0.8652316681940914,0.0,5.705770292016083
4290,0.4693058948853036,0.7565004952435996,0.0,50.54368645264263
15962,0.4363751175693594,0.8292530441342074,0.0,10.499006529306293
5000,0.4633977422350302,0.7691695391687337,0.8,58.28382300417037
2899,0.4298764857564743,0.8442573539833405,0.0,59.63833897008938
11771,0.45125520443667894,0.7957222360238734,0.2,14.103698665640655
3146,0.4714470389437197,0.7519485078331598,0.0,25.060560567400756
7585,0.4903653940179948,0.7126044636975746,0.0,40.0554962520318
19800,0.5347186703162582,0.6260145202698176,0.8,20.959592716734953
17939,0.5296136711503201,0.6356074605869276,0.0,20.469738219709004
11236,0.3751986254837963,0.9802997252794956,0.2,97.58884064321113
8363,0.4509175993639137,0.7964706626824957,0.0,61.336207434623894
1331,0.4934389282782217,0.7063561799889873,0.8,32.52770154958587
16049,0.5564027041017586,0.5862629589486873,0.0,4.172433539221032
10783,0.42636815657309374,0.8524520886257986,0.0,67.94042886199881
11886,0.41800753896296944,0.8722558108234462,0.0,7.169942581962175
312,0.5065552658198197,0.6801218480773582,0.0,57.201645126752176
17572,0.4868833017045094,0.7197308115047824,0.0,35.554703186558314
529,0.5266460989993493,0.6412264949246853,0.2,19.24000105359773
19216,0.45518465136668923,0.7870521151772272,0.0,25.512296535220326
5121,0.467260355564101,0.7608686701010424,0.0,28.266272255247173
67,0.5196684022688618,0.6545643587605969,0.0,20.1811991893612
3792,0.5267318674132548,0.6410636504057571,0.0,19.47615509556038
8043,0.5577920054520346,0.5837691361753674,0.0,15.696384818526802
15803,0.5165574909795807,0.6605686878470459,0.2,19.66347899505694
1611,0.49584296183688054,0.7014960115883215,0.0,51.80197383205798
20349,0.5231254561545918,0.6479339657586736,0.0,2.5547875345484483
17512,0.46779709377825796,0.759720637381801,0.0,35.63089760339604
164,0.49210572959108156,0.7090616880341497,0.0,42.79541785671843
10612,0.5016723670147938,0.6898080277116401,0.0,58.94547666815549
11490,0.4861568792148259,0.7212239104309767,0.0,4.482045783653863
11086,0.536290343991081,0.6230795780200105,0.0,7.200307748587698
19055,0.44679904101312196,0.8056463581342427,0.0,25.62398680487351
7477,0.45516235282481765,0.787101104280884,0.0,16.71802577349662
2699,0.5564102038386745,0.5862494800667253,0.0,16.442537449903668
13917,0.46041381321163527,0.7756295999527781,0.0,13.899281750631598
6739,0.46321587717198476,0.7695620761692088,0.0,58.698350001888116
9156,0.4975559821701221,0.698047201739055,0.0,43.61399150795425
10101,0.4771095725260987,0.7400091026787542,0.0,59.959238673710345
11785,0.5413377641492255,0.6137118619573935,0.0,7.572283530167429
6361,0.4553277100134716,0.7867378774929793,0.0,53.82074108041488
18941,0.5016973459349897,0.6897582376494552,0.0,5.236299526923677
15922,0.48784284246325976,0.717761969129002,0.0,8.827395621141745
2272,0.4739368882631229,0.7466811132761391,0.0,49.243619990233846
19057,0.48788593271078196,0.7176736448965993,0.0,26.126909535248082
11276,0.48243579385214597,0.7289074367941444,0.0,5.6698062079248865
14821,0.48069527619166313,0.7325217310669262,0.8,12.030936754559672
1406,0.4220760737462416,0.8625697116518696,0.0,42.214160503683274
2037,0.39552437096822707,0.9275428730199899,0.0,20.30159445631027
13227,0.539762635434887,0.6166258000698643,0.0,5.584811173970618
12443,0.43418295051179384,0.834289288748796,0.2,6.574616407407255
6827,0.4998661396172955,0.693414937168956,0.0,37.60389172525231
8384,0.39484248623624923,0.9292683626326789,0.0,99.12041075098529
2729,0.4536155316423183,0.7905052863207636,0.0,41.896780175000465
15379,0.47902141823456446,0.7360099680937142,0.0,9.594257624628229
17914,0.513367885730758,0.6667625646426663,0.0,16.51937611869717
11526,0.42675226564234353,0.8515516082593637,0.0,6.003439000649093
1675,0.4522667505514622,0.7934831171362201,0.0,48.00572858674132
11550,0.5013627883646679,0.6904253114794038,0.0,4.682464178006853
17955,0.5537116660380652,0.5911111861353906,0.0,18.847579741493988
13812,0.5559046125990675,0.587158559523287,0.0,8.052880293413205
15860,0.5391445364722428,0.6177715873004249,0.0,8.435362438083322
5580,0.4003260721786053,0.9154758835067647,0.0,61.703075945261276
5312,0.4559795990653864,0.7853072093602615,0.0,56.919069170655916
10272,0.4088542661364104,0.8943965039503936,0.0,5.896756412404578
12663,0.49800349843613656,0.6971481770099973,0.0,6.059960276015524
10324,0.4802851780209266,0.7333752306232052,0.0,58.95859974549727
15944,0.5283812136420605,0.6379372602550604,0.8,10.744139646274993
13799,0.5037202520675471,0.6857342204325879,0.0,3.7021073413545746
10993,0.5392298893240706,0.6176132881976936,0.0,2.602653016319436
17837,0.5089324924828654,0.6754398989624886,0.2,16.84243121537762
13008,0.47664110806177334,0.7409914652846931,0.0,12.443840839349809
517,0.45719617213862435,0.7826427194967395,0.0,57.91556124275872
20256,0.5820538104201621,0.5411923777580535,0.0,2.127427169355022
14090,0.4492277758597245,0.8002252239695569,0.2,9.875579934690379
6153,0.4534196881486067,0.7909371184976887,0.0,50.42223828704199
19841,0.5000917033138113,0.6929637907492622,0.0,12.689552796097793
20173,0.49190409945489116,0.7094715012962952,0.0,17.123803927948185
9361,0.5077905248743628,0.6776862690538931,0.0,20.76769602537671
12930,0.5273765844936449,0.6398404040507614,0.0,10.277116135401386
10672,0.5347504069567306,0.6259551699975076,0.2,15.995971157694019
1899,0.4909992111702755,0.7113127577667573,0.0,15.947632083399556
14380,0.5087418055415741,0.6758146493986411,0.0,8.525401969735697
2045,0.42897479180795856,0.8463571221349863,0.0,52.25493280480447
17924,0.5575100942099556,0.5842746696055803,0.0,7.489817271621053
2460,0.44245540879678097,0.8154155906926203,0.0,60.78107887676318
9476,0.46759148557026514,0.7601602583390025,0.0,57.08803424134658
15914,0.5833700505915658,0.5389335588423138,0.0,4.461588750305276
19848,0.4909118354904989,0.7114907284297912,0.2,10.89647918955321
2867,0.5063800982400638,0.6804677093982622,0.0,47.76883112313535
18967,0.569855083949624,0.5623731891625446,0.0,2.2446001025032363
12957,0.5505231682768835,0.5968862378250908,0.0,9.938753044304764
5705,0.5313590871877224,0.6323172392343496,0.8,63.89565895431011
5796,0.48229522320381246,0.7291988561573516,0.0,39.95644720626622
12608,0.4166918222712724,0.8754083657252497,0.0,7.797699625316059
16292,0.40435272902664426,0.9054676902936879,0.0,11.417947695496384
12717,0.2560240867644655,1.3624837500049665,0.0,10.740458936116209
13935,0.5649451814862967,0.5710265764608798,0.0,9.485322496444372
9321,0.45733196818062033,0.7823457443966695,0.0,23.486019604917477
17733,0.44850897717512833,0.8018265816855472,0.2,12.44033988130693
5115,0.45297942267323854,0.791908579093217,0.0,43.11941971491247
10293,0.5932276828069708,0.5221770029040386,0.0,13.682341603907929
14678,0.5312008558812803,0.6326150695989212,0.0,8.037374410989594
14197,0.4853473236800787,0.7228905130451858,0.8,26.60706929336288
13787,0.5251237754955891,0.6441212813294651,0.0,10.198533307095285
16760,0.5830551434693022,0.5394735113939525,0.0,3.6469218341778618
4498,0.49706423661581933,0.6990360125134224,0.0,52.24175683652241
11294,0.5120686088746613,0.6692966612117333,0.2,12.192912066048779
18569,0.5130514736500539,0.6673791003458076,0.2,26.743213099260075
19278,0.49016728387208863,0.7130085504823785,0.0,18.33715351507834
19473,0.4695802482264506,0.7559160721994028,0.0,21.099506932727188
20047,0.519421301581318,0.6550399686935721,0.2,9.538692204027896
10457,0.44947034332020463,0.7996854042877444,0.0,25.958585974530873
633,0.4665803254323706,0.7623250860952749,0.0,39.648526448277906
8007,0.45481585639006294,0.7878626531795104,0.0,17.490554507134135
9777,0.4956120811165149,0.7019617527758419,0.0,14.78682469711113
7692,0.41027694155650957,0.8909228800980845,0.0,83.64875206723406
3349,0.48658606519442044,0.7203414861278021,0.0,56.211850507952356
15064,0.46169348857550596,0.7728540527189454,0.0,9.785298094908345
6298,0.5252803219116425,0.6438232123908559,0.0,21.799851908522236
18464,0.5132975733253967,0.6668995370222296,0.0,7.320889642221326
16650,0.4244455542921108,0.8569715398968094,0.0,6.38829451415329
2269,0.5002177930974319,0.6927116892052084,0.0,41.00160525400424
10802,0.5589798886729413,0.5816417838035016,0.0,15.618536116069862
10339,0.497230469865438,0.698701638308101,0.0,41.157020484299025
5180,0.44807932558062,0.8027849962133211,0.0,60.15187766724144
17809,0.47153796647116997,0.751755657411976,0.0,13.081300211832117
10241,0.4684105009057521,0.7584102288383235,0.0,22.015132210958573
17683,0.5088970286369989,0.6755095841998392,0.0,23.84109682966478
2207,0.42636815657309374,0.8524520886257986,0.0,67.94042886199881
570,0.41593260608585364,0.8772320364463501,0.0,80.53867781720892
667,0.42871095765022427,0.846972345522393,0.0,58.86458447569248
3803,0.46628536087738043,0.7629574698760245,0.0,59.957014982150746
2849,0.49281274332974034,0.7076260080676604,0.0,42.56370546502137
7101,0.45523141319745686,0.786949388890579,0.0,30.29755447426097
1674,0.4425810873230372,0.8151315831343965,0.0,16.064202938278527
4084,0.4585891878707327,0.7796004852193115,0.0,64.77700146189035
2963,0.44354637636748495,0.8129529136634207,0.0,52.84193938812234
7631,0.47989156265999416,0.7341951117269746,0.0,30.347954271058796
1377,0.4425810873230372,0.8151315831343965,0.8,16.064202938278527
10370,0.5089752778991856,0.675355833553833,0.0,47.07567446192729
18910,0.5205351879148469,0.6528977891490588,0.0,19.496180921629765
754,0.3730230131190446,0.9861151638714332,0.0,59.50712076757549
15287,0.504946198700849,0.6833033926083122,0.0,5.939614492621174
7039,0.45724804803578484,0.7825292606414661,0.0,57.77022326387868
4765,0.4662201030290832,0.7630974322696612,0.0,60.036692812604144
15179,0.4715568396396677,0.7517156335068969,0.0,13.083986051809697
11521,0.39563869619792097,0.9272538675412607,0.0,6.408715084288266
3330,0.4577000906421953,0.7815411332841173,0.0,25.556395654659198
7720,0.5324438618392098,0.6302778107321656,0.0,15.611981660354026
11267,0.4662475048232334,0.7630386596239899,0.8,14.391290168294898
18429,0.5034056371842026,0.6863589981231154,0.0,7.372525110264897
19167,0.5205556227872057,0.6528585324921921,0.0,6.360147890781292
16869,0.5264672487735926,0.6415661549011814,0.0,9.0659710559072
2329,0.41874867010870676,0.8704843717077086,0.0,28.134054627942394
20546,0.49538612878846566,0.7024177623421687,0.0,23.49165780562686
19525,0.5084771141419492,0.6763350711101864,0.0,23.288923783938372
19792,0.5466875339608762,0.6038778756808787,0.0,20.20817080745504
15529,0.514449846271096,0.6646572089822188,0.0,5.270731870066278
3841,0.5176456887788055,0.6584642692528654,0.0,35.589993250749
15216,0.49568563242239544,0.701813358796897,0.0,6.108232423719697
8518,0.4919839185884369,0.7093092488198812,0.0,34.20288743235058
5111,0.46917401947905035,0.756781535690183,0.0,56.39914510206788
18164,0.5308339672076609,0.6333059860928782,0.0,7.751665426808421
21190,0.5073956558108784,0.6784641935191992,0.0,6.146885716220381
5745,0.5529488687474975,0.5924897433123997,0.0,24.022496687804626
8621,0.52187634665033,0.6503246029725284,0.8,19.145556658822045
13020,0.4880009072164981,0.7174380140805169,0.0,6.969193201300413
9926,0.4747203576443294,0.7450293690603814,0.0,44.06476237412364
9521,0.5353359090053952,0.624860861812533,0.2,20.97345456453562
7684,0.4829428120869747,0.7278570338158153,0.0,51.85253353416831
9379,0.4977380515445348,0.6976813412590839,0.0,17.15703023515877
8811,0.4953018157208098,0.7025879734935746,0.2,19.352784443403515
4763,0.46550681214908185,0.7646285483246551,0.0,24.403122278232928
5694,0.5157312801018624,0.662169424147361,0.0,52.900709839024756
4106,0.43022854626553775,0.8434387085490781,0.0,34.589416804450494
17829,0.4284111651110919,0.847671878397339,0.0,14.244277756313535
18073,0.48840289710151563,0.7166146049418955,0.0,25.669134930325274
14427,0.49141081170694184,0.7104748172914669,0.0,3.631236834540629
17415,0.5017387635146838,0.6896756861460209,0.0,16.900502110209374
20899,0.5051863301192455,0.6828279472265057,0.0,6.265971039324579
14174,0.5185521958471917,0.6567145893643044,0.0,25.41846756074836
19338,0.4936642923006978,0.705899563048239,0.0,21.057336667773527
17440,0.42335597515369067,0.8595419050128434,0.0,32.027818542682816
15839,0.5702890118790983,0.5616120082696852,0.0,7.92266079775939
20577,0.5163579073930531,0.660955134964256,0.2,24.33537571891233
11438,0.4135673516958679,0.882934895809141,0.0,27.335665039456547
17324,0.5177954772765517,0.6581749462015871,0.0,19.123273262746167
18819,0.5221891106736811,0.6497254757233454,0.0,8.866803460620737
16256,0.4561151405459759,0.7850100001434975,0.0,5.36240347493324
8245,0.45873940731963303,0.779272970191369,0.0,79.1546525417264
9402,0.46970146590137,0.7556579650228888,0.8,28.110473992766373
2997,0.5367421385763504,0.6222374886717248,0.2,47.4207184419967
3014,0.49358383854263005,0.7060625489394903,0.0,36.665828381900916
5158,0.4799098836999867,0.734156934997685,0.0,65.75843644369573
14585,0.6486761827257881,0.432821634828262,0.0,1.619207275927959
10845,0.5555609082641956,0.5877770300729821,0.0,5.439288746162756
3978,0.4506506039062651,0.7970629539023623,0.0,41.29582969572691
13377,0.5340758148332035,0.6272174747564097,0.0,8.055416794547236
8888,0.4867591287939413,0.7199858803213247,0.0,63.005963178446734
18278,0.5263989292439245,0.641695933084184,0.0,10.889579543820973
21184,0.48504858358757674,0.7235062207160492,0.0,5.715337140770304
19651,0.5030247532542172,0.6871158988522427,0.8,11.07115537895611
4554,0.3960578071993402,0.9261951006052637,0.0,78.12455532279243
1553,0.43685061673699094,0.8281639804569745,0.8,66.07919844047902
17613,0.5590851128024948,0.5814535583788165,0.0,16.63247877125773
1606,0.4920152738134232,0.7092455186354684,0.0,42.87743642221763
7091,0.4775449994810082,0.7390968837508359,0.0,21.61119271170859
1417,0.4531227983486497,0.791592112201775,0.0,43.08635890871736
10394,0.5308305154107086,0.6333124887064795,0.0,10.997470919447364
16272,0.49686735327368253,0.699432183329834,0.0,4.189983327904628
17384,0.4556206259664767,0.786094776338872,0.0,42.37443795895855
12594,0.4188012425397624,0.8703588330852797,0.2,7.2775485664445645
21185,0.4903386744973498,0.712658954183562,0.0,5.126405342719746
5982,0.4429463341354578,0.8143066581816906,0.0,16.1639859223732
16918,0.44946588881750105,0.7996953148966272,0.0,5.738613674266658
11240,0.3797414105560504,0.9682647564426393,0.0,73.15239976369556
1416,0.4956120811165149,0.7019617527758419,0.0,14.78682469711113
13894,0.4847974785354503,0.7240240452812956,0.0,12.26750178684646
15286,0.4704286094924217,0.7541110647479549,0.0,7.118808494371275
5217,0.4877928380810063,0.7178644753888578,0.0,45.869744658934984
5897,0.46660965942085375,0.7622622178927246,0.0,69.80416027728657
5077,0.42684734590714735,0.85132883340354,0.8,64.72227585852885
18356,0.5329925647426619,0.6292478047397425,0.2,27.185392351280644
6226,0.5184590830039364,0.6568941685943562,0.0,55.86884979070571
2234,0.48365391027154775,0.726385689466285,0.0,42.257486930512826
18345,0.5130985483736706,0.6672873501676866,0.0,20.907447107815003
14566,0.4357651206368568,0.8306518949273473,0.0,19.676067949348607
19604,0.5247883741128219,0.6447601945838776,0.0,7.453427966218959
10448,0.49147603386582306,0.7103421017926875,0.2,49.34036444992253
6393,0.5259213903816528,0.6426035253565098,0.2,16.75074573267013
6039,0.47242445620586226,0.7498774258764707,0.0,50.60922444021432
11621,0.5076470012607233,0.6779689523522769,0.2,9.240106544020067
16175,0.4876066613507866,0.7182462199613926,0.0,9.121726856515092
8402,0.47338890438647324,0.7478380203128133,0.2,53.24980760570619
13048,0.4858101481900326,0.7219373729862386,0.0,12.775043742060422
5259,0.5135005651933294,0.6665041489455233,0.0,15.599528792466277
20103,0.4724527299317664,0.7498175795253736,0.0,38.05005575655636
17392,0.5087413592009583,0.6758155267411491,0.0,24.303677900480317
9659,0.49697349427305826,0.699218585750219,0.0,39.422640778629656
12444,0.43071814837507216,0.8423013508813837,0.2,6.321471734758524
21227,0.5429109420180959,0.6108099835158772,0.0,23.214749787619724
5326,0.4742405559597531,0.7460405839978637,0.0,70.98202886006804
20726,0.5312192930373617,0.6325803617555091,0.2,30.707348640657624
2107,0.4840621424051562,0.7255419871081493,0.0,23.289898062943898
10073,0.4506506039062651,0.7970629539023623,0.0,41.29582969572691
639,0.4906897117157454,0.7119433026523503,0.0,34.05580451472344
4643,0.47290994249943774,0.7488503050250094,0.0,48.04249326139278
8324,0.4735535962062669,0.7474901811961804,0.0,44.85688594466971
15925,0.5412535541647995,0.6138674331007627,0.0,9.963682273874422
19746,0.4374281023524273,0.8268429241695174,0.0,60.872178348351795
2184,0.44340377407619536,0.8132744701622769,0.0,60.43035975359967
11465,0.4824048051837064,0.7289716726243556,0.0,12.15414424717527
18225,0.5397415216241748,0.6166649176787719,0.0,22.73211939673748
13097,0.42987682411315975,0.8442565668815484,0.8,5.743688551438266
2825,0.4612033775500989,0.7739161672183446,0.0,55.78774620539296
1787,0.49169745374403895,0.7098916830522521,0.0,49.77050633207689
15850,0.4363751175693594,0.8292530441342074,0.0,10.499006529306293
19698,0.5113593130502138,0.670682779223208,0.0,9.41638587490285
14751,0.477300132237601,0.739609777916897,0.0,11.373349402237894
6161,0.432059458464812,0.8391920648736876,0.0,65.03487043509392
16277,0.4949323771614359,0.703334137540767,0.8,4.31811970132694
13747,0.3955447131409052,0.9274914434467927,0.0,16.639195221719795
10868,0.4964039643468899,0.700365239489195,0.0,6.0798704730180955
7017,0.4438693789398474,0.8122249514096637,0.0,34.275893569166264
13946,0.5552365739238484,0.5883609967361496,0.0,10.253954593749526
11734,0.5522218322113583,0.593805443485029,0.0,6.810948736910691
6674,0.4506506039062651,0.7970629539023623,0.0,41.29582969572691
45,0.45198234339948506,0.794112163188371,0.2,60.173850377317805
12154,0.4385112892518516,0.8243697223431438,0.0,9.103103067787885
13412,0.4385112892518516,0.8243697223431438,0.0,9.103103067787885
3097,0.5547248543523854,0.5892830460879221,0.0,17.501706356414466
19111,0.5459554042722591,0.6052179837300273,0.2,19.55610609927651
17347,0.5696000657380157,0.5628208034735356,0.0,14.357558288681606
13726,0.4651378750386166,0.7654214118844468,0.0,13.54834061487609
848,0.4743709817880894,0.7457656014070598,0.0,75.13588434176127
6191,0.4755910382173697,0.7431969574520226,0.0,60.447923853943124
3988,0.42015847063541567,0.8671233278319282,0.0,73.6361114117371
9086,0.5595163642375061,0.580682503690925,0.8,16.20104163146401
9451,0.5397492058399332,0.6166506809362726,0.0,52.532473014455896
17983,0.5166492282017016,0.6603911101742359,0.0,65.12116777735216
3762,0.4550633164451096,0.787318712690408,0.0,57.336485852355466
2835,0.47109522530908204,0.7526950285236779,0.0,54.589208092201204
3427,0.45408481786897925,0.7894712748901715,0.0,35.131471732612624
5945,0.5002871689394313,0.6925730075499584,0.8,39.13037492657264
16037,0.5509990593162525,0.5960221770607117,0.0,4.726456045982978
16091,0.5082404353406491,0.6768006454591208,0.2,4.54635764888788
6142,0.46408754615050707,0.767682067504651,0.0,52.93551837045106
3085,0.467196177819844,0.7610060285378774,0.0,25.295838762914784
21211,0.5868775124239857,0.5329391480081374,0.0,14.645967529397875
6875,0.49945939100356074,0.6942289834906661,0.2,19.38634383432217
4008,0.48026090403938554,0.7334257726679849,0.0,49.9096260682942
5311,0.47096275448593466,0.7529762656170664,0.0,63.754504775809295
4260,0.47211287896010323,0.7505371716492638,0.0,42.88944415439374
10611,0.5032073244919252,0.686753017875281,0.0,57.240865611757584
7121,0.4545371419395083,0.7884756482645746,0.0,14.939644029858727
4139,0.47649339758619474,0.7413014120464267,0.0,49.029674940296196
9182,0.5188475892551556,0.6561451012649442,0.0,49.561920123927756
17067,0.47820603187821104,0.7377136103230963,0.0,9.900374905456987
5095,0.5184590830039364,0.6568941685943562,0.0,55.86884979070571
8656,0.48936623187873146,0.714644129375907,0.2,52.71215114633597
1271,0.4991259571681447,0.6948967959083396,0.0,38.215851199570196
16449,0.4317445958295411,0.839921078931101,0.0,1.996618304449561
16415,0.3833191575250445,0.9588873273461909,0.8,3.465418708210813
3705,0.5754897138901023,0.5525339243246696,0.0,42.91807425811843
7197,0.4928966275161835,0.707455807420032,0.0,30.243735767206367
15606,0.5571944222387125,0.5848410474663022,0.0,8.430191974772374
16071,0.4363751175693594,0.8292530441342074,0.0,10.499006529306293
7349,0.4682624226943,0.7587264079632983,0.0,54.55242989028577
12025,0.47296463555995116,0.7487346595433715,0.0,19.675062925289627
1378,0.4100149905023816,0.8915615577512338,0.0,62.7347271065846
7317,0.47743860020764994,0.7393197132818,0.0,55.079318639494105
14251,0.560422633497681,0.5790640772233694,0.0,7.852108715954943
11049,0.4983279474814961,0.6964968896133031,0.0,4.580511752031091
561,0.4146560561231079,0.880305882806057,0.0,70.02612939171044
11816,0.5461718002907927,0.6048217001827236,0.0,4.230728084063627
9880,0.49969958617534777,0.6937481887785129,0.8,24.149375404098187
17022,0.44107747264469666,0.8185347440330399,0.0,25.298857355464605
2067,0.49222631317279075,0.7088166821274562,0.0,63.18392131613513
1964,0.4848493427859249,0.7239170697322944,0.0,54.43313227754793
17122,0.4759186402151119,0.7425083632777069,0.2,12.539111082424565
21018,0.5303407651393267,0.6342355259486864,0.0,3.4269329410619154
20706,0.48920433977039085,0.7149750040506783,0.0,25.292240768292743
3251,0.56021546705636,0.5794338066544471,0.2,18.034876126937387
7575,0.49405481325508077,0.7051088099433624,0.0,38.36144394424011
10949,0.5261929132178245,0.6420873783156973,0.0,4.7264049248006295
9715,0.5061406438561821,0.6809406960313066,0.0,47.066617584778164
15503,0.45231825043807583,0.7933692530181705,0.0,13.377394733668044
6207,0.530150168440332,0.6345949758883545,0.0,15.864874397208865
11615,0.4937243542925409,0.7057779047891037,0.2,8.926678772848183
14205,0.47131449560158,0.7522296888914788,0.0,8.556236623556646
18563,0.49251826483125083,0.708223733105882,0.0,18.371324014998862
819,0.4929829683189621,0.7072806525565698,0.0,45.856543159032
4114,0.49085631821459724,0.7116038249399016,0.2,54.66896167936542
21028,0.5554369353148179,0.5880002041333258,0.8,20.067858796395026
1603,0.48470735851509833,0.7242099546592946,0.0,50.926446553272
3220,0.4354228167850919,0.8314377273629825,0.0,47.728678552650145
19910,0.5492112367117377,0.5992721451524382,0.0,3.1502237701616376
9433,0.49733929798503235,0.6984827936909679,0.0,36.963710827666226
12203,0.5225702903945073,0.6489957771202985,0.0,12.08105624255101
14829,0.5963358304357873,0.5169512967230383,0.0,8.43815211546347
18675,0.54950874158854,0.5987305970055965,0.8,16.77643160217393
15151,0.529412416890514,0.6359875348164513,0.0,9.741738227546524
7238,0.4547463057066361,0.7880155854065988,0.0,16.07158123113338
7300,0.456843008797915,0.783415472712683,0.2,59.696256629912156
10016,0.45282953306000245,0.7922395310310523,0.2,13.854288194474732
11712,0.5139909981710475,0.665549526966231,0.0,4.667498998910161
10070,0.5641908600870577,0.5723626803202593,0.0,8.958285766493454
919,0.49204662755050116,0.7091817955362505,0.0,41.55805213629873
5655,0.4370583306886131,0.8276886129575444,0.0,30.33478892784659
14005,0.4174870334028149,0.8735017928913364,0.8,34.78284112636143
14776,0.4198806366251408,0.8677848066083427,0.0,34.55519238948546
14799,0.521291223813831,0.6514464225429017,0.0,19.203338061211568
18413,0.49715337112063707,0.698856706686684,0.0,10.281580460610238
5845,0.4634041769895277,0.7691556532361216,0.0,59.84954283495996
3643,0.5110353017360889,0.6713166075323289,0.0,45.797217224464134
11042,0.5062476521368882,0.6807292983264376,0.2,5.096586166092178
13149,0.5208621173128589,0.6522699223260682,0.0,11.647584698431935
5732,0.45439726571961325,0.7887834289357002,0.0,14.947449589095498
6170,0.46401225776338123,0.7678443095113262,0.0,52.36697956539757
9644,0.4629501468073669,0.7701359049753396,0.0,34.04000758747707
9933,0.49963906981481454,0.6938693015969642,0.0,49.139825050795565
700,0.4925085869538314,0.7082433830827375,0.0,34.282520093565
9418,0.44824683365114404,0.8024112303229723,0.0,66.82881919501052
5402,0.47999774547532514,0.733973872017637,0.0,48.27345909869844
8124,0.5017138607591302,0.6897253202890913,0.0,43.787212379527894
18865,0.5003755974118409,0.6923962677418765,0.0,25.2946208282083
46,0.4522850296692933,0.7934427012789231,0.2,63.89197473118276
17903,0.5109284181231469,0.6715257805416143,0.2,16.601235001777972
6052,0.4845741144960944,0.7244848882540311,0.2,55.21081488242248
10024,0.4243950788761722,0.8570904677945225,0.0,5.291119317078495
14592,0.44579211605421265,0.8079025431257066,0.0,12.705641942619629
17013,0.45523141319745686,0.786949388890579,0.0,30.29755447426097
8064,0.49079942293053735,0.7117197419192232,0.0,33.53623347903509
9326,0.4519572806347941,0.7941676154863586,0.0,25.679407604914722
5286,0.4664747640532134,0.7625513565069518,0.0,40.569638079136695
19984,0.5278369611323708,0.638967828694153,0.8,5.143052830711794
20962,0.5282532824233143,0.6381794087365792,0.2,20.075211345273754
4000,0.4756318986151282,0.7431110461557292,0.0,69.8858769750386
20691,0.5590981617776208,0.5814302187789079,0.2,19.743625255937452
17646,0.4599255771906311,0.7766905913042218,0.0,53.52563577365139
21183,0.47862102004194784,0.7368461846186816,0.0,24.92971709912442
1237,0.4528357002727206,0.7922259118426562,0.0,45.14103209414232
20053,0.4661348068478565,0.7632804016101152,0.0,5.090469520335148
10911,0.5626529279406298,0.5750923099595753,0.0,5.185032422355548
12030,0.5322767472525052,0.6305917232959873,0.0,8.071448189536593
14908,0.5327034553900093,0.6297903785211649,0.2,8.295283499809436
19408,0.5493729706700864,0.5989777044378705,0.0,42.59300674628518
18488,0.4449914480006294,0.8097002149766782,0.8,30.209913043972698
14369,0.47379183288170845,0.7469872248865838,0.0,6.002976527671978
6450,0.44238023466729925,0.8155855072872282,0.0,52.19747246638261
11151,0.5586310580407383,0.5822660272301725,0.0,17.759114385812417
15686,0.5599758176962367,0.5798616788706327,0.0,1.3766032547279776
12260,0.46087300692543837,0.7746327469819293,0.8,13.010344517649221
19696,0.48920433977039085,0.7149750040506783,0.0,25.292240768292743
12366,0.553382172563591,0.5917064265255259,0.2,9.642744183908611
15189,0.47076926038525346,0.7533871980274519,0.0,12.751454238500846
4423,0.4917482088468801,0.70978846412554,0.0,48.26561556053671
20244,0.4607913939543886,0.774809846089121,0.2,38.451100188518126
5736,0.46915205235498797,0.756828357631352,0.8,58.2114538201125
5459,0.5119381067281269,0.6695515465464728,0.0,59.965034874054766
6067,0.4670671304624152,0.7612822833305156,0.0,28.319698616646036
11945,0.47009259944218956,0.7548255835941767,0.0,4.903233832265375
15079,0.5110151351167437,0.6713560705932908,0.0,7.304017990988722
6162,0.4690627012185272,0.7570188281742434,0.0,59.25337723370437
16280,0.45039253827469716,0.7976357691795523,0.2,10.60855550188262
5873,0.5010549581861488,0.691039486935205,0.0,51.17147348033064
15648,0.5496121842667869,0.5985423689842406,0.0,4.2744903258176965
18192,0.5376262207676925,0.6205917172131699,0.0,15.190223313082479
12467,0.5287115604385094,0.637312250198606,0.0,4.183317844909943
9961,0.5015717692934832,0.690008572560111,0.0,53.35801936474705
1921,0.4710056906860075,0.7528851029028106,0.0,38.45021821124962
12247,0.5890040146953144,0.5293222792327029,0.0,7.162524348745967
21010,0.5578883980496393,0.5835963400994625,0.0,9.771445456256195
3377,0.5113190052251336,0.6707616071877414,0.0,48.39545098209653
13666,0.47515162162083235,0.7441213224697877,0.0,3.2702572526075007
1113,0.4671559603353564,0.7610921148919834,0.0,25.15409671984885
3073,0.49685620393440316,0.6994546228487505,0.0,16.502233205036994
774,0.4770468636950086,0.7401405461796308,0.0,31.974069336230343
2660,0.49014052222489296,0.7130631489402014,0.0,49.20135727687391
8486,0.4924253240097221,0.7084124562426334,0.0,51.20051135588795
12752,0.4595751561690835,0.7774527898012951,0.0,7.132740796493929
18231,0.4939374715472194,0.7053463456209544,0.0,18.296683909432453
10545,0.4848975241186196,0.7238177008467045,0.0,7.28269184953088
8243,0.48517505282509676,0.7232455195055449,0.0,53.38817414964741
3203,0.41388708388546,0.8821620865963161,0.0,41.08229483393853
19768,0.4803969086778236,0.7331426236891366,0.8,22.962760888461382
12595,0.5337075162299637,0.6279073124924576,0.0,4.493304814425974
16544,0.6066483782384813,0.4998059337945434,0.0,4.082665100997273
1822,0.48163311593816677,0.7305726250214659,0.8,42.76041485069412
19403,0.48773338767383906,0.7179863591592195,0.0,45.77881179377618
6,0.464589012428131,0.7666021084559801,0.2,63.877121271965535
7020,0.44135945748839783,0.8178956392003425,0.0,64.40927846700272
11756,0.47610458034539077,0.7421177422747155,0.0,9.673875689289805
19949,0.46721888534879297,0.7609574258775641,0.0,28.535903107555875
7569,0.4915177445944094,0.7102572371078332,0.0,41.62817439098038
1583,0.45303466849293983,0.7917866255379502,0.0,60.38164673453652
19592,0.5154577953655028,0.6626998501366933,0.0,22.762745337268342
14008,0.4668743012335829,0.7616952197846188,0.2,4.570171318707714
14735,0.49423866897781343,0.7047367428840143,0.8,13.279354736506072
9285,0.4817163288408973,0.7303998675586605,0.0,53.21510701325301
9903,0.4906011222290022,0.7121238596980688,0.8,53.34519822132086
14006,0.4174870334028149,0.8735017928913364,0.8,34.78284112636143
1225,0.4908189116170153,0.7116800346607204,0.0,51.6999964437093
8979,0.49343892946704554,0.7063561775797249,0.0,46.234544896857685
16360,0.5808843171923861,0.5432036517789944,0.0,6.065955209462315
16327,0.5922981322649306,0.5237451690640905,0.8,6.442065554514198
4693,0.4318434068656765,0.8396922405585016,0.8,68.8967476971907
5510,0.4737384240983135,0.7470999575050052,0.0,49.30859719533035
3421,0.3895995778912397,0.9426357906557205,0.0,30.465987567355725
6956,0.46752608533229634,0.76030013430778,0.2,52.83325470887132
17704,0.5003259020239545,0.6924955888440337,0.0,8.373933379578189
17759,0.45813098530062935,0.7806001416502931,0.8,25.561922550462338
20851,0.4921522231429268,0.7089672137111317,0.0,21.285677454577616
19409,0.4693002606190239,0.7565125008462621,0.0,10.354008397663824
13836,0.4817881777188969,0.7302507268382101,0.0,11.844666984313749
19445,0.5155725149624445,0.6624773162378041,0.0,10.214074776541587
3036,0.45752074174675256,0.7819330581428869,0.0,53.581958036700684
5257,0.4483720565512207,0.802131907854398,0.8,34.25103307736087
1591,0.44269900818693614,0.8148651796194085,0.8,30.52892407877971
10931,0.5500875972641371,0.5976777456844059,0.0,5.4481311898315266
9927,0.5239499866913552,0.6463590444617876,0.0,48.29594612553319
7302,0.4429463341354578,0.8143066581816906,0.2,16.1639859223732
20871,0.5048088619585388,0.6835754125238497,0.0,3.2914156504168353
10006,0.5138793459440989,0.665766776598983,0.0,51.96309894530958
11934,0.515424975381755,0.6627635236885078,0.0,4.497122351148644
5001,0.47613249559462983,0.742059111393914,0.8,56.22953029816618
19469,0.47502511054005225,0.7443876120499165,0.8,26.75329117461988
6779,0.4891419878868935,0.7151024678777896,0.0,48.323049812421516
8211,0.5300566940001402,0.6347713083452465,0.0,12.908073974050097
5163,0.48381521985505505,0.7260522223199359,0.0,58.49076802717503
2431,0.4491003868822362,0.8005088374275906,0.0,26.41679163511049
4333,0.4809028893823624,0.7320899224355083,0.0,43.85218747096752
15468,0.5543884563206761,0.5898896532556254,0.0,4.215646612889243
348,0.4766890599119622,0.7408908666634804,0.0,53.34414239977059
16597,0.5167594652549061,0.6601777636941439,0.0,11.718485527926953
1196,0.49327039647431387,0.7066977837446606,0.0,21.32460778116561
450,0.44583841080751274,0.8077987002178048,0.0,56.58629833395573
7225,0.42724408006131714,0.8503998129950882,0.0,23.198905860420297
9838,0.5603274299764247,0.5792339697348008,0.0,17.361958995573303
18395,0.48018190537999117,0.7335902773293718,0.0,11.047869184800863
10741,0.47943356869142184,0.7351499371316274,0.0,5.629815195633379
21017,0.5290558810455748,0.6366612174560142,0.0,3.665099531592664
949,0.45523141319745686,0.786949388890579,0.0,30.29755447426097
12592,0.47188203812396806,0.7510262438604777,0.0,9.337885020774518
10656,0.44007253396443213,0.8208157157369211,0.0,3.40843699344867
13742,0.5201609626302675,0.6536169717856299,0.0,12.0174008104714
5672,0.45267646464032335,0.792577614757777,0.0,25.60818079781983
5225,0.49514993796259543,0.7028946573049565,0.0,39.73112157669479
15235,0.5261163422962297,0.6422329076291167,0.0,4.2110891229669
18880,0.4752970868732196,0.7438152244084762,0.0,23.578943181234678
8193,0.5300566940001402,0.6347713083452465,0.0,12.908073974050097
18537,0.48524900071478044,0.7230931162555284,0.0,9.224860554757063
19664,0.5417028455467899,0.6130376833381913,0.0,8.918165634052126
13888,0.5220199232221261,0.6500495247356477,0.0,10.44109533487764
20000,0.5307207960906004,0.6335192037645462,0.0,13.538306822375317
16920,0.5350679418335279,0.6253615460678357,0.0,4.475087309541772
5670,0.4562263694354662,0.7847661684448968,0.0,23.558680735953242
10431,0.5817307507163512,0.541747565931015,0.0,13.209159860984737
6758,0.4960607549846589,0.7010568698700582,0.0,16.222455540901993
17927,0.5307957242118823,0.6333780319222371,0.0,6.68340502183719
9651,0.4581788303848738,0.7804957117217496,0.2,46.05315030380119
19240,0.4941111510226368,0.704994785033269,0.0,18.17194559515359
16088,0.4921649108717435,0.708941433953005,0.0,2.687596855432128
16172,0.4812350494303243,0.7313994599815116,0.2,9.291625846301095
5397,0.49413966828804645,0.70493707242659,0.2,43.73076849129713
7768,0.49616186219702507,0.7008530704182713,0.0,17.23117323104895
13705,0.43774736992960117,0.8261133159904758,0.2,10.938772582951085
2700,0.5555572945640841,0.5877835346916668,0.0,17.351076482836177
12440,0.43266405435282773,0.8377937081097673,0.2,9.847762375069573
13415,0.4506120464429189,0.7971485171138296,0.0,12.539543404390018
6990,0.4731389096427527,0.7483662557134604,0.0,37.88229906487396
14492,0.4385112892518516,0.8243697223431438,0.0,9.103103067787885
16122,0.5995962833939195,0.5114987112486898,0.0,5.873335088320839
3983,0.4077412378306494,0.8971225267845021,0.0,39.47787432713142
9066,0.48549597140692224,0.7225842891082077,0.2,69.14409238888621
6007,0.471288356101571,0.7522851512741111,0.0,45.17472276006235
5523,0.4623633525267466,0.7714042196810116,0.0,50.2955527690631
5258,0.516197935159552,0.661264991783981,0.0,15.782411942332189
15933,0.4995277382816318,0.6940921503400197,0.0,11.801302818779241
15494,0.43879507610011403,0.8237227719290847,0.8,14.03953183287044
17143,0.47933040931806953,0.7353651295587867,0.0,6.93780212406909
15093,0.4739353087261958,0.7466844460818318,0.0,12.901213768253887
18126,0.526509582044947,0.6414857480581472,0.0,19.24777994389693
4610,0.4859139653561437,0.7217236967687632,0.0,56.81047814812209
15566,0.5553297548659094,0.5881931887631109,0.0,7.389765084393543
5002,0.4699145036762907,0.7552045078968529,0.0,57.22562273823465
5933,0.448547226830392,0.8017413035165405,0.2,47.27467608418882
13617,0.5341497467217166,0.6270790547610606,0.2,8.130393407956795
8118,0.46734406020204927,0.7606895469623968,0.0,49.99251795494482
4164,0.48977660894248537,0.7138058919488964,0.0,59.10312730877794
19412,0.40961773085515174,0.8925309179731618,0.8,6.292343141947553
845,0.4670671304624152,0.7612822833305156,0.0,28.319698616646036
2762,0.44007172045015464,0.8208175643299748,0.0,76.37707373467003
3252,0.5593822544112936,0.5809222212571449,0.2,18.87997219085721
13910,0.5257885184467967,0.6428562032754827,0.0,10.605842347901831
8635,0.4561655205704171,0.7848995516233441,0.0,55.09602079251413
2605,0.44276038033158294,0.8147265574634048,0.0,35.56281547645168
17556,0.4912200559410369,0.7108630724838928,0.0,18.439788479874014
12009,0.6078673497537537,0.4977985955666581,0.0,4.13720394450573
5034,0.49145279341300296,0.7103893899628569,0.2,63.32411249762227
19622,0.4370583306886131,0.8276886129575444,0.0,30.33478892784659
18418,0.48899733795045824,0.7153982333861765,0.0,8.875588084260603
8799,0.47718563501239714,0.7398496918678047,0.0,58.22986853085823
8227,0.5266460989993493,0.6412264949246853,0.0,19.24000105359773
15546,0.570944199977249,0.5604637974336762,0.2,10.298802623056503
12982,0.45231825043807583,0.7933692530181705,0.0,13.377394733668044
13396,0.49421731766748184,0.704779944221501,0.0,5.872931236214198
2738,0.4670671304624152,0.7612822833305156,0.2,28.319698616646036
13773,0.4863556775230829,0.720815075995578,0.8,12.749416656671787
4388,0.4885340091068004,0.7163461904614132,0.0,50.21765674001189
16341,0.42602553733873466,0.853255987704963,0.0,10.930635547316973
6727,0.4640353903900753,0.7677944572720692,0.0,52.394292124060094
21060,0.44630579856443264,0.8067509149051383,0.2,24.484889421055556
8637,0.45665365949409037,0.7838300320933766,0.0,52.67338174476405
21228,0.5429138171886724,0.6108046876878863,0.0,23.033444213501802
2870,0.49758981436866406,0.6979792072830211,0.0,49.62632057279106
20906,0.5224315649625149,0.6492612798695926,0.0,17.55732464971784
7231,0.4483720565512207,0.802131907854398,0.0,34.25103307736087
12790,0.48709190786773304,0.7193024511843896,0.0,5.832104131519134
15618,0.49733630224009145,0.6984888172527005,0.0,5.717130929245503
5494,0.47152594454517804,0.7517811528759677,0.0,54.89130041838798
8554,0.5034996791974916,0.6861722039687248,0.0,47.901685118910024
1942,0.4874372714023852,0.7185936708698398,0.0,50.31592916325225
13370,0.5578344438651246,0.5836930562058822,0.0,9.724035097766563
1508,0.4850196791641916,0.7235658132715498,0.2,49.289302427206295
5529,0.4597686595775834,0.7770318299644134,0.0,56.17162577123895
9709,0.47205302333649174,0.7506639621286618,0.2,11.234811685212803
16108,0.5007177204050384,0.6917127690101844,0.0,5.782718511444409
3500,0.44315046983958506,0.8138459055713146,0.2,62.67427182203361
8808,0.4903419914806808,0.7126521895282647,0.0,17.00388099747468
11407,0.5143213439611235,0.6649070260685853,0.0,8.75017636160582
17550,0.4743225571324213,0.7458676884430173,0.0,8.017704921776893
9895,0.49800879921637375,0.6971375330043967,0.0,38.62141906250672
16779,0.36475689716997783,1.0085241824503364,0.0,3.7034520023818542
4929,0.4765549048443134,0.7411723372491742,0.0,22.123993842785637
2145,0.4708171279257247,0.7532855237868156,0.0,74.47357457354826
11449,0.5711191480164652,0.56015742556579,0.2,21.50060601131014
19819,0.4840278082564818,0.7256129188406094,0.8,5.620597706707274
14464,0.5053819157277851,0.6824408667660116,0.0,5.751270573885407
16145,0.4961344794770652,0.7009082610278036,0.0,3.5658707612679956
12252,0.46326586076751675,0.7694541763725185,0.0,8.3077970563642
15900,0.5764997150119072,0.5507804336150237,0.0,4.796746594651422
20846,0.5151609221722525,0.6632759568896748,0.0,29.16424336900354
5798,0.42631674136249326,0.8525726846649386,0.0,57.2033653183322
9224,0.4749944142007712,0.744452234593964,0.0,43.92640489737762
13235,0.5022480151638659,0.6886612271836708,0.0,8.075585740022992
7942,0.4865319372689034,0.7204527325037521,0.0,44.178161337265344
13392,0.42080068554822264,0.8655959884054425,0.0,5.717261313553715
3296,0.4699109352618336,0.7552121016782282,0.0,45.39957675998512
250,0.49454180905103257,0.7041235833618503,0.0,56.699552624620324
5850,0.5225999104307519,0.6489390972872356,0.8,49.17336108714275
20670,0.5038128774064118,0.6855503548376689,0.0,30.476826472671892
10232,0.5209089338897837,0.6521800435049929,0.0,5.643965814119028
5043,0.49286142102614444,0.7075272377068171,0.2,50.65894914020723
12387,0.6202763386190469,0.47759019279098563,0.0,4.728620851353846
16698,0.4494208678751611,0.7997954853397722,0.0,7.882783879422901
5813,0.4996872324792901,0.6937729113300368,0.2,38.17138589896266
16473,0.5699912826096812,0.5621342119377164,0.0,5.3495506278306255
20077,0.5255776120610915,0.6432574077320735,0.0,8.321499501748782
13961,0.48556797006760993,0.722436000910604,0.0,11.803882325959293
1155,0.45840235474612406,0.7800079767140766,0.0,58.91009768053977
17940,0.5650778661681337,0.5707917411046945,0.2,8.993109321611668
15621,0.6506152886342744,0.42983676593482995,0.0,3.7262547828750874
864,0.5106866753493938,0.6719990366236938,0.0,50.97280882246867
6509,0.4992470968112135,0.6946541218033436,0.0,31.988821779064935
12234,0.5306963291260347,0.6335653062137884,0.8,5.517720170851078
13906,0.5242044224717274,0.645873551516959,0.0,10.97210045491925
20255,0.5852898052501924,0.5356481608271021,0.0,2.1458064270415886
10820,0.43978797060794644,0.8214625531956515,0.0,14.847525378378554
12293,0.5235367869008178,0.6471479800787068,0.8,7.631783562325662
20253,0.4842144225939215,0.7252274484824605,0.0,9.718410812085715
5879,0.43917933524770947,0.8228474407869375,0.0,47.92263319363946
1945,0.4870244228524346,0.7194410075626746,0.0,49.00832066672349
7663,0.4820737067291255,0.7296582580972261,0.0,50.44127337819497
10926,0.5360000438898239,0.6236210360273385,0.0,9.461578613151804
15011,0.5530209214124844,0.5923594456031315,0.0,18.564545680507006
14385,0.4880162155183222,0.7174066451598929,0.0,7.524878530964006
7883,0.49557546872006947,0.7020356285957473,0.0,37.756881226933416
8884,0.48503010548419473,0.7235443168078248,0.8,50.68789733478037
14019,0.5295310604519128,0.6357634556952635,0.0,13.248992200277618
617,0.449759929776302,0.7990413279598622,0.0,41.58411099267981
15645,0.5650459918134759,0.5708481497088331,0.0,4.041319452998749
21122,0.5533870917418724,0.591697537268406,0.0,8.98315111810731
17691,0.5087636532509763,0.6757717057284784,0.0,10.46905501251487
7344,0.46376666078145623,0.7683737394924404,0.0,56.68600585184088
21083,0.5109218166201378,0.6715387012276106,0.0,10.276220821832501
12441,0.43458077915069476,0.8333734386663736,0.0,13.567735816780328
18589,0.49725316047094476,0.6986560053689183,0.0,17.198115684468416
6994,0.5246221631519646,0.6450769647254855,0.0,14.33328796714774
9332,0.4850313624104174,0.7235417253715823,0.0,21.465312234114286
2367,0.45069190746144316,0.7969713049349918,0.0,51.88083940139745
1505,0.4909936895522297,0.7113240035059919,0.0,47.473765187923625
14202,0.4768748789491929,0.7405011307852452,0.2,22.82594650901889
8692,0.5420981177959423,0.612308264782484,0.0,19.073401046511975
4818,0.4992470968112135,0.6946541218033436,0.0,31.988821779064935
9523,0.4629501468073669,0.7701359049753396,0.0,34.04000758747707
7153,0.45481585639006294,0.7878626531795104,0.0,17.490554507134135
18301,0.46560557615213877,0.7644164063648482,0.0,57.90072279963779
6927,0.4546269401599106,0.7882781080791177,0.8,50.66262835300528
13388,0.5523061974134957,0.5936526810380133,0.0,9.013725937726331
9212,0.475236579939398,0.7439425359094064,0.0,41.20325610265962
16735,0.5313147600387971,0.6324006649233637,0.0,9.719050067584293
7192,0.4475546759854156,0.8039565677577184,0.0,42.649898373027696
6289,0.5204095134419565,0.6531392514925188,0.0,19.457017654164723
18646,0.45255745369071687,0.7928405544198515,0.0,3.8067525345193505
16857,0.5435369395090988,0.6096576087523528,0.0,8.471802656821675
11269,0.49042941785017646,0.7124739086997343,0.0,10.01987676335914
8155,0.4837535444673093,0.7261797076007831,0.0,50.87251963758532
439,0.4419571560952796,0.8165423335137724,0.0,35.11948439388816
194,0.45489800295813654,0.7876820544836617,0.8,56.05933338008187
7245,0.49823712820338006,0.6966791542352196,0.0,34.83744185166577
10579,0.5475488232705054,0.6023036463440308,0.0,9.970233802646552
1900,0.5027498731239983,0.6876625026934088,0.2,51.248049062516
18442,0.50682806345074,0.679583458250665,0.0,7.091453672010257
1175,0.5474467516368505,0.6024900793055687,0.2,18.562719596219473
5700,0.48033212557465477,0.733277486071676,0.0,73.48540058133065
958,0.4548853346245252,0.7877099036057303,0.0,17.487163465896998
12709,0.42220329667027245,0.8622683352841608,0.0,14.304600916597366
7599,0.510404218816358,0.6725522812796871,0.8,58.20939814884858
17639,0.4879944702992947,0.7174512045470944,0.0,62.26041465480192
9190,0.49133133534143686,0.7106365613784931,0.0,44.22468850477266
9469,0.4634190275369027,0.7691236071084379,0.0,55.93835665894612
18974,0.5826663456159777,0.5401405624372443,0.0,2.059015843585266
16018,0.5481607180652623,0.6011867538916388,0.0,2.761851793150706
16766,0.5620832743398948,0.5761052650832551,0.0,2.4864413335727313
7555,0.4868706491527636,0.7197567986686554,0.0,42.32169921258607
15444,0.4696562703804993,0.7557541914532677,0.0,7.840572427177695
18391,0.5479834658573184,0.6015101642825138,0.0,10.39349372479162
4957,0.45697885490985163,0.783118158502261,0.0,53.78064192502973
16215,0.5569467220161635,0.5852856953063131,0.0,6.284505544071893
14499,0.45152331312257743,0.7951282726351442,0.0,10.79863695236412
10300,0.4121304802373883,0.8864152801660335,0.0,34.242223642283285
7058,0.47506022816419785,0.744313686850293,0.0,16.304190401869626
17091,0.500844341774974,0.6914599212329142,0.2,6.711482827495596
10942,0.5008572842639099,0.6914340802267699,0.0,5.394568725580599
19628,0.4674298808323334,0.7605059290270695,0.2,38.716216598468144
9964,0.49061752506576556,0.7120904260962715,0.0,42.08454445393058
19395,0.469707621540123,0.7556448596807427,0.0,55.91771961637495
20338,0.5212477303079178,0.6515298602039434,0.0,2.860541818294007
12123,0.5412619549734635,0.6138519121985803,0.0,6.684540338174131
6799,0.5351685665265044,0.6251735040930255,0.0,20.318138883023327
7702,0.43904737366434426,0.8231479590540757,0.0,51.10102680530595
6979,0.4960068728945769,0.7011654957109198,0.2,45.484958022742916
17805,0.4900626815030145,0.7132219746239903,0.0,18.38401031441381
3099,0.5543333343410277,0.5899890866394699,0.0,17.522675760660768
8665,0.49126335291112855,0.7107749346695957,0.0,52.50494637624471
272,0.43120005360205027,0.8411831350783354,0.0,31.165834512880537
9421,0.5080747247967289,0.6771267461646664,0.8,18.22825270417188
6382,0.518172243023304,0.6574475765046733,0.0,20.255959480994104
8467,0.4545371419395083,0.7884756482645746,0.0,14.939644029858727
19904,0.5641908600870577,0.5723626803202593,0.0,8.958285766493454
3552,0.4692303496384182,0.7566614804958781,0.8,56.76663234132326
4257,0.47032438345062305,0.7543326447865132,0.0,52.62978609451042
2889,0.43834548455944594,0.8247479019942198,0.0,54.907592204497895
3724,0.44885369129645364,0.8010582989156203,0.0,53.86316441943097
4189,0.4518194959667702,0.7944725241156985,0.0,62.97783735033208
2607,0.44148800268559785,0.8176044332923976,0.0,61.729131594662626
2410,0.45857852322068987,0.7796237408353005,0.0,63.558826661209295
15575,0.49650880500870065,0.7001540614976612,0.0,14.131209150777966
11005,0.38681411259603726,0.9498110305565891,0.0,7.503032134431013
4354,0.4952313610574598,0.7027302295332924,0.0,41.757984812651486
6134,0.42636815657309374,0.8524520886257986,0.0,67.94042886199881
15394,0.6030284760018739,0.5057908594862595,0.2,3.866265598104989
15854,0.5782687371004138,0.5477165752820019,0.0,7.147701411898771
15582,0.48488083077616817,0.7238521279760971,0.0,13.776715128675256
18411,0.49179128846542386,0.7097008629286606,0.0,9.045137755218704
9633,0.5031636214969469,0.6868398705317093,0.0,50.92918006804689
20956,0.4838932096214562,0.7258910378883562,0.0,16.361583274049366
12059,0.4478818209857718,0.8032258738089719,0.0,5.942265207474778
12001,0.5313864352904077,0.6322657723457804,0.0,4.088831098363485
6691,0.48690718965845353,0.7196817497113867,0.0,52.08156924186821
18856,0.5290577477763687,0.6366576890432936,0.2,24.299313901139882
9255,0.4661091808386277,0.7633353786538372,0.0,58.349355296017706
9113,0.44726529896502976,0.804603350437083,0.0,40.79741128786682
4779,0.4897517133067657,0.7138567238343244,0.0,43.10659380284618
2901,0.4527050127634586,0.7925145515653942,0.0,25.606143226227907
3142,0.4718331134497725,0.7511299291179577,0.0,29.51564632399689
2517,0.4802851780209266,0.7333752306232052,0.0,58.95859974549727
16892,0.621512673873708,0.47559897584394656,0.2,4.479191259725724
6874,0.500684293761667,0.6917795286989226,0.0,19.108679002303496
10580,0.5475488232705054,0.6023036463440308,0.0,9.970233802646552
11586,0.5417371962708619,0.6129742728627471,0.2,23.804243272451856
12478,0.5616610804597884,0.576856670682167,0.0,3.4611400240930017
3327,0.45523141319745686,0.786949388890579,0.0,30.29755447426097
3920,0.47350737825888106,0.7475877840932877,0.0,42.61250369331739
4892,0.4467241989549632,0.8058138793692505,0.0,65.8551380618776
14178,0.48298632034413225,0.7277669479995247,0.8,28.97276688288373
1320,0.4369331588679314,0.827975050120911,0.0,48.42825891282655
6506,0.5049897123500574,0.6832172214983255,0.0,31.981401682859556
10246,0.5016973459349897,0.6897582376494552,0.0,5.236299526923677
5998,0.49898943149023695,0.6951703628331872,0.0,50.61535242069108
5966,0.40545940028052213,0.9027345330520419,0.0,54.8862623644913
9158,0.5090991289310589,0.6751125290730341,0.0,47.404713186073806
9016,0.4376248656724903,0.8263932066539632,0.0,76.42484337306573
2271,0.4541092722653217,0.7894174220923742,0.0,25.506074980515987
6468,0.48229522320381246,0.7291988561573516,0.2,39.95644720626622
16438,0.464110399194188,0.7676328257587492,0.2,1.82266736224639
17520,0.5062394831547862,0.6807454347924082,0.0,6.675900819808511
691,0.45523141319745686,0.786949388890579,0.0,30.29755447426097
16716,0.4923350032329303,0.7085958933177194,0.0,11.427880647912552
3736,0.4848115721462558,0.7239949745732683,0.0,50.614491323765975
4075,0.6782662692900028,0.38821534057265156,0.8,14.776446400546549
15381,0.48174685748118873,0.7303364948408753,0.2,11.17013142840535
16250,0.4632964563637484,0.7693881352748457,0.0,4.958706663920607
13001,0.5714318430363574,0.5596100626381868,0.0,8.330355346535075
20965,0.46776106560548475,0.7597976570142624,0.2,24.260340869536265
20417,0.4058223518389573,0.9018397721833257,0.0,2.3574273266194092
6924,0.4519363613618678,0.7942139025094287,0.0,34.34974825384719
8070,0.4911045912283932,0.7110981571140265,0.0,49.663092688724376
3199,0.47349010659302393,0.7476242607812099,0.0,41.19409562826058
2810,0.50968280114004,0.6739667053091604,0.2,49.88600544077501
15180,0.47417996991024863,0.7461683459935908,0.0,12.991162957522315
4788,0.5151091422049354,0.6633764741601479,0.8,51.07998851033139
451,0.4450441098770722,0.8095818784090251,0.0,61.56870432365418
19347,0.5327343732687154,0.6297323406368639,0.2,18.7748617055677
14763,0.48811253520002135,0.7172092947961404,0.2,23.667905360304463
1220,0.49068064498434977,0.7119617803480214,0.0,50.05091261528218
18989,0.5478968488453195,0.6016682417860827,0.0,19.441405062712796
13467,0.46658457990702507,0.7623159677183832,0.2,12.818534242109605
11894,0.4983940732446908,0.6963642031432208,0.0,10.399502688314204
6630,0.47077640217294725,0.7533720276794211,0.0,53.52708199184563
2141,0.4634261026424622,0.7691083400366708,0.2,50.818834154706124
2731,0.45523141319745686,0.786949388890579,0.0,30.29755447426097
16423,0.42611483761192576,0.853046397181751,0.2,3.729766244917712
9832,0.5324438618392098,0.6302778107321656,0.0,15.611981660354026
10214,0.5544501976223513,0.5897782911534487,0.2,17.61741486961048
12114,0.5382011624374199,0.6195228808302373,0.0,9.215403147761311
17397,0.4540938352649665,0.7894514166916631,0.0,30.646504507928448
10115,0.5055244371037975,0.6821588992493224,0.2,6.040517228503253
2322,0.5118502486545982,0.6697231798206402,0.0,37.00889923798928
2370,0.45075444547943394,0.7968325545415001,0.0,58.24846156078864
4793,0.39622225780459036,0.9257799680912049,0.0,66.79965246751838
7650,0.4483720565512207,0.802131907854398,0.0,34.25103307736087
5,0.4921309540870745,0.7090104310622916,0.0,23.301626302252522
7239,0.5286928623826996,0.6373476161482998,0.0,15.752046430356756
18621,0.5837377269396438,0.5383034947345771,0.2,2.2919886107429632
15078,0.478278939150975,0.7375611619833661,0.0,8.845939616178859
9150,0.5155045807072898,0.6626090896144766,0.0,36.31428883088056
13849,0.4783993967370332,0.737309337347695,0.8,11.934457993994581
7198,0.4920712313541183,0.709131793794285,0.2,33.407199238468465
5172,0.4423524966910483,0.8156482109157409,0.0,62.89055492928408
5487,0.366699963689359,1.0032113029248808,0.0,41.39751380288364
17225,0.48047423071579803,0.7329816821539582,0.2,7.446360500770992
6286,0.5221670647380063,0.6497676949129229,0.0,18.399471450006516
15844,0.47839648647399624,0.7373154206996158,0.0,13.231984611052114
9432,0.46430210589577875,0.7672198483305815,0.0,42.50704796180633
18607,0.42143259654078147,0.8640954276354778,0.0,41.92591384068736
11038,0.5265510123370591,0.6414070625725169,0.0,19.573820679144617
14335,0.5568118208676436,0.5855279401807367,0.0,15.722889410169334
1570,0.5055067232791957,0.6821939403544787,0.0,34.53402017048204
18999,0.4940162790792677,0.7051868087354161,0.0,45.83714256780203
3240,0.5158907778537686,0.6618602067320353,0.2,52.99845655902699
21207,0.5765397879601744,0.5507109252448769,0.0,7.80880522733206
15504,0.47127744203077265,0.7523083094893157,0.0,13.180064544190902
15133,0.4518570145654919,0.7943894886526628,0.0,13.576911571788976
8639,0.4152574946077064,0.8788564822284697,0.0,66.59535128189086
11791,0.44579211605421265,0.8079025431257066,0.2,12.705641942619629
705,0.4559172877157283,0.7854438725086028,0.0,31.06823261677623
9872,0.5414097531570515,0.6135788872670221,0.0,16.84458064911825
16402,0.4354985959698249,0.831263706644662,0.2,35.66121428346375
1390,0.48679514458678885,0.7199118920623262,0.8,60.27462206441989
786,0.4744708464479684,0.7455551033930055,0.0,38.44641359055757
4802,0.4090842826672056,0.8938340740778928,0.0,63.50691028129301
6915,0.4572139358385376,0.7826038666893164,0.0,53.9722787710414
6375,0.522239583312538,0.6496288245317672,0.0,18.905497585633675
20716,0.4733494969107946,0.7479212692348967,0.0,21.37185012573251
10373,0.48034972826158007,0.7332408398357615,0.8,38.128523671459604
8560,0.5029433847083516,0.6872776704690016,0.0,47.13350389920712
20858,0.4633185703373534,0.7693404046143838,0.0,24.066507687589045
14021,0.5286610733570036,0.6374077455423108,0.0,11.02396639990522
4852,0.5021806994335957,0.6887952650290503,0.2,52.355329566283544
9334,0.38469452203402693,0.955305708904094,0.0,39.42068949485511
11970,0.5779712240568917,0.5482311969177917,0.0,6.798066763355514
11516,0.4188311677879943,0.8702873811025826,0.8,14.598636411319276
12051,0.44725856857558494,0.8046183984188958,0.0,5.068572926803262
11343,0.5186550561750298,0.6565162484291157,0.8,11.23660445856034
18474,0.4915179892960194,0.7102567392589726,0.2,25.01311091454846
11819,0.459940538810661,0.7766580613093216,0.8,13.071620629236097
12911,0.475030632915952,0.7443759866775365,0.0,14.00282928228242
16418,0.5283544953947787,0.6379878277660452,0.0,1.6677130302038812
20569,0.48614441750752013,0.7212495438582867,0.0,4.48977851369341
10984,0.5589873973672898,0.581628351041305,0.0,2.7022454736947448
1171,0.5300566940001402,0.6347713083452465,0.0,12.908073974050097
21236,0.5587773803115822,0.5820041314601783,0.0,21.851345160075788
17450,0.48384153733651586,0.7259978280705872,0.2,35.86429381447178
17283,0.48045374070874725,0.7330243284451751,0.0,4.776020062317325
3112,0.4642132318099207,0.7674112810027636,0.0,51.00982878503504
4821,0.4971443152318551,0.6988749223355918,0.0,41.39086620892692
5403,0.47865171969702214,0.7367820447893301,0.0,48.73813057645391
16571,0.5650653965402085,0.5708138084448933,0.2,8.79053243230317
5104,0.46150643703903776,0.7732592770562486,0.0,24.976273321529312
15321,0.49322243441848873,0.7067950212599491,0.2,9.602340195853868
17935,0.49338378195580745,0.7064679453991258,0.0,19.03719208040514
13434,0.5316998978932811,0.6316760505100777,0.0,18.44809780212731
4520,0.45168803824004805,0.7947635183192281,0.0,65.39194982672325
4264,0.4703402309713741,0.7542989504803607,0.0,52.47657775472492
11138,0.49866552838515893,0.6958196917685118,0.0,20.133543736884814
16059,0.554664700431852,0.5893914911698735,0.0,5.509631688684529
18814,0.5416277279439436,0.6131763623431133,0.0,2.318113271170062
13007,0.47405444447706424,0.7464331021172098,0.0,13.137222882004526
8012,0.4739232419333271,0.7467099072497688,0.0,42.56246471323682
8867,0.4579674398677767,0.7809571893868614,0.0,69.50518985543067
12916,0.49158403865323974,0.7101223699759441,0.0,11.701040646964135
16852,0.5189954019152934,0.6558602553635994,0.0,8.285482538456826
3048,0.4872949732781673,0.7188856446421356,0.0,32.14316999833173
12027,0.5818716757645042,0.5415053439389756,0.0,8.97897140586337
9110,0.561040382526321,0.577962392937229,0.0,18.798226609808218
7473,0.49630894715731355,0.700556668831486,0.0,38.77581322326972
16506,0.39830241737766275,0.9205437195745361,0.0,7.7850389106682085
20347,0.5037681802050573,0.6856390766353767,0.0,3.8790029322118404
17452,0.48589537689381157,0.7217619521374373,0.0,35.655041536910744
12370,0.5088545940271602,0.6755929731307303,0.0,11.392356088036447
4559,0.4369779477888507,0.8278725478855752,0.0,44.53126510870504
3326,0.4916424171399855,0.7100036211638665,0.0,40.28560123965755
15282,0.5563667500280487,0.5863275798341528,0.0,9.708997285089277
11635,0.5099072506511171,0.6735264312709656,0.0,4.779377569969352
4950,0.52072050690684,0.6525418362455184,0.0,23.52935389974984
13294,0.5396850032438946,0.6167696369515149,0.8,6.464300477128096
12263,0.4540581388204673,0.7895300300637335,0.0,13.303976985351614
13790,0.5251389677459456,0.6440923509490335,0.0,25.152130139443848
17778,0.4578780868191821,0.781152316286048,0.0,47.8768261803382
3360,0.4923432049059617,0.7085792347322775,0.0,37.44487052439209
16484,0.5648259980411449,0.5712375633363705,0.2,5.466172110640729
1427,0.441444974278062,0.8177019002773048,0.0,25.395772775177335
468,0.4538343280814546,0.7900230636590229,0.0,26.41837317752497
19554,0.5010558768199,0.691037653537702,0.0,7.144292467403698
14271,0.5985891756976692,0.5131797664238763,0.2,8.120043298281898
15817,0.5586310580407383,0.5822660272301725,0.0,17.759114385812417
8014,0.4720223806167721,0.7507288779597534,0.2,53.406851919848314
20372,0.4550932298703052,0.7872529802066337,0.0,16.30007439668161
12340,0.5278413526210787,0.6389595089462702,0.0,7.808085065264381
1862,0.49831722267350037,0.6965184114313329,0.0,46.29757965808289
3132,0.5247291596597091,0.644873035868125,0.0,18.320841620615912
10527,0.55332515939893,0.5918094585793758,0.0,22.855681222608276
17761,0.4938695871093844,0.7054837903523865,0.0,31.753826910836885
7356,0.4920152738134232,0.7092455186354684,0.0,42.87743642221763
16957,0.4956120811165149,0.7019617527758419,0.0,14.78682469711113
2733,0.42744937428288377,0.8499194203479438,0.2,52.81399226167159
13022,0.615895912154248,0.4846773035018655,0.0,8.142578791276199
11158,0.589867435844897,0.5278574523364793,0.0,2.07516602562767
12705,0.5072701198009734,0.6787116365956544,0.0,4.5541551074476345
16591,0.5224122671639361,0.6492982189756822,0.2,18.521232067812754
14378,0.5343041593314805,0.62679001541184,0.0,7.187714633241055
8203,0.5561403807140511,0.5867345333014455,0.0,14.03469175999583
16754,0.5358452891582869,0.6239097992058324,0.0,4.0908206128332605
1412,0.48776124982729707,0.7179292350041612,0.0,43.18344458097337
6501,0.4900773894115513,0.7131919627736959,0.0,33.338154817473786
19053,0.5478968488453195,0.6016682417860827,0.0,19.441405062712796
4809,0.4824682133861422,0.728840239365664,0.0,48.13989725404113
10775,0.4635751330006077,0.7687868078667033,0.0,14.98250106285137
18233,0.40824107280303407,0.8958974143564806,0.0,5.670134945643177
10797,0.562440217167868,0.575470431142201,0.0,6.535617614038875
4304,0.47209514754186954,0.7505747299367135,0.0,46.93719348527913
6592,0.48229522320381246,0.7291988561573516,0.0,39.95644720626622
14777,0.4218753682634725,0.8630453444349001,0.0,34.36646699814554
4418,0.45068856432348897,0.7969787227525702,0.0,39.64570875229404
14879,0.3947953864766274,0.9293876572139175,0.0,7.117761642907958
5574,0.4789181194089179,0.7362256368744414,0.0,40.8163511057449
9238,0.49986701912948545,0.6934131776750705,0.2,8.164940067930404
7155,0.46402265230414064,0.767821908326528,0.0,39.304802432792044
14377,0.5226977037922673,0.6487519862473364,0.0,6.8994772128789155
13719,0.4562987894527337,0.7846074440158458,0.0,14.130780246307777
12851,0.4711055881268597,0.7526730314766996,0.0,10.243879699988105
11410,0.5129143572859607,0.6676463926098871,0.0,6.97757227343198
2553,0.4658807815361358,0.7638255112009351,0.0,62.20213155360286
3210,0.4835418142108336,0.7266174854893207,0.0,58.8908914360334
13086,0.49059423989754086,0.7121378881611601,0.0,9.31761220748174
7816,0.4812182345123081,0.7314344017668396,0.0,42.3043355380691
9995,0.5314691240531326,0.6321101749794877,0.2,52.04605540976943
17178,0.48809273285087634,0.7172498648479437,0.0,9.05886587511226
2548,0.4699520254055887,0.7551246630930282,0.0,60.44395227460689
10653,0.49116025511079825,0.7109848192852889,0.0,4.500533851832042
18871,0.485033470856472,0.7235373783506776,0.0,25.570534201243383
5215,0.49506747777782417,0.7030612069609231,0.0,43.712832688367925
9422,0.512822463984947,0.6678255678122469,0.8,18.44868067392523
10934,0.5569451716727883,0.585288478957732,0.0,5.416259833220718
1403,0.4281068680864235,0.8483824227774381,0.8,62.780299285530425
7877,0.4910984611333094,0.7111106394517043,0.0,15.92532173970563
715,0.47926392565016923,0.7355038403055159,0.2,52.74665521401457
4978,0.4855443600467812,0.7224846256064321,0.0,64.63708989618199
9607,0.4531671075012176,0.7914943307913959,0.0,59.0256903226306
7706,0.48761782663832454,0.7182233220795697,0.2,50.340272754149225
18524,0.49362262225668835,0.7059839762890503,0.0,23.843550135599596
4825,0.4979007270607313,0.6973545650805345,0.0,37.76175076318957
4616,0.485758737931487,0.7220432023501221,0.0,57.777897382581926
20019,0.457168480083392,0.7827032906379652,0.8,5.45622460470083
5181,0.4361320869946102,0.8298101296912395,0.0,60.37283370654454
11259,0.45456442089527394,0.7884156352651716,0.0,14.019607253359789
5908,0.48428653870647326,0.7250785253206533,0.0,19.595246870195147
13936,0.5592490662054903,0.5811603483397287,0.0,10.093883922491429
6352,0.457262070726026,0.7824985935335697,0.0,54.86880054277524
20636,0.4620093027291302,0.7721702523257822,0.8,26.81747324620186
5227,0.4906342072115915,0.7120564243304068,0.0,49.47367732024341
15445,0.4243950788761722,0.8570904677945225,0.0,5.291119317078495
17741,0.42653550364149734,0.8520596713379914,0.0,60.54310020694895
18451,0.49969878323493844,0.6937497956260601,0.0,5.8295797787652095
13228,0.4902215212355556,0.7128979058825223,0.0,11.09090908918265
16762,0.5407055818078095,0.6148803593483885,0.0,2.480089409885996
16885,0.5148028404083245,0.6639712857766991,0.0,11.476078700356084
14330,0.4196323311618162,0.8683763530884879,0.0,34.602192647519956
20998,0.39011320592896603,0.9413183103663654,0.8,7.249092060363118
20023,0.4701148418136308,0.7547782698409147,0.0,26.443658728144374
5583,0.4678339817428337,0.7596417858653006,0.0,44.063022600501725
16816,0.41932642984925306,0.8691055935239792,0.2,3.1778844833669395
3300,0.49043921155735426,0.7124539392422871,0.2,50.81221472933622
5045,0.49817432567597575,0.6968052116530523,0.0,52.857900067082966
2495,0.5115805526411326,0.6702502228202588,0.0,48.707082465083396
4299,0.4684681554225789,0.758287150963702,0.0,56.727459912307566
21231,0.550751927949765,0.5964707927161339,0.0,21.686186891683946
6088,0.4623228584628245,0.7714918041252625,0.0,78.40285459422981
39,0.4486148115745932,0.8015906401102973,0.2,42.25585071572735
15166,0.47595358464849225,0.7424349407479107,0.0,12.66631212229312
18905,0.5239527452854387,0.6463537794806031,0.0,19.17796145240712
10011,0.5481927856649761,0.6011282552420448,0.0,42.74593134469972
8879,0.5239893279590722,0.6462839613588149,0.2,25.39443522031941
4113,0.4873172878690558,0.7188398529118608,0.0,53.51762485556291
14980,0.5444298402281608,0.6080161966501354,0.0,21.88128567431946
7653,0.48685809053826706,0.7197825935620078,0.0,51.180140985736244
10917,0.5034785279718073,0.686214213270489,0.0,5.163418938064427
16238,0.525258195501243,0.6438653363302186,0.8,8.907233748058466
5186,0.4493170485850648,0.8000265188561214,0.8,49.60164416907952
18029,0.44385644041190964,0.8122541012387137,0.0,26.407193212410466
9589,0.47200570424486354,0.7507642082050665,0.0,37.64707156411564
19524,0.4690413751071247,0.7570642945823838,0.0,26.06875409718001
13382,0.4964170942623408,0.7003387897773606,0.0,8.158946633748204
5728,0.45326582113525005,0.7912765239767842,0.0,41.20176534351233
19094,0.5503519879443215,0.5971972273736773,0.0,6.745044151776733
13734,0.5427116493446693,0.6111771326103246,0.0,11.425346049094511
711,0.47639516839440155,0.7415075834617382,0.0,44.06408758148841
18190,0.44599046222357625,0.8074577123396707,0.0,26.565356887851124
997,0.42861230738031997,0.8472024810485441,0.0,58.52135876189121
8483,0.5198003073593529,0.6543105654718191,0.0,21.84677543060262
7035,0.44158917498062333,0.8173752974976406,0.0,50.914304911418164
195,0.4654771495176594,0.7646922715092723,0.8,58.575426830782455
3901,0.41493367203613113,0.8796365979440031,0.0,57.0092524762952
14092,0.45456583191108385,0.7884125311647293,0.0,9.75069259572859
18367,0.50474712544083,0.6836977168210978,0.8,23.755077744731
18143,0.47952234212809086,0.7349647911078717,0.0,14.418538593466529
9333,0.4847125891673021,0.7241991633562761,0.0,42.83275984821901
18125,0.528147225133863,0.6383801986624622,0.0,16.23400864680459
20879,0.5376262207676925,0.6205917172131699,0.0,15.190223313082479
15252,0.5180402251407128,0.6577023850258242,0.0,7.871381787720225
6675,0.480581850454014,0.7327577207415611,0.0,37.26072898160883
8762,0.48229522320381246,0.7291988561573516,0.0,39.95644720626622
19030,0.4518503171423186,0.7944043107591976,0.0,57.355994873308404
18349,0.5021901825524601,0.6887763813297421,0.0,5.1568342735452655
9458,0.4596147642271911,0.7773666094434534,0.8,54.55558888797502
14836,0.5172995762039552,0.6591331212191753,0.0,6.715248686542968
12985,0.46127588326068536,0.7737589697314936,0.0,13.046735964920774
2052,0.468995989978269,0.7571610607253549,0.0,47.0575610794169
4491,0.4563077194049536,0.7845878738021042,0.2,56.98069433487782
7546,0.4880155525620223,0.7174080036326836,0.0,42.416750951476764
16842,0.545323130126409,0.6063767606997367,0.0,8.256729101926226
2803,0.4559795990653864,0.7853072093602615,0.0,56.919069170655916
8752,0.45460694744002733,0.788322085146315,0.8,14.905200787211186
10735,0.5621933678433901,0.5759094173715505,0.2,2.2638998477384327
5295,0.4982782458653926,0.6965966313497614,0.0,48.66424109126317
16171,0.4876066613507866,0.7182462199613926,0.0,9.121726856515092
16975,0.4692468109763747,0.7566263995399443,0.0,24.01607850017341
11211,0.5308305154107086,0.6333124887064795,0.0,10.997470919447364
2559,0.4495585827134628,0.7994891049452287,0.0,52.63036314283488
18894,0.5298373835947779,0.6351851429219806,0.0,19.37949885593197
15814,0.5776116320851679,0.5488535529546941,0.2,8.894171522042846
19689,0.4793045996990162,0.7354189761611262,0.0,24.20999415403267
3790,0.49739593368956053,0.6983689227778124,0.0,59.31771037844044
3401,0.45907358816915006,0.7785447589633141,0.0,46.27669940361086
20935,0.5429116679493209,0.6108086464075533,0.0,23.214698968811874
4786,0.4916727844077831,0.7099418560904507,0.0,42.87019256434472
14999,0.5490205361809583,0.5996194316495204,0.0,21.96765673393138
20668,0.48214851047698715,0.7295030993658114,0.2,23.023118122096687
20192,0.5061173061423042,0.6809868062424085,0.0,8.18648296657811
11126,0.4174870334028149,0.8735017928913364,0.0,34.78284112636143
6279,0.5204095134419565,0.6531392514925188,0.2,19.457017654164723
13506,0.5386606609617611,0.6186694778360102,0.2,7.857102545520087
7310,0.5004918442796201,0.6921639755052432,0.0,64.05285492695026
14100,0.45456583191108385,0.7884125311647293,0.2,9.75069259572859
20922,0.5137714861320674,0.665976691891339,0.2,23.259901067065094
17313,0.4164074499870418,0.8760910509819639,0.0,42.09179294025783
11199,0.4783273492057111,0.7374599499061162,0.0,26.559619645758943
17597,0.5307385875450006,0.6334856811358406,0.0,13.334873104598227
8044,0.5573859583000702,0.5844973556759433,0.0,16.733867829171942
7005,0.5266891499111017,0.6411447528357902,0.0,15.477233942132273
18802,0.520228775842947,0.6534866106137193,0.0,22.980181331482562
13992,0.5816138524020787,0.5419485352987372,0.2,21.57524275991282
8921,0.4702133576946436,0.7545687347415211,0.8,47.53783028871584
5720,0.4672667528565217,0.7608549791286499,0.0,28.2657636356019
15378,0.4770176800716875,0.7402017236408851,0.0,9.648899428750306
12317,0.6064369109717489,0.5001545774896823,0.0,7.9027922879195
14461,0.5383306803052893,0.6192822602311023,0.2,9.298832525726063
16357,0.5032387152465562,0.6866906384661488,0.0,8.971612575973761
3485,0.44527852837763676,0.8090552861470534,0.0,71.58521443423615
4076,0.43847409111872876,0.8244545541635544,0.0,63.48300067059368
10291,0.5937215901306566,0.5213447729790471,0.0,13.660536095779886
16809,0.4202887964432313,0.8668131934214417,0.2,3.2605177245492256
20212,0.5517112890487724,0.5947303966169764,0.0,11.610623623462981
4324,0.4869903079897647,0.7195110575559726,0.0,44.68163557633915
7157,0.48011503800474115,0.7337295412847946,0.0,51.57751536163769
1472,0.530166068771363,0.6345649842113922,0.0,19.735287148908604
19674,0.4968299273033478,0.6995075100336179,0.8,23.974568953365647
19864,0.4860431617352632,0.7214578488701691,0.0,23.235271029361165
18398,0.42636815657309374,0.8524520886257986,0.0,67.94042886199881
11083,0.5782060381818442,0.5478250063865467,0.0,15.356905160262569
3840,0.49620092510940084,0.7007743433380228,0.0,53.92808820149172
15303,0.5475984310448504,0.6022130507201392,0.0,6.447593485381697
1805,0.45418681255811255,0.7892466841705119,0.0,22.264648237873217
3844,0.46723632535342574,0.7609200993060279,0.0,28.154043674323034
11745,0.4930851729665909,0.707073355223423,0.0,4.871028300977828
20329,0.42862292645060157,0.8471777058879743,0.0,25.163336900539726
4319,0.4905290820767173,0.712270711058058,0.0,43.59096806017257
9208,0.4863537324235498,0.7208190753390885,0.0,29.222005974176213
16501,0.5108220757113291,0.6717339378419406,0.0,5.765559776112951
5112,0.46405993492046554,0.7677415650104089,0.0,57.61900679699251
16504,0.5067979431351558,0.67964288907702,0.0,5.461270630922101
11344,0.474869843591095,0.7447145259884838,0.2,8.665498340877276
10447,0.4915595457715244,0.7101721956211672,0.0,46.97789182397698
1366,0.5266967376491848,0.641130346456945,0.0,51.306456953504295
4871,0.5434242240852414,0.6098650042473098,0.2,45.881363050341875
12191,0.5256743301775098,0.6430734021425378,0.0,12.144440733367059
10260,0.4538243949545007,0.7900449510197723,0.0,11.942912014835034
16598,0.45776560620799567,0.7813980027088536,0.0,6.074197160930301
10439,0.5265126239782919,0.6414799705288082,0.8,20.177752424042623
5478,0.4569460253307624,0.7831900015602915,0.0,54.31422541315312
15893,0.4664359518848543,0.7626345631155124,0.0,5.726623164262762
16750,0.5289080494500067,0.6369406817974138,0.8,4.9321500139951775
11884,0.5092177724660091,0.6748795101860369,0.0,5.281100987487265
3035,0.4564262141105922,0.7843282259420802,0.0,55.31082386049773
16493,0.48639241565405156,0.7207395412682549,0.0,11.734540656273776
257,0.4529422872411484,0.7919905628489976,0.0,47.65010991769473
3547,0.4731797510989371,0.7482799392158489,0.0,45.97245162003515
1539,0.4647042170183924,0.766354168220969,0.0,47.64538759656178
10699,0.40962563796505064,0.8925116145275677,0.0,78.20633022297812
14758,0.3599823045140078,1.0217004028678411,0.0,7.922724530001439
16601,0.5580508099043056,0.5833052635701043,0.0,10.858227069707887
2501,0.5279913905649921,0.6386753011569367,0.0,16.67261844433948
7034,0.44135945748839783,0.8178956392003425,0.0,64.40927846700272
4859,0.49296849385828007,0.7073100139627614,0.0,20.77723166015612
13422,0.5487666002005658,0.6000820641153345,0.0,7.405612801319103
6832,0.4891419878868935,0.7151024678777896,0.0,48.323049812421516
4130,0.4520387666400446,0.7939873359249229,0.0,59.67212029103608
6469,0.48229522320381246,0.7291988561573516,0.2,39.95644720626622
6479,0.4051408286701746,0.9035205472064212,0.8,68.46427084322951
15865,0.5458336202328238,0.6054410745235909,0.0,6.482457739665573
11437,0.4135673516958679,0.882934895809141,0.0,27.335665039456547
8122,0.495749995534503,0.70168352058979,0.0,41.487038154871335
12462,0.4478367289703387,0.8033265572557385,0.0,5.1562722232327705
8552,0.5057863203656173,0.681640990652505,0.0,41.651669821536814
7726,0.5380880415627196,0.6197330861815432,0.0,17.42689431250217
2212,0.47240129945190545,0.749926443917782,0.0,30.514511694632006
17342,0.42665372073859753,0.8517825532158243,0.0,77.55394950578719
14252,0.5603213719469923,0.5792447813814506,0.0,7.854559064285102
2556,0.4616222125879976,0.7730084440881381,0.0,40.19643909258319
19583,0.47451228532823914,0.7454677701646065,0.0,24.658582241758594
12040,0.44230235781092636,0.8157615633263912,0.0,13.037907886652725
14135,0.4920963058787943,0.7090808379890328,0.0,22.194229688070976
20809,0.546685063466872,0.6038823947149391,0.0,18.90453912674858
4066,0.4559891323147246,0.7852863023949007,0.0,56.018397662389155
10240,0.4957945856546975,0.7015935798628263,0.8,5.4871631231468205
4144,0.49220195333650724,0.7088661724501485,0.0,36.98863979888739
13716,0.484159886234133,0.7253400833579399,0.0,12.343837975763968
336,0.44195612263733003,0.8165446718833261,0.0,16.085927544204935
7148,0.4890634567111298,0.7152630296010271,0.2,48.28025449806932
3498,0.4401472310202523,0.8206459920861444,0.0,68.23671236365328
9271,0.4707538358782326,0.7534199630378556,0.0,55.47431268321666
12943,0.47417996991024863,0.7461683459935908,0.0,12.991162957522315
3822,0.46993086414500823,0.7551696926617527,0.0,55.12738756430795
4659,0.5260016366583264,0.642450954731537,0.2,52.745223628534774
1507,0.4874372714023852,0.7185936708698398,0.0,50.31592916325225
14590,0.4174870334028149,0.8735017928913364,0.8,34.78284112636143
20128,0.4985483380982007,0.6960547271835547,0.2,17.959604102652932
9277,0.49502350415429447,0.7031500344007465,0.0,34.652989746387725
19001,0.4211923179322738,0.8646657374160057,0.0,6.219843554692405
2856,0.42462925211271996,0.8565388387447093,0.8,69.6665856651162
12134,0.537969619975913,0.6199531888610138,0.8,5.749446273170843
12017,0.4805695076403412,0.7327834041338168,0.0,5.447145821784265
578,0.48403203848312193,0.7256041792432499,0.2,47.60689341098355
18470,0.46052822889505435,0.7753811246334279,0.0,21.642825197653917
203,0.5557051300409797,0.5875174670653449,0.0,20.284040886611223
12549,0.5239647206607533,0.6463309239109533,0.2,4.482305074436409
3093,0.443161290700612,0.8138214878404231,0.8,68.48307944356465
18708,0.49722273988279275,0.6987171845048846,0.0,3.563807074198211
5398,0.4883423249915626,0.71673863341659,0.0,41.59592374682526
17244,0.49754034911547107,0.6980786219225303,0.0,49.1614913841052
13684,0.5140376631727196,0.6654587415563319,0.0,10.150574904175414
18754,0.5129437340285862,0.667589120082854,0.0,25.370389503680926
13783,0.5203417583256521,0.6532694557367761,0.0,18.959512804040834
6256,0.4782800260365506,0.7375588894928764,0.0,40.89026663416595
1765,0.47328943379143457,0.7480481668671249,0.0,48.05461406832947
13082,0.5323754998988479,0.6304062117415992,0.2,5.084856494288504
7538,0.4940556196318768,0.7051071777841034,0.0,36.683202000126144
16782,0.36885098239345626,0.9973625582598019,0.0,3.6624648449318102
14975,0.5580644764660848,0.5832807740537491,0.0,21.02872941681052
5019,0.4499667710947819,0.798581540955823,0.0,70.77029835287473
9647,0.4693694290191429,0.7563651254680908,0.2,37.893893074481745
15475,0.5161167844164006,0.6614222127201542,0.0,8.535918564408309
13579,0.5724013764250265,0.557914826646851,0.0,22.210868819168
1452,0.4512858586691576,0.7956543072974286,0.0,46.60346361387962
10026,0.344830067204552,1.0647035421251108,0.0,8.248162111209812
7530,0.4425746488859074,0.8151461307148199,0.0,20.96351962160695
3945,0.5000019698175545,0.6931432409325966,0.0,48.54428677294915
6907,0.5520792178390473,0.5940637324237154,0.2,16.158533408616393
19542,0.5869325868134547,0.5328453093377337,0.0,14.576782530090364
7761,0.49973542094612,0.6936764787212659,0.0,16.345098677585256
13842,0.48349510769080273,0.7267140826698613,0.0,11.787302614958746
20348,0.5005887077913527,0.6919704575873605,0.2,4.474765328911966
19436,0.4706421001718795,0.7536573460615101,0.2,24.929477026028522
4343,0.47317571409808373,0.7482884708955441,0.0,43.423179052630346
7188,0.46969114864398126,0.755679930827664,0.0,57.96254231576864
4766,0.46443232105836724,0.7669394341246201,0.0,53.398158100926665
15248,0.5988714729682731,0.5127082732250842,0.0,4.889954984749391
2923,0.4441141199002789,0.8116737227732121,0.8,61.02568996136818
17109,0.5228876549706558,0.6483886468434585,0.0,2.426740407779798
895,0.4468062903559282,0.8056301332023809,0.0,40.84947430594448
8291,0.4745128717892926,0.7454665342415141,0.0,39.43518079886776
5550,0.4653879539178577,0.7648839117367242,0.0,34.17883572856316
13648,0.5140376631727196,0.6654587415563319,0.0,10.150574904175414
10018,0.3550127555921157,1.0356015589068366,0.0,6.956135679078234
12685,0.4766258636390576,0.7410234488174695,0.0,6.34056746205961
8917,0.46224518829377415,0.7716598180848743,0.0,39.698039105884476
686,0.4477000063175251,0.8036318996241494,0.2,49.82517777669726
19814,0.4877532265199921,0.7179456843906126,0.2,23.27795590475187
11400,0.4805249311704247,0.732876166027234,0.0,7.105234205977977
9967,0.4931643554791045,0.7069127822438678,0.2,34.62494101293738
14261,0.46564271379239874,0.7643366475278535,0.0,10.03650418629697
13534,0.5295310604519128,0.6357634556952635,0.0,13.248992200277618
11495,0.3787547740352347,0.9708663175245059,0.0,6.440727443038899
9043,0.4900798520932757,0.7131869376989015,0.0,15.79138463585181
20466,0.48405105054721353,0.725564901490525,0.0,22.38367610385852
9314,0.49171440616154,0.7098572063122536,0.2,21.05933360968689
8774,0.560335937125828,0.5792187873889633,0.0,23.4931148119323
21156,0.530366808713899,0.634186419908116,0.0,7.182478305927054
4156,0.43120005360205027,0.8411831350783354,0.0,31.165834512880537
7385,0.46132481187758234,0.7736529030068517,0.0,27.097194108315627
16883,0.5095843498475265,0.6741598858560351,0.0,9.160147834826258
2152,0.4736033887409369,0.7473850401572456,0.0,71.85733217699644
8928,0.5334901130294861,0.6283147406904304,0.0,49.467219246937915
16042,0.5963358304357873,0.5169512967230383,0.0,8.43815211546347
17041,0.5128450378962242,0.6677815498215445,0.0,50.18378576173507
16036,0.5464428595928511,0.6043255338441755,0.0,4.79230166780983
7089,0.4910984611333094,0.7111106394517043,0.0,15.92532173970563
12249,0.5027625331257731,0.6876373214988323,0.0,5.813560849953516
2031,0.4971491959485496,0.6988651048789964,0.0,52.46729561602361
481,0.459848494037797,0.7768582045375708,0.8,46.766867469336404
17562,0.40056204099269227,0.9148866156251858,0.0,9.731191378906809
18990,0.48920433977039085,0.7149750040506783,0.0,25.292240768292743
4222,0.4870399031851912,0.7194092225309388,0.0,52.52406612947934
8993,0.4376248656724903,0.8263932066539632,0.0,76.42484337306573
108,0.4580648373139999,0.7807445386997266,0.8,59.1609186112934
14798,0.5241293294211374,0.6460168132417347,0.0,19.71449645002395
18366,0.5091456814849339,0.6750210922133886,0.8,23.648351887257945
17753,0.42597224335413814,0.8533810912812252,0.8,63.15020075481066
12574,0.44321849573501954,0.8136924121657239,0.0,5.2881870456408535
1919,0.476294662179541,0.741718578083509,0.0,27.065310744501332
17684,0.5011309483122239,0.6908878381727787,0.0,34.820748098119225
9093,0.5564512561354533,0.586175702155864,0.0,15.943978986835358
5699,0.48033212557465477,0.733277486071676,0.8,73.48540058133065
19356,0.5106438030405046,0.6720829904659055,0.0,22.918366088168817
7566,0.44726529896502976,0.804603350437083,0.8,40.79741128786682
884,0.43836265090012955,0.824708741092224,0.0,56.82243351965991
9210,0.4803059144594227,0.733332056293021,0.0,39.65492870609327
12128,0.41928621166559416,0.8692015095207071,0.8,10.956285044087215
3389,0.48134786992817874,0.7311650479716948,0.0,30.995184871536246
12761,0.5185007442292199,0.6568138159631128,0.0,4.025612157406282
6589,0.4563150361536411,0.7845718392497263,0.0,55.70460058673057
9696,0.5252184752808877,0.6439409595619933,0.0,50.25959385896543
12200,0.5013858811519558,0.6903792525057166,0.0,20.924359116325228
5682,0.47051712338783735,0.7539229265959154,0.0,50.064251020285695
14351,0.4371281130264273,0.8275289620307562,0.0,30.96199687200614
264,0.465915465858882,0.7637510650484438,0.0,57.28514653625357
18361,0.4954887988791994,0.7022105311604436,0.0,2.7082328949853105
5848,0.47376216450230424,0.747049845865432,0.0,59.801339591574035
10614,0.49605854804106114,0.7010613188180648,0.0,4.30416573154188
20152,0.3877936070245221,0.9472820215479367,0.2,78.50410401245728
19248,0.4887986681038333,0.7158045959569554,0.0,34.28703987328038
17478,0.4950962240383894,0.7030031433083765,0.2,26.445220287506345
2143,0.4707995377885949,0.7533228853539423,0.0,75.27955041591785
9461,0.4605989714529229,0.7752275246572663,0.0,54.90936403369985
20558,0.45566442697989923,0.7859986461251378,0.0,4.86768967691909
5476,0.4361203895121212,0.8298369510137459,0.8,31.34708575962145
15392,0.5904644081444026,0.52684591926051,0.2,3.974525693281838
9468,0.4643124412769357,0.7671975885432697,0.0,61.490887892393694
17308,0.5483003020838909,0.6009321456259229,0.2,2.302171175400399
6338,0.4535507781981609,0.790648046129114,0.0,39.532402306455694
4696,0.5441648309370979,0.6085030799746962,0.0,42.05669255443086
9829,0.561040382526321,0.577962392937229,0.0,18.798226609808218
542,0.47305872690737216,0.7485357398306788,0.0,53.926388549536455
13949,0.540758287931983,0.6147828875313635,0.0,10.231831967727757
5371,0.449629638834967,0.7993310598998216,0.0,63.19791081530388
2822,0.4755761583567651,0.7432282450335529,0.0,55.79786106293213
5362,0.448981886865466,0.8007727331104737,0.0,31.83071614114133
4158,0.4865537441107605,0.7204079125207269,0.0,46.93457659998059
16098,0.551490376539819,0.5951308900513084,0.0,5.563283589712806
12767,0.48638501202284296,0.7207547629027173,0.0,7.90451714657037
17005,0.44288919474200206,0.8144356649592973,0.0,69.308473845306
13164,0.5400983306074896,0.6160040622832923,0.2,5.03041232571548
13498,0.5308740294548477,0.6332305185493883,0.0,7.418295923377233
4927,0.4812080912974308,0.7314554801904148,0.0,22.049725785173802
21226,0.46821367529625985,0.7588305161155272,0.2,3.726844542624911
21116,0.4141468607624841,0.881534631919546,0.0,7.246214699599575
18195,0.4862296804114509,0.721074173279552,0.0,35.62106526028174
3445,0.45545711995536964,0.786453705120953,0.0,47.99726866350527
4789,0.5238006584061021,0.6466440899293573,0.0,53.70379364203427
12304,0.5925080275963989,0.5233908573787281,0.0,6.280690288544736
8433,0.5052543435706096,0.6826933258613178,0.0,44.542327920894905
1342,0.4674985877348388,0.7603589511460036,0.8,41.888174734654896
1830,0.48644194793523,0.7206377104056227,0.8,44.03096575519237
9581,0.4742076778926597,0.7461099142278816,0.0,38.8760538931183
2036,0.47402928432307195,0.7464861779231411,0.2,52.43878596117983
11762,0.338865211358874,1.0821528572791455,0.0,8.158891207386729
3607,0.44188732498209105,0.8167003502572807,0.0,70.59966152875346
4059,0.46534270963124175,0.7649811348935912,0.0,45.37371104246578
8838,0.4287370207678419,0.8469115532217947,0.0,74.12593498802207
697,0.48751056741335824,0.7184433120338222,0.0,50.12578746883329
7560,0.48886046398324806,0.715678179954754,0.0,39.47859650971588
17080,0.38681411259603726,0.9498110305565891,0.0,7.503032134431013
5458,0.511887300943752,0.6696507935158015,0.0,59.973923432385554
658,0.4674180055068723,0.7605313349260083,0.2,77.20381777369707
8449,0.5108152267249166,0.6717473457047823,0.0,57.1025526549697
10114,0.547869430798013,0.601718285390858,0.0,42.78788809521433
2919,0.4643277209472628,0.7671646809199512,0.0,39.68351173464701
9856,0.628438152176768,0.46451766124063837,0.0,9.11615932334681
2976,0.4506506039062651,0.7970629539023623,0.0,41.29582969572691
18665,0.4772908882884744,0.7396291452667424,0.0,37.72108640860386
9954,0.5150135744435761,0.6635620205229045,0.0,51.85737038509204
11447,0.5054839203209618,0.6822390504816239,0.0,26.34841233303308
12320,0.5391860547424943,0.6176945825847835,0.0,7.721182282309794
2273,0.45966102866388203,0.7772659553479409,0.0,26.87397396419624
9941,0.5185171663581231,0.6567821441303762,0.0,46.35568493532597
859,0.4956120811165149,0.7019617527758419,0.0,14.78682469711113
3526,0.4544182782719745,0.7887371873138355,0.2,15.546009239845233
13536,0.5285583003264147,0.6376021669338799,0.2,11.02732891770183
1429,0.44599046222357625,0.8074577123396707,0.0,26.565356887851124
18654,0.5046706013978238,0.6838493369900687,0.0,23.531254277142033
11520,0.4816273634815739,0.7305845687411883,0.0,4.887135978550688
17050,0.5047329105151187,0.6837258796875358,0.8,44.6062762343224
18541,0.47004340587095633,0.7549302356253725,0.0,21.071989769918666
15012,0.5398659474168478,0.6164344157661935,0.8,9.252680721741205
18448,0.5308165152709904,0.6333388630838656,0.2,5.3219466911813536
13437,0.5316998978932811,0.6316760505100777,0.0,18.44809780212731
10648,0.4940934401889336,0.7050306295008268,0.0,4.093407662755182
3253,0.5564783855116965,0.5861269490716917,0.8,15.602699317211528
6388,0.5254937203553316,0.6434170385836643,0.0,17.404430402799875
18339,0.5066037145872748,0.6800262090544034,0.0,20.58099215345293
17343,0.42903549800727836,0.8462156175396646,0.0,77.04708558059775
16897,0.6202997373199481,0.4775524704757518,0.0,5.193383002566419
17378,0.5862976057155623,0.5339277587392856,0.0,13.018493414518808
7718,0.4784874996502469,0.7371251924632884,0.0,39.1634594509997
11260,0.5558882172435698,0.5871880530675136,0.0,5.439710087778332
6641,0.46890019707078906,0.757365332603492,0.0,38.89070867354153
8946,0.4944229138463046,0.7043640271361287,0.0,42.638673588272596
6199,0.5335180569905822,0.6282623625327224,0.8,16.036396563984667
2464,0.5111087271561563,0.671172938111742,0.2,19.70228257119238
5281,0.4500671456880244,0.798358494708816,0.0,63.70941231962791
15162,0.44770411941125837,0.8036227125015639,0.8,13.12436456373596
19585,0.47862102004194784,0.7368461846186816,0.0,24.92971709912442
12344,0.5497311482065873,0.5983259417103387,0.0,6.105617476173674
13553,0.5100439621610358,0.6732583566630429,0.2,10.484315913231844
17737,0.4771532669618187,0.7399175253188437,0.2,9.675160837082212
429,0.45093408640569826,0.7964341000368931,0.0,64.18064122231583
18317,0.5269984276171737,0.6405577140938524,0.0,9.610287550710362
6820,0.5086760622339299,0.675943885005402,0.0,46.67731034237232
18105,0.5029160561374169,0.6873320092162096,0.0,10.59728441467852
5239,0.44730226687155683,0.8045207006564294,0.0,64.28522560387106
15239,0.5082916097923363,0.6766999610744514,0.2,8.001976910635113
11,0.5055625387500127,0.6820835315566448,0.0,37.664653445179425
7806,0.45981254246068853,0.7769363889461735,0.0,58.46446030442243
20282,0.49929186224000166,0.6945644599460622,0.0,13.80516315554642
5420,0.4695342109972565,0.7560141161146654,0.0,52.35397754094059
5882,0.4420374131255005,0.8163607554063137,0.0,62.933250758839485
4458,0.46515832586757666,0.765377445610171,0.0,39.76901283302213
15613,0.4521884730067852,0.793656210381377,0.0,5.100034901765032
7591,0.4860772639931412,0.7213876883077749,0.0,36.88816098266843
14911,0.5771507491143921,0.5496517829676406,0.0,3.6507871859787384
10627,0.50436920149224,0.6844467364458372,0.0,5.124418439125253
16211,0.5525434614292332,0.5932231854636866,0.0,7.5262227169114055
12789,0.48332075799790597,0.727074750509466,0.0,6.5436725812370655
14422,0.49110676285827876,0.7110937351942909,0.0,7.085338137519747
10995,0.43296868929847876,0.8370898646831837,0.0,9.494440896955096
15617,0.5042012822712464,0.6847797210517689,0.0,7.409316372801952
15782,0.4532495171964095,0.7913124945514737,0.2,5.263739359673355
9364,0.5106596763483371,0.6720519060563169,0.0,21.18979577757981
1149,0.4572394441363173,0.7825480775187694,0.0,57.982900759012104
5907,0.4848275013416511,0.7239621186460842,0.8,18.135250519745142
20200,0.46012347551551774,0.7762604004848159,0.0,9.746726139270256
5319,0.39237331598930514,0.9355415556691653,0.0,43.965770840598424
5964,0.5606150773576338,0.5787207455763075,0.0,46.60148892058994
2372,0.45199212475726047,0.7940905224050959,0.0,48.129827047647254
18106,0.40116431583160855,0.9133841704402803,0.0,5.395954206694423
19035,0.4497292970846644,0.7991094392628877,0.0,61.61133654782441
9331,0.47121558197725644,0.7524395784791741,0.0,22.60855268048012
9042,0.4904467095042075,0.712438651130403,0.0,15.179931133214925
2074,0.4911224448941677,0.7110618036740989,0.2,66.59448964261685
20157,0.4797791307189209,0.7344294253146737,0.0,4.641593918960284
19588,0.5046246566393985,0.6839403802365146,0.2,18.090223252932724
17997,0.5239860518500251,0.6462902136221986,0.2,18.133610562340696
2298,0.42694101429295583,0.8511094151248407,0.0,60.75218446724454
8779,0.49681821605852683,0.6995310822506039,0.0,33.997212198478934
7329,0.45714757612379653,0.7827490165321069,0.0,59.31280792210062
9846,0.5312251425090766,0.6325693504093733,0.0,16.98606891018595
12331,0.5509968842093252,0.5960261246377241,0.0,8.61263735509429
11033,0.4920963058787943,0.7090808379890328,0.0,22.194229688070976
20983,0.5706511910365938,0.5609771298269145,0.0,2.239028010895309
12273,0.46827705227695227,0.7586951661778863,0.0,13.490358130451831
9122,0.4543448822346816,0.7888987168314087,0.0,50.56051888210137
18207,0.5158136006439051,0.6620098178253211,0.0,15.065026580965409
1414,0.45523141319745686,0.786949388890579,0.0,30.29755447426097
6334,0.45189267370711456,0.7943105748956704,0.0,61.77750314447814
7979,0.49849761837180306,0.6961564671808181,0.2,57.00477380225196
1483,0.44726529896502976,0.804603350437083,0.0,40.79741128786682
12483,0.5094242395644399,0.6744741330293521,0.2,11.04788573297957
17790,0.4912200559410369,0.7108630724838928,0.0,18.439788479874014
7762,0.5002542662878305,0.6926387772431548,0.0,16.519434440918154
6291,0.5348275125890333,0.6258109904458784,0.0,20.279405575108996
13600,0.547433769221868,0.6025137940666514,0.0,8.746391776571103
13385,0.5468455663735243,0.6035888448070991,0.0,20.770697996651855
6034,0.4766866040442149,0.7408960186048192,0.0,50.0030692997676
15037,0.48108637658229003,0.7317084479042542,0.2,23.76661996386597
2735,0.4262987869151359,0.8526148008281201,0.0,52.981483203064606
16460,0.5161762499163723,0.661307002216819,0.0,6.088653423094464
3499,0.4419005997167334,0.8166703097141315,0.2,62.630444930450736
2596,0.44066748472512673,0.8194646908293094,0.8,81.48347578398558
11502,0.4299750440724778,0.8440281090194925,0.0,5.582401579814761
8569,0.4528357002727206,0.7922259118426562,0.0,45.14103209414232
3738,0.48278114227566926,0.7281918496026359,0.0,50.318055696409566
15029,0.42338847383051925,0.859465143536855,0.0,11.01834328767945
476,0.46650721096621206,0.7624818012231832,0.0,57.20138507679967
1702,0.5334651878386168,0.6283614627805751,0.0,16.50768393118028
6848,0.5245969201126612,0.6451250824917574,0.0,19.366655271717384
1411,0.425865613367213,0.8536314440605498,0.0,49.91183157625092
19625,0.4612963896967419,0.7737145148163374,0.2,39.07258152248171
1652,0.4425810873230372,0.8151315831343965,0.0,16.064202938278527
7173,0.4843424073793358,0.7249631691295126,0.0,19.592129369173577
608,0.5006085010349672,0.6919309184367464,0.2,36.34713294034703
9896,0.49563857574177506,0.7019082958119889,0.0,38.885719320227416
2757,0.45523141319745686,0.786949388890579,0.0,30.29755447426097
9489,0.4881580120833968,0.7171161302864972,0.8,52.34947751091429
16218,0.5641661411752372,0.5724064943113928,0.0,3.7653756635158073
3867,0.5253749888985378,0.6436430067874055,0.0,25.134583024012322
7501,0.4831418874768225,0.7274449055774622,0.0,35.65134724979667
10723,0.3849155074364379,0.9547314299835442,0.0,62.83087307632975
8881,0.4787558926933246,0.7365644300652243,0.0,59.039320992751556
2945,0.45523141319745686,0.786949388890579,0.0,30.29755447426097
1091,0.44920221440718705,0.8002821264612842,0.0,48.345043137412816
10423,0.6544395234357858,0.42397609906906386,0.2,1.1500563356681819
15330,0.4601798330183571,0.7761379245523985,0.0,8.96905003673212
1351,0.4911230008902436,0.7110606715821594,0.0,15.941980311121636
19437,0.47451228532823914,0.7454677701646065,0.0,24.658582241758594
16659,0.4479284567335693,0.8031217541108627,0.0,5.526280440778881
6534,0.46354410323049183,0.7688537459021034,0.0,51.16529512469131
15729,0.5287993291408128,0.6371462590899191,0.0,1.5125853412131025
3200,0.45530036952846925,0.7867979250263791,0.0,30.295654943531574
4555,0.3992160926416196,0.9182524231288381,0.0,75.30128743662476
13781,0.5365496317954842,0.6225962108537907,0.0,17.8955940346749
18761,0.479789574200448,0.7344076582823102,0.0,50.769599399945236
18790,0.510926769067745,0.671529008113236,0.0,10.79751395826109
1623,0.46722508131148444,0.7609441645951059,0.0,25.556311974033065
20954,0.4849255592184795,0.7237598859723229,0.0,15.100525802613017
17190,0.5267623762083227,0.6410057311617534,0.0,5.166506309312766
16069,0.4556711356308742,0.7859839234450399,0.2,6.6785055684150745
9935,0.5324462761044295,0.630273276433023,0.0,44.36493554343222
4036,0.45627758857967,0.7846539077937342,0.0,55.71042745335513
17290,0.48018190537999117,0.7335902773293718,0.0,11.047869184800863
8638,0.45672929996621636,0.7836644050220251,0.8,59.59767740403652
4363,0.47844261030725893,0.7372190119440505,0.0,54.38648888369829
2981,0.4626586959486491,0.7707656545085918,0.2,51.679839486991185
6623,0.488982241737113,0.7154291056327141,0.0,62.34642589134195
5194,0.4772753925834586,0.7396616117498513,0.0,44.40558474853892
11249,0.4249500420837223,0.8557836650053329,0.0,3.6197853942412994
8253,0.4723337402535599,0.7500694664492249,0.8,38.17853698678073
4728,0.5086275184885247,0.6760393211099472,0.0,45.62589233753455
17557,0.4157404861281233,0.8776940448074387,0.0,8.41576936872495
15486,0.5278146123915045,0.6390101698253181,0.0,4.657106338292465
15761,0.5046985310057284,0.6837939962687903,0.0,5.898749323558986
17160,0.41935412885901613,0.8690395397458499,0.0,35.36990993068064
3689,0.49406914929460133,0.7050797932611143,0.0,43.52810146732144
16348,0.4385112892518516,0.8243697223431438,0.0,9.103103067787885
16784,0.3744835676858938,0.9822073549958251,0.0,4.001512794461758
10474,0.4987713681392982,0.6956074683087515,0.0,21.91163525172567
4091,0.466129282646116,0.7632922527621714,0.0,63.383789368185646
9650,0.46198252750293345,0.7722282078732842,0.0,45.561464264523764
10886,0.525169235233858,0.6440347155086269,0.0,10.91960855231282
2139,0.5055716858580683,0.6820654387894665,0.0,22.72300915659674
4509,0.5261074343247114,0.6422498393345513,0.0,18.561021336764014
20629,0.5258718356530886,0.6426977543881753,0.2,21.501453324022457
856,0.45835578635084784,0.7801095703476179,0.0,79.4853636465777
15595,0.5141717969428727,0.6651978340737281,0.0,4.513799692678754
11365,0.5090502374558249,0.6752085689604724,0.0,4.09878609676008
12614,0.4749407661904288,0.7445651854805231,0.0,12.424931532706232
17973,0.3663863590878474,1.0040668764389344,0.0,78.55818260724163
3735,0.4643260518850014,0.7671682755045213,0.0,57.71790860233973
3625,0.4563150361536411,0.7845718392497263,0.2,55.70460058673057
18572,0.4713642531011872,0.7521241227063455,0.0,20.993664144671996
5070,0.4856009458347013,0.7223680914737097,0.0,56.561423766883934
13941,0.495657721915528,0.7018696672529989,0.0,12.633653341198904
16718,0.49495152933370035,0.7032954417459547,0.0,11.59136493383966
12875,0.4928700937804294,0.7075096411216316,0.0,12.891533645889824
10097,0.40116431583160855,0.9133841704402803,0.0,5.395954206694423
16383,0.5491738903245844,0.5993401475065276,0.0,9.509730468003859
3772,0.47336086051536463,0.74789726272756,0.0,52.39020553646689
1995,0.5301859903759122,0.6345274087582591,0.2,18.753457154360255
5337,0.4450286981104896,0.8096165087593645,0.0,63.96375005085544
10104,0.4689143365252176,0.7573351785508023,0.0,55.902698053690315
762,0.49505336112829795,0.7030897219642893,0.2,37.813572478056585
5153,0.5016012819818506,0.6899497338815035,0.2,33.334921760957755
16283,0.46169335825125246,0.7728543349933874,0.0,9.660679187417342
14234,0.47079507411983823,0.7533323664378403,0.8,8.325452889081525
3829,0.4329478892639773,0.8371379063422081,0.0,61.15292661304045
19640,0.4748264282358755,0.7448059559678102,0.2,32.84594152169673
364,0.47137651442221196,0.752098110632936,0.8,28.621090960631903
7421,0.45167286074056157,0.7947971206137375,0.0,61.79149826126971
15963,0.5226295626781842,0.6488823590336692,0.0,10.822838445266253
19678,0.49502823488263065,0.7031404778732446,0.0,24.099083467830702
8949,0.4823582817240833,0.7290681179802994,0.0,40.517961212989974
3467,0.4530397260388616,0.7917754618940985,0.0,51.194222893940456
13641,0.40134015104515114,0.9129459542717379,0.0,5.393365378844529
18245,0.4687575116401391,0.757669676993616,0.2,4.848707197635321
14270,0.5747758474285857,0.5537751447474534,0.0,2.1742873118465864
2946,0.45523141319745686,0.786949388890579,0.0,30.29755447426097
9713,0.5473098415003438,0.6027401990821086,0.2,14.73940853864569
7879,0.5001775898338253,0.6927920639536612,0.2,46.0498893366933
18835,0.4613243528995181,0.7736538979203719,0.0,9.477646863983127
3934,0.4538343280814546,0.7900230636590229,0.0,26.41837317752497
5606,0.4956148250388702,0.7019562163596322,0.0,25.516110071322913
9887,0.4466477710695512,0.8059849791757427,0.0,74.15061808416834
11305,0.5050520769711795,0.683093732308352,0.0,12.741064261140036
14102,0.45375832966941837,0.7901905361734043,0.0,9.724480177052495
11902,0.5786189912482999,0.5471110642198568,0.2,14.050632642363116
19567,0.529517538624434,0.6357889914969092,0.0,4.136125485486572
778,0.45523141319745686,0.786949388890579,0.0,30.29755447426097
7884,0.4947958864766635,0.7036099520055089,0.0,39.181927590583015
10665,0.4092237886375698,0.8934931120939953,0.0,5.727737639387831
15657,0.558392531151536,0.5826931030683835,0.0,4.2073352684099445
17403,0.4176198072650988,0.8731838123481608,0.0,34.77017914122921
15106,0.49658677620907,0.6999970349193455,0.0,14.63168812921269
16181,0.481039073345997,0.7318067786080822,0.8,4.777600787243244
9884,0.4270443036222186,0.8508675155802007,0.0,42.23068170737014
4377,0.48524896552574653,0.7230931887730094,0.0,55.114160972579285
17095,0.5065845150647913,0.6800641082757404,0.0,14.9280860889188
5527,0.4592617299483817,0.7781350136814935,0.0,54.66787324898168
12876,0.5059659386771554,0.6812859268277006,0.0,11.22282213183107
15244,0.49746232280814984,0.6982354583003267,0.0,7.179257027524427
15724,0.5335925970982106,0.6281226579810641,0.0,1.641912716917632
7638,0.44726529896502976,0.804603350437083,0.8,40.79741128786682
2575,0.4727672339854246,0.7491521173530321,0.0,43.293501547700984
10544,0.4713820965175474,0.7520862685871127,0.2,6.668523805981993
2535,0.4615002928256392,0.7732725905310042,0.0,61.722617940200685
1789,0.49038875790764247,0.7125568189547892,0.2,51.40028765748931
19205,0.4775940152322589,0.7389942479029883,0.0,44.63894664248742
2602,0.4473278678557305,0.804463468101462,0.0,42.40729184371995
15667,0.4568882333158769,0.7833164840474947,0.0,5.4043743409805005
17624,0.534238882268206,0.6269121949793713,0.0,17.62877025320546
15193,0.45231825043807583,0.7933692530181705,0.0,13.377394733668044
2340,0.4425144892344142,0.8152820710376525,0.8,30.54454291582782
4332,0.49270311378746134,0.7078484896075351,0.0,42.06035325614274
1796,0.4923650387212446,0.7085348889772219,0.0,34.93077218885393
12243,0.47730400584529664,0.7396016622854197,0.0,10.633992539522447
15675,0.5091687332571518,0.6749758178425495,0.0,1.60239272094334
9183,0.5172753570682641,0.659179940709802,0.0,49.79115672093202
11982,0.5289615140846177,0.6368396019733987,0.0,10.718010148956509
2121,0.5740166699616842,0.5550968413391795,0.0,21.549137136725207
14329,0.4736431384444453,0.7473011133179468,0.8,27.29816400470887
581,0.48500224297854194,0.7236017633573231,0.0,49.20491990829797
3619,0.4849571275439306,0.7236947887685207,0.8,42.81016158550881
19666,0.49612632543616975,0.7009246963054145,0.0,21.59548951883565
12362,0.5872039308034136,0.5323831075567342,0.0,6.470051841148818
4244,0.5005818240193187,0.6919842090349219,0.0,56.1303002773402
15882,0.5110717623128446,0.6712452635840214,0.0,6.800989774464897
14190,0.5360856236360615,0.6234613850796361,0.0,18.476277100375782
7201,0.5581063736352004,0.5832057010142919,0.0,18.07937673144305
1020,0.426316744089333,0.8525726782686622,0.0,67.95003985616705
7479,0.45147536234006963,0.7952344760745419,0.0,66.15157795077035
500,0.46277219240833034,0.7705203710159438,0.0,57.018507455179844
12971,0.5232801943787716,0.6476382138669884,0.8,10.86380745815454
9265,0.48076036623407636,0.7323863321163341,0.0,55.82980976196829
19941,0.47842215287658474,0.7372617712376611,0.0,35.053110969743216
20419,0.5305999809419051,0.6337468731965061,0.2,11.172958051369093
14816,0.4463775167936313,0.8065902347890902,0.0,1.9148613935051668
14936,0.45703724364375814,0.7829903954703443,0.0,6.835114700568004
1039,0.48837153892447194,0.7166788125540072,0.0,50.1675168787805
5498,0.4506506039062651,0.7970629539023623,0.0,41.29582969572691
10489,0.4563620922503877,0.7844687226155436,0.0,54.61471163059115
18963,0.4835927476838949,0.726512156871949,0.0,22.885132941466395
15309,0.5351690872598681,0.6251725310666877,0.0,5.57778957735529
16800,0.45847448766508764,0.7798506318760878,0.2,1.851381144514783
20967,0.4674569311652726,0.7604480603469264,0.0,23.596703834723368
4213,0.44612643243583144,0.807152886337334,0.0,42.6459220106625
19909,0.5847697975471566,0.5365370176614535,0.2,16.108183272810216
19633,0.530226739943181,0.6344505527075464,0.0,6.948184886723307
12718,0.4586450402289097,0.7794787009322997,0.0,12.105069856157908
8748,0.5033377450867818,0.6864938728066134,0.0,51.4892729587663
20468,0.48274476540662825,0.7282672010122021,0.8,22.940416831884363
13349,0.5503295245059523,0.5972380447002485,0.0,9.253605954739253
11055,0.4948769246045823,0.7034461844912505,0.0,3.747644590173973
11866,0.48352922326821923,0.7266435248227866,0.0,10.994370244870163
19509,0.4828277191303927,0.7280953781293072,0.0,24.242663365787948
8499,0.4548853346245252,0.7877099036057303,0.0,17.487163465896998
21130,0.4363751175693594,0.8292530441342074,0.0,10.499006529306293
7078,0.4790725309867103,0.7359032713501727,0.0,55.86793907310515
11153,0.6038101470716646,0.5044954564983967,0.0,1.9831716366084513
6934,0.46456612843156864,0.7666513660999636,0.8,52.8682775043632
10629,0.524843256322978,0.6446556203530431,0.0,8.022739305956092
13046,0.4705960229258436,0.7537552537958909,0.0,12.520628566809116
14478,0.43249767583552856,0.8381783264153273,0.0,10.913081793940577
15745,0.5488934675432575,0.5998509044931803,0.0,1.4240580772385547
20820,0.5175513636254259,0.6586465053854386,0.2,23.08753436535238
12319,0.5675222406110192,0.5664753398905085,0.0,5.03624904819334
6140,0.40255800446852374,0.9099160820256325,0.0,33.34842579466118
297,0.4398202839310582,0.8213890811176905,0.0,37.86603538618525
16684,0.5496773256017663,0.5984238536441581,0.0,10.176496747267885
9225,0.4749528988275182,0.7445396402273293,0.0,45.342465225921686
2774,0.46644622005261455,0.7626125492576651,0.0,45.833015955867275
11796,0.4879283109049721,0.7175867878036761,0.0,11.481387920514727
7698,0.4356501177023696,0.8309158401284297,0.0,39.52666309164163
7240,0.4643126481166615,0.7671971430680652,0.0,45.544656759325775
16439,0.46886386599409174,0.7574428170756454,0.2,1.7984723638994526
6914,0.45029169546487163,0.7978596940723601,0.0,41.337108801989345
419,0.5121419635879384,0.6691534197428894,0.2,58.71820875351197
12756,0.4518439818779498,0.7944183315721557,0.0,5.099093438048
21056,0.44161745820705567,0.81731125081733,0.2,35.062653907181456
5761,0.5249841053108862,0.6443872924471404,0.0,17.124591559340026
6446,0.4538343280814546,0.7900230636590229,0.0,26.41837317752497
11921,0.5143756877753717,0.6648013704428332,0.0,11.503722848206369
888,0.4951902873204781,0.7028131714541854,0.0,21.276616197526288
18355,0.5077534134593092,0.6777593558277278,0.0,22.074622012473352
19600,0.5289713091581423,0.6368210845906128,0.0,17.83226513303354
13359,0.5129750590524339,0.6675280528247655,0.0,9.492582192648472
2350,0.4481434416101767,0.8026419156489497,0.0,64.33175076399769
14013,0.5310450319962057,0.6329084553168056,0.8,8.886034990298679
38,0.41544887677653053,0.8783957125057306,0.0,66.5736118550046
4742,0.5086275184885247,0.6760393211099472,0.0,45.62589233753455
4877,0.4431493872812453,0.813848348442835,0.8,58.36635453469361
6011,0.46473226127586714,0.7662938214234456,0.0,47.18453971560551
3111,0.4597686595775834,0.7770318299644134,0.0,56.17162577123895
2422,0.496589844114662,0.6999908569535552,0.0,55.29927769933086
20444,0.5182735605732369,0.6572520669085052,0.0,9.753620773210923
595,0.49435124746531456,0.704508987196615,0.0,56.01726869448005
20177,0.48765112576285446,0.7181550350199625,0.0,26.112117511652883
13905,0.5243900899633467,0.6455194251290028,0.0,11.042255867397563
18996,0.5016973459349897,0.6897582376494552,0.0,5.236299526923677
15637,0.5788977636161824,0.5466293910654928,0.0,9.046716526395189
16260,0.4696562703804993,0.7557541914532677,0.0,7.840572427177695
20480,0.5155535056769491,0.6625141871636018,0.2,12.945526875992487
20881,0.5505770360741159,0.5967883942372638,0.0,18.216369045867193
21113,0.4059421664064719,0.9015445768016808,0.0,7.113637975047769
18459,0.5086851335954646,0.6759260518865999,0.2,5.993098916626069
2595,0.44456916073730673,0.8106496439214763,0.0,41.85384198153306
4105,0.4256755406514817,0.8540778645723264,0.0,65.80669881368806
10628,0.5027201807706625,0.6877215643297637,0.0,5.148936911490972
8314,0.45332919474656447,0.7911367181973403,0.8,52.784642803869616
8509,0.5252803219116425,0.6438232123908559,0.0,21.799851908522236
8538,0.4795028432625771,0.7350054550358134,0.0,19.530198721419893
3037,0.45794377622783916,0.7810088617313572,0.0,56.88087682996469
10311,0.45729791545508525,0.7824202067035766,0.0,9.847540881252463
17814,0.4661463726537739,0.7632555897697128,0.0,36.264181791251275
19092,0.5855356004417444,0.5352282943056413,0.0,7.499083715227432
3087,0.44238023466729925,0.8155855072872282,0.0,52.19747246638261
8157,0.5236731074883353,0.6468876300017683,0.0,17.335619425925515
18121,0.5225442362192153,0.6490456361063406,0.2,19.73942376227138
18320,0.546450627030014,0.6043113193992034,0.2,4.524750574506998
17234,0.4887114138200459,0.7159831195049631,0.0,7.129759693723491
8365,0.47557293350404684,0.74323502599512,0.0,52.63218734516644
15353,0.4966763246506811,0.699816723294407,0.0,6.187499416143505
7162,0.482166020821424,0.7294667826996812,0.0,51.81402468469598
13925,0.5257073707678995,0.6430105503916068,0.0,8.667460596264917
11636,0.5183397781403185,0.6571243094029847,0.0,10.4614196825127
11927,0.5476524560357469,0.6021143975410775,0.0,13.049323643323651
3061,0.4554929308252395,0.7863750819958812,0.0,55.093436324770394
20650,0.443031036884768,0.8141154507031728,0.8,57.2038216467618
1076,0.4670671304624152,0.7612822833305156,0.0,28.319698616646036
9,0.5266460989993493,0.6412264949246853,0.0,19.24000105359773
6936,0.4664414147348338,0.7626228512867661,0.0,52.54471561732831
7215,0.4719225064707675,0.7509404880817923,0.2,51.06395318956187
199,0.4362378661748497,0.8295676197781604,0.8,52.18395327403873
15276,0.5360831031875043,0.6234660866690299,0.0,4.210578058160057
16867,0.5208872599465986,0.6522216523020233,0.0,9.742828705291508
9455,0.4503787479988906,0.797666387997043,0.0,56.65425338177651
1329,0.49963660616699246,0.6938742324641539,0.8,31.952907875590256
2225,0.4600910605950725,0.7763308512746843,0.0,66.06575425888877
20823,0.5277909877525236,0.6390549301770662,0.0,9.587741283216998
4398,0.44316015801622016,0.8138240437627545,0.0,61.05715012509761
9813,0.615011564376321,0.48611420748847306,0.0,14.051131037647815
20937,0.5275987002487732,0.639419321658363,0.0,28.78665815376244
10092,0.5483003020838909,0.6009321456259229,0.0,2.302171175400399
302,0.4483720565512207,0.802131907854398,0.0,34.25103307736087
17453,0.4862296804114509,0.721074173279552,0.0,35.62106526028174
19394,0.4692614050750031,0.7565952989094331,0.0,53.75609541027881
10829,0.4623711692201293,0.7713873138703189,0.0,13.333429418631031
12222,0.5430265705941784,0.6105970272910917,0.2,7.8205267791168875
8795,0.46728434572980104,0.760817329238113,0.0,28.264364942111
7871,0.532102698977477,0.6309187650801856,0.0,15.14205036192445
16865,0.5379056279763469,0.6200721468903269,0.0,8.808125094942785
19518,0.49901447296449997,0.6951201797143508,0.8,21.494854844402965
11651,0.46129088179112737,0.7737264549455475,0.0,4.81489976749606
13361,0.5510243340065911,0.5959763074530496,0.0,7.158271522030817
19342,0.475219698897874,0.7439780578832239,0.0,25.418381394376333
3784,0.45933279517036624,0.7779802876948193,0.2,57.84672393541719
19050,0.521173131623766,0.651672986050717,0.0,31.45495270495755
19882,0.5290307450818462,0.6367087295653493,0.0,9.538534050827344
11755,0.5212965399273252,0.6514362246225365,0.0,8.902853378759161
8259,0.5074241672442867,0.6784080033802837,0.0,35.12457411622208
53,0.42694101429295583,0.8511094151248407,0.0,60.75218446724454
13714,0.525088243112029,0.6441889483965795,0.0,17.090332628944246
4631,0.4836709088395922,0.726350543943891,0.2,54.58524448570638
12640,0.4771532669618187,0.7399175253188437,0.2,9.675160837082212
7611,0.48110735063357457,0.7316648515874322,0.0,51.3592112428135
4672,0.4830315517066221,0.7276733030187608,0.0,70.29323996127093
503,0.464164040094952,0.7675172545471477,0.0,56.93826565475873
10908,0.5051533386727154,0.6828932548602866,0.0,5.37266240257247
7257,0.4862117892905525,0.7211109695731241,0.2,49.122078477091605
10782,0.42636815657309374,0.8524520886257986,0.0,67.94042886199881
17533,0.5083886056209798,0.6765091521505298,0.0,22.94719049255952
1502,0.4677174521608991,0.7598909000846034,0.0,49.37391007349561
8432,0.5070636729172534,0.6791186956684224,0.0,44.512833664083274
1904,0.4916631953219218,0.709961359263444,0.0,49.935131553805284
15255,0.531155131997725,0.6327011497530414,0.0,10.118473933901418
9714,0.47419418387434487,0.7461383705581773,0.0,41.82105794681945
18688,0.5247443726126206,0.6448440442786381,0.0,22.027872454162885
4848,0.4939505638120047,0.705319840056928,0.0,53.79826918599319
12094,0.5167854353811606,0.6601275092228694,0.0,8.902809826889104
7041,0.47628269452069183,0.74174370498531,0.0,58.67934212458461
12798,0.4892647737873451,0.7148514763558461,0.0,6.4694056564997595
3177,0.47501284418766465,0.7444134349179973,0.0,60.945124281905215
20940,0.5507284191806437,0.5965134784874889,0.0,21.687738839619243
11258,0.4567425088193774,0.7836354849107859,0.0,14.04274720205489
12895,0.5089562629757859,0.6753931934796009,0.0,12.29283198085434
16344,0.45456583191108385,0.7884125311647293,0.2,9.75069259572859
4145,0.49768524222288857,0.697787445510464,0.2,47.01865701046529
20453,0.5216341916421013,0.6507887190570132,0.0,21.030236562605076
18666,0.47530799531022005,0.7437922738957862,0.0,25.44513300901268
11939,0.4625922149761668,0.7709093581716993,0.8,5.065259858465933
15308,0.524197464857443,0.6458868243169579,0.2,4.707223398601563
16672,0.542227081484582,0.6120703957569679,0.0,6.196601022863852
19379,0.5440994838734836,0.6086231740783132,0.0,18.264781593392968
8570,0.4528357002727206,0.7922259118426562,0.0,45.14103209414232
5462,0.5138330966922487,0.6658567808646951,0.0,59.63413166861519
18175,0.4807204450839889,0.7324693730873871,0.8,27.113818928871556
19389,0.4734338879787686,0.7477430002252279,0.0,53.8374960162164
19064,0.4646685103686794,0.7664310085427868,0.0,21.997336539913846
1394,0.45196320065137113,0.7941545169523622,0.0,48.356071081974946
4699,0.531087933512559,0.6328276716150096,0.0,44.225160768634716
8750,0.4549547198440289,0.7875573818096246,0.0,15.296327720298322
14615,0.4648998565067392,0.7659332589396805,0.0,9.524380396313312
14858,0.5237617351576326,0.6467184019679081,0.0,17.488560141115954
2581,0.47453649407120535,0.745416753307524,0.0,48.489362077485836
14078,0.4718101314418529,0.7511786382207857,0.0,8.544281447664758
13736,0.5385144224363382,0.6189410001327572,0.0,11.392846144179693
4328,0.47338178737210074,0.7478530546066178,0.0,52.5490127360177
3275,0.5353624862967422,0.624811217035873,0.0,49.09453947182121
18310,0.46252337241624586,0.7710581883524599,0.0,24.292190518300025
14240,0.4553181465770779,0.7867588811275422,0.2,11.549620615052076
19823,0.4615509678947808,0.7731627914952433,0.0,16.998215232064492
3906,0.4386276847717834,0.8241043242156816,0.0,66.18587853857193
13202,0.4521064515353178,0.7938376146322831,0.8,5.241313009592783
20281,0.5081827095505226,0.6769142315978834,0.0,13.914649102241686
17375,0.5985891756976692,0.5131797664238763,0.2,8.120043298281898
17699,0.5104353256755596,0.6724913375997933,0.0,9.44177803357873
5750,0.5724222964706265,0.5578782794543049,0.0,19.534107614590603
16681,0.5018682904233038,0.689417563390046,0.0,5.833507157081235
14822,0.42338847383051925,0.859465143536855,0.8,11.01834328767945
12949,0.5119926256226686,0.6694450571270801,0.0,11.177055059406996
159,0.49205832021038515,0.7091580325018075,0.0,48.22629005252471
9014,0.46587801409918694,0.7638314514441865,0.0,60.529822553834556
10302,0.42022059644532295,0.8669754759578061,0.8,32.14138178049676
9641,0.45438599758786896,0.7888082272175344,0.0,46.79210379781898
17507,0.4643126481166615,0.7671971430680652,0.0,45.544656759325775
20502,0.5126870319763677,0.6680896941024471,0.0,9.914451162422713
1792,0.4911888254156897,0.7109266519688718,0.0,50.69262513559801
4196,0.45159939928522547,0.7949597768996639,0.0,61.80414397342484
3365,0.4920152738134232,0.7092455186354684,0.0,42.87743642221763
175,0.45291865336777926,0.7920427427638499,0.0,53.04310344974408
6481,0.4224456792036654,0.8616944103828836,0.0,69.38794371092303
16664,0.6021827227281387,0.5071943536015756,0.0,5.17490438739682
11644,0.5151126482733553,0.6633696677259366,0.0,10.420209596828396
14535,0.553381134343771,0.5917083026625708,0.0,6.977424478800514
19490,0.5172730998305332,0.6591843044256163,0.2,5.505177741041832
10048,0.5126512774977376,0.6681594359199802,0.0,16.179480524152112
6851,0.5218590635221481,0.6503577208068283,0.0,19.792335644031134
18970,0.581675634797306,0.5418423151429373,0.0,2.129982073133803
11070,0.38919219631682733,0.9436819794447163,0.8,6.7081638044652605
2181,0.46103213667476367,0.7742875276239284,0.0,26.770994812004332
8703,0.5505359522705875,0.596863016558465,0.0,15.716000854023118
8399,0.4718801804998472,0.7510301804963891,0.0,43.417052900926485
11416,0.5115345578932964,0.6703401340089288,0.0,13.100457387250888
518,0.45642524183979344,0.7843303561261149,0.0,58.1463266429542
4402,0.48123986243940475,0.7313894586629918,0.0,43.88702803831041
8189,0.4427766961541649,0.814689707910705,0.0,61.1831958209761
2754,0.45523141319745686,0.786949388890579,0.2,30.29755447426097
16514,0.5385002796972884,0.6189672629851074,0.0,5.94518027763123
8356,0.43793513477716817,0.8256844736887617,0.0,72.25977621091417
13236,0.5582437741920679,0.5829595406893638,0.0,4.798340087269141
68,0.5300566940001402,0.6347713083452465,0.0,12.908073974050097
278,0.4923432049059617,0.7085792347322775,0.0,37.44487052439209
3186,0.5159278421214265,0.6617883641291663,0.8,56.85092608814664
18791,0.44553647602772295,0.8084761588175406,0.0,16.391046165078333
3811,0.4856754968664107,0.7222145800148125,0.0,55.80913277265663
6093,0.4810255444424464,0.731834903337547,0.0,75.32044691147061
6561,0.47420173661270865,0.7461224431628759,0.0,62.151998946221326
12834,0.4886191428313632,0.7161719419833535,0.0,5.990778130772004
18793,0.4322511221796646,0.838748558286388,0.0,6.74227974505749
18575,0.46234746530471893,0.771438581173757,0.0,21.532778955591795
18462,0.5078657777464433,0.6775380833496859,0.2,6.007391994970989
3001,0.43430758493557226,0.8340022748561926,0.8,79.31361824770363
13504,0.5411220170473329,0.6141104857372277,0.0,8.659879328538025
4372,0.48690174724842034,0.7196929272839617,0.0,57.301947356223415
8958,0.5334651878386168,0.6283614627805751,0.0,16.50768393118028
13872,0.4860162756227443,0.7215131667066973,0.0,11.977117638411599
1536,0.5089010750343068,0.675501632922875,0.0,22.180094210165265
20426,0.5252322614189765,0.6439147115189239,0.0,12.75112123451557
2473,0.44446437941144806,0.8108853635464667,0.0,65.05732925285699
4578,0.501129951562866,0.6908898271745606,0.8,50.46950134799455
6267,0.44542850325236283,0.8087185314772964,0.0,56.04823807083533
11834,0.49495152933370035,0.7032954417459547,0.0,11.59136493383966
8673,0.45297942267323854,0.791908579093217,0.2,43.11941971491247
11391,0.29081048589235503,1.235083475195863,0.0,8.06052507945741
6216,0.5117652192516092,0.6698893152608528,0.0,14.831349031007292
1470,0.529673817335537,0.6354939008858355,0.0,19.764176920269573
20501,0.5107579421012078,0.671859495525308,0.0,9.970394695745622
9985,0.5351685665265044,0.6251735040930255,0.0,20.318138883023327
5605,0.4956148250388702,0.7019562163596322,0.0,25.516110071322913
13934,0.5715412651038918,0.559418593447723,0.0,9.340332980838472
6318,0.49640576696997835,0.7003616081325885,0.0,51.28415268106379
1199,0.4928275333899657,0.7075959969965306,0.0,28.66471534991758
3805,0.46737983174181275,0.7606130076975096,0.0,54.95429270765344
8167,0.467260355564101,0.7608686701010424,0.0,28.266272255247173
6364,0.4567569431891336,0.7836038825497211,0.2,56.316824039221544
4543,0.5015444186857336,0.6900631038458866,0.0,49.25670245720447
21142,0.4876066613507866,0.7182462199613926,0.0,9.121726856515092
5344,0.5164959860263133,0.6606877619409027,0.0,23.5535172009989
15407,0.6538055651151949,0.4249452727747584,0.0,12.36622613373175
11555,0.4110550431862646,0.8890281484256505,0.0,6.7526128706626265
7944,0.484146449008127,0.7253678374384779,0.0,23.28430785848101
9682,0.4944927951624023,0.7042226979700987,0.0,23.274559630632485
10606,0.4888519189450477,0.7156956596110411,0.0,6.900379699409689
18867,0.43917360368936464,0.8228604914823717,0.0,4.726922028971729
14389,0.5129472379823268,0.6675822890377698,0.0,4.093981767402562
14685,0.5309579669023549,0.6330724192493673,0.0,7.416443789977976
13767,0.48670474706808414,0.7200976086088599,0.0,11.765675332499766
14963,0.44151620333890873,0.817540558957195,0.0,15.220560826211724
20507,0.49055442564900725,0.7122190466032057,0.0,7.821945563851456
14083,0.5333149987866638,0.6286430372882916,0.0,24.41020849042199
449,0.4463179001398868,0.8067238002868004,0.0,41.354679427683514
531,0.45523141319745686,0.786949388890579,0.0,30.29755447426097
16444,0.40186126475518164,0.9116483624774561,0.0,2.1646179305302913
4280,0.45383886208374863,0.7900130732740622,0.0,40.120810792016115
19859,0.4866524256013623,0.7202051158389731,0.0,5.012987538460574
3212,0.47481742059691556,0.74482492653024,0.0,56.63388121938931
4895,0.45225719588198543,0.7935042435409213,0.0,57.21959148605239
17116,0.4848205440876989,0.7239764687063666,0.0,7.530441056973702
15446,0.5577949747581503,0.5837638128681427,0.0,11.97582797300274
16832,0.4243950788761722,0.8570904677945225,0.0,5.291119317078495
2416,0.5097702571768573,0.6737951308824257,0.0,50.47062345624427
6061,0.4231478035451598,0.8600337436034458,0.0,84.69612595714351
20280,0.4968008450956341,0.6995660472861464,0.0,10.955554451796006
4099,0.4208736989512586,0.8654224928005775,0.0,41.501337226887614
6586,0.45378717696971066,0.7901269640437624,0.0,63.01657384716175
2586,0.45977942100350916,0.7770084240628549,0.0,42.356669345484846
12606,0.4745040900494361,0.7454850412655397,0.0,5.874794748253496
10088,0.4848205440876989,0.7239764687063666,0.2,7.530441056973702
10625,0.49413136521506235,0.7049538756570861,0.8,4.328064082948346
16757,0.5184211252705927,0.6569673838665887,0.0,6.017821135972685
1456,0.45019535275061057,0.7980736731958125,0.0,54.57227862556431
17595,0.532102698977477,0.6309187650801856,0.0,15.14205036192445
20154,0.5223868716497372,0.6493468321746416,0.0,13.399272030547426
7832,0.5002879009390198,0.6925715443921994,0.0,46.90094583166399
12117,0.5545617011678746,0.5895772048602885,0.0,9.600675156714708
4527,0.4547463057066361,0.7880155854065988,0.0,16.07158123113338
19572,0.5024096912677526,0.6883393740704217,0.0,4.520324445014018
6749,0.5226010940283027,0.6489368324644011,0.0,18.841880831583985
17521,0.49696110593371406,0.699243513626444,0.0,6.877409746319236
11784,0.602025438511711,0.5074555779021319,0.2,9.012411421662904
13951,0.5396332490359113,0.6168655386152061,0.0,10.493498891429407
14007,0.4701208354081095,0.7547655207087045,0.2,5.736746039017117
6665,0.4749944142007712,0.744452234593964,0.0,43.92640489737762
7821,0.4870685645593308,0.7193503761599299,0.0,45.340653331247125
11076,0.4474387020984447,0.804215729200607,0.2,25.570240881740055
8606,0.48453363488903944,0.7245684282052991,0.0,20.219082486590526
9261,0.4792354702332563,0.7355632152347928,0.0,57.56701388755219
11975,0.6147524342391103,0.48653563817165724,0.2,5.984388326311558
6645,0.4965264840033161,0.7001184555231044,0.0,47.57655092702774
7084,0.46576902651155283,0.7640654189949445,0.8,43.9108405623365
17463,0.48344878467731967,0.7268098959096658,0.8,36.12971926025516
3987,0.42015847063541567,0.8671233278319282,0.2,73.6361114117371
13674,0.5814856319220377,0.5421690159752203,0.0,8.892709688089724
17261,0.3786170121596087,0.9712301068276102,0.0,7.741674444238065
11633,0.5182480411846069,0.6573013073461226,0.0,15.108070950535506
18729,0.6093842774309434,0.49530621284385606,0.0,1.947197336376121
16239,0.4617674881617834,0.7726937869615393,0.0,9.606130020202977
19699,0.5274465110771986,0.6397078195748435,0.0,22.398409877340118
6219,0.5071393774388112,0.6789694069797879,0.0,19.053918281589272
9852,0.39552437096822707,0.9275428730199899,0.0,20.30159445631027
17693,0.518974185512421,0.6559011359503377,0.0,10.100877868944842
11081,0.5039531690335485,0.6852719338121968,0.0,6.647679237146972
19647,0.4880173593702737,0.7174043012816065,0.0,26.13898520750988
2782,0.5127236889384443,0.6680181969718932,0.0,50.13142436857788
13217,0.5542669932247054,0.5901087711005907,0.0,5.535810547149485
8018,0.45093289373354073,0.7964367449328341,0.0,64.96932503736389
5350,0.4736422778827567,0.747302930218479,0.0,27.66889070626574
2898,0.4371037508170825,0.827584696007882,0.0,43.13785227941085
1870,0.4371037508170825,0.827584696007882,0.0,43.13785227941085
4133,0.4513046294144516,0.7956127142482119,0.0,61.85490658439954
4853,0.504042029718949,0.6850956220882111,0.2,50.77243697110651
9259,0.4807840654989325,0.732337037951491,0.0,57.31452519776329
444,0.5289134741303825,0.636930425472968,0.8,18.382767338725053
10801,0.5661978596058879,0.5688116865907344,0.2,5.4762345451999614
7007,0.5251673978901297,0.6440382140893111,0.0,15.54708209502624
9624,0.49986701912948545,0.6934131776750705,0.0,8.164940067930404
1169,0.5293748087780771,0.6360585747979338,0.0,13.389032514222329
2395,0.46095899645147254,0.7744461847320431,0.0,63.52588453627878
19765,0.4630334145301755,0.7699560578883939,0.0,9.987099809521313
14781,0.48036043793909483,0.7332185445007229,0.8,27.092424380199677
15140,0.5420202866437972,0.6124518490108489,0.0,8.246664240383817
11852,0.45782815712631936,0.7812613680550893,0.0,6.588767787726315
822,0.4873760941338616,0.7187191867291146,0.2,60.841912065844966
13636,0.5312008558812803,0.6326150695989212,0.0,8.037374410989594
11376,0.34566539946091707,1.062284025403571,0.0,7.222522301390844
1026,0.4928939985380275,0.7074611411655284,0.0,47.187655956740684
1661,0.48229522320381246,0.7291988561573516,0.0,39.95644720626622
9450,0.5397812007060405,0.6165914054106874,0.0,52.54838768468993
14847,0.5859710616157597,0.5344848735327602,0.0,13.869882111367977
15827,0.53837081882852,0.6192077019189209,0.0,8.370758931008185
19953,0.483456296005692,0.7267943590622078,0.0,10.446578625715627
11074,0.47205302333649174,0.7506639621286618,0.2,11.234811685212803
510,0.45673800749566823,0.7836453402358395,0.0,57.989755177452125
18562,0.4940494512902727,0.7051196629778053,0.0,18.29080376176428
14900,0.5113365824509075,0.6707272315367647,0.2,11.279283655027449
5659,0.5046043160170125,0.6839806894684923,0.0,44.3014269607965
6868,0.5073852572897791,0.678484687639586,0.0,18.5463783154568
13524,0.5402183665099294,0.6157818387385594,0.0,16.042656800050363
19593,0.49740953354972167,0.6983415810298831,0.0,23.826016084917953
3819,0.46785722708189437,0.7595920999457446,0.0,59.069679188662604
1948,0.4213948870752634,0.8641849108720268,0.0,61.746015837730894
2146,0.4632716734732618,0.7694416292159698,0.0,76.07084796391908
4103,0.4414100172049665,0.8177810912507966,0.0,68.70996454165511
11733,0.5402049651157532,0.6158066464112273,0.0,7.010343048325572
5856,0.5115336392700489,0.6703419298290901,0.0,46.95745423024898
15669,0.3811971673235211,0.9644385381753421,0.0,7.127200898289407
2807,0.4955855576015996,0.7020152708914741,0.8,51.32784503156371
12323,0.5175237032488184,0.6586999515121965,0.0,7.748616706234602
12448,0.3989539712983422,0.9189092289012988,0.0,9.617304063293563
11113,0.4474387020984447,0.804215729200607,0.2,25.570240881740055
110,0.45729511848524396,0.7824263230192219,0.0,66.34662062427294
20664,0.584039474374457,0.5377867053312742,0.8,17.779228191042836
2310,0.5045270068255531,0.6841339087569254,0.0,15.511367038023105
7465,0.40264340660284426,0.9097039558831134,0.0,61.17532149278313
2759,0.4755705075215447,0.7432401271867962,0.0,37.73058460299994
3935,0.4531227983486497,0.791592112201775,0.0,43.08635890871736
283,0.4275033829115318,0.8497930773932825,0.0,64.58427388188947
10299,0.4097993375485251,0.8920876597024971,0.0,35.51445675666304
16388,0.5478895990550814,0.6016814739085499,0.0,9.71204179570371
5042,0.4947304417654672,0.7037422268311985,0.2,49.98680951275969
21090,0.45524592805991826,0.7869175048187742,0.0,5.703184383530532
19732,0.5085273698630958,0.6762362402358336,0.0,10.507020518173352
4664,0.5256949761228097,0.6430341277502213,0.0,52.423357019538734
11908,0.5637374495659635,0.5731666508237678,0.0,12.26118097146424
13572,0.5100439621610358,0.6732583566630429,0.2,10.484315913231844
12838,0.3996601840382457,0.9171406328420717,0.0,6.084310797338066
1308,0.4547463057066361,0.7880155854065988,0.0,16.07158123113338
15744,0.5310188420156006,0.6329577743478946,0.0,1.502641802178205
4465,0.46356293528996256,0.7688131204755003,0.0,39.363230888508824
14602,0.4940934401889336,0.7050306295008268,0.0,4.093407662755182
1094,0.47926958249528806,0.7354920371811163,0.0,39.499601203538
9592,0.49278282776321725,0.7076867136296773,0.2,36.406942766709896
2891,0.42773846779873836,0.8492433267164837,0.0,64.9883501124276
17841,0.5934008751777654,0.5218850962735113,0.0,14.33015573855455
16536,0.5147762302405935,0.6640229771299822,0.8,5.209592103691768
16017,0.5170508323970968,0.6596140874557332,0.0,3.0427995728120267
10981,0.5650959893036408,0.5707596696929893,0.0,3.790985771279299
20659,0.5030635555813214,0.6870387638198948,0.0,22.13295257086926
21223,0.45960319101297925,0.777391790009491,0.0,3.8425700194032926
14243,0.4553181465770779,0.7867588811275422,0.0,11.549620615052076
18547,0.48431013817811974,0.7250297961184696,0.0,7.840617512143272
14915,0.5497187475288332,0.5983484996782874,0.0,3.9742308535541406
16035,0.5395647480813495,0.6169924865058375,0.0,4.892750606282455
13337,0.5580711550722804,0.5832688066798798,0.0,8.249753754705894
7965,0.42636815657309374,0.8524520886257986,0.0,67.94042886199881
5567,0.4760101323773038,0.7423161384703308,0.0,42.05220471360609
8353,0.4407045291708923,0.8193806299669191,0.0,62.3138962838464
13652,0.5551252145885921,0.5885615788108964,0.0,2.0373059336800172
11781,0.5539635461931183,0.5906563954952947,0.0,7.273933685145642
16498,0.5423982612652147,0.6117547479930681,0.0,5.287090654564302
17279,0.46002227946796087,0.7764803570458647,0.0,3.2615593742577387
5573,0.46984053693425465,0.7553619249661792,0.0,45.26128804234154
402,0.5215437930944505,0.6509620328140129,0.8,19.92920310641339
20071,0.5015718597593782,0.6900083921953211,0.0,4.134909883565783
4863,0.5011713195832698,0.6908072810946181,0.0,59.32894521798988
24,0.5163566134391282,0.6609576408918841,0.0,21.61992319811041
17119,0.4699433045697828,0.7551432201291747,0.0,7.00470852720208
8218,0.5341983995610666,0.6269879742653384,0.0,17.630901166645906
3248,0.5286928623826996,0.6373476161482998,0.0,15.752046430356756
21144,0.5009386371540149,0.6912716661291587,0.0,15.930010482340693
20601,0.5235803386817985,0.6470647959153657,0.0,8.351342008165378
6855,0.49543332858611516,0.702322488077349,0.0,46.05479501235402
3831,0.5606150773576338,0.5787207455763075,0.0,46.60148892058994
16279,0.5340708381839532,0.6272267930447483,0.0,9.804181430231862
13763,0.4544765990942679,0.7886088538314366,0.0,14.02304306600978
16485,0.5573310915226293,0.5845957964013165,0.0,5.641349212267107
6466,0.5041086378776535,0.6849634827940712,0.0,45.18584115549666
1310,0.49188461110894016,0.7095111202627344,0.0,49.73672844778964
15638,0.5698253895405454,0.5624252992228221,0.0,9.308138273041257
18305,0.4861433645843985,0.7212517097255144,0.0,56.625473271310014
14825,0.3934686676368253,0.93275383910602,0.0,14.166199820966062
12365,0.553382172563591,0.5917064265255259,0.2,9.642744183908611
12179,0.5256184560668212,0.6431796981458439,0.2,5.280505653004715
1588,0.44651953187865906,0.8062721352132513,0.0,42.77273923361027
9575,0.47164366002614533,0.7515315360922886,0.0,38.053800935477604
4258,0.469731650047519,0.7555937046819515,0.0,53.44503321524398
792,0.47795932343787295,0.7382296475219787,0.0,51.46567717351704
14127,0.5283090599489275,0.6380738257086249,0.0,19.264725802583385
19748,0.5259789346082002,0.6424941153197643,0.0,10.411617396103438
4648,0.49208638967815665,0.7091009891269927,0.0,49.30379090839801
21053,0.43175389880352927,0.839899531762122,0.2,39.30729744567482
17277,0.4809897823470932,0.7319092516236372,0.0,23.000249418877992
14546,0.5480144697748021,0.6014535876841756,0.8,5.7694430924596
9439,0.4623015948801527,0.7715377981125482,0.8,38.59617952785347
16652,0.5443534260162426,0.6081565629000819,0.2,10.505904682097245
17802,0.5113554473087079,0.6706903389879748,0.0,16.17906378424933
18651,0.48902443596337497,0.7153428194605432,0.0,23.81984155305981
19683,0.4143433112567056,0.8810603945549081,0.0,35.85915873058049
11976,0.5252900362924943,0.6438047188539383,0.0,7.7964752312783965
8624,0.5211456046701646,0.6517258047378408,0.8,19.09686956026185
15511,0.5024025316897438,0.6883536246494758,0.0,11.787711834371915
16483,0.571778679298961,0.5590032867793774,0.2,6.449220753244268
7430,0.506368196924946,0.6804912124052289,0.0,55.136801523480855
15892,0.5596073433029767,0.5805199138627263,0.0,4.924550314143104
13355,0.5040998969767668,0.6849808222642,0.0,8.593084467564276
2634,0.441444974278062,0.8177019002773048,0.0,25.395772775177335
16680,0.5231954145820792,0.647800243055537,0.0,14.083501166850768
5895,0.4655657223354314,0.7645020056886169,0.0,69.86401159031931
12840,0.40727476684342667,0.898267218509531,0.0,5.607882272567942
17118,0.47820603187821104,0.7377136103230963,0.0,9.900374905456987
16469,0.4460592958603769,0.8073033854395993,0.2,8.282529489427148
5064,0.45240236701720005,0.793183302620349,0.0,59.260708707324504
4811,0.44933224294017376,0.7999927028719468,0.0,60.79944541826796
14994,0.5418712683246112,0.6127268180692236,0.0,11.659884404781197
19421,0.5319261148218033,0.6312506811993823,0.0,25.12882747357349
19269,0.466642506841392,0.762191824441224,0.8,24.161481416293014
5690,0.5111541317355558,0.671084106596375,0.0,49.05624716820192
13656,0.5338910249165115,0.6275635340377623,0.0,2.5811686880186855
6887,0.4559795990653864,0.7853072093602615,0.0,56.919069170655916
10560,0.40932908557061853,0.8932358362674792,0.0,5.870792738313465
12026,0.5283728521633722,0.6379530850887829,0.0,17.35902135832605
10759,0.5150378701018613,0.6635148468435346,0.8,4.25080809157174
7019,0.44158917498062333,0.8173752974976406,0.0,50.914304911418164
14869,0.49929309860691745,0.6945619837082572,0.8,20.003384600889067
2300,0.4269060099745153,0.8511914071385511,0.0,66.47805084574337
1358,0.44046687262546036,0.8199200404623345,0.0,43.47011224653025
17479,0.5151609221722525,0.6632759568896748,0.0,29.16424336900354
17004,0.443161290700612,0.8138214878404231,0.8,68.48307944356465
5830,0.4521460353511526,0.7937500642712187,0.0,48.736255157419315
18517,0.5396850032438946,0.6167696369515149,0.8,6.464300477128096
14307,0.5777925962933484,0.548540304646932,0.0,17.009411044792188
343,0.4482607110895374,0.8023802714348383,0.0,64.72400532989231
345,0.4480899650182415,0.8027612519548789,0.0,58.28046566700775
10288,0.5728551294315625,0.5571224224510077,0.0,8.984435349228137
13635,0.5281211468410051,0.6384295768196714,0.0,23.325981610005538
1589,0.4682959493279554,0.7586548125674933,0.8,38.63828983558551
404,0.4481500311238443,0.8026272117291553,0.0,64.62393361742572
7447,0.47639189953787575,0.7415144451344787,0.0,64.05572409833457
191,0.42871095765022427,0.846972345522393,0.0,58.86458447569248
21042,0.5274834918893441,0.6396377091181182,0.0,30.907295129397646
15513,0.48616221953108946,0.7212129257320841,0.0,12.66954637135435
11431,0.5046614478284303,0.6838674748653117,0.0,4.60851448958651
20934,0.5368899337717532,0.6219621705247677,0.0,21.5261099151791
21127,0.5284703245008657,0.637768625672434,0.0,9.767425322219623
13776,0.496343223062816,0.700487609584865,0.0,12.608776304490526
2156,0.46491127000584836,0.7659087087944213,0.0,52.430282062942844
2376,0.4801063766237054,0.7337475816677813,0.0,21.07323074143042
17641,0.4693422238282399,0.7564230882958198,0.0,55.21888544559485
1192,0.4562263694354662,0.7847661684448968,0.0,23.558680735953242
1520,0.4602439912587825,0.7759985143397614,0.0,23.295475755703567
14126,0.5261581936668446,0.6421533630441123,0.0,19.204881588811574
3931,0.4977227192282641,0.6977121457201376,0.0,38.94629442273386
14086,0.4701208354081095,0.7547655207087045,0.2,5.736746039017117
15362,0.4477057349720683,0.8036191039622967,0.0,3.5178426975281236
5501,0.48622519128799313,0.7210834058384881,0.0,56.612259732780046
5901,0.4636759388205971,0.7685693784703942,0.0,73.55208717412911
13205,0.5051823308305871,0.6828358637203819,0.8,5.93794008743453
13015,0.5697227160739708,0.5626054995431886,0.0,8.746265634586997
8379,0.4069126562508779,0.8991567203764307,0.0,94.88351428972712
16908,0.47822289443940363,0.7376783488191198,0.0,4.980435643605176
13056,0.3868862500843509,0.9496245565881066,0.0,68.5111368099436
10866,0.5851070579766993,0.5359604434052943,0.0,8.790876068286718
8367,0.4767978557362741,0.7406626604385212,0.0,52.45002528180851
13108,0.5379057100680984,0.6200719942766694,0.0,15.316708624452325
4549,0.48562672940516716,0.7223149966718848,0.0,54.26319358446467
12589,0.4556711356308742,0.7859839234450399,0.2,6.6785055684150745
17664,0.5346669878656432,0.626111178477752,0.0,12.220751242522518
15722,0.48353056579534753,0.7266407483096,0.2,1.7250452757756927
7961,0.5543986771354353,0.589871217228635,0.0,15.704140939239764
14257,0.46753925782440153,0.7602719598230715,0.2,14.356975737152306
9656,0.46224518829377415,0.7716598180848743,0.0,39.698039105884476
12893,0.5095624296255552,0.6742029026665991,0.0,11.820124368817787
10549,0.49479499164946505,0.703611760484585,0.0,4.682536497525593
16971,0.4647223051118857,0.7663152450935029,0.0,23.797918708609252
19415,0.4838932096214562,0.7258910378883562,0.0,16.361583274049366
1181,0.45523141319745686,0.786949388890579,0.0,30.29755447426097
14164,0.5740166699616842,0.5550968413391795,0.0,21.549137136725207
12167,0.5555198789969281,0.5878508847696999,0.0,8.3948048021408
20194,0.5421598340565545,0.6121944242326897,0.0,6.701998891324604
19027,0.45479948711668683,0.7878986448181623,0.0,66.21500283186111
3095,0.5551404909232933,0.5885340604706895,0.2,17.479461483725515
9369,0.45493391273513384,0.7876031173164849,0.0,13.345934582570436
17548,0.46777782996847644,0.7597618180703707,0.0,10.72061866436363
13599,0.5492261185127257,0.5992450488398116,0.0,8.398419279482114
9313,0.4954689917709953,0.7022505068453692,0.0,14.334336801916436
12998,0.4762554984873894,0.7418008072275285,0.0,12.668104247541592
1511,0.4513578564467545,0.7954947808385525,0.0,44.573562278399166
11318,0.4754723787185573,0.7434464876038823,0.0,5.111499652031112
14468,0.4789630321811209,0.7361318616244297,0.0,3.410867317109189
20730,0.5009994044408353,0.6911503666388265,0.0,21.335466353691487
5683,0.442951385399726,0.8142952544628258,0.8,61.84979754374307
19863,0.4882050457812535,0.717019785596857,0.0,22.979050329506855
17049,0.4641951804394545,0.767450167704414,0.0,23.833163728472755
13447,0.5472850210523948,0.6027855500129459,0.0,16.284553067764737
13924,0.5401172430923421,0.615969046152596,0.0,7.391320738489027
1355,0.46463092003232725,0.7665119089181511,0.0,56.338625305484115
17148,0.4994961177319003,0.6941554532322414,0.0,6.683328221785311
14358,0.4830885146064016,0.7275553820649752,0.0,7.64660688510166
4561,0.4506506039062651,0.7970629539023623,0.0,41.29582969572691
7919,0.5122478955214573,0.668946600175213,0.0,47.77215093298615
6282,0.5143603227211742,0.6648312421573292,0.2,19.027469440426383
4861,0.49257255519910753,0.7081135090193151,0.0,26.203735755129244
20626,0.5256759661198321,0.6430702900640457,0.2,25.851426151198332
17689,0.5039918888865274,0.6851951045193823,0.0,10.699663809599244
814,0.48229522320381246,0.7291988561573516,0.0,39.95644720626622
18201,0.48165006772282415,0.7305374291726301,0.0,25.727335952051288
18624,0.5256793423722069,0.6430638673973268,0.0,9.73148513245346
11918,0.46946267058062485,0.7561664923752763,0.0,13.698333711864214
9089,0.5580937436338751,0.5832283313672734,0.0,16.353722945499833
18887,0.5297928069558485,0.6352692791411129,0.0,19.511025559283077
5687,0.49989850064097163,0.6933501998850307,0.0,57.56540140342311
361,0.45481585639006294,0.7878626531795104,0.0,17.490554507134135
1190,0.47263627770904915,0.7494291552010899,0.8,72.44356997363624
1347,0.5009003188280897,0.6913481621083079,0.0,46.417112544702405
19975,0.5972969837347883,0.5153408290895615,0.0,1.9620571853803757
8440,0.5334007659691293,0.6284822312226384,0.8,43.39669758642929
19798,0.5349333489480431,0.6256131212525653,0.8,20.979935925743796
19535,0.5262363981190208,0.6420047411242914,0.0,30.511917953630828
445,0.45523141319745686,0.786949388890579,0.0,30.29755447426097
9215,0.46143780249981003,0.7734080066033089,0.0,24.92307404540272
723,0.4536927114976046,0.7903351570266544,0.0,34.77474690917279
17619,0.5353292472834349,0.6248733058935255,0.0,14.434572412659442
20317,0.5228021652152516,0.6485521556659495,0.2,9.624514089043895
6991,0.4726019729873515,0.7495017394869826,0.0,30.763297524864527
11640,0.4816779129443174,0.730479618702967,0.8,3.089775453243164
1159,0.49388895469964134,0.705444575120243,0.2,62.748587747036765
3309,0.4906165920510378,0.7120923278131227,0.0,50.07433227450546
8882,0.4486148115745932,0.8015906401102973,0.0,42.25585071572735
7657,0.4916424171399855,0.7100036211638665,0.0,40.28560123965755
18038,0.45813098530062935,0.7806001416502931,0.0,25.561922550462338
12412,0.4034186807050902,0.9077803463907089,0.0,6.75706261358782
5433,0.39237331598930514,0.9355415556691653,0.0,43.965770840598424
3640,0.4373488678315418,0.8270240778207972,0.0,65.35557901172712
3621,0.4680088930956459,0.7592679809039088,0.8,44.84616224939347
16116,0.6257668928634122,0.46877735284860755,0.2,4.583236379084129
3340,0.48524361902884505,0.7231042068827542,0.0,41.77734665602058
10619,0.4966208487232741,0.6999284238588539,0.8,4.4168984202218695
13587,0.15029899504783406,1.895128668554051,0.0,18.491717856902664
18267,0.4919741990468751,0.7093290048265402,0.0,19.795244245459713
10508,0.4680178363114503,0.7592488720141225,0.8,49.52580357392465
18786,0.4993013544529303,0.6945454487756072,0.0,33.484729613520244
13466,0.4811621997575829,0.731550852086886,0.0,12.070406272183819
9767,0.5013847809538157,0.6903814468222872,0.0,20.64240631342488
5218,0.4511505484043851,0.7959541849724113,0.0,64.96976034837307
20465,0.48645389321648025,0.7206131542697126,0.2,23.40695672988954
355,0.4720358402161182,0.7507003636180528,0.0,48.79552363517343
928,0.49252133591749647,0.7082174976484582,0.0,47.13541307048861
9062,0.45617297934194784,0.7848832007370632,0.0,55.09487304211901
7208,0.5859820491654841,0.5344661226977249,0.0,44.857741841126156
4530,0.4531227983486497,0.791592112201775,0.0,43.08635890871736
19759,0.4869636536523486,0.719565791842135,0.0,11.251849146518854
12648,0.4964170942623408,0.7003387897773606,0.0,8.158946633748204
13076,0.391973515810625,0.9365610031816588,0.0,2.223414729827238
20715,0.4703297186591234,0.7543213011725568,0.2,21.55473175650729
14079,0.4714590652576454,0.7519229987949367,0.0,8.552748177042414
14618,0.525704431124573,0.6430161421936414,0.0,6.461347590772402
15949,0.4363751175693594,0.8292530441342074,0.0,10.499006529306293
1938,0.4737324699907923,0.7471125259280743,0.0,41.363886252011405
6013,0.45071060752675635,0.7969298138918565,0.2,64.22058832286422
16189,0.47691802401512473,0.7404106602736128,0.2,8.318143512003939
11901,0.5391724116023842,0.6177198861188802,0.0,3.8765939656788992
1486,0.4429463341354578,0.8143066581816906,0.0,16.1639859223732
7797,0.4571973888577553,0.7826400582375556,0.0,56.47139244675966
7873,0.5300348500105282,0.6348125198608718,0.2,15.68939152522615
2318,0.43165748029589246,0.8401228749108726,0.0,66.20168510682831
12739,0.5471886428549257,0.6029616679057678,0.2,9.8343044815268
4528,0.45460694744002733,0.788322085146315,0.0,14.905200787211186
13292,0.5114544026970399,0.670496841851356,0.0,5.7565507968525935
9420,0.5149395115409966,0.6637058385350353,0.8,18.872475797245784
9128,0.4740932329601122,0.7463512826201154,0.0,25.94391669600108
18809,0.5101432109969612,0.6730637868059619,0.0,21.968801590541062
453,0.4436135470620781,0.8128014850586166,0.0,60.21233550142629
10566,0.47188203812396806,0.7510262438604777,0.0,9.337885020774518
3009,0.493007355258967,0.7072311856613546,0.0,22.422766036372224
18548,0.4540938352649665,0.7894514166916631,0.0,30.646504507928448
3524,0.45449521330957005,0.7885678971921861,0.0,14.785648072353496
1689,0.46297703159108533,0.7700778339210425,0.0,37.167803246567104
8756,0.5041775889049984,0.6848267140361115,0.0,45.36154856134277
15974,0.6135279687428331,0.4885294270474359,0.0,6.057765174926985
12144,0.505232857103593,0.6827358528067468,0.0,9.732740840300494
7867,0.4959695933377477,0.7012406578909024,0.2,48.47676742900391
603,0.4670671304624152,0.7612822833305156,0.2,28.319698616646036
4988,0.4651146676902412,0.7654713066115542,0.0,54.386735750742666
12759,0.4478367289703387,0.8033265572557385,0.0,5.1562722232327705
16408,0.5864981810731271,0.5335857122180074,0.2,9.006926628870511
19871,0.5322085316642473,0.6307198896308392,0.0,3.3155366968097266
18337,0.5034397918388188,0.6862911532411806,0.0,9.568614155355828
1080,0.49072040059930044,0.7118807622664709,0.8,31.789034570014195
13064,0.5028566970610947,0.6874500459719327,0.2,5.821808567395699
1845,0.45276369895657637,0.7923849254558658,0.0,53.92179357272994
12993,0.474018251885132,0.7465094519416244,0.0,12.694393315698552
9885,0.4550511884348699,0.787345364304409,0.8,72.43577351600563
11638,0.4816779129443174,0.730479618702967,0.8,3.089775453243164
19578,0.520268809855839,0.6534096589447064,0.0,31.060154563599365
2420,0.49528171104330204,0.7026285650781655,0.2,55.542787533365924
16584,0.5395586668103218,0.6170037572667972,0.2,12.293800863856017
5926,0.48201653833481073,0.7297768536222289,0.0,43.71363464552262
9350,0.44169496684522813,0.8171357554067072,0.0,52.460119237661246
5752,0.5699053621027708,0.5622849633369275,0.0,19.68840872052447
4466,0.4641319326695521,0.7675864295222735,0.0,42.10978906397965
18600,0.44726529896502976,0.804603350437083,0.0,40.79741128786682
15502,0.47840814273802895,0.7372910557170949,0.0,11.93416207837083
3030,0.4483438135575968,0.8021948999226209,0.0,57.9325137961161
20195,0.5573310915226293,0.5845957964013165,0.0,5.641349212267107
11608,0.49852354579759894,0.6961044574006179,0.0,10.723489644233517
2364,0.4578813499529874,0.78114518966813,0.2,62.67127522966176
20084,0.5869241507722832,0.5328596825417228,0.0,14.78765504099377
12653,0.5496142637345184,0.5985385854731448,0.0,6.409450673146765
14323,0.5322434051159655,0.6306543658612341,0.0,15.217688717526503
2161,0.4920172889311898,0.7092414230031836,0.0,49.51214200830581
12066,0.5016720301730504,0.6898086991495717,0.0,5.653844195164144
2144,0.4624484199667883,0.7712202526450984,0.0,74.55501954794005
19153,0.6128376994995208,0.48965514237701785,0.0,8.172344587776488
15233,0.46748028984962575,0.7603980918916484,0.2,10.956956216641707
18971,0.582314991927057,0.5407437544168081,0.0,2.1256636955183126
9220,0.4670671304624152,0.7612822833305156,0.0,28.319698616646036
739,0.4521116523462903,0.7938261111886996,0.0,57.242801362330134
17400,0.5789747974669808,0.5464963300473787,0.0,2.1351611317878763
10511,0.4854593027402981,0.7226598202219839,0.0,51.21490068724804
15453,0.4671750981576187,0.7610511490649544,0.0,12.65818373036341
7619,0.4416404014762353,0.8172592993539306,0.0,28.297603240129845
253,0.4573175936891999,0.7823771760881519,0.0,46.2032813881163
7468,0.4260930883150347,0.8530974394127233,0.0,35.9239271857422
10842,0.4974999605314623,0.6981598017172369,0.0,5.957397416272378
8718,0.5067866522461866,0.6796651682020602,0.0,51.246925838834755
19796,0.5349571688576782,0.6255685935009073,0.8,20.978442687598736
702,0.45523141319745686,0.786949388890579,0.0,30.29755447426097
18981,0.3734570723769011,0.9849522144097915,0.0,7.585116743916483
17626,0.48175149409257023,0.7303268703067514,0.8,36.80847398486268
9582,0.47589442033074925,0.7425592553811499,0.0,31.98388228104352
13010,0.6216995634446268,0.4752983199032847,0.0,6.482593302871193
701,0.49169998434004725,0.7098865364128361,0.0,48.272284476072855
11045,0.4207025038432502,0.8658293367911782,0.2,3.256816947950836
959,0.5266460989993493,0.6412264949246853,0.0,19.24000105359773
17573,0.5178153665449085,0.6581365355022828,0.0,10.296545300820368
12212,0.5166984884153948,0.660295769152161,0.0,17.57608371453245
20830,0.5279288303690577,0.6387937953286882,0.2,13.197480018619117
16592,0.5332098953603491,0.6288401324095245,0.0,14.42669283903672
17882,0.4689916424696429,0.7571703305887855,0.8,37.40421548643624
16053,0.5566068106348301,0.5858961938264543,0.0,4.1698232718083235
20749,0.5228021652152516,0.6485521556659495,0.2,9.624514089043895
4760,0.4543272100040124,0.7889376136585973,0.0,15.407950631693794
6461,0.5041086378776535,0.6849634827940712,0.0,45.18584115549666
21050,0.46353495622364815,0.76887347886177,0.0,4.7966174721164805
4329,0.49134040464118006,0.7106181029261444,0.0,44.804473558127754
18807,0.5083886056209798,0.6765091521505298,0.0,22.94719049255952
12215,0.5594619090370789,0.5807798339104131,0.2,9.863093573693575
5938,0.4620473478660543,0.7720879085930228,0.0,57.50896834279636
12295,0.482692450244761,0.728375577115941,0.8,12.09831808582787
4454,0.46378488945010143,0.7683344345747936,0.0,37.679121374979054
7889,0.5242844866173966,0.6457208285932718,0.2,44.21251084847371
10460,0.4582429854558313,0.7803556996226192,0.0,23.88005422458778
2950,0.4860321898759652,0.7214804229623529,0.2,16.666198045653292
5835,0.4522044561888809,0.7936208647222474,0.0,57.799406003461144
15690,0.5520495776611924,0.5941174221345222,0.0,1.4104466751344762
11664,0.5156520482496627,0.662323066057556,0.2,11.403878824247695
7647,0.45523141319745686,0.786949388890579,0.0,30.29755447426097
5418,0.47192413446538,0.7509370383802372,0.0,52.42667116785864
11327,0.5604058160836257,0.5790940861227024,0.2,7.111274808751615
21224,0.45302346080011785,0.7918113649944161,0.0,3.9093312206151776
15418,0.529070807448522,0.6366330045716584,0.8,5.553095034991074
13339,0.5471898939186388,0.6029593815602831,0.2,11.878299126705322
11181,0.5297091861597332,0.6354271283888393,0.0,7.610511169994046
1240,0.4923553007383097,0.7085546671468098,0.0,30.43596161885047
12122,0.542202953400466,0.6121148948640449,0.8,6.665625088078676
414,0.5334063743044918,0.6284717169784966,0.0,18.88557461571795
6860,0.49653330719643346,0.7001047137662073,0.0,46.25592089556586
4964,0.4857265293959084,0.7221095101710919,0.0,65.8636077615943
8373,0.46028847720535965,0.7759018616998258,0.0,69.20657223719093
5041,0.4966678891774128,0.6998337072827387,0.2,49.70918737400374
10972,0.4866619698688728,0.7201855039488064,0.0,2.7707516981663636
16706,0.49555479589031753,0.70207734426218,0.0,11.844044717356601
4864,0.4957667815534407,0.7016496613161454,0.0,59.688280562815976
9524,0.47288256135991796,0.7489082059692772,0.0,22.50244552754995
15214,0.5138696007577047,0.6657857407369191,0.0,4.631205830986319
17630,0.4230427476109618,0.8602820468599505,0.0,41.75379229479465
2894,0.5113994293174161,0.6706043320478163,0.0,54.989555227920945
1111,0.47492811294941656,0.7445918275598477,0.0,16.02733809408838
1194,0.43107849106549806,0.8414650916180391,0.0,48.9311963615628
18461,0.5045670673142045,0.6840545098392244,0.0,5.76486955128502
393,0.4862928740007844,0.7209442151842138,0.0,50.57567889162357
10929,0.491962210000259,0.7093533743823498,0.2,10.592774171011927
9835,0.559961826323377,0.5798866648561207,0.2,17.063165777018977
15397,0.599098006404363,0.5123300775486659,0.0,4.186249187753543
15174,0.4615008752192553,0.7732713285746031,0.0,12.786427723268197
16491,0.5465519757770463,0.6041258692510291,0.0,6.468375836476108
11050,0.5372203490566425,0.6213469351982023,0.0,11.758680364328933
712,0.47694881721320376,0.7403460952908316,0.0,43.221403009657465
1281,0.49645874550179925,0.7002548895799446,0.0,37.76824843114806
8178,0.44599046222357625,0.8074577123396707,0.0,26.565356887851124
9622,0.4874220485940618,0.7186249016495275,0.0,51.40683222984549
6909,0.4670671304624152,0.7612822833305156,0.0,28.319698616646036
7861,0.4670671304624152,0.7612822833305156,0.0,28.319698616646036
1850,0.4629557920073532,0.7701237110801507,0.0,55.3449417894021
3648,0.4857408760182696,0.7220799741881402,0.0,60.528354387224155
3579,0.4816982288482803,0.7304374422298645,0.2,64.10391874027889
4812,0.39630301429394205,0.9255761727234751,0.0,53.752833406281525
2317,0.42943670560023495,0.845280916053744,0.0,66.78141645119267
4385,0.46145866880921144,0.7733627874263943,0.0,57.85913292910861
7598,0.4888650390627924,0.7156688213371664,0.0,35.87647604798903
15125,0.47475698602765676,0.744952214226536,0.0,12.742406572891044
1142,0.4670671304624152,0.7612822833305156,0.0,28.319698616646036
299,0.43879318225506764,0.8237270879509283,0.0,55.27208634459951
3532,0.5015507823172612,0.6900504158547143,0.0,40.35069701417104
5098,0.5497553338118573,0.5982819473444789,0.0,45.66685985402653
4192,0.45297942267323854,0.791908579093217,0.0,43.11941971491247
8810,0.4940030562120318,0.7052135751493199,0.2,20.088009118556585
138,0.46754502568526946,0.7602596232648174,0.8,57.60867411295567
724,0.4535507781981609,0.790648046129114,0.0,39.532402306455694
19349,0.4666119732342383,0.7622572591277248,0.0,13.55369661096647
8401,0.4728017761939431,0.7490790561419264,0.0,56.14347582933935
20439,0.517935036632422,0.6579054564939059,0.0,9.763317074757968
10930,0.5487211955203973,0.6001648070494634,0.0,5.529318545923576
6920,0.480400598991151,0.733134941917904,0.0,37.39354569890744
10778,0.44932946479652913,0.7999988857183298,0.0,12.095982869773941
9010,0.42637947501925577,0.852425542797365,0.0,52.21106449633861
18129,0.5173835541999878,0.658970795201191,0.0,20.158905895860038
996,0.4288689692803557,0.846603839621176,0.0,58.48000700652645
2019,0.5040688358126836,0.6850424412434102,0.2,20.236153034890663
16476,0.5626529279406298,0.5750923099595753,0.0,5.185032422355548
2229,0.5348275125890333,0.6258109904458784,0.0,20.279405575108996
19877,0.5075176200166142,0.6782238494243338,0.0,23.232896318487416
3559,0.47099759572002936,0.7529022896071357,0.8,51.02042032359815
18153,0.4783273492057111,0.7374599499061162,0.0,26.559619645758943
13267,0.47205302333649174,0.7506639621286618,0.2,11.234811685212803
15627,0.6501914118110876,0.4304884797337279,0.2,3.73190448958393
20710,0.48983273901429264,0.7136912951007022,0.0,4.459856954812096
15927,0.4849728950552463,0.7236622760903898,0.8,12.349297127959854
17776,0.490362696830257,0.7126099640758404,0.8,33.4071504402424
4727,0.46726835453160975,0.7608515513813658,0.0,28.265636294785068
4868,0.5268982594976757,0.6407478050601196,0.2,47.54348762431266
9207,0.48773366886982455,0.717985782623121,0.0,31.063654446965586
19393,0.4685451324439964,0.758122848018189,0.0,53.4741949692826
19168,0.5131605616441303,0.6671664971200892,0.0,6.588269636255546
5611,0.4427969159344725,0.8146440430895425,0.0,43.29833213325735
14973,0.546239046135183,0.6046985856151682,0.0,22.153737188830966
3414,0.5152344311429261,0.663133275790499,0.0,43.59106628883288
9490,0.49282575596692574,0.707599603585296,0.0,49.39752659875141
6335,0.4524748091722855,0.7930231877292976,0.0,54.411299837904366
6508,0.5010490457756175,0.6910512869290338,0.0,31.82291123585172
8091,0.4733487167958448,0.7479229173101513,0.0,53.96263962516721
14238,0.5997948985421454,0.5111675179682442,0.0,2.009399510208244
9631,0.4903538603512239,0.7126279845303104,0.8,54.40201501086224
8891,0.4670671304624152,0.7612822833305156,0.0,28.319698616646036
10128,0.5200330775376991,0.6538628587803142,0.0,46.27191305700951
8581,0.4898051712465596,0.7137475766460601,0.2,65.40426071069103
17716,0.4912200559410369,0.7108630724838928,0.0,18.439788479874014
4038,0.4559795990653864,0.7853072093602615,0.0,56.919069170655916
16811,0.42001341383644386,0.867468630508902,0.2,3.1718989283271126
2450,0.5234744350733366,0.6472670844899038,0.8,22.403856158410218
1548,0.4548853346245252,0.7877099036057303,0.0,17.487163465896998
4943,0.4787051534124505,0.7366704172093028,0.0,21.017207508812838
9760,0.49574626429300706,0.7016910470760656,0.0,15.1705610266671
13068,0.4554896912523818,0.7863821942563771,0.2,4.8692786653279825
12391,0.5283455526455627,0.6380047535705493,0.0,4.91582672969737
19383,0.49241519703850456,0.7084330219504844,0.8,34.181892633496496
20663,0.5109694523841165,0.6714454706355544,0.2,21.915979751726706
831,0.4732423831579854,0.7481475837755592,0.0,67.87194971338482
18167,0.5026332033302167,0.6878945929225717,0.2,8.476236864346992
463,0.5334651878386168,0.6283614627805751,0.0,16.50768393118028
329,0.4619702991539543,0.7722546775124844,0.0,56.390033959553946
11192,0.5368669085049078,0.6220050578265148,0.0,17.447241397481545
593,0.5264800701696017,0.6415418015536225,0.0,20.88860193960954
2083,0.4584973357572328,0.7798007980827995,0.0,69.33988553766463
20395,0.47234905137230887,0.7500370510842239,0.0,28.571160265374942
9980,0.4670671304624152,0.7612822833305156,0.2,28.319698616646036
1326,0.4506506039062651,0.7970629539023623,0.0,41.29582969572691
19895,0.5177303582692901,0.6583007161343345,0.0,32.889032144929416
15879,0.538219774652412,0.6194882991636186,0.0,5.835580120779533
10956,0.5093476701293735,0.6746244501601681,0.0,6.335668288730546
20478,0.5042083993779023,0.6847656055453719,0.2,15.65545378738974
5544,0.47442167889671744,0.7456587348369924,0.2,54.43308764310045
13712,0.4678425900537571,0.7596233856804865,0.0,14.041637299074488
6194,0.4490706107945239,0.8005751412557041,0.0,66.69591611743536
6138,0.4370583306886131,0.8276886129575444,0.0,30.33478892784659
6583,0.44269900818693614,0.8148651796194085,0.0,30.52892407877971
1074,0.4564532378436408,0.7842690204621044,0.0,29.363031049071594
5559,0.49656161199122406,0.7000477105648992,0.0,58.642998369713055
8002,0.43899412923117886,0.8232692390460922,0.8,58.048709522786964
204,0.45523141319745686,0.786949388890579,0.0,30.29755447426097
13369,0.5388153455519349,0.618382353871669,0.0,10.265764763094781
17909,0.4831589305385363,0.7274096307201966,0.8,22.913403367686193
8851,0.46161059710977714,0.7730336067082251,0.0,22.243269866395888
5928,0.47253168268147144,0.7496504810021918,0.0,40.59357469014454
12870,0.509854036712653,0.6736307967517341,0.2,4.860920204536358
2859,0.4992470968112135,0.6946541218033436,0.0,31.988821779064935
19399,0.4921779335406553,0.7089149743327894,0.0,42.70149661591895
15820,0.5692612772639492,0.5634157634941596,0.0,3.4608094933226763
17876,0.5161956003840512,0.661269514817922,0.2,22.418525861720667
18049,0.47358283048528416,0.7474284492678063,0.0,36.92296653431493
10463,0.4979468980854043,0.6972618379934978,0.0,26.378461926249518
9041,0.4903313339961532,0.7126739245632681,0.0,15.076617363490287
