test_index,threshold_u,lambda,loss,width
19929,0.47326973975444925,0.7480897787125088,0.0,31.77399069105831
11178,0.4336539331748651,0.8355084519634481,0.0,28.248538721068627
15454,0.5262494092125649,0.6419800166226323,0.0,9.700317524641699
18486,0.48970937927380875,0.7139431673557751,0.0,35.25701043331654
18617,0.5235771482230432,0.6470708894758763,0.0,40.05368904590856
20927,0.5410644677683745,0.6142168431531078,0.0,23.867851848848556
10640,0.5040967494857926,0.6849870660678969,0.0,5.152473088543864
2372,0.4490422592238831,0.8006382771300394,0.0,40.90901079234506
13833,0.480489705558909,0.7329494752364493,0.0,17.642093645262907
7671,0.4625268381939027,0.7710506951858898,0.0,39.95584384790183
14517,0.4638497354783766,0.7681946251570806,0.0,10.447831081500912
6576,0.4516989276624193,0.7947394103283387,0.0,64.09573465565663
11523,0.4768720266032045,0.7405071121330677,0.0,4.88808732289872
12532,0.5497265527281985,0.5983343012468355,0.0,3.8544695161354374
6935,0.4494948333543091,0.7996309193427298,0.8,54.22297678910634
9146,0.43713303957355737,0.8275176918350818,0.0,55.19129220440243
20308,0.43889205222638716,0.8235017908447371,0.8,24.44976782462514
13226,0.5385440759754097,0.6188859361986762,0.0,8.545577061331155
5166,0.4720045867788751,0.7507665756919447,0.0,47.284776437792395
7591,0.454931253606399,0.787608962421525,0.0,40.97535747177574
18898,0.5165139536555794,0.6606529749972777,0.0,16.612448873715447
18526,0.47575188057585055,0.7428588199480038,0.0,16.885181345809727
5189,0.4681251168097611,0.7590196751838247,0.0,54.64941661323539
16826,0.5486317603538083,0.6003278086913841,0.2,2.1149548711647803
2943,0.4972146895430513,0.6987333752465108,0.0,16.874412078385753
20419,0.5592355853511799,0.5811844539084413,0.2,13.260014474602462
18530,0.51657529298584,0.6605342256626348,0.0,16.62102216096702
17962,0.42759231968424555,0.8495850614419347,0.0,62.01970948526124
139,0.4167023565223688,0.8753830853684508,0.0,34.3150142749861
16750,0.5516138789012945,0.5949069722096677,0.8,4.813392785316236
2229,0.5005075672902607,0.6921325608800993,0.0,20.949120913494788
15725,0.4904161445562035,0.71250097370259,0.0,2.1434165351028245
8303,0.5211346797483972,0.6517467682386018,0.0,41.7965234294988
16821,0.5446880982903504,0.6075419448581184,0.2,2.2965085341817733
6291,0.5005075672902607,0.6921325608800993,0.0,20.949120913494788
15961,0.4011393268181338,0.9134464635975201,0.0,6.355303753057138
19365,0.4967639588023436,0.6996402976886622,0.0,11.255042000686721
18067,0.516818899945615,0.6600627560802551,0.0,24.451035299092673
1818,0.4986528851603652,0.6958450462082226,0.8,46.23020525745879
30,0.4795303297029782,0.7349481338895101,0.8,65.30014337824576
4238,0.4711512521769205,0.7525761066295807,0.0,39.73789826263243
11547,0.487272501854499,0.7189317603278026,0.2,4.611551865550139
625,0.5242463612347892,0.6457935501211168,0.0,36.26130882470346
12374,0.4478595563193549,0.8032755860741091,0.2,13.233964437901323
7968,0.4475223389227832,0.8040288231326367,0.0,55.59859434647245
4429,0.45008019303204366,0.7983295053568313,0.0,62.12001768096382
1712,0.4010794297528299,0.9135957921065448,0.0,32.889448515835625
8558,0.47891108988683884,0.7362403149026555,0.0,46.261665129928055
3884,0.5103903447520568,0.6725794641523183,0.2,52.350221976530804
12041,0.4770427889316312,0.7401490878577973,0.2,12.344947445297109
2900,0.4375556941466993,0.8265512803797995,0.0,62.797229112595204
3316,0.4609013892099464,0.7745711651357943,0.0,22.849848632817306
5638,0.4643055374406542,0.7672124575990921,0.0,47.21425534305211
11426,0.4229959068165376,0.860392776539326,0.0,12.494335341897866
1170,0.4954673144842078,0.7022538921018724,0.0,20.365362870954296
752,0.41854893883434213,0.8709614572171375,0.0,36.92876711498834
3638,0.43539075772633046,0.8315113574939642,0.0,68.52609742609101
8881,0.4572130315707036,0.7826058444696449,0.2,59.681517400272824
15844,0.4547466797753689,0.7880147628192038,0.0,13.286716588236478
220,0.45291721764698334,0.7920459126996889,0.8,28.988879196242465
2875,0.4500433968679997,0.7984112633831231,0.0,54.627303270133126
10476,0.4388733896873262,0.8235443136832373,0.0,11.467853939724632
5491,0.48485020800009176,0.7239152852328252,0.0,60.921089945082755
7155,0.45307996321123173,0.791686649846697,0.0,41.02124267459044
8493,0.5232278301214724,0.6477382881256026,0.0,19.10665919032403
15267,0.5283661167058054,0.6379658327166556,0.0,5.915857167998371
19763,0.5206086777482762,0.6527566178163062,0.0,11.084785980043069
10539,0.4915406292145587,0.7102106790991469,0.0,9.183734626022053
292,0.42901082376500055,0.8462731301509503,0.0,63.49756353869442
312,0.4615244965599199,0.7732201461447546,0.2,46.47052960345944
20966,0.5102575198928041,0.6728397397372748,0.2,24.417354771068887
5615,0.4870406318350313,0.719407726453738,0.0,54.746926885400384
9273,0.42012332655461515,0.867206976153095,0.0,33.86443506528403
10429,0.5337656627670697,0.627798370107192,0.0,10.104414335800325
8639,0.4194351384017511,0.868846381473209,0.0,63.51266915993722
14063,0.47503289036927077,0.7443712344619983,0.0,19.71839525030073
7411,0.41850922467474067,0.8710563470619835,0.0,17.69550517153408
19821,0.4757702387231436,0.7428202330419866,0.8,5.629091954099737
4132,0.4164345823149108,0.8760258949816031,0.0,68.94323860340688
8100,0.4798340330209731,0.7343149994101809,0.0,50.63469212889994
9597,0.4676652399341131,0.7600025382991683,0.2,15.95435351717966
12515,0.4399128529096196,0.8211786332556593,0.0,7.241481582441029
9407,0.48226970414179315,0.7292517692610769,0.8,40.53910596449825
9478,0.4587248179609416,0.7793047738482106,0.2,59.15702526390519
177,0.4041578849968516,0.9059496729175028,0.0,51.512298955037004
7641,0.39510256407568684,0.9286098918979562,0.0,67.88138168079436
3787,0.48007805506401996,0.7338065735838321,0.0,54.00816269607006
213,0.46549852503511113,0.7646463508304839,0.8,39.084896589239364
8460,0.5122536143090708,0.6689354361358072,0.0,55.521641199272
3507,0.45119117745397735,0.7958641325045815,0.0,76.74915567505165
17053,0.4838968009243872,0.7258836162309886,0.8,50.08596813542509
7698,0.43609551057122187,0.8298939986802782,0.0,42.839124159659164
10545,0.4689132972282476,0.7573373949430958,0.0,9.065328278009844
2446,0.448562891063133,0.8017063819780801,0.0,44.35841405368183
11017,0.4375579510757182,0.8265461223548247,0.0,6.075114314610285
5843,0.4644773091601388,0.7668425719534395,0.0,54.13985083113668
5904,0.4574869090238818,0.7820070088314035,0.0,24.242217273773505
12891,0.5323762782791828,0.6304047496537195,0.8,10.458415494148156
16217,0.5496726690148573,0.5984323251717549,0.0,4.844309689386643
19425,0.5033520917393982,0.6864653701793044,0.0,17.68643679954282
8807,0.48880514792427554,0.7157913394202355,0.0,17.708677573424993
19108,0.5839859049063658,0.5378784318794794,0.0,15.931959603675725
10025,0.3797666340523409,0.9681983358260867,0.0,7.368957823902954
13620,0.5189489720675642,0.6559497203656245,0.0,8.005866287017454
13501,0.5259552128176243,0.6425392166041708,0.0,7.842191396018626
4502,0.45575903925267913,0.785791031823718,0.0,81.49281647225678
14159,0.5130915685709153,0.6673009535003248,0.0,19.82017206047037
18965,0.5877851984955221,0.5313937065060659,0.0,1.985446427853113
8735,0.4181903193942011,0.8718186405238192,0.0,8.883827423952837
6436,0.4712655770096239,0.752333486103878,0.0,64.81353097581889
16713,0.5463992919402835,0.6044052665897136,0.8,7.243796912571636
2660,0.46051870023686736,0.7754018155621656,0.0,44.4068718863355
19464,0.4772415694137161,0.7397324814590409,0.0,29.406215864260297
3384,0.41854893883434213,0.8709614572171375,0.8,36.92876711498834
21107,0.5487431865498706,0.6001247309798697,0.0,24.29604895536001
3876,0.41430011852652265,0.881164643810184,0.0,52.658397635091
15287,0.49600694139648055,0.7011653576041663,0.0,6.361672923104102
6459,0.5184780459546391,0.6568575936657993,0.0,38.018588721734126
16839,0.46300048994176213,0.7700271667069118,0.0,9.48673445883551
12213,0.5879467131599657,0.5311189590677111,0.2,14.449092000687687
10156,0.5181284062770866,0.6575321788761438,0.0,10.850924505992081
1667,0.4501903298879174,0.7980848303316711,0.0,39.936165640465305
9979,0.5233938809091843,0.6474209799953489,0.0,20.09837492424486
4878,0.4380280509259043,0.8254723274465425,0.0,58.27834505815509
5060,0.4875006053672117,0.7184637467661105,0.0,51.72938976715995
17528,0.5093018926067444,0.6747143290043449,0.0,24.343691652084697
6005,0.4606224942189723,0.7751764560121445,0.0,47.105533753044966
19723,0.5694723542418781,0.5630450411856117,0.0,1.8411572739377182
19564,0.5421338636611699,0.6122423271125907,0.0,4.759571807766176
14622,0.4993996535977067,0.6943485947736557,0.0,7.4854249809289914
15257,0.560049010107606,0.5797309810331268,0.0,7.543749280118653
15434,0.6094991031620317,0.49511780149416296,0.2,3.221063028776678
1203,0.44831289873821323,0.8022638556756352,0.8,55.58886329425926
10443,0.5146567213652501,0.6642551610244142,0.0,23.45152866268153
18799,0.5233048132413999,0.6475911677838636,0.0,16.90569137386278
1087,0.4038506262695959,0.9067102063469943,0.0,30.488130688417684
21231,0.5669625812400435,0.5674619717177413,0.0,24.17388021164534
16854,0.47752636517507874,0.7391359055593026,0.0,10.021204319975894
10450,0.5172992067081362,0.6591338354976475,0.0,10.910994691136885
13344,0.4370622402177984,0.8276796679004998,0.0,21.0975545453429
7183,0.4561573742086817,0.7849174101288848,0.0,44.26934013473573
11202,0.5729337169962907,0.5569852461028587,0.0,3.7680049827246545
8035,0.41796282563118886,0.8723627843089116,0.0,56.838792818951234
14405,0.5081873343118768,0.6769051310515182,0.0,7.043875209454391
13594,0.5171270331457204,0.6594667225752802,0.0,7.651462937981266
6328,0.4529777281473192,0.791912319945459,0.0,41.03293577044788
9277,0.5067459429603903,0.6797454996803188,0.0,32.68896118334747
9710,0.4653796235991012,0.7649018116270039,0.0,7.459896264436819
14229,0.48282596283161705,0.7280990156627386,0.0,7.786836825550072
3247,0.5028641664607524,0.687435192149309,0.2,19.978585271839293
9752,0.4760255337253553,0.7422837839092545,0.0,25.68710094040683
4570,0.42836210115820583,0.8477864103391523,0.2,80.53970898221948
14167,0.5213898924028614,0.6512571631657244,0.0,25.487601371142937
20169,0.52636714573805,0.6417563140304161,0.0,32.02749100214702
11958,0.5472429044658739,0.6028625084633605,0.0,3.4119002965063814
8702,0.5150381736467584,0.6635142574794795,0.0,16.040457933898224
4641,0.4174092514551159,0.8736881201018767,0.0,75.26823287991894
6922,0.45251565185969717,0.7929329266951806,0.0,42.74701698194429
9504,0.45487098922677216,0.7877414403972384,0.8,54.8724909954345
3700,0.4172163504795186,0.8741503656370843,0.0,59.44222486332174
14762,0.4751210251795994,0.7441857175491294,0.0,22.48036371141019
11675,0.4769976833367195,0.740243644842027,0.0,5.81294797565034
5639,0.4174640377846657,0.8735568754439519,0.0,50.55055275634129
15613,0.4562160233823464,0.7847888461573785,0.0,7.542605461210034
15186,0.4838371135189057,0.7260069712248901,0.0,11.695972749552471
20561,0.49226788824634315,0.7087322223642252,0.2,8.86623992604253
2240,0.44980800033134566,0.7989344531959216,0.0,38.7802760418833
6403,0.42704857613445535,0.8508575107848488,0.0,60.921396473889644
18549,0.3735224139926957,0.9847772655198861,0.0,39.03804937608511
11045,0.45715661964842164,0.782729234221871,0.2,2.2761767004540463
10069,0.54186809919415,0.6127326665795871,0.0,17.8397114472213
18987,0.38564578898502994,0.9528359759278409,0.0,27.852825426438727
2442,0.44647246004185037,0.8063775602053636,0.0,56.7488223374956
15698,0.46859250002163993,0.7580217581119834,0.0,1.652168998064902
18885,0.5164659249881599,0.6607459655161583,0.0,16.973242180699774
17092,0.5007170301601053,0.6917141475222297,0.0,6.851428446500081
2601,0.42805827704314175,0.848495931353699,0.0,63.04918649785425
13436,0.4782074027326795,0.7377107436664417,0.0,9.228761572115776
18135,0.4700862928397169,0.7548389993441463,0.0,16.196957454094328
1318,0.41745434368564793,0.8735800971126403,0.0,50.32039834371732
10215,0.5334024153507201,0.6284791390279024,0.0,2.5129107477055608
5361,0.448799404925094,0.8011792506990081,0.0,44.425390062511255
16779,0.3978156353233579,0.9217666088516147,0.2,6.066238107674932
16428,0.5624521804377197,0.5754491610724989,0.0,3.748130610510967
5844,0.46566812330386914,0.7642820803297397,0.0,54.50477842463844
12701,0.4353322368899949,0.8316457764464567,0.0,14.455250869782997
9518,0.545136310913884,0.6067194038230325,0.2,18.578658233424793
5482,0.39448931618167704,0.9301632209851681,0.0,65.92066647769735
7050,0.3949023972243543,0.9291166402487174,0.2,66.729156819119
17313,0.40599876143197805,0.9014051700452103,0.0,55.03619384221075
7195,0.4622996479875155,0.771542009425592,0.0,36.66463906722437
15912,0.5292035393015905,0.6363821587410434,0.0,5.901171759219498
12616,0.45915171370708535,0.7783745925826575,0.0,13.454206198652415
15358,0.4971428675423768,0.6988778343503566,0.2,4.95203861207086
1312,0.44897882446815573,0.800779553892879,0.0,54.70925887758297
11769,0.526951661588234,0.6406464583891458,0.0,4.930350902913835
16116,0.5760930573957923,0.5514860733565246,0.2,4.91456826157868
6130,0.40004035459494997,0.9161898504754795,0.0,66.9734766717628
10914,0.4828713476466061,0.7280050217900623,0.0,4.2544615945046935
19659,0.5084219257996809,0.6764436135321079,0.0,6.649778866704772
20403,0.5221539774236633,0.6497927586889368,0.8,22.320380269459918
19224,0.48099689684319236,0.7318944603666413,0.0,16.599365886482943
21249,0.4840572516177124,0.7255520907946864,0.0,6.3445900282299235
18818,0.569974366484925,0.5621638902438494,0.0,5.77342341014254
17561,0.4554094622787133,0.7865583476177344,0.0,8.26633497529195
9405,0.48912935632766225,0.715128292122375,0.8,50.098312722872826
3068,0.49618841840830474,0.7007995485685675,0.0,36.367992893766385
12484,0.47941113321369133,0.7351967340272875,0.0,4.826308932653228
5915,0.4369950989339595,0.8278332992035357,0.0,58.858946310198014
5754,0.556369610621349,0.5863224382868798,0.2,20.823241037895716
18327,0.47288773356437186,0.7488972684203148,0.0,16.069462765742777
14562,0.44812711287769524,0.8026783527100615,0.0,25.769990060053857
4372,0.46144646289834246,0.7733892384893484,0.0,38.78933926260042
10952,0.42440668103419693,0.857063130061324,0.0,13.938418102675168
4236,0.4722899635321011,0.7501621525025489,0.0,75.31628125591251
815,0.5155531891416609,0.6625148011355405,0.0,38.773679747374864
1487,0.4179959425603974,0.8722835532977996,0.0,10.838119156727942
20323,0.5420336715411986,0.6124271548573872,0.0,6.812027332255237
9100,0.5221382425728878,0.649822893646328,0.0,19.192519064689193
4473,0.4527630097426862,0.7923864476945442,0.0,42.84037220642834
19373,0.47716279602432676,0.7398975548648652,0.0,10.978229688058919
15377,0.49013863621124215,0.7130669968515532,0.0,2.9465357013067126
20495,0.5340700166721587,0.6272283312534793,0.0,28.741170352423726
13622,0.5165126825526779,0.6606554359268548,0.2,7.671861690735687
18917,0.52773906297621,0.6391533163410975,0.0,16.685417041156754
9568,0.4400963163662778,0.8207616751926721,0.8,78.81774266684596
51,0.4315373648447816,0.8404011792880646,0.8,68.79524104946114
17267,0.49832061659537213,0.6965116006887782,0.8,5.822488678132185
18517,0.5335245153390378,0.6282502573953584,0.0,8.40331872067097
5348,0.5588159322830539,0.5819351404040354,0.0,18.01612979865752
18426,0.5233847322667126,0.6474384596082428,0.0,7.087832684748141
11220,0.4429527897791714,0.8142920839631607,0.2,47.28390490214972
16333,0.4961896223877522,0.7007971221153451,0.0,11.952094463211303
8620,0.48878146209792483,0.7158397971755127,0.8,23.29342902081815
13882,0.3976247935709561,0.9222464480680568,0.0,14.221039420048506
10965,0.4713884690259905,0.7520727499036152,0.0,21.163328157723885
13612,0.5123560353605661,0.6687355140447564,0.0,8.509659671321879
18293,0.5213529733339068,0.6513279746192151,0.2,10.841679610208478
7895,0.5283811884786928,0.637937307878571,0.0,39.86470100655078
7353,0.4842985574562631,0.7250537081934064,0.0,58.2834438820088
6693,0.5033424543822639,0.6864845167161994,0.2,47.37772850217159
1702,0.49901713895486394,0.6951148372175157,0.0,20.352961585200003
663,0.4181502899913527,0.8719143656444932,0.0,10.680950979145038
5314,0.4057316515680036,0.9020632946376554,0.0,37.62956703235537
9439,0.45353210885692147,0.7906892096027249,0.8,34.450331637331495
3365,0.4501023739658285,0.7982802243896087,0.0,51.928131032701955
16106,0.4340142606084537,0.8346778868767382,0.0,15.696118713451401
5695,0.4714239085825391,0.751997571517317,0.0,56.56901616993295
9509,0.43637680569963816,0.8292491756115867,0.8,41.56196463258448
329,0.43430897515008665,0.8339990738706755,0.0,56.71193702320593
19752,0.6094117260099602,0.49526117072205067,0.0,17.34553233738141
13693,0.44561912599460657,0.8082906693992324,0.0,13.553820813299968
19568,0.5551430804088204,0.5885293959226515,0.0,5.5998575445759045
11468,0.4403102779082685,0.8202756235261025,0.8,8.128931499548498
14212,0.42766989242959,0.8494036603594164,0.0,28.731077839591915
14985,0.50939816069592,0.6745253271698008,0.0,19.0485944416111
19787,0.49652504682168846,0.7001213499985329,0.0,18.75029983883867
20610,0.4730944495864372,0.7484602284230769,0.0,12.406103238579455
1213,0.5024551389115629,0.6882489188321123,0.0,53.09840251262071
20501,0.531988861310986,0.6311327272450474,0.0,13.456380639241209
4817,0.47186128342744643,0.7510702276345633,0.0,31.372203752108376
18955,0.42533923746194263,0.8548682226617383,0.2,14.259202622515804
895,0.42021607255845844,0.8669862415205937,0.0,20.075065364076536
10345,0.4010794297528299,0.9135957921065448,0.0,32.889448515835625
13188,0.486326204114315,0.7208756783555753,0.0,11.975187448073669
2793,0.46265852907803345,0.77076601518623,0.0,51.73381411603283
16794,0.4014262662852771,0.9127314080759897,0.0,2.0838570587589924
2470,0.4995051103185206,0.6941374500779548,0.0,42.03349350130449
15323,0.5357225484566727,0.6241388854061503,0.0,4.515957114875479
19216,0.4771604991969157,0.7399023683854458,0.0,27.642752934480825
3120,0.5027062883904279,0.687749199130839,0.0,35.54975778214826
1149,0.43187444057370517,0.8396203798041266,0.0,57.094185826680615
17781,0.5109272686220023,0.6715280303723086,0.8,48.40709489290944
14105,0.4875297975630673,0.7184038672058903,0.0,9.543528012108354
15820,0.5528805835502307,0.5926132437259791,0.0,3.795095168173528
19313,0.42788885964707096,0.8488917908431958,0.8,5.344198100863549
13462,0.4918564282281212,0.7095684176198634,0.0,8.469834859900512
3413,0.5211346797483972,0.6517467682386018,0.0,41.7965234294988
7798,0.39432485923085253,0.9305801935962937,0.0,65.90368902649898
1063,0.4636645658654681,0.7685939065807745,0.0,52.14141073971786
3172,0.47524504601094414,0.7439247216322753,0.2,52.09332976743912
11282,0.4800684370306165,0.7338266080962381,0.0,17.663206232930342
1686,0.5053851100761932,0.682434546123714,0.8,57.35691793185784
3994,0.4563037347830847,0.784596606153316,0.0,59.2272327154002
4983,0.4986032749705905,0.695944539581739,0.0,49.62084381380558
9729,0.582517223364769,0.5403965259712193,0.2,20.16543727025851
7394,0.45410789394236317,0.7894204573200925,0.0,33.94507966476397
6577,0.4683907472931972,0.7584524013110776,0.0,63.802910277600695
8817,0.44946153998382843,0.7997049905023175,0.0,57.27487361623133
2764,0.45379690589196275,0.7901055248792019,0.0,44.45528687508616
10013,0.5448902921872392,0.6071708033212142,0.0,49.75460897669027
8812,0.41603191406432743,0.876993305162647,0.0,16.980785547582926
4367,0.46716144039706575,0.7610803842708794,0.0,53.580060213986414
9342,0.5062613052397748,0.6807023294729021,0.0,39.50455958709294
6582,0.5196863505393798,0.654529821427754,0.0,63.800297090186746
5594,0.39495311759530155,0.928988210757335,0.0,65.20103530396594
5206,0.528675683875997,0.63738010908894,0.0,51.66922131510478
18908,0.5109161800228204,0.6715497334995285,0.0,14.826138831454411
272,0.4025523310236499,0.9099301756091422,0.0,32.24337355120073
7336,0.46696110825288706,0.7615093047536138,0.0,47.25165468390371
16625,0.4851239273964233,0.723350900279436,0.0,4.882980226122369
7747,0.4549524356247395,0.7875624025840534,0.2,44.0247365018613
9671,0.5845056721870854,0.5369887937764928,0.0,19.42610538687929
10891,0.5269394622648891,0.6406696094017492,0.0,9.391095209142687
20469,0.4556709015250858,0.7859844372055794,0.0,32.757474924542784
4563,0.41212279789639955,0.8864339208950249,0.0,50.55332880804767
20013,0.4383212322292457,0.8248032305010331,0.0,5.306288935246259
7532,0.4548686060160471,0.7877466797222882,0.0,41.37245597961638
374,0.43722624729863113,0.8273044894894871,0.2,60.1615803296525
8724,0.4697315063007512,0.7555940107009088,0.0,35.781154030858055
10087,0.5612534938813359,0.5775826147667225,0.0,14.592769276713286
8310,0.4169350622806913,0.874824795255464,0.8,51.80712878012169
14296,0.5504229433147438,0.5970683084302936,0.8,7.480519535081517
7097,0.49219786878587896,0.7088744710104216,0.0,37.32542745904964
8331,0.4546425670183645,0.7882437357432326,0.0,29.011310934582568
16999,0.4287419260749948,0.8469001119912642,0.0,85.57925890125128
7069,0.488443883751397,0.7165306887112055,0.0,16.283160857633824
5646,0.4744022500072715,0.7456996884614886,0.0,25.80531002288728
14031,0.44016229758098424,0.820611761942669,0.0,5.272348554383004
17529,0.43040132739060205,0.8430371860533469,0.2,20.675487068356624
2973,0.4954423820931846,0.7023042143282358,0.0,46.38719282056438
14742,0.4584745192411619,0.7798505630040481,0.0,26.366745631234828
11668,0.4677362819872777,0.7598506419174834,0.2,9.980638355502155
14231,0.47580307489742335,0.7427512185502543,0.0,19.87713593905537
20523,0.5254969655460354,0.6434108630946759,0.8,19.993991834341756
6106,0.43670002083907955,0.8285087707711827,0.0,71.33460389919478
13100,0.5377700326713866,0.6203242587687287,0.2,5.0624661361969885
10412,0.5198908433596919,0.6541364060582177,0.0,8.819721033125663
377,0.4128753762072496,0.8846094840823775,0.2,50.3121677817026
14326,0.4450079507626844,0.8096631300930708,0.0,27.374708451730093
17526,0.46686771290466805,0.7617093314531852,0.0,23.828933655494623
4458,0.4538833312589621,0.7899150935715163,0.0,43.70205315450153
13254,0.5479328299358727,0.6016025726565405,0.2,5.814488698342916
10078,0.388707511881308,0.9449281156577314,0.2,101.71678383791556
2566,0.4169317983299615,0.874832623725173,0.0,63.98088580498463
1529,0.5099289237334708,0.6734839282044901,0.0,19.776855397576618
5362,0.44888955957876475,0.8009783912531673,0.0,44.314130107179494
7267,0.4173499596147465,0.8738301774513083,0.0,49.50684430341906
10284,0.5437144546999344,0.6093310693827857,0.0,12.07176223468922
10089,0.5877851984955221,0.5313937065060659,0.0,1.985446427853113
12942,0.5769802704398774,0.5499472064037431,0.0,8.909419985872749
18758,0.49646857017069645,0.7002351002786686,0.8,27.841347747350966
6079,0.4954673144842078,0.7022538921018724,0.0,20.365362870954296
18053,0.48034049031644926,0.7332600717274835,0.0,16.144554272607863
137,0.4615244965599199,0.7732201461447546,0.0,46.47052960345944
11112,0.413713130848146,0.8825824659939502,0.2,17.791097342772478
5926,0.4855557107766181,0.7224612485515263,0.0,46.644808318079306
10452,0.4730944495864372,0.7484602284230769,0.0,12.406103238579455
20906,0.4258512220441277,0.8536652377405344,0.0,19.30991002235249
11692,0.5402064328191551,0.61580392947691,0.0,4.095096042929993
15562,0.5650777479021979,0.5707919503961131,0.0,7.846106315627256
6358,0.45204074694287777,0.7939829551092901,0.2,56.928575458292414
19846,0.5206071933022752,0.652759469186598,0.2,16.77624443404043
12187,0.4318465816931404,0.8396848887829664,0.0,13.864876153267591
18568,0.5211151332469451,0.6517842765234882,0.0,24.15219165701707
2331,0.451274398990078,0.7956797010126582,0.0,29.591726126910107
3171,0.4752672286485564,0.7438780465114848,0.2,52.071463255803934
7260,0.4838300884128351,0.7260214908987133,0.0,52.30985063489405
18502,0.4782074027326795,0.7377107436664417,0.0,9.228761572115776
3348,0.46129873574483377,0.7737094290576396,0.0,43.26582985619893
11562,0.47227969096803396,0.7501839032840156,0.0,5.127507365279051
1589,0.4470241338341584,0.8051426951455687,0.8,47.575881979006674
9709,0.405760412723919,0.9019924100111927,0.2,9.362681104089269
8841,0.5298449170767725,0.635170924543529,0.0,19.4368653553452
4339,0.4496031695031593,0.799389930820833,0.0,41.48834167880405
19025,0.4738325064608451,0.7469013816310383,0.0,60.69880370091236
11326,0.543768871689146,0.6092309906267505,0.0,17.380750667812958
9850,0.4010624097938495,0.9136382283893663,0.0,26.045540645676287
18111,0.4693706846982392,0.7563624502247983,0.0,31.06380559990896
17058,0.5325674583046315,0.6300457071598583,0.0,14.509953368938797
20673,0.5396150878567879,0.616899193851919,0.0,25.971456296494157
20630,0.5400268665497806,0.6161363877914859,0.2,23.9957393334765
9276,0.5089210056226954,0.6754624697159258,0.0,31.642035065012024
9658,0.5006717290803809,0.6918046240316517,0.0,41.68468704044163
6963,0.42272321392008094,0.8610376547245785,0.0,57.87464609369646
19623,0.459865977235771,0.7768201857860514,0.2,37.12462558664838
17558,0.47028952963145415,0.754406753448314,0.0,8.203041555909321
11555,0.461945966106937,0.7723073512188318,0.0,5.701559521213211
16947,0.48992678963420594,0.7134993079498716,0.0,39.27813908006752
13567,0.5182776739298104,0.6572441302886131,0.0,9.806082787448277
15571,0.605003669023106,0.502520756468683,0.2,3.4463627286594485
13484,0.5146419242434033,0.6642839128777485,0.0,19.315383428505847
2231,0.4947827998651624,0.7036364008603246,0.0,20.440636908160457
16760,0.5983773859022817,0.5135336439746654,0.2,3.587546068150618
1769,0.4514651006039142,0.7952572056709594,0.0,41.55218899630763
11826,0.5141597723746464,0.6652212206322773,0.8,10.507834086442873
3278,0.5180173560186128,0.657746531456524,0.0,56.944406462669335
20204,0.580683774745225,0.5435489478499619,0.0,9.501506984784118
5077,0.41215518355999703,0.8863553414246456,0.8,65.88279415105902
7628,0.4768459372643369,0.7405618229382797,0.2,51.00286203226405
9936,0.5061344042453562,0.6809530239274405,0.0,49.08479406133564
2238,0.4500656456831997,0.7983618275611222,0.0,49.13118759903354
9081,0.45309292699403375,0.7916580376846184,0.0,49.07884222061166
16025,0.4452589987816852,0.8090991463895678,0.0,5.7494988080258995
8265,0.48853872888879274,0.7163365293956423,0.0,56.63177440756603
3760,0.4192938238929129,0.8691833544800521,0.0,51.4208904340844
14550,0.5144127412182392,0.664729337278697,0.0,9.734961131767813
7750,0.4302057343075528,0.8434917328381035,0.0,53.78946497154013
13665,0.46419032805166754,0.7674606210941807,0.0,7.464322237900025
20455,0.4675342109611944,0.760282754404194,0.0,15.960235953849928
6135,0.41956256789684937,0.8685426154554441,0.8,50.996476485768355
17692,0.5080967652428484,0.6770833667816802,0.0,11.132604980076929
20701,0.5279764870283896,0.6387035284106624,0.0,30.274547003019336
20098,0.5521421688902074,0.593949713528619,0.0,5.926430055798016
6219,0.507598054378718,0.6780653761304994,0.0,18.629846467846885
13863,0.46509862509793803,0.7655057988993533,0.2,11.297334501311989
756,0.3929960657885071,0.9339556778792503,0.0,51.71312132384362
9559,0.4984465300363149,0.6962589570457006,0.8,21.087942099114805
963,0.45093213843745683,0.796438419897617,0.0,47.48365470543645
17535,0.4489983873385621,0.8007359829199139,0.0,30.267821070742354
17317,0.39417425973314296,0.930962183876102,0.0,60.605640301137576
20010,0.4843783950087163,0.7248888698488358,0.2,17.578737599119187
19805,0.5252855899188265,0.6438131834966673,0.0,24.497091140857712
13660,0.5643943252012649,0.5720021136230107,0.0,2.4733085009058553
19419,0.46990585707676324,0.7552229084335698,0.0,27.99762260126089
12925,0.5245663698297641,0.6451833199142799,0.0,9.840981653660066
10642,0.5348446539151748,0.6257789407643409,0.0,5.144528495374013
782,0.45013969500448825,0.798197311048925,0.8,27.461977512276306
1741,0.5197523849937637,0.6544027635219528,0.2,20.661457174548218
11083,0.6081048860791348,0.4974079018955318,0.0,8.988410151519485
637,0.41792537477239944,0.8724523916482577,0.8,22.470008950638814
3070,0.5097552419429348,0.6738245862201031,0.0,18.460773042057184
4206,0.4451806919197777,0.8092750299736602,0.0,88.96764844438522
15042,0.551144610758352,0.5957580527965206,0.0,3.084424331383876
8870,0.4436999906500198,0.8126066416700257,0.0,63.054213352337115
2774,0.45025272048152654,0.7979462527865763,0.0,48.714618123835805
16666,0.6142187460957674,0.48740415028232326,0.2,5.483296806882341
15923,0.5682208961163798,0.5652450342502727,0.2,5.22851670157994
13768,0.4793914974391716,0.7352376929773252,0.0,17.413736948601233
16970,0.5746566071142756,0.5539826216013852,0.0,10.545613324280184
8731,0.41408247336425397,0.881690113971936,0.0,63.688885920903736
14600,0.5236620887789528,0.6469086714208329,0.0,5.1141366142005085
10240,0.5293666781514903,0.6360739338382422,0.8,5.6146245521162115
4684,0.3949735474078539,0.9289364849112228,0.0,65.19740492558284
13745,0.4911791667409864,0.7109463160352517,0.0,11.70075392147509
9218,0.45621170761705926,0.7847983061181854,0.0,23.151550030486465
7582,0.4575010467554641,0.781976106279093,0.0,52.40803900078507
11575,0.4530116100040896,0.7918375246794234,0.8,9.668336584119519
18671,0.47960708873494495,0.7347880754231109,0.0,21.183940158388403
4647,0.5087151915332941,0.6758669641566359,0.0,44.09018439750246
6901,0.5244003981974152,0.6454997677537974,0.0,18.358012508458966
5386,0.41096187649095844,0.8892548267177267,0.8,88.58756149555535
9235,0.41711462715115055,0.8743942097028073,0.0,53.33804679187124
8545,0.4540068455386381,0.7896430027755266,0.0,48.26297948621046
6171,0.46269637530592506,0.7706842168886613,0.0,55.180991693184325
4153,0.4378927366885066,0.8257812920022135,0.0,55.61636875630682
18190,0.4240103352049562,0.8579974485638694,0.2,12.66403762768195
4662,0.46621726844870603,0.7631035122069607,0.0,60.28517746434989
2929,0.420466178774476,0.8663912337801546,0.0,34.820262495817104
1931,0.42571460725145605,0.8539860932496303,0.0,16.13179678025378
10436,0.5182077290523538,0.6573790957736292,0.0,21.185356901899844
9790,0.4343663646484147,0.8338669428067849,0.0,56.74464482181172
2299,0.4371006720752627,0.8275917395362358,0.0,57.3521100754707
17537,0.4450790658541566,0.8095033365216652,0.0,5.117275199773239
7259,0.4838300884128351,0.7260214908987133,0.0,52.30985063489405
10064,0.39052308912851313,0.9402681843606715,0.0,31.781063914023
4846,0.4780214795462962,0.7380996112109632,0.0,47.34909400106049
13467,0.4314167780801312,0.8406806536180136,0.0,14.430704298446301
18980,0.4131982857901527,0.8838276903654123,0.0,6.666270371438797
14810,0.41124028755316466,0.8885775940734394,0.2,4.584300543513828
20702,0.5304888525502078,0.633956334249334,0.2,29.821305334317277
12837,0.49139713620588277,0.7105026467388965,0.0,4.657344812106119
13878,0.3955131966735838,0.9275711252676735,0.0,14.895432145056127
9374,0.48851805619926625,0.7163788456455166,0.0,16.61998908233756
1582,0.44285572163665776,0.8145112467769092,0.0,57.3293758443765
19789,0.48971211898273953,0.7139375728105549,0.2,19.471219935271932
20739,0.45612116950041987,0.7849967821771051,0.0,13.216401939175658
16170,0.527538754497334,0.639532948089183,0.0,5.304286214120507
4671,0.48878157634383723,0.7158395634393588,0.0,64.90517190630527
10682,0.4990979092148376,0.6949529916260719,0.0,18.364133599029532
4871,0.5535295154961706,0.5914402030588497,0.2,44.890311186550164
19818,0.46823028325542737,0.7587950458473546,0.0,33.21511672245638
4160,0.455732296516008,0.7858497109040984,0.0,48.211878564854935
4942,0.4898566465961734,0.7136424886478884,0.0,23.31470083915563
8989,0.5320666931918275,0.6309864343552618,0.0,16.812317910571487
64,0.4091885246146301,0.8935792887616492,0.0,73.14840112342613
13406,0.48774007294586175,0.7179726524367044,0.0,4.173216213466365
7515,0.5089040031492944,0.6754958791394634,0.2,55.54433802037517
18853,0.522067843079304,0.6499577319596797,0.2,27.77594407199963
6367,0.4534786691633541,0.7908070465566491,0.0,54.09475986804531
2303,0.48906768421183777,0.715254385564392,0.2,21.49339374051419
18607,0.40895418522661175,0.8941521457745103,0.0,52.14695286869588
7381,0.6023586699681368,0.506902213800791,0.0,2.0845340536739148
7395,0.4531284046972363,0.7915797395868359,0.0,42.79280180913369
7281,0.5038383235160523,0.6854998490483192,0.0,34.4532186476054
8371,0.46719433273367594,0.7610099778206392,0.0,37.3389535166815
6791,0.5006938633283018,0.6917604159060834,0.0,43.91295088505538
13409,0.5121418813295265,0.6691535803593284,0.0,10.945345348778421
15342,0.5288127849863994,0.6371208133798945,0.0,5.27966125390239
13783,0.4973943222137659,0.6983721626080883,0.0,19.93049384537148
16301,0.46419039466901346,0.7674604775811923,0.2,49.040724224675245
17564,0.5192484753520888,0.6553727524804162,0.0,18.062400214726196
9156,0.5216334425067924,0.6507901551895727,0.0,42.95898226806676
17056,0.4831265401325349,0.7274766717903496,0.8,61.0753025371051
3261,0.42091349972089914,0.8653279302561886,0.0,65.24572726170226
10264,0.4427056122753313,0.8148502619461941,0.0,7.704409553084009
17097,0.4892525529922143,0.7148764545443708,0.0,9.676210456376642
14217,0.3735224139926957,0.9847772655198861,0.0,39.03804937608511
10936,0.5239329018674379,0.6463916527314812,0.0,4.185709216304784
11833,0.5204836748769752,0.6529967557283493,0.8,9.27255411816643
2448,0.4574869090238818,0.7820070088314035,0.0,24.242217273773505
1006,0.4166839155580572,0.8754273408714088,0.0,69.33384606491363
7059,0.46186068313495315,0.7724919850321867,0.0,18.93377872994828
9823,0.5927745575337726,0.5229411250613722,0.0,18.314443746762553
12724,0.4229959068165376,0.860392776539326,0.0,12.494335341897866
1630,0.5261199982715112,0.64222595866691,0.0,17.037291702180173
16020,0.517664668854374,0.6584276037729332,0.0,3.419872977764168
9209,0.45654851634219956,0.7840603056409821,0.0,30.437220825706703
4150,0.43659749401188724,0.8287435746631435,0.0,55.54653935635954
10032,0.490152018677759,0.7130396937931165,0.0,9.156143105121872
6323,0.5177375638391414,0.6582867986199481,0.2,18.172008030146312
18998,0.43149256510262485,0.8405049989602277,0.0,58.83534992721594
15115,0.4527556399034698,0.792402725303447,0.0,11.303386727006373
2245,0.5058310685676465,0.6815525220228673,0.8,36.50224847026308
18152,0.48475219893594057,0.724117448642866,0.0,25.34411070250031
2603,0.42079056005315335,0.865620051144029,0.0,68.50084129436823
8551,0.45532481461594726,0.786744236444272,0.0,37.19726653870404
19252,0.5028130348799156,0.6875368780199099,0.0,28.23645221125536
9048,0.4818182667475137,0.7301882759718853,0.0,24.687663131561415
4096,0.419697424231864,0.8682212458263897,0.0,65.11659343697923
16076,0.454618302079974,0.7882971086293226,0.0,4.887836137105121
11718,0.4995122325350924,0.6941231916336487,0.0,4.576701028376047
3059,0.4057316515680036,0.9020632946376554,0.0,37.62956703235537
1835,0.45336784186975987,0.791051470045735,0.0,64.90577553135006
10213,0.5122671254810828,0.6689090605408817,0.0,10.656389761208215
17183,0.49161523403686824,0.7100589130867753,0.0,23.19762542188309
10662,0.5313612605142565,0.6323131491149898,0.0,4.590593305789415
8200,0.5272488902267212,0.6400825644586192,0.0,18.322362186767368
3053,0.5006387284701588,0.6918705388735177,0.0,38.29503327093854
16418,0.5060358555916741,0.6811477513520723,0.0,2.118042568113573
19746,0.42168668507850554,0.8634926931210247,0.0,63.52283713663981
10575,0.5141597723746464,0.6652212206322773,0.8,10.507834086442873
11416,0.48744035801961466,0.7185873385525595,0.0,12.833969962490475
6955,0.4467279674149881,0.8058054436405864,0.0,52.059057243627805
14566,0.44153779112936087,0.8174916654793518,0.0,27.800439043008453
12474,0.5545017976137302,0.5896852303327137,0.2,7.7077759853489685
7967,0.44582981059203713,0.8078179903871066,0.0,48.226731560845394
5772,0.411671374041275,0.8875298837354704,0.0,72.48457075087575
17302,0.551144610758352,0.5957580527965206,0.0,3.084424331383876
1652,0.4154156486438113,0.8784756969838743,0.0,13.840382193175373
4051,0.4910596460191012,0.7111896799115768,0.0,49.57525222501971
18334,0.5264882752231869,0.6415262169377673,0.0,11.54971693094664
13819,0.429112210375255,0.8460368316093833,0.0,22.74147053390325
10108,0.4311428738075878,0.8413157500572,0.0,67.59130748797004
19525,0.5550568956012754,0.5886846558930722,0.0,22.354417490182158
14143,0.41266893239335967,0.8851096239683716,0.0,29.925554225458477
18833,0.43995193451588366,0.8210897977735528,0.8,11.167231882321056
18975,0.6174496435733172,0.4821577626744165,0.2,2.1645506776108485
11707,0.5232413654550907,0.6477124195502518,0.2,9.08870071313319
17023,0.41605960955913884,0.8769267367767535,0.0,26.084181503555698
3598,0.49840550852378285,0.6963412591546765,0.0,64.12954911187589
2060,0.49846004404617256,0.6962318451573656,0.0,19.05586685023654
9584,0.4263824273603809,0.8524186186111018,0.0,42.42060878318747
17340,0.4655513098547789,0.7645329630874302,0.0,62.317462594509536
13931,0.4695926952356329,0.7558895658796251,0.0,9.418384019695026
18114,0.5009430010173385,0.691262954794092,0.0,22.106588977879994
11799,0.5283579795487164,0.6379812334387891,0.0,10.054583168165
11095,0.47974219340266183,0.7345064164462907,0.0,22.85508530876609
2628,0.4651373100226894,0.7654226266130266,0.0,60.724803381579115
17977,0.4285855525550093,0.847264904968551,0.0,61.85033806270423
15788,0.5257965981454907,0.6428408365713202,0.0,8.328003142001787
8011,0.44907237449898696,0.8005712138087564,0.0,41.549650272186
18682,0.5184476788261456,0.6569161651290708,0.8,18.40350596514111
4902,0.3948835254987695,0.9291644297193713,0.0,65.21340323138622
8075,0.42264375455096675,0.8612256425980387,0.8,67.28756037607299
14512,0.49647181165255416,0.7002285712223083,0.8,8.990934627445837
17731,0.5215181403665268,0.6510112201673349,0.0,18.249796909131398
11154,0.6287231855431061,0.4640642057251527,0.0,1.693880809274642
3124,0.45185836159388254,0.7943865075627617,0.0,54.15333282667641
6762,0.4992540412271035,0.6946402121228724,0.0,40.315180251144355
8854,0.5008703221612009,0.6914080494032044,0.0,19.51326356878144
8192,0.457604753066533,0.781749452024398,0.0,23.47593509000868
15885,0.5195940809676256,0.6547073857678481,0.0,8.197918291131106
15075,0.4997480536552703,0.6936512002459895,0.0,7.34299158198942
6906,0.5192777202440116,0.6553164324914654,0.2,19.73485421449045
5374,0.45024366565867274,0.7979663635232621,0.0,41.695336028145405
5865,0.4249704739202685,0.8557355855998698,0.0,75.59140217051518
11469,0.4918636832839364,0.709553667375906,0.0,11.481289071944875
16763,0.5586484126754373,0.5822349613506764,0.0,2.8622670055894717
4135,0.4160998771894946,0.8768299581398974,0.0,70.19462256647675
3341,0.49315344774079617,0.7069349003446932,0.0,42.483253699171975
5959,0.49203659930572263,0.7092021764237714,0.0,48.25411673316739
14873,0.49396299145611033,0.7052946806813126,0.8,9.570496147981187
15723,0.48222205805419605,0.7293505696645711,0.0,3.075926716371845
19114,0.6208836660964359,0.4766115477757519,0.2,15.651210140671566
15865,0.5382519671745633,0.6194284879843558,0.0,8.859375807620317
5038,0.5180738810535014,0.6576374193765793,0.0,60.88736237958321
1155,0.4477211720713446,0.8035846240976502,0.0,55.756717794225345
20140,0.5570719442763337,0.5850608835244525,0.2,10.344168550540571
2257,0.5121053603842172,0.6692248931124167,0.0,41.846636855175234
10931,0.5199634379238077,0.6539967815636315,0.0,4.001806278945064
21061,0.4453722871390113,0.8088447462584968,0.2,15.86880488016163
10028,0.4011393268181338,0.9134464635975201,0.0,6.355303753057138
16050,0.5501726116631974,0.5975232106052679,0.2,3.8797182246949653
11711,0.5281963343348596,0.6382872190620439,0.0,5.639587029599189
1753,0.4954673144842078,0.7022538921018724,0.0,20.365362870954296
21235,0.5787108939170095,0.5469522457704573,0.2,22.14718960965024
12501,0.5364704669593976,0.622743766032528,0.8,5.133401600305188
19426,0.4972646642116306,0.6986328710612149,0.0,18.644065164809156
10473,0.5389901331051059,0.6180580141681428,0.0,20.097083710053738
7312,0.4524285863101048,0.7931253486062524,0.0,56.58949543837596
20328,0.42860725338592975,0.8472142726469201,0.0,30.62129014932092
5198,0.4530220472567429,0.7918144852424883,0.0,44.51581132690312
1980,0.4534864331326682,0.7907899257891695,0.0,44.837789395570745
1729,0.5221071739976922,0.6498823980017442,0.2,19.09029668085354
16954,0.4481534421915394,0.8026196003167337,0.0,14.451566319471715
20161,0.5444775750488791,0.6079285219404601,0.0,7.075680319642913
2162,0.4976294571268851,0.6978995409032043,0.0,44.592291485483294
12965,0.5131793182510559,0.6671299466414513,0.0,9.486588655609049
11307,0.5075605818887986,0.678139202010707,0.0,10.043919633026125
1311,0.4505749853686093,0.7972307665759774,0.0,46.90507142161107
8237,0.4632136441818916,0.7695668968059474,0.0,88.33474493943828
9380,0.493256907468213,0.7067251301871723,0.0,21.14521527513344
2346,0.49313367458267765,0.7069749964945335,0.2,45.9639789655888
4395,0.5056752885510406,0.6818605379176587,0.0,52.10437362923986
6754,0.4919454944784626,0.7093873522071437,0.2,24.484504028453884
18201,0.47988623376890444,0.7342062161536651,0.0,28.452326783603333
6447,0.41854893883434213,0.8709614572171375,0.0,36.92876711498834
7170,0.4575694530625486,0.7818265958157451,0.8,23.939531020013106
8924,0.5119226796196458,0.6695816817146285,0.0,48.799108570049704
1082,0.5029294478795907,0.6873053813849549,0.0,52.197406979531436
20772,0.5771478197756489,0.5496568584980487,0.0,11.007153190255863
11324,0.48560865658094754,0.7223522128287145,0.0,12.286848950065774
18593,0.5057191004655881,0.681773901260286,0.0,9.756184813118407
6036,0.5159306357507941,0.661782949376218,0.0,57.94902557780955
4472,0.4522896237884203,0.7934325437554738,0.0,42.444673080721685
13225,0.5996865483473577,0.5113481796956322,0.2,3.2023179387694243
4211,0.42043200465939434,0.8664725138108973,0.0,34.82352914014104
2421,0.47461459038637377,0.7452521929617086,0.2,52.18628594930824
17917,0.5535457377222242,0.5914108966029289,0.0,17.138791405800628
2474,0.4623115999083978,0.7715161565692479,0.0,47.949730308018985
5509,0.4759103190498724,0.7425258478586468,0.0,46.857090456707226
2123,0.5399766621937259,0.6162293585175155,0.8,27.056783365914107
9645,0.5063408941727762,0.6805451326325013,0.2,37.31769302288236
21140,0.49403044595854617,0.7051581321983243,0.0,27.346032850844683
13115,0.4489794621976516,0.8007781334939466,0.0,9.76949307588984
4619,0.49578325458126504,0.7016164344950562,0.0,67.73054239692208
2436,0.425257878228374,0.8550595217675452,0.0,31.979227418823477
18984,0.4596227754602939,0.777349179273868,0.0,5.975483354583552
2758,0.4861080576859007,0.7213243388782307,0.0,44.01160409639381
4605,0.46129873574483377,0.7737094290576396,0.0,43.26582985619893
4591,0.47149461274195126,0.751847602759793,0.0,45.22739162623263
6650,0.4846163950110981,0.7243976391226875,0.0,37.00947272995471
9456,0.45454042539151873,0.788468424564137,0.0,56.91401823934699
7093,0.4183500686754475,0.8714367120826667,0.0,8.466004466586554
19275,0.4809130211944625,0.7320688543454736,0.0,16.603321141809765
5046,0.5178907688517346,0.6579909299016546,0.0,48.776868336419795
11337,0.5302227005012967,0.6344581710658203,0.8,10.995477716058202
15053,0.6621052567293407,0.4123307376034088,0.2,2.390693656733946
16680,0.4954398011877051,0.7023094236367148,0.0,18.46933245389725
5489,0.5049448578417829,0.6833060480612096,0.0,59.87469506796921
11782,0.5068484487214305,0.6795432377849673,0.0,4.653172379058227
15328,0.48027849282838864,0.7333891499348364,0.0,12.472748551146104
5299,0.4025523310236499,0.9099301756091422,0.0,32.24337355120073
5804,0.4025571556901837,0.9099181904900661,0.0,33.87761794295392
18416,0.5251108507591183,0.6441458943752518,0.0,8.665372250927621
8430,0.4386048089863497,0.8241564786572958,0.8,72.3939020671057
6645,0.4962279155425771,0.7007199506559939,0.0,49.75111649657556
437,0.4491229351713986,0.8004586310065068,0.8,60.07041955170712
15721,0.46775699948629024,0.7598063497789375,0.2,1.8877996456213237
18971,0.6170464782120688,0.4828109285588078,0.0,2.167482877434731
17843,0.4708729980277881,0.7531668645791014,0.2,29.85666533675319
9107,0.5188312171269869,0.6561766565555975,0.2,20.44974485074522
1308,0.4182702601926696,0.8716274998994723,0.0,8.72063074249779
1246,0.4617656039342064,0.7726978674381203,0.0,56.56148153838365
17938,0.5260276896520782,0.6424014257058616,0.0,25.01189916677835
12752,0.4505361773994999,0.7973169001646773,0.0,7.705270550565144
16338,0.505883910997548,0.6814480609226228,0.2,11.751571407685331
15206,0.497748576456567,0.6976601959985921,0.0,5.046629821563332
18641,0.4642537973157308,0.7673238993197024,0.0,26.641871635806794
18570,0.517538056881372,0.6586722166791509,0.2,25.099033042082667
16557,0.4428993229898431,0.8144127966388377,0.0,14.114181851356307
5285,0.45445912945133937,0.7886472936075001,0.0,37.15711856203566
18743,0.49643755256168204,0.7002975787110488,0.0,26.57279274618852
19549,0.5311111393706984,0.6327839776244282,0.2,24.76083651339043
11584,0.4219905069448776,0.8627724605904357,0.0,13.866909747508785
21062,0.41255682035535407,0.8853813363775442,0.2,17.390128012345357
16593,0.4256360670046937,0.8541706006432581,0.0,25.997963141087887
11563,0.45878285176571143,0.7791782706989465,0.0,8.697967119037557
7268,0.41720283433683525,0.8741827621661442,0.0,62.06697611379623
2071,0.49032325647396285,0.7126903982988096,0.0,45.71196171189395
5340,0.38326174386000905,0.9590371188816675,0.0,50.60837822708913
5134,0.5014674458318245,0.6902165872826899,0.0,62.31965629766622
3062,0.4508484193865491,0.7966240948945369,0.0,44.10111037958232
15141,0.5707388837456665,0.5608234703354177,0.0,6.776710486163832
17413,0.49948689075057684,0.6941739259815181,0.0,18.964831445970006
18603,0.5639494626849616,0.5727906366673688,0.2,10.031282426510698
12517,0.4283629358913613,0.8477844616785682,0.8,5.248633387188285
12284,0.4570442165310502,0.7829751388710235,0.0,12.880332904309851
6272,0.4344058518394901,0.8337760393677632,0.0,59.41904893664714
18120,0.4921146470206656,0.7090435672356046,0.0,19.619235559504908
11640,0.4170030787642909,0.8746616740827949,0.0,5.641567995942841
13906,0.5511992347913325,0.5956589475432084,0.0,9.645802908003471
17372,0.5015989759382435,0.6899543312559338,0.0,24.903211537600868
7139,0.4493112222159121,0.8000394861070796,0.0,59.238922283882665
18973,0.6173987039702549,0.4822402660898239,0.0,2.1649210601651703
4284,0.4172217370094836,0.8741374550807569,0.0,53.07325238404118
7025,0.4508484193865491,0.7966240948945369,0.0,44.10111037958232
4313,0.4921261852314963,0.7090201213259183,0.8,40.21951961565634
16313,0.5210496441857483,0.6519099554232193,0.0,7.071267521481955
9266,0.47320981870002854,0.7482163975157688,0.0,68.8882834909393
21180,0.5350339721301548,0.6254250347934257,0.0,10.452102219987442
18084,0.5040369375106879,0.6851057248845726,0.0,5.939524158984194
8247,0.41777100383305754,0.8728218342952518,0.0,62.14491526773213
17759,0.4591449444815868,0.7783893355863226,0.8,27.730121564922577
8959,0.496860788077041,0.6994453965948478,0.0,18.02470952451614
20177,0.5194265728905157,0.6550298203179971,0.0,19.187133689157783
11129,0.39052308912851313,0.9402681843606715,0.0,31.781063914023
289,0.4340175628606524,0.8346702782796581,0.0,56.75757892301676
19139,0.47913839025378113,0.7357658083642796,0.0,29.57300059348029
4227,0.437582525591139,0.8264899610502514,0.0,79.85958933367155
5133,0.5013590624430516,0.6904327430948877,0.0,62.339173006147455
2490,0.4373187708551319,0.8270928970501608,0.0,69.24008200275856
18938,0.5282819586753962,0.6381251251670901,0.0,12.473750665120818
9812,0.5591981589361068,0.5812513803853618,0.0,22.172995757892068
20803,0.5675902507543903,0.5663555101045272,0.0,4.16809340524056
20037,0.5349956142410232,0.6254967298000622,0.0,3.8427393647296193
6468,0.4861080576859007,0.7213243388782307,0.2,44.01160409639381
19878,0.5094129513337291,0.6744962920765721,0.0,24.646093843498168
8574,0.45406093092225897,0.7895238808661563,0.0,56.3088429424307
8466,0.41482092700236695,0.8799083530739865,0.8,71.74772623694102
12063,0.5048257287190053,0.6835420009101355,0.0,11.902175351598316
9411,0.4788373289350097,0.7363943448139044,0.8,43.414129946882056
8415,0.4610379644583887,0.7742748869719478,0.0,43.32068347042963
7179,0.4698408019002919,0.7553613610174738,0.0,32.48053852375138
6465,0.5184780459546391,0.6568575936657993,0.0,38.018588721734126
3170,0.47546631991303084,0.7434592303927399,0.0,52.06073374268037
15545,0.5607498179709739,0.5784804301989493,0.2,17.424408378210963
3197,0.547708301777792,0.6020124297798717,0.0,17.22658554036132
18031,0.41273968415433293,0.8849381894576864,0.0,26.835751270458598
7549,0.44982969527433436,0.7988862227958419,0.0,46.215569817244905
14321,0.51637525933167,0.6609215310495612,0.0,11.766055405236878
20465,0.5255007921119998,0.6434035813170763,0.2,24.449336090048902
12178,0.5139394445575323,0.6656498326122466,0.0,6.683457412234411
18970,0.6165814616317152,0.4835648294512235,0.0,2.1615345709001907
4285,0.45312742722147187,0.791581896760848,0.0,41.225586632734704
18740,0.5295836872751947,0.6356640768065488,0.0,8.26839998196365
628,0.5195732630342881,0.6547474523335663,0.0,38.88545079446437
21096,0.592726591583174,0.523022046029961,0.0,2.648845263349508
3645,0.473070166410039,0.7485115581303878,0.0,60.131675337121905
15816,0.5521276858172608,0.5939759445678632,0.2,14.24057378082816
9088,0.525467012768596,0.6434678636733172,0.0,18.737461945671058
840,0.46391012310635077,0.768064445720019,0.8,27.888418148936545
12449,0.41724833543752926,0.8740737058129692,0.2,7.4689600912537655
15993,0.5272487534878871,0.6400828238026487,0.0,6.894332341792271
15240,0.532358022812021,0.6304390407761992,0.2,6.01155165489397
4380,0.4735445594834759,0.7475092641660648,0.0,72.54577636853382
2511,0.4849454493266161,0.7237188699857348,0.8,47.3529258840281
13363,0.5599108622272077,0.5799776825168343,0.0,7.16620435248131
17818,0.5571822570213231,0.5848628806895135,0.0,23.144485364412844
15886,0.5304702164229849,0.6339914649678884,0.0,8.241888742271861
6831,0.4491792881818037,0.8003331654137164,0.0,43.638164012365635
18873,0.48094625671885466,0.7319997475121383,0.0,28.403420035298304
10173,0.5325309559144078,0.6301142499156275,0.0,48.50304342577738
19570,0.5440853621259233,0.6086491287635177,0.0,5.937676623249646
9512,0.43686080824119466,0.828140651234275,0.0,40.0699978628338
2487,0.46508206258154317,0.7655414102953241,0.0,24.497325129450367
11717,0.46388873285384247,0.7681105553964315,0.0,8.55060686236403
11342,0.42014134799921726,0.8671640814672881,0.2,7.024462941296912
7017,0.4393212451677982,0.8225243677589017,0.0,48.65642640187904
9415,0.4977218452334049,0.6977139017091508,0.0,64.22456678158119
19604,0.5447499670785078,0.6074283655915395,0.0,6.791656407381062
8987,0.5347318739359698,0.6259898279270381,0.0,19.158418994142018
3894,0.4085614795270677,0.8951128753279142,0.0,55.54175664576479
15890,0.5300408664042722,0.634801168985362,0.2,6.037593714807539
19768,0.5136208167175923,0.6662699964355473,0.8,22.730467950714157
19404,0.4995333580269009,0.6940809002867647,0.2,6.285943313358727
5869,0.477525024519162,0.7391387130645976,0.2,53.32885927544689
20119,0.6551520439041877,0.42288794218644704,0.2,2.015483845348375
20071,0.48352873562566884,0.7266445333301794,0.0,4.756578563138725
626,0.5195732630342881,0.6547474523335663,0.0,38.88545079446437
4776,0.49504526496469803,0.7031060762211012,0.0,55.51725513470531
6,0.4386166021428262,0.8241295911319171,0.2,69.65955337604481
16128,0.5224462689538559,0.6492331349690794,0.0,10.194582750802269
19042,0.4530670673587038,0.7917151128931867,0.0,54.73126659994897
6621,0.49552590098870264,0.7021356541489815,0.0,52.55836273069233
12457,0.4868841073660619,0.7197291567737962,0.0,4.648730445827662
10515,0.4541887628192711,0.7892423902171926,0.0,66.04281593781391
8995,0.4348501679488316,0.8327537487239893,0.0,61.636268203533525
19023,0.5014461362342544,0.6902590826640553,0.8,53.29145110785108
19147,0.5150321669093894,0.6635259202507149,0.0,5.799880185344422
656,0.4954673144842078,0.7022538921018724,0.0,20.365362870954296
11960,0.5171153702542188,0.6594892760723399,0.2,4.1613774515146815
13113,0.48234762707854256,0.7290902068789864,0.0,9.868235491199442
6974,0.46975194521474595,0.7555504997397205,0.0,30.335353717428347
10583,0.5110763936466485,0.6712362016221581,0.0,9.793000850349522
20249,0.5288415978434623,0.6370663289329186,0.0,7.62727652594076
14250,0.5650251089848872,0.5708851081419376,0.0,7.584494132530513
18515,0.4310992266540285,0.8414169911206397,0.0,7.7498713989309715
6179,0.5185473646798084,0.6567239060539786,0.0,40.19150355154406
17700,0.4660529224664868,0.7634560837801445,0.0,20.844258824577704
6253,0.4183899238594225,0.8713414490753748,0.0,12.229280428720571
20424,0.5572453110945101,0.584749721117625,0.2,14.95292794861055
16643,0.51279711466362,0.6678750000225125,0.2,8.724785014387015
21227,0.5488126082959339,0.5999982285341956,0.0,25.259925650170793
18321,0.6121626058732109,0.49075733588944837,0.2,3.0630618632796343
18458,0.5134865518629944,0.6665314391229816,0.0,7.059068142734288
1280,0.4986622418346575,0.695826282481414,0.0,33.90761177242869
6787,0.49719074697221866,0.6987815297918463,0.0,44.74298049956712
13232,0.44955436037923896,0.7994984971673211,0.0,5.984246167426669
16475,0.4448226348685691,0.8100796495964165,0.0,10.279910799731656
21152,0.46350827754348667,0.7689310353579443,0.8,61.28342131697107
9922,0.5069178093683472,0.6794064002319882,0.0,49.37076686958018
9926,0.49640437083485406,0.7003644206242646,0.0,38.94726585838387
11778,0.5379955946946505,0.619904907153783,0.0,5.139631221040583
8426,0.39898978331809076,0.9188194681391764,0.8,60.343471374054886
19272,0.4921404685045365,0.7089910981481301,0.0,24.314141163444148
18871,0.4741060149106272,0.7463243221462603,0.0,28.959249339260182
16576,0.5189409709671485,0.6559651383788145,0.0,10.32489144073259
19731,0.5002413084332334,0.6926646801155416,0.0,11.762831180237768
13669,0.4099104237831492,0.8918166217313898,0.0,9.934836621766014
4882,0.44157390040222483,0.8174098881158985,0.0,56.47075825395448
939,0.45241691877743995,0.7931511376113364,0.0,46.284334272233764
4331,0.4800833900416286,0.7337954609159867,0.0,38.151860725611044
1252,0.5010205066926583,0.691108247212672,0.0,48.052755585059096
11343,0.5288210191550381,0.6371052424542931,0.8,11.15571294119649
14397,0.48070965100734975,0.7324918272973885,0.0,7.93691537071763
8169,0.4698408019002919,0.7553613610174738,0.0,32.48053852375138
10044,0.4452589987816852,0.8090991463895678,0.2,5.7494988080258995
11703,0.5792757359337248,0.5459766869048328,0.0,5.342108829496896
10423,0.6697026053834189,0.4009215376997731,0.2,2.341371852485967
14967,0.4213794561592034,0.8642215302024219,0.0,26.367397848001687
8975,0.5034043594014437,0.6863615364029562,0.0,56.56648403277091
18556,0.48125186444061946,0.7313645192253214,0.0,16.58734682174147
9149,0.4858412696038012,0.7218733141824138,0.2,39.77521988682382
12297,0.5498838070875722,0.5980482829149018,0.0,5.081017814686077
13456,0.5233588067609753,0.6474879951530556,0.0,19.240754859569265
11373,0.4782101324066662,0.7377050355444418,0.0,5.343197594961364
11210,0.5362076852145314,0.6232337205442153,0.0,5.038221168644432
14596,0.46919613813852046,0.7567343929730055,0.0,4.445058059590512
10588,0.4528579657551326,0.7921767440428765,0.0,30.299570580821637
13475,0.38983035682622735,0.9420436169876274,0.0,15.876731994686253
11252,0.5334165092972744,0.6284527166496909,0.0,24.900868029161636
20092,0.518563286875684,0.6566932011415318,0.0,24.547848892563263
3963,0.4591516750306235,0.778374676817263,0.0,52.78547763942774
548,0.4486545752266356,0.801502007526475,0.0,57.8964918878979
274,0.44913609771120905,0.8004293242267706,0.0,38.77279841971792
12348,0.5432956835763447,0.6101015702816484,0.0,7.695821112111249
2622,0.5156345502047797,0.6623570004554449,0.0,17.86641834679788
919,0.4504509358460977,0.7975061183064318,0.0,53.85957862037951
16776,0.3620142143908347,1.0160718016542418,0.2,89.87155550752527
6262,0.4676157179331832,0.7601084358918855,0.2,45.534294924236654
13050,0.5193600305967336,0.6551579357435324,0.0,11.293939840387342
17963,0.3683373901622534,0.9987559397438798,0.0,60.97405316932509
16807,0.45688344205777615,0.7833269708205692,0.2,2.2779149185497567
6830,0.48831931848617627,0.7167857459566273,0.0,38.86053932641137
20275,0.47253937854940864,0.7496341946756856,0.0,9.739622145640606
9438,0.4726162603663731,0.7494715086291373,0.0,39.583339558012305
20313,0.4963521691215668,0.7004695858107617,0.8,33.79555726095013
17697,0.4408134821284716,0.8191334360202555,0.0,40.172762065163184
13385,0.5539553856758176,0.5906711267487575,0.0,20.18559439602319
2344,0.4501084978863337,0.7982666188651769,0.0,55.934937609184786
8993,0.4348777932028734,0.8326902225289374,0.0,69.0633290894852
14745,0.46025565385012646,0.7759731746421167,0.0,26.23565114018421
10040,0.4905273599586509,0.7122742218001369,0.0,10.215080783193436
1156,0.4872291555608873,0.7190207212717075,0.0,24.7274814785543
20774,0.5346980478708263,0.626053087920919,0.8,21.83579261749696
12845,0.526990460631205,0.6405728318736653,0.0,4.302145072750959
17193,0.5194876413377039,0.654912258258643,0.0,7.850760820790082
12684,0.44448394981418615,0.8108413330846325,0.0,7.724479755485214
13982,0.5561651769161589,0.5866899480668547,0.0,23.437383761864137
14471,0.43995193451588366,0.8210897977735528,0.0,11.167231882321056
19583,0.4707215013470834,0.7534886521046499,0.0,28.956569130328187
9206,0.4659094386349918,0.7637640014356583,0.0,51.93595209762475
21059,0.5395379898050432,0.6170420800716255,0.0,6.863358998967886
19166,0.5583060065904916,0.5828480680088634,0.0,8.10188002070516
11007,0.5967520057120201,0.5162536527097422,0.0,3.815037496808736
18125,0.4935690631214739,0.7060924843651621,0.0,19.085678990461034
6905,0.5210440005050393,0.6519207868503905,0.0,19.319672667524145
3436,0.46200659871931066,0.7721761050601675,0.0,49.17024228042269
11605,0.4222889848962466,0.8620654009811751,0.0,11.293272068604011
5075,0.4120890436912532,0.8865158275201475,0.8,60.82384808545414
18060,0.4817906092590664,0.7302456799438568,0.0,16.80989096431552
1409,0.40277366198137327,0.9093805076107951,0.0,32.76043417428342
5940,0.4746936983789305,0.7450855284678324,0.0,48.430559350409105
7322,0.48252414306486296,0.7287243220147969,0.2,49.58240075719114
13356,0.5362501215846411,0.6231545820086705,0.0,6.7652781094290875
19490,0.4719671255357071,0.7508459451109623,0.2,6.265808896385985
15942,0.5027348426258813,0.6876923997129909,0.0,9.765232600592132
3749,0.49365872562491214,0.7059108393492766,0.0,65.82265546112919
21021,0.43748891887357655,0.8267039017942024,0.0,8.556385107627797
4008,0.4806364139914186,0.7326441907775947,0.0,48.028487355194684
1031,0.4731885913572503,0.7482612567263428,0.0,31.254873035986165
17160,0.4722030237270082,0.7503462508632806,0.2,36.13479906072655
12053,0.5660635058486202,0.5690490059270599,0.0,4.690102101132925
7452,0.4948248491905783,0.7035514190486312,0.0,62.68643036369876
16081,0.5252172338702185,0.6439433231729376,0.8,5.339578071368507
5497,0.44916368482709396,0.8003679034930026,0.2,54.43302282632941
20635,0.5033250144794912,0.6865191655020475,0.0,5.0768095431511755
6595,0.5143440875205829,0.6648628065220407,0.0,34.629381205250745
18213,0.5157361495749844,0.6621599823114254,0.2,15.36873384619255
9724,0.4224114094529237,0.8617755359394318,0.0,73.34140330422304
19028,0.4516251832796704,0.7949026836917295,0.0,71.9227974888632
7672,0.46097443469709615,0.7744126937117514,0.0,45.97262091422607
14763,0.4826950430347022,0.7283702056149444,0.2,24.10905408370584
10279,0.4934352641723832,0.7063636056687073,0.0,20.656190268485684
12994,0.4753613504453656,0.7436800263820953,0.0,12.275925463565391
7873,0.4954636196336818,0.7022613494339603,0.0,18.99616896640574
5750,0.5640777232030316,0.5725632298810301,0.0,17.428823931282615
2114,0.4944848970752196,0.7042386701952458,0.0,53.41298280062476
13705,0.4113606729769383,0.8882848994853964,0.0,12.334724253184271
1655,0.4491680472512411,0.8003581912141385,0.0,40.66980042815108
4040,0.3948835254987695,0.9291644297193713,0.0,65.21340323138622
20655,0.552036439244544,0.5941412217596381,0.8,20.582241455288212
8355,0.46410743086692,0.7676392215145122,0.0,64.47018048742612
15433,0.6002806827288514,0.5103579286043397,0.0,3.7868558691814203
13709,0.4718841362161378,0.7510217976486366,0.2,10.26045957601185
13398,0.5364202629541329,0.622837352460114,0.0,7.436678024012799
10220,0.5869286829050983,0.5328519607342098,0.0,1.9621739903854767
11933,0.5205247541850667,0.6529178335852311,0.0,4.637675167719819
5797,0.5182219270762074,0.6573516978238106,0.0,57.462399267091854
16213,0.5469398982414592,0.6034163578410159,0.0,6.65719127287623
6273,0.49222374165988086,0.7088219063902764,0.0,20.556543717856904
13776,0.5039014878093052,0.6853744907115228,0.0,11.746015679746627
17073,0.46315502436526224,0.7696934550946674,0.0,72.11065557418164
11003,0.5495863390418347,0.5985893945658965,0.0,21.788652877565905
803,0.4471452445542289,0.8048718052588464,0.0,62.7035370061809
18083,0.5088422752392682,0.6756171822803595,0.0,6.410255446616623
2243,0.46508206258154317,0.7655414102953241,0.0,24.497325129450367
17754,0.4219751854346876,0.8628087689625177,0.0,57.82975905625445
10903,0.5370122782811457,0.6217343201515239,0.0,4.894603251583936
550,0.4628686189290778,0.7703120255758654,0.0,51.545429896650745
465,0.4861080576859007,0.7213243388782307,0.0,44.01160409639381
18737,0.49396299145611033,0.7052946806813126,0.8,9.570496147981187
17656,0.5266108573075685,0.6412934143816762,0.0,25.523478626292782
20822,0.5112962409435563,0.6708061288818318,0.0,14.30497383644892
17833,0.3819557921957286,0.9624504043087877,0.0,28.133869595671264
14833,0.49424921156606183,0.7047154121455069,0.0,5.359008726675003
621,0.5011113972444465,0.6909268528240086,0.0,49.53012821450574
19350,0.4635173580767093,0.7689114446737733,0.2,12.500961088374122
2913,0.45063394037566856,0.7970999311937276,0.0,49.49990451085251
20217,0.5432763791100333,0.6101371030676942,0.2,3.2633183039037714
9068,0.42024491226615523,0.8669176132124893,0.0,84.81055168795139
12422,0.4921834831109286,0.7089036988598189,0.0,4.57951792167696
4966,0.5150499232003636,0.6634914447634765,0.0,51.12201531282207
3581,0.46058085133875437,0.7752668657581514,0.2,45.04300371758525
657,0.49692687429428367,0.6993123979275421,0.0,58.91707219306051
14152,0.475267702057476,0.7438770504220108,0.0,29.479847593354265
14357,0.5579834515962412,0.5834259736781535,0.0,17.45683350242413
19767,0.5842962960543067,0.5373470685582051,0.8,3.4242441636399166
20707,0.48997776583823643,0.7133952647473132,0.2,22.68204565520268
11858,0.4527556399034698,0.792402725303447,0.0,11.303386727006373
5246,0.5076360221236378,0.6779905800892391,0.0,50.88319251843163
4202,0.41083727875833803,0.8895580583109433,0.0,87.09218400644129
1451,0.4172217370094836,0.8741374550807569,0.8,53.07325238404118
5310,0.5010921006063759,0.6909653612469275,0.0,53.964393659055574
9563,0.4893951061107708,0.7145851277972238,0.0,25.048352124853864
9845,0.5442169001099411,0.6084073981538836,0.2,18.2613471040239
18499,0.5227614532796578,0.6486300312440476,0.0,7.790046823700646
8184,0.4574869090238818,0.7820070088314035,0.0,24.242217273773505
16830,0.5471083786144179,0.6031083634355501,0.2,2.124750765533781
16658,0.490593124932643,0.7121401608461493,0.0,4.2105284633004345
6480,0.4193114935462695,0.8691412139092931,0.0,63.53422141056508
8402,0.45531423637671553,0.7867674690065494,0.0,57.47336601195221
318,0.42571460725145605,0.8539860932496303,0.0,16.13179678025378
8108,0.4968134568979239,0.6995406615760873,0.8,19.40525779200851
12556,0.5246187243572544,0.6450835195495515,0.8,4.819095966473639
8526,0.42595588095117565,0.8534195039183895,0.0,69.12911544969306
4425,0.470827307923173,0.7532639020428512,0.0,34.91001645968754
18054,0.47882746726034775,0.7364149400674869,0.0,16.210334430075562
13763,0.4886588977290336,0.7160905835652938,0.0,10.751741826554248
11726,0.5362301265024223,0.6231918695619971,0.2,4.276591919915201
2403,0.48141911940071136,0.7310170381760694,0.0,45.34864185170811
11325,0.48567765137845686,0.7222101439102916,0.2,11.871148442793277
3813,0.4490709626183758,0.8005743578071647,0.0,56.12026126070272
10465,0.45717171535004686,0.7826962139138509,0.0,26.46295708154787
7344,0.47180825141439464,0.7511826229406521,0.0,51.223144892265026
2631,0.4798484287176201,0.7342849984521098,0.0,54.04337476564528
1976,0.49784878292547186,0.6974588968121309,0.0,38.3951117373889
8623,0.48764133694352574,0.7181751086280408,0.8,23.854188397380668
7063,0.46186068313495315,0.7724919850321867,0.0,18.93377872994828
12807,0.5402064328191551,0.61580392947691,0.0,4.095096042929993
18551,0.5003836763049174,0.6923801222145975,0.0,10.959684951893642
8691,0.5260986978226325,0.6422664454002491,0.0,18.32386090325245
9734,0.5889485372892893,0.5294164721710732,0.2,19.152169602530876
77,0.5080654892155629,0.6771449239339129,0.8,18.45896948987319
5752,0.5620548532263281,0.576155830245802,0.0,18.114338511698385
14052,0.5172124985220865,0.6593014666337949,0.2,4.148984196803671
4300,0.45326264971397084,0.7912835208254905,0.2,60.7033124023607
16544,0.5719940435708474,0.5586267009942377,0.0,3.8193305618428504
6411,0.42895151398598125,0.8464113874531746,0.0,80.62068788371809
18144,0.5250708396131877,0.6442220928965493,0.0,24.80255057651715
12078,0.5485854003199361,0.600412313446799,0.2,21.87302104839709
4250,0.4628269147102919,0.7704021291083956,0.0,55.02211865027319
14559,0.45457824230319505,0.7883852298987056,0.0,25.311108948729316
3279,0.5159862071232252,0.6616752442391839,0.0,57.25145151743168
7306,0.4982907442093344,0.6965715486027224,0.0,20.395614092780647
5079,0.4121767715532972,0.8863029644831205,0.8,65.08122695247374
3816,0.4443785067628759,0.8110785870062593,0.0,57.62713608201013
16650,0.451796546991949,0.7945233177575444,0.0,5.048003811477446
7684,0.4486741574148383,0.8014583620095235,0.0,60.29772035495787
20186,0.4841262756512776,0.725409506188074,0.0,12.559377086907878
16775,0.3565825438838217,1.0311895262828896,0.2,91.20871832013263
19267,0.4905741811307908,0.7121787756710369,0.0,24.423459378408953
12523,0.4653066008345156,0.765058734041494,0.2,8.671941144353443
7912,0.5270215597734642,0.6405138208915017,0.0,42.0577377869417
12132,0.516722243869099,0.6602497947431593,0.8,5.976911745456536
12844,0.5208061015260109,0.6523774724766611,0.0,6.85061610227141
6183,0.49739875112222837,0.6983632584277493,0.0,44.77031997889342
886,0.4161604037420007,0.8766845071217494,0.0,51.88218939900801
14400,0.48555667528619445,0.7224592621499722,0.8,7.553311702906404
6760,0.48285308823508777,0.7280428367419101,0.2,22.605729525383705
10212,0.5116794534586081,0.6700569174683562,0.0,10.685061877814112
20677,0.48919821884760617,0.7149875161250404,0.2,35.470531111357005
4603,0.4288590194571736,0.8466270400374227,0.0,73.30520148653005
15922,0.5381433515793742,0.6196303015628158,0.0,6.447253122301958
2284,0.43902989833784467,0.8231877626728666,0.0,58.29403714299058
9437,0.4749920495350613,0.7444572129084983,0.0,27.83897781749876
8249,0.4262867397675851,0.8526430610956818,0.0,52.778600277702466
19728,0.462975143945829,0.7700819111192092,0.0,26.748797855968448
17297,0.4374907274461252,0.8266997678179292,0.0,11.472525680996284
4959,0.48082201578329525,0.732258106910764,0.0,61.85567561762878
5245,0.4985233791206028,0.6961047917419452,0.0,50.54764796530108
10728,0.5334024153507201,0.6284791390279024,0.0,2.5129107477055608
5902,0.4395286515345485,0.822052372776871,0.0,80.08023264667031
5554,0.5405658773241261,0.6151387671391072,0.0,46.750545129288064
8295,0.5201310994580476,0.653674384839745,0.0,40.419954988108856
60,0.4954673144842078,0.7022538921018724,0.0,20.365362870954296
9726,0.5845056721870854,0.5369887937764928,0.0,19.42610538687929
1723,0.5253682604987086,0.643655813721608,0.0,18.742934956953135
13051,0.5469292243571966,0.6034358736753006,0.2,45.81586939937475
19847,0.5210394879370366,0.6519294475154002,0.2,16.754912462466095
21020,0.4373355482176436,0.8270545336369861,0.0,8.560014147083571
12522,0.4665546115508456,0.7623801989851955,0.0,5.773504848484681
4767,0.5101666951276246,0.6730177534772125,0.0,45.96711204902182
18172,0.4711622907209873,0.7525526780284522,0.2,28.555612573509084
18431,0.5215741165595531,0.6509038927613296,0.0,6.880379841767763
9152,0.4986178048688183,0.6959153988053903,0.0,45.164910444352465
9569,0.4460562752028083,0.8073101573370229,0.8,78.00230345995902
3445,0.45785508547750303,0.781202552189649,0.0,41.4037352660514
10759,0.5420088665510447,0.6124729187260299,0.0,5.64700047420191
16909,0.4493846635080979,0.7998760464084765,0.0,5.136604055946764
19585,0.4754378950709294,0.7435190152620506,0.0,28.84853722490757
8102,0.4771327360677061,0.7399605541258273,0.0,48.193634503303784
9962,0.5371364827060754,0.6215030590264463,0.0,47.84019464937628
12905,0.5213110378877418,0.6514084136594741,0.0,15.959506134657119
21040,0.5371158218207128,0.6215415246369516,0.2,18.608952986821127
20352,0.573944270884821,0.555222976426852,0.0,3.6439088487860722
6308,0.4865169846623064,0.7204834660182983,0.2,23.69489916414889
17323,0.4872648422986974,0.7189474796962757,0.2,23.64438441574117
9193,0.5343556763349622,0.6266936011894612,0.0,36.9749224701782
16938,0.4303204583119974,0.8432250959684575,0.0,73.44490457219327
8692,0.5238814732962465,0.646489816246798,0.0,18.573652124830954
2074,0.4869537345897429,0.7195861612548302,0.2,66.30986311263058
17862,0.4818807754793263,0.7300585493058593,0.0,16.667236624953723
17277,0.46176195367059686,0.7727057724834641,0.0,12.697100640339453
8327,0.4435970011560947,0.8128387837720248,0.8,63.01532640185283
17212,0.5316762116090801,0.6317205997227096,0.0,47.09571487791843
3155,0.48764133694352574,0.7181751086280408,0.0,23.854188397380668
20150,0.5602407147420424,0.5793887398573749,0.0,4.653042040583092
450,0.4200918588617619,0.8672818800429893,0.8,69.23511076345457
20128,0.4821414870549394,0.7295176663986871,0.0,16.93210576066468
1636,0.5316035221424703,0.6318573266148257,0.0,15.715871018779037
8632,0.42571460725145605,0.8539860932496303,0.0,16.13179678025378
17633,0.4405980368186193,0.8196223003237317,0.8,73.40209765429998
2413,0.47292878011817585,0.7488104724017721,0.2,55.42694865347214
4214,0.4195334589964098,0.8686119970268454,0.0,68.85921407620809
1774,0.4999153032318145,0.6933165884450219,0.0,42.3269798404029
17108,0.551144610758352,0.5957580527965206,0.0,3.084424331383876
11058,0.5198850383350592,0.6541475719733635,0.2,4.096272228575918
853,0.4560381475297332,0.7851788161033412,0.0,55.69666039856952
15188,0.5151191138218667,0.6633571160870738,0.8,9.091309225363215
9159,0.5255117546711789,0.6433827203688164,0.0,41.85526061562786
11504,0.5076661433163836,0.6779312456491483,0.0,4.407569758252613
6083,0.3951404662022125,0.9285139666569796,0.0,56.843626172180194
20228,0.5739131416890397,0.5552772152119972,0.0,1.8157564831521589
19054,0.5535457377222242,0.5914108966029289,0.0,17.138791405800628
7978,0.529398867885431,0.636013127677575,0.2,53.495064557152446
12832,0.5630955352335782,0.574305975658027,0.0,4.733257658605076
20924,0.541184624127017,0.6139947937930555,0.0,16.353751180434756
8689,0.5301051803438361,0.6346798386463202,0.0,17.659967599834008
12713,0.4011393268181338,0.9134464635975201,0.0,6.355303753057138
19545,0.4960387749760088,0.7011011799578869,0.0,21.21426945467024
14029,0.4335270820192401,0.8358010117734698,0.0,11.097348659166828
16968,0.5252968279285091,0.6437917896307657,0.8,8.647733140539135
651,0.4531479838173359,0.791536531752337,0.0,41.01346430573733
21044,0.5341096623400288,0.6271541009181393,0.0,29.488786112259277
3872,0.41854893883434213,0.8709614572171375,0.0,36.92876711498834
923,0.43981971791287394,0.821390368049124,0.0,66.59422471625385
1789,0.45307945565989893,0.7916877700719516,0.2,58.030715962313394
3016,0.45178617289657064,0.7945462798951561,0.0,40.49405127609477
2046,0.44383148950775514,0.8123103167246296,0.0,73.18915829740196
315,0.420466178774476,0.8663912337801546,0.0,34.820262495817104
10567,0.5163849762888245,0.660902713599354,0.0,10.518926571105235
19164,0.5631226031128254,0.574257907032011,0.0,5.701806428137207
17158,0.46583592070088636,0.7639218083590228,0.2,36.78856396150616
20599,0.4710637960749675,0.7527617459958091,0.0,28.885349696206042
9636,0.4806755178473429,0.7325628355906865,0.0,37.65373086716346
16837,0.4871120992017928,0.7192609992217285,0.0,5.259128416708201
11360,0.5404837634306398,0.6152906822603905,0.2,3.161031191053064
11545,0.4680140438392083,0.7592569753112909,0.0,4.91041879933812
5209,0.535552945534117,0.6244555227695997,0.0,51.03987253471064
9386,0.48473966438891825,0.7241433066154745,0.0,42.1958335703577
11656,0.5403688159496252,0.6155033800577421,0.2,22.404322505811024
3416,0.4302057343075528,0.8434917328381035,0.0,53.78946497154013
18,0.4954673144842078,0.7022538921018724,0.0,20.365362870954296
13408,0.4492658204285891,0.8001405387385335,0.0,10.58946028653057
2174,0.4736787110342808,0.7472260119363587,0.0,46.79502899751446
255,0.44144100150424004,0.81771089979464,0.0,49.02585849446101
5828,0.4508022448982827,0.7967265170190599,0.0,37.52980221947036
3588,0.49336555172019536,0.7065048954835941,0.0,24.056491152195917
11123,0.4473457614975741,0.8044234677230917,0.0,24.337834409495102
14308,0.5709201093796239,0.5605059926357353,0.0,16.72241567807985
6960,0.423643509524868,0.8588629568259225,0.0,53.421273293530646
12765,0.4977658258602365,0.6976255417462155,0.0,7.189031087939389
21171,0.4710024310508589,0.7528920235122478,0.2,10.699348520284056
2630,0.4798484287176201,0.7342849984521098,0.0,54.04337476564528
17837,0.518476373577597,0.6568608192213504,0.2,11.301290031373183
5025,0.4488372108485456,0.8010950163377764,0.8,60.374525722940426
16958,0.4672793415097962,0.7608280384494235,0.0,16.188518704200753
8559,0.4772092656912963,0.739800172158748,0.0,46.39360751255559
11065,0.4290719845769305,0.8461305779137094,0.2,31.914777126169596
3867,0.5561651769161589,0.5866899480668547,0.0,23.437383761864137
12644,0.5313026150661891,0.6324235235230685,0.0,7.7867143318147445
11041,0.5553113946158065,0.5882262511975671,0.2,3.789735904175622
7227,0.4179959425603974,0.8722835532977996,0.0,10.838119156727942
6513,0.41651785187643936,0.8758259566456602,0.0,70.67915536950696
5203,0.535552945534117,0.6244555227695997,0.0,51.03987253471064
13094,0.5101871628865947,0.6729776345345297,0.0,4.398581667852536
14493,0.4389202962104062,0.8234374399978185,0.0,11.871745573672163
15284,0.5109834871606617,0.6714180040546522,0.0,8.513579855999398
11646,0.3893762445205501,0.9432091932450777,0.0,15.258295612059504
11402,0.43807732595218035,0.8253598409178019,0.0,10.309982370963777
10272,0.44580480955592416,0.8078740694929523,0.0,4.5747886990317195
9001,0.4442058305913458,0.8114672415581005,0.0,72.4153379986657
12748,0.4181166743374554,0.871994760196351,0.2,11.86784901059595
12222,0.5175751830074213,0.6586004832211396,0.2,8.723163952983516
19443,0.4831741706295335,0.7273780886132771,0.0,13.882010155249866
3817,0.44307445803005646,0.814017446243044,0.0,57.835942039752375
18337,0.47151041664438526,0.751814084587688,0.0,16.132050347207706
5455,0.5312291688453193,0.632561771097586,0.8,46.96771150399576
11751,0.49288124588757815,0.7074870145084068,0.0,9.2044062206853
3023,0.4625222748001577,0.7710605614593254,0.0,72.16837895795946
19405,0.515030788130178,0.6635285973282753,0.2,3.8619354837660955
17694,0.5012375111831014,0.690675216017184,0.0,11.270092257722691
1681,0.49868612787410915,0.6957783833918246,0.0,48.77406361409335
11943,0.514302884796317,0.6649429170466361,0.0,4.543421904748158
20681,0.46601645890318194,0.7635343259454861,0.0,36.842823484234046
8882,0.4265434562608291,0.8520410268286182,0.0,42.40181792980304
18288,0.460521945934102,0.7753947676707437,0.0,50.67204984202088
12373,0.4729419316521401,0.7487826640897027,0.2,16.816159779043154
15974,0.5539098369884075,0.5907533545983262,0.0,7.217824729865232
4006,0.5294662809805889,0.6358857968360203,0.0,53.3479545591787
16174,0.4541711188667221,0.7892812381516003,0.0,5.932632235376323
7781,0.39537282813309266,0.9279260905535991,0.2,33.40533925992955
11277,0.4109094364175055,0.8893824381155222,0.2,7.151968957531366
2335,0.45015547909182996,0.7981622467993378,0.0,29.684053246633585
2301,0.438800912767996,0.8237094704373822,0.0,61.778210282803656
7198,0.4622996479875155,0.771542009425592,0.2,36.66463906722437
15709,0.48742279829016383,0.7186233635666122,0.0,1.7100217021234274
15252,0.550798385549854,0.5963864432324157,0.0,6.205400782580924
6528,0.4517031568294719,0.7947300475714331,0.0,49.71036386926224
1615,0.4838300884128351,0.7260214908987133,0.0,52.30985063489405
18797,0.5014652183058508,0.6902210293076698,0.0,8.677113713385612
13637,0.5250018687356248,0.6443534569004201,0.0,7.799898915321323
15155,0.5976044290646174,0.5148262337709514,0.0,3.6822947156029793
20724,0.5163422213790676,0.6609855136067092,0.0,15.001033250612288
5323,0.40833545401905963,0.8956662511688412,0.0,55.558176466660626
12705,0.5360772549847548,0.6234769958631724,0.0,4.272531873996059
11595,0.44862507242759436,0.8015677680708695,0.0,10.299745179540341
19401,0.48593933334768835,0.7216714913760681,0.0,49.798939280275626
2290,0.437895164469947,0.8257757477798346,0.0,61.93318108348759
9419,0.5108704238757061,0.6716392945624162,0.8,19.166569708558683
11340,0.4836457430304334,0.7264025761488899,0.8,12.76361904480682
3451,0.44926047732882857,0.8001524317677613,0.8,40.40769780427195
19775,0.47979155924616224,0.7344035209652141,0.8,16.371690855315556
11583,0.4225423684392094,0.861465556883155,0.0,13.591772133615613
18846,0.5458756316577846,0.6053641100297774,0.0,24.442483489812652
17960,0.42415413284051917,0.8576583689575941,0.0,60.16473589105804
17123,0.45378490284001466,0.7901319755017977,0.2,11.929412228545342
14944,0.5459564531245938,0.605216062599988,0.0,3.821636883851167
19337,0.502707846997916,0.6877460987020041,0.2,16.91958534288635
20056,0.47913839025378113,0.7357658083642796,0.0,29.57300059348029
14273,0.41674385488811555,0.8752835027794057,0.2,67.72024794326218
9496,0.45361236794447873,0.790512260748779,0.8,53.292384782114524
8078,0.3949224281236185,0.9290659178641439,0.0,64.32387584627563
14042,0.4786877803028476,0.736706709747075,0.0,6.692980134866173
5359,0.4515793052168306,0.7950042732286806,0.0,38.25958064913026
18785,0.5175649138560323,0.6586203243062652,0.8,27.771383579673362
11901,0.5561922318492021,0.5866413037501353,0.0,4.09123643892629
19169,0.5067931170068721,0.6796524119082159,0.0,5.049817546870619
17864,0.4813503164560703,0.7311599653239322,0.2,17.014823486113535
9487,0.504031602120862,0.6851163102557377,0.0,45.1217606116047
19470,0.4789204933857748,0.7362206799290328,0.8,28.95003785501693
11639,0.4170030787642909,0.8746616740827949,0.0,5.641567995942841
4068,0.4860734263045235,0.7213955835624016,0.0,49.05489968224331
3299,0.45243903657280504,0.7931022507244485,0.0,59.69680374963765
6072,0.5050504025324591,0.6830970476921954,0.2,43.29810782722254
15762,0.5099305593958786,0.6734807205814108,0.0,5.932018567111577
6967,0.45754352126498055,0.78188327034294,0.0,23.479953653951135
10523,0.6621052567293407,0.4123307376034088,0.2,2.390693656733946
6460,0.5184780459546391,0.6568575936657993,0.0,38.018588721734126
123,0.46287507028030306,0.7702980879140687,0.0,43.968613330138965
327,0.40792414781782305,0.8966740340730107,0.0,71.78772439927963
2750,0.465470123709977,0.7647073653988719,0.8,54.84863753351034
3800,0.4498273169435132,0.7988915099903813,0.0,57.12873358602855
10398,0.5168519430379727,0.6599988225900282,0.0,10.920670024517543
8072,0.44815246623431876,0.8026217780491607,0.0,56.84970200886643
18440,0.5238101384334835,0.646625991552727,0.0,7.517027460135752
13540,0.49631094131000525,0.7005526508731218,0.8,8.968474734496926
16413,0.5308176482481173,0.6333367286817037,0.0,8.12412695360422
2146,0.4779759569134563,0.7381948470999692,0.0,62.0452791515443
14085,0.4271859135957079,0.850535965672618,0.0,30.895721224233903
1271,0.5005559991902704,0.692035799991642,0.0,35.60523979764433
5627,0.47715910503126446,0.7399052901857422,0.0,42.04511585679306
3945,0.479607550167168,0.734787113318897,0.0,52.59973483421555
1485,0.4154156486438113,0.8784756969838743,0.0,13.840382193175373
5632,0.4183899238594225,0.8713414490753748,0.0,12.229280428720571
2316,0.5136552490213093,0.6662029603098586,0.2,17.551116531917952
13627,0.49396299145611033,0.7052946806813126,0.8,9.570496147981187
20378,0.41630936261963153,0.8763266349557207,0.0,70.15432902881389
16641,0.5385440759754097,0.6188859361986762,0.8,8.545577061331155
18577,0.5474055985364079,0.6025652549225468,0.0,17.40133068899933
5769,0.4653796235991012,0.7649018116270039,0.0,7.459896264436819
16191,0.5076072257438647,0.678047308129226,0.2,7.3500330852416935
15581,0.4396282218211671,0.8218258596480724,0.0,13.832150529593942
8750,0.4183899238594225,0.8713414490753748,0.0,12.229280428720571
7366,0.45094350482309775,0.7964132137935904,0.0,50.42489849955875
2050,0.4954114450060284,0.7023666596381698,0.0,52.136679502739575
15334,0.4958025478375308,0.701577520552922,0.0,10.985300978734156
1855,0.46343882904284484,0.769080878860941,0.2,60.01906955661168
15586,0.49467537731263367,0.7038535349553849,0.0,13.302831542157959
13989,0.5975581470409873,0.5149036826880754,0.0,20.51762441734502
13656,0.5779556000642132,0.5482582297581989,0.0,1.955494447435996
5526,0.4517804231400988,0.794559006696915,0.0,44.578729676008095
9137,0.44226813242205926,0.815838946393681,0.2,70.16011091287488
3220,0.4359924754966812,0.8301302938171592,0.0,42.85132171347118
20130,0.5215771106222233,0.6508981523421224,0.2,21.16850898295754
4486,0.45650121936162485,0.7841639078408787,0.2,55.01302098869343
12091,0.5000799739821288,0.6929872453859995,0.0,11.027159145674236
15835,0.5453021477710339,0.6064152383616851,0.0,4.70699570937843
10957,0.5044280433493866,0.6843300789955631,0.0,3.992381430250955
12390,0.44070454036241186,0.8193806045723097,0.0,3.9640405347220966
4213,0.4198467123558924,0.8678656049039039,0.2,32.5449601838964
12468,0.46964164398590913,0.7557853347026408,0.0,6.927905979359439
4342,0.4604351161590641,0.7755833318913119,0.0,45.89902477663269
14719,0.5146814490535148,0.6642071152237627,0.0,10.431372693914213
8248,0.4349434426911049,0.8325392731484277,0.0,59.2767968833451
11347,0.4374798669058236,0.8267245927443263,0.0,13.605406045665537
967,0.41854893883434213,0.8709614572171375,0.0,36.92876711498834
16532,0.5644314795696355,0.5719362852760204,0.0,4.417121230848953
13206,0.547317802006542,0.6027256543988173,0.2,8.895025145538916
15520,0.5232197847403408,0.6477536646834303,0.2,5.0566892650433894
17710,0.4814247275069481,0.7310053891298512,0.0,16.72613468792487
14954,0.5206278349773265,0.6527198207412551,0.0,4.0158588745179795
16877,0.46736849209904685,0.7606372701486469,0.0,11.820302423693736
4292,0.4707818007920162,0.7533605602649756,0.0,35.59628359867763
3201,0.41790932388844365,0.8724907984863166,0.2,18.269959450407967
9528,0.4676157179331832,0.7601084358918855,0.0,45.534294924236654
754,0.39357671473723116,0.9324792752663627,0.0,60.904882583457066
3496,0.4396325188658815,0.8218160854263528,0.0,82.52676979372414
17858,0.44793390325819316,0.8031095948219649,0.0,5.017748732055216
7040,0.459295466930347,0.7780615572171709,0.0,70.84250419100954
12872,0.3912256375993535,0.938470807183182,0.2,69.23099366549219
13868,0.4728357135499753,0.7490072794697559,0.0,9.439739223172985
10645,0.5333879994235341,0.628506165755903,0.0,5.036848523854381
7755,0.3949658831943833,0.9289558894710509,0.0,65.198766834567
8026,0.4937697862126182,0.7056858902277088,0.0,19.074688751421995
10977,0.46264076461492637,0.7708044124123608,0.0,12.655452204026949
20498,0.5430538222814383,0.6105468437366431,0.2,13.828885777729827
10493,0.42647928153950476,0.8521914910978613,0.0,11.091271736502257
18158,0.5098407713948949,0.6736568149635623,0.0,11.21975535823076
9717,0.47476633158559106,0.7449325294904979,0.2,52.99077423496205
5533,0.417606220653438,0.8732163463238939,0.0,34.6579589174712
4190,0.41697296482325713,0.8747338918431932,0.0,62.10610632086671
8218,0.523605700257922,0.647016358340407,0.0,19.226091186812056
8489,0.5221382425728878,0.649822893646328,0.0,19.192519064689193
5580,0.44715562961998306,0.8048485802658837,0.0,58.22274948949785
846,0.5062516416936568,0.6807214177149785,0.8,58.542041923488156
12880,0.49460879817103026,0.7039881355956336,0.0,9.829434242547723
716,0.4265434562608291,0.8520410268286182,0.0,42.40181792980304
13076,0.4077024215563697,0.8972177296200683,0.0,2.138159467196205
5099,0.5343745875410479,0.62665821114442,0.0,48.951719177104444
10571,0.5140361942294217,0.6654615992173595,0.0,10.524274912383738
9394,0.49901713895486394,0.6951148372175157,0.0,20.352961585200003
5029,0.5243200389249851,0.6456530197926493,0.0,27.459622143630718
14156,0.5213898924028614,0.6512571631657244,0.0,25.487601371142937
20738,0.42137932414537593,0.8642218434921332,0.0,14.316266348361395
13194,0.5186720430451607,0.6564834971973293,0.0,4.475477554500063
20117,0.6582770109992875,0.41812944688735837,0.2,1.7692103417699292
12337,0.5650113001298398,0.5709095478058931,0.0,8.80085704454183
16242,0.5579647066799927,0.5834595682786038,0.0,9.35985884392113
2477,0.4643175288080268,0.7671866314747816,0.0,54.197897005141364
7034,0.4338848892890649,0.8349760121148198,0.0,69.73302114214027
18043,0.4768071382495702,0.7406431921820524,0.0,27.99631351208045
2129,0.5213898924028614,0.6512571631657244,0.0,25.487601371142937
16466,0.5375678235400416,0.620700343610456,0.2,4.092959838881606
8759,0.49792979805412707,0.6972961796571702,0.0,18.136673792481425
16178,0.499862962877393,0.6934212923703692,0.0,18.872674059638555
4688,0.49938025907398126,0.6943874312049492,0.8,57.6688782806733
979,0.48577557994895415,0.7220085313824395,0.0,23.48405019683168
11350,0.4060261553137998,0.9013376995002375,0.0,5.7577448049312006
5781,0.3979072160991213,0.9215364262547368,0.0,89.38903334670945
17332,0.48627023921002055,0.7209907618616694,0.0,24.802081933005283
15095,0.5126158166048544,0.6682286098807975,0.0,11.864398407633793
9941,0.5018326728259154,0.6894885359181346,0.0,50.79289903431642
1209,0.48761717883070016,0.7182246505955084,0.0,58.233655985392446
196,0.45192509953217747,0.7942388218807664,0.8,58.02311737488184
1832,0.4554520070663947,0.786464931024445,0.0,48.05300458548054
6446,0.4177479319828024,0.8728770618891984,0.0,21.638623163376053
14643,0.4638869228016722,0.7681144573142265,0.0,10.611117059222664
822,0.49822184535892927,0.6967098285426573,0.2,51.7272204759832
8721,0.41083727875833803,0.8895580583109433,0.0,87.09218400644129
1944,0.44582532311072764,0.8078280558959336,0.0,63.515480894817784
10077,0.4676157179331832,0.7601084358918855,0.0,45.534294924236654
7770,0.40599269253006415,0.9014201182368061,0.2,39.662485202419475
7032,0.43205545543736906,0.8392013299086466,0.0,70.37542403834695
6304,0.4939711352125681,0.7052781942451463,0.8,19.042511244618947
10772,0.5366791995325785,0.6223547567781237,0.0,5.725663643653988
526,0.4784828710657567,0.7371348658756152,0.0,25.508920061164904
19295,0.4914631618014424,0.7103682927604261,0.0,20.60068049005236
16600,0.4496538606144583,0.799277190837369,0.2,22.667501619987867
10683,0.49891094213494946,0.6953276718342135,0.0,18.638258455713256
9846,0.5442169001099411,0.6084073981538836,0.0,18.2613471040239
14769,0.5249187732703546,0.6445117459407896,0.0,12.479358189055102
14473,0.4583263178825668,0.7801738641047559,0.0,10.258506270063029
14297,0.5136857444498308,0.6661435926243009,0.0,7.936767991872674
10993,0.5547686795337985,0.5892040457511065,0.0,2.6515655664537463
11952,0.49999430990154176,0.6931585608216168,0.8,4.682008517718729
398,0.4954673144842078,0.7022538921018724,0.0,20.365362870954296
9329,0.4810664698039321,0.7317498275632877,0.0,23.23708222979803
5427,0.5027366503286802,0.6876888039814131,0.0,42.27910997730292
10378,0.4994203940022936,0.6943070649612741,0.0,18.968468802856307
16065,0.5238405041931625,0.6465680223052469,0.8,5.257567722920978
4564,0.4288074407732975,0.8467473168264309,0.2,80.61034520789315
7623,0.4497023984754173,0.7991692517186593,0.0,46.99115443992818
1327,0.4750566616572867,0.7443211943621567,0.0,35.73486213136875
8891,0.4698408019002919,0.7553613610174738,0.0,32.48053852375138
15286,0.492867931133444,0.707514028995348,0.0,6.64674055754208
17288,0.4896808714259814,0.7140013828583596,0.0,8.091777462208958
1903,0.4538414701357176,0.7900073266430593,0.0,48.86590584150857
3621,0.4503003028681802,0.7978405790828316,0.8,47.91431622030107
15459,0.38729140806615675,0.9485778768899025,0.0,6.303300426157893
16981,0.5156345502047797,0.6623570004554449,0.0,17.86641834679788
1398,0.4617096131832015,0.772819128409797,0.0,61.66362221258683
16699,0.42574158415083485,0.8539227267496031,0.0,8.223276363504464
3212,0.48091124474864544,0.732072548254808,0.0,51.75752692750682
20955,0.48168168878552287,0.7304717798000303,0.0,16.815095670120307
20813,0.5032951415311149,0.686578518472891,0.0,16.366315826960918
14802,0.5365570327795954,0.6225824172872131,0.8,17.569276575833456
18330,0.43591670119283626,0.8303041061959288,0.8,18.29658228501887
10467,0.39052308912851313,0.9402681843606715,0.0,31.781063914023
16457,0.43980021116718115,0.8214347207179327,0.0,8.970888392248767
5628,0.46970878533350013,0.75564238198636,0.0,49.14357981082867
3630,0.4180916025550962,0.8720547255974588,0.0,14.56113564357345
12273,0.4735151119583374,0.7475714514305761,0.0,12.91541799242427
11335,0.42634559819449713,0.8525049982416592,0.2,9.080456977388861
2790,0.49671924336209783,0.6997303151951052,0.0,32.89082421313853
8528,0.48974430901052496,0.7138718424179065,0.0,56.649299728288376
8704,0.5129664668838432,0.6675448026460247,0.0,17.516375468642813
17149,0.5087402758561556,0.6758176562042577,0.0,6.113277336742165
18417,0.526916871706909,0.6407124815793986,0.0,8.619184878418032
18261,0.47608163093633626,0.7421659458903256,0.0,20.094884601685607
4696,0.5452898791929432,0.6064377372939858,0.0,49.694537884109174
13659,0.5694131498988648,0.5631490100970631,0.0,2.53881645656337
13918,0.4875099046577497,0.7184446715039616,0.0,11.399919674016562
14097,0.4878201297181105,0.717808527716959,0.0,9.406162670642585
16088,0.48286848318099407,0.7280109539583764,0.0,3.3295581250057635
9591,0.49254663520681957,0.7081661320776138,0.0,38.50476398890824
13482,0.49666477329521014,0.6998399808753032,0.8,20.375491155230147
11438,0.5498627343499557,0.5980866058135427,0.0,17.943494526316904
18750,0.5450066283452162,0.6069573222915366,0.0,26.446040282879586
17847,0.5047232687061987,0.6837449826642055,0.0,23.937911999570645
10210,0.5127350656087374,0.6679960085216157,0.0,10.641843930147578
14948,0.5261943953340822,0.6420845616411789,0.2,3.793114489723006
9832,0.49792979805412707,0.6972961796571702,0.0,18.136673792481425
3153,0.4546411466451646,0.7882468599016851,0.8,29.165133816362342
6366,0.45315003207835153,0.7915320116916511,0.2,51.9248973272504
17075,0.4612274536141712,0.7738639658754051,0.0,72.50138030295201
5684,0.4044777318869039,0.9051585949583969,0.0,34.46391419362217
17361,0.52460070539838,0.6451178669098179,0.0,3.790712462300389
4851,0.48085889031103574,0.732181419253715,0.2,42.47018121281541
19466,0.501202731883835,0.6907446052890551,0.0,26.42443429563686
827,0.49649693592272975,0.7001779668699712,0.2,52.170607697446414
16150,0.5399324600860678,0.6163112211609006,0.8,7.916825198960085
3459,0.45132782409340216,0.7955613208402627,0.8,38.095455547938315
17131,0.5047175862261917,0.6837562413327629,0.0,9.949337474531431
8951,0.5354460282067517,0.6246551818362132,0.0,51.05619166864214
3802,0.4506025072880631,0.797169686667332,0.0,44.60563127713185
6717,0.45009519848714413,0.7982961663981278,0.0,55.393776589641185
11251,0.5132351972708098,0.6670210646664517,0.0,19.08013724944584
13217,0.5632076760365627,0.5741068449048996,0.0,3.900768748557156
4396,0.44801320111723575,0.8029325802217449,0.0,60.97470210232393
20294,0.49457797504870427,0.7040504557219645,0.0,29.070243961337358
8081,0.48354145595015674,0.7266182263989981,0.8,42.87047535754088
2501,0.4934319698099453,0.7063702820732417,0.0,19.10378298526821
1984,0.4914633345502919,0.7103679412614073,0.0,48.74722231491419
11163,0.41005363911497156,0.8914673007312168,0.0,25.63859807273153
15848,0.46031450354120784,0.7758453197672024,0.0,13.081527613996762
8013,0.44831984122078794,0.8022483699984667,0.0,45.67600898724852
16618,0.47374410901024083,0.7470879574696934,0.0,6.839963746165234
13604,0.5199157946326111,0.6540884139181173,0.2,8.372331511015705
17881,0.45733400969774296,0.782341280434585,0.0,31.84520325259945
5390,0.43867854473351775,0.8239883784715826,0.0,61.02251845854469
4469,0.4522850723584312,0.7934426068934514,0.0,55.81868921100032
15018,0.5358872490380964,0.6238314963115272,0.8,8.04742606444587
14453,0.5378133712832818,0.6202436725273284,0.0,4.586701946509384
19357,0.5274401359110487,0.6397199064965393,0.0,16.700208160584996
1562,0.5007753289082948,0.6915977237717588,0.0,52.502644471545636
20185,0.49394480752484043,0.7053314936942086,0.0,16.333361108889168
15712,0.49100363610124326,0.7113037457135233,0.0,1.957828061486406
7923,0.5269720216561294,0.6406078216866565,0.0,43.5325056957047
20527,0.5245149354125955,0.6452813760267142,0.8,19.990816118532962
3236,0.5133309401253517,0.6668345343469101,0.2,19.648280928168518
11174,0.4529266793238729,0.7920250223963562,0.0,12.273219976675447
7727,0.5221508814312517,0.6497986879774686,0.0,18.53225887857164
5871,0.5307338758643396,0.6334945587672882,0.0,18.072017330192395
13841,0.4798294059460705,0.734324642530289,0.0,17.39211180552525
1995,0.5113494556428165,0.6707020562797842,0.2,20.328980246909367
10904,0.5878861414677463,0.5312219867931818,0.2,7.405500244689024
6870,0.49507166455427276,0.7030527500152888,0.0,19.242554357943803
11330,0.462797563120191,0.7704655491903267,0.0,11.380931394018699
20321,0.5699078886262081,0.5622805301134398,0.0,12.00075291557296
1714,0.4618334728558612,0.772550901241461,0.0,18.927497080415794
649,0.4529803830578005,0.791906458944937,0.0,56.12439159909308
9672,0.5848142906914433,0.5364609339582712,0.0,21.122880935678836
1260,0.4858306964172526,0.7218950770549032,0.0,50.54709362584166
11294,0.45970428009855685,0.7771718655790656,0.2,13.335129918230933
12562,0.538199857013514,0.6195253063647403,0.0,5.099622503803776
12357,0.502022412999535,0.6891105128776416,0.2,5.5398629436341675
2264,0.46971689226674146,0.755625122647096,0.0,38.51043449100849
15005,0.4921278513812149,0.709016735716804,0.0,3.314653205667506
122,0.46573256649724515,0.7641437012321407,0.0,39.05920365609382
302,0.42571460725145605,0.8539860932496303,0.2,16.13179678025378
4640,0.43222305019173135,0.8388135040970097,0.0,60.15970553777979
14970,0.5210169863157257,0.6519726344671064,0.0,17.970647973764382
10841,0.4630637470242609,0.7698905518154775,0.0,6.5429149383054686
9077,0.5257390175924698,0.6429503536475214,0.0,19.648561237765243
13666,0.5299936722154018,0.6348902117234655,0.0,3.917590152554552
10584,0.47817193706167704,0.7377849102017129,0.2,20.283552924284457
7913,0.5267952747664701,0.6409432788448295,0.0,42.085937069146794
11590,0.41867614829618954,0.8706575736742724,0.0,11.240407103271735
13836,0.4797719807772278,0.7344443279949115,0.0,17.303875696188058
18315,0.5046559270794607,0.6838784144351772,0.0,11.027538128372672
940,0.4861080576859007,0.7213243388782307,0.0,44.01160409639381
10781,0.411671374041275,0.8875298837354704,0.0,72.48457075087575
12912,0.4871794976926496,0.719122645383557,0.0,11.836759456254498
6292,0.49901713895486394,0.6951148372175157,0.0,20.352961585200003
10676,0.4926738497892995,0.7079078861618532,0.0,21.950099804616947
5233,0.5838058645634163,0.538186775111694,0.0,42.543664161975485
12957,0.5210178940819586,0.6519708921718147,0.0,9.66090519751284
14338,0.5177182766515032,0.6583240521403518,0.0,9.912713711937396
9284,0.4889104215403585,0.7155759933220908,0.0,21.828646440607997
19745,0.42195671943718616,0.8628525307812089,0.0,63.502060953884516
3689,0.47051327439600116,0.7539311069731812,0.0,40.288190652860436
7329,0.3951313607551208,0.9285370104927372,0.0,67.87605405018405
9314,0.5054245924742395,0.6823564257852036,0.2,23.82788513898738
18948,0.5745061832528016,0.5542444189091194,0.8,19.72001532536364
7935,0.41854893883434213,0.8709614572171375,0.0,36.92876711498834
8306,0.40064671268167984,0.9146752557544543,0.8,39.33103599744153
5257,0.42571460725145605,0.8539860932496303,0.8,16.13179678025378
15330,0.48587685127468677,0.7218000796298477,0.0,9.04848632414849
12394,0.4417620861607451,0.816983808426562,0.0,5.263826546797412
2974,0.49984379220294656,0.6934596449659706,0.2,48.6115226993177
15874,0.4450790658541566,0.8095033365216652,0.0,5.117275199773239
10536,0.4915406292145587,0.7102106790991469,0.0,9.183734626022053
5549,0.49168987551732235,0.7099070955484096,0.0,53.88194828131621
11044,0.5132550360203352,0.6669824111091466,0.2,40.81765625651216
8805,0.49028877038078045,0.7127607341548917,0.0,22.1312202517161
17946,0.44043501324069684,0.8199923740224927,0.8,22.177308474452836
5402,0.4726047980045052,0.7494957619226223,0.0,53.3341154449504
3011,0.4513141295588079,0.795591664066699,0.0,48.009979939286175
105,0.4268022944714574,0.8514343835815071,0.8,70.71162815481571
19103,0.43621785094739607,0.8296135022844341,0.0,10.991548956305685
7799,0.39451195996714306,0.930105822382259,0.0,65.87009405726582
10316,0.46270484086737335,0.7706659209078466,0.2,49.804285138669584
3671,0.43705366609460533,0.8276992857180716,0.0,72.73324748785862
6141,0.41663806963672845,0.875537372581095,0.0,51.656704982284595
11660,0.4705459617244746,0.7538616377469477,0.2,5.180348257694222
13046,0.46100526721471297,0.7743458104223159,0.0,13.38456869194136
13213,0.5204798206577785,0.6530041608279772,0.0,10.270612709979725
6154,0.4502483266608626,0.7979560113996903,0.0,39.94168535016773
4286,0.4531606352213422,0.7915086132183158,0.0,42.899764420940116
9830,0.528513368597092,0.6376871786330309,0.0,19.991493293403874
19270,0.49045638608720554,0.7124189211834961,0.0,24.43169492876347
7048,0.4328301198456121,0.8374099608824076,0.0,73.66485971169423
2550,0.45877170296392117,0.7792025718192087,0.0,55.32338259916382
17491,0.5073656629039784,0.6785233067438671,0.0,15.558539630705752
6718,0.4490709626183758,0.8005743578071647,0.0,56.12026126070272
14390,0.5194733024039989,0.6549398607085565,0.0,4.07536302717327
3502,0.4954673144842078,0.7022538921018724,0.0,20.365362870954296
17018,0.416358431071341,0.8762087765441475,0.0,9.40171642875093
7010,0.5140100290340974,0.6655125019778343,0.0,15.373339049560842
16798,0.40643811863238605,0.9003235912690137,0.0,2.055528772465537
13505,0.5301889273536663,0.6345218692501001,0.0,8.161537664254853
18050,0.45770444747029976,0.7815316143710618,0.2,31.812245794001196
11047,0.4862599626915994,0.7210118954334628,0.2,11.107403966326867
6491,0.41630936261963153,0.8763266349557207,0.0,70.15432902881389
3898,0.4156758323185025,0.8778495717277472,0.0,55.30452301884807
7719,0.4851213111973837,0.723356293140819,0.0,49.26056245913566
3684,0.41919863400678725,0.8694104045522091,0.0,61.728138723206854
18616,0.5155162104555359,0.6625865299370264,0.8,36.41741316269062
11392,0.4149952954557132,0.8794880950669881,0.0,5.779424074562811
18953,0.4923959967356712,0.7084720148111611,0.0,26.263057372841235
13984,0.4388733896873262,0.8235443136832373,0.2,11.467853939724632
3518,0.418029980438039,0.872202125493412,0.0,21.62189148950658
18338,0.5175729117039072,0.658604871585521,0.0,19.84376485624309
4136,0.41601580292953827,0.8770320316310023,0.0,70.21079955986883
545,0.45238649073821974,0.7932183965073831,0.0,46.76419201851903
13410,0.4405576161026749,0.8197140451042112,0.0,10.447255801914459
18735,0.5148202787345274,0.6639374125547786,0.0,10.427137013518394
10428,0.4528579657551326,0.7921767440428765,0.0,30.299570580821637
10863,0.48824386712871903,0.7169402702285204,0.0,11.635940599483437
19790,0.5136208167175923,0.6662699964355473,0.0,22.730467950714157
4456,0.4533193768926754,0.7911583756602132,0.0,54.7481601992927
14729,0.42143948366798323,0.8640790855893627,0.0,14.474189112104629
5856,0.5044008984464163,0.6843838936748456,0.0,47.256707336104625
12847,0.43786776596691573,0.8258383183730579,0.0,5.569453584454347
13495,0.5229343540989613,0.6482993407704719,0.0,8.157875004364872
16609,0.5181284062770866,0.6575321788761438,0.0,10.850924505992081
5094,0.3960237197109775,0.9262811712614415,0.0,26.493957165670558
4634,0.4254869175847811,0.8545210774230887,0.0,15.671913430589797
12921,0.5590003345959962,0.5816052072655065,0.0,9.277766071058354
1962,0.4631394346177704,0.7697271155518625,0.0,62.65578838043197
7055,0.39510256407568684,0.9286098918979562,0.0,67.88138168079436
14110,0.4995841159166993,0.6939792948376242,0.2,6.884274657735651
19055,0.44043501324069684,0.8199923740224927,0.8,22.177308474452836
11221,0.4613748286375539,0.7735444890488867,0.2,66.52482605820425
4104,0.4302516445593433,0.8433850215634685,0.0,88.68193630430213
8448,0.4781675667956744,0.7377940497718865,0.8,60.72782924992991
7090,0.46187824294481705,0.7724539660435521,0.0,18.631589572570135
5826,0.4179959425603974,0.8722835532977996,0.0,10.838119156727942
3309,0.44804190159170226,0.8028685206022201,0.0,62.54747111745185
648,0.45315694718952226,0.7915167517161041,0.0,47.11899126345271
12015,0.596170025398761,0.5172293750859807,0.2,4.510757357434493
2086,0.46239852459941955,0.7713281523742597,0.2,63.603721680992834
1371,0.41663806963672845,0.875537372581095,0.0,51.656704982284595
5389,0.43887065520932134,0.8235505443788957,0.0,52.22546166736673
7241,0.45338684330399126,0.7910095591859515,0.0,57.00410279644927
20643,0.5361828115052588,0.6232801098200493,0.2,14.117294249661622
11787,0.4905273599586509,0.7122742218001369,0.0,10.215080783193436
3376,0.5162761817850414,0.6611134206707588,0.0,43.821902988283355
15824,0.5179527717101684,0.6578712151839777,0.0,7.88623131749691
1975,0.5015943032273887,0.6899636469300952,0.0,38.54137237063794
5631,0.48651455564734347,0.7204884586929697,0.0,40.534679476750526
12841,0.44353186057615546,0.8129856408586696,0.0,6.114464930466996
4996,0.4652913502618773,0.765091509898397,0.0,57.02227221737042
110,0.45378223236177545,0.7901378604179337,0.0,67.75432454497455
17587,0.49150270926732725,0.7102878271673264,0.0,20.598346987852466
6301,0.49778597076743436,0.6975850719137691,0.0,18.144187880141686
16698,0.42514277471177236,0.855330225974807,0.0,7.5273335819091205
16240,0.4070145618339021,0.8989063157179,0.0,10.189102694321019
6746,0.41651785187643936,0.8758259566456602,0.0,70.67915536950696
14235,0.49176024551370556,0.709763987128372,0.0,9.196766849678205
14268,0.5984731283768415,0.5133736532763756,0.0,2.261539262105782
389,0.4523062055451976,0.7933958826163408,0.0,53.99058920672896
12788,0.4921341842439986,0.7090038674712463,0.0,9.097937808601586
1159,0.5079712546138764,0.6773304184104247,0.2,59.249482484548686
10404,0.5227697008629537,0.6486142544147042,0.0,7.923471474606258
8986,0.4174659192985691,0.8735523684457602,0.0,70.18119741422589
12938,0.521630733700829,0.6507953481330768,0.0,10.2239943233497
12283,0.4570442165310502,0.7829751388710235,0.8,12.880332904309851
19580,0.5227772840409408,0.6485997487481072,0.0,29.20239313563453
8053,0.5226940684864381,0.6487589411630449,0.0,18.506497570465932
7963,0.411671374041275,0.8875298837354704,0.0,72.48457075087575
17438,0.44752810743042,0.8040159333393063,0.0,27.183776743272425
17954,0.5839859049063658,0.5378784318794794,0.0,15.931959603675725
3312,0.4609013892099464,0.7745711651357943,0.2,22.849848632817306
20664,0.5948711532066372,0.5194104461192204,0.8,18.701374162661143
17771,0.49739875112222837,0.6983632584277493,0.0,44.77031997889342
16719,0.5124765304589184,0.6685003632446621,0.0,10.690323492523724
15158,0.5370687377463916,0.6216291894128636,0.2,6.210697488712919
1484,0.4163684525591617,0.876184707457348,0.0,16.844649663915746
16889,0.5143542540554145,0.6648430406987259,0.0,6.402438399503046
10103,0.499706348915796,0.6937346552578264,0.0,64.2554390593176
8292,0.50625955195194,0.6807057926861729,0.0,52.48241557742933
19937,0.49902698627782643,0.6950951039758406,0.0,5.230243532792807
17687,0.49870412328479063,0.6957422983976862,0.0,14.92889002284234
8152,0.5098468716868111,0.6736448499427884,0.0,55.05362690342509
19190,0.49093826151842557,0.7114368993819282,0.0,24.398017472486135
13940,0.5380216528291313,0.6198564727359411,0.0,9.627611070302837
3976,0.41149394916969567,0.8879609632994997,0.0,55.097980482575764
13695,0.4627031960906505,0.7706694756137863,0.0,8.630341691969921
2896,0.41663806963672845,0.875537372581095,0.0,51.656704982284595
13651,0.5990178531139505,0.5124638764461519,0.0,1.6741169540403136
1330,0.46748717080311497,0.7603833727623119,0.8,38.31191496035083
17312,0.45193257610316484,0.7942222781898977,0.0,42.550459159967275
2471,0.49812393255497356,0.6969063723659791,0.0,43.87374194837389
6667,0.49822240012332236,0.6967087150545808,0.0,21.18691191850049
12231,0.510700206885573,0.6719725402266569,0.0,8.352282757958271
13140,0.420605900403382,0.8660589872732253,0.0,14.564079882456763
721,0.4183101797232503,0.8715320648911783,0.8,8.719675915501938
19006,0.5396150878567879,0.616899193851919,0.0,25.971456296494157
18950,0.46990585707676324,0.7552229084335698,0.8,27.99762260126089
18852,0.5283920139742925,0.6379168200471707,0.0,27.05086319212299
17591,0.48764133694352574,0.7181751086280408,0.0,23.854188397380668
16374,0.5053678872523011,0.6824686253180163,0.0,6.961930932204082
17174,0.4730944495864372,0.7484602284230769,0.0,12.406103238579455
12497,0.4336498148973707,0.8355179486997498,0.0,5.353999008893501
7971,0.4329740117838855,0.8370775717557182,0.8,80.83658084899392
19290,0.5073264949455994,0.6786005084017205,0.0,16.176140007324335
4954,0.5032435702659315,0.6866809909652534,0.0,45.455191139279464
3371,0.5005391374511783,0.6920694865784138,0.0,38.09842470813457
14520,0.43995193451588366,0.8210897977735528,0.0,11.167231882321056
6387,0.5138048275510171,0.6659117985719476,0.0,18.65651694955625
14955,0.5159292368542561,0.6617856607841818,0.0,4.12795421713264
18674,0.5203093062233631,0.6533318245814446,0.0,19.199788247208264
3863,0.5885379255109477,0.5301139099896095,0.2,21.177255868909114
11892,0.6095126282608212,0.4950956112256997,0.2,4.240988644084808
13323,0.45327846669914224,0.791248625584918,0.2,9.687256947183144
6768,0.45087857915202545,0.7965572015542323,0.0,34.59049586976762
17887,0.5074622707506535,0.6783329141782644,0.2,28.601906653541498
5242,0.42907374135702625,0.8461264835506132,0.0,62.8646600971901
16843,0.4544887150538794,0.7885821950372591,0.0,9.94007820746037
3114,0.46772194620432617,0.7598812916729094,0.0,25.083680162687223
12850,0.45320652719808907,0.7914073474649018,0.0,15.12775126565283
7339,0.46831925677002023,0.7586050430529309,0.0,57.73363645428147
21163,0.4539049883140359,0.7898673796835735,0.0,10.980421027087008
3683,0.432108822236868,0.8390778191342592,0.8,66.32910416322547
6504,0.5031440268487081,0.6868788141853197,0.0,47.49767104900875
16415,0.3937842417257733,0.9319521295102915,0.8,4.256551336657444
17996,0.518659920555101,0.656506869638333,0.2,12.119116525520507
7683,0.45110718739150174,0.796050301661017,0.0,40.39955280929661
6197,0.45757650962408986,0.7818111740976168,0.0,23.477788603792085
1611,0.4795436234617467,0.7349204118171391,0.0,54.244473801983744
17060,0.6368779097456182,0.45117730622953056,0.2,5.913806683394721
7154,0.4183101797232503,0.8715320648911783,0.0,8.719675915501938
12328,0.5141587752633746,0.6652231599365407,0.0,7.749184701756262
7693,0.4369237035446037,0.8279966905605178,0.0,58.953364999620206
11645,0.43256130875618315,0.8380312083068451,0.0,12.144287213596842
2149,0.5033968205616338,0.6863765122292862,0.0,58.925422527556776
15373,0.5099057617937146,0.6735293511344783,0.2,5.897052724909417
13746,0.49113813940287865,0.7110298477777447,0.0,12.195938894411405
2976,0.41663806963672845,0.875537372581095,0.0,51.656704982284595
13899,0.44561912599460657,0.8082906693992324,0.0,13.553820813299968
19075,0.488443883751397,0.7165306887112055,0.0,16.283160857633824
19851,0.598056398935963,0.5140702168767144,0.0,16.85301982935099
13099,0.401847671885539,0.9116821878314474,0.0,9.878531695900628
19314,0.5580328473077648,0.5833374521904218,0.0,21.915696392266
13588,0.5312140984015867,0.6325901405064726,0.8,8.136374078312347
7508,0.5612534938813359,0.5775826147667225,0.0,14.592769276713286
2373,0.4489569968397081,0.8008281712393174,0.0,50.568292184579704
987,0.47145608698061403,0.7519293159636117,0.0,48.87540553763476
6482,0.39499890601838494,0.9288722836585595,0.0,65.1928989608214
18141,0.4917894045148439,0.709704693728906,0.2,27.77500469684196
13902,0.5545341086544007,0.5896269616319494,0.0,9.730318686913927
4266,0.436687165787047,0.8285382080064211,0.8,46.95532893832105
21175,0.519081631101918,0.6556941228241436,0.0,5.502584739817508
13139,0.41827297049341716,0.8716210201369253,0.0,8.639943486793658
12963,0.48659455367986265,0.7203240412973609,0.0,11.751726467328705
5306,0.46752218083896496,0.7603084857340595,0.2,56.85776446182484
3649,0.5006878408988265,0.6917724441455649,0.0,49.12967929988632
19951,0.4645084710595526,0.7667754839525486,0.0,8.13088766766026
8851,0.47573652730980287,0.7428910920512092,0.0,21.50944479795202
2363,0.45345691624266604,0.7908550167125065,0.0,46.711853492922586
11107,0.5146648519149168,0.6642393631437946,0.0,4.179062014032114
12773,0.5485021578280139,0.6005640652216936,0.0,4.276316693881828
12911,0.47809928384861944,0.7379368612624762,0.0,12.656354420651333
14567,0.4393045904247127,0.8225622786475025,0.0,28.037034906850124
4233,0.4480100271949958,0.802939664685941,0.0,53.764842275229135
3698,0.4116848071753975,0.887497253545936,0.8,56.26732722902568
17391,0.49143101717100385,0.7104337008809293,0.0,21.411761436869487
9027,0.5152647384773309,0.6630744551037736,0.2,19.968819051150238
14406,0.5418282736387472,0.6128061660512457,0.2,8.237493839888579
8388,0.45980338652383224,0.7769563014695825,0.0,62.17981185817769
5026,0.44724839744372497,0.8046411397328191,0.0,61.1929595975196
5451,0.5184844108678912,0.6568453175931019,0.0,49.45388205727846
19979,0.6415304005874146,0.4438987062014299,0.0,1.62984070773856
12247,0.5318058842215093,0.6314767355080129,0.0,7.809472551956123
5621,0.4870406318350313,0.719407726453738,0.0,54.746926885400384
12489,0.4248146001936275,0.856102440074342,0.8,5.411851424704458
9916,0.5207167803593156,0.6525489927926673,0.2,44.72897200539734
5544,0.49763448842978836,0.6978894304135683,0.2,44.2008264363065
9626,0.4917010707319498,0.7098843269543512,0.0,38.59818654220323
3356,0.4555706032676883,0.7862045726082691,0.0,28.62571136783422
415,0.4937918256235834,0.7056412562307921,0.0,58.42709547754802
6232,0.517401842100379,0.6589354489343061,0.0,52.5965566195876
14443,0.5166911579210046,0.6603099564326631,0.0,4.201189163413017
9445,0.5015711664802961,0.690009774409151,0.0,33.83117839698359
20904,0.5248301931895782,0.6446805102526715,0.0,30.899538282781908
9466,0.4560648150164703,0.7851203413744132,0.0,54.21255897290395
7204,0.5635488568609567,0.5735012467568349,0.2,38.52781174440923
15933,0.5013695644467885,0.690411796243555,0.0,10.433158369874606
2328,0.4729006823421166,0.7488698864445414,0.0,27.79355720546651
3443,0.4976043819105488,0.6979499315056096,0.0,78.50540797625484
1546,0.4674056159681053,0.760557841613437,0.0,16.18276959098182
20855,0.54178122780468,0.6128929977632861,0.2,3.548956931019822
1194,0.44731434318927693,0.8044937029065888,0.0,72.40443326159298
19998,0.5031242643568976,0.6869180929581593,0.0,19.771907389848863
16272,0.5957803464723449,0.5178832260339649,0.2,3.6578094536559655
1121,0.41657610830134584,0.8756861010524472,0.0,51.66547996209438
9951,0.4498643412012388,0.798809205664424,0.2,34.392730593658996
3563,0.475267702057476,0.7438770504220108,0.0,29.479847593354265
17817,0.558907097902526,0.5817720130152061,0.0,22.342954559320127
10195,0.4972146895430513,0.6987333752465108,0.0,16.874412078385753
11201,0.5781216183715664,0.5479710200357911,0.0,3.7070237467336304
18051,0.4820495186313618,0.7297084344587792,0.0,16.936533487528624
20021,0.4983067973596682,0.6965393326887439,0.8,26.430186094850797
17422,0.4876736908902599,0.7181087629944296,0.0,39.94121000041103
8936,0.4722590247334944,0.7502276627068943,0.0,36.909324176790214
18371,0.5251067238065876,0.644153753608673,0.0,24.51004983335969
6023,0.41660095411944725,0.8756264599047742,0.0,69.41528560480106
6747,0.4517719958802415,0.7945776603127545,0.2,57.34864202685841
6123,0.4240103352049562,0.8579974485638694,0.0,12.66403762768195
19672,0.5389540292978743,0.618125000582661,0.0,3.8974326163015673
17494,0.4950763370546152,0.7030433120316038,0.8,7.346802811872565
5699,0.43854042392948084,0.8243032845785238,0.0,84.90323831158794
19079,0.4918609254678273,0.7095592742623955,0.0,4.6263264546570495
6302,0.4967198699108091,0.6997290538219564,0.0,18.032019371929614
380,0.4337208382319421,0.8353541817231432,0.0,55.095786585129105
16624,0.4944937564393737,0.7042207540064122,0.0,13.82385348173754
9506,0.4544493620972027,0.7886687860992698,0.8,55.861411563506955
17891,0.475952182403137,0.7424378869331398,0.8,27.800587865725248
7713,0.5031545457181024,0.6868579081248691,0.0,49.8830581977236
17457,0.4756270591086205,0.7431212211064478,0.0,30.248750665833555
6534,0.47206316641911455,0.7506424751914961,0.0,62.70116503643405
18668,0.446544806548003,0.8062155330889402,0.0,25.198265810091826
17093,0.55044322857986,0.59703145514942,0.0,7.750065287409702
19652,0.4419575780379386,0.8165413788002853,0.0,19.939942090029213
13477,0.4880539605441215,0.717329304356447,0.8,8.146099629530664
18666,0.44610064667142263,0.8072106872380683,0.0,59.588294225205246
15381,0.5148023905472141,0.6639721596283401,0.2,9.516779256308856
4623,0.4830160702686498,0.7277053541053149,0.0,68.1768953627417
14165,0.5213898924028614,0.6512571631657244,0.0,25.487601371142937
15356,0.4954237757337838,0.7023417700753082,0.2,5.176750820802377
671,0.5348458531231715,0.6257766986055319,0.0,17.938199967769187
13250,0.5410364498812539,0.6142686273936898,0.2,4.803703352870489
14148,0.44508288674313434,0.8094947518164514,0.0,4.937918005380212
17648,0.45475360325405634,0.78799953802199,0.0,57.34272373659808
6242,0.4602746801532906,0.7759318369426101,0.0,25.00440226149759
10618,0.597337176105897,0.5152735409230668,0.8,3.632858661039756
18320,0.6148699679555095,0.4863444677496685,0.2,3.0955825418647827
13297,0.5584028223840168,0.5826746731341103,0.0,3.9374239258855512
4074,0.4724931221235329,0.7497320885065957,0.0,51.48223070432749
10125,0.483753876583837,0.7261790210602553,0.0,63.03960043041932
4539,0.45052594447164657,0.7973396131998952,0.0,53.07889780738829
21088,0.4639087915993444,0.768067315907262,0.0,6.366125635858274
20556,0.4995841159166993,0.6939792948376242,0.2,6.884274657735651
18679,0.5148155557723598,0.6639465865986673,0.0,19.762369744868494
8121,0.4908172487288938,0.7116834226535198,0.0,21.37896931064897
8210,0.5229004897102012,0.6483641012610453,0.0,18.706926443557563
5652,0.45945159877812375,0.7777216772760918,0.0,75.5167736767994
9909,0.4486309867209273,0.8015545850039562,0.0,56.108820950276936
9279,0.42571460725145605,0.8539860932496303,0.0,16.13179678025378
15273,0.4958785493426643,0.7014242424366033,0.0,5.545530227477092
16201,0.5167427408491846,0.6602101282224908,0.0,5.408111388741121
8552,0.48023327636550905,0.7334833007081286,0.0,48.692290484398484
14666,0.5022319598966173,0.6886931945053667,0.8,8.711968319382779
8317,0.484617285304813,0.7243958020141903,0.0,49.36757501260735
19488,0.47035363698704313,0.7542704480820215,0.0,9.805515465402102
4226,0.488443883751397,0.7165306887112055,0.0,16.283160857633824
13762,0.48888058219479724,0.7156370275215395,0.0,10.744931909487557
8337,0.41840983226575057,0.8712938668284009,0.0,12.228612611710048
10542,0.46660720295273184,0.7622674824099467,0.2,22.909947599069223
8765,0.5496531505341695,0.5984678350821796,0.8,18.283192475909267
6694,0.48776620334398385,0.7179190794382245,0.0,55.279769116743296
3083,0.48553486691426634,0.7225041773221966,0.0,22.74623781766875
17182,0.4225423684392094,0.861465556883155,0.0,13.591772133615613
4712,0.47664478379408504,0.740983753574401,0.0,23.328021078438656
18388,0.49222431186818966,0.7088207479577786,0.0,10.055331714579347
20372,0.41846949650559234,0.8711512793898261,0.0,16.913402886916288
1521,0.49005423430556644,0.7132392117460357,0.0,20.933570456627397
7083,0.4444742511456013,0.8108631533874876,0.0,67.3421873633888
2873,0.41678349431715483,0.8751883902936379,0.0,77.10409918801676
600,0.5330959118689492,0.6290539237835586,0.0,35.01943078519858
17912,0.48341160438082564,0.726886805248249,0.0,8.465323667372633
5110,0.4915749035494137,0.7101409531438007,0.0,49.411608820052564
17264,0.4388017196311151,0.8237076316481869,0.0,12.29383577391014
3558,0.45364003293212546,0.7904512744397242,0.8,55.09445141618293
11863,0.5576516718641962,0.5840207554931915,0.2,21.56642798569987
12448,0.4179177163533397,0.8724707166643791,0.2,15.64339896796988
19484,0.4916296458175534,0.7100295983535253,0.0,24.349755490137664
14100,0.4681495284077421,0.7589675289506416,0.0,9.123548596030108
5381,0.45296436752673874,0.7919418154742465,0.0,50.94561843954705
10216,0.5834333452890196,0.5388250663615078,0.0,1.9841694179977074
10067,0.4589046242617596,0.7789128807923739,0.0,25.052175068121993
6881,0.41854893883434213,0.8709614572171375,0.8,36.92876711498834
19609,0.5444775750488791,0.6079285219404601,0.0,7.075680319642913
14491,0.4596635450311721,0.7772604809651993,0.0,9.490350872861896
19593,0.49871493706557535,0.6957206148722453,0.0,21.051461630624004
13875,0.3983074914081273,0.9205309805151579,0.0,14.104376146977454
9860,0.5889485372892893,0.5294164721710732,0.2,19.152169602530876
4825,0.4776176982908165,0.738944660867513,0.0,41.82426667756116
21206,0.5874791168431844,0.5319145793944249,0.0,9.169675985079266
13779,0.46852099606409436,0.7581743628028409,0.0,22.021173702401214
11759,0.5411551875133647,0.6140491881955213,0.2,9.775970271662857
15953,0.48756056231308054,0.7183407658743843,0.0,4.639762829351295
6519,0.5292179240459359,0.6363549772356706,0.0,55.509246800468944
15177,0.49522336306914694,0.702746379667404,0.0,12.790511416361856
7023,0.4473651824152414,0.804380055003481,0.0,51.70554895371452
8982,0.41963452786752037,0.8683711182679287,0.0,64.88469101700298
11561,0.4541378459764029,0.7893545015269979,0.0,5.86608832136881
5486,0.5070472316801369,0.6791511205975765,0.0,41.78817280283883
10311,0.4587499709682516,0.7792499428978242,0.0,10.54870661672017
19822,0.5032951415311149,0.686578518472891,0.0,16.366315826960918
1325,0.41489232425569905,0.8797362520417321,0.0,52.573036945405825
12118,0.5281524019568784,0.638370396854561,0.0,8.270088746945767
20789,0.5452377612900517,0.6065333202044897,0.0,4.7582542758793105
900,0.419547426215099,0.8685787053169838,0.0,68.85657487598502
8801,0.49807123453580865,0.6970121709503427,0.0,16.773248622074085
8473,0.5050729199461239,0.6830524641979479,0.8,49.57253311029373
9952,0.44955942710151875,0.7994872266866536,0.2,36.972282894378075
8298,0.5291542055609697,0.6364753857068703,0.0,42.77750766268722
11690,0.5028197025245347,0.6875236174241254,0.0,11.640462198755422
19725,0.5615061740402295,0.5771325092448039,0.0,2.003804142548705
15808,0.4428190670999394,0.8145940187767571,0.8,27.143493676870555
453,0.4208375297252059,0.8655084349261966,0.0,63.61486996707545
20155,0.4565888137030217,0.7839720443038921,0.0,22.605832432100883
6812,0.46294868573133563,0.7701390609919149,0.2,61.64192820902887
11551,0.4686351404243549,0.7579307654845698,0.0,6.354491404823918
3962,0.4827659033972249,0.7282234148764647,0.0,46.191211427850305
15180,0.5077257622487574,0.6778138152616977,0.0,9.631734987138895
903,0.4025523310236499,0.9099301756091422,0.0,32.24337355120073
15302,0.5006946649840801,0.6917588148176833,0.0,1.6460953622526768
17451,0.47296567493460007,0.748732461972076,0.2,28.410654469129245
6097,0.4653796235991012,0.7649018116270039,0.2,7.459896264436819
11040,0.5337656627670697,0.627798370107192,0.0,10.104414335800325
11889,0.5732151805596303,0.5564940994994849,0.0,17.36289415780225
11659,0.5521555584761927,0.5939254635720103,0.8,6.8746871275637265
14852,0.5240076653327462,0.646248966270483,0.0,6.032087768583009
10595,0.5801328649371916,0.5444981241979945,0.0,20.37566249023168
17620,0.5245646375829495,0.6451866221650044,0.0,21.157280781407092
5101,0.5344204657972913,0.6265723607166355,0.0,48.94501173296413
14959,0.4031836958953866,0.9083629998099606,0.0,26.12451834987733
20131,0.5169719642538987,0.6597666336928307,0.0,20.86017111292538
5423,0.46400444081786074,0.7678611560735328,0.0,62.89551010597461
3412,0.5158845126935577,0.6618723511597383,0.0,34.473623329035384
19191,0.45059130099171074,0.7971945565593574,0.8,25.755365325601684
11746,0.49489148232450236,0.7034167680746036,0.2,17.238282527722376
17515,0.5093018926067444,0.6747143290043449,0.0,24.343691652084697
8400,0.4544914362180464,0.7885762077466385,0.0,51.29688171228294
16369,0.49752839708924756,0.6981026444360896,0.0,10.352164444561005
18516,0.44016229758098424,0.820611761942669,0.0,5.272348554383004
18916,0.5271770945513851,0.6402187440985058,0.0,17.48469288238704
17894,0.5344216929016968,0.6265700645789026,0.0,27.587879178553045
21237,0.5725898686890093,0.5575855799971672,0.0,23.478256212626576
7853,0.46187824294481705,0.7724539660435521,0.0,18.631589572570135
9491,0.48935162081323524,0.7146739869399784,0.0,55.01202769106642
17772,0.5260276896520782,0.6424014257058616,0.0,25.01189916677835
8857,0.3948835254987695,0.9291644297193713,0.0,65.21340323138622
14233,0.45855523152989264,0.7796745331885022,0.8,10.04415712175199
6260,0.44865590511591286,0.8014990433589848,0.0,42.026603439219805
9253,0.46607352799798946,0.7634118718998878,0.0,61.149289774306936
13483,0.4879551271079537,0.7175318300045297,0.0,20.994981510162543
13420,0.43897780180228824,0.8233064325560789,0.0,10.493864028050307
12595,0.5067216484019796,0.6797934431145686,0.0,5.042367715192956
17249,0.46738871252724196,0.7605940066614052,0.0,54.4471299748197
6419,0.527682487971476,0.6392605246972987,0.8,52.76136730834813
5938,0.4659713505333222,0.7636311262886627,0.0,54.99671406487207
5932,0.4630195734532954,0.7699859505123814,0.0,47.1500901495878
16405,0.5141597723746464,0.6652212206322773,0.8,10.507834086442873
10205,0.45340002043218425,0.7909804958443419,0.0,60.6800658420416
15657,0.5780024525692044,0.5481771671194464,0.0,3.496548052106869
9582,0.4577308665165012,0.7814738952820008,0.0,40.283020131850094
9801,0.4889109428184109,0.7155749271190575,0.0,47.975722408142104
6201,0.44582981059203713,0.8078179903871066,0.0,48.226731560845394
574,0.42704857613445535,0.8508575107848488,0.0,60.921396473889644
13282,0.5159318186922888,0.6617806565483522,0.0,4.169879679608838
7667,0.4579598438537339,0.7809737758870738,0.0,42.90669817473157
2051,0.49195148156559254,0.7093751820566587,0.0,61.939095753150156
7071,0.41854893883434213,0.8709614572171375,0.0,36.92876711498834
14362,0.5201363765952347,0.653664239108366,0.0,19.108566260499842
18109,0.46109227983887424,0.7741570828311894,0.2,33.443586568942365
8617,0.4988631121431049,0.6954235452269443,0.0,22.851618120610237
11033,0.47503289036927077,0.7443712344619983,0.0,19.71839525030073
13565,0.5170716548886687,0.6595738166138733,0.0,10.170628302507415
4079,0.4854218520391577,0.7227369680808636,0.8,29.738458596327007
2970,0.4852413843180315,0.723108812231226,0.0,38.042755052835396
402,0.48759371258643625,0.7182727760717003,0.0,20.944834040651052
7480,0.4590227597275102,0.7786554846879251,0.0,54.58375125882452
4722,0.4584590869003666,0.7798842237635478,0.0,60.11737467480775
687,0.4586815958652776,0.7793990005617905,0.0,58.20161977231745
19970,0.5366688406438345,0.6223740587908103,0.0,5.110313078592748
2618,0.475267702057476,0.7438770504220108,0.0,29.479847593354265
5908,0.4574916353637425,0.7819966777916436,0.0,23.944738930257863
18627,0.4555939062845578,0.7861534226421976,0.0,26.579845300212824
5736,0.45803534302947935,0.7808089296586274,0.8,52.41960916061977
15347,0.516353500077901,0.6609636703888095,0.2,9.285878621681332
11062,0.5129545728512863,0.6675679896791329,0.0,4.180310886975571
20442,0.5397423674417127,0.6166633506011222,0.0,6.859146391102874
8815,0.4491605333961792,0.8003749197369173,0.0,54.289435324473374
12894,0.4848370414338801,0.7239424415478538,0.0,8.977609889002006
18392,0.5652538946383256,0.5704802777313405,0.0,11.173997683042288
3702,0.4217310553414112,0.8633874777317337,0.0,73.47427962466949
16390,0.405760412723919,0.9019924100111927,0.0,9.362681104089269
4717,0.5187303124542822,0.65637116005278,0.0,43.66180736331652
13941,0.5030474395572861,0.6870708000944501,0.0,11.775087197405362
1556,0.5261199982715112,0.64222595866691,0.0,17.037291702180173
13514,0.4762178714972225,0.7418798162400053,0.0,10.595527229894689
8031,0.4924795044851041,0.7083024344946043,0.0,21.992790726155427
16540,0.5579888753521616,0.5834162534444354,0.0,3.6154306772713354
14004,0.39052308912851313,0.9402681843606715,0.8,31.781063914023
16594,0.42930784309301834,0.845581034426268,0.0,22.695394286617542
9447,0.4983812914616853,0.6963898494090873,0.0,35.543390547748245
20297,0.49741390178455686,0.6983327990999846,0.0,26.498239180698768
8868,0.42777850039840287,0.8491497397949336,0.0,71.8380666909517
6384,0.4821526243442807,0.7294945670367597,0.0,20.31277571823441
5507,0.47834524597109035,0.7374225352974579,0.0,44.56244403306888
2263,0.4844881005051788,0.7246624083137547,0.2,37.97955670914918
19211,0.51041824819718,0.6725247948532492,0.2,24.93183953344282
12121,0.49940511014649175,0.6943376686167466,0.0,7.791267406721834
16377,0.4997336602778857,0.6936800019282714,0.0,8.459427742593334
12408,0.4924282539243308,0.708406506292967,0.0,4.58622370552653
13458,0.5546638586394353,0.5893930088310025,0.0,7.493837662597643
17173,0.4730944495864372,0.7484602284230769,0.0,12.406103238579455
16247,0.5003412433768091,0.6924649265945011,0.2,4.401307201549535
20524,0.5253067638730368,0.643772874895264,0.8,20.00524135063074
16858,0.4901723541249749,0.7129982066123771,0.0,9.169156692246663
15369,0.4951403787842714,0.7029139631149047,0.2,4.983976092440285
6052,0.492642557003424,0.7079714044097384,0.2,51.009341848278915
19487,0.4767951494871936,0.7406683363381255,0.2,9.639798651728997
4858,0.4637387815809535,0.7684338560141076,0.0,27.970993531450524
5005,0.4588321595618734,0.7790708012360438,0.0,59.13147500258343
514,0.40490700632998694,0.9040978522409606,0.0,32.683138738054566
15946,0.4949115353758368,0.7033762487975787,0.8,11.244524251145114
16620,0.4979790726606272,0.6971972256102904,0.2,13.397690017851188
13062,0.4915101789740904,0.7102726295908701,0.2,10.29540168463541
9200,0.47374622766666186,0.7470834853260967,0.0,65.33245136174662
6549,0.4921052892820605,0.7090625827793062,0.0,51.23686104149466
2196,0.405995001951865,0.9014144299195654,0.0,56.4420557265383
21193,0.525798434262049,0.6428373445111608,0.2,23.818731786480924
4636,0.5065852568413426,0.6800626440067267,0.0,32.33698079790634
609,0.5318566645424202,0.631381253494458,0.0,35.42048735762775
17415,0.49872786148082343,0.6956946997716147,0.0,18.731580587510127
20992,0.46264076461492637,0.7708044124123608,0.0,12.655452204026949
1072,0.4698408019002919,0.7553613610174738,0.0,32.48053852375138
14272,0.475225862246492,0.7439650884952441,0.0,21.58056672273547
4162,0.4150385485597776,0.879383874969421,0.0,18.90896062762978
9925,0.5002921462768676,0.6925630586386414,0.0,50.560564193732766
8044,0.5236936878314173,0.6468483307931688,0.0,18.426769317226366
17055,0.4828783259702765,0.727990570170018,0.0,61.39508684585684
10767,0.44531518218595983,0.80897297294877,0.0,13.8249431953418
3528,0.41786500373406593,0.8725968561934141,0.2,18.272180299053502
20327,0.44088008160922815,0.8189823643018663,0.0,29.60089013386555
10041,0.4817575057000765,0.7303143917362187,0.0,22.76463025583664
19670,0.586781078539271,0.53310347839463,0.0,9.078751459197694
13749,0.42923496385171,0.8457508087016887,0.0,15.591417319877618
19784,0.5063332004250173,0.6805603275462451,0.0,18.184231391489682
15673,0.35418786921741646,1.0379278026179273,0.0,3.1075557046869133
448,0.4037455189491249,0.9069705030848793,0.0,32.564778265938756
6900,0.48524458835208517,0.7231022092835402,0.0,52.80453993629693
9997,0.5313323700721606,0.6323675212148528,0.0,48.39160830966187
1507,0.44338897458354576,0.8133078477303126,0.0,65.87793566615532
11439,0.5498627343499557,0.5980866058135427,0.0,17.943494526316904
4421,0.4593285415089617,0.7779895482595883,0.0,46.47903785652743
7840,0.48364548832220844,0.7264031027911599,0.2,52.60248135366375
2173,0.47461199339370574,0.7452576647694149,0.0,46.466814261200064
20632,0.5310011850076363,0.6329910260898893,0.2,24.718299085876346
20737,0.4657857200065928,0.7640295789219823,0.0,12.096497200756499
1134,0.4251921823972563,0.8552140183906627,0.0,31.985005592763812
13802,0.5848196477894047,0.5364517736598476,0.0,4.140066419971796
18820,0.47608163093633626,0.7421659458903256,0.0,20.094884601685607
4271,0.4400318859575693,0.8209080866101303,0.2,62.479311841423716
13233,0.4340142606084537,0.8346778868767382,0.0,15.696118713451401
18259,0.5146406554231627,0.6642863783236146,0.0,24.698500976559277
14479,0.4675652914016785,0.7602162792527968,0.0,9.514106995848298
16935,0.43085162813703776,0.8419914984082064,0.0,73.33745822657771
5472,0.4808349493262964,0.7322312084563855,0.0,52.79753374379921
5620,0.4870406318350313,0.719407726453738,0.0,54.746926885400384
20488,0.4529265918960235,0.7920252154250776,0.2,15.965644286496042
10764,0.4915101789740904,0.7102726295908701,0.2,10.29540168463541
2067,0.47532643178458056,0.7437534861686907,0.0,51.768958227114
12064,0.47274728292848944,0.7491943188350426,0.2,8.14524026141217
2031,0.4556201899378299,0.7860957333386885,0.0,48.22697204084164
11651,0.5132079797286738,0.6670740973968595,0.0,4.272943167137355
15983,0.48107265116349673,0.7317369783621066,0.0,25.685065920019063
20093,0.5237101860386695,0.6468168277451755,0.0,24.84100071368733
851,0.48821475187202795,0.7169999046177985,0.0,68.88074467059371
21229,0.5487109264923793,0.6001835216976177,0.2,24.298429097491784
13500,0.5241485801973091,0.6459800848589323,0.0,7.574116741392828
1092,0.45644262977769995,0.7842922609352352,0.0,39.085210089341516
11891,0.3797666340523409,0.9681983358260867,0.0,7.368957823902954
13713,0.4647510231857373,0.7662534507999252,0.8,13.769575446242637
16255,0.4535444505707584,0.7906619975362033,0.0,14.038598782067828
7290,0.45223230842844775,0.7935592744803083,0.0,61.2865824048516
15315,0.48871380473321263,0.7159782272367438,0.2,9.641004731456686
5962,0.4842930948997081,0.7250649875731981,0.0,51.001074102438324
12904,0.5196588301906185,0.6545827785189648,0.0,16.03727869797342
16744,0.5560783099928399,0.5868461493384611,0.0,5.177156745134387
9074,0.5246190344188896,0.6450829285269113,0.0,17.955885185751598
20930,0.5326252344053024,0.6299372270677154,0.0,24.469911152901837
1909,0.4565888137030217,0.7839720443038921,0.0,22.605832432100883
12370,0.5011746872614024,0.6908005615025619,0.0,11.27179237202844
1351,0.4884218086320176,0.7165758845238034,0.0,15.99755648531791
5083,0.5074145131174281,0.6784270293142488,0.0,50.77686924918922
14655,0.49396299145611033,0.7052946806813126,0.8,9.570496147981187
13205,0.5176606524554319,0.6584353624915881,0.8,5.8699517024448635
10755,0.5453374477243191,0.6063505057892691,0.0,4.740448446243126
15787,0.5259289777102649,0.6425890987254177,0.0,8.324741878167309
16146,0.4514627895485373,0.7952623246963038,0.0,6.022919150863229
18480,0.519064109846806,0.6557278777285324,0.0,4.112069304864237
8046,0.522589403782602,0.6489592020625283,0.0,18.99179065226663
5524,0.4542642559751538,0.7890761886536672,0.0,58.15491570579263
10857,0.39134548913299816,0.9381645052241968,0.2,31.70995956081514
996,0.41951753930726277,0.8686499439196592,0.0,49.76494945515692
20499,0.5361828115052588,0.6232801098200493,0.2,14.117294249661622
4950,0.5230121320495306,0.64815061815083,0.0,39.92284058869825
6189,0.5209239196336921,0.6521512754663218,0.0,48.448316363695696
17385,0.4377450187747906,0.826118687036166,0.0,11.43885193994294
5791,0.44224462315372287,0.8158921039500729,0.0,53.88967284342604
15079,0.476867807970693,0.7405159586389147,0.0,10.626774520096147
9275,0.42571460725145605,0.8539860932496303,0.0,16.13179678025378
8214,0.5246160541085323,0.6450886094470214,0.0,21.154067929993317
9999,0.5274694170635075,0.6396643924434459,0.0,52.417296003442075
9819,0.49612538624974784,0.7009265893460832,0.8,40.68002585964421
2844,0.5032232094152161,0.6867214510204268,0.0,56.414168249181834
16883,0.46236458982116385,0.7714015436627784,0.0,9.19124936331537
13349,0.5628042249978502,0.5748234466665805,0.0,7.982285175965012
7800,0.39466181498403674,0.9297260453966285,0.0,65.84319825125937
19089,0.5973427598792707,0.5152641931920042,0.0,7.343287470408349
19379,0.5183767937857947,0.6570529000197564,0.0,22.344727550134184
11802,0.490988601313411,0.7113343667047299,0.8,10.638004891012743
15768,0.44977314491079057,0.7990119457506664,0.0,6.403082041219177
10471,0.5395079772180104,0.6170977080762848,0.0,17.34137214745744
1593,0.4169317983299615,0.874832623725173,0.0,63.98088580498463
5240,0.4272531906789429,0.8503784890706285,0.0,62.336995400837345
10860,0.4877893237569785,0.7178716799568897,0.0,11.997431546664775
5150,0.5277169149325063,0.6391952850146766,0.0,31.33335194485158
8410,0.4527688313661277,0.7923735897845795,0.0,48.33478897685935
4683,0.3949658831943833,0.9289558894710509,0.0,65.198766834567
7073,0.411671374041275,0.8875298837354704,0.0,72.48457075087575
4338,0.45168763691019154,0.7947644068307689,0.0,42.57950370231557
20095,0.5375939781629623,0.6206516911697082,0.0,24.146454471125192
6896,0.4712204696075646,0.7524292061461123,0.0,57.35391509037156
17680,0.464937866858669,0.765851501981459,0.0,50.88700281543871
20619,0.46587277076137135,0.7638427062515897,0.0,30.364657588202334
21194,0.5256620289858754,0.6430968032006819,0.2,23.484288688426318
17121,0.45043449532546204,0.7975426168889788,0.2,12.013384219147065
11580,0.47284684585714676,0.7489837360363675,0.0,8.74475204722659
2912,0.45003950986557983,0.7984199003706512,0.0,49.50203382298038
2339,0.4284034130982034,0.8476899733576394,0.0,70.40065487429645
10070,0.5955459116131714,0.5182767955714589,0.0,8.38571871051173
16220,0.5022522443125591,0.6886528067802844,0.0,10.984012136795435
12323,0.5214094538372306,0.6512196460068538,0.0,6.677606371880363
18078,0.5049622200227125,0.6832716643415351,0.0,5.923623770899937
5756,0.5555592373527973,0.5877800376890439,0.0,19.78761438582891
19050,0.5426744178731308,0.6112457376397749,0.0,26.919567134394313
9698,0.5100554770827096,0.6732357805861796,0.0,43.76032573810167
1144,0.4872648422986974,0.7189474796962757,0.2,23.64438441574117
17720,0.4450539040502954,0.8095598714545766,0.0,22.442618855287
883,0.41330820469221713,0.8835617059987358,0.0,52.655860947561195
5027,0.44519367447615016,0.8092458679562811,0.0,58.37495241376202
4050,0.49843033357445193,0.6962914514538981,0.0,43.93946906912022
1494,0.41164818067632564,0.8875862248361345,0.0,72.48917212889367
8541,0.4584151020874325,0.7799801689073769,0.0,59.00549799261013
14885,0.5885686042908517,0.530061784240352,0.0,6.949772275427655
18809,0.5121298242634129,0.6691771230698189,0.0,25.20790100074017
19029,0.45119075225560984,0.795865074895721,0.0,74.95059585709198
19760,0.5162804285065273,0.6611051950268695,0.0,10.936663860459925
17711,0.4801024924145948,0.7337556720098639,0.8,16.155466152260004
5592,0.39495089773893827,0.9289938313297594,0.0,65.20142978382782
10717,0.46715247450152947,0.7610995767401204,0.0,16.175269161140434
17009,0.40730735054020395,0.8981872174977256,0.0,26.381331152474907
7494,0.47220298052084647,0.7503463423624059,0.0,31.724641723546362
3306,0.46137060773988064,0.7735536376125249,0.2,53.61113213993293
7156,0.4858100515783879,0.7219375718533365,0.0,52.38379120510848
15262,0.5265290996220645,0.6414486789979891,0.0,8.259293144286389
2061,0.41854893883434213,0.8709614572171375,0.0,36.92876711498834
6334,0.4166424493406233,0.8755268606255286,0.0,69.40738987216685
9707,0.405760412723919,0.9019924100111927,0.0,9.362681104089269
18085,0.502707846997916,0.6877460987020041,0.0,16.91958534288635
7545,0.45475998578021704,0.7879855029899954,0.0,39.288954654103215
15884,0.5103424388458213,0.6726733298673037,0.0,7.947971903538194
15584,0.42062340239732154,0.8660173767542294,0.0,27.715760955380123
5013,0.4800652361484708,0.7338332756722958,0.0,46.72683046921129
19300,0.507450506754749,0.6783560964578962,0.2,19.251405809513052
16587,0.5325327344924857,0.6301109100626329,0.0,24.040306592311897
1018,0.41174341018659966,0.8873549144565888,0.0,82.58789873761754
17068,0.4388733896873262,0.8235443136832373,0.0,11.467853939724632
19099,0.5293686274004042,0.636070251616815,0.2,22.300624501798957
14905,0.5175334618288547,0.6586810953941657,0.0,8.039202719032412
18814,0.5888017204301902,0.5296657896454653,0.0,1.9504412343857835
19820,0.48218093316288235,0.7294358553630046,0.8,5.501040222179826
19764,0.5406650145613061,0.6149553886614817,0.0,10.84627496375629
11582,0.42436438502132445,0.8571627941865493,0.0,13.207163917559647
15420,0.5365428678735842,0.6226088172635871,0.0,4.9058464178849785
844,0.45927523586049557,0.7781056062376616,0.0,46.25837888447644
15722,0.47107254983668007,0.7527431632041552,0.2,1.8702506160934722
10650,0.5262667892711062,0.641946990891403,0.0,5.0932074355277255
4296,0.4521696926595269,0.7936977433668114,0.0,37.39507051092262
15294,0.5488428774893983,0.5999430760863392,0.0,8.3992033512839
18257,0.5015703523354376,0.6900113975995849,0.0,7.277895308308083
12734,0.44819643033019446,0.8025236821044244,0.0,6.435236737607542
18000,0.5545107135017152,0.5896691513653516,0.0,9.79116075352201
6118,0.44897913253427263,0.8007788677446813,0.0,70.40447658584247
16932,0.47829840246921307,0.7375204683198349,0.0,5.1128609139019
3811,0.46015941407439437,0.7761822971987472,0.0,47.347120129123574
5808,0.571219665921893,0.5599814394144648,0.0,46.601375166646804
16571,0.542601722869562,0.6113797035512114,0.2,8.141132123159018
20991,0.425219018797115,0.8551509044527703,0.0,11.974250996299771
12384,0.48012916520462884,0.7337001171032344,0.0,13.066465746542356
1334,0.41663806963672845,0.875537372581095,0.0,51.656704982284595
6163,0.4970857336771127,0.6989927653938951,0.0,53.3502740475796
8706,0.5103354166071258,0.6726870898184147,0.0,18.875599381051053
13189,0.5508830453531444,0.5962327512465436,0.2,16.077715033874142
2062,0.4612556401516182,0.7738028557311732,0.0,57.617359929305486
6065,0.5479356883901676,0.6015973558732364,0.0,60.13597407066595
1223,0.45150681202769694,0.7951648186914113,0.0,50.35380971698318
11980,0.529164082732193,0.6364567199210991,0.8,7.3400961674752
10391,0.5313792839282444,0.6322792303676833,0.0,6.880936213003027
15989,0.5324111894653386,0.6303391756547274,0.0,6.751562888796807
12365,0.46178330561449454,0.7726595333984018,0.2,11.381274573262994
9309,0.47561820048141434,0.743139846433864,0.0,25.7167254114752
20380,0.4786849940337479,0.7367125304037185,0.8,16.216885137578906
10462,0.39052308912851313,0.9402681843606715,0.0,31.781063914023
1817,0.49679039502299777,0.6995870822393843,0.8,41.116481150423105
1755,0.5394516510890662,0.6172021162997579,0.0,18.804296293403794
20073,0.5444775750488791,0.6079285219404601,0.0,7.075680319642913
751,0.45185282896570955,0.7943987518023614,0.0,50.380767384718204
16274,0.5965795194230787,0.5165427363156129,0.0,3.714200433161527
1949,0.4405633435018996,0.8197010448477485,0.0,60.6578773187334
10883,0.5129095094861791,0.667655844134537,0.0,9.784830180416325
4668,0.44275909524785706,0.8147294599037493,0.2,58.66052111306996
13895,0.44561912599460657,0.8082906693992324,0.8,13.553820813299968
6669,0.49221245946778575,0.7088448275142308,0.0,42.778786962900895
13293,0.5333197945458925,0.628634044971036,0.0,4.936977702392695
3712,0.4784828710657567,0.7371348658756152,0.0,25.508920061164904
21239,0.5660275546670297,0.5691125188066443,0.0,26.407673855373048
19247,0.46199157936281965,0.772208614553906,0.0,26.822668170719705
10065,0.4484710629421765,0.8019111192031702,0.0,24.953870231836632
10661,0.48774007294586175,0.7179726524367044,0.0,4.173216213466365
20190,0.4956753627175067,0.701834077193,0.0,15.205235924934634
8366,0.4850461889407368,0.7235111576498576,0.0,44.8956745644812
17696,0.5260276896520782,0.6424014257058616,0.0,25.01189916677835
3587,0.4840661421471102,0.7255337242735275,0.0,24.704422757975305
12751,0.451796546991949,0.7945233177575444,0.0,5.048003811477446
14871,0.4772647490767542,0.7396839125546898,0.2,23.991648719512636
10130,0.3735224139926957,0.9847772655198861,0.2,39.03804937608511
1634,0.5318047826147854,0.6314788069553164,0.0,16.495804797444187
18228,0.5015989759382435,0.6899543312559338,0.0,24.903211537600868
6575,0.45114083902361807,0.7959757065804034,0.0,68.92751728298006
5703,0.4241991976971354,0.8575521281849433,0.0,73.0720160575266
17569,0.52580386280039,0.6428270201930107,0.0,19.40180614602888
18967,0.592726591583174,0.523022046029961,0.0,2.648845263349508
13956,0.5357229214235047,0.6241381892123773,0.0,9.569598476582005
20257,0.5233061175893938,0.6475886752664333,0.2,18.30733214622464
10563,0.44561912599460657,0.8082906693992324,0.8,13.553820813299968
13106,0.45190735801401194,0.7942780803030983,0.0,19.46854977179509
911,0.40277366198137327,0.9093805076107951,0.0,32.76043417428342
15465,0.5391966753697819,0.6176748852602781,0.0,3.9722670363093164
16903,0.4207956335655671,0.865607994120156,0.0,5.5063487865561935
12883,0.5067029486146638,0.6798303472658453,0.8,12.117975810346344
21115,0.4639087915993444,0.768067315907262,0.0,6.366125635858274
1779,0.4505769739673875,0.7972263531166099,0.0,54.03998974495091
4107,0.4591691538659961,0.7783366098697982,0.0,52.911325351773186
3269,0.4727201075927306,0.7492518043412352,0.0,41.2125962980769
2977,0.4679640998727202,0.7593636956805025,0.0,56.19291348035719
83,0.45522763834561236,0.786957681085243,0.0,28.645260792304967
16167,0.44596755214262934,0.807509082652136,0.0,25.420385552240916
14427,0.518753681723092,0.656326110164888,0.0,4.716195194644376
9484,0.4775504273741591,0.739085517571084,0.0,54.326478939103524
1228,0.45069999165400804,0.7969533678033779,0.0,57.63566883639734
13432,0.4956954510588236,0.7017935508005733,0.0,23.488678959389755
13764,0.47810826405905793,0.7379180782891387,0.0,17.765378297797827
786,0.4491902606172556,0.8003087379707624,0.0,38.91901172940457
13214,0.5191968896856055,0.6554721042003285,0.8,5.338427083962584
6256,0.45153680927029183,0.7950983828251952,0.0,43.849677026033355
18945,0.4513835257451664,0.7954379111770411,0.0,28.548267663824646
243,0.41854893883434213,0.8709614572171375,0.0,36.92876711498834
4598,0.4701352528720573,0.7547348536082653,0.0,35.41215794933902
19330,0.4841468759447053,0.7253669556053239,0.0,19.81013365444347
18988,0.5839859049063658,0.5378784318794794,0.0,15.931959603675725
20014,0.43805343627593063,0.825414375417184,0.8,5.188142097617888
4879,0.43878046191138853,0.8237560777542675,0.8,59.693484300158204
14595,0.4950763370546152,0.7030433120316038,0.0,7.346802811872565
9362,0.5162434318320562,0.6611768576313052,0.0,20.205566307748313
17714,0.5039100726448157,0.6853574541228438,0.0,25.906512550172856
4981,0.4493260444113251,0.8000064979460834,0.2,52.12042456190037
11991,0.47080703131958984,0.7533069688740855,0.2,1.7925541678403387
3427,0.4063068329122483,0.9006466587233981,0.0,39.62845298382952
4768,0.5103098336567536,0.6727372207534696,0.0,51.21884717289832
13418,0.44387601293774026,0.8122100056877176,0.0,10.681779298019979
5424,0.39357233035913114,0.9324904151594423,0.0,38.89883425349424
14243,0.47930040356833065,0.7354277308216407,0.0,9.29966774882882
18738,0.5338480387109437,0.6276440522225051,0.8,8.098177180287747
18764,0.48997776583823643,0.7133952647473132,0.2,22.68204565520268
7454,0.4860808352297309,0.7213803412793593,0.0,64.00085925520077
8925,0.5156401174720914,0.6623462035892244,0.2,46.74508129698931
16944,0.5025532164962986,0.6880537411810623,0.2,7.487916547371065
1104,0.4524350378379998,0.7931110889372305,0.0,45.16767712007101
19376,0.5229232284752533,0.6483206163703121,0.0,4.123319129389486
727,0.4166424493406233,0.8755268606255286,0.0,69.40738987216685
9073,0.5247121910342734,0.6449053742649798,0.2,18.08314728481854
17583,0.5428347888015518,0.6109502616942891,0.0,16.27266006873902
17115,0.4828153376354316,0.728121022170084,0.0,10.729227393015085
8564,0.47751722816437453,0.7391550397868253,0.0,45.86457247449467
5721,0.4697251984514859,0.7556074394182377,0.0,35.78178994776101
12998,0.4824831022795802,0.7288093799985695,0.0,11.759339513088147
9346,0.5069860758355091,0.6792717396033796,0.0,43.20508127774308
18793,0.4596227754602939,0.777349179273868,0.0,5.975483354583552
4015,0.47481399566915855,0.744832139703053,0.0,52.52928778908146
18741,0.4771658734555997,0.7398911054489117,0.0,15.876213028250149
14440,0.49759895078533367,0.6979608461097648,0.0,4.516958229584729
18272,0.47911695972725904,0.7358105365810876,0.0,16.20070913475982
7078,0.44658798095575764,0.8061188522629928,0.0,66.94817314052106
558,0.44958437821543296,0.799431726968426,0.0,74.02737669744025
3081,0.4476978800198049,0.803636649016018,0.0,62.60731216059111
816,0.5159429925998599,0.661758999061515,0.0,38.43496387720971
13196,0.5198925245443959,0.6541331723371256,0.0,4.447026158833129
18560,0.47994612070954085,0.7340814299023272,0.8,16.162638526943127
4092,0.4656374352945172,0.7643479835321414,0.0,62.61921088347562
19679,0.4957217552168567,0.7017404870492631,0.0,21.233613927748365
2199,0.48605420297352525,0.7214351325484026,0.0,41.915380100239545
20163,0.5444775750488791,0.6079285219404601,0.0,7.075680319642913
17556,0.4772860321540498,0.7396393196891919,0.0,16.270216245228006
18860,0.4587245264972874,0.7793054092264056,0.0,31.00622408501149
1165,0.41854893883434213,0.8709614572171375,0.0,36.92876711498834
4887,0.4381874850214331,0.8251084121979594,0.0,58.58682054188817
11902,0.6170985019868546,0.4827266211627543,0.2,15.063001484921127
4249,0.4632109007962002,0.7695728193297109,0.0,53.41219765047131
15251,0.5495066011678864,0.5987344921662378,0.0,6.917179857507463
6630,0.48594500794559004,0.7216598138591854,0.8,50.28706196134057
18605,0.5054608609655442,0.6822846698979331,0.0,9.76451742803443
18876,0.4888602632278322,0.7156785906147928,0.0,24.543482034279638
2012,0.4865169846623064,0.7204834660182983,0.0,23.69489916414889
6184,0.49739875112222837,0.6983632584277493,0.0,44.77031997889342
6640,0.48034559516747366,0.7332494442163713,0.0,31.192429231149703
12919,0.5584910804074437,0.5825166312227166,0.0,9.21162726115121
497,0.43295780210551393,0.837115010450344,0.0,58.64409231256607
5618,0.4870406318350313,0.719407726453738,0.0,54.746926885400384
6948,0.4486978541405003,0.8014055484041016,0.0,53.5499184997925
15969,0.4622096105124884,0.7717367883842319,0.2,11.36922626932641
17140,0.5078093251710145,0.677649246014449,0.0,8.606145295132166
11681,0.5289235703255271,0.636911337097877,0.2,6.232814353343508
20732,0.4611667482426958,0.7739955915327235,0.0,23.302685176841262
1348,0.4491792881818037,0.8003331654137164,0.0,43.638164012365635
11774,0.35418786921741646,1.0379278026179273,0.0,3.1075557046869133
16546,0.5647891761542861,0.5713027570195166,0.0,3.5469332508605307
339,0.4181502899913527,0.8719143656444932,0.0,10.680950979145038
5739,0.48371647741097445,0.726256334380972,0.0,53.038499213299005
1711,0.4025523310236499,0.9099301756091422,0.0,32.24337355120073
3900,0.4302516445593433,0.8433850215634685,0.0,88.68193630430213
20336,0.4471739560629196,0.8048075966213023,0.0,54.30841932169113
17678,0.49336059734416593,0.7065149375323108,0.0,19.691984155631005
14847,0.5538299495930281,0.5908975895467962,0.0,8.668467120209552
12310,0.4440304542118599,0.8118621283348857,0.0,6.316287431999356
9735,0.4642903666288779,0.7672451323324421,0.2,56.85286313511079
18477,0.47897639938722286,0.7361039533754061,0.2,53.448511311884175
4256,0.45388771696588187,0.7899054309876998,0.0,47.25213962737411
9578,0.45267999417465316,0.792569817752972,0.0,43.69437187586333
2497,0.45289094323264456,0.7921039258982466,0.0,47.11434114983132
1242,0.4618988231334758,0.7724094094304517,0.0,56.00354210926909
6168,0.48388846657046325,0.7259008397912227,0.0,51.1977853443655
18992,0.5204103589435652,0.653137626808688,0.0,19.763618347298443
20503,0.5405797120582227,0.6151131744081498,0.0,13.128360294848733
18748,0.47641144697517934,0.7414734137141382,0.0,16.31056172931138
12647,0.5232974581299534,0.6476052230016818,0.0,7.157009638320421
6981,0.4679640998727202,0.7593636956805025,0.0,56.19291348035719
17649,0.4522426089208228,0.7935364977461438,0.0,56.99178799885841
5076,0.41212825079739435,0.8864206897295845,0.8,62.080469488527804
15221,0.5689110864730152,0.5640311198551847,0.0,8.739662003132349
14129,0.39052308912851313,0.9402681843606715,0.8,31.781063914023
6000,0.4750687641911341,0.744295718707009,0.0,58.289515349141936
798,0.44993251975590903,0.7986576635602913,0.0,61.390818197451665
15218,0.5386817879288762,0.618630257313066,0.0,7.114247959100259
2749,0.465470123709977,0.7647073653988719,0.0,54.84863753351034
15630,0.5502651577504777,0.5973550119300303,0.0,3.8872878426774555
11510,0.5524930945143322,0.5933143442849309,0.0,17.79942947980495
9033,0.4499382896390479,0.798644839756966,0.0,49.288363360876396
2080,0.49849040340747797,0.6961709407034034,0.0,19.054199895222396
18725,0.5119018330217755,0.6696224047049765,0.0,14.279730859901116
1736,0.5231484287164456,0.6478900526644261,0.2,18.672190502192304
5954,0.4867574840167996,0.7199892593641064,0.0,49.002469981075855
8320,0.4792626862924839,0.7355064262695775,0.0,50.12476407256544
11916,0.49864292192545756,0.6958650267091677,0.0,5.398520639630683
15178,0.4898530579134664,0.7136498146602581,0.0,12.98896211463463
15043,0.46264076461492637,0.7708044124123608,0.0,12.655452204026949
18409,0.5236556683966809,0.6469209320403594,0.0,8.736990544023158
4417,0.41467104240102975,0.8802697419927394,0.0,55.58903555002654
1291,0.4450713907969758,0.8095205809259648,0.0,65.32831149834055
18574,0.47076760131405376,0.7533907222042892,0.0,19.388509258781824
11466,0.42030850851624296,0.8667662932639014,0.0,20.65590699251407
3602,0.5475469844981573,0.6023070045385103,0.2,35.198823964516066
3614,0.4362611889292699,0.8295141578190001,0.0,63.08455423361127
5456,0.5194540546272717,0.6549769138799821,0.0,48.22594837003527
9822,0.5233938809091843,0.6474209799953489,0.0,20.09837492424486
13605,0.5194179840026106,0.6550463557810715,0.2,8.38459316658745
19890,0.4889034705965878,0.7155902106365035,0.0,38.06117089023423
12079,0.5454701908544576,0.6061071207484994,0.2,22.08654206968506
6695,0.4821389354697557,0.7295229586044066,0.0,54.16160847682039
6275,0.49110634550612225,0.7110945850142596,0.0,19.565767072649663
16675,0.5366568075626635,0.622396480841735,0.8,5.031452923196187
12180,0.5144181468126495,0.6647188290514009,0.2,7.277342026988961
12917,0.4857711932789146,0.7220175616631433,0.0,12.15263793912349
11819,0.5194771599413156,0.6549324348736268,0.8,10.690135442719154
16261,0.6080838835471364,0.4974424401720314,0.0,3.9332774066993212
6885,0.4698408019002919,0.7553613610174738,0.0,32.48053852375138
15694,0.4751622866503264,0.7440988771927026,0.0,1.6962329828129108
15479,0.511171236244772,0.6710506446286815,0.0,8.757211040397046
16319,0.5046308538181435,0.6839280995431106,0.0,8.68349283277492
17886,0.5083636468041731,0.6765582473293251,0.0,28.52707782761612
12715,0.4011393268181338,0.9134464635975201,0.0,6.355303753057138
13151,0.5622205684029534,0.5758610356169462,0.2,15.6665888499288
3446,0.45765518429932944,0.7816392511278252,0.0,40.606159692433934
17342,0.46283746007807686,0.7703793446779419,0.0,60.88307866949327
5290,0.4555944911492061,0.7861521389018647,0.0,37.42084061215579
2416,0.47292878011817585,0.7488104724017721,0.0,55.42694865347214
2921,0.4823418374650739,0.7291022099404513,0.0,54.68631203534873
12857,0.4747796255064791,0.7449045289060299,0.0,5.409869354298937
3223,0.43722304879368173,0.8273118049621251,0.0,58.921147759304645
680,0.4163684525591617,0.876184707457348,0.0,16.844649663915746
18305,0.46058085133875437,0.7752668657581514,0.0,45.04300371758525
20615,0.49010671187701316,0.7131321322470998,0.2,9.231138864109518
9425,0.5257494546316716,0.6429305017148035,0.8,17.939367195908105
18891,0.49951331497263063,0.6941210246469466,0.0,8.794513766216742
5326,0.413289725292366,0.8836064179419524,0.0,86.61110486184407
19973,0.47796774735586944,0.7382120229180648,0.0,20.420789661562658
6868,0.4963654258783962,0.7004428777985395,0.0,20.49495876470392
20650,0.4119609743385232,0.8868266565983807,0.0,53.706220158493785
18546,0.45434882973419416,0.7888900285364187,0.0,9.377141418993503
14614,0.4682838763077679,0.7586805936485238,0.0,11.03956140789791
13402,0.555809515346155,0.5873296417300415,0.0,6.875281258834155
18624,0.507875683899912,0.6775185780841374,0.0,10.924985779342581
19073,0.4817906092590664,0.7302456799438568,0.0,16.80989096431552
864,0.524012195652242,0.6462403207864336,0.0,34.40292558155918
20136,0.5316512533383201,0.6317675434377688,0.0,5.8631184952790605
13953,0.5336615621511377,0.6279934196877759,0.2,10.366287359621278
12356,0.5447129333072134,0.6074963509654252,0.2,8.19026572724118
814,0.4861080576859007,0.7213243388782307,0.0,44.01160409639381
17740,0.42138646186738005,0.8642049046886773,0.0,53.62823562419028
13590,0.5221421238414283,0.6498154602622188,0.0,8.057711769222745
11192,0.5224971690555545,0.6491357132333425,0.8,17.38385422705098
9867,0.41536432263681894,0.8785992579960122,0.0,69.61141545724303
12010,0.5897839502176512,0.5279989952166413,0.0,5.8724046878368545
11926,0.5936793763394662,0.5214158758202949,0.8,3.8037287295746935
14507,0.49062063505722714,0.7120840871836853,0.0,9.25039996020515
3520,0.41798175389354814,0.8723174983824851,0.0,19.060142663860773
16404,0.5141597723746464,0.6652212206322773,0.0,10.507834086442873
14221,0.5187063241333489,0.6564174054235169,0.0,5.974711692419149
8985,0.43782477559541344,0.8259365043675626,0.0,59.27746014584597
2658,0.4629737708887586,0.7700848768488482,0.0,35.82935162559315
2656,0.46381314108232596,0.7682735210512556,0.0,27.89600967370332
18561,0.47994612070954085,0.7340814299023272,0.8,16.162638526943127
6823,0.47751725578920484,0.7391549819358665,0.0,44.46017329130336
11655,0.5680513504127173,0.5655434586911384,0.2,20.333267704242026
12435,0.5754734317145045,0.5525622174557938,0.0,9.092411773042329
11884,0.45680279559094755,0.7835035007139067,0.0,6.349512441517387
7702,0.43703263874590337,0.8277473984698436,0.0,41.74330155744268
18359,0.5240395702048952,0.6461880818540616,0.0,28.273636062661776
8390,0.4546425670183645,0.7882437357432326,0.0,29.011310934582568
5649,0.4992847351945956,0.6945787343551051,0.0,61.47021799042679
3327,0.41854893883434213,0.8709614572171375,0.0,36.92876711498834
14508,0.4839294984957676,0.7258160471405177,0.0,9.432052302748877
15213,0.6075855892472204,0.4982622260414209,0.0,3.8660166432172574
2980,0.42435164102786205,0.8571928254174256,0.2,52.916661065376545
8472,0.50054815331117,0.6920514744428586,0.0,37.512651439359246
12167,0.4975458013601436,0.6980676635855663,0.0,8.732826298365843
18626,0.45726604008887645,0.7824899128537665,0.0,26.45598204321008
11263,0.5208829385016978,0.6522299486516545,0.2,6.849066954525362
15553,0.5515583353470151,0.5950076700945653,0.0,4.42209695761244
1408,0.40490700632998694,0.9040978522409606,0.0,32.683138738054566
13268,0.5521865021349491,0.5938694235824667,0.2,17.769315127897755
12046,0.47597223854085147,0.7423957488447032,0.0,9.017075685164917
14715,0.5418952869935052,0.6126824936364754,0.0,3.823138766134602
4740,0.5156971660331733,0.6622355733190838,0.0,39.35334843924091
10712,0.4240546039201807,0.8578930492113613,0.0,10.73653180541439
14669,0.5237001379097755,0.6468360143593695,0.2,7.829950274593034
4348,0.3951814690407578,0.9284102042868526,0.0,67.86678451672739
6988,0.488443883751397,0.7165306887112055,0.0,16.283160857633824
5747,0.4954673144842078,0.7022538921018724,0.0,20.365362870954296
7602,0.4623669622488911,0.7713964126002079,0.0,49.670214536504375
1460,0.4151167367871965,0.8791955048439032,0.0,55.39371036790755
13681,0.5275756853278334,0.6394629446296142,0.2,7.819032826145339
9155,0.5251768404452231,0.6440202341647321,0.0,42.01266036881506
3088,0.41956256789684937,0.8685426154554441,0.0,50.996476485768355
5072,0.5026695727714351,0.6878222377235235,0.0,49.52320111609368
230,0.4010794297528299,0.9135957921065448,0.8,32.889448515835625
528,0.4954673144842078,0.7022538921018724,0.0,20.365362870954296
13547,0.5181609885254609,0.6574692963482545,0.0,8.034274663433123
18863,0.4923959967356712,0.7084720148111611,0.0,26.263057372841235
6348,0.4524644623714992,0.7930460551218667,0.0,55.51718993587085
12793,0.5562277759627107,0.5865773996253064,0.0,4.900560637913143
5982,0.4178745118758644,0.872574102352962,0.0,15.42711039588886
12097,0.5430204869218193,0.610608230622139,0.0,7.551391759834008
17830,0.4089989220717646,0.8940427584641663,0.0,26.16013979836594
6289,0.4865169846623064,0.7204834660182983,0.0,23.69489916414889
4046,0.49439634310669356,0.7044177694948673,0.0,49.957306922748536
20055,0.5065262309745608,0.6801791679383145,0.0,4.009180220848512
20578,0.525140894893894,0.6440886811691644,0.0,7.880424792974425
8825,0.4829638401398316,0.7278134932670226,0.0,49.509511213656324
11280,0.4804178835625936,0.7330989630691239,0.0,17.645691817349764
15058,0.49119238851773916,0.7109193979579055,0.0,7.472047450201103
20727,0.502347626228535,0.688462916418839,0.2,35.11436238942937
6172,0.4861080576859007,0.7213243388782307,0.0,44.01160409639381
13013,0.5443061619459438,0.608243392742672,0.0,8.090549538452336
3112,0.45407319056268486,0.7894968812410204,0.0,48.75932606030111
16892,0.5606341762632205,0.578686678386471,0.2,5.02195832221728
12470,0.46958691643681627,0.755901871936411,0.0,4.6779930254110855
7946,0.411671374041275,0.8875298837354704,0.0,72.48457075087575
15212,0.586292464583356,0.5339365275875584,0.0,3.987704775011927
6042,0.503258461489992,0.6866514009125922,0.0,47.687941626936585
16277,0.59758387476862,0.5148606288464949,0.8,3.6299474864994625
9507,0.4361811792831398,0.8296975731350589,0.8,44.65017692389203
5430,0.36976996909339405,0.9948741718356419,0.0,60.69329044800094
221,0.452730285825568,0.7924587263459547,0.8,30.323429656959398
10499,0.4307786867056408,0.8421608086804072,0.8,10.63985991066276
2673,0.5149772530625416,0.6636325481044704,0.0,58.97039116116967
17775,0.4755787894732585,0.7432227125669459,0.8,48.30947631685149
7801,0.3947523714877997,0.9294966182955907,0.0,65.82695022403388
12566,0.4716845557061207,0.7514448310000016,0.0,6.80057622219356
8107,0.5004697359070501,0.6922081497732895,0.8,18.93535362018059
14784,0.46120793117148895,0.7739062939192056,0.8,27.147471033770515
10806,0.4766666480342414,0.7409378834852985,0.0,10.77731166060646
9106,0.5192019839312004,0.6554622924685858,0.0,20.38487754581204
20411,0.505463426170744,0.6822795949279626,0.0,25.653711728215356
13859,0.41843095769903804,0.8712433782921218,0.2,10.674909750097777
14825,0.4753599333790839,0.7436830074161919,0.8,9.825168177303745
10420,0.6644627219439885,0.40877650180955794,0.2,2.355288566325693
4056,0.4974957865712029,0.6981681916229657,0.0,59.309388411030994
21092,0.5675394231750517,0.5664450638895087,0.8,3.643941078174474
7808,0.4752345590505344,0.7439467883033628,0.0,58.950344753848455
7656,0.4629737708887586,0.7700848768488482,0.0,35.82935162559315
13887,0.48524114727965234,0.7231093007271473,0.0,9.752574785826322
10230,0.44508288674313434,0.8094947518164514,0.0,4.937918005380212
19808,0.5250708396131877,0.6442220928965493,0.0,24.80255057651715
10738,0.44134809420132126,0.8179213856370994,0.0,30.83768054276314
17585,0.44457786285184414,0.8106300698481076,0.0,65.66103565769671
8666,0.41705519666954993,0.8745366998289281,0.0,62.0921056878539
13286,0.5994008245344772,0.511824748500792,0.2,6.727936553337687
17255,0.5239008840619787,0.6464527651061712,0.0,2.6694621349100824
16486,0.5499970223752504,0.5978424146334566,0.0,9.595370868896369
16869,0.46784417375721427,0.7596200005658981,0.0,9.702246486205137
9900,0.49499540922263746,0.7032067907541554,0.0,31.714625190004
7137,0.4507353892651988,0.7968748316998296,0.0,57.62999062518102
8970,0.4899218428265128,0.7135094050353383,0.0,21.497324657451205
134,0.41835614156876144,0.871422195892301,0.0,10.827416794907592
6897,0.4714588037849448,0.7519235533982785,0.0,51.66090337632043
3932,0.4183500686754475,0.8714367120826667,0.0,8.466004466586554
20736,0.48355643212548455,0.726587255024717,0.0,18.71107557899912
7440,0.4542298783457451,0.789151869119014,0.2,67.8670607442352
11382,0.4713949195271276,0.7520590659519981,0.0,4.802536350735484
5104,0.4565888137030217,0.7839720443038921,0.0,22.605832432100883
20209,0.5811250664961698,0.5427892845447744,0.2,9.599499452854326
1811,0.49270622302052663,0.7078421790664247,0.0,45.31959659480928
3551,0.45382501452805424,0.7900435857931837,0.8,56.910786568283804
906,0.40639806244906096,0.9004221503250445,0.0,36.341038536692864
18541,0.47143520055121524,0.7519736189064395,0.0,19.71298710009853
8227,0.4921146470206656,0.7090435672356046,0.0,19.619235559504908
10851,0.5124818981792567,0.6684898892192024,0.0,5.210377167316619
10820,0.5006432518970758,0.6918615036027232,0.0,20.785005930042004
17676,0.4933354726366438,0.706565864475859,0.0,19.357785883896288
3539,0.4683600622505487,0.7585179150898688,0.0,47.786628650661726
16114,0.5637264215259594,0.5731862133841074,0.0,6.076060516201123
14987,0.507953833065523,0.6773647153257513,0.0,18.900846065362202
18996,0.5262659366570788,0.641948611010201,0.0,4.611437727198638
3406,0.4135787785815418,0.8829072661430969,0.0,66.17831238238338
9101,0.5218208692024545,0.6504309124406099,0.0,17.97790940256768
14369,0.500151578904568,0.692844068693853,0.0,5.989291059278164
3238,0.49901713895486394,0.6951148372175157,0.0,20.352961585200003
12848,0.517428324490321,0.6588842668354407,0.0,5.18953722551347
12005,0.5053887969746487,0.6824272509246002,0.0,3.1233057001917475
17632,0.43926493292959373,0.822652556067995,0.0,78.39262146069942
12687,0.43621785094739607,0.8296135022844341,0.0,10.991548956305685
7164,0.4882404583957678,0.7169472518724898,0.0,49.519549202974645
2620,0.4178745118758644,0.872574102352962,0.0,15.42711039588886
6945,0.41702923175686524,0.8745989595038679,0.8,66.35582212338599
14242,0.48174849098402,0.7303331040557846,0.0,9.235244918085385
15965,0.5368998723173364,0.6219436593682506,0.0,10.274197550195566
13534,0.520686622535012,0.6526069104530633,0.0,10.249191478875403
994,0.43017081294027765,0.8435729097772148,0.0,53.79464162467474
3654,0.5013868448716855,0.6903773303957417,0.0,50.85837430447914
3437,0.4453478718137724,0.8088995677981231,0.0,48.376238899023306
14883,0.5911399422083222,0.5257025007595242,0.0,6.958329685570335
8347,0.535931283733166,0.6237493281202746,0.8,69.21746370291962
1504,0.45185282896570955,0.7943987518023614,0.0,50.380767384718204
14315,0.5408974300537849,0.6145256113569657,0.0,16.068000473291434
20173,0.48635677311815423,0.7208128233358725,0.0,21.351917953297466
6987,0.41854893883434213,0.8709614572171375,0.0,36.92876711498834
3473,0.4337208382319421,0.8353541817231432,0.0,55.095786585129105
2075,0.41956256789684937,0.8685426154554441,0.0,50.996476485768355
3156,0.4827465546662081,0.7282634945892801,0.0,25.20192182861322
10259,0.4973310228488531,0.698499432643606,0.0,11.141065817437322
5080,0.4982173609178156,0.6967188294753492,0.8,43.13734696483138
6964,0.45745621204174686,0.7820741102313478,0.0,24.24820862306821
3198,0.45298566937639717,0.7918947889301886,0.0,28.824971525394417
10012,0.5470505187441235,0.6032141248025471,0.0,50.08457005624433
5145,0.5280991214224097,0.6384712829282557,0.0,30.69769923447904
17469,0.5465169846823956,0.604189892832209,0.0,23.62835512763088
392,0.45971127105538534,0.7771566581860214,0.0,46.011946771179
15298,0.5020588427776476,0.6890379494712061,0.0,6.373532035240135
7638,0.420466178774476,0.8663912337801546,0.8,34.820262495817104
14930,0.48747296162904064,0.7185204534074271,0.0,23.711174962445096
14252,0.5653262105365685,0.5703523506645003,0.0,7.577416183037599
11815,0.5684323747181486,0.5648729267490051,0.0,3.5084258633208982
503,0.4420042683411472,0.8164357400706428,0.0,57.35052457475967
1577,0.4821526243442807,0.7294945670367597,0.0,20.31277571823441
15767,0.4456790491688318,0.8081562067110204,0.0,6.440196507617301
955,0.41651785187643936,0.8758259566456602,0.0,70.67915536950696
12551,0.5470433357715304,0.6032272552530354,0.2,4.567938528471373
7036,0.437284170902046,0.8271720185610818,0.0,63.35310818322053
1475,0.5487808408815076,0.6000561141100599,0.0,22.382692324992195
15793,0.5081071288925514,0.677062969989731,0.0,8.866139611386455
9467,0.4815783679621337,0.730686303018473,0.0,48.25817554492847
20174,0.528085964353316,0.6384961972529731,0.2,19.31929727569341
11300,0.47055592353560044,0.7538404672206057,0.8,12.98000254782138
18849,0.5367611780418011,0.6222020170245339,0.0,28.847462399828736
14189,0.5223996753454395,0.6493223224874911,0.0,20.71987644998116
13239,0.5472479634736085,0.6028532639682572,0.0,8.30460531717154
18773,0.5343202260218274,0.6267599455564851,0.0,17.423926606015257
17802,0.5099864887658508,0.6733710462306799,0.0,17.27735429904937
17478,0.49905790798442773,0.6950331418986887,0.2,25.327008724811215
3454,0.4491201247945472,0.8004648885040077,0.0,44.20967237212138
11971,0.620783671491298,0.4767726128248629,0.2,5.917701755863127
4326,0.489016284733239,0.7153594879488049,0.0,50.930021255084654
7257,0.4416844252925845,0.8171596218286272,0.2,66.18992936811881
12896,0.516640176738353,0.6604086298803424,0.0,10.133970916769357
14668,0.5246182921353701,0.6450843434280031,0.0,7.8087462971001695
2517,0.4596647797210123,0.7772577948958007,0.0,60.64903637150108
11842,0.4386335646419649,0.8240909191549074,0.0,5.525530139496265
14526,0.5490360210632291,0.5995912274879591,0.0,6.406932148238429
11276,0.47374410901024083,0.7470879574696934,0.0,6.839963746165234
16496,0.5300410497706094,0.6348008230378753,0.0,7.143096297557288
1527,0.5128263646221486,0.6678179616275708,0.0,18.279513072438277
6298,0.4908172487288938,0.7116834226535198,0.0,21.37896931064897
898,0.4198224335170497,0.8679234344406179,0.0,32.63392312148632
12878,0.48778175654422157,0.7178871933580347,0.0,9.672812026875025
14935,0.5268474560312598,0.6408442295877955,0.0,7.255958477817906
11905,0.6280718754890179,0.4651006676473684,0.0,14.467188920409875
14266,0.5345922425113706,0.6262509862105652,0.0,10.07950949166636
16126,0.43639974903110995,0.8291966001125023,0.0,8.806275576665584
8968,0.4929042170882862,0.70744040964036,0.0,19.122113409004214
20548,0.5159460633487598,0.661753047357924,0.0,19.25072568119152
20410,0.5031084486277306,0.6869495284878617,0.0,24.78513762517972
3300,0.45210528108673637,0.7938402035139337,0.2,55.77521136645456
18527,0.4753051254437876,0.743798311823035,0.0,16.90653599659509
9648,0.4963155609960498,0.7005433428684819,0.0,44.13773673805049
16687,0.44561912599460657,0.8082906693992324,0.0,13.553820813299968
3420,0.45991953562169235,0.7767037273612704,0.2,62.1518326189956
20115,0.6556735046541274,0.42209232025487736,0.2,10.542599580297042
19237,0.5219799019732109,0.650126193807747,0.0,21.874796246412103
3535,0.48183590293654643,0.7301516732370256,0.0,42.914665708629215
10660,0.5350933548048611,0.6253140523462485,0.0,5.036904882479735
2727,0.41742803795062944,0.8736431137377502,0.0,33.26396222210164
6562,0.5122021191609133,0.6690359678552724,0.2,68.2416687212378
914,0.488443883751397,0.7165306887112055,0.0,16.283160857633824
20459,0.5362659552449338,0.6231250558120272,0.0,8.84712981102394
13593,0.4765287666659854,0.7412271869525441,0.0,9.042971539443172
17978,0.429186351741918,0.8458640680277584,0.0,61.74807696602635
2197,0.48678887644283453,0.7199247684937774,0.0,39.675054431099284
17733,0.4858232414418976,0.7219104219736334,0.2,9.79415863157728
19703,0.5242073696245391,0.6458679293886428,0.0,24.407348411011252
7243,0.45455072726427426,0.788445760450146,0.0,43.99921590253496
14928,0.5051395508005679,0.682920549662204,0.8,21.835361017847188
12864,0.5017633199813772,0.68962674460997,0.0,4.75980359267886
1829,0.5056662395353468,0.6818784329915634,0.8,42.77082366893189
7980,0.5356646600903785,0.6242469478617941,0.0,17.786355161800657
18363,0.5273039313929232,0.6399781767691197,0.0,25.471132167807866
6210,0.49662291313007184,0.6999242669602617,0.0,17.31857592865129
2248,0.4890029689926624,0.7153867179660601,0.8,49.522644459607015
13144,0.49596245014040385,0.7012550604850941,0.0,5.312007116613035
19806,0.5251918258016608,0.6439917006470819,0.0,24.50388371829479
19621,0.46898440082032256,0.7571857716000401,0.0,23.229702211818335
10763,0.3948835254987695,0.9291644297193713,0.0,65.21340323138622
361,0.4183101797232503,0.8715320648911783,0.8,8.719675915501938
6620,0.46247854090877044,0.7711551211411702,0.2,76.22868548983868
15363,0.5055403083266581,0.682127504182026,0.2,6.388250122869441
4182,0.4183101797232503,0.8715320648911783,0.0,8.719675915501938
1002,0.4156353575543743,0.87794694745095,0.0,70.28404314611394
2983,0.453930604159874,0.7898109468975993,0.2,54.058613032264674
4804,0.42912004950528865,0.8460185635241566,0.0,66.83969428756662
15044,0.5143753607159571,0.6648020062806581,0.0,12.1067099475575
1196,0.4557575718194132,0.7857942515857017,0.0,29.302265363479762
7223,0.44582981059203713,0.8078179903871066,0.0,48.226731560845394
18148,0.464307160362078,0.7672089622313729,0.0,10.370362963000822
7867,0.5007400816865172,0.6916681115489597,0.0,50.93098287147014
9138,0.41854893883434213,0.8709614572171375,0.0,36.92876711498834
15500,0.4870543720986955,0.7193795151117033,0.8,11.664738261251102
6824,0.45228114700809025,0.7934512858607993,0.0,37.82778642128187
8260,0.47124782067618404,0.7523711647904315,0.0,57.56015389584285
11654,0.6039904873630423,0.5041968305702819,0.2,17.430083557686633
15982,0.5655319359369261,0.5699885112151961,0.0,5.940990443737348
2435,0.4872291555608873,0.7190207212717075,0.0,24.7274814785543
18658,0.5436802464828883,0.6093939871384455,0.0,23.156971511260927
19387,0.478714875972195,0.7366501072942261,0.8,43.56917093312867
7389,0.5222836749921399,0.6495444000265633,0.0,19.47171660756434
4993,0.5017449198803153,0.6896634161595061,0.8,41.83498271900135
537,0.45444636936469635,0.7886753715246444,0.0,37.86430025457497
11269,0.511345710481232,0.6707093803812537,0.0,11.157585386900974
13912,0.5346020595951337,0.6262326226937674,0.0,9.789581283149287
16407,0.5764479759358224,0.5508701845664775,0.2,8.21430074455461
4754,0.5225220243755524,0.6490881441166052,0.0,52.696224347568275
10211,0.5129659073261738,0.6675458934736143,0.0,10.567918621957165
16049,0.5493350589338971,0.5990467159226013,0.0,3.889610344766905
16312,0.5210496441857483,0.6519099554232193,0.0,7.071267521481955
9716,0.47704189395343477,0.7401509639558261,0.0,51.59962174166663
5818,0.4182198371936553,0.8717480584075358,0.0,38.010395514823756
12900,0.5186961542613596,0.656437011838966,0.0,10.03107917487947
13708,0.45081862735449396,0.7966901770080481,0.0,10.481654204397639
2053,0.5058215184057228,0.6815714023421527,0.0,55.65507182027155
3799,0.4503945047829868,0.7976314029793392,0.0,51.04840979067771
1673,0.4534610550305709,0.7908458895631149,0.0,36.41805740528144
18761,0.486631609807076,0.7202478901854786,0.2,45.20635838788715
13648,0.47669686402962547,0.7408744952917883,0.0,8.968285779638157
8055,0.5221382425728878,0.649822893646328,0.0,19.192519064689193
2438,0.4429477466009318,0.8143034693908302,0.0,61.07276020431227
14002,0.39052308912851313,0.9402681843606715,0.8,31.781063914023
15127,0.5078581065489235,0.6775531882372219,0.0,12.172243130068102
17119,0.5016489681696626,0.6898546704856244,0.0,6.089691847132144
3107,0.4696577285649377,0.7557510866673494,0.0,52.093922634617314
1465,0.4944210578194662,0.7043677810687845,0.0,27.090689539372704
10224,0.5614122536702015,0.577299788306095,0.0,2.308275251468807
17273,0.43961835864839727,0.8218482951581769,0.0,11.834615136767503
1985,0.4885713431748227,0.7162697727691894,0.0,50.82113334758188
8747,0.41480642342034907,0.87994331716241,0.0,69.02275258980119
11519,0.5817924805579935,0.5416414574493947,0.2,8.56172686295768
2975,0.504844242909898,0.6835053271624456,0.2,46.59797515782654
311,0.4615244965599199,0.7732201461447546,0.0,46.47052960345944
842,0.46259598021655707,0.7709012187673925,0.0,36.94929565078151
10409,0.49161723958214465,0.7100548335932064,0.0,7.214157000961208
20672,0.5103546267209413,0.6726494483934917,0.2,31.836498341144882
12816,0.5458495811990648,0.6054118335016144,0.2,6.738233487473996
18879,0.5131746597803736,0.6671390243491078,0.0,22.76011570799445
17033,0.5198380997901336,0.6542378624425014,0.0,12.288549609283603
3158,0.41122375855715854,0.8886177879179886,0.0,94.10462509643813
3484,0.46601674733477877,0.7635337070156134,0.0,71.8103474749384
20229,0.5577251891026823,0.5838889305626853,0.0,2.033077865046569
1612,0.4795436234617467,0.7349204118171391,0.0,54.244473801983744
7449,0.5144265700357246,0.6647024549126465,0.2,63.86461054947498
21109,0.3937842417257733,0.9319521295102915,0.0,4.256551336657444
6795,0.5042896240846827,0.684604524997733,0.2,57.3178285823511
8885,0.4987116215152721,0.6957272630816292,0.0,49.45925123863258
12424,0.4841602416401742,0.7253393492907012,0.0,4.593211415548616
15546,0.55274193557259,0.592864048998067,0.2,17.88641128621527
14597,0.5208922361017606,0.6522120991188767,0.0,5.1534542034787965
5500,0.4523008133887464,0.7934078041609197,0.0,47.604468249655184
17081,0.5668603174460611,0.5676423593150955,0.0,14.012535001811436
6703,0.47097985436688045,0.7529399579253091,0.0,48.39145144052817
7560,0.4532348254697453,0.791344909290425,0.0,41.87797115065349
16616,0.5511236148628516,0.5957961485975515,0.0,3.963533969456489
15361,0.49790014688381656,0.6973557303273824,0.2,7.260170185223957
10188,0.4646572313690413,0.7664552820544999,0.0,69.87389649020925
6288,0.4877924423428371,0.7178652866724579,0.0,23.843897660192294
852,0.4878221992140354,0.7178042853919522,0.2,57.50330174086224
17927,0.5197113474289,0.6544817226305873,0.0,5.000240585596155
5749,0.5662539530044394,0.568712621185968,0.0,17.311611407892933
18138,0.45920488900175355,0.7782587872526348,0.0,30.68674273446629
20560,0.49680417402757426,0.6995593465713229,0.2,8.885103076668482
14492,0.4099104237831492,0.8918166217313898,0.0,9.934836621766014
5694,0.5134604826024741,0.6665822095320698,0.0,54.566420079144734
15499,0.5270207231649803,0.6405154083201987,0.0,10.425989656666928
1151,0.4272310753787295,0.8504302519903143,0.0,64.83850052121994
2940,0.5161443421386206,0.6613688197917226,0.0,34.30851004961743
3946,0.47967733622319053,0.7346416173205013,0.0,53.34232828203126
3326,0.46187044942401884,0.7724708397254588,0.0,36.73485396562599
3442,0.45190825074437146,0.7942761048329895,0.8,68.0853426160134
10289,0.5487789126476746,0.6000596277845122,0.0,11.965188726228133
7012,0.4505580891819447,0.7972682664461825,0.0,58.41664003644907
2720,0.48371526345890453,0.7262588440196756,0.0,53.03868249221047
14867,0.5395079772180104,0.6170977080762848,0.0,17.34137214745744
12088,0.551170066686662,0.5957118664781572,0.2,5.413531643431764
2583,0.44564701190774664,0.8082280934480922,0.0,48.29971259101948
11786,0.4687807860190944,0.757620027013411,0.0,6.2185447785583765
18335,0.518975631485947,0.6558983497394779,0.0,12.211187413682318
10008,0.5524448949072739,0.5934015882887579,0.0,43.644686365908655
4315,0.4974559932943649,0.6982481819856436,0.0,44.51506892674722
7144,0.44777713583634104,0.8034596349947672,0.0,62.08694301106203
17506,0.4183540622591057,0.8714271660949977,0.0,8.465911727351298
10337,0.5167960649255304,0.6601069408509181,0.0,36.586426693040515
12997,0.48414170116139227,0.7253776441199578,0.0,11.769253244329953
14070,0.5437343536857485,0.6092944718240539,0.0,26.752293285494126
5760,0.547891161771173,0.6016786216662994,0.0,19.551547315995194
17683,0.5513959636802157,0.5953021005494185,0.2,22.935501769753614
16140,0.5291506691929572,0.6364820687867596,0.0,6.2069730425449965
5929,0.4740717558990105,0.7463965849912378,0.0,45.70559533750277
3085,0.46976801512097327,0.7555162909801256,0.0,32.48720051214541
1171,0.4954673144842078,0.7022538921018724,0.0,20.365362870954296
20510,0.5355786197414969,0.6244075842936606,0.0,3.8207499820917246
12028,0.560550133771113,0.5788365957399566,0.0,5.557988853185622
19510,0.5028137479305679,0.6875354598980689,0.0,27.609361179870874
15829,0.44848585620267123,0.8018781337605466,0.0,6.268281110068334
5604,0.4893102351711318,0.7147585629186477,0.0,34.61218559060555
20310,0.5183880699715413,0.6570311473810604,0.0,25.00660511843067
7192,0.47012051794915355,0.7547661959799098,0.0,54.3431661105535
8850,0.471811126996182,0.7511765281489318,0.0,21.524963929899627
2314,0.5115896337094668,0.6702324719740055,0.0,18.34560304901457
10395,0.5161263420408856,0.6614036945547332,0.8,6.1234404384679735
2377,0.4917770879448882,0.7097297384412884,0.0,23.186871285875995
9683,0.5124324301210246,0.6685864203280075,0.0,23.06957514754524
3285,0.5104119132266808,0.6725372062625877,0.2,58.830196222661215
17191,0.5039614651345437,0.6852554719002171,0.0,11.87547760250519
6410,0.42892901887510737,0.8464638309112492,0.0,80.62568312329974
3042,0.49533092288106517,0.702529208707939,0.0,37.94009334659064
16896,0.576205428543554,0.5512910350925866,0.0,4.728808924966533
9357,0.4954673144842078,0.7022538921018724,0.0,20.365362870954296
16538,0.5696034881477653,0.5628147950481968,0.0,3.679120281952057
6243,0.4564744897473574,0.7842224627706724,0.0,30.59251994796385
16414,0.48383414386799656,0.7260131089516986,0.0,9.548887526268025
2525,0.4924795044851041,0.7083024344946043,0.0,21.992790726155427
17660,0.4799033910870761,0.7341704639060285,0.2,10.202767166554398
17044,0.5725100141478547,0.5577250517454065,0.2,42.3034453876443
19255,0.4502399407864148,0.7979746365717246,0.0,7.231325710858497
20949,0.4819849638361412,0.729842360778825,0.0,16.661936320174824
11752,0.43741978882168997,0.8268619298294074,0.2,25.816696083651063
20168,0.5349062402293897,0.6256637993522233,0.0,3.84220156127898
13625,0.519221685428664,0.6554243474601134,0.0,7.933912051036582
20796,0.41971947925529096,0.8681686973886816,0.0,6.697053527052535
16045,0.5355031413881665,0.6245485228404543,0.2,4.099224333300485
3600,0.551945971342485,0.5943051154981506,0.0,37.32236079986504
19935,0.5065868102845883,0.6800595775123056,0.0,5.039581532879819
2573,0.47414425451700004,0.7462436691633371,0.0,46.80439814747911
10866,0.5901765576727291,0.5273335365560489,0.0,5.907717394794311
5909,0.4142768114705748,0.8812209018475736,0.2,73.0994763226563
2767,0.39982604292988855,0.9167257191426794,0.0,26.133557284439675
12330,0.5235469950149737,0.6471284818984608,0.0,9.489815775853131
18010,0.6239159992883164,0.47173953619946096,0.2,1.8011488241175537
7325,0.39502207072010564,0.9288136404012045,0.0,65.24451317790262
8167,0.46973361494917043,0.755589521660557,0.0,35.78094145235424
1745,0.5359228739582632,0.6237650201336752,0.0,18.217057365414483
692,0.4670612253304708,0.7612949264151793,0.0,38.91358853741046
6297,0.4921146470206656,0.7090435672356046,0.0,19.619235559504908
1044,0.5003314247189402,0.6924845507097231,0.0,42.556639331843115
8073,0.44832453706417263,0.8022378957379941,0.0,63.36275313118466
1239,0.4631118666863097,0.769786641366142,0.0,32.892982833194885
11768,0.3787948357915739,0.9707605508371315,0.0,9.736097603090785
21064,0.5302497295878926,0.6344071955084463,0.2,13.831187795857543
6602,0.411671374041275,0.8875298837354704,0.0,72.48457075087575
5241,0.4280564248345141,0.8485002583641419,0.0,63.04102444661167
12027,0.5704468627318177,0.56133525559233,0.0,7.8306267084468
21106,0.5488126082959339,0.5999982285341956,0.0,25.259925650170793
6913,0.4667133389566079,0.7620400449978944,0.0,39.88898708563944
13247,0.449156663929348,0.8003835346601154,0.0,17.910981801285253
13908,0.5432487362024416,0.6101879862128845,0.0,9.53876350825832
9947,0.41854893883434213,0.8709614572171375,0.2,36.92876711498834
2359,0.5104938305211615,0.6723767266195685,0.0,53.539679440444424
4220,0.49532182357329546,0.7025475790355893,0.0,53.70097789252653
20414,0.5085448911061416,0.6762017859620911,0.0,24.397359096169595
10105,0.488044264464628,0.7173491713723792,0.0,64.66902889380796
12233,0.5613219109802949,0.5774607216649363,0.8,4.989260558085726
3434,0.4681038277123561,0.7590651535842379,0.0,45.908257245698486
16851,0.44418719819659236,0.8115091878457285,0.0,9.904469575743878
21228,0.5487431865498706,0.6001247309798697,0.0,24.29604895536001
9600,0.46678273638098217,0.7618913621564009,0.2,16.973034936694614
4494,0.45645693156848594,0.7842609282642762,0.2,55.88643243175639
10805,0.4926813737618418,0.7078926145676858,0.0,5.027630223248892
20470,0.5948711532066372,0.5194104461192204,0.8,18.701374162661143
20534,0.49613396690068395,0.7009092941683476,0.0,20.368423714206234
9194,0.5325252113047392,0.630125037346085,0.2,37.24038994752725
6342,0.45323917687562404,0.7913353085608563,0.2,48.34227565171871
15555,0.5266081485392843,0.6412985581708961,0.0,3.9228233463830877
17486,0.5032031905806083,0.6867612330345128,0.0,24.259841080901403
19502,0.4534771940038414,0.7908102995473902,0.0,4.840945260746157
9985,0.5008891118244888,0.6913705360788419,0.0,20.91395871638497
13840,0.4649044602300114,0.7659233563759057,0.0,13.840234815971355
10347,0.443396695776638,0.8132904338424917,0.0,42.29110255980956
12505,0.4751378328015148,0.7441503427209425,0.0,4.821945380259943
192,0.4025523310236499,0.9099301756091422,0.0,32.24337355120073
12219,0.47253818617693705,0.7496367180081952,0.0,21.746587463440125
10453,0.4730944495864372,0.7484602284230769,0.0,12.406103238579455
10624,0.5402064328191551,0.61580392947691,0.0,4.095096042929993
902,0.4189138410567143,0.8700900101409761,0.0,68.5413385573774
16305,0.45915171370708535,0.7783745925826575,0.0,13.454206198652415
8269,0.467018561726497,0.7613862753654395,0.8,33.668499121628194
14094,0.4631710609733845,0.7696588309846965,0.0,9.429089915607294
16451,0.5121418813295265,0.6691535803593284,0.0,10.945345348778421
14721,0.44596755214262934,0.807509082652136,0.0,25.420385552240916
15926,0.4481534421915394,0.8026196003167337,0.0,14.451566319471715
6578,0.5027789175796469,0.6876047331776572,0.0,67.32681807861124
13088,0.47645163310241295,0.7413890655468146,0.0,10.639304041079386
11247,0.5577632241316216,0.5838207361672927,0.2,4.758139055440919
12908,0.5483448170436028,0.600850961733413,0.0,21.08055690091748
2128,0.5213898924028614,0.6512571631657244,0.0,25.487601371142937
4912,0.4164345823149108,0.8760258949816031,0.0,68.94323860340688
6057,0.42097717184076816,0.8651766704260438,0.0,83.12617607872009
8905,0.43951142151167694,0.8220915746822269,0.0,41.18678663716738
16072,0.4894249233964991,0.7145242028368866,0.2,11.251612096013602
8092,0.48354145595015674,0.7266182263989981,0.0,42.87047535754088
8788,0.5184328932032004,0.6569446845619642,0.0,38.023629499209534
9869,0.4161409935004197,0.8767311494598466,0.0,66.68197846359239
567,0.45197622324291475,0.7941257039783944,0.0,70.69902017341218
6546,0.49832965260750023,0.696493467924643,0.0,49.49282678721336
12506,0.3870514502470822,0.949197648414052,0.0,9.535165015162825
3718,0.48451083253250987,0.7246154897330213,0.2,48.70140640155107
7717,0.4851213111973837,0.723356293140819,0.0,49.26056245913566
16920,0.5075376656755438,0.6781843527403308,0.0,5.030432287694994
9029,0.39519179879306343,0.9283840653655945,0.0,67.8648737616233
4522,0.4717465944860106,0.7513133136551129,0.0,57.05848937625492
21145,0.5144482016402204,0.6646604058604303,0.0,6.397024258758144
13711,0.4649044602300114,0.7659233563759057,0.0,13.840234815971355
8278,0.44773253745162794,0.8035592394682426,0.0,49.8608501959374
11921,0.5440382104198177,0.6087357948505777,0.2,9.964457446881152
4916,0.506470632380857,0.6802889384534482,0.0,17.388186201104823
20487,0.405760412723919,0.9019924100111927,0.2,9.362681104089269
19348,0.46618850409466467,0.763165211426115,0.0,10.014635625223297
8501,0.4524990330746606,0.792969652696018,0.0,65.85613207635564
14809,0.47058477935315035,0.753779146277902,0.0,1.7963309959018001
8154,0.5032029004634545,0.6867618095754465,0.0,49.876079040205205
10944,0.506006956805889,0.6812048611609438,0.0,4.395815015846196
8419,0.4490709626183758,0.8005743578071647,0.2,56.12026126070272
18822,0.46933850201993027,0.7564310181663438,0.0,20.497766685700554
1435,0.4179959425603974,0.8722835532977996,0.0,10.838119156727942
19901,0.49911137613031237,0.6949260094777925,0.0,21.027418063974938
18610,0.3980595267030483,0.9211537203008427,0.0,58.04189788395274
20602,0.5362659552449338,0.6231250558120272,0.0,8.84712981102394
2269,0.5067624733300488,0.6797128795868017,0.0,51.92055169166222
486,0.41635114880767615,0.8762262670686737,0.0,70.14629407758571
8105,0.5086326518045259,0.6760292286750892,0.8,18.52658147603325
5372,0.4500494217761004,0.7983978760791117,0.0,62.5081663677948
20375,0.4171782588356425,0.8742416693043833,0.0,62.071158520611206
14018,0.5211124113177263,0.6517894998151447,0.0,10.236354044869255
18595,0.4637322864856006,0.7684478620474527,0.2,12.692837136316388
429,0.4160998771894946,0.8768299581398974,0.0,70.19462256647675
19889,0.5141158328141188,0.6653066832462547,0.0,3.229398701387966
13897,0.44561912599460657,0.8082906693992324,0.0,13.553820813299968
14171,0.5576236474759569,0.584071011044909,0.0,23.332761154584524
17848,0.5115543063629873,0.6703015284285471,0.0,25.20333644611441
20964,0.45319475965961215,0.7914333128703975,0.2,23.12607635792167
6339,0.4179495777007767,0.8723944812435677,0.0,19.061824739845306
11214,0.4481534421915394,0.8026196003167337,0.0,14.451566319471715
19730,0.50439581811189,0.6843939657427716,0.0,12.319091383369887
2701,0.5336176716884037,0.6280756670722787,0.2,17.466783366871844
4949,0.5183510821241021,0.6571025015830891,0.0,28.27511984099325
8752,0.4181903193942011,0.8718186405238192,0.8,8.883827423952837
1111,0.46187824294481705,0.7724539660435521,0.0,18.631589572570135
14135,0.47503289036927077,0.7443712344619983,0.0,19.71839525030073
873,0.4821526243442807,0.7294945670367597,0.0,20.31277571823441
13332,0.4237168385314483,0.8586898805026522,0.8,14.380909134038781
11941,0.5131724130875561,0.6671434023862783,0.8,11.073913957177663
8014,0.44783212110502196,0.8033368464721524,0.0,56.962605357373086
21218,0.4563465074030963,0.7845028733780078,0.0,5.902207340925673
9621,0.4883815586726232,0.7166582961140261,0.0,54.39436440167114
6652,0.47130856290426365,0.7522422765260861,0.0,47.47024564625293
1983,0.5207983147832778,0.6523924239162122,0.0,19.38975504705145
14298,0.5936555661548513,0.5214559827585581,0.0,6.90212171200403
3117,0.5170516840288298,0.6596124403622982,0.0,27.700423728472614
10627,0.550956981491337,0.596098546395563,0.0,3.8404543474606263
18075,0.44226813242205926,0.815838946393681,0.2,70.16011091287488
3810,0.46058085133875437,0.7752668657581514,0.0,45.04300371758525
2753,0.5035045771342579,0.6861624762307624,0.0,51.85672966464029
2008,0.48977856063139724,0.7138019071015442,0.0,20.182750012471438
10027,0.4011393268181338,0.9134464635975201,0.0,6.355303753057138
5547,0.4938725784102771,0.7054777335067903,0.2,45.1717411064449
1973,0.4871943682770007,0.719092122019022,0.0,50.077574938505684
10835,0.4572745755534269,0.7824712467291468,0.0,13.426059530138465
747,0.44660744428687904,0.8060752709132133,0.0,62.89402424297671
19430,0.488418133859749,0.7165834083198908,0.2,20.372465833831203
20564,0.5229232284752533,0.6483206163703121,0.0,4.123319129389486
18308,0.48345963386040697,0.7267874549361885,0.0,9.712351462540878
16098,0.5230221266987879,0.6481315085486844,0.0,4.967928451881191
15707,0.48348660426248347,0.7267316702378874,0.0,1.7293160655943525
5276,0.45662204385808786,0.7838992677817872,0.0,37.01964172485954
4343,0.45851449354996165,0.7797633769892377,0.0,47.12500373374784
2842,0.5014522425702557,0.6902469052867051,0.0,49.67706534990475
18697,0.5399710142771132,0.616239818129098,0.0,22.81350629988515
19726,0.5594722406305903,0.5807613670622706,0.0,2.016403537333925
18243,0.43621785094739607,0.8296135022844341,0.0,10.991548956305685
11394,0.4666880753220861,0.7620941774089696,0.0,11.722152139269035
1376,0.41663806963672845,0.875537372581095,0.0,51.656704982284595
20244,0.47034012390955043,0.7542991781067231,0.2,37.99631045004478
175,0.4153556054934325,0.8786202449570603,0.0,64.227138565693
17027,0.42595588095117565,0.8534195039183895,0.0,69.12911544969306
261,0.4377384635457161,0.8261336621423947,0.0,56.11099682001554
3130,0.4574160277703674,0.7821619569702838,0.0,24.25093081944721
17840,0.6259263501846856,0.46852256626567834,0.0,1.9650305614826635
19655,0.5110360697109559,0.671315104751039,0.0,12.168928806509253
8458,0.5130786602488346,0.6673261117474047,0.0,55.388067275034594
12950,0.5032618968173096,0.6866445747668729,0.0,10.135904136639265
21101,0.5257656456061495,0.6428997061998831,0.8,3.1183851702312477
12587,0.4088593280186544,0.894384123375385,0.0,9.08917835526944
9622,0.4885199680752339,0.7163749320292189,0.0,52.821904684038266
15569,0.591734063852663,0.5246979614911707,0.2,3.2051173746726374
98,0.41854893883434213,0.8709614572171375,0.8,36.92876711498834
17635,0.476433679434433,0.7414267482936171,0.0,25.657442795037596
13519,0.4782074027326795,0.7377107436664417,0.0,9.228761572115776
5003,0.45563267970187293,0.786068321048511,0.0,56.81859155748463
18465,0.5254405103546138,0.6435183008686073,0.0,7.674599639112101
3786,0.4651977004053353,0.7652928015885916,0.0,65.5480944962207
13208,0.5135762204508024,0.6663568274235743,0.0,5.012669100841485
8198,0.5345860368102437,0.6262625945667148,0.0,17.41010024840478
20629,0.5458460432236909,0.6054183151166265,0.2,24.17465605024035
7481,0.47174861530272455,0.7513090299731333,0.0,52.37750913921765
4201,0.4921146470206656,0.7090435672356046,0.0,19.619235559504908
6096,0.43675055644850813,0.8283930559023646,0.8,87.74339096434545
4957,0.5015410936791778,0.6900697334034167,0.0,52.99873438023453
8429,0.4386048089863497,0.8241564786572958,0.8,72.3939020671057
18182,0.44551737900831045,0.8085190227124837,0.0,42.53012263245469
11706,0.4930558950748503,0.7071327339324089,0.0,4.507971347412688
4457,0.45341896497367684,0.7909387134339596,0.0,43.798228239213756
13521,0.533360635748729,0.6285574687037744,0.0,13.348046443757456
166,0.44959592788913055,0.7994060376297698,0.2,55.43081782071995
363,0.45436411976519064,0.7888563764771929,0.8,29.481533003974995
5052,0.411671374041275,0.8875298837354704,0.0,72.48457075087575
4039,0.3949658831943833,0.9289558894710509,0.0,65.198766834567
9492,0.49998933650405186,0.6931685077792651,0.2,57.567646686450374
12662,0.4927409963843457,0.7077716052941337,0.2,6.649160358085444
7765,0.5147429521397815,0.6640876249799554,0.0,15.521055798767577
9393,0.4997556246406214,0.6936360507562664,0.0,20.994627790339294
11949,0.5146648519149168,0.6642393631437946,0.0,4.179062014032114
10031,0.48445397139748037,0.7247328544399004,0.0,11.501873693923965
11311,0.5369213734926557,0.6219036132704368,0.2,8.728572507853473
7548,0.45076093878224616,0.7968181492347785,0.0,45.68158595464745
12519,0.4593497040107035,0.777943476630378,0.0,4.899176955203271
19711,0.49805879622753907,0.6970371442126401,0.0,33.40933886195583
20888,0.5115543063629873,0.6703015284285471,0.0,25.20333644611441
18594,0.5057191004655881,0.681773901260286,0.0,9.756184813118407
16504,0.5616130248657942,0.5769422341146285,0.0,4.633134711196653
15272,0.49177322658380224,0.709737590324469,0.0,5.611256387501934
10958,0.5023111153742209,0.6885355995157321,0.0,3.79503591465166
15614,0.5337656627670697,0.627798370107192,0.0,10.104414335800325
18443,0.5252990098669112,0.6437876359147053,0.0,7.047865291527533
2209,0.411671374041275,0.8875298837354704,0.2,72.48457075087575
14889,0.5520527387900315,0.5941116959825309,0.0,9.483507720485523
18149,0.5115600119193418,0.6702903751170303,0.0,14.293975361936123
6776,0.45095101294409534,0.7963965641281365,0.0,48.588156078744206
12040,0.45514550638084,0.7871381169108623,0.0,13.367966483357108
8926,0.4747654285302178,0.744934431597223,0.2,56.633641298858606
12594,0.41989580670647164,0.867748677751781,0.0,7.005898907394889
18886,0.5165071326247564,0.6606661809829322,0.0,16.624343182640285
18922,0.5240060080979171,0.6462521288911075,0.2,16.90304720714498
20874,0.515825230997205,0.6619872704900645,0.0,4.31681908808903
1051,0.5120731176886839,0.6692878561530082,0.0,56.03545581495304
5777,0.48364682767966116,0.7264003334991258,0.0,24.981270026330296
19576,0.48527897731934017,0.7230313424473587,0.0,30.17932944733685
14355,0.5245800447713438,0.6451572512142584,0.2,17.909566364277442
19524,0.5211909162116952,0.651638862487135,0.0,25.416522003527035
8190,0.4157696720583754,0.877623844990932,0.2,54.177919099664024
17207,0.5294010532596928,0.6360089996563726,0.8,5.4649068564419325
18105,0.5023282203192042,0.6885015476040116,0.0,16.582560456913114
15819,0.5162616698068024,0.6611415300097386,0.0,4.206480008820626
6837,0.47722709193823026,0.7397628176577516,0.0,45.31860832450035
5059,0.48583070381119553,0.7218950618357273,0.0,51.976444452172366
4420,0.4593285415089617,0.7779895482595883,0.0,46.47903785652743
19687,0.512648539729008,0.6681647763456462,0.8,22.795110264266583
8589,0.5364685714715681,0.6227472992953912,0.0,50.90025088800358
14759,0.39052308912851313,0.9402681843606715,0.0,31.781063914023
4012,0.4836911187025369,0.7263087604908047,0.0,49.439837104957235
13442,0.5304440784722347,0.6340407393548604,0.0,11.037380581183694
21018,0.5235178746865641,0.6471841046764945,0.0,4.095316561132737
14460,0.5834722362482887,0.538758409795803,0.2,9.67717798540655
17420,0.492732452644498,0.7077889446549381,0.0,38.96024116253081
5606,0.4884398169939344,0.7165390146919943,0.0,35.343284712979084
2524,0.4177479319828024,0.8728770618891984,0.0,21.638623163376053
11597,0.46383130712837634,0.7682343550839764,0.0,11.938361116053805
10306,0.48958855046940625,0.7141899335366192,0.0,59.07778944954463
2841,0.4798484287176201,0.7342849984521098,0.0,54.04337476564528
15086,0.5122887031860864,0.6688669394491791,0.0,11.941281260761153
7761,0.5115636418925824,0.6702832792528556,0.0,18.70559519796124
19682,0.5265466055257304,0.6414154318086713,0.8,19.762010334875214
12979,0.4799667799829291,0.7340383858441079,0.0,10.937172369097341
8226,0.5310475465327803,0.6329037202558035,0.0,16.395371307807086
5561,0.45746030674988547,0.782065159232968,0.0,82.15594736409676
14969,0.5194830870140452,0.6549210252499246,0.0,17.968741069028418
4527,0.4182702601926696,0.8716274998994723,0.0,8.72063074249779
10879,0.5208984245777772,0.6522002186591063,0.0,5.785994405282696
11715,0.5139345698829,0.6656593175774541,0.0,3.9723221173043406
12276,0.4360446824025684,0.8300105583093849,0.8,7.811229177441519
614,0.41854893883434213,0.8709614572171375,0.0,36.92876711498834
764,0.4698408019002919,0.7553613610174738,0.2,32.48053852375138
8628,0.4821526243442807,0.7294945670367597,0.8,20.31277571823441
12018,0.43771999116758764,0.8261758626101193,0.0,4.270089901777851
2595,0.45447094646057806,0.7886212915869871,0.0,38.292689335807744
20187,0.4841262756512776,0.725409506188074,0.0,12.559377086907878
19814,0.5259007401005202,0.6426427910850712,0.2,23.811523095334184
11268,0.4794859527950333,0.7350406806142872,0.0,12.665118609954021
19311,0.515825230997205,0.6619872704900645,0.0,4.31681908808903
20453,0.5739760931352419,0.5551675331201098,0.0,16.655025993603292
10062,0.5020835049674999,0.6889888285673569,0.8,42.92400612237337
4609,0.46058085133875437,0.7752668657581514,0.0,45.04300371758525
5520,0.45085031190373565,0.7966198972238053,0.0,47.94456960840567
7103,0.41854893883434213,0.8709614572171375,0.2,36.92876711498834
11267,0.4732095321674381,0.7482170030245006,0.0,16.123365143216187
18394,0.5388781822554927,0.6182657405636967,0.0,8.486315746015528
7434,0.5045032817435707,0.6841809342669729,0.0,49.29523709691834
2081,0.49846004404617256,0.6962318451573656,0.0,19.05586685023654
9841,0.5261741992019516,0.6421229438814661,0.0,20.412766864012994
7655,0.4660860179991568,0.7633850739097332,0.0,45.04353418934408
8239,0.4632136441818916,0.7695668968059474,0.0,88.33474493943828
18091,0.47288773356437186,0.7488972684203148,0.0,16.069462765742777
7035,0.43547542952457896,0.8313169032833062,0.0,66.51366562197067
3361,0.45025633721810915,0.7979382201375946,0.0,49.38040541390224
18832,0.4638497354783766,0.7681946251570806,0.8,10.447831081500912
12271,0.475101236848154,0.7442273674498718,0.0,11.930337120517397
420,0.5186925379525799,0.6564439837845962,0.0,17.962934008662803
17945,0.49530091031490203,0.7025898014835124,0.0,4.865434593036924
3393,0.45769874563816343,0.781544071902736,0.8,23.469767525205867
8520,0.47014730906821856,0.7547092098355317,0.0,61.727666963405056
10356,0.4214811513789935,0.8639802205021605,0.0,57.51948383909594
18406,0.5175194896595623,0.6587080933738791,0.0,9.55818375874841
2244,0.5096423100557596,0.674046152158565,0.8,35.373939185445636
54,0.39820722383953105,0.920782746282209,0.0,69.4039995010215
18974,0.6174542515341419,0.4821502998089369,0.2,2.164517174571426
20272,0.45963340217536613,0.7773260590265828,0.0,10.810661632164756
983,0.42742121021421464,0.8499853111837967,0.0,71.03752627310978
15281,0.5281946715630238,0.6382903670855058,0.0,9.199679433340727
7466,0.4365247625517449,0.8289101755251965,0.2,66.41642781395637
6683,0.43619756741111804,0.8296600020043035,0.0,13.271240643561576
8679,0.4178690394644467,0.8725871982635651,0.0,18.271978061978885
2353,0.5123187162436762,0.66880835494739,0.0,51.56512314592321
6284,0.4891632470009425,0.7150590067711857,0.8,21.29803240757042
8886,0.4698408019002919,0.7553613610174738,0.0,32.48053852375138
6803,0.4972146895430513,0.6987333752465108,0.0,16.874412078385753
9482,0.4783938919781611,0.7373208440313999,0.0,48.08437895601398
14820,0.4373386374719512,0.8270474698540184,0.8,16.83910068196405
7029,0.45181853939004635,0.7944746412836051,0.0,55.76814720244824
3814,0.44731751343322734,0.8044866156473391,0.0,55.63025069956266
3315,0.4609013892099464,0.7745711651357943,0.0,22.849848632817306
2336,0.4142682188535488,0.8812416433081143,0.0,73.18712116607496
13592,0.5179680070097099,0.6578418011595552,0.0,7.639188355122114
2388,0.454059728927375,0.7895265280802042,0.0,59.92506318010703
9458,0.4547611191508983,0.7879830107538612,0.8,54.41022629137079
8833,0.4265931657949733,0.8519244932443942,0.0,81.14581123136259
15350,0.5117906378107591,0.6698396480951976,0.2,3.723035837926385
10223,0.5972954874682247,0.5153433341556819,0.0,1.9164329624577294
2409,0.475160919925449,0.7441017535296539,0.2,52.16153462554249
4168,0.4938592758627902,0.7055046690509466,0.2,42.87175626837103
13837,0.48001826240507256,0.7339311291267224,0.0,16.803720301307678
12624,0.52487943345416,0.6445866933277467,0.0,4.35653605009648
17492,0.44043501324069684,0.8199923740224927,0.8,22.177308474452836
8535,0.3948801989609199,0.9291728538536954,0.0,33.45022273873303
6912,0.47006173780955585,0.7548912358630053,0.0,36.91040732308343
291,0.4305949513749907,0.8425874187490554,0.0,61.534161376910355
11716,0.516353500077901,0.6609636703888095,0.0,9.285878621681332
42,0.4232238337368485,0.8598540821201347,0.8,70.71439787671339
10380,0.49878850285395204,0.6955731150530647,0.0,18.64483756126947
20450,0.5324209013713457,0.6303209344576581,0.0,22.379545451174543
2928,0.4073101412533781,0.8981803659061447,0.0,57.366775584779134
13159,0.48144545589611637,0.7309623337117299,0.2,9.399078473720676
19541,0.5979547444201461,0.5142402061224273,0.0,16.858592671415607
13506,0.5288259458014264,0.6370959262144672,0.0,7.998739244257871
1386,0.5003692605892213,0.6924089319540762,0.8,40.71537474208451
12075,0.5456868417512162,0.6057100176860956,0.2,5.210317426567972
7746,0.45369609394260013,0.7903277016889309,0.0,45.005210731487296
8687,0.5203748666442436,0.653205829735599,0.0,18.616364901573327
18653,0.5423176835150658,0.6119033173041118,0.0,23.438650972477692
18800,0.5224505582762605,0.6492249249290203,0.0,16.98080217230428
1514,0.4243514648059611,0.8571932406907992,0.8,70.16983920613805
4628,0.4495443388573057,0.799520789540655,0.0,56.26227710599556
16605,0.4586118416299083,0.7795510876315384,0.0,13.168177126907018
1988,0.4860561899435716,0.7214310445969502,0.0,47.134696638251896
20267,0.45469243371451257,0.7881340584600358,0.0,10.360810636171408
7852,0.4057316515680036,0.9020632946376554,0.0,37.62956703235537
15600,0.5130018737744296,0.667475781236304,0.0,4.47409020745887
11393,0.45910787519768137,0.778470074317816,0.0,21.17633246389688
12400,0.46716918575063276,0.7610638048002928,0.0,5.126373416115625
515,0.44687069121432954,0.8054860076182137,0.0,52.07869683929632
942,0.41854893883434213,0.8709614572171375,0.0,36.92876711498834
4173,0.4753747684484685,0.7436517998261938,0.0,59.17237348522572
16409,0.5333055066345433,0.6286608358437712,0.0,9.135384849730332
19963,0.5739131416890397,0.5552772152119972,0.0,1.8157564831521589
14412,0.499862962877393,0.6934212923703692,0.0,18.872674059638555
7213,0.492185276107476,0.7089000559231031,0.0,42.56945052157363
6226,0.49201314777311794,0.7092498397307917,0.0,53.80050069822897
9764,0.46748248700409883,0.7603933919088737,0.0,15.96255851170068
18229,0.5060743869911278,0.6810716106356736,0.0,24.368741397158157
13082,0.5210496441857483,0.6519099554232193,0.2,7.071267521481955
19556,0.5526134071332961,0.5930966048738245,0.0,6.484918428145583
21166,0.6325219507578137,0.45804035422722117,0.0,2.616189183321554
5217,0.4846732063404856,0.7242804165106356,0.0,36.351630347110486
8194,0.5361133681858884,0.6234096324664651,0.0,18.248446362034368
11418,0.479584421123074,0.7348353394191789,0.0,9.684395566116414
250,0.4559798266954544,0.7853067101493064,0.0,65.03517562041384
15070,0.4639794648785849,0.7679149844624273,0.0,10.592312559125581
8983,0.4226609307018922,0.8611850036397377,0.0,62.90956385885082
1476,0.5487274192649246,0.6001534648427422,0.0,22.386323604544224
15203,0.4551644847032147,0.7870964205160884,0.0,5.2979463397751285
11306,0.5007461092639347,0.691656074283799,0.0,11.620513456027005
11867,0.4772868343837961,0.7396376388751349,0.0,23.055245902258456
3143,0.45442852645885207,0.7887146352471402,0.8,30.164390382588763
16306,0.45915171370708535,0.7783745925826575,0.0,13.454206198652415
190,0.42746500720076774,0.8498828484567127,0.0,46.0211575407493
9689,0.5123485520181333,0.6687501198980433,0.0,22.35631671227793
10339,0.50558597708598,0.6820371717279857,0.0,37.09088628335596
20616,0.5953752902576837,0.5185633323404527,0.0,14.623745259601423
3481,0.45752440061550564,0.7819250610101036,0.0,54.78557534305485
13152,0.6337378490534449,0.45611989735176145,0.8,3.751061405735242
5220,0.47524495502997594,0.7439249130724127,0.0,53.61467109594925
8188,0.4157261230461993,0.8777285935957291,0.0,69.77942319086046
20412,0.5069740361956959,0.6792954873616414,0.0,25.54150928827506
14257,0.5273619282609963,0.6398681952662567,0.2,14.37751937036931
15266,0.48587685127468677,0.7218000796298477,0.0,9.04848632414849
10020,0.4011393268181338,0.9134464635975201,0.0,6.355303753057138
16137,0.48587685127468677,0.7218000796298477,0.0,9.04848632414849
13476,0.4587776440983545,0.779189621813953,0.0,13.14492883083021
3692,0.41427035434066967,0.8812364884796249,0.0,65.96936742709921
7376,0.4762953800509267,0.741717070884496,0.0,54.186138010394856
1870,0.41430011852652265,0.881164643810184,0.0,52.658397635091
9646,0.5059056067223096,0.6814051750765355,0.2,37.06673738738077
9239,0.4653796235991012,0.7649018116270039,0.2,7.459896264436819
6827,0.4873335204397863,0.7188065434012267,0.0,40.54069014464093
6713,0.4565385138336089,0.7840822148528327,0.0,50.318472548936995
17473,0.47495783302716743,0.7445292514623983,0.0,28.143206557324767
18360,0.5763217317740584,0.5510892121162551,0.2,3.0705645182615418
6950,0.4468978465033408,0.8054252417982645,0.0,38.91049395630818
19972,0.5212915526243908,0.65144579178136,0.0,4.04547854712971
1224,0.45101754236652175,0.7962490436360853,0.0,54.99692423839754
13858,0.41843095769903804,0.8712433782921218,0.2,10.674909750097777
6846,0.4927719983596756,0.7077086898876287,0.0,19.129365023760396
10257,0.5022522443125591,0.6886528067802844,0.0,10.984012136795435
11962,0.5550783162232806,0.5886460648786088,0.0,4.2982349288314765
10242,0.5077670105521408,0.6777325772568377,0.2,20.585110347408843
746,0.44582532311072764,0.8078280558959336,0.2,63.515480894817784
14101,0.4647420726522811,0.7662727097562242,0.2,9.38760654629733
1449,0.4177479319828024,0.8728770618891984,0.2,21.638623163376053
2635,0.4861080576859007,0.7213243388782307,0.0,44.01160409639381
8534,0.5036570137007748,0.6858597709467881,0.0,49.72826342507414
2816,0.49567692243699035,0.701830930542698,0.8,36.49871561523679
2835,0.5067781513402866,0.6796819424741544,0.0,56.07579817986384
3021,0.48042871721266517,0.7330764128512987,0.0,65.07702239222581
1563,0.4525235126530937,0.7929155555278212,0.0,46.821662948971294
19381,0.5112962409435563,0.6708061288818318,0.0,14.30497383644892
688,0.48122769099680024,0.731414750824918,0.0,53.832124544663614
19338,0.5022648667220453,0.6886276754821747,0.0,16.90753084466173
14720,0.514275689935313,0.6649957955756634,0.0,10.443758918780642
18572,0.4715130196741593,0.7518085639830586,0.0,19.70866018557173
3229,0.5330809710940368,0.6290819506056593,0.0,16.865686159832418
2735,0.444977105351752,0.8097324467871723,0.0,71.53176756161832
9730,0.5815746841024239,0.5420158817321665,0.2,20.28277450319384
7224,0.5524448949072739,0.5934015882887579,0.0,43.644686365908655
13797,0.5883134866388834,0.5304953326101175,0.0,4.094097587761046
12057,0.483730639175935,0.7262270578143902,0.8,6.169298599877131
17227,0.471482183308209,0.7518739648798262,0.2,21.84607400951116
14509,0.48112111357115894,0.7316362452052739,0.0,9.507686360132164
2693,0.45385188525603276,0.7899843780993605,0.2,72.06236990745757
14754,0.5639148129008316,0.5728520798478844,0.0,16.2888573745281
15512,0.5177914404068232,0.6581827424949924,0.0,9.586430740563117
13389,0.5595450462939092,0.5806312427750547,0.0,6.49842509506152
7870,0.49901713895486394,0.6951148372175157,0.0,20.352961585200003
8956,0.5307158986170452,0.6335284317733002,0.0,51.35698507676245
10164,0.4966014033082901,0.6999675800798241,0.2,6.352555280369108
15258,0.5530208229251791,0.5923596236928027,0.0,7.370730702703294
14713,0.5145444122874795,0.6644734061750347,0.2,10.435554793283622
18474,0.4849065198578881,0.723799149182944,0.2,28.049026915262484
378,0.4538573434643055,0.7899723517629521,0.0,52.14607662743547
876,0.5008891118244888,0.6913705360788419,0.0,20.91395871638497
20575,0.530166585410229,0.6345640097268962,0.0,9.779265811081691
13814,0.49965483431075164,0.6938377503268658,0.2,24.979546917537768
16488,0.5260544337220646,0.6423505854351299,0.0,7.220984348755943
3178,0.44226821068887723,0.8158387694268021,0.0,67.80027744757513
4980,0.44958656540818764,0.799426862058655,0.0,51.50607270696442
9144,0.4527299422351895,0.7924594852757627,0.0,42.72149375328968
4043,0.4829964803934135,0.727745912326273,0.0,48.04578546491618
15542,0.47917892928643047,0.7356812037519098,0.0,22.931919155757313
16804,0.45552845072792914,0.7862971037981642,0.2,2.2865520655800102
3439,0.4759629498154296,0.7424152643023431,0.0,59.19648155228164
15275,0.4790493984731604,0.7359515585521313,0.0,4.02315265901436
14972,0.5270586099524198,0.6404435222936625,0.0,17.67175776372909
8916,0.505934602224454,0.6813478626631801,0.0,21.803131605221765
1758,0.537150319519529,0.6214772990274858,0.2,20.670644490480846
9737,0.4755660655553396,0.7432494675198901,0.2,61.005917654963
4419,0.3731271701782094,0.9858359786291779,0.0,52.022553761544174
7762,0.5116266438492401,0.6701601311784159,0.0,18.702158504698588
14787,0.4419575780379386,0.8165413788002853,0.0,19.939942090029213
3126,0.46060154672894077,0.7752219335270681,0.0,59.32773362651069
12464,0.5058383216980109,0.6815381830887564,0.0,5.24389143982283
14073,0.46441033683708527,0.7669867709283278,0.0,10.80339234623777
11825,0.5141597723746464,0.6652212206322773,0.8,10.507834086442873
15919,0.5483136022724389,0.6009078887958832,0.0,6.183342296054427
2903,0.4858903638292337,0.7217722693593678,0.0,22.72319552517315
6908,0.4908172487288938,0.7116834226535198,0.0,21.37896931064897
2981,0.45722734715838764,0.7825745344181243,0.2,54.83108069401837
1846,0.41430011852652265,0.881164643810184,0.0,52.658397635091
8322,0.4764413914534884,0.7414105614517295,0.0,53.066461501558905
20987,0.6216236768197283,0.47542039053228163,0.0,1.9098110696301007
3985,0.4139304844647216,0.8820572311765699,0.8,43.18111336734401
7000,0.522141718385049,0.6498162367874565,0.0,17.238649779815407
20319,0.556043326010639,0.5869090632879427,0.0,12.526399679903518
6350,0.45279793190219125,0.7923093194574121,0.0,54.14641901261636
14444,0.5190050339097492,0.6558416966152142,0.0,4.060906132846489
5522,0.45181853939004635,0.7944746412836051,0.0,55.76814720244824
14258,0.5089474558271421,0.6754104979622968,0.2,20.560508155845458
3886,0.5037991145581762,0.6855776725916184,0.2,52.62460362741905
2610,0.4880196492378884,0.7173996091078579,0.0,23.34418530549982
13005,0.47975938150644376,0.7344705892955423,0.0,12.750483425258288
19628,0.4735635959270977,0.7474690650747242,0.2,37.777087233204924
3926,0.4742037357679832,0.7461182273388792,0.0,49.9749999487199
3540,0.46660593844241055,0.7622701924239085,0.0,58.008760480327425
8670,0.45161091608420045,0.7949342749788385,0.0,50.899640656516276
15354,0.47974339439148767,0.734503913044799,0.2,7.656696813223238
7117,0.4178745118758644,0.872574102352962,0.2,15.42711039588886
8658,0.4491240619063723,0.8004561222645298,0.0,56.76434664322859
18391,0.5643497811643565,0.5720810403464022,0.0,11.205352094528624
447,0.4516925776058005,0.7947534685889752,0.0,42.57891768600312
17187,0.4084817153644754,0.8953081261135382,0.0,16.504108729689733
9457,0.4537147198721114,0.7902866487739109,0.0,60.41741490170635
5382,0.4531722759402445,0.7914829257060131,0.0,40.927975378075374
15202,0.4862679795062888,0.720995408884662,0.0,5.409268096412864
11272,0.5220332066459841,0.6500240788584626,0.2,10.814125201104181
3503,0.5244159556054403,0.6454701011530244,0.2,18.718632933437704
20363,0.5280071573888592,0.6386454397070346,0.0,4.613574794091122
17127,0.6030753165800646,0.5057131869368447,0.8,6.165149454230503
6505,0.5055787805188774,0.6820514059406569,0.2,48.73598446036307
11141,0.5344262541141981,0.6265615297587459,0.0,10.084507690009175
19386,0.4772066626312362,0.7398056269295306,0.8,37.04095982679874
12879,0.48808524117231805,0.7172652138493713,0.0,9.687384008347255
8487,0.45053506933077525,0.7973193596122041,0.0,56.59373082182239
191,0.42625302510969404,0.852722153378054,0.0,44.91713552573677
1843,0.4211880591693094,0.8646758486747202,0.0,79.69717138908018
10701,0.3960237197109775,0.9262811712614415,0.0,26.493957165670558
14557,0.45792579307480125,0.7810481318493805,0.0,25.075551777652755
5934,0.44470069272493223,0.8103538237312999,0.0,42.05736468815627
10135,0.4419575780379386,0.8165413788002853,0.0,19.939942090029213
7767,0.510919964474373,0.671542326340224,0.0,18.381456382386926
6199,0.49902434135839424,0.6951004041429942,0.8,20.859963287427114
17955,0.5855930706080866,0.5351301493830396,0.0,15.839852625873924
11180,0.5287649036845504,0.6372113623814375,0.0,7.273767677276425
5102,0.4698408019002919,0.7553613610174738,0.0,32.48053852375138
2887,0.411671374041275,0.8875298837354704,0.2,72.48457075087575
13086,0.5191412194677998,0.6555793336612686,0.0,10.448558530683666
308,0.41835614156876144,0.871422195892301,0.0,10.827416794907592
20900,0.44306084166067594,0.8140481782754692,0.2,61.82695976109136
19197,0.5756021659148536,0.5523385410940485,0.0,20.98886456157384
2590,0.44351953572812786,0.8130134292102348,0.8,60.36624401745983
19859,0.5119884129586947,0.6694532851387623,0.0,4.963661860214775
4255,0.454063715118671,0.7895177491166786,0.0,44.46958480957997
15914,0.5492525393110564,0.5991969444945016,0.0,4.135957000803495
1565,0.4970623151488399,0.6990398781520094,0.0,45.59138437301973
14401,0.5324506454471745,0.6302650703002856,0.2,9.156805823813574
7584,0.45717681586892434,0.7826850572953331,0.0,40.72310257565009
10330,0.4784426905111698,0.7372188443086802,0.0,16.745926160962338
2575,0.47237346032807215,0.749985376745005,0.0,41.00920062929424
11217,0.46038122479451077,0.7757003831690055,0.2,9.945642326684544
1372,0.47001242012018246,0.7549961588395655,0.0,35.91894283280869
10933,0.5209370477416121,0.652126074199873,0.0,4.222842463135857
16373,0.46342252970560266,0.7691160498972346,0.2,73.39136402147585
1247,0.4617819149198277,0.7726625449770883,0.0,38.96537237899247
18452,0.5186389336466657,0.656547334174379,0.0,7.0806986956859355
19844,0.4533657085002801,0.7910561756606952,0.0,5.116551481475988
10495,0.4208213539298553,0.8655468728151482,0.0,14.555467910309371
15303,0.5265290996220645,0.6414486789979891,0.0,8.259293144286389
10317,0.4729276537259942,0.7488128541420476,0.2,57.3085178172101
1542,0.45331755508637195,0.7911623944823881,0.0,42.323231447782746
4796,0.42938527491164885,0.8454006863666018,0.0,63.07534895075148
20541,0.512709936021027,0.6680450205850135,0.0,20.33228432085398
3045,0.4488620408776818,0.8010396970778021,0.0,39.99591231955257
15774,0.44501403598994865,0.8096494557628747,0.0,5.0214460389183495
1824,0.5015408608332812,0.6900701976643786,0.8,44.36806472768385
635,0.4171515217774323,0.8743057616065896,0.0,68.66360285436504
3743,0.49020443609399417,0.7129327583697203,0.0,68.13854892511054
19629,0.5341005728986576,0.627171118993929,0.0,6.976024447483255
12043,0.4588595691575549,0.7790110652815139,0.0,8.222851694813972
13198,0.5198014864445152,0.6543082971318271,0.2,3.996253260340403
10827,0.48367583833565947,0.7263403521567542,0.0,12.385192401199383
871,0.4997556246406214,0.6936360507562664,0.2,20.994627790339294
16329,0.46225552596972824,0.7716374542818073,0.0,10.49465527937949
11185,0.4230868675166,0.8601777604601142,0.0,61.45109802599617
9562,0.45012900877937934,0.7982210511280025,0.0,27.149494110485513
14834,0.4881568468776911,0.717118517233075,0.0,5.537661086851415
15530,0.4566744053247301,0.7837846030050952,0.0,6.168384922821881
9403,0.47418474118636605,0.7461582838812798,0.0,34.36058840345933
12415,0.43984064230330083,0.8213427942550163,0.0,7.67791287307392
1340,0.411671374041275,0.8875298837354704,0.0,72.48457075087575
18122,0.5234930912507768,0.6472314459873273,0.0,19.326331372220316
1966,0.5100820647939833,0.6731836548478584,0.0,51.77118815431716
19435,0.5232568354758975,0.6476828542422672,0.2,17.656482081958472
14821,0.4547109141506901,0.7880934154687307,0.8,13.400346377897211
15159,0.535264813179876,0.6249936766409755,0.2,6.065563882137642
17932,0.5128302894070171,0.6678103084136943,0.2,5.070350065961538
1699,0.4858228398431445,0.721911248609506,0.0,22.635526869686313
10104,0.4933129928491108,0.706611432453357,0.0,68.27456410260763
16768,0.4440915648308449,0.8117245107152994,0.0,6.111068043946281
12117,0.5294349680710997,0.6359449391016969,0.8,8.238666637543734
1388,0.5056662395353468,0.6818784329915634,0.8,42.77082366893189
15435,0.6110597277820777,0.4925605704440133,0.0,3.204426579093756
19724,0.5625720906085139,0.5752359920336892,0.0,1.9972193659867323
6108,0.41663806963672845,0.875537372581095,0.0,51.656704982284595
1481,0.41854893883434213,0.8709614572171375,0.0,36.92876711498834
5471,0.45713358381245245,0.7827796248656445,0.0,60.29360179970318
11019,0.3797666340523409,0.9681983358260867,0.0,7.368957823902954
18643,0.4528579657551326,0.7921767440428765,0.0,30.299570580821637
1738,0.5203814756226672,0.6531931293980554,0.0,21.173254641587114
11196,0.4924795044851041,0.7083024344946043,0.8,21.992790726155427
17888,0.523666399794563,0.6469004390168503,0.0,26.9356395617883
19205,0.4860395396587193,0.721465301068503,0.0,35.414926314897116
19305,0.5235231848935504,0.6471739614124118,0.0,26.59334840087412
1364,0.41603191406432743,0.876993305162647,0.0,16.980785547582926
2193,0.414931458959848,0.8796419315246066,0.0,51.93845623619791
3728,0.44330823616183673,0.8134899581981335,0.0,58.35163122594805
9203,0.4676157179331832,0.7601084358918855,0.2,45.534294924236654
6911,0.4739181294741618,0.7467206948336822,0.0,35.02867052922089
6515,0.45029469015713525,0.7978530435337523,0.0,51.178283842700694
1474,0.488443883751397,0.7165306887112055,0.0,16.283160857633824
17315,0.4067280172720793,0.8996105791570361,0.0,58.474687645207354
7543,0.4480754616792742,0.8027936195034062,0.0,62.541635947440184
15551,0.5351431166896407,0.6252210600288666,0.0,5.681696442638052
17553,0.5465169846823956,0.604189892832209,0.0,23.62835512763088
18175,0.46569562723548746,0.7642230186975677,0.8,35.485548302615015
15784,0.48878795018108406,0.7158265232676391,0.0,5.688709068788153
3971,0.4579865800671545,0.7809153964606578,0.0,58.39880063117335
1713,0.4619063978470009,0.7723930104897373,0.2,21.881893928245347
19879,0.5216668305611418,0.6507261505013298,0.0,26.28933623202139
11345,0.4346692950378088,0.8331697783158061,0.2,14.3505162426417
16144,0.4645098362299764,0.7667725449998648,0.0,9.66171753517094
15967,0.4614445301941112,0.7733934268588215,0.2,11.392084823599026
18783,0.49925723673239497,0.6946338115836657,0.0,26.35788109346563
12692,0.44448394981418615,0.8108413330846325,0.0,7.724479755485214
1807,0.507747294415196,0.6777714071125096,0.8,43.88230902956147
6783,0.4861080576859007,0.7213243388782307,0.0,44.01160409639381
5267,0.467142932238462,0.7611200033910468,0.0,16.537235570505143
15506,0.4864196211419695,0.7206836096249445,0.0,11.757592644756945
13209,0.5053887969746487,0.6824272509246002,0.0,3.1233057001917475
8065,0.4975047451819702,0.6981501843747651,0.0,39.204625414562415
10768,0.43174772256907196,0.8399138368527078,0.0,5.27885843658412
15532,0.4863892477846134,0.7207460542804902,0.0,11.378058256759392
13302,0.5579852076955445,0.5834228264584019,0.0,10.893378868004085
17381,0.40895418522661175,0.8941521457745103,0.0,52.14695286869588
20224,0.5524830932611692,0.5933324464907049,0.0,3.573937829604829
19283,0.47796774735586944,0.7382120229180648,0.0,20.420789661562658
15998,0.46089341990379173,0.7745884559820349,0.2,12.181564271537182
12315,0.5063858249228669,0.6804564004024277,0.0,8.371314710206756
7016,0.4180701143735973,0.8721061227879031,0.0,18.397079724793485
4833,0.44906682013527777,0.8005835824120697,0.0,66.23628012551603
13441,0.5307142844420429,0.6335314732828181,0.0,14.148340708730839
3631,0.4715784829214396,0.7516697370564979,0.0,77.85794700587546
15714,0.4828688358324651,0.7280102236325123,0.2,1.732358485536394
5629,0.513665638765103,0.6661827334383572,0.0,41.32664830848253
13721,0.4933339038821427,0.7065690443748979,0.0,10.58016552813439
2280,0.49362132501595946,0.705986604293471,0.8,58.88457586628256
20120,0.6563555081689959,0.42105270364635905,0.2,2.006737098844363
5019,0.44356906718146905,0.8129017572684913,0.0,73.2912192103141
11410,0.46774857335189163,0.759824363855269,0.0,7.41588596513742
7108,0.44909793234340867,0.8005143028994691,0.0,60.839087020359656
19933,0.5263667958511005,0.6417569787509797,0.0,4.75285196674809
10537,0.46660720295273184,0.7622674824099467,0.2,22.909947599069223
19230,0.47598506026037396,0.7423688112508858,0.2,16.874043447881228
2571,0.4435281601500163,0.8129939839832672,0.0,50.982851991272454
13453,0.520499592895492,0.6529661730686451,0.0,19.33041127002208
7328,0.3951216549298626,0.9285615743351168,0.0,67.87784966702452
11108,0.4500275173061067,0.7984465485182043,0.2,12.950803610902486
5706,0.42997760837604043,0.844022145194495,0.0,65.15850703326385
8037,0.4057316515680036,0.9020632946376554,0.0,37.62956703235537
2707,0.4908172487288938,0.7116834226535198,0.0,21.37896931064897
20513,0.5216292684090259,0.6507981571965895,0.0,4.041456658597986
12313,0.5182109209506996,0.6573729362967694,0.8,8.126443917517784
699,0.45459333225123866,0.7883520349584604,0.0,28.39643765275831
14256,0.4786388415895446,0.7368089501156733,0.0,9.679827792947387
1251,0.45976245154228496,0.7770453325750886,0.0,46.00535568297233
14604,0.5057752173532339,0.681662942875815,0.0,5.961823645933107
2950,0.4828720644923942,0.7280035372429682,0.2,23.29611319177498
7949,0.5352431038514087,0.625034235572161,0.0,18.254124802198632
2058,0.488443883751397,0.7165306887112055,0.0,16.283160857633824
17254,0.5277801397337629,0.6390754840146591,0.0,2.7300665970960964
18921,0.5242294087015696,0.6458258876032162,0.0,16.891898653370426
3967,0.41363996870131586,0.8827593243318489,0.0,75.61936927359318
2281,0.4835593668031139,0.72658118609764,0.8,62.09363027038663
10808,0.4729755590067401,0.7487115641154529,0.0,10.890384085830453
5495,0.4128753762072496,0.8846094840823775,0.0,50.3121677817026
12625,0.4611486520572479,0.7740348323075047,0.0,12.512660208633436
21127,0.5589324594238807,0.5817266370554939,0.0,13.189487821157666
3174,0.44340080136270804,0.8132811744882799,0.0,73.2034402530461
17003,0.4059660265815173,0.9014858012522816,0.0,59.948805783276725
8502,0.49901713895486394,0.6951148372175157,0.0,20.352961585200003
7157,0.4824889374731469,0.72879728598273,0.0,50.268797248884425
10228,0.5175015138067514,0.658742828616454,0.0,36.83030893452529
10864,0.48629681728169044,0.7209361063569428,0.0,11.700792676154823
5227,0.48482893166094326,0.7239591684892173,0.0,47.28177428823741
19339,0.5017402388928299,0.6896727456198265,0.0,16.933189928977228
20457,0.4765578841326219,0.7411660855477115,0.2,22.769734191195738
1353,0.4529925271021035,0.7918796500985188,0.8,47.99384444337103
6778,0.4526400637780123,0.7926580305266004,0.0,37.861307320552584
14280,0.4863489053932966,0.7208290003255449,0.2,41.8567373714598
6882,0.41854893883434213,0.8709614572171375,0.8,36.92876711498834
6360,0.45271671877349456,0.792488693979633,0.0,53.33845179014756
16799,0.4075266678051632,0.8976489059758263,0.0,2.139187003519507
1665,0.4502483266608626,0.7979560113996903,0.0,39.94168535016773
9765,0.4673801893149582,0.7606122426388049,0.0,16.18392710880739
8030,0.4926561950656977,0.7079437213090628,0.0,19.928615484791017
8710,0.5054549032059985,0.6822964567544783,0.0,19.786597245879868
7021,0.41368186234917154,0.8826580489966186,0.0,51.1191383486635
641,0.50054815331117,0.6920514744428586,0.0,37.512651439359246
12830,0.5617144672537316,0.5767616235822152,0.0,4.554513458377437
10769,0.4361482043606858,0.8297731751337717,0.0,7.390374670376932
11166,0.5582028508181303,0.583032850730416,0.0,5.402673631057579
6488,0.4917864596870367,0.7097106817323012,0.0,19.804476384226668
5764,0.45292859941799796,0.7920207831008084,0.0,80.75443831984174
2495,0.5153880679427234,0.6628351320937106,0.0,50.59884920061221
10387,0.551178089748417,0.5956973101663273,0.0,3.0841097769233854
19223,0.4818677116908591,0.7300856596746783,0.0,16.74415006868906
4537,0.4166839155580572,0.8754273408714088,0.0,69.33384606491363
13581,0.5491098270067002,0.5994568082872457,0.0,21.940718825347926
13667,0.4858973593679819,0.7217578721024744,0.0,4.417194403651124
17287,0.46891511696421195,0.7573335141991626,0.2,10.917340856477805
9324,0.4788937351630624,0.7362765534417074,0.0,25.47921773086195
296,0.44628507352628466,0.8067973528394702,0.2,52.752446638913845
13027,0.536223692399165,0.6232038684064116,0.0,9.192569084094243
5322,0.4037329358372436,0.9070016695186279,0.0,56.147937244370894
20744,0.5343407759650388,0.6267214863197846,0.8,9.402702920671008
11027,0.2979207622997815,1.2109277261568403,0.0,9.564391346255395
3870,0.5616224521664703,0.5769254481407716,0.0,38.89775858019445
8215,0.5243166356352801,0.6456595106770283,0.0,20.531971946930387
12995,0.47603057027278506,0.742273203550789,0.8,12.176990998155475
7470,0.4432991800735314,0.813510386830107,0.8,65.98382486902146
15088,0.5114338648432811,0.6705369984440422,0.0,11.88292104447333
10197,0.41663806963672845,0.875537372581095,0.0,51.656704982284595
5812,0.43694228386699985,0.8279541661399165,0.8,76.9003869938204
15104,0.5213110378877418,0.6514084136594741,0.0,15.959506134657119
4289,0.4532900970966166,0.7912229675201241,0.0,49.38813920210971
4095,0.411671374041275,0.8875298837354704,0.0,72.48457075087575
2650,0.4517031568294719,0.7947300475714331,0.0,49.71036386926224
21130,0.4702629505103763,0.7544632715515481,0.0,9.326674594529969
2082,0.49837201730849734,0.6964084581322421,0.0,19.053736503698996
4559,0.41489232425569905,0.8797362520417321,0.0,52.573036945405825
18462,0.5181373432495164,0.6575149304580924,0.2,6.335813659203664
201,0.42324301195554154,0.8598087685469123,0.0,73.2772042673567
2730,0.417920842330731,0.8724632368051196,0.0,16.93451462144317
12071,0.6337263930515232,0.4561379743933716,0.0,3.523437647479393
18447,0.5260118173580012,0.6424316000367161,0.0,7.224785960264745
10494,0.42647928153950476,0.8521914910978613,0.0,11.091271736502257
68,0.4954673144842078,0.7022538921018724,0.0,20.365362870954296
15020,0.5299750891453496,0.6349252751531278,0.0,8.069900271416731
1020,0.4117009408344633,0.887458064966083,0.0,75.47830774828859
1534,0.4674056159681053,0.760557841613437,0.0,16.18276959098182
11541,0.4645559347121367,0.7666733087915361,0.0,5.070777144437529
16906,0.43720724410420614,0.8273479535027365,0.0,5.3130219744707965
19268,0.49043187423164036,0.7124689000782631,0.0,24.433408905011877
843,0.46118328305988043,0.7739597378619364,0.0,45.51270262116494
6368,0.49778417053632995,0.6975886883964854,0.0,52.45866723854397
11945,0.49680207903137347,0.6995635635258647,0.0,4.661156989420141
18227,0.48414304680150533,0.7253748646893907,0.0,26.42177958466533
5453,0.5276275824837131,0.6393645803475755,0.0,47.48560523610999
7769,0.40599269253006415,0.9014201182368061,0.2,39.662485202419475
6337,0.4173825828064749,0.8737520130331574,0.0,49.58542340653227
10522,0.6549198132296519,0.423242473391287,0.0,2.464350639510233
17320,0.38394707630707514,0.9572505580097427,0.0,62.3170135174069
17307,0.5579915202739333,0.5834115133579929,0.2,4.447345772706147
15733,0.49451521814087096,0.7041773535883123,0.2,4.859996091606616
14728,0.4209784134976494,0.8651737209667069,0.0,14.56130683218954
20298,0.5364877162572824,0.6227116132456699,0.0,31.0733092634133
1377,0.4154156486438113,0.8784756969838743,0.8,13.840382193175373
1219,0.44976021050604753,0.7990407037831864,0.0,54.91007509127366
15165,0.479500031707654,0.7350113185321521,0.0,11.727105531103573
9087,0.5259800262778048,0.6424920398212987,0.0,19.166823002524204
17770,0.5187553415422261,0.6563229105413726,0.0,36.88206575757857
16876,0.47671242660701874,0.7408418491291224,0.0,9.534634513509182
13174,0.4937348048712909,0.7057567381845847,0.0,9.968813758591741
2989,0.4594228510783556,0.7777842488271497,0.0,77.38564300629406
18687,0.5130623866201277,0.6673578298601496,0.8,19.88392722804054
11265,0.4797719807772278,0.7344443279949115,0.0,17.303875696188058
2807,0.4873091799541885,0.7188564909062827,0.8,48.22808208459129
5196,0.45596702626803925,0.7853347828980074,0.0,43.319066504821514
3572,0.45212346425438543,0.7937999854435722,0.8,34.47076679037244
11594,0.43434315191072925,0.8339203846932809,0.0,11.38092848191309
19684,0.505463426170744,0.6822795949279626,0.0,25.653711728215356
12196,0.48666972224390176,0.720169574384215,0.0,26.080219068414788
16904,0.425618248279029,0.8542124652784145,0.0,5.433858979581076
13816,0.4910261861701953,0.7112578202875443,0.2,25.49041273034624
18795,0.4596227754602939,0.777349179273868,0.0,5.975483354583552
772,0.47523488733890135,0.7439460975113165,0.0,59.63843675016854
8856,0.4943078690825079,0.7045967391469251,0.0,20.15322753261588
4052,0.4862268873647767,0.7210799175909521,0.0,50.55130454192791
16048,0.5479019974698438,0.6016588447611787,0.0,3.906570897395504
18688,0.5120406304243126,0.6693513007936882,0.0,20.3917887575009
2766,0.3972181239382558,0.9232697186017099,0.0,26.453985753115273
10073,0.41663806963672845,0.875537372581095,0.0,51.656704982284595
10325,0.44308205960518876,0.8140002899620006,0.0,19.877888695557687
17727,0.5166249093954364,0.6604381815280709,0.2,9.282458213083842
8755,0.4861080576859007,0.7213243388782307,0.0,44.01160409639381
2747,0.41956256789684937,0.8685426154554441,0.0,50.996476485768355
13061,0.4915101789740904,0.7102726295908701,0.2,10.29540168463541
6884,0.4698408019002919,0.7553613610174738,0.0,32.48053852375138
16490,0.5301256267649662,0.6346412688915167,0.0,9.492964216285593
17750,0.42281327962746773,0.8608246167104544,0.0,57.683859404687325
8138,0.45185282896570955,0.7943987518023614,0.0,50.380767384718204
14386,0.4793453839373745,0.73533388934304,0.0,7.967710534696309
20699,0.5208852562545866,0.652225498999802,0.0,32.5277886729098
20042,0.4850359967013302,0.7235321707960793,0.0,4.598046959209365
11557,0.45345835025454767,0.7908518543181029,0.0,5.877215899287068
19544,0.4943602663607417,0.7044907434616098,0.2,21.31683255905128
263,0.44895138722758887,0.800840666082263,0.0,54.53724813821623
9566,0.5045673425543685,0.6840539643416945,0.0,40.874960386954754
6800,0.49997973823797576,0.693187704905094,0.0,20.981057483178287
10071,0.6368779097456182,0.45117730622953056,0.2,5.913806683394721
13933,0.5030474395572861,0.6870708000944501,0.0,11.775087197405362
12609,0.45640954765701597,0.7843647417191261,0.0,6.785225600605372
10692,0.4601902001831104,0.7761153962988053,0.0,72.18067107844735
19469,0.4799278926502331,0.73411941001025,0.8,29.183082238494528
14016,0.5224069314505002,0.6493084326345487,0.0,11.175896673152227
16796,0.40407350287705307,0.9061584797551762,0.0,2.068850406246708
10265,0.4358391647677257,0.8304819918364906,0.0,7.843902159452664
9502,0.4531887409429307,0.7914465935990903,0.0,54.66521597835883
18437,0.5236597627817058,0.6469131132211134,0.0,8.374613949046136
18435,0.5216346642646028,0.6507878130153945,0.0,6.870041831108678
17748,0.4215634391537724,0.8637850047900515,0.0,55.90416656443719
5084,0.5112847906575343,0.6708285237545483,0.0,51.16073695469938
1482,0.42571460725145605,0.8539860932496303,0.0,16.13179678025378
20537,0.5211761196854959,0.6516672527291336,0.0,17.779111375118195
9013,0.4845720106729258,0.7244892298555997,0.0,55.9305718613008
14533,0.5197192307486798,0.65446655409515,0.0,5.541368318516818
18759,0.4887388666908891,0.7159269470910863,0.8,28.46525558020427
10680,0.49948689075057684,0.6941739259815181,0.2,18.964831445970006
2560,0.46398042340146034,0.7679129185910734,0.0,67.03880013648495
14584,0.6514341193038461,0.42857900909008123,0.2,1.7985317364411642
19145,0.47702606833714056,0.7401841389851137,0.8,4.3060211367796
18700,0.39010548939446293,0.941338090806259,0.0,27.345871717467816
11701,0.5245284877904789,0.6452555384348961,0.0,9.143270721169753
11111,0.43372201370934094,0.8353514715102544,0.2,31.57378030796729
14724,0.5570921976341824,0.5850245273771146,0.0,22.90663688700112
15719,0.45675474470544103,0.7836086958076613,0.2,1.8646594916608594
8757,0.501274697462904,0.6906010298287288,0.0,20.890681152319047
13162,0.5012123099351449,0.6907254953377664,0.0,5.276797519124487
18804,0.5277688574446776,0.6390968611162734,0.0,22.558839999242263
13697,0.47416009379976154,0.7462102636795573,0.0,9.638425294955374
10782,0.411671374041275,0.8875298837354704,0.0,72.48457075087575
5033,0.4758268706313265,0.7427012080729256,0.2,48.676637857062815
9555,0.49843025805695856,0.6962916029645386,0.0,19.85475463355115
180,0.4010794297528299,0.9135957921065448,0.0,32.889448515835625
2374,0.44881708038947,0.8011398675890331,0.0,54.04049088525498
16604,0.4226093390461377,0.8613070750236845,0.0,16.152552610352295
1014,0.4117173533723156,0.8874182005667373,0.0,75.47491728115466
540,0.45462961248531314,0.7882722300342584,0.0,49.826686938780696
8301,0.5158845126935577,0.6618723511597383,0.0,34.473623329035384
16831,0.44976033005994076,0.7990404379662587,0.0,6.158604541396624
16595,0.4357269275180099,0.8307395448811299,0.0,22.297049511370318
3078,0.45279655113769796,0.7923123688675381,0.0,49.11940748409394
6442,0.4784828710657567,0.7371348658756152,0.0,25.508920061164904
7456,0.4781213841104448,0.737890637074755,0.0,58.36714826668136
7375,0.47622508503884586,0.7418646687887611,0.0,54.9016927761201
19174,0.5160898530117992,0.6614743949162979,0.0,25.8084147804817
18455,0.5357721682712743,0.624046267469986,0.2,5.717823568611609
11457,0.48445397139748037,0.7247328544399004,0.0,11.501873693923965
3347,0.495527723379221,0.7021319764660114,0.0,44.75143456803437
13298,0.5599475845347773,0.5799120986786466,0.0,4.2623538699833246
6395,0.5060908537061661,0.681039073033358,0.0,19.504959934981052
7242,0.4534864331326682,0.7907899257891695,0.0,44.837789395570745
6862,0.41212279789639955,0.8864339208950249,0.0,50.55332880804767
11235,0.5921196674768928,0.5240465235176073,0.2,37.95407006548636
5903,0.43548553564968995,0.8312936964450769,0.0,82.38535823451949
17203,0.5107442632570106,0.6718862773455063,0.0,8.200371963741052
2141,0.4705707360993247,0.7538089888567238,0.2,53.916189078198414
20320,0.5618354104026912,0.576546336033648,0.0,12.30522800019913
4042,0.45943563306456264,0.7777564273803689,0.0,52.537443109257545
2204,0.411671374041275,0.8875298837354704,0.0,72.48457075087575
16293,0.45646021906621576,0.7842537260822873,0.0,49.74129497012151
8368,0.4422562665223831,0.8158657764046814,0.0,70.78859359178723
15564,0.5615505872152324,0.5770534158693694,0.0,6.878476761188565
10570,0.5142438183453858,0.6650577712400642,0.0,10.585058462111261
20392,0.4917537877600206,0.7097771191294753,0.0,27.14897345291001
8082,0.4798000936021343,0.7343857334908297,0.0,43.328758275958954
5663,0.4760255337253553,0.7422837839092545,0.0,25.68710094040683
16873,0.45750702322197684,0.7819630430795237,0.0,9.659198459810295
1830,0.5036844910114193,0.6858052168347559,0.8,42.18388296868312
8952,0.535552945534117,0.6244555227695997,0.0,51.03987253471064
724,0.41758594040103436,0.8732649106025193,0.0,36.26232674526612
10350,0.4502310351966943,0.7979944164201781,0.0,43.211395822688374
17544,0.5499950506941919,0.5978459995339424,0.0,6.552392462773211
10674,0.5140760389842226,0.6653840887014184,0.0,18.773812164240073
7893,0.5294873979322079,0.6358459141630719,0.0,40.51292009236284
18097,0.5075729304743818,0.678114873022582,0.0,10.934601680788397
8360,0.47347218498057725,0.7476621115226983,0.2,56.112040899357595
973,0.4921146470206656,0.7090435672356046,0.0,19.619235559504908
15576,0.44489783947869627,0.8099105973772655,0.0,27.53372051704889
13888,0.4800709394656803,0.7338213954466478,0.0,9.836141841802238
2997,0.5116634334378933,0.6700882266628035,0.2,45.3113626150236
19766,0.5164045949645414,0.6608647219769263,0.0,11.657355656886686
11080,0.4227857264837723,0.8608897850550387,0.0,8.140789194128406
14150,0.5516138789012945,0.5949069722096677,0.8,4.813392785316236
331,0.43180746517136903,0.8397754725576622,0.0,59.414111479965406
18675,0.5191638403964808,0.6555357608625624,0.0,19.71032093958759
13715,0.4795085188994038,0.7349936186028977,0.0,12.755446619462639
17780,0.5112630237796912,0.6708710975638881,0.8,48.302719024599945
21069,0.47796774735586944,0.7382120229180648,0.8,20.420789661562658
17427,0.4899332924316856,0.7134860350395882,0.0,20.17381872943765
19579,0.5238323148336361,0.6465836557346493,0.0,29.111621067204588
13489,0.519169905926114,0.6555240776640633,0.0,19.046907127988725
1234,0.41758594040103436,0.8732649106025193,0.0,36.26232674526612
5731,0.4179495777007767,0.8723944812435677,0.0,19.061824739845306
7991,0.5017449198803153,0.6896634161595061,0.0,41.83498271900135
2866,0.4885539570342587,0.7163053590764156,0.0,54.723938014243316
6466,0.5184780459546391,0.6568575936657993,0.0,38.018588721734126
16712,0.5298034924054954,0.635249110234042,0.8,8.167112540187519
11713,0.5255034852417988,0.6433984564477356,0.2,3.8648945082465858
2423,0.47527671654283443,0.7438580834275551,0.0,52.81392392335641
8843,0.4984569310322042,0.6962380904396633,0.0,19.64958006518028
18731,0.5092802066885379,0.6747569096038367,0.0,26.82664762765507
200,0.4820414474646202,0.7297251780380173,0.0,50.35103728462319
10844,0.4873238647456401,0.7188263569157873,0.0,4.606598505379058
11153,0.6310755357955743,0.4603297155299687,0.0,1.6802495461950817
9057,0.5181852886029068,0.6574224006764376,0.2,20.1177827727535
13368,0.5852444625711758,0.5357256343027376,0.0,7.106132496369124
14646,0.4667805656961523,0.761896012478077,0.0,10.507308187099813
18380,0.5098996806342009,0.6735412772514823,0.0,28.574989458200953
9983,0.4982907442093344,0.6965715486027224,0.0,20.395614092780647
10700,0.436270095467837,0.8294937424167635,0.0,78.49084537618626
14535,0.5490360210632291,0.5995912274879591,0.0,6.406932148238429
15121,0.4983525370750003,0.6964475466314946,0.0,12.119927872339908
9211,0.4496729139750224,0.799234818340285,0.0,41.480291340235226
13999,0.5050415482485006,0.6831145793316703,0.0,22.777772439423703
21042,0.5396195360823454,0.6168909505553108,0.0,29.006212777500988
5365,0.4575587859892269,0.7818499085556803,0.0,42.8805562066222
16063,0.5231409597207528,0.6479043297770023,0.0,5.218545490920954
4357,0.46734124303829755,0.7606955750100016,0.0,50.30860347830752
16905,0.4315849995434873,0.8402908016620885,0.0,5.42512764850361
6050,0.49024818825999383,0.7128435094556128,0.0,50.71524636796906
6822,0.476317834107064,0.741669928863353,0.0,44.61145018207544
15975,0.5507543358641326,0.5964664206767789,0.0,6.447802257803252
10146,0.49202236101180524,0.7092311143116268,0.2,7.691611624094732
5015,0.4755938859578624,0.7431909696773632,0.2,52.81858482321488
8109,0.49380511019190326,0.7056143534168224,0.8,19.672527581085877
10236,0.560886704301528,0.5782363469714233,0.0,5.511459799611732
17554,0.4418452036727179,0.8167956761800894,0.0,25.93857131106896
14035,0.43621785094739607,0.8296135022844341,0.0,10.991548956305685
5890,0.44738078670459963,0.8043451751830664,0.0,75.8899691195223
13052,0.5125501979540733,0.6683566255386302,0.0,2.003786642042178
974,0.4954114450060284,0.7023666596381698,0.0,52.136679502739575
9661,0.4955205468272035,0.7021464592157087,0.0,38.36879224602146
5686,0.4880664431354214,0.7173037284310724,0.0,68.21558621557293
44,0.4118969897627918,0.8869819857416265,0.0,70.73237412199929
11289,0.4649044602300114,0.7659233563759057,0.0,13.840234815971355
15915,0.5477556108179775,0.601926057167007,0.0,4.154794701441893
5546,0.49425320656240557,0.7047073292187067,0.2,45.397244857911424
2699,0.5349286773045164,0.6256218544226603,0.0,17.49958015926699
1373,0.41854893883434213,0.8709614572171375,0.0,36.92876711498834
10126,0.4843196976937766,0.7250100578958729,0.0,62.93812273874359
2026,0.5250347274380486,0.6442908710771179,0.0,18.127125034108502
15068,0.4838221806292128,0.7260378351659165,0.2,21.397786820435737
484,0.4171782588356425,0.8742416693043833,0.8,62.071158520611206
14227,0.4830065778629101,0.7277250066585098,0.0,7.112420501095652
9731,0.582517223364769,0.5403965259712193,0.0,20.16543727025851
8751,0.4183101797232503,0.8715320648911783,0.0,8.719675915501938
4075,0.5800471442748861,0.5446458955124127,0.8,16.36306815361774
20346,0.5553006219216013,0.5882456507611322,0.0,3.583004165660924
14344,0.39966842502198124,0.9171200130778285,0.0,15.189341471172629
11013,0.4450790658541566,0.8095033365216652,0.0,5.117275199773239
21104,0.43066838608884106,0.8424168908493203,0.0,6.109628549088176
10286,0.5442311141360259,0.6083812801842615,0.0,12.052945486366713
9160,0.5219040884165604,0.6502714466471079,0.0,41.71491181405875
3979,0.395517115693678,0.9275612166206016,0.0,33.39220379834167
9116,0.4366527155562511,0.828617101073255,0.8,49.897249272383256
13675,0.6142187460957674,0.48740415028232326,0.2,5.483296806882341
13767,0.4791745065757737,0.7356904335631491,0.0,17.424459882888737
7896,0.5273757403172317,0.639842004760982,0.0,43.52845080283247
20034,0.5451168389338354,0.606755123930887,0.0,8.958739323828997
8029,0.49310289566814014,0.7070374133942429,0.0,18.937997684162873
12990,0.49947977854215403,0.6941881651120948,0.0,10.294116628813846
20011,0.4506743648704497,0.7970102293801018,0.0,19.312752731709505
16357,0.5084611607371051,0.6763664464753181,0.0,7.3287687933317045
14445,0.519587396617371,0.6547202504125689,0.0,4.089775380984304
17530,0.42440668103419693,0.857063130061324,0.2,13.938418102675168
12973,0.498518307406011,0.696114965267607,0.0,11.27845476551808
19542,0.5970037204354752,0.5158319337237349,0.0,16.880341961658434
11087,0.5973427598792707,0.5152641931920042,0.0,7.343287470408349
14376,0.5677835998263936,0.5660149190758128,0.0,5.716750493737847
4120,0.4182702601926696,0.8716274998994723,0.0,8.72063074249779
7238,0.4182702601926696,0.8716274998994723,0.0,8.72063074249779
20044,0.5420336715411986,0.6124271548573872,0.0,6.812027332255237
15612,0.4262091827352014,0.8528250139485939,0.0,10.221960669240154
10288,0.5461564003463524,0.6048498967346984,0.0,11.982983484583636
1581,0.44157390040222483,0.8174098881158985,0.0,56.47075825395448
7669,0.45622334089469385,0.7847728067083277,0.0,45.59529887228557
17281,0.5415517975618211,0.6133165614153058,0.0,2.9816383323019564
18245,0.4440304542118599,0.8118621283348857,0.0,6.316287431999356
20112,0.5055532552287849,0.682101894480621,0.0,43.21456521257828
14435,0.5160444750132824,0.6615623253286752,0.0,5.921644673070681
12367,0.5556400653871066,0.5876345587740507,0.0,15.007891691865069
11953,0.5386111101642571,0.6187614709595044,0.0,4.677217968424445
18662,0.5499657583589034,0.5978992602229675,0.0,22.759034519297572
6500,0.4698408019002919,0.7553613610174738,0.0,32.48053852375138
18932,0.5136208167175923,0.6662699964355473,0.8,22.730467950714157
19366,0.49679877697742497,0.6995702101665726,0.0,11.253914509878305
696,0.45646284427821615,0.7842479748594169,0.0,49.58407701381919
2901,0.4744747362374996,0.7455469052632029,0.0,23.675215341645075
619,0.45187177425877073,0.7943568246643896,0.0,66.08651578553543
15746,0.5068080683556477,0.6796229104652566,0.0,2.782800653356129
4017,0.46976801512097327,0.7555162909801256,0.0,32.48720051214541
15313,0.4987691130908622,0.6956119895256413,0.2,9.087127174750782
11193,0.5197101148569924,0.6544840942804953,0.0,17.278379215174535
2153,0.5085476985890275,0.6761962653577445,0.0,57.990593161591235
18562,0.47911695972725904,0.7358105365810876,0.0,16.20070913475982
1654,0.4492068257097738,0.8002718609755624,0.0,39.01325016976379
5719,0.46973614319155427,0.7555841393853705,0.0,34.91932111698789
20836,0.5802255957110305,0.544338292943807,0.0,8.648718564599433
12825,0.5350696263001039,0.6253583979369296,0.0,5.134817485796031
20598,0.4732054285053615,0.7482256750388857,0.0,29.250011288096218
15866,0.5523524332837341,0.593568970344084,0.0,9.136510613771335
39,0.4265434562608291,0.8520410268286182,0.2,42.40181792980304
18812,0.5875796085674183,0.5317435381991115,0.0,1.9580923353874726
16865,0.45330968447794523,0.791179756873641,0.0,10.054311740691755
3651,0.4969048655557105,0.6993566886010923,0.0,52.5461636241961
4133,0.41630936261963153,0.8763266349557207,0.0,70.15432902881389
10182,0.45457824230319505,0.7883852298987056,0.0,25.311108948729316
3429,0.47281468261286946,0.749051758776685,0.0,35.205432662504194
7388,0.5237345707746696,0.6467702673211609,0.0,19.726493153295408
17640,0.4852663331945769,0.7230573981598061,0.0,57.84459185278449
8606,0.4963089982217662,0.7005565659430527,0.0,19.447450430923816
4813,0.4233561418390778,0.8595415112889702,0.2,53.9147334262631
12311,0.44016229758098424,0.820611761942669,0.0,5.272348554383004
2036,0.4701274584406233,0.7547514328713594,0.2,49.06639226329008
6215,0.5169159383797973,0.6598750127037728,0.0,16.88389086469121
11232,0.4152430978459477,0.8788911523103238,0.2,85.34032954825096
8509,0.4908172487288938,0.7116834226535198,0.0,21.37896931064897
596,0.5138189910709109,0.6658842329985577,0.8,46.65518041073787
972,0.4821526243442807,0.7294945670367597,0.0,20.31277571823441
11371,0.5919736144127955,0.5242932153400707,0.0,5.873656677452683
19569,0.5499618350965914,0.597906393896739,0.0,5.630334864805142
17476,0.537314801898128,0.6211711329610307,0.2,24.74745684716074
6716,0.4610876516791248,0.7741671202644306,0.0,44.05011032433138
10553,0.5402064328191551,0.61580392947691,0.0,4.095096042929993
5514,0.4764760165869722,0.7413378896058657,0.2,49.371249989907454
18500,0.52305140409054,0.648075532767063,0.0,7.844954645532853
18217,0.5169402189997258,0.6598280417208956,0.2,15.345620746166514
12224,0.4650036540135813,0.7657100153319322,0.8,12.412924667138398
12352,0.5267821488530697,0.6409681956911985,0.2,6.903868682744962
17615,0.5261965570587983,0.6420804534250997,0.0,19.15454455685134
8842,0.5266071675273242,0.6413004210605543,0.0,19.65649860901351
13193,0.5618582390799244,0.576505704537249,0.0,18.04520540079481
5508,0.45301229082786404,0.791836021796831,0.2,47.421077338865956
9258,0.4807609070269013,0.7323852072471503,0.0,63.113294675757615
14178,0.4937362124353059,0.7057538873383515,0.0,25.2585782447553
5429,0.36976996909339405,0.9948741718356419,0.0,60.69329044800094
19436,0.4671786328016287,0.7610435830995328,0.2,29.24690367919168
19661,0.4270966603997426,0.8507449204119676,0.0,6.277221585111761
6878,0.44855884244994276,0.8017154077614026,0.0,62.577896397480394
19299,0.5077834589725433,0.6777001841441417,0.2,19.232791347000695
16583,0.5098456981255878,0.673647151736992,0.2,10.868285265092542
423,0.4183101797232503,0.8715320648911783,0.0,8.719675915501938
6592,0.4861080576859007,0.7213243388782307,0.0,44.01160409639381
10034,0.476867807970693,0.7405159586389147,0.0,10.626774520096147
20368,0.5768931691749867,0.550098178359706,0.2,12.462474083847077
10268,0.5274940860097032,0.6396176250507762,0.0,8.251227240721851
1876,0.4926561950656977,0.7079437213090628,0.0,19.928615484791017
13002,0.5250969363154411,0.6441723928336509,0.0,8.26634221875121
1840,0.5110612501310969,0.671265832691212,0.0,52.442643179000925
2145,0.4925537159712843,0.7081517563554727,0.0,68.92795055652763
13603,0.5209790263016608,0.6520454946577828,0.0,8.346182145067909
3449,0.4567550428753735,0.7836080430069218,0.2,52.135397099455886
10201,0.4534864331326682,0.7907899257891695,0.0,44.837789395570745
13257,0.4481534421915394,0.8026196003167337,0.0,14.451566319471715
7007,0.5175201056251096,0.6587069031478237,0.0,14.257711220166735
2216,0.45578157008700865,0.7857415971981988,0.0,55.45371681910247
5141,0.5222004775874974,0.6497037081493586,0.2,31.790651984837197
17667,0.4905273599586509,0.7122742218001369,0.0,10.215080783193436
8220,0.5332731743221019,0.6287214639306224,0.8,19.12256270187055
5410,0.46782000627316084,0.7596716590232263,0.0,58.646649758259144
7617,0.45241131244411975,0.793163529650238,0.0,54.81156232771949
8256,0.4584414856959002,0.7799226165947764,0.2,26.575863755500734
2032,0.40342930261372845,0.9077540169981629,0.2,74.52660687323322
10193,0.48198857327678435,0.7298348721071879,0.8,46.29342616048686
18170,0.47495783302716743,0.7445292514623983,0.0,28.143206557324767
11898,0.5547117211963045,0.5893067214495803,0.2,4.2896226619857
1725,0.5240769840132774,0.6461166893963288,0.0,20.107151916256456
12144,0.48393249587823384,0.7258098533184983,0.0,9.316858650040787
13355,0.5378707228888053,0.6201370397233507,0.0,6.731587873729531
13872,0.46509862509793803,0.7655057988993533,0.0,11.297334501311989
3362,0.44959592788913055,0.7994060376297698,0.0,55.43081782071995
3318,0.45158370234486805,0.7949945360538834,0.0,68.81472813258299
18186,0.4983355871944996,0.6964815590373608,0.0,44.94047365963222
9440,0.5029931022517394,0.6871788221936427,0.8,29.132946481464984
9585,0.4958868676600814,0.7014074676685489,0.0,43.41712331894604
16210,0.5830673505711442,0.5394525751682904,0.0,6.530613103408482
19714,0.49465172877245744,0.7039013422782315,0.2,34.84452481471317
3282,0.4778837511479159,0.7383877745035384,0.2,65.04457916868574
7732,0.5228762404198871,0.6484104769158476,0.0,18.35650087357151
3360,0.4529141434905568,0.7920527001803579,0.0,37.420525952576185
18185,0.5012446901197067,0.6906608936948603,0.0,44.547627643318485
18410,0.5192582699134463,0.6553538897019078,0.0,9.00161294700433
4771,0.5179218425887319,0.6579309311399801,0.2,50.084992133030994
5169,0.4463250111707834,0.8067078677547506,0.2,57.93372441496275
7733,0.5226274413301599,0.6488864180316306,0.0,18.493911443875547
10743,0.4528579657551326,0.7921767440428765,0.0,30.299570580821637
12047,0.4829313392626452,0.7278807901702307,0.2,7.881711733185282
7940,0.4246636248822546,0.8564578943014329,0.0,70.45222494769973
2867,0.48524458835208517,0.7231022092835402,0.0,52.80453993629693
11446,0.4950679593777706,0.703060234164822,0.0,27.857004423211475
9627,0.5797845179080022,0.5450987653209126,0.0,20.398139079689834
5435,0.3731271701782094,0.9858359786291779,0.0,52.022553761544174
1427,0.41652346223088416,0.8758124870749441,0.0,9.375567595878834
9548,0.5146660115948155,0.6642371098743363,0.0,45.64471532081687
5968,0.4855059137303553,0.7225638106239008,0.0,45.52152006930575
11930,0.5445612203859379,0.6077749087954115,0.2,4.461979809393663
14013,0.49396299145611033,0.7052946806813126,0.8,9.570496147981187
10731,0.5883553399496463,0.5304241939688366,0.0,1.9725149080901199
4479,0.4516665288633981,0.7948111394359797,0.0,57.627382294523386
5974,0.3949030870603526,0.9291148933983548,0.0,65.79991646692812
15729,0.49168580872318507,0.7099153666378873,0.0,1.689030595570233
12388,0.5616130248657942,0.5769422341146285,0.0,4.633134711196653
17641,0.5014734424353787,0.6902046292428403,0.0,51.61004957188035
14569,0.4296277208319033,0.8448362107931393,0.0,25.1241617545784
4322,0.4911788898709149,0.7109468797198871,0.0,50.27815877755126
2830,0.5119883688097123,0.6694533713691987,0.0,54.970152349224165
20694,0.5548201292309395,0.5891113092404794,0.0,18.218269036086866
6325,0.5120905564886228,0.6692538014401137,0.0,17.76868791763489
15580,0.45089402551751634,0.7965229437703688,0.0,13.569564310989126
5188,0.47135459164981863,0.7521446197005929,0.8,54.21458556523666
9723,0.49753259413586476,0.6980942086785747,0.0,44.75307187310402
15223,0.5884213942435431,0.5303119308826506,0.0,6.384955754033536
5950,0.4991680032049873,0.6948125601250204,0.0,33.92422112770446
9061,0.3949109327426541,0.9290950262344275,0.0,66.72760450061928
15814,0.5487789126476746,0.6000596277845122,0.0,11.965188726228133
9414,0.4676157179331832,0.7601084358918855,0.0,45.534294924236654
20765,0.5608527022645868,0.5782969707433128,0.2,19.08669268857781
8361,0.4704179352160273,0.7541337555394657,0.2,56.56003166545993
19594,0.5325674583046315,0.6300457071598583,0.0,14.509953368938797
6407,0.4943464696818478,0.704518651997866,0.0,21.734397995361327
4307,0.49779271855010143,0.6975715164153649,0.8,34.40422431569971
18124,0.5192777202440116,0.6553164324914654,0.2,19.73485421449045
17804,0.47927108463468576,0.7354889029595872,0.0,19.875116450725542
15078,0.44791289359602543,0.8031564994093237,0.0,11.52569800502216
20268,0.4595685868762454,0.7774670841766589,0.0,10.22058221740712
15126,0.5055427779934281,0.6821226189914745,0.0,11.807542170449643
18819,0.5529877153038955,0.5924194923468847,0.0,8.614963584257895
15285,0.4976835464603731,0.6977908528154444,0.0,6.908129343053116
14687,0.5259552128176243,0.6425392166041708,0.0,7.842191396018626
12835,0.4751378328015148,0.7441503427209425,0.8,4.821945380259943
19458,0.4957217552168567,0.7017404870492631,0.0,21.233613927748365
1541,0.45321796093563094,0.7913821192463526,0.0,54.20571439360842
438,0.41555622795418345,0.8781373478395235,0.0,57.476284223493906
15393,0.6063997655383491,0.5002158312992526,0.0,3.2719868314625025
18397,0.4629507767082105,0.7701345443527771,0.0,19.522910258668375
3883,0.5125825152534884,0.6682935755568874,0.2,53.741165002821276
7216,0.41846949650559234,0.8711512793898261,0.0,16.913402886916288
20183,0.4965393689307961,0.7000925057284505,0.0,15.167504777560714
14660,0.47365663183163687,0.747272625213936,0.0,12.386418120440162
9230,0.4154525912549501,0.8783867716660221,0.2,55.3427561362564
20722,0.5467353617024471,0.6037903930759487,0.0,6.763055746007854
2996,0.513075020701581,0.6673332053189064,0.2,45.125068085201534
7779,0.40651673172783664,0.9001301903792576,0.0,43.03972038311932
2507,0.439647915011816,0.8217810655502293,0.0,46.19231294221536
19371,0.497031052281233,0.6991027753981666,0.0,11.103779304425762
12342,0.5606255150771965,0.578702127414187,0.0,5.6553661483108595
11579,0.47178731084809006,0.751227007562932,0.0,9.7201263482907
4797,0.49494291539139945,0.7033128455052081,0.8,32.02886762820932
11257,0.5115518738817213,0.6703062835190996,0.0,11.878832430059454
19273,0.49084180417898804,0.711633394183805,0.0,24.404756065344625
18220,0.5252388342690866,0.6439021974190364,0.0,23.959923178843944
14033,0.4242467245101385,0.8574400955572675,0.0,8.578688663035992
9188,0.5190947175843916,0.655668912304773,0.0,48.198223144183764
3913,0.45600011971839255,0.7852622069274509,0.2,54.60713458866395
13131,0.3984428066674882,0.920191312589112,0.0,14.099171754843542
1623,0.4697523676383973,0.7555496004917969,0.0,30.335317612622845
18838,0.5291106247983851,0.6365577483846406,0.2,19.060925106882543
12736,0.46015869735872267,0.776183854737739,0.0,4.785173203528282
2936,0.4513642175788376,0.7954806876148102,0.8,51.574989653221905
5504,0.40904246019947,0.8939363136590743,0.0,71.76073894302075
20417,0.4498622497494743,0.7988138547473466,0.0,2.825420626402171
8633,0.42571460725145605,0.8539860932496303,0.8,16.13179678025378
2839,0.4982500558905584,0.6966532077155144,0.0,57.26837821586399
1926,0.4975211408176045,0.6981172291806008,0.0,31.903957906174632
18298,0.5207821458506167,0.6524234708362986,0.0,17.900216915987023
14203,0.5158089895911975,0.6620187572431884,0.0,4.648033633994798
8474,0.5123850816360089,0.6686788240672218,0.0,48.19502675480648
20087,0.510168780837843,0.6730136651939614,0.0,24.23522095400346
9345,0.5069871156085387,0.6792696887147796,0.0,43.20495083096679
21148,0.58994248256883,0.5277302340060297,0.0,8.422310331413208
10107,0.4299858919552749,0.8440028802391066,0.0,67.80719152719445
1688,0.5125306150489022,0.6683948330729536,0.8,55.47510107587308
9464,0.4796748293747738,0.7346468434481042,0.0,51.97626697640867
12757,0.45641395783388694,0.7843550790037281,0.0,4.872413479988175
14599,0.5219537254142973,0.6501763436606349,0.0,5.136393331938783
5298,0.5176635222732316,0.658429818686334,0.0,46.76497636517061
3959,0.47107305338624295,0.7527420942620275,0.2,57.215928192887304
2206,0.411671374041275,0.8875298837354704,0.0,72.48457075087575
9260,0.47964108051849125,0.7347172037036747,0.0,63.31425446861942
19394,0.4632359693002738,0.7695187018084826,0.0,54.17411778150953
1214,0.4784828710657567,0.7371348658756152,0.0,25.508920061164904
2462,0.5123856869544102,0.6686776426939434,0.0,20.769127224961494
15416,0.5473371555905435,0.602690294244699,0.0,8.30236032769617
4278,0.4521015468068706,0.7938484633052793,0.0,36.50393195103594
9498,0.4528153573317363,0.7922708362996354,0.8,51.78282234410791
19578,0.523289101440222,0.6476211924208477,0.0,30.415529400864262
13727,0.48573289202077574,0.7220964110652988,0.0,11.936254170733644
13078,0.471482183308209,0.7518739648798262,0.0,21.84607400951116
1839,0.5090999744230126,0.6751108683134619,0.0,51.040070039750965
19395,0.4620192668178789,0.7721486857009451,0.0,56.185395698233634
5850,0.4734427241617858,0.7477243363720835,0.0,62.098508417575125
2723,0.4636645658654681,0.7685939065807745,0.0,52.14141073971786
9223,0.49739875112222837,0.6983632584277493,0.0,44.77031997889342
9732,0.5845056721870854,0.5369887937764928,0.0,19.42610538687929
5105,0.4664366629521564,0.7626330386473464,0.0,35.24508599745568
10379,0.4990351085316413,0.6950788279267706,0.0,18.697621531836248
8722,0.4697448758047384,0.75556554909348,0.0,33.10510637817328
10007,0.5328358094203444,0.6295419521414213,0.0,51.436721549416646
18584,0.5013628162708089,0.6904252558188304,0.2,16.242253879761652
10038,0.45371965892686233,0.7902757630176152,0.0,9.535072046853257
7347,0.48452380670050943,0.7245887122217227,0.0,46.44613534777779
2482,0.46420190611138584,0.7674356789214807,0.0,51.53330408305655
13618,0.5204277208703171,0.6531042653721877,0.0,7.781737296995666
12020,0.6165047731490995,0.4836892140734041,0.0,2.953406199979919
12565,0.46188149056224403,0.7724469347402615,0.0,6.643429944739854
21158,0.4473221887975698,0.8044761636981783,0.0,11.149637527337973
14940,0.4958813297301743,0.7014186354594132,0.0,4.081204109006442
15833,0.4474930125064215,0.8040943558999247,0.0,5.04730032796345
17768,0.49671924336209783,0.6997303151951052,0.0,32.89082421313853
6257,0.45157655577568334,0.7950103617484279,0.0,43.844822663515345
18920,0.5252354984933366,0.6439085484085769,0.0,16.809554752946447
10959,0.4495856264172842,0.799428950626144,0.0,13.455788553808283
18705,0.40754965809873245,0.8975924933606032,0.0,64.85554314245897
436,0.4486151984592536,0.8015897777123481,0.8,46.684586941586645
1578,0.47933883163056573,0.73534755871759,0.0,21.214776648233226
11477,0.47645163310241295,0.7413890655468146,0.0,10.639304041079386
2392,0.45424384798134293,0.7891211150417213,0.0,59.89429233064082
15394,0.5998498390648485,0.5110759233135617,0.2,3.324880859030321
19624,0.4584903909436748,0.7798159450980886,0.2,18.875444891604
20258,0.5214748343648835,0.6510942619571021,0.2,18.406435083574575
8061,0.4916384813969152,0.7100116264918988,0.0,40.49196219211957
8112,0.49615978453133397,0.7008572579026378,0.0,20.324860479176497
8459,0.5124444409466302,0.66856298175515,0.0,55.490727485677446
2020,0.4686262643438305,0.7579497059433992,0.2,22.655115525195246
11500,0.47884339718545244,0.7363816720091224,0.0,4.481618830565861
11454,0.512373142364328,0.6687021257034554,0.0,14.396822420434336
17321,0.4154080674647869,0.878493946773517,0.2,79.2502551512172
6250,0.41754533941899546,0.8733621431767312,0.0,46.81439507921765
20476,0.6146524983727613,0.4866982141690657,0.0,17.34981735943768
8178,0.4240103352049562,0.8579974485638694,0.0,12.66403762768195
5224,0.4893102351711318,0.7147585629186477,0.0,34.61218559060555
15596,0.5308760549846838,0.6332267030943848,0.0,3.853817693292312
717,0.43235795669072874,0.8385014303895877,0.2,77.82132210459324
1977,0.4916251183845238,0.7100388074277032,0.0,37.2131337889426
15332,0.5206522339076101,0.6526729574025297,0.0,10.085755411166147
11084,0.6036415307726007,0.5047747493318141,0.2,15.502894296297056
15392,0.605003669023106,0.502520756468683,0.2,3.4463627286594485
17015,0.4269483728101507,0.851092179831122,0.0,45.94620535433053
20651,0.4223455156087207,0.8619315425784585,0.0,58.201928727813566
11279,0.5450424297056171,0.6068916346783978,0.0,4.254613777131613
15583,0.4176900131426163,0.8730157169278326,0.0,27.9181717729938
5007,0.445543722859223,0.8084598935442032,0.0,61.36210715361692
13843,0.4797592605837141,0.7344708413442766,0.0,13.029512557340436
3193,0.4437993430512392,0.8123827487658586,0.0,58.53217642878126
5642,0.4718408401672512,0.7511135532977938,0.0,35.3849599543024
19030,0.4509730544954622,0.7963476873941253,0.0,76.98691510908733
15963,0.564801243797637,0.571281390614246,0.0,9.451279683721637
20236,0.5280197700734656,0.6386215526559017,0.0,4.613402234028589
9977,0.5612534938813359,0.5775826147667225,0.0,14.592769276713286
11917,0.4624321673203489,0.7712553980393568,0.0,18.62739784704886
9093,0.5232278301214724,0.6477382881256026,0.0,19.10665919032403
8106,0.5047608023568717,0.6836706206177576,0.8,17.457530497152806
15205,0.5289316493153147,0.6368960628152761,0.0,4.114667166880729
18376,0.519546837936317,0.6547983128605682,0.0,12.799669795834797
1057,0.5025512584002008,0.688057637484674,0.0,57.16382715736629
5051,0.4698408019002919,0.7553613610174738,0.0,32.48053852375138
4210,0.4721785257420877,0.7503981324040409,0.0,79.12948649705616
13541,0.4099104237831492,0.8918166217313898,0.0,9.934836621766014
631,0.45338684330399126,0.7910095591859515,0.0,57.00410279644927
12500,0.5552141094130513,0.5884014569045071,0.0,4.915799723683341
2154,0.4632102224041057,0.769574283873378,0.2,57.61032989262549
15368,0.4626371354246308,0.7708122569535422,0.2,8.054105078417221
11327,0.5116711576564227,0.6700731304887921,0.0,7.033422304884344
10561,0.5213898924028614,0.6512571631657244,0.0,25.487601371142937
5986,0.48901506002238954,0.7153619923897024,0.0,19.7404143710161
17348,0.6166990397321014,0.4833741540929212,0.0,7.390549473817892
236,0.5497347430777333,0.598319402405801,0.2,49.790043866191255
12205,0.4544483298063614,0.7886710576219077,0.2,12.776864349826342
17545,0.5260276896520782,0.6424014257058616,0.0,25.01189916677835
12590,0.5258858980002333,0.6426710137297602,0.0,4.412964653187378
19706,0.5258280968633202,0.642780931706042,0.8,28.814263049737583
15954,0.44682358131078437,0.8055914349551389,0.0,7.8247094632841545
10616,0.5976996190445694,0.5146669605210971,0.8,3.6285820570771987
20970,0.5147666318868162,0.6640416229855958,0.0,24.204981341302545
467,0.44582981059203713,0.8078179903871066,0.0,48.226731560845394
19323,0.5112962409435563,0.6708061288818318,0.0,14.30497383644892
13737,0.5027332840036869,0.6876955000045927,0.0,11.87718826178138
13219,0.5549226946827981,0.5889264637971199,0.2,10.412513939904555
16343,0.4698532541061812,0.7553348583364993,0.0,9.079880262910086
20210,0.571548097293729,0.5594066395444465,0.0,10.312661101246494
16608,0.5178696692515581,0.6580316721416615,0.0,10.859167393396692
6615,0.4089195576405225,0.8942368228690176,0.0,85.02403534453995
2979,0.41487750780341487,0.8797719642397738,0.2,51.32150008453563
20974,0.3937842417257733,0.9319521295102915,0.0,4.256551336657444
14086,0.49359594290867376,0.7060380258155938,0.2,3.9979403380140575
19618,0.5120662950976146,0.6693011797122507,0.0,53.57755892532939
1005,0.41651785187643936,0.8758259566456602,0.0,70.67915536950696
19473,0.4714569817797526,0.7519274180174103,0.0,19.711775943873697
11063,0.5141447342541363,0.6652504690123324,0.0,4.165798572089303
11853,0.4453897865199807,0.8088054554501224,0.0,5.427367910433317
1620,0.4697506467524575,0.7555532638881105,0.0,30.33546469799043
1827,0.4985200626300008,0.6961114443920968,0.8,43.94203492725111
15110,0.5313237432906435,0.6323837574768172,0.0,15.493402058182019
4958,0.5018253367031289,0.6895031546881081,0.0,50.40267955560238
19788,0.4939557435745987,0.7053093537131213,0.0,18.558804830534363
11213,0.4417846725955423,0.8169326816818181,0.0,6.0890077694044145
20178,0.517639019328307,0.6584771535357034,0.0,19.288112346810678
18202,0.48198725926497854,0.7298375983411067,0.0,28.28303191948907
17761,0.49372552054218716,0.7057755426446022,0.0,33.011238616112124
1954,0.43731406058084865,0.8271036679110614,0.0,62.16304493067363
1791,0.45339242189175105,0.7909972550057083,0.0,57.85353874833109
19479,0.5337689330525913,0.6277922433071156,0.0,13.630625568660651
1992,0.5149811332641768,0.6636250134279499,0.0,18.46204767104328
4779,0.5058185121031193,0.6815773457657279,0.0,39.80752664745498
8232,0.5232491416323805,0.6476975581114959,0.0,18.51443472332481
5796,0.4861080576859007,0.7213243388782307,0.0,44.01160409639381
10243,0.4359813405970283,0.8301558333447183,0.0,5.520536172987633
13687,0.46552709128768255,0.7645849857035109,0.0,13.816050458329622
4156,0.4025523310236499,0.9099301756091422,0.0,32.24337355120073
19868,0.5505122517930878,0.5969060673121301,0.0,18.074911994683706
13023,0.5813515342505859,0.5423996547541434,0.0,7.913339736137399
831,0.504611292243972,0.6839668644207968,0.0,52.66886651615235
15804,0.4288368667883958,0.8466786962692829,0.0,19.15187443508367
7576,0.4607641116128239,0.7748690554181475,0.0,41.08355767297709
18025,0.4329876947656991,0.8370459699384294,0.2,5.497717796446372
20245,0.5494951344062411,0.5987553597613917,0.0,5.721107359736928
16649,0.4588595691575549,0.7790110652815139,0.0,8.222851694813972
19680,0.49624707027904846,0.7006813507179654,0.0,21.20156605197282
17278,0.46398804124364285,0.7678965002698201,0.0,4.747904220082426
5530,0.45278047364597646,0.7923478765963855,0.0,53.74099382337967
12227,0.4746159919643187,0.7452492398795577,0.0,9.79406530296543
1523,0.48826652570784806,0.7168938629822702,0.0,21.381360010392818
17471,0.47495783302716743,0.7445292514623983,0.0,28.143206557324767
2350,0.4153185789441348,0.8787093931454014,0.0,58.293581275346334
4845,0.47820957903458655,0.7377061927185842,0.0,48.02467202032951
10699,0.44045268354052947,0.8199522547203397,0.0,77.58798210291214
19117,0.5023527415581346,0.6884527336225276,0.8,20.831546452039767
3844,0.46974636707063816,0.7555623744691052,0.0,33.10496728199854
14456,0.5510452279768555,0.595938389755315,0.0,4.406070538079048
13119,0.41867614829618954,0.8706575736742724,0.0,11.240407103271735
4382,0.44376465776411583,0.8124609071569361,0.0,65.03749809734666
9728,0.5757956124980615,0.5520025206697347,0.2,20.656485538441924
443,0.4053592401944474,0.9029815922132016,0.2,72.00149057557846
4852,0.4811213063496548,0.7316358445193515,0.2,42.217219662792054
4334,0.4575789856082577,0.7818057630299222,0.0,46.820390247572625
11209,0.5394147201329366,0.6172705788213995,0.0,7.995196942600889
19178,0.4572269771051243,0.7825753437603813,0.0,5.484288115050477
7862,0.49375254507452754,0.7057208081987686,0.0,45.65308349744077
753,0.41854893883434213,0.8709614572171375,0.0,36.92876711498834
3239,0.5387397788560454,0.618522609705086,0.0,17.287707413152454
9966,0.5064797011786387,0.6802710327428096,0.0,44.037348314838326
20826,0.5213529733339068,0.6513279746192151,0.2,10.841679610208478
10919,0.49692963883441454,0.6993068346694775,0.0,4.039895549206202
15041,0.47607832957381413,0.7421728803607068,0.0,10.495067079141265
1188,0.5064936154871276,0.6802435605315267,0.8,64.89387437797052
17454,0.4768071382495702,0.7406431921820524,0.8,27.99631351208045
2812,0.48792466056324624,0.717594269139149,0.0,54.50128802600424
18454,0.5311151623937157,0.632776402923989,0.2,7.640774793748994
20289,0.5311448546430788,0.632720499004243,0.2,28.992835210440155
8864,0.42712924598021057,0.8506686277586064,0.0,75.12254444053482
17188,0.4786673390787014,0.7367494132825457,0.0,10.362749239292762
3167,0.5251860592283728,0.6440026806446052,0.0,21.22568411552472
12685,0.44448394981418615,0.8108413330846325,0.0,7.724479755485214
6877,0.4508219027782928,0.7966829115320865,0.0,50.35872119209434
14091,0.4698532541061812,0.7553348583364993,0.0,9.079880262910086
18704,0.4180706238823205,0.8721049040726799,0.0,80.94441880066816
7414,0.47069583301570606,0.7535431833533253,0.8,55.01995507261679
10051,0.4895411312728674,0.7142867934264993,0.2,21.650032327286887
1382,0.45350492357773226,0.7907491526441338,0.0,28.676511505067268
14082,0.40815690106012126,0.8961036170809014,0.8,27.16986139642381
10592,0.4835499946674258,0.7266005678471334,0.8,16.504732009518083
5431,0.36976996909339405,0.9948741718356419,0.0,60.69329044800094
20108,0.5004965736360005,0.6921545261324118,0.0,15.755167929161018
5971,0.3949030870603526,0.9291148933983548,0.0,65.79991646692812
2274,0.45350492357773226,0.7907491526441338,0.0,28.676511505067268
12230,0.5046308538181435,0.6839280995431106,0.0,8.68349283277492
20018,0.4333284627415292,0.8362592640910262,0.8,5.7292122773040255
17156,0.5356233280428631,0.6243241111418715,0.0,3.98662158311713
13030,0.5193401607831293,0.655196194740251,0.0,8.409443496906764
3944,0.4795376332080896,0.7349329034670707,0.0,52.610171221839096
61,0.4622751233278266,0.7715950601045755,0.8,61.82559653329966
9416,0.4985309554525625,0.69608959431148,0.0,62.09118968828716
14781,0.4333671466917006,0.8361699964178638,0.0,30.750151299293403
4077,0.4402959986498515,0.8203080540431186,0.0,57.50359333673185
7780,0.4065430007071276,0.9000655727915154,0.0,45.0122812180512
20288,0.5281554502504351,0.6383646252538855,0.0,30.269335318775436
17482,0.5093018926067444,0.6747143290043449,0.0,24.343691652084697
15081,0.5139554675664969,0.6656186562560318,0.0,10.532083967469587
17362,0.5412889994286394,0.6138019478896088,0.0,4.7299577191200495
16921,0.5069185614919531,0.679404916514048,0.0,4.995664300589175
13150,0.4879708568302409,0.7174995945224389,0.8,4.465825059917478
16549,0.5535298160299261,0.5914396601182015,0.0,3.456964971322315
15574,0.4584856242853014,0.7798263415714843,0.0,14.624500801674696
16735,0.5281970603153843,0.638285844610957,0.0,9.733859282496299
3203,0.4042290877043299,0.9057735129592974,0.0,55.252184290517135
1784,0.45237250276073054,0.7932493173992247,0.0,59.70787497075736
14348,0.4148653169478579,0.879801348900163,0.0,21.977440648960773
10994,0.47133593144114583,0.7521842089575509,0.0,5.81739246835349
8258,0.46519086440543034,0.7653074965239416,0.0,29.7436742175298
5838,0.4500072050682935,0.7984916850830761,0.0,44.180543351724495
19359,0.4771658734555997,0.7398911054489117,0.0,15.876213028250149
9453,0.5102151664231153,0.6729227472891302,0.0,21.511992095577973
15509,0.5253687923096462,0.6436548014589564,0.0,10.608074134633133
181,0.40490700632998694,0.9040978522409606,0.0,32.683138738054566
11495,0.4220752848798134,0.8625715806684153,0.0,6.083286492196304
7081,0.4476819229936827,0.8036722920494439,0.0,66.74498630731952
5352,0.46403693456903017,0.7677911295595335,0.0,24.569316145905077
8712,0.4025523310236499,0.9099301756091422,0.2,32.24337355120073
9030,0.3948835254987695,0.9291644297193713,0.0,65.21340323138622
16867,0.4578351335417015,0.7812461301058269,0.0,9.307766048375594
5295,0.49377550622958616,0.70567430591454,0.0,47.36838778451349
2001,0.49271038287440994,0.7078337362334981,0.2,20.527885795682995
8839,0.5373031396704794,0.621192837842734,0.0,19.009121334144695
14841,0.5337656627670697,0.627798370107192,0.0,10.104414335800325
19575,0.5367185227348573,0.6222814881257301,0.2,18.924824728449032
4308,0.49858955079702794,0.6959720651980666,0.8,35.195307124672404
12223,0.5377591963471972,0.6203444094515691,0.0,7.725148825594428
17083,0.4686464454886194,0.75790664239406,0.0,6.445237867189073
4830,0.44999014822011074,0.7985295893016218,0.0,65.8866750729714
3252,0.5387397788560454,0.618522609705086,0.0,17.287707413152454
2057,0.5120362993146192,0.6693597593568441,0.0,54.23822048359553
949,0.41854893883434213,0.8709614572171375,0.0,36.92876711498834
18024,0.4953446812200409,0.702501433038649,0.0,7.8680159160413545
15628,0.6595146841988069,0.41625104141865304,0.2,2.5308062008259946
9619,0.48940508180301906,0.7145647442861216,0.0,22.9039433887911
17091,0.501337584153801,0.6904755841462201,0.2,6.839160476591438
792,0.4492776152357481,0.8001142855676983,0.0,48.72696121195034
9037,0.45387388366050974,0.7899359088254133,0.0,39.12947210976584
16421,0.4116348071107713,0.8876187132168102,0.2,78.50987924722287
8507,0.4954673144842078,0.7022538921018724,0.0,20.365362870954296
11385,0.5175478935011475,0.6586532102965946,0.2,9.188212158009366
20844,0.5148443239821365,0.6638907075451083,0.0,29.237747368096667
1881,0.530931574985947,0.6331221267102137,0.0,51.32404795505643
10868,0.5046985100891808,0.6837940377124379,0.0,6.0228582702243045
11278,0.4109094364175055,0.8893824381155222,0.0,7.151968957531366
10246,0.5262659366570788,0.641948611010201,0.0,4.611437727198638
10798,0.5318053383273791,0.6314777619998713,0.2,5.762550294245309
5221,0.47204159821097813,0.7506881654770411,0.0,55.123032220070975
388,0.45224238422498625,0.793536994594269,0.0,50.953009696393195
18912,0.5086681347921329,0.6759594695869435,0.2,15.499750843915074
15026,0.5305216520751532,0.6338945072932146,0.0,7.676462567954877
795,0.44951400129643726,0.7995882769539295,0.0,53.260572565743985
8272,0.4319294194865512,0.839493084904295,0.0,56.25443661519948
15648,0.5460489330093037,0.605046686356784,0.0,3.9164672307923722
1279,0.5009949362099588,0.6911592853137036,0.0,33.74584999619083
76,0.5221382425728878,0.649822893646328,0.0,19.192519064689193
7790,0.4698408019002919,0.7553613610174738,0.0,32.48053852375138
19842,0.4770852326446418,0.7400601192664159,0.0,11.104600762733075
20604,0.5281768829922563,0.6383240457105928,0.0,17.698810357635164
6696,0.4773420383315573,0.7395219835678201,0.8,54.24763194503865
10902,0.5388809895554877,0.6182605310510922,0.0,5.16092983601472
17117,0.5025532164962986,0.6880537411810623,0.2,7.487916547371065
6055,0.42748924462828525,0.8498261496860542,0.0,87.99949715162501
4823,0.4729471171073902,0.748771699896266,0.0,42.87092162099781
9423,0.4971320316650706,0.6988996308923697,0.8,17.83941414496394
13643,0.4959268458145194,0.7013268514118537,0.0,4.329115486586521
10824,0.4640185922285136,0.7678306581006377,0.0,23.29713376337938
17195,0.5157402115040562,0.6621521063595855,0.0,7.969000814739948
9305,0.48372616306673116,0.7262363111664645,0.0,46.577161827325995
993,0.43017851738381907,0.8435549997416745,0.0,53.79349950176848
8064,0.5014363769479854,0.6902785451357627,0.0,30.244553507170117
12914,0.48793496884481324,0.717573142572875,0.0,11.238989277114547
4466,0.45327600767245185,0.7912540505797968,0.0,43.77613246120352
13320,0.5176226512329699,0.6585087747109172,0.0,7.487574080626751
1878,0.5383179155415247,0.6193059722645632,0.0,50.420796298910965
20825,0.5362659552449338,0.6231250558120272,0.0,8.84712981102394
4547,0.4813165522244903,0.7312301126047669,0.0,49.79677094732677
9754,0.4529284095249594,0.7920212023569089,0.0,34.056911701347076
841,0.4633718000290307,0.7692255233262253,0.0,27.969040497639554
12575,0.43432003079501635,0.8339736184809645,0.0,6.487522570058103
187,0.5356646600903785,0.6242469478617941,0.0,17.786355161800657
14693,0.5285908057182295,0.6375406706101557,0.2,8.005916898226292
4482,0.4572917024996066,0.782433793027665,0.0,46.95776659574368
3823,0.44691940326265284,0.8053770065257367,0.0,54.08106721711101
3851,0.46975159309327,0.755551249330247,0.0,55.19301818713468
11200,0.5173265587390146,0.6590809622138029,0.0,23.5529160488024
6715,0.45536554705767196,0.786654782457569,0.0,50.28690486800521
4994,0.5033763932195837,0.6864170920575401,0.8,48.84887298470846
16355,0.4773326930039176,0.7395415616027953,0.0,52.03414754688019
3912,0.465367466555915,0.7649279348205448,0.0,55.870337059605035
8412,0.4528480024360512,0.7921987452649767,0.2,51.136431424452965
16367,0.445345875220051,0.8089040510309471,0.2,8.677113175292844
10511,0.4687263380864219,0.757736181720578,0.0,60.73255323058384
15761,0.5144630812530306,0.6646314828365337,0.0,5.950113578277179
13224,0.47597223854085147,0.7423957488447032,0.0,9.017075685164917
7404,0.4476029432316452,0.8038487269814346,0.8,46.6071457559713
8638,0.3950305679343919,0.9287921298995725,0.0,65.24300217273844
47,0.42522042906694646,0.855147587885471,0.8,70.00238206624533
17334,0.488787142576688,0.7158281755282215,0.8,21.34957451592887
8647,0.42368158414881135,0.8587730866586084,0.8,63.95111620907654
20828,0.5674050383029433,0.5666818770152565,0.2,12.31456464979939
7076,0.4488182843193193,0.8011371851415792,0.8,66.5344456708848
9609,0.4500420020516448,0.7984143626809377,0.0,54.311737728909584
3952,0.4738659936304628,0.7468307111179407,0.0,55.407366583291044
18997,0.429270617360973,0.8456677492316894,0.8,57.58997243229146
18146,0.5110516665098392,0.6712845852597432,0.0,12.16837557969496
9971,0.5156637828237917,0.6623003095482968,0.0,36.2129237605009
8581,0.5024414829628427,0.6882760976451836,0.0,60.20695584241635
14078,0.514622719421894,0.6643212304357347,0.0,4.664199298068867
2378,0.4904824588352735,0.7123657624199116,0.0,52.99288863162366
11764,0.36091785272653115,1.019104901317924,0.0,8.277373841924689
17299,0.6619169153304741,0.41261523646469894,0.0,1.702553483704773
14288,0.47510785643879566,0.7442134345361825,0.0,19.71421513000101
14862,0.4471468912891949,0.8048681224914375,0.2,25.244690012888356
10900,0.5403011303070937,0.6156286461352423,0.0,7.336754548836241
16518,0.5452466008210297,0.6065171080857555,0.0,4.707786422282364
523,0.4160137689229143,0.8770369208962226,0.0,69.29469233919389
15985,0.5337406624678616,0.6278452087977398,0.0,7.283004362177795
18514,0.4335270820192401,0.8358010117734698,0.0,11.097348659166828
2606,0.41672959463987747,0.8753177216216438,0.0,68.78246816778338
6004,0.45849628141877974,0.7798030976374164,0.0,47.39643429720684
18649,0.42750064987782127,0.8497994704244396,0.0,28.26008148621657
9340,0.5062613052397748,0.6807023294729021,0.0,39.50455958709294
19588,0.5067648964454149,0.6797080980378503,0.2,18.14429699631731
17477,0.5276449286865046,0.6393317050426482,0.2,26.67131901496824
18473,0.478721573641597,0.7366361164556595,0.0,28.546491496354072
15602,0.48383414386799656,0.7260131089516986,0.0,9.548887526268025
7349,0.4841128380193377,0.7254372630339833,0.0,45.107689236838965
20666,0.48614686795780265,0.7212445032900554,0.0,21.493085647777765
5973,0.3949030870603526,0.9291148933983548,0.0,65.79991646692812
14021,0.5197686674726414,0.6543714366357096,0.0,10.252037177952673
5462,0.5180050843872626,0.6577702213513991,0.0,51.12519196005405
19793,0.5679436934292358,0.5657329964613732,0.0,19.871655290870812
20887,0.5093018926067444,0.6747143290043449,0.0,24.343691652084697
5945,0.4926111897565779,0.7080350778480986,0.8,34.59813256652123
15642,0.49470980873915654,0.7037839332936213,0.2,5.9504933539958635
7605,0.4613271806258057,0.7736477683553414,0.0,51.9117640761506
9804,0.5626396758804465,0.5751158630517025,0.0,40.25811041361918
16552,0.49746262733299634,0.6982348461439094,0.0,5.570167959061012
12999,0.5157162790754098,0.6621985114748168,0.8,9.910131111119878
12725,0.45514550638084,0.7871381169108623,0.0,13.367966483357108
16420,0.38993316482461265,0.9417799267889289,0.0,2.600094401619626
17064,0.543868411513213,0.6090479519871559,0.0,8.030297212100647
17070,0.45712811749924026,0.7827915827398602,0.0,65.21436783305839
20153,0.498221462819015,0.6967105963533518,0.8,11.75281135286705
8019,0.4353029514296636,0.8317130502271061,0.0,57.6252385580757
6181,0.49739875112222837,0.6983632584277493,0.0,44.77031997889342
1594,0.47466724581344427,0.7451412555664767,0.0,52.23440229945885
8480,0.48526635978406685,0.7230573433662064,0.0,42.75076542652696
9132,0.5253640577704106,0.643663813339065,0.0,23.888938667595372
17436,0.5080459311604,0.6771834198208267,0.0,48.774135554270075
1125,0.49933906779686227,0.6944699193996483,0.0,52.550537529359
239,0.45187177425877073,0.7943568246643896,0.0,66.08651578553543
5320,0.40700683000318033,0.8989253123457517,0.0,56.63229467778234
462,0.45772221976495425,0.7814927859311817,0.0,23.62452656096061
11773,0.6115671433016205,0.4917305288987529,0.0,3.457283556468823
16296,0.4677362819872777,0.7598506419174834,0.0,9.980638355502155
14392,0.515593882223143,0.6624358733421477,0.0,8.250639067810642
5062,0.41613765737993813,0.8767391662952613,0.0,70.18735422532671
21170,0.47756515433153535,0.7390546795077972,0.2,10.56293902096154
14482,0.48496582786800974,0.7236768485310393,0.0,10.008089120311627
3404,0.4134671499722594,0.8831772115139795,0.0,64.60441436986909
14625,0.4301890776234978,0.8435304515375335,0.8,13.109728790911428
10788,0.4786673390787014,0.7367494132825457,0.0,10.362749239292762
20751,0.5460293701842569,0.6050825131376872,0.0,14.106894655348544
1730,0.5249417711085506,0.6444679347159128,0.0,18.261320397106324
20821,0.5082890657259203,0.6767049662186123,0.0,15.13176623239759
2772,0.45393951698900026,0.7897913123068823,0.0,47.07156402117904
5273,0.4561208202806089,0.7849975478068719,0.8,35.52506186993983
3917,0.4562079378467552,0.7848065693560997,0.0,76.5794625423369
2241,0.4495803605082512,0.7994406635003178,0.0,54.68573761085952
11835,0.4541723251307359,0.7892785821870051,0.0,5.094793564157297
3583,0.49173750780893494,0.7098102255761932,0.0,23.189500800656234
3915,0.4763000162429582,0.7417073370729542,0.0,56.23625007052027
18309,0.4753051254437876,0.743798311823035,0.0,16.90653599659509
19100,0.5609209312771103,0.5781753258578074,0.2,17.548198666674544
20428,0.5522158519498096,0.5938162729987889,0.2,12.707667732497487
6077,0.4997556246406214,0.6936360507562664,0.0,20.994627790339294
14923,0.3504673334214622,1.0484877767896434,0.0,7.407408716265236
8411,0.45280939115657765,0.7922840121214505,0.0,51.038934610148495
4934,0.4908427476298687,0.711631472077811,0.0,20.729824184401735
17228,0.44808765490390506,0.8027664074380891,0.0,12.660830100927985
21122,0.5826057865186295,0.54024450227367,0.0,12.248963394994433
18989,0.5839859049063658,0.5378784318794794,0.0,15.931959603675725
20039,0.5151628023239375,0.6632723072567676,0.0,4.0515988914081476
3616,0.41835614156876144,0.871422195892301,0.0,10.827416794907592
12204,0.4340142606084537,0.8346778868767382,0.0,15.696118713451401
4530,0.4173417982618005,0.8738497328209864,0.0,49.507952212789704
3485,0.4878968934112875,0.7176511794458605,0.0,63.39730530175221
14030,0.4310992266540285,0.8414169911206397,0.2,7.7498713989309715
1639,0.5313254048030333,0.6323806303630511,0.2,14.269668658784775
11250,0.3611105200053371,1.0185712179042101,0.0,6.396627219296883
6647,0.49086544756485295,0.7115852262888903,0.0,45.68376935616098
8872,0.4425369781851232,0.8152312515055875,0.0,63.257869955731394
1073,0.46347636255750524,0.7689998929950904,0.0,51.15387030055183
2083,0.45653193071907056,0.7840966345826087,0.0,63.54319198443652
1495,0.41163309097813006,0.8876228822914096,0.0,72.49216594347854
6333,0.41630936261963153,0.8763266349557207,0.0,70.15432902881389
16498,0.5793638347186381,0.5458246140992521,0.8,4.295639780631173
5625,0.4635093223400388,0.7689287812549969,0.0,24.34812909579954
10381,0.4985480817602105,0.6960552413524658,0.2,19.719244934410554
3159,0.43854042392948084,0.8243032845785238,0.8,84.90323831158794
9876,0.5187014020655675,0.6564268945909044,0.0,10.832684552538712
18264,0.45989534737615606,0.7767563210863534,0.2,21.009315587132473
4968,0.5133714271571025,0.6667556662483025,0.0,48.039745244496
6074,0.43339898628948664,0.8360965288547259,0.0,63.62694457006257
20266,0.4470526850541727,0.8050788276580758,0.0,11.46432251352883
14712,0.5146814490535148,0.6642071152237627,0.0,10.431372693914213
11156,0.6242778815501014,0.4711596867426099,0.0,1.719780025330882
12564,0.5430543544881267,0.610545863711449,0.0,8.017688263626367
20138,0.5135034506997732,0.6664985296754931,0.0,22.738264590986194
6222,0.4904469744015502,0.7124381110161234,0.0,18.218110351399027
674,0.46341423308867485,0.7691339529784698,0.0,48.30161166024527
14752,0.5334024153507201,0.6284791390279024,0.0,2.5129107477055608
12397,0.5680864787699342,0.565481620494529,0.0,4.445448970926067
7475,0.48315773047544347,0.7274121145086715,0.0,51.136704813863645
273,0.4954673144842078,0.7022538921018724,0.0,20.365362870954296
3636,0.4951085883955112,0.7029781699756534,0.0,46.16071356068965
3765,0.4457215407379556,0.8080608700697008,0.8,49.497763294206464
19463,0.5322575772742594,0.6306277390031491,0.0,23.10556969084592
860,0.46187824294481705,0.7724539660435521,0.0,18.631589572570135
5745,0.5486745522971795,0.6002498141644238,0.0,20.903699091344663
4436,0.474243193733124,0.7460350219133857,0.0,29.390050029785556
6699,0.48627817122874983,0.7209744500387425,0.0,47.76455731506668
17645,0.46002706106238,0.7764699628328403,0.0,49.40289842324162
20386,0.4593757652657312,0.7778867431318386,0.2,5.875767836209507
14848,0.549291580459566,0.5991258665144307,0.0,9.431738565071178
20193,0.5439845879074207,0.6088343635800618,0.0,6.844211728114624
6054,0.43489136929811,0.8326590048315918,0.0,79.1900342733475
13577,0.475267702057476,0.7438770504220108,0.0,29.479847593354265
9391,0.5018218947129293,0.6895100136522777,0.2,20.857677912981398
6246,0.44907237449898696,0.8005712138087564,0.0,41.549650272186
18768,0.5247964582623658,0.6447447901129008,0.0,18.68148176922501
17236,0.40179655369363193,0.9118094038067484,0.0,69.8035726649646
6879,0.41854893883434213,0.8709614572171375,0.0,36.92876711498834
17031,0.5036163321619239,0.6859405465158828,0.0,11.51248362298069
4899,0.4685005744824779,0.7582179510878103,0.0,19.75157704736307
3363,0.4528691859843101,0.7921519678635238,0.0,49.10946342340952
5337,0.43863829441340346,0.8240801362456193,0.0,60.86243808518627
5037,0.5180150430827772,0.6577509964439848,0.0,58.49050685695716
10508,0.45545707749112724,0.7864537983552939,0.8,56.05842578673874
19841,0.47644997344685686,0.7413925489191685,0.0,11.19688023472283
12822,0.5127379723100518,0.6679903395255388,0.0,8.089362782317993
6211,0.49373354081442633,0.7057592983818206,0.0,19.507186576512233
3943,0.47946758268416245,0.7350789934421635,0.2,55.424954423076834
9655,0.514795194228185,0.6639861385248248,0.2,41.8543686735022
15340,0.5010553200532872,0.6910387647249925,0.0,7.128756215871569
3067,0.49576783761541604,0.7016475311596084,0.0,35.68228755250606
17396,0.3735224139926957,0.9847772655198861,0.0,39.03804937608511
539,0.4544889330193116,0.7885817154535583,0.0,40.809100766521134
14544,0.429112210375255,0.8460368316093833,0.0,22.74147053390325
16633,0.5472254531082088,0.6028943985724639,0.0,4.191623369321194
15629,0.5603081025704435,0.5792684633867006,0.0,3.769589624926976
14024,0.4643227026940723,0.7671754885458625,0.2,6.130499829408709
2918,0.4515245122429375,0.7951256169167505,0.0,49.77884191625706
8243,0.47740213582600377,0.7393960912164395,0.0,53.28827606832301
16184,0.4253029148366745,0.8549536231446372,0.0,26.54459834002867
16494,0.5773101457217475,0.5493756426339467,0.2,4.323586375639467
9025,0.47007252789538445,0.7548682815122861,0.2,62.07281556361004
18518,0.5608690706306996,0.5782677863831454,0.0,6.038272312546507
21256,0.5392683734144122,0.6175419221293602,0.0,6.192401571148111
5505,0.4157487355853174,0.8776742021997923,0.0,65.16730951333457
10636,0.46187353011677695,0.7724641697111987,0.0,18.925372157924368
14192,0.5264973639759852,0.6415089541139258,0.0,21.528399000897885
11384,0.5110763936466485,0.6712362016221581,0.0,9.793000850349522
11331,0.47688769479479437,0.7404742564960771,0.0,8.405122984658007
20538,0.5118665992906398,0.6696912361516933,0.0,20.32680321974758
9042,0.4873006016464705,0.7188740944803083,0.0,17.716652387541643
6516,0.513512380174301,0.6664811405092123,0.0,47.986642116663276
14514,0.49144914901152004,0.7103968055580973,0.0,9.309039466328482
14766,0.5196449531759635,0.6546094829626087,0.0,19.395426053769473
874,0.4574160277703674,0.7821619569702838,0.0,24.25093081944721
36,0.4007653036403973,0.9143793007221669,0.8,68.90304829926905
17636,0.3960237197109775,0.9262811712614415,0.0,26.493957165670558
17472,0.4321599399015559,0.8389595280031045,0.2,72.19246994496844
5490,0.5049448578417829,0.6833060480612096,0.0,59.87469506796921
4811,0.44180171914279104,0.816894096779628,0.0,65.67828662756355
507,0.4329561657156786,0.8371187900171281,0.0,56.35065020039526
15869,0.5520660676692467,0.5940875520604495,0.0,6.1874221153299604
11420,0.45864069819640113,0.7794881680641359,0.0,8.549036460942073
21208,0.5985260055304543,0.5132853037493804,0.0,16.827287631559717
9883,0.429186351741918,0.8458640680277584,0.0,61.74807696602635
15157,0.5920875238292053,0.5241008107199338,0.2,3.8466379992436073
2035,0.4338848892890649,0.8349760121148198,0.0,69.73302114214027
16646,0.6077937334374286,0.4979197087904554,0.8,4.567915539503131
1434,0.4178745118758644,0.872574102352962,0.0,15.42711039588886
17717,0.4950763370546152,0.7030433120316038,0.8,7.346802811872565
2785,0.5063279884919412,0.6805706210839717,0.0,51.617879586888506
17532,0.5334024153507201,0.6284791390279024,0.0,2.5129107477055608
20584,0.476937424585967,0.740369982053714,0.8,5.555736660239109
6113,0.4610379644583887,0.7742748869719478,0.0,43.32068347042963
19354,0.5129957500247185,0.6674877183978902,0.0,26.060388939998
3302,0.462222542581653,0.7717088099779806,0.0,44.96361334235336
15825,0.5174817369594453,0.658781045364974,0.0,7.658329966499105
8729,0.3948835254987695,0.9291644297193713,0.0,65.21340323138622
1759,0.5365200939587543,0.622651263821978,0.2,20.709691144235148
6529,0.4510146265395835,0.7962555086537172,0.0,50.96035255383789
8116,0.43976661361271613,0.8215111164016597,0.0,42.92395583198672
4729,0.5175406444462913,0.6586672169338832,0.0,38.861365799099104
17010,0.5612534938813359,0.5775826147667225,0.0,14.592769276713286
20156,0.4565888137030217,0.7839720443038921,0.0,22.605832432100883
7601,0.463670957644572,0.7685801213241076,0.0,42.21810923078576
4865,0.517993519541843,0.6577925473378939,0.0,41.18110337961503
6817,0.5111257232925704,0.6711396851991479,0.0,56.86835086396379
7473,0.4647136131554254,0.7663339488175354,0.0,43.723186606983056
13602,0.5234193352248542,0.647372347984819,0.0,8.027417176749994
18489,0.4194569803164253,0.8687943082347276,0.0,32.06545949315213
2643,0.49901713895486394,0.6951148372175157,0.0,20.352961585200003
11860,0.4527556399034698,0.792402725303447,0.0,11.303386727006373
4989,0.42748481782883235,0.8498365050866384,0.0,63.764930678604316
14583,0.6675565728956139,0.40413113889743035,0.2,2.344627489276773
9191,0.539645288032376,0.6168432292741941,0.0,37.93585860036294
5397,0.4845634787864177,0.7245068370665648,0.2,46.38292804065439
11445,0.487069501433431,0.7193484526664686,0.2,28.467495237743766
1766,0.4184297212378571,0.8712463332909933,0.0,12.22794547833847
3847,0.4400830986600215,0.8207917093107886,0.0,58.47319961790033
3918,0.4561369465913257,0.7849621930830118,0.0,76.59464791645469
8119,0.45395722158003937,0.7897523109749263,0.0,33.7026762556558
960,0.4154156486438113,0.8784756969838743,0.0,13.840382193175373
9463,0.4806835363456826,0.7325461540016279,0.8,47.68509278895736
7997,0.435274908090296,0.8317774748826854,0.0,57.76279283534827
11370,0.5901765576727291,0.5273335365560489,0.0,5.907717394794311
210,0.4530989383600972,0.7916447703705024,0.0,47.06724127192309
16747,0.5093146434914226,0.6746892933128418,0.0,17.933578845835257
14388,0.4950763370546152,0.7030433120316038,0.8,7.346802811872565
3333,0.4674056159681053,0.760557841613437,0.0,16.18276959098182
1080,0.4992540412271035,0.6946402121228724,0.8,40.315180251144355
12156,0.4498653623076512,0.7988069358573733,0.0,4.866731424307411
2797,0.46347636255750524,0.7689998929950904,0.0,51.15387030055183
4633,0.4637283474866739,0.7684563562061965,0.0,64.24198869776434
9739,0.5011626296719359,0.690824620448115,0.2,52.69610120449044
17133,0.5090778472156278,0.6751543326414369,0.0,9.820457211509531
1632,0.5259016923180911,0.6426409804454651,0.2,17.04830099479352
12787,0.5179192401394289,0.6579359559441637,0.2,7.386153952088669
12483,0.4908021423716042,0.7117142010945893,0.0,7.4053865813986715
8865,0.42663193107955866,0.8518336255829669,0.0,75.22542539555988
17609,0.5342547475922831,0.6268824983604401,0.0,17.427333573988584
20971,0.5259007401005202,0.6426427910850712,0.2,23.811523095334184
20843,0.4765578841326219,0.7411660855477115,0.0,22.769734191195738
5249,0.4489854900200411,0.8007647079757797,0.0,62.20540662669447
14207,0.5172514971750456,0.6592260678704936,0.0,4.904971728993264
1046,0.5168294443262833,0.660042353821156,0.2,50.44373890507125
7505,0.5103567490539423,0.6726452898565117,0.0,37.214098608560995
20144,0.515825230997205,0.6619872704900645,0.0,4.31681908808903
152,0.4604411707715705,0.7755701822150907,0.0,50.78433813498173
8539,0.4940461162330031,0.7051264134529197,0.0,21.753147434163154
172,0.4518648883370122,0.7943720634436572,0.0,61.28580287650479
6200,0.49902636379974535,0.6950963513602235,0.8,20.85984166341523
13924,0.44418719819659236,0.8115091878457285,0.0,9.904469575743878
802,0.44855884244994276,0.8017154077614026,0.0,62.577896397480394
9713,0.507728628611518,0.6778081697836016,0.2,13.217258664371988
4574,0.4631101284885525,0.7697903946731598,0.8,56.81053347609304
7443,0.4853285313154015,0.7229292332102808,0.0,68.24452071815298
11059,0.5198014864445152,0.6543082971318271,0.2,3.996253260340403
3629,0.3949109327426541,0.9290950262344275,0.0,66.72760450061928
16582,0.5110312607136164,0.6713245150847742,0.0,10.566647713780359
1113,0.4697901989289174,0.7554690691952133,0.0,32.51161127754058
3767,0.44869777997738164,0.8014057136893243,0.8,43.279913366665426
12618,0.5260247954147428,0.6424069277837076,0.0,6.403191187466442
12817,0.48707867334289934,0.719329622041506,0.0,5.836280801996979
14241,0.4800922227852329,0.7337770627323907,0.0,9.278794462698217
19421,0.4958336899298779,0.7015147110444121,0.0,27.892225071689797
6404,0.4928872368253659,0.7074748596507645,0.0,19.154881015403724
19673,0.5294010532596928,0.6360089996563726,0.8,5.4649068564419325
2549,0.4181502899913527,0.8719143656444932,0.0,10.680950979145038
917,0.4583711899627063,0.7800759646781918,0.0,28.35576012575082
5127,0.4267122384047743,0.8516454076790437,0.0,64.079929847192
14554,0.5206025247934746,0.6527684366572613,0.0,8.359678956659963
12058,0.451796546991949,0.7945233177575444,0.0,5.048003811477446
7284,0.5003166575791689,0.6925140658610209,0.0,34.63782355723474
16233,0.40047776771727994,0.9150970253321864,0.0,13.243741559487344
12584,0.585590340342278,0.5351348117882327,0.2,5.299172300215904
18872,0.4766385244299094,0.7409968857967357,0.0,29.419428406076293
3721,0.452022979759655,0.794022260265996,0.0,60.38539228743808
18732,0.4956954510588236,0.7017935508005733,0.0,23.488678959389755
18405,0.5186625781055093,0.6565017457729744,0.0,9.52616855198648
5409,0.4681094443856816,0.7590531548794707,0.0,55.5968446228326
4215,0.41914730546313034,0.8695328564931191,0.0,69.37133022957957
17176,0.4730944495864372,0.7484602284230769,0.0,12.406103238579455
9125,0.510496105845994,0.6723722695240546,0.0,24.954424305955
14504,0.43169853915942236,0.84002776035179,0.0,13.500253652525483
10884,0.5143127580880368,0.664923719804618,0.0,8.610762044645668
10932,0.5206039005715549,0.6527657939957355,0.0,3.994273866068763
962,0.452445340418488,0.7930883177936934,0.0,37.195837263897275
9281,0.5228359658154474,0.6484875050010501,0.0,21.217215692684732
19495,0.5630771858562738,0.5743385628037863,0.0,23.083241168883262
2296,0.43414816912909887,0.8343693996233849,0.0,61.785056588404984
16548,0.5547767664355576,0.5891894687875604,0.0,3.445874756544291
11006,0.5967214302899653,0.5163048904183316,0.0,3.815416135833358
10009,0.5508828237437333,0.5962331535269505,0.0,43.85294798701741
16586,0.5068169249257831,0.6796054354223279,0.2,14.296518430462369
18071,0.49115484261997394,0.7109958391522071,0.2,26.33777432966351
3701,0.4217310553414112,0.8633874777317337,0.0,73.47427962466949
854,0.46439369034717276,0.7670226159277616,0.0,57.580390469579406
18753,0.45487862311935173,0.7877246579936492,0.0,32.52121238507057
9535,0.4712660801063924,0.7523324185603855,0.0,47.976238675986224
8892,0.4976294571268851,0.6978995409032043,0.0,44.592291485483294
12978,0.54171305389201,0.6130188385986493,0.0,8.46640324653266
19778,0.49582828208071617,0.7015256176825901,0.0,18.787908233626403
12329,0.5200769186619536,0.6537785578420661,0.0,9.564453666335167
19129,0.49176024551370556,0.709763987128372,0.0,9.196766849678205
7465,0.41421850647165226,0.8813616509809873,0.0,50.361004199113154
8274,0.4496843402882377,0.7992094083863167,0.2,62.41425667478488
15319,0.49529650500928946,0.702598695723583,0.2,5.238825197022843
13309,0.492867931133444,0.707514028995348,0.0,6.64674055754208
6177,0.5146058406961118,0.664354029225892,0.0,34.60288153830581
16024,0.5195639164885218,0.6547654413843879,0.0,3.1677550880242675
20597,0.4898037468432216,0.713750484752166,0.0,27.6953030212314
21118,0.4284381980283344,0.8476087799849125,0.0,6.3828756268017575
3627,0.39496359789048935,0.9289616755670219,0.0,65.1991729316986
9245,0.4698408019002919,0.7553613610174738,0.2,32.48053852375138
304,0.4163684525591617,0.876184707457348,0.0,16.844649663915746
11846,0.44561912599460657,0.8082906693992324,0.8,13.553820813299968
13364,0.564924158644753,0.5710637893328456,0.0,7.589437738449165
12214,0.4288573777840887,0.8466308680465179,0.0,14.223398744663523
7468,0.42215415978556775,0.8623847241059435,0.0,53.467852894568495
4369,0.42754424108176187,0.8496975080492725,0.0,63.13847205641883
4814,0.4762610468259221,0.7417891573752293,0.0,37.60870801516327
3736,0.4686507582231083,0.7578974399031706,0.0,53.35597803449363
2855,0.4425866319659088,0.8151190552422222,0.0,66.08577802564965
879,0.49049630916562886,0.7123375246418717,0.0,22.11807959665972
9759,0.46774509379856444,0.7598318028224141,0.0,15.950769352631792
18816,0.5902521577472616,0.5272054473734523,0.0,1.960545194572239
17308,0.5984731283768415,0.5133736532763756,0.2,2.261539262105782
16912,0.4703425905913767,0.7542939336565206,0.0,5.359258053341218
6622,0.49361925884514957,0.7059907900428084,0.0,52.84693891890692
12521,0.4647241139577977,0.7663113527854045,0.0,5.800517391726051
8027,0.4937697862126182,0.7056858902277088,0.0,19.074688751421995
19863,0.5260495887894131,0.6423597954230168,0.0,23.80103739809092
10889,0.5244487512038624,0.645407565731211,0.0,8.116645376755333
9613,0.4884550473900018,0.7165078334531038,0.0,15.43357870524725
8451,0.4928403215283677,0.707570048826792,0.0,19.157458262235732
3313,0.4609013892099464,0.7745711651357943,0.0,22.849848632817306
1598,0.44731751343322734,0.8044866156473391,0.0,55.63025069956266
9089,0.5249835007825648,0.6443884439651832,0.0,18.326407690510365
12038,0.5270335140027742,0.6404911385296252,0.2,7.38262094700526
14327,0.4594468186845557,0.7777320812412685,0.0,26.28734375259239
14438,0.5495133588220894,0.5987221945657408,0.0,3.7198609588648317
8085,0.46475667807950266,0.7662412832971542,0.0,51.460761546339214
20030,0.5394255563126641,0.6172504902504321,0.0,6.901477580794162
6834,0.4728530275619553,0.7489706627453956,0.0,47.191894500320444
15311,0.5234184919161743,0.647373959139208,0.2,6.742400068431454
16805,0.45552845072792914,0.7862971037981642,0.2,2.2865520655800102
9795,0.50550220836765,0.6822028718513315,0.0,23.781592529121006
14540,0.4630970879517971,0.7698185536780234,0.2,5.71975199698817
12583,0.46821082900469857,0.758836595178064,0.0,8.548294143365274
2456,0.49549438208317054,0.7021992631508982,0.0,21.08704301524464
10716,0.4674056159681053,0.760557841613437,0.0,16.18276959098182
20360,0.527194562167136,0.6401856104010258,0.0,4.211140683911719
2778,0.4832239803735419,0.7272750053364707,0.0,46.92741944190239
12600,0.4578515881614701,0.7812101906968995,0.0,13.50321951703288
6046,0.47552492280988823,0.7433359844693309,0.0,49.13450743918207
1662,0.45719337582834746,0.7826488357308611,0.2,46.96284123842109
17143,0.5054608609655442,0.6822846698979331,0.0,9.76451742803443
12256,0.44448394981418615,0.8108413330846325,0.0,7.724479755485214
18801,0.5093018926067444,0.6747143290043449,0.0,24.343691652084697
17516,0.5015989759382435,0.6899543312559338,0.0,24.903211537600868
1124,0.4960868277707765,0.7010043115882526,0.0,47.296761758577546
17598,0.488443883751397,0.7165306887112055,0.0,16.283160857633824
8927,0.47416728840445954,0.7461950904285616,0.0,56.733211814400846
18719,0.5312793216886565,0.6324673664997474,0.0,4.732436891899835
12324,0.5178900389860088,0.6579923392070216,0.0,6.201577608773061
17928,0.5183657975428263,0.6570741130827883,0.0,5.020046449540997
5853,0.4115075108832056,0.8879280065815122,0.0,52.51206176728239
20725,0.5475464306071417,0.602308016125299,0.2,24.63439877857383
19163,0.5690968416947539,0.5637046630374585,0.0,5.2748666961756
14363,0.44881842504519254,0.8011368715940788,0.0,6.843311201469993
10665,0.4510757069745209,0.7961200888786426,0.0,4.447126884048394
14701,0.6278565151434266,0.46544361769023457,0.0,1.8015345187850464
17389,0.5267535585026533,0.6410224707389711,0.0,8.346753838468116
14916,0.5277801397337629,0.6390754840146591,0.0,2.7300665970960964
7700,0.4364915485834985,0.8289862656688486,0.0,40.13536764898525
21032,0.5374334861108907,0.6209502734080184,0.0,23.60852967922134
19228,0.47799402563285714,0.7381570452448213,0.0,16.24868252162076
3592,0.4439829869846812,0.8119690348861197,0.0,68.55454896064442
7511,0.5047862129620602,0.6836202800099241,0.0,51.8491809718501
13640,0.46398804124364285,0.7678965002698201,0.0,4.747904220082426
15540,0.5186264683550166,0.6565713690869976,0.0,11.206031290875709
14564,0.4412409607196884,0.8181641565655665,0.0,27.82330844735683
16153,0.5392369760609458,0.6176001459545654,0.8,7.907134357669899
16238,0.4475636413922455,0.8039365359772126,0.8,10.451174967703764
13913,0.5322649894313407,0.6306138132164851,0.0,10.318733772738128
5098,0.5343273638408237,0.6267465869543339,0.0,48.95862269763927
169,0.4547654482591161,0.7879734912777449,0.2,28.382802510649682
10351,0.44681118982408036,0.8056191677316714,0.0,43.62427608875407
3619,0.45278754555575806,0.7923322578695051,0.8,39.61661289347526
434,0.4647683068479239,0.7662162624131319,0.8,61.304964792489216
6524,0.4449924316181607,0.8096980045601666,0.0,45.11636762498784
6396,0.5047891331540307,0.6836144950192707,0.0,19.55137481832938
20508,0.4782066890591749,0.737712236060815,0.0,4.681153164179907
17795,0.48351105011925605,0.7266811099150841,0.0,4.369533262354189
5122,0.4697293970850229,0.7555985009691482,0.0,35.781366667508465
7835,0.48702597766311984,0.7194378150981278,0.0,53.957836132359574
18208,0.5169402189997258,0.6598280417208956,0.2,15.345620746166514
16419,0.49078965721227397,0.7117396396920515,0.2,1.7683740812285298
10834,0.4685378331810522,0.7581384267091099,0.0,9.529041347382044
14301,0.4505029465218497,0.7973906613960889,0.0,6.269483847091451
10753,0.5516208944642085,0.5948942540410903,0.0,14.692697691739381
7233,0.4195279046636327,0.8686252364227174,0.0,58.82329875733764
11444,0.4833795488508553,0.7269531184946516,0.0,28.145443894303632
2486,0.46508206258154317,0.7655414102953241,0.8,24.497325129450367
13662,0.556454893333934,0.5861691657583744,0.0,2.5565766912359065
8570,0.4171782588356425,0.8742416693043833,0.0,62.071158520611206
5069,0.41854893883434213,0.8709614572171375,0.8,36.92876711498834
93,0.41854893883434213,0.8709614572171375,0.0,36.92876711498834
18639,0.4838905409218316,0.7258965529626135,0.8,36.700241083410035
9625,0.5591981589361068,0.5812513803853618,0.0,22.172995757892068
12492,0.5901589659129475,0.527363344622368,0.2,4.539807354193385
17825,0.46753527852814675,0.7602804710082233,0.0,33.2801389842262
14354,0.4518693347531254,0.7943622233468685,0.0,31.474618285451797
11191,0.4528579657551326,0.7921767440428765,0.0,30.299570580821637
9348,0.5068974246433935,0.6794466141176599,0.0,43.21620417181093
14173,0.5615732359687128,0.5770130841570222,0.0,23.050807557834425
10577,0.4481534421915394,0.8026196003167337,0.0,14.451566319471715
2547,0.488443883751397,0.7165306887112055,0.0,16.283160857633824
17929,0.5172291509921157,0.6592692705789696,0.0,5.03681745356547
13827,0.4797719807772278,0.7344443279949115,0.0,17.303875696188058
18481,0.47495783302716743,0.7445292514623983,0.0,28.143206557324767
4961,0.4677419029582135,0.7598386245962325,0.0,77.05523190580745
204,0.41854893883434213,0.8709614572171375,0.0,36.92876711498834
21250,0.5571309723363944,0.584954927851144,0.8,4.504153251274879
15329,0.47444229039173375,0.745615290263931,0.2,12.650853924522561
9572,0.4698408019002919,0.7553613610174738,0.0,32.48053852375138
8442,0.5481973126625491,0.6011199972368331,0.2,40.44635662926587
14194,0.5264973639759852,0.6415089541139258,0.0,21.528399000897885
18040,0.47728983746474524,0.7396313469112985,0.0,30.106695330329853
1777,0.4602104167129713,0.7760714664502306,0.0,63.33131462489144
3521,0.41829820878570567,0.8715606826715159,0.2,8.71996223631561
20343,0.5668705531752791,0.5676243025972563,0.0,3.669123349077883
17375,0.5872554781570103,0.5322953269944831,0.2,10.524543371839654
1058,0.5164093074751637,0.6608555964014258,0.0,46.37554097327724
12577,0.4449190287625999,0.8098629712090866,0.0,10.752955723803929
19737,0.53573140759174,0.624122348745816,0.0,13.372758598206785
2554,0.4163684525591617,0.876184707457348,0.0,16.844649663915746
16392,0.4832435344290005,0.7272345403334329,0.2,7.140061422692928
580,0.4519243750922121,0.7942404248909705,0.0,40.74453016116266
1287,0.44450934505118683,0.8107842005119702,0.0,63.29791919364153
683,0.5872554781570103,0.5322953269944831,0.2,10.524543371839654
11430,0.4417846725955423,0.8169326816818181,0.0,6.0890077694044145
8068,0.44797969583739045,0.8030073693857545,0.0,57.05367604544187
2466,0.4135637129325173,0.8829436943261021,0.0,53.188519523707384
3997,0.45251965445737513,0.7929240815205226,0.0,75.84318960734412
15566,0.5657948345917924,0.5695237495451868,0.0,6.474631150800745
19053,0.5839859049063658,0.5378784318794794,0.0,15.931959603675725
14381,0.5487327490944743,0.6001437518167876,0.0,5.203846474292732
4812,0.41046197247367616,0.8904719914728755,0.0,54.0204909717156
3841,0.5241754334518796,0.6459288540290998,0.0,49.82501468345694
20002,0.5471402188852189,0.6030501677551849,0.0,9.602970167394695
7044,0.4534864331326682,0.7907899257891695,0.0,44.837789395570745
9606,0.4499778724014844,0.7985568698679215,0.0,58.222781260220046
8289,0.4871984250840646,0.7190837951777489,0.0,41.196311284074106
21103,0.5293127121866519,0.636175883428227,0.0,2.702157180135268
18350,0.4871605810079019,0.7191614751210658,0.0,18.27209537117531
6315,0.5052182477256656,0.68276476935275,0.0,17.922576497780135
20420,0.5595034296822496,0.5807056213432261,0.2,14.012716487430612
8591,0.4100387160426041,0.891503694369751,0.0,34.76864408042029
5492,0.48485020800009176,0.7239152852328252,0.0,60.921089945082755
11989,0.498141888985398,0.6968703248974458,0.2,12.19523002111797
13491,0.4956954510588236,0.7017935508005733,0.0,23.488678959389755
7365,0.45185282896570955,0.7943987518023614,0.0,50.380767384718204
17614,0.3992691554936585,0.9181195143437582,0.0,79.73638788422362
337,0.44826363426733684,0.8023737503006056,0.0,55.87329628583145
15524,0.5443676968452866,0.6081303471341798,0.0,5.011906195590681
4869,0.5573507618815188,0.5845605031760227,0.2,47.34150795062869
3291,0.4636043658379273,0.7687237503090979,0.2,54.32955193283002
8438,0.5454291692896933,0.606182327621438,0.2,44.087642722821
9127,0.5063320185567518,0.6805626617199548,0.0,25.258402520632643
6426,0.4409627645566407,0.8187948412119772,0.0,68.06232429920004
15526,0.5306971032136136,0.6335638475886352,0.2,8.218906916169399
6558,0.4637718635586419,0.7683625210318606,0.0,56.397808750631526
13415,0.4984917370662422,0.6961682653119191,0.0,11.873149645389576
127,0.46235557487324896,0.7714210413405826,0.0,43.93242889289374
17490,0.5102560245946899,0.6728426702189373,0.0,15.403050776653199
4245,0.4647136131554254,0.7663339488175354,0.0,43.723186606983056
13168,0.5294334625119589,0.6359477828150372,0.2,4.082943789613954
15324,0.523610752262809,0.6470067098959525,0.0,6.510569498347768
12856,0.49897314749285965,0.6952029973181303,0.0,3.605670147354307
7986,0.4908172487288938,0.7116834226535198,0.0,21.37896931064897
17059,0.5955459116131714,0.5182767955714589,0.0,8.38571871051173
934,0.46118328305988043,0.7739597378619364,0.0,45.51270262116494
7756,0.5167373458967577,0.6602205685831638,0.0,15.954230644262136
9383,0.4930696682782178,0.7071047999575072,0.0,21.95560349920245
9897,0.4888469816796298,0.7157057593777787,0.0,49.3364608278686
5484,0.39448623251369797,0.9301710378762852,0.0,65.87471261853284
12409,0.4922876877390259,0.7086920022016089,0.0,4.831508144043513
1505,0.44855884244994276,0.8017154077614026,0.0,62.577896397480394
6394,0.5074293734201025,0.6783977434253105,0.0,19.429312251580775
16652,0.4535049467061988,0.7907491016447626,0.2,13.078990865156797
20351,0.5428226384504197,0.6109726450922701,0.0,4.460100280040126
18009,0.46686771290466805,0.7617093314531852,0.0,23.828933655494623
13440,0.533360635748729,0.6285574687037744,0.0,13.348046443757456
20370,0.42806942478403487,0.8484698891152107,0.8,6.130195272522974
2476,0.46432605990608616,0.7671682582298397,0.0,54.211939817145826
16902,0.4019685794828324,0.911381353908273,0.0,5.821448224256896
14876,0.2852169241407846,1.254505250895523,0.0,14.841550149533836
14080,0.5140328307867509,0.6654681424407988,0.0,4.67225176715142
21191,0.5453916728000545,0.6062510767472463,0.0,5.784847663314336
11448,0.464171495879408,0.7675011918539355,0.2,28.816213650668608
20880,0.5378985111718081,0.6200853775598882,0.0,16.51225274790948
15766,0.428076745847875,0.8484527867462662,0.0,4.974393960417432
11322,0.5065402927241246,0.6801514071758459,0.0,5.390846728596671
12,0.5242636815930704,0.6457605120812788,0.0,21.66526530349595
14459,0.5834537229269748,0.5387901398660271,0.2,9.6831359456122
11834,0.5141597723746464,0.6652212206322773,0.0,10.507834086442873
8604,0.4969142358137515,0.6993378315313734,0.2,19.541596914435157
10673,0.5169392724674478,0.6598298727510801,0.8,18.82824531827002
2599,0.42654172188657735,0.852045092950727,0.0,65.54995495305536
20251,0.4916241647714444,0.710040747145526,0.0,27.6986897086624
15187,0.5185183707596689,0.6567798213526068,0.8,8.938773769475569
12699,0.45495782612225716,0.7875505541683485,0.0,12.40785907105034
10888,0.5192697104353645,0.6553318575137815,0.0,8.241453267600724
17495,0.4843934621523661,0.7248577641895629,0.0,10.719559269691498
13828,0.4790953439988921,0.735855653364261,0.0,12.185769928489483
16164,0.4419575780379386,0.8165413788002853,0.0,19.939942090029213
21114,0.42806942478403487,0.8484698891152107,0.0,6.130195272522974
14700,0.5984731283768415,0.5133736532763756,0.0,2.261539262105782
2902,0.4795866151769044,0.7348307645232586,0.0,23.55132684391751
16783,0.40294270902548623,0.9089608883684004,0.2,5.981962490652084
12518,0.36161928341940597,1.0171633238456124,0.0,6.471599987509774
7043,0.45338684330399126,0.7910095591859515,0.0,57.00410279644927
9877,0.5451043699812919,0.60677799810072,0.0,17.30015024242518
10124,0.4732269767847491,0.7481801392367071,0.0,28.909306238877644
12332,0.5636956252359121,0.5732408447267238,0.8,5.661613003950121
8181,0.48851805619926625,0.7163788456455166,0.0,16.61998908233756
18203,0.48464287077609575,0.7243430081979416,0.2,28.07010281203163
13367,0.5838216599613565,0.5381597195693923,0.0,7.814079374497545
15656,0.5178827323829509,0.6580064477127866,0.0,4.273916370721143
3028,0.3948801989609199,0.9291728538536954,0.8,33.45022273873303
8943,0.4893314685447766,0.7147151693588444,0.0,36.32182468870271
7498,0.5154342817094215,0.6627454682117727,0.0,39.27760724088965
17689,0.5023939531403031,0.6883706998474296,0.0,14.698779338516246
17351,0.4686464454886194,0.75790664239406,0.0,6.445237867189073
15131,0.4823304266292147,0.7291258673757989,0.0,12.719600533859253
18247,0.4919741002478542,0.7093292056481098,0.0,20.518765964253383
18710,0.5340644122580013,0.6272388250902207,0.0,4.490716295255284
17973,0.3674555892158225,1.0011528133029035,0.0,80.09721662126577
10814,0.5175328775069254,0.6586822244462991,0.0,41.52003643013881
5301,0.44470069272493223,0.8103538237312999,0.0,42.05736468815627
13021,0.5247549383846807,0.6448239093972719,0.8,9.237424460236042
9032,0.488443883751397,0.7165306887112055,0.0,16.283160857633824
19829,0.47634620196742294,0.7416103740585255,0.0,16.313574514544513
5467,0.4456332416234466,0.80825899345793,0.0,62.090455630777114
14426,0.513617482428748,0.6662764881889155,0.0,3.6625220004481247
670,0.4947827998651624,0.7036364008603246,0.0,20.440636908160457
20284,0.43495679105215873,0.8325085837416726,0.0,10.011748644102992
6196,0.45763532958790787,0.7816826356295182,0.8,23.473928593752
20008,0.44508288674313434,0.8094947518164514,0.0,4.937918005380212
9129,0.5016180390691766,0.6899163272535093,0.2,25.605554461782045
8287,0.4928790222686369,0.7074915259885569,0.0,45.031834009852055
13342,0.43290265538006656,0.837242390618927,0.2,22.43014200398261
17670,0.4915101789740904,0.7102726295908701,0.2,10.29540168463541
17753,0.4218397504311932,0.8631297753796853,0.0,55.77976173391216
10853,0.4622979539701016,0.7715456737600231,0.0,4.581978170468142
19974,0.5262659366570788,0.641948611010201,0.0,4.611437727198638
20976,0.48073078394291857,0.7324478663096788,0.0,28.42630269734271
20213,0.5517160508716125,0.5947217656493218,0.0,10.963695432129557
1012,0.4117058314315447,0.8874461860327388,0.0,75.47729744501672
13405,0.48107143987780765,0.7317394962504361,0.0,22.809052189334288
20835,0.5872317039689028,0.53233581136668,0.0,8.458017144943701
11779,0.5464703857696844,0.6042751617273475,0.8,5.942139747522829
17603,0.5187080741857686,0.6564140315501208,0.0,17.957519517491768
4872,0.5519214095171039,0.5943496169044084,0.2,45.12599534364636
6956,0.4465131728998249,0.80628637652558,0.2,53.72689134645711
17663,0.5028342116744786,0.6874947622688078,0.0,7.277819529774341
18058,0.4820068238270483,0.7297970077142231,0.0,16.660900932377494
10790,0.4828153376354316,0.728121022170084,0.0,10.729227393015085
14083,0.5448730011459062,0.6072025368938904,0.0,24.05888335194396
5113,0.49798833076726085,0.6971786344262776,0.0,68.58424604697143
20468,0.5259289133553658,0.6425892210896641,0.0,24.802659706716792
5140,0.5228360483226068,0.6484873471940931,0.0,31.12674329730256
741,0.4547654482591161,0.7879734912777449,0.0,28.382802510649682
18686,0.5141006119495196,0.6653362895897008,0.8,19.823695433600395
17672,0.46264076461492637,0.7708044124123608,0.0,12.655452204026949
16709,0.5130237108388271,0.6674332149207495,0.0,10.673258190207719
13301,0.49298401900271743,0.7072785212808398,0.0,13.156111938111518
13339,0.48501708624636913,0.7235711592912367,0.2,13.65740494157086
15781,0.3899002012922528,0.9418644667273612,0.0,4.874996164527687
15011,0.5432414856415915,0.6102013329705535,0.0,21.271617675924155
18660,0.5473292296501533,0.6027047752600974,0.0,23.086305413419115
7869,0.5005075672902607,0.6921325608800993,0.0,20.949120913494788
3075,0.5099289237334708,0.6734839282044901,0.2,19.776855397576618
6388,0.5114110790827057,0.670581552138548,0.0,19.715097377066748
13586,0.5025599233931254,0.688040395625103,0.0,9.103806268992292
19226,0.4803805663355396,0.7331766426846077,0.8,16.142717373583146
3377,0.4824694570903071,0.7288376615739517,0.0,47.37444800230686
9262,0.47778138928037595,0.738601995706345,0.2,66.1935128838336
6992,0.488443883751397,0.7165306887112055,0.0,16.283160857633824
4614,0.45009519848714413,0.7982961663981278,0.0,55.393776589641185
19660,0.5187222324538652,0.6563867366696707,0.2,18.556053346121594
11678,0.48743208622054707,0.7186043085656452,0.0,4.7930907929580115
7507,0.5234533290727719,0.6473074043692505,0.0,35.498340623662756
11376,0.3669887784360242,1.0024240078636355,0.0,6.648075989560077
11480,0.46468565642408594,0.7663941096811447,0.0,12.662364450774295
2674,0.5163084763847385,0.6610508696741851,0.2,56.616690545757095
19294,0.49343557202669736,0.7063629817687948,0.8,19.09299053495102
18857,0.48706280456262013,0.7193622020735455,0.2,26.668195917498146
11463,0.47260415918152654,0.7494971136300386,0.0,22.96833939028508
4645,0.5110069697972348,0.6713720493465287,0.0,46.75938419220289
87,0.44939711664833515,0.7998483352543054,0.8,58.42892028009117
10832,0.45628166533145614,0.7846449730275397,0.0,9.804138474035739
748,0.4481232033429079,0.8026870769129245,0.0,62.533338809066954
19826,0.48125186444061946,0.7313645192253214,0.0,16.58734682174147
2047,0.4817651957609177,0.7302984293498013,0.0,49.86477865039428
4058,0.48409820770199247,0.7254674843734547,0.0,49.368064525564655
20514,0.50267141147765,0.6878185798477504,0.0,12.744246283831801
12133,0.5192574348300767,0.6553554979267343,0.8,6.08137166050895
15803,0.49696894055582175,0.6992277486897958,0.0,19.21740187836729
11606,0.3886538971463723,0.9450660559629692,0.0,14.671205611395333
8791,0.5203985987780781,0.6531602249337336,0.0,37.804586870293974
8771,0.5640730899497118,0.572571443770992,0.0,17.080950637846723
20710,0.5349062402293897,0.6256637993522233,0.0,3.84220156127898
20573,0.4303163318187533,0.8432346853638714,0.8,33.66066213432158
5854,0.4474944607494733,0.8040911195573052,0.2,52.35437328515441
7803,0.39450891697037044,0.9301135357314532,0.0,65.87064031665338
4426,0.464193584488691,0.7674536058131541,0.0,47.22909560436627
20684,0.4911903967780029,0.7109234528737002,0.0,21.18551835324471
13654,0.588502725507919,0.5301737210131433,0.0,1.8390666394500412
17845,0.5367895280546909,0.6221492016097884,0.8,9.747211427701632
12195,0.48669768238533856,0.7201121240498162,0.0,26.021007970245332
16767,0.5582929275975261,0.5828714944918476,0.0,3.9361311450488805
12471,0.4266605147614435,0.8517666293683986,0.0,5.455565338273849
15994,0.5247674736974145,0.6448000217459171,0.0,6.906452703318456
20790,0.5446515849819269,0.607608982365331,0.0,4.766692846203029
9529,0.5057417860797244,0.6817290441344359,0.0,33.89386291956504
17822,0.5107236935245363,0.6719265521918009,0.0,14.328866918883293
4512,0.49271038287440994,0.7078337362334981,0.0,20.527885795682995
8678,0.4476397028135782,0.8037666049285677,0.0,57.923442346498035
11912,0.49832061659537213,0.6965116006887782,0.8,5.822488678132185
597,0.5163507716909347,0.6609689543544925,0.8,46.852785741400226
761,0.42091481636140443,0.8653248022062522,0.2,65.24938322932522
4782,0.5076292560571114,0.6780039087564788,0.0,39.88358044987579
15133,0.4785293457791874,0.7370377412775189,0.0,11.781548744173275
620,0.500250504406221,0.6926462972105147,0.0,46.07482936527581
13815,0.49492999820215317,0.7033389441873109,0.2,25.206612096598807
17184,0.4697857315294989,0.7554785785904069,0.0,32.512020514361275
10426,0.5132397250499028,0.6670122426699381,0.2,3.7769566014791693
8941,0.49556094798816797,0.7020649297729773,0.0,36.314310099406356
3233,0.5328081101582757,0.6295939381032722,0.0,17.73566008354825
5152,0.5328033646449377,0.6296028447516149,0.0,45.69657442403732
14579,0.44970719852079627,0.7991585779491219,0.2,21.538121480751457
12552,0.5831144194930563,0.5393718520372213,0.0,5.13508968748603
10871,0.44450781243878934,0.810787648392328,0.0,4.787701040559876
1210,0.4849091573080428,0.7237937101078354,0.0,52.85865376563798
13272,0.466683722048218,0.7621035054685497,0.2,12.090771031328718
15034,0.4853556893497908,0.7228732767337702,0.2,25.383696325825134
17150,0.5090400962700447,0.6752284909368327,0.0,5.9975484722628565
2880,0.45652860229416686,0.784103925281929,0.0,48.77126475075981
18628,0.45796538308895596,0.7809616804996793,0.0,54.87426902451641
2692,0.4333566758890632,0.8361941582151172,0.0,77.01348069568127
11184,0.42220696903203425,0.8622596372331991,0.2,63.983974670474616
19303,0.5407730655561644,0.6147555603084683,0.0,24.44698448873239
16027,0.41450264843707313,0.8806759149529584,0.0,5.1677184235841835
6708,0.462920104919944,0.7702007993541737,0.0,65.98117368802085
17550,0.4399102354865704,0.8211845831405482,0.0,11.395988707950192
14868,0.538990133105106,0.6180580141681425,0.2,20.097083710053724
15536,0.4766720525331738,0.7409265454394829,0.0,10.060671121274508
4927,0.47875457828194595,0.7365671755419966,0.0,23.570149617343894
14074,0.46356171533344326,0.7688157521745248,0.0,13.874433629988726
8948,0.49264982832115983,0.7079566446940556,0.0,35.90756188308739
8572,0.4537270466165673,0.7902594806515875,0.0,46.78770891167463
5848,0.47429703181699534,0.7459215041468662,0.0,54.586535901104845
4374,0.45009519848714413,0.7982961663981278,0.0,55.393776589641185
7598,0.46487354779935264,0.7659898505936722,0.0,36.82113188427627
12124,0.4988479643229574,0.6954539103707338,0.0,6.618739462705351
3840,0.5090831644934944,0.6751438877750443,0.0,48.87029175885953
6833,0.47193847046729975,0.7509066610735277,0.0,47.44678604083835
14088,0.5257260026297974,0.6429751095118111,0.0,7.230898267979237
18468,0.47114871846013373,0.7525814843582569,0.0,19.529488657835607
6729,0.4531729753465683,0.7914813823508229,0.0,53.472483278555856
4199,0.38813377302604585,0.9464052229400716,0.0,98.37882725691973
17404,0.5015453174960439,0.6900613117623314,0.0,23.3240718110918
2439,0.4568509095567329,0.7833981786086961,0.2,51.36350349307236
13597,0.5150699364917446,0.6634525885251559,0.0,7.7408334056304575
18851,0.5337287911764477,0.6278674507295793,0.8,29.045463373296336
20281,0.4946780261298543,0.7038481803122182,0.0,10.385491086643492
2420,0.4738959803975044,0.7467674320080516,0.2,56.60497362516366
5511,0.472342487719475,0.7500509469487731,0.0,44.89805014214833
2445,0.4534776890389091,0.7908092079052876,0.0,44.28136376867894
18995,0.5045766430501749,0.6840355318960984,0.0,10.051902258635648
15029,0.43995193451588366,0.8210897977735528,0.0,11.167231882321056
211,0.4511003573077669,0.7960654424870389,0.0,49.109276053795924
1890,0.45831353327548524,0.7802017586089415,0.0,70.93204359822795
11404,0.5011334310608107,0.6908828838939719,0.0,12.245553799447631
5675,0.48927921409177544,0.7148219624972763,0.0,47.92881476690588
2947,0.49223898667272487,0.7087909351561068,0.0,41.655643583583135
6203,0.42625302510969404,0.852722153378054,0.0,44.91713552573677
4713,0.4252814829491918,0.8550040164684344,0.8,68.09294335528595
16243,0.5674069822174654,0.5666784510478065,0.2,12.14731920316275
5907,0.45767526784904433,0.7815953685066996,0.0,23.47130796216028
5633,0.4770439708254313,0.7401466103183325,0.0,26.848816595236357
8117,0.44028583818958217,0.8203311307404675,0.0,45.49146122796887
2052,0.5110468562240215,0.6712939978275355,0.0,46.37299059910218
17950,0.41005644891775106,0.8914604484736467,0.8,34.86590880450029
4613,0.4508110549218646,0.7967069742204257,0.0,55.777456967121715
15003,0.3643528021456552,1.0096326440880776,0.0,12.873320751141145
1436,0.4154156486438113,0.8784756969838743,0.0,13.840382193175373
4312,0.5443144044999519,0.6082282496262138,0.0,45.21872996092699
10278,0.47495451007634965,0.744536247793885,0.0,21.046176907619845
13507,0.5285570154692477,0.637604597808067,0.2,8.006719664006747
4576,0.47194407893934787,0.7508947772389305,0.8,59.72617126904923
16425,0.4232799573721402,0.8597214810946854,0.2,6.3877307644129
6152,0.4501903298879174,0.7980848303316711,0.0,39.936165640465305
16703,0.5141597723746464,0.6652212206322773,0.8,10.507834086442873
3919,0.4560475514810055,0.7851581953408782,0.0,76.61377332665201
2578,0.47889546497927205,0.7362729413395677,0.0,40.98831610487608
18698,0.5349721202630617,0.6255406451018186,0.2,22.979235979615012
13929,0.46347865876462124,0.768994938694044,0.0,9.693180850220479
21129,0.5822827377708932,0.5407991454850707,0.0,3.678867293418315
12401,0.4385057776016085,0.8243822914263497,0.0,10.977062615331842
14372,0.5469256441070902,0.6034424197907124,0.0,7.794213292738798
4929,0.4767372448435142,0.740789789251723,0.0,25.186852834558586
6532,0.48394684142740446,0.7257802100590159,0.2,61.12158050086529
2386,0.4477815227864209,0.8034498378697265,0.0,60.708670852806975
20731,0.49094473422582,0.7114237151075847,0.0,21.327771281109808
5944,0.4957558371372248,0.7016717372950692,0.8,32.38565817832104
18059,0.4819062123206354,0.7300057641123736,0.0,17.08213460175444
8397,0.45432918720057536,0.7889332617461052,0.0,30.695418834898334
8740,0.459257490846039,0.7781442439779245,0.0,45.54867617089714
19047,0.45107751520878603,0.7961160801709848,0.0,51.63608944580076
6712,0.45719337582834746,0.7826488357308611,0.0,46.96284123842109
10559,0.43621785094739607,0.8296135022844341,0.0,10.991548956305685
14162,0.5885379255109477,0.5301139099896095,0.2,21.177255868909114
12277,0.4360446824025684,0.8300105583093849,0.8,7.811229177441519
7696,0.5184620155649678,0.656888512308578,0.0,66.56579679339036
5463,0.49141934407829335,0.7104574544311568,0.0,52.5738516279056
19913,0.5978888226525976,0.5143504576125559,0.0,16.862207100900832
13829,0.47925652260421875,0.7355192871245465,0.0,12.180199703418666
19467,0.4967203228187802,0.6997281420248005,0.0,27.815943339536027
3390,0.49840692606761083,0.696338415001095,0.0,32.73138661273601
17366,0.5728469921388696,0.5571366273521593,0.0,16.722456061252743
16142,0.444030085091736,0.8118629596298426,0.0,20.142321143340503
13400,0.5485135699827611,0.6005432594037672,0.0,7.487273498976799
7550,0.4476985548836061,0.8036351416081817,0.0,47.97702163275818
4510,0.49110634550612225,0.7110945850142596,0.0,19.565767072649663
7109,0.4556416564451223,0.7860486195318687,0.0,62.64807557639743
9561,0.529972463712164,0.6349302290457587,0.8,22.932091530292215
2100,0.5246190344188896,0.6450829285269113,0.0,17.955885185751598
20520,0.5258979652157888,0.6426480675409508,0.0,20.43620744462371
5921,0.5137857953001396,0.6659488410487014,0.0,42.70396689185476
18239,0.5959696450031394,0.5175655444166113,0.0,17.00513251253326
11419,0.43942357507873975,0.8222914675834551,0.0,12.308498960782865
13071,0.5175130306121626,0.6587205742327378,0.2,6.412315541689057
1365,0.43492316314030555,0.8325858999545773,0.2,59.11775953950929
5540,0.41216074129134783,0.886341856955443,0.0,54.28843873852088
360,0.4183500686754475,0.8714367120826667,0.0,8.466004466586554
17799,0.5192484753520888,0.6553727524804162,0.0,18.062400214726196
1099,0.4181502899913527,0.8719143656444932,0.0,10.680950979145038
19306,0.5169821153006233,0.6597469983010359,0.0,27.13011589299721
5975,0.3949030870603526,0.9291148933983548,0.0,65.79991646692812
20893,0.45695506462017726,0.7831702197928453,0.0,10.739222087042986
961,0.4154156486438113,0.8784756969838743,0.2,13.840382193175373
2255,0.5189573273534644,0.6559336200954843,0.0,40.025069798489035
9452,0.5108769665426267,0.6716264877434667,0.0,19.38179576904841
8252,0.47802926572699145,0.7380833229946026,0.0,59.26440188394511
6385,0.5167092646814136,0.660274913365107,0.0,18.727709157530498
8134,0.4509031583523704,0.7965026890279107,0.0,53.4732097294021
3366,0.4471452445542289,0.8048718052588464,0.0,62.7035370061809
2801,0.4679640238149081,0.7593638582096759,0.0,41.78399455994147
12017,0.5552467526809539,0.5883426646156,0.0,4.733216921991308
19755,0.507806639904805,0.6776545339703336,0.0,11.244322284485673
19828,0.4772860321540498,0.7396393196891919,0.0,16.270216245228006
12192,0.4340142606084537,0.8346778868767382,0.0,15.696118713451401
20659,0.5015989759382435,0.6899543312559338,0.0,24.903211537600868
10996,0.5538039811198959,0.5909444795389079,0.0,3.7900520485769196
176,0.4017297113187258,0.9119757764020717,0.0,51.85494320284764
12667,0.5246441865516239,0.6450349860616911,0.0,21.614476004446402
4870,0.5427594291867063,0.6110890973913071,0.0,46.39694041877097
10644,0.5351228722046195,0.6252588907835269,0.0,5.010824861649747
18722,0.5136208167175923,0.6662699964355473,0.0,22.730467950714157
6331,0.45266948483046404,0.7925930338577654,0.0,42.85154128705919
16755,0.5735362599585728,0.5559341186771583,0.0,2.3866250956652877
18412,0.5227364196080769,0.6486779197615374,0.0,8.624497153515007
4276,0.45509665860754117,0.7872454460925342,0.2,57.54764391122609
4010,0.48183168910031393,0.7301604186514555,0.0,49.687418717504315
7565,0.4466903651266647,0.805889619858996,0.0,52.48356456754204
11969,0.5268658909499268,0.6408092392012325,0.0,8.391397158454668
5008,0.4997886915808069,0.693569886725996,0.0,57.93042584709248
12322,0.5241175196498102,0.6460393456659211,0.0,6.365102166445693
13704,0.49144914901152004,0.7103968055580973,0.0,9.309039466328482
11741,0.4348400779173437,0.8327769524601155,0.0,7.089847159768539
17789,0.48034049031644926,0.7332600717274835,0.0,16.144554272607863
15174,0.49211917793135107,0.7090343602553716,0.0,10.062261594190854
19591,0.49143101717100385,0.7104337008809293,0.0,21.411761436869487
1806,0.4025523310236499,0.9099301756091422,0.0,32.24337355120073
6600,0.517271004198181,0.6591883557412519,0.0,44.92368493500391
1094,0.4534493086425119,0.7908717937506292,0.0,40.14860612704086
4188,0.41672532283446373,0.8753279724590297,0.0,66.56869497679818
19281,0.5032951415311149,0.686578518472891,0.0,16.366315826960918
13528,0.5152131089512305,0.6631746601227799,0.0,16.08662771035979
5195,0.4146590527352219,0.8802986560907059,0.0,51.224577589011936
8304,0.5240981503085018,0.6460763024523264,0.2,42.39552874142322
6828,0.4874648837862428,0.7185370243977441,0.0,38.95548488736375
3069,0.4965978130737954,0.6999748097160048,0.0,40.101207694324955
18694,0.5256967304733987,0.6430307905532889,0.8,18.60288219342797
11572,0.3928493880589724,0.9343289770579116,0.2,34.98127740003372
14394,0.5005659269201926,0.6920159667831912,0.2,7.224646732813988
20956,0.48153618587629915,0.7307738981766885,0.0,16.995608527593795
787,0.44913609771120905,0.8004293242267706,0.0,38.77279841971792
385,0.45301811259194824,0.7918231706517429,0.0,28.830284543173008
314,0.4178745118758644,0.872574102352962,0.0,15.42711039588886
1238,0.41580486363811353,0.8775392065652745,0.0,70.25140144938678
1441,0.4632087426081919,0.7695774785314532,0.0,36.25094383823438
12151,0.5033754158105785,0.6864190337655091,0.0,6.104667901982904
13185,0.5099871182351298,0.673369811945254,0.0,6.10746414939117
3746,0.49256164039793215,0.7081356680332335,0.0,68.38820268057417
8293,0.5053046064298641,0.6825938504981123,0.0,52.6279848318489
8675,0.44746731214712154,0.8041517894164707,0.0,57.134987092116745
3893,0.40344648198660205,0.9077114345506436,0.0,56.32349728398289
1898,0.437284170902046,0.8271720185610818,0.0,63.35310818322053
18802,0.5373989728844767,0.6210144940707589,0.0,25.093332406067066
7142,0.44899758961805997,0.8007377595882345,0.0,56.892420262401764
11598,0.4506945521611528,0.7969654368643516,0.0,9.73891709124964
15047,0.445345875220051,0.8089040510309471,0.0,8.677113175292844
6730,0.45331755508637195,0.7911623944823881,0.0,42.323231447782746
16577,0.5137761666436506,0.6659675818290064,0.2,10.104392906658777
15001,0.5133436460170475,0.6668097828007671,0.0,17.363927351254475
18661,0.5549505973025926,0.5888761830668747,0.8,22.386127739865742
6770,0.4539487135185702,0.789771053140035,0.0,42.88062089686169
12732,0.4971543345270598,0.6988547688430622,0.0,5.362137924974686
5655,0.3948801989609199,0.9291728538536954,0.0,33.45022273873303
11114,0.5723093143083343,0.5580756744796457,0.0,1.8249074449039924
10490,0.5035338597792365,0.6861043202678647,0.0,56.67084435234969
6591,0.4513108743000648,0.7955988769374465,0.0,23.239443984434715
15791,0.5138989905531809,0.6657285492723566,0.0,8.717715689212266
1030,0.41663806963672845,0.875537372581095,0.0,51.656704982284595
2625,0.4954673144842078,0.7022538921018724,0.0,20.365362870954296
13211,0.41065095792352774,0.8900116760979924,0.0,4.5988902676183265
14610,0.5242325085954663,0.6458199743814854,0.0,8.745371242213471
9431,0.45319086740707487,0.7914419013837656,0.0,54.209809170818616
11177,0.430110214728311,0.8437137898155229,0.0,28.52596117381471
11618,0.45327846669914224,0.791248625584918,0.0,9.687256947183144
11814,0.5630511915954569,0.5743847285187117,0.0,3.630686131351463
14255,0.49114604733174677,0.7110137466758943,0.0,9.285839660421534
17224,0.4858228398431445,0.721911248609506,0.0,22.635526869686313
14290,0.47502583140547366,0.7443860945198778,0.0,22.486416699361435
12095,0.5524991149491577,0.5933034474934892,0.0,8.60468033580977
18331,0.47151041664438526,0.751814084587688,0.0,16.132050347207706
3257,0.45859032269497424,0.7795980106236005,0.0,39.33071725681634
9856,0.5866444635046746,0.5333363266330886,0.0,19.293973743775737
20194,0.5499970223752504,0.5978424146334566,0.0,9.595370868896369
12628,0.5404677775045356,0.6153202597677995,0.2,5.527421918140378
19492,0.4646747524358142,0.7664175752563259,0.2,6.858287426594546
1254,0.49631482334102245,0.7005448291317254,0.0,47.37434407003293
12886,0.5262849294718022,0.641912521895011,0.0,15.858448804442208
3805,0.450562751587776,0.7972579184315314,0.0,55.03870027726886
13093,0.5015330142184035,0.6900858428029333,0.0,4.762972288274467
17595,0.4975709897953462,0.6980170395072031,0.0,18.17985251585773
5630,0.5113433613285732,0.6707139744513844,0.0,37.83832692416107
15503,0.47627424930078643,0.7417614366704557,0.0,10.277104365517722
12513,0.5737224974666457,0.5556094534549432,0.0,4.577499555855054
16283,0.49144914901152004,0.7103968055580973,0.0,9.309039466328482
11907,0.5927712294420969,0.5229467395078361,0.2,16.322998065597144
20345,0.5586464834275972,0.5822384147770671,0.0,3.558641045637788
20845,0.5171336856922221,0.6594538582241922,0.0,27.769599856702595
7652,0.46886687513017944,0.757436399164926,0.0,38.88299685767774
5732,0.4180701143735973,0.8721061227879031,0.0,18.397079724793485
18828,0.4964736942273498,0.700224779322784,0.0,25.95733235580396
14519,0.43995193451588366,0.8210897977735528,0.8,11.167231882321056
15091,0.5134382931104291,0.6666254260448816,0.0,11.83593387997255
1197,0.45522763834561236,0.786957681085243,0.0,28.645260792304967
17746,0.42281327962746773,0.8608246167104544,0.0,57.683859404687325
6489,0.4890347537375803,0.715321720994695,0.0,19.739303081860122
14340,0.5184798638319339,0.6568540874920624,0.0,10.145110554434073
17677,0.4933521414252017,0.7065320771082627,0.0,19.35686021134346
4567,0.4286583350815664,0.847095099087677,0.0,79.91918492606716
8147,0.5259800262778048,0.6424920398212987,0.0,19.166823002524204
2056,0.5157387943963584,0.6621548540794902,0.0,53.025359401207005
2406,0.4841893722520527,0.7252791838061089,0.0,45.00357280182496
16482,0.5382577961413463,0.6194176586041091,0.0,6.37721452896896
6847,0.4921146470206656,0.7090435672356046,0.0,19.619235559504908
10101,0.457332871449682,0.7823437693146011,0.0,62.603148778682936
20911,0.5445141831821299,0.6078612888636477,0.0,23.414513361594178
5953,0.48935743097506884,0.7146621138264662,0.0,47.946681325666404
14961,0.4341071552620612,0.8344638738314111,0.0,15.362480585713957
21102,0.5254811176770517,0.6434410214190746,0.8,3.34512100800439
10386,0.5511590737677342,0.5957318113721544,0.0,3.084288400369204
5378,0.45640825456519374,0.7843675749062508,0.0,41.250282852359184
14124,0.42039811989737763,0.8665531121649415,0.0,19.60143377723018
3072,0.5098049114176803,0.6737271530777404,0.0,19.38178314581073
8582,0.5353301581155908,0.6248716044520561,0.0,50.87392224855119
8376,0.4660861915757131,0.763384701496665,0.2,76.57893819437014
14118,0.6621052567293407,0.4123307376034088,0.2,2.390693656733946
19811,0.5273039313929232,0.6399781767691197,0.0,25.471132167807866
12459,0.477343507149875,0.7395189064953229,0.0,4.757583844542159
6749,0.48878146209792483,0.7158397971755127,0.0,23.29342902081815
15353,0.4791647963190973,0.735710698320417,0.0,7.859365391114423
1054,0.49877479944412095,0.6956005888179885,0.0,44.2888882163586
5028,0.42462927490900976,0.8565387850595496,0.0,65.52521705705554
12498,0.42788885964707096,0.8488917908431958,0.8,5.344198100863549
13121,0.42535699246551656,0.8548264803735939,0.0,10.799878010651419
11877,0.5119199142939034,0.6695870835718257,0.0,5.451443078703746
20159,0.5254516384210184,0.6434971225461353,0.0,4.64862350538814
303,0.420466178774476,0.8663912337801546,0.0,34.820262495817104
8652,0.4160998771894946,0.8768299581398974,0.0,70.19462256647675
92,0.41854893883434213,0.8709614572171375,0.0,36.92876711498834
12637,0.45371965892686233,0.7902757630176152,0.0,9.535072046853257
11,0.4707625705794025,0.7534014084994318,0.0,60.74976832223969
3248,0.49410569950149774,0.7050058180795811,0.0,19.03515708814869
17786,0.4818677116908591,0.7300856596746783,0.0,16.74415006868906
6775,0.45188289369115087,0.7943322174722499,0.0,42.19492654368757
13991,0.6281463685787714,0.46498206868545616,0.0,18.42375265504518
476,0.4377384635457161,0.8261336621423947,0.0,56.11099682001554
18739,0.5313330450577578,0.632366250851505,0.0,7.912482894700893
6535,0.4612791185783713,0.7737519559107903,0.0,64.63149993270689
20462,0.47548947224429977,0.7434105376323309,0.0,48.99819125779763
5289,0.5336718290395244,0.6279741812970879,0.8,24.49099366946928
14292,0.4783522742348105,0.7374078425370569,0.0,24.408201275769194
1322,0.41663806963672845,0.875537372581095,0.0,51.656704982284595
14214,0.42040384109807294,0.8665395032511645,0.8,31.40555655823426
10777,0.4031836958953866,0.9083629998099606,0.0,26.12451834987733
3322,0.426748312945453,0.8515608705773743,0.0,61.29535432279269
14476,0.4630427891534427,0.7699358119880453,0.0,10.148908506278623
19640,0.5294379078753654,0.6359393863968681,0.2,23.52975729668412
18266,0.4755099067159909,0.7433675629003881,0.0,15.916986035636775
4839,0.4297333615733508,0.8445903519937533,0.0,62.75306250876458
9771,0.4986076672073532,0.6959357305392847,0.0,19.698461065297188
17570,0.5052839913075172,0.6826346487465704,0.8,4.726289388430453
16934,0.4310273383251458,0.8415837609012486,0.0,73.30194429034385
6711,0.45780767834237485,0.7813060993405079,0.0,40.823240710095305
133,0.4177479319828024,0.8728770618891984,0.0,21.638623163376053
20884,0.5015989759382435,0.6899543312559338,0.0,24.903211537600868
12030,0.5975703887065277,0.5148831967484051,0.2,3.881601321478393
2073,0.4880260016917386,0.7173865923932314,0.2,65.79152373159621
3241,0.5293247965461341,0.6361530534049508,0.2,17.532378418780887
3585,0.4921895892492533,0.7088912927132139,0.0,24.81119524496249
1585,0.44487863022899,0.809953775074953,0.2,57.547218190858175
4146,0.4713486128154971,0.7521573041473908,0.2,52.46484845535759
7300,0.3950567322696645,0.9287258983950909,0.2,65.23834974077688
16581,0.5136359664657537,0.6662405008928348,0.0,20.09797766254883
3422,0.44478604738876076,0.810161904818423,0.0,30.068348808719538
19530,0.5477199021354701,0.6019912501943232,0.0,22.914796111937736
11613,0.4174231841024463,0.8736547417932767,0.8,14.894939922791835
13165,0.5375678235400416,0.620700343610456,0.2,4.092959838881606
13676,0.48844641681506273,0.7165255027375823,0.0,9.562749498935496
20279,0.4752231239896584,0.7439708505232399,0.0,10.425263182143285
7175,0.45755766859106234,0.7818523506452285,0.0,24.237422870002078
12065,0.4652383794122061,0.765205360854555,0.2,5.42660655165824
16961,0.38729140806615675,0.9485778768899025,0.0,6.303300426157893
9511,0.43659017788633214,0.8287603319440596,0.8,39.97525195568711
7295,0.44941454996100305,0.799809543339786,0.0,28.957099879049416
11878,0.5777396988332024,0.5486318597863359,0.2,4.502128028280941
21,0.49049630916562886,0.7123375246418717,0.0,22.11807959665972
6064,0.5146847455914686,0.6642007102379162,0.0,64.68982594394416
10322,0.5153262544178452,0.6629550751732067,0.2,52.55245164142977
1226,0.4499855766213299,0.7985397486840466,0.0,61.3278520896973
16087,0.5345998650570567,0.626236727695875,0.0,4.294762559367724
18866,0.47870102142544374,0.7366790488373733,0.0,27.34110645460771
19858,0.5131163711689857,0.6672526151526768,0.2,4.947011070735666
19032,0.4509547876501565,0.7963881936174719,0.0,75.33434214739832
5644,0.46622606917927534,0.7630846354983942,0.0,53.316722667210485
8033,0.4932982241450149,0.706641370698215,0.0,21.962413073482338
13395,0.5040967494857926,0.6849870660678969,0.0,5.152473088543864
10252,0.4065301023806297,0.9000973001391549,0.0,14.899791718187426
20703,0.5328598810193993,0.6294967767704877,0.2,29.611527754935434
17466,0.48527897731934017,0.7230313424473587,0.0,30.17932944733685
3709,0.4681849802458622,0.7588918042223326,0.0,62.55545165364227
16280,0.4700796426490635,0.7548531461886607,0.2,9.745531581302675
12702,0.5608377752828245,0.5783235858961772,0.0,4.3301400488073
17225,0.46956894418094663,0.7559401451488253,0.2,11.9060580070147
8984,0.4250822765040362,0.8554725370199868,0.0,62.44949520245903
20164,0.5444775750488791,0.6079285219404601,0.0,7.075680319642913
20315,0.5001057435923475,0.6929357157355124,0.0,32.99759804318991
1501,0.47355581404858904,0.7474854978041707,0.2,62.57948678862305
20600,0.4675042846141164,0.7603467653454116,0.0,21.39539794620824
9696,0.5145822886945682,0.6643997973432558,0.0,43.18598682731163
17397,0.3735224139926957,0.9847772655198861,0.0,39.03804937608511
10956,0.502308599172906,0.6885406087770046,0.0,4.136063415910875
19644,0.4233211714316998,0.8596241175117891,0.0,48.22491823914059
17037,0.510284479461576,0.6727869059121208,0.0,16.995270456281492
16868,0.45923929115527135,0.778183873274677,0.0,10.1163903525708
3467,0.4539198872809694,0.7898345562451873,0.0,39.188037534159626
13200,0.49680207903137347,0.6995635635258647,0.0,4.661156989420141
18503,0.4788618442767781,0.7363431484832414,0.0,10.423379476031176
10713,0.42921392243208156,0.8457998306527189,0.8,10.685835315357604
12436,0.5986629361064452,0.5130565502555489,0.0,4.55081166437427
5770,0.46946973683894394,0.7561514406883532,0.0,23.80553778916086
14541,0.46362989998195997,0.7686686743806506,0.2,5.711208210329957
11186,0.44226813242205926,0.815838946393681,0.2,70.16011091287488
1192,0.4784828710657567,0.7371348658756152,0.0,25.508920061164904
13337,0.5643280811126662,0.5721194925078528,0.0,6.539898051987487
3204,0.4974027168294356,0.6983552855661583,0.0,50.253647041984394
19988,0.5725343645954847,0.5576825198609039,0.0,4.610361502314372
2843,0.502341700124801,0.6884747133068494,0.0,56.55819874868672
8193,0.4954673144842078,0.7022538921018724,0.0,20.365362870954296
905,0.4120362563704298,0.8866439326053612,0.0,40.69695785949735
13485,0.511713421557804,0.6699905341662293,0.0,23.600080093479555
521,0.41544988336071637,0.8783932896252687,0.0,69.40185904054746
774,0.4724196741625463,0.7498875482726676,0.0,37.00694936301855
15935,0.5054364296639831,0.6823330057710082,0.8,9.453723482610057
1471,0.5489332536733411,0.5997784228722977,0.0,22.398125341376055
3209,0.4860547699515266,0.7214339660577783,0.0,49.986716717268806
16665,0.6150643865135191,0.48602832313768574,0.2,5.469033849795753
19608,0.5082890657259203,0.6767049662186123,0.0,15.13176623239759
17331,0.49203941629229525,0.7091964512835831,0.0,21.151783347921935
14690,0.5298876919677029,0.6350901968380898,0.0,8.16249673063478
8069,0.4485911955541167,0.8016432835841357,0.0,56.95675774507401
12802,0.5234552680365616,0.6473037001990964,0.0,7.331038064012669
12853,0.5267007525720068,0.6411227236500573,0.0,4.483050535067015
10799,0.5313792839282444,0.6322792303676833,0.0,6.880936213003027
1891,0.5240857375749753,0.6460999867193153,0.0,18.42806340714277
9217,0.4562433219748129,0.7847290109600877,0.0,23.14950582332259
10916,0.4759298888547356,0.7424847279212805,0.0,4.3272010453076035
4166,0.45434591098842064,0.7888964525766221,0.0,30.135845090307186
20661,0.5083487765593643,0.676587498953419,0.0,24.21844828616892
18012,0.4768071382495702,0.7406431921820524,0.0,27.99631351208045
9814,0.5970165401007633,0.5158104606119088,0.2,19.592286878577696
3244,0.5336176716884037,0.6280756670722787,0.2,17.466783366871844
17262,0.43877751607934423,0.8237627914577906,0.0,12.718897940045082
9802,0.48725634283653685,0.7189649230567493,0.0,48.59843210903017
13663,0.5533340485428687,0.5917933937531401,0.0,2.5811067604336126
20544,0.513892008207645,0.6657421363645658,0.0,20.25220852721883
5841,0.4618064505275753,0.7726094139315461,0.0,54.85526838913978
19980,0.44043501324069684,0.8199923740224927,0.8,22.177308474452836
27,0.5116332873603241,0.6701471461862716,0.0,17.651675932802736
16769,0.48658559601868867,0.7203424503476833,0.0,5.3600681620455575
20975,0.3536855760842221,1.039346963686422,0.0,6.812919292448579
240,0.41854893883434213,0.8709614572171375,0.0,36.92876711498834
1416,0.4674056159681053,0.760557841613437,0.0,16.18276959098182
16181,0.4963649223261592,0.7004438922779255,0.8,4.986460206733594
21099,0.5378484181790251,0.6201785091161167,0.0,2.666426441810788
10144,0.49419013090323083,0.7048349554707529,0.2,9.101533855278328
16029,0.4247432715656574,0.8562703594839756,0.0,5.024509058489188
6536,0.45712811749924026,0.7827915827398602,0.0,65.21436783305839
17669,0.4809218864130928,0.7320504203739876,0.0,5.175596423174454
2276,0.45340396666527716,0.7909717922366183,0.0,50.5035477273809
3705,0.4875701082433083,0.7183211871030127,0.0,59.121425523727694
5602,0.4893102351711318,0.7147585629186477,0.0,34.61218559060555
15463,0.5486104674105428,0.6003666204372857,0.0,3.8438473789583987
9222,0.49731053549414383,0.698540628096461,0.0,44.78169070426727
14481,0.44214859151487595,0.81610927350233,0.0,10.00141885101612
20306,0.5389587854754249,0.6181161757918515,0.0,15.860552088184647
18582,0.48152686710232134,0.7307932505419344,0.2,16.996058605551728
560,0.45135602035094946,0.7954988487848913,0.0,73.66319218364602
9476,0.48253885499091836,0.728693832966753,0.2,53.24565815250094
16891,0.5130503559601919,0.6673812788622663,0.0,7.100936877105596
14137,0.4751210251795994,0.7441857175491294,0.0,22.48036371141019
20806,0.550210845278244,0.5974537191660413,0.0,4.367685500569338
7095,0.4183899238594225,0.8713414490753748,0.0,12.229280428720571
3635,0.49819929709344246,0.6967550870473798,0.0,46.595841974557814
8195,0.5356646600903785,0.6242469478617941,0.0,17.786355161800657
13184,0.4699258477022147,0.7551803675715137,0.0,5.88859463755902
18139,0.5082890657259203,0.6767049662186123,0.0,15.13176623239759
13274,0.49616985716439926,0.700836956920701,0.0,4.41597341425014
13969,0.47997333628868555,0.7340247260216972,0.0,16.805863249033713
20019,0.4273253287184907,0.8502096618930627,0.8,5.441341917197914
726,0.4169317983299615,0.874832623725173,0.0,63.98088580498463
19115,0.6227077095543773,0.47367803633184663,0.0,16.31655084712037
760,0.42061735247867443,0.8660317600769872,0.0,68.9707721475964
15497,0.44759189296097573,0.8038734149492898,0.8,13.570186768174118
3820,0.44657911590186555,0.8061387030925264,0.0,41.97564202401384
10072,0.3942574876632813,0.9307510611486819,0.0,26.763745094579587
15492,0.48496277254154424,0.7236831486369733,0.8,11.848140321761543
20276,0.47815203694634123,0.7378265281384782,0.0,10.884638132877603
14441,0.503944782466114,0.6852885755117304,0.0,4.34579184263155
18115,0.5000541468023805,0.6930388928185135,0.0,22.163383475088033
1112,0.4674056159681053,0.760557841613437,0.0,16.18276959098182
12800,0.5481630347215191,0.6011825276651234,0.2,5.447555461448565
15193,0.47627424930078643,0.7417614366704557,0.0,10.277104365517722
9135,0.5221478985098388,0.6498044007513801,0.2,24.11684042785563
406,0.4340907591293952,0.8345016443268157,0.0,38.382905422839116
862,0.4864982139540922,0.7205220485774263,0.0,19.882806122894223
13003,0.5289338928691664,0.636891821153624,0.0,8.172913979112447
6347,0.45438488655372,0.7888106723534171,0.0,43.64095255430454
5014,0.4784002844409821,0.7373074817786216,0.2,49.47333090230358
7430,0.4679002170460932,0.7595002172372525,0.0,61.77014826406536
13805,0.582928557108538,0.5396906436938275,0.2,4.135379505835043
19757,0.5108283884222038,0.6717215799737725,0.0,11.112290406277062
19078,0.4835131008706959,0.7266768685495758,0.0,8.119887520444566
2122,0.4354881900920917,0.8312876011006978,0.0,32.78639884684759
14634,0.39052308912851313,0.9402681843606715,0.0,31.781063914023
20332,0.464862720165466,0.7660131424330039,0.0,56.684972540042295
11676,0.5182367338016515,0.6573231260611269,0.0,4.734271622196536
825,0.4961754106672157,0.7008257642380804,0.0,52.167014711244846
588,0.4365253144459511,0.828908911235276,0.0,56.374096823851595
13579,0.6386924117938051,0.448332299190031,0.0,17.764047140347724
18322,0.5304438279112463,0.6340412117157703,0.0,4.897651907077821
11144,0.5327742669491935,0.6296574586903626,0.0,21.426927294331307
9280,0.4975709897953462,0.6980170395072031,0.0,18.17985251585773
9022,0.48060226026100716,0.7327152526924773,0.0,65.28309711496452
7794,0.39474678559515775,0.9295107687670432,0.0,66.75746312918486
8477,0.4676157179331832,0.7601084358918855,0.0,45.534294924236654
1207,0.4914216676001872,0.7104527262566784,0.8,57.603508345769285
14639,0.4643709921663953,0.7670714941446217,0.0,9.033033932603939
8005,0.4182702601926696,0.8716274998994723,0.0,8.72063074249779
15805,0.4419575780379386,0.8165413788002853,0.0,19.939942090029213
7307,0.49792979805412707,0.6972961796571702,0.0,18.136673792481425
4642,0.44612668547694406,0.8071523191415293,0.2,69.77226520952333
5837,0.4497296753918416,0.7991085980745983,0.0,44.21467714632169
7385,0.45583241118415274,0.785630056352531,0.0,30.317462496051395
6605,0.4575788283869452,0.7818061066238032,0.0,40.0675599821163
11143,0.5325647434467832,0.6300508048516638,0.0,21.251297906015175
16841,0.4728986280810574,0.7488742304127312,0.0,9.347447692648611
2271,0.4760255337253553,0.7422837839092545,0.0,25.68710094040683
15046,0.44448394981418615,0.8108413330846325,0.0,7.724479755485214
5784,0.3979072160991213,0.9215364262547368,0.8,89.38903334670945
19349,0.496901357759439,0.6993637479174645,0.0,11.127507738290825
1905,0.452344167950233,0.7933119553751217,0.0,40.52237310691385
2684,0.5359618184687919,0.6236923546486264,0.0,19.841835192410873
20895,0.44231612818650085,0.8157304304124999,0.0,9.140463231120844
5872,0.5169217601326562,0.6598637502921441,0.0,47.58277291913494
19964,0.5686755785858553,0.5644451681167514,0.0,1.8479934405802763
7680,0.4512189476423818,0.795802585791749,0.0,49.391489430042306
2904,0.48981572079553176,0.7137260386224057,0.0,22.46809673043986
20870,0.4768519214770529,0.7405492734444096,0.0,5.409342244148915
2223,0.4658706043861259,0.7638473564059203,0.0,65.03778059699722
880,0.48809742001397777,0.7172402618764576,0.2,22.177068951941155
8855,0.5052561953204051,0.6826896608826278,0.0,19.26720885008979
2532,0.436463650893427,0.8290501811827208,0.8,69.1013313365496
6947,0.4480350640385788,0.8028837816866713,0.0,54.98148100237222
7688,0.4501903298879174,0.7980848303316711,0.0,39.936165640465305
2369,0.44794047745740284,0.8030949182124952,0.0,55.25292822852488
2277,0.4538735757363651,0.7899365872611201,0.0,43.25297867922594
1875,0.49310289566814014,0.7070374133942429,0.0,18.937997684162873
16037,0.4837057760847972,0.7262784577632677,0.0,4.610306855920465
1825,0.500362702148657,0.6924220392411592,0.8,40.71614548330521
2914,0.4488319977135334,0.8011066311619511,0.0,48.52703479383104
8236,0.48740419647064653,0.7186615279170447,0.0,69.09930426433814
14977,0.5443088858979889,0.6082383883068975,0.0,18.092050790581307
468,0.4177479319828024,0.8728770618891984,0.0,21.638623163376053
15669,0.4375579510757182,0.8265461223548247,0.0,6.075114314610285
12716,0.2979207622997815,1.2109277261568403,0.0,9.564391346255395
10300,0.413606125554848,0.8828411455618836,0.0,33.05710406995656
15227,0.46038122479451077,0.7757003831690055,0.2,9.945642326684544
53,0.40639806244906096,0.9004221503250445,0.2,36.341038536692864
7685,0.4466237623777525,0.806038733696973,0.0,61.79899438623342
9601,0.5177375638391414,0.6582867986199481,0.0,18.172008030146312
10010,0.5495027940684375,0.5987414204044592,0.0,44.03743101394453
8307,0.4025523310236499,0.9099301756091422,0.8,32.24337355120073
3672,0.4423667298044574,0.8156160354797741,0.0,78.33175857153978
8083,0.4734918218322585,0.7476206382427367,0.0,46.748720448641876
20311,0.5082890657259203,0.6767049662186123,0.0,15.13176623239759
12433,0.5634955313362484,0.5735958757267433,0.8,5.3367359708711595
4819,0.41306395444669397,0.884152844627826,0.0,53.68133672371403
7292,0.45146321824398195,0.7952613751269239,0.0,35.281769208644405
15535,0.4820898106333148,0.7296248531738893,0.0,11.267231878636723
16545,0.5690163053701514,0.5638461890798291,0.0,3.6858625046758533
12975,0.49826910026767446,0.6966149859171662,0.0,12.981420089837
11745,0.511301870738751,0.6707951181140034,0.0,4.668733727802229
21254,0.5039584000180798,0.6852615539640197,0.0,20.40057921776099
2514,0.4721321090365815,0.750496440532392,0.8,51.85554961180226
19786,0.499364914868919,0.6944181581720751,0.0,18.531589235016845
7371,0.4724467408695098,0.7498302561379483,0.0,53.42540574982881
4397,0.4757045384067971,0.742958335108442,0.2,56.99233745721162
13017,0.5510518803355647,0.5959263175728201,0.2,8.014017375599755
13246,0.48732363516743477,0.7188268280157601,0.2,25.971715526768516
8383,0.48114600329684193,0.7315845137779972,0.0,63.72101003375417
9086,0.5265389627571176,0.6414299468088633,0.0,19.135138642999337
20929,0.5345475622865994,0.6263345678424467,0.0,24.329965857770027
810,0.5061088956355901,0.6810034240827677,0.0,45.98475725031765
5775,0.43290742068143306,0.8372313828898689,0.0,76.50201761156177
4379,0.4641015924088589,0.7676518015647268,0.0,71.35323554111321
13791,0.4793747358655973,0.7352726578582184,0.0,12.17611552266478
20609,0.520050098716551,0.6538301283617439,0.0,22.207341033114197
16472,0.5470274982959101,0.6032562067160089,0.0,5.350882628361293
16386,0.5459150427699744,0.6052919146664537,0.0,8.342889695084192
11652,0.45043449532546204,0.7975426168889788,0.2,12.013384219147065
975,0.4938720917362844,0.7054787189314804,0.0,55.78572754655662
18369,0.5301523317617279,0.6345908953143757,0.0,24.823608330735787
20745,0.4472106104896021,0.8047256309253952,0.0,2.846330697319024
10042,0.4452589987816852,0.8090991463895678,0.2,5.7494988080258995
3909,0.45804319757991463,0.7807917814555262,0.2,57.06416663284091
3882,0.5134960800544301,0.6665128834217655,0.0,45.32287607268005
986,0.4223606856198729,0.8618956247383106,0.0,64.62923737131979
212,0.4480524325843596,0.8028450163967896,0.0,54.878466134373234
9268,0.47184126859461745,0.7511126453069307,0.0,69.10236336823762
17373,0.5462044848099252,0.6047618590463165,0.0,10.00596552551281
18006,0.49470490722792976,0.7037938411940148,0.0,19.21709104858341
1675,0.4492068257097738,0.8002718609755624,0.0,39.01325016976379
1683,0.5026028054046088,0.6879550721042823,0.0,57.901739273498606
8734,0.5084544083561995,0.6763797265963252,0.0,39.39404385251729
17776,0.49925861900608354,0.6946310429272029,0.8,35.49564788346436
4200,0.41663806963672845,0.875537372581095,0.0,51.656704982284595
6247,0.4503473505604313,0.7977361038374572,0.0,42.738712371716105
3593,0.47429529453022723,0.7459251670201994,0.0,57.43623786055535
2345,0.4501557919785473,0.7981615517359139,0.0,43.835032482231284
8063,0.45126450733631124,0.7957016206300792,0.0,34.624952500699365
32,0.4023005513666595,0.9105558294912673,0.0,69.98532161045799
8923,0.49713763285844176,0.6988883639422232,0.0,44.32699528284977
10050,0.4921146470206656,0.7090435672356046,0.0,19.619235559504908
2315,0.5094189233235684,0.6744845688669083,0.0,19.462253212377327
17463,0.475952182403137,0.7424378869331398,0.0,27.800587865725248
19919,0.4906985199457641,0.7119253521008055,0.0,6.156018402837138
11944,0.49611081800887136,0.700955953807519,0.0,4.623365393231074
1618,0.4698408019002919,0.7553613610174738,0.2,32.48053852375138
15667,0.5213843219433821,0.6512678470882891,0.0,4.73797349440269
9944,0.46513852335087585,0.765420018078777,0.0,55.913931736685534
7159,0.48058160323804283,0.7327582351514051,0.0,49.79458721143415
8837,0.4312526441952561,0.8410611791881044,0.0,80.84280285360413
3040,0.4530190589902426,0.791821081557997,0.0,57.22886685726961
13942,0.5663355916099851,0.5685684584465619,0.8,8.177435680094355
10923,0.536088820596774,0.6234554215711237,0.0,5.010087924712933
1294,0.41796282563118886,0.8723627843089116,0.0,56.838792818951234
464,0.4889104215403585,0.7155759933220908,0.0,21.828646440607997
18796,0.4762465701322132,0.741819554389284,0.0,29.489182232034395
19482,0.5437105930255302,0.6093381718022349,0.0,8.957180065530082
4970,0.5154432308360571,0.6627281060586033,0.0,49.8338422609352
3838,0.5036573720752171,0.6858590594024134,0.0,50.52552456091061
2338,0.3969460493067492,0.923954903482411,0.0,86.41750451944351
15229,0.495922484523112,0.7013356456737926,0.2,9.808179432809297
6792,0.5010420491046388,0.6910652510706465,0.0,48.01866939243663
5351,0.46354233293362446,0.7688575649567208,0.0,24.603442078615064
11160,0.4537310321780012,0.7902506966393514,0.0,8.771782468922174
16560,0.4481534421915394,0.8026196003167337,0.0,14.451566319471715
7737,0.5243285396232018,0.6456368071197087,0.0,18.662132353118793
13163,0.5063470397710148,0.6805329954320217,0.0,5.340482740063407
9669,0.5488646920555063,0.5999033304077704,0.0,21.080003090583446
11513,0.49779811867308577,0.6975606683384592,0.8,11.413835903491485
5236,0.5886165924719211,0.5299802538554509,0.0,44.54483993220781
18129,0.5164304069801646,0.6608147391324641,0.0,16.62775144060247
4244,0.4689435191400606,0.7572729460607163,0.0,56.43008525592056
13365,0.5687791871742366,0.5642629919251582,0.0,6.816296899406062
709,0.44913609771120905,0.8004293242267706,0.0,38.77279841971792
2516,0.4617096131832015,0.772819128409797,0.0,61.66362221258683
8618,0.49150270926732725,0.7102878271673264,0.8,20.598346987852466
8655,0.4174640377846657,0.8735568754439519,0.0,50.55055275634129
1011,0.418029980438039,0.872202125493412,0.0,21.62189148950658
17444,0.49226788824634315,0.7087322223642252,0.0,8.86623992604253
7768,0.5097894304752218,0.6737575199439019,0.0,19.702690533735726
9475,0.4836112593893126,0.726473878069784,0.0,56.66496248944315
14349,0.40560728299470894,0.9023698707650191,0.0,24.366695575475966
1853,0.45991953562169235,0.7767037273612704,0.0,62.1518326189956
21241,0.4686238523490349,0.7579548529041785,0.0,6.105705611766335
6429,0.4408889941823564,0.8189621490927527,0.0,79.78329418914414
3865,0.6252792315468598,0.46955695854297275,0.0,17.70558457969366
19741,0.5412963314124293,0.6137884025669795,0.0,18.251795777424235
12666,0.4993499038418387,0.6944482188596712,0.0,7.406290393216654
16279,0.4501081387249614,0.7982674168094888,0.0,12.921554895145889
9406,0.4422800422618964,0.8158120177533228,0.8,66.15379207423643
11291,0.4649044602300114,0.7659233563759057,0.8,13.840234815971355
9886,0.5045638950385076,0.6840607969829458,0.8,57.56371450042398
17816,0.5086553209970118,0.6759846607786906,0.0,26.1822368291801
18019,0.5102560245946899,0.6728426702189373,0.0,15.403050776653199
8888,0.4987116215152721,0.6957272630816292,0.0,49.45925123863258
9924,0.5026114667299095,0.6879378393101585,0.0,50.222900069360406
5766,0.4025523310236499,0.9099301756091422,0.0,32.24337355120073
19571,0.5714197058629719,0.5596313027955767,0.0,4.518183410647872
11604,0.42535699246551656,0.8548264803735939,0.0,10.799878010651419
6103,0.46035374769594983,0.7757600683105284,0.2,48.395790559464785
14536,0.44592774777645405,0.8075983405867957,0.0,4.926349896834099
17219,0.4528579657551326,0.7921767440428765,0.0,30.299570580821637
18274,0.47634620196742294,0.7416103740585255,0.0,16.313574514544513
20233,0.538604459454333,0.6187738189242233,0.0,3.863623699398068
18865,0.4880744084744039,0.7172874083703566,0.0,26.58984400939037
14373,0.5698054873474021,0.5624602266603792,0.0,5.777872699824901
512,0.43558465204623686,0.8310661225976999,0.0,55.94321490136852
21120,0.4544675544130307,0.7886287553428828,0.0,14.91785826062819
158,0.4432935253450952,0.8135231429207036,0.0,60.40409025851773
4508,0.41749132961663066,0.8734915022921877,0.0,91.89130670755928
400,0.49077963932278384,0.711760051678298,0.0,19.80116442047832
4460,0.4551664422797117,0.7870921197141735,0.2,44.07322540520822
6748,0.45174300556585756,0.7946418326050738,0.2,55.90901431379685
12936,0.5234587936764473,0.6472969648995821,0.0,10.521811621209476
9617,0.5299754688992593,0.6349245586028949,0.2,21.48584594898127
9581,0.45622048759174355,0.7847790609080083,0.0,42.307442047497474
19181,0.4730944495864372,0.7484602284230769,0.0,12.406103238579455
20667,0.48995752059056774,0.7134365843078024,0.0,21.260409668063595
15880,0.48587685127468677,0.7218000796298477,0.0,9.04848632414849
5488,0.42692128115406003,0.8511556360178455,0.0,35.74853671274951
15949,0.4702629505103763,0.7544632715515481,0.0,9.326674594529969
10148,0.5955459116131714,0.5182767955714589,0.0,8.38571871051173
15096,0.5247443296411518,0.6448441261689314,0.0,11.51240198278335
13107,0.45263944099539016,0.7926594064168506,0.0,19.42887445668795
8661,0.4495826908032656,0.7994354802468221,0.0,55.812590005178656
6174,0.5085145539461333,0.6762614425734425,0.0,41.130220730938156
5893,0.4805824153079947,0.7327565453878763,0.0,52.839074935158855
8598,0.5317148905427265,0.6316478533294302,0.0,18.51675655530226
16439,0.4935291731457704,0.7061733070720815,0.2,1.6122642626611825
10620,0.5969384902838784,0.5159412022479166,0.0,3.709875102578553
9604,0.44954754064952707,0.7995136672602866,0.0,38.956302217296425
16931,0.528446970881562,0.6378128176246511,0.0,4.115487120565863
4264,0.4533755488141241,0.7910344708716718,0.0,56.95448190276037
14099,0.4698532541061812,0.7553348583364993,0.2,9.079880262910086
18319,0.5515284611563818,0.5950618348089566,0.0,3.8337751774745215
16933,0.43191728681143254,0.8395211747842031,0.8,66.32217280795203
15836,0.5444429502829152,0.6079921166017233,0.0,5.010766968671149
9953,0.4493005864668317,0.8000631576167975,0.2,37.37694958932313
9751,0.489241241370964,0.7148995750205884,0.2,56.920304763106856
10861,0.4858807115961494,0.7217921345999141,0.0,12.619452443853707
1444,0.44573068020951473,0.8080403653890356,0.0,46.82997777325828
8449,0.523479195690757,0.6472579902620783,0.0,52.53469537220397
2155,0.41823031134354977,0.871723014117895,0.0,8.800038240916365
7219,0.4587080067963048,0.7793414221219263,0.0,48.2568194307729
19248,0.5504820995489462,0.5969608400620764,0.0,29.26003521128669
3864,0.6272033769798431,0.4664844257451228,0.2,17.58972858323474
13571,0.4782074027326795,0.7377107436664417,0.0,9.228761572115776
14228,0.48282596283161705,0.7280990156627386,0.8,7.786836825550072
1117,0.4115966306877198,0.8877114609456407,0.8,73.68005125848818
5892,0.4795723738590183,0.734860459950294,0.0,66.9935545041534
7523,0.49281585465749117,0.7076196946799256,0.2,21.99281938182626
11927,0.4831741706295335,0.7273780886132771,0.0,13.882010155249866
9849,0.4042442099024308,0.9057361036888925,0.0,25.913108319913512
18439,0.5247671532377133,0.6448006324160046,0.0,7.721487819153575
8518,0.4623785328276778,0.7713713882473477,0.0,37.14924888283866
5411,0.4653949944305939,0.7648687835852065,0.0,58.97138204732227
19353,0.5195379106104809,0.6548154959168083,0.2,25.565633699581248
16347,0.4066344673269727,0.899840611761909,0.0,12.329166087133885
18094,0.5032951415311149,0.686578518472891,0.0,16.366315826960918
8896,0.5060793337568124,0.6810618359036676,0.0,56.14435440959113
3871,0.562142878237445,0.5759992296606323,0.0,40.351626209656615
10269,0.5239625544822107,0.646335058126359,0.0,9.121080486980748
12572,0.5364408559338922,0.6227989635588865,0.0,4.267885339754999
11832,0.4618949016687778,0.7724178993445803,0.0,6.194096154464974
7369,0.484973372225383,0.7236612921799346,0.2,54.140721341193014
19456,0.4948321832939966,0.7035365975434477,0.0,21.28796153560188
15426,0.4851239273964233,0.723350900279436,0.8,4.882980226122369
19810,0.5252388342690866,0.6439021974190364,0.0,23.959923178843944
2371,0.4152446613559211,0.8788873870291235,0.0,13.846868368707547
15618,0.5125767417783218,0.6683048391242348,0.0,5.0540555052133165
2823,0.47069583301570606,0.7535431833533253,0.0,55.01995507261679
12700,0.47527302204455407,0.7438658568204254,0.0,12.188427034461185
5377,0.45625905980285486,0.7846945171804378,0.0,41.23059856659214
7703,0.43755127294745716,0.8265613847428281,0.0,59.185511369388465
11308,0.4649044602300114,0.7659233563759057,0.0,13.840234815971355
19506,0.5270171166420088,0.6405222515716178,0.0,5.267654676839784
17303,0.599325747167617,0.5119500103723992,0.2,3.059971471150705
11255,0.5141502169523487,0.6652398053438858,0.0,18.217593490447854
1525,0.4948833695393892,0.7034331612676576,0.0,20.9798945714848
18664,0.5091916819439029,0.6749307479706017,0.0,4.47911040527601
18235,0.5986324313999792,0.5131075062807711,0.0,16.821458808636873
9105,0.5196113699613029,0.654674112282488,0.0,19.90209276364928
3082,0.47451842317003745,0.7454548351947611,0.0,23.672291610513618
4291,0.45340461094108064,0.790970371262403,0.0,53.074110704782235
3288,0.47795533046180144,0.7382380017742234,0.0,52.55701113791189
17433,0.4795139630600605,0.734982265040788,0.0,48.55660513430995
20102,0.4528626435609719,0.7921664145752875,0.0,25.73907160170525
4734,0.46975496037148157,0.755544081145631,0.0,30.33509601086587
18011,0.47008965368998396,0.754831849937103,0.0,32.45776954729543
4741,0.46971689226674146,0.755625122647096,0.0,38.51043449100849
10757,0.544931424113945,0.6070953195496759,0.0,4.708024272584282
16348,0.4099104237831492,0.8918166217313898,0.0,9.934836621766014
9327,0.4760255337253553,0.7422837839092545,0.0,25.68710094040683
5158,0.4631447375787328,0.7697156655862436,0.0,57.05132137487511
4952,0.5060143469860109,0.6811902563693366,0.0,49.89718627905391
19631,0.5397423674417127,0.6166633506011222,0.0,6.859146391102874
926,0.48220603002491086,0.7293838080770246,0.8,37.07640554033918
17850,0.45864069819640113,0.7794881680641359,0.0,8.549036460942073
12882,0.505973988307202,0.6812700175235373,0.0,12.143637932415107
19071,0.4820068238270483,0.7297970077142231,0.0,16.660900932377494
10363,0.5102518562492028,0.6728508393777756,0.0,16.39232870267717
8482,0.4889104215403585,0.7155759933220908,0.0,21.828646440607997
18478,0.5194733024039989,0.6549398607085565,0.0,4.07536302717327
15222,0.5702055945333894,0.5617582910234811,0.0,7.729794346992981
17949,0.54186809919415,0.6127326665795871,0.0,17.8397114472213
8973,0.49858678786487903,0.6959776067097166,0.0,50.743727199007694
15861,0.4702629505103763,0.7544632715515481,0.0,9.326674594529969
1543,0.4557937572691453,0.7857148584706979,0.2,57.05272105988285
16564,0.5284532279173628,0.6378009772714976,0.2,8.330956540297574
2803,0.3948835254987695,0.9291644297193713,0.0,65.21340323138622
21108,0.5487109264923793,0.6001835216976177,0.0,24.298429097491784
9989,0.4638935787154246,0.7681001092787987,0.0,35.60143889304456
2775,0.44949602946783257,0.7996282583289801,0.0,49.616935869585
2169,0.504348983160319,0.6844868236222783,0.2,48.67727899967671
1531,0.41956256789684937,0.8685426154554441,0.8,50.996476485768355
6162,0.500696099297237,0.6917559501754117,0.0,52.82213645079058
10628,0.5493127225829124,0.5990873774546474,0.0,3.7938109342820434
1845,0.4171372797689606,0.874339903281383,0.0,62.0781331329782
16939,0.4300749011019565,0.843795896854402,0.0,76.78542661375059
14991,0.47669686402962547,0.7408744952917883,0.0,8.968285779638157
17181,0.5819736152054961,0.5413301669768081,0.0,21.314604550182764
889,0.46210499206803307,0.771963158160518,0.0,24.06787971445833
13900,0.5030474395572861,0.6870708000944501,0.0,11.775087197405362
17600,0.5369502119165694,0.6218499040107589,0.0,17.562285349641563
338,0.4491557963030781,0.8003854663404789,0.0,54.726357787644375
10839,0.47374410901024083,0.7470879574696934,0.0,6.839963746165234
2725,0.5036936652956386,0.6857870026533939,0.2,19.93068476461426
9680,0.5143730518762215,0.6648064949189051,0.0,23.467668763430247
16860,0.4208213539298553,0.8655468728151482,0.0,14.555467910309371
1060,0.5164015556595591,0.6608706075053585,0.0,45.287808135643004
3679,0.4057316515680036,0.9020632946376554,0.8,37.62956703235537
1844,0.4211880591693094,0.8646758486747202,0.0,79.69717138908018
5457,0.5200730898869231,0.6537859198090882,0.0,47.51716085124416
10859,0.4872489588370983,0.718980077411325,0.0,11.669046670099261
1406,0.4010794297528299,0.9135957921065448,0.0,32.889448515835625
579,0.4153815042012009,0.8785578938053552,0.0,10.87654431227898
3591,0.43985780453882,0.8213037758036754,0.8,73.12067415723313
12969,0.49512722838898426,0.7029405223907866,0.8,11.343069710757932
13580,0.5470040864955127,0.6032990058467222,0.0,23.90421568766686
8270,0.4319294194865512,0.839493084904295,0.2,56.25443661519948
13889,0.44561912599460657,0.8082906693992324,0.0,13.553820813299968
19162,0.5777914283297135,0.5485423260726527,0.0,4.048489477678086
10525,0.5984731283768415,0.5133736532763756,0.0,2.261539262105782
11968,0.5224363972965632,0.6492520302146642,0.8,5.382299305712566
6295,0.49526115665218273,0.7026700663433658,0.0,20.110417888451316
16054,0.5501726116631974,0.5975232106052679,0.0,3.8797182246949653
8309,0.40655944932565535,0.9000251138837128,0.8,38.836085037411536
13494,0.5268578758417438,0.6408244521221813,0.0,7.444778573662454
17063,0.3893047665999826,0.9433927804129871,0.0,15.261265501770719
6965,0.45749636349499184,0.7819863429429783,0.0,23.944422477183046
13386,0.5655174202358864,0.5700141788855967,0.2,9.000809256997512
17626,0.47907944807281894,0.7358888329598966,0.8,31.35622642876521
18942,0.5068023005198904,0.679634291240226,0.0,16.20078280632875
14952,0.4972526471751879,0.6986570376318832,0.0,4.300164169338271
13488,0.5175438242468591,0.6586610728931523,0.0,19.138055345029358
14548,0.5277477891298531,0.6391367815000886,0.0,9.305511804458835
1027,0.4695632594093072,0.7559522515841446,0.0,44.44999470013089
6849,0.4895411312728674,0.7142867934264993,0.0,21.650032327286887
5931,0.4682886748369915,0.758670346649041,0.0,44.91707636842567
9862,0.5177013216939249,0.6583568020662888,0.0,10.864532849841423
16668,0.49832061659537213,0.6965116006887782,0.8,5.822488678132185
19807,0.5250588549358416,0.6442449180340706,0.0,25.05822832735896
14794,0.4390251762093019,0.8231985185552245,0.8,20.102509456050214
8835,0.43523738838096826,0.8318636763286685,0.0,79.90050865001507
12203,0.4363207143666377,0.8293777226322622,0.0,15.7753452259994
108,0.42690954980600293,0.8511831153442705,0.8,69.67785034160293
13098,0.4750617791802464,0.744310421972653,0.0,4.913193325426317
3343,0.4956282805157955,0.7019290676675491,0.0,48.70334718194827
15379,0.5162313613499687,0.6612002392812356,0.0,9.477049045219538
3719,0.456490295106206,0.784187838524234,0.2,60.4573572382612
328,0.4025523310236499,0.9099301756091422,0.0,32.24337355120073
9540,0.5156345502047797,0.6623570004554449,0.0,17.86641834679788
21242,0.4686238523490349,0.7579548529041785,0.0,6.105705611766335
11303,0.4633934695855135,0.7691787594752327,0.0,13.77022212532669
17049,0.460083947544538,0.7763463114870823,0.0,22.902216188868927
14758,0.32600242332994395,1.1208504641156225,0.0,7.361185284118932
12863,0.5098251998241299,0.6736873574572922,0.0,4.379978120646474
11387,0.5174384435895196,0.6588647105031452,0.2,7.202972867484315
16268,0.5939833235648888,0.5209040348201813,0.2,3.811454777076169
12170,0.4839502517425319,0.7257731632042387,0.8,9.853096272627006
9321,0.4797980837561827,0.7343899224232371,0.0,25.41392992253409
857,0.48037932978424147,0.7331792167955862,0.0,53.03085269488761
18066,0.5179506815497921,0.6578752506186889,0.0,24.370002438557805
7186,0.4699265910003109,0.7551787858379019,0.0,49.16969120683035
14104,0.4764473714175674,0.7413980102194933,0.0,9.068038316347456
8727,0.44976021050604753,0.7990407037831864,0.0,54.91007509127366
5485,0.3944945315343498,0.930150000555655,0.0,65.87322275549224
15208,0.5078820176450046,0.677506107107874,0.0,5.081973260311029
1760,0.45434591098842064,0.7888964525766221,0.0,30.135845090307186
10744,0.4528579657551326,0.7921767440428765,0.0,30.299570580821637
7099,0.4842672094956193,0.7251184388740155,0.0,47.35023627135908
12371,0.49515195420133834,0.7028905853370871,0.0,10.635261179782228
16987,0.46755961757813674,0.7602284141526103,0.0,23.947195045807227
13120,0.4391442633409116,0.8229273018014266,0.0,10.617819637061647
8283,0.4813921868537426,0.7310729838152635,0.0,47.3881450101554
3147,0.45457313885570716,0.788396456736378,0.8,29.0169318307819
18076,0.4686464454886194,0.75790664239406,0.0,6.445237867189073
10081,0.4730601531646524,0.7485327248664703,0.2,64.41124325910036
8532,0.5216250355054391,0.6508062720034413,0.2,46.181214948162165
14011,0.5267450928622421,0.6410385422173738,0.8,9.21813369910488
18587,0.49232678420476833,0.7086125874319158,0.0,16.78986749539856
19154,0.5196991779953735,0.6545051386596336,0.0,5.456936343900798
1864,0.4668934339485647,0.7616542401828109,0.0,54.93811825244031
17026,0.4155901629004259,0.8780556896704339,0.0,57.66191553288941
18116,0.49835022255611683,0.6964521909828042,0.0,21.59210745769917
7196,0.46145477024879067,0.7733712358035786,0.0,44.0473572011007
14318,0.5435581446918862,0.6096185961892415,0.0,18.303493476169592
26,0.4937697862126182,0.7056858902277088,0.0,19.074688751421995
2282,0.4025523310236499,0.9099301756091422,0.0,32.24337355120073
6508,0.4715426256099526,0.7517457767319541,0.0,31.40042143821563
10641,0.5358217919623431,0.6239536508764891,0.0,5.12952278772124
18108,0.4768071382495702,0.7406431921820524,0.0,27.99631351208045
7174,0.45753409644537074,0.7819038692941715,0.0,23.480572240431474
16317,0.4481534421915394,0.8026196003167337,0.0,14.451566319471715
15593,0.5069021487696415,0.6794372944722944,0.0,5.022060921490591
12154,0.4099104237831492,0.8918166217313898,0.0,9.934836621766014
16924,0.5411955919148428,0.6139745277392906,0.0,7.678364884139228
1993,0.5137417504717742,0.6660345707764806,0.0,18.99297388223669
13256,0.4570442165310502,0.7829751388710235,0.8,12.880332904309851
18246,0.4329876947656991,0.8370459699384294,0.2,5.497717796446372
7401,0.4530190573793958,0.7918210851138006,0.0,43.58975013140318
15326,0.4898986482187297,0.7135567496418237,0.0,12.164714686678954
15017,0.5266216060396148,0.6412730034421719,0.0,10.039128086083242
3860,0.44624054358152615,0.8068971369665404,0.0,38.80368343984365
7105,0.3948801989609199,0.9291728538536954,0.8,33.45022273873303
10924,0.5254416013359641,0.6435162245532182,0.0,5.1613218434342025
2605,0.4164019752888999,0.8761041985232282,0.0,16.843101879780136
18611,0.4623985292720533,0.7713281422690507,0.0,22.417110322509657
7660,0.45890652892995676,0.7789087303346451,0.0,46.69947138213713
16134,0.49484504323727846,0.7035106093870309,0.0,7.271485969931231
16996,0.509839867862815,0.6736585871499611,0.2,17.190756877189386
18365,0.5403592280054955,0.615521123548685,0.0,23.48828598069675
7745,0.45345076690375574,0.7908685778257811,0.0,39.873619177424615
9257,0.48136766342867837,0.7311239278280666,0.0,63.00460392278035
12119,0.4933393579224929,0.7065579889615987,0.0,9.252377054123475
1274,0.45336054959726246,0.7910675548459158,0.0,33.296033504171916
11369,0.46509862509793803,0.7655057988993533,0.0,11.297334501311989
20996,0.5191003374509003,0.6556580860800062,0.0,8.753690997204131
6523,0.44599646190934766,0.8074442599322212,0.0,42.58864354752609
10519,0.41854893883434213,0.8709614572171375,0.0,36.92876711498834
17567,0.4970433322523538,0.6990780690556383,0.0,7.6486129761974535
12540,0.5335245153390378,0.6282502573953584,0.0,8.40331872067097
10001,0.5423849467171227,0.6117792958437257,0.0,50.961216043908195
16758,0.5519701071778287,0.5942613878347581,0.2,5.841886647918191
14253,0.4668840203292259,0.761674402630075,0.0,9.608141423649112
8155,0.48894082347631596,0.7155138122160746,0.0,48.840616789987294
9485,0.47677529688186326,0.7407099748041849,0.0,54.44218314810758
19902,0.4993441732672286,0.6944596949958405,0.8,21.013308087621258
11730,0.5007778635445198,0.6915926623606542,0.2,4.56056918552498
10985,0.4921278513812149,0.709016735716804,0.0,3.314653205667506
21224,0.4551903001448083,0.7870397053935225,0.0,5.162272156716011
19157,0.5275286021187825,0.6395521930757485,0.0,5.0521429383337075
1515,0.42754629974202407,0.8496926929796069,0.8,69.67480082432778
691,0.41854893883434213,0.8709614572171375,0.8,36.92876711498834
13518,0.4765287666659854,0.7412271869525441,0.0,9.042971539443172
19926,0.4944907474688741,0.7042268389763743,0.0,29.754288458350487
14053,0.4423105681939039,0.8157430006698068,0.0,4.9882679706546815
18946,0.5542219894508972,0.590189969514894,0.0,21.013712468712246
12386,0.49067220996851474,0.7119789709350619,0.8,5.16611961272965
6495,0.5218633460143464,0.6503495146168314,0.0,17.406604361777653
19296,0.4876627459061306,0.7181312064994948,0.2,21.522391765688294
9006,0.4272920879881405,0.8502874527962602,0.0,79.5635212495988
16005,0.4862244617186321,0.7210849063158831,0.0,4.6372972003114015
9139,0.4528503690044398,0.7921935193123566,0.0,39.978043050998764
5100,0.5344036510342505,0.62660382475787,0.0,48.94747075735328
8929,0.47418135628192704,0.7461654222731899,0.0,56.73095614458417
9884,0.4537733181021058,0.7901575049667778,0.0,58.94574866483696
3869,0.560188893145702,0.5794812429401436,0.0,39.07007666636463
18415,0.525918497394745,0.6426090261688318,0.0,9.26128140035907
15513,0.5137571775860085,0.666004542298953,0.0,9.470585404484936
1008,0.41709625171079845,0.8744382643676905,0.0,62.08511677010602
3724,0.44704407775769806,0.8050980812709574,0.0,57.89459983014088
12331,0.5351552605698731,0.6251983675152817,0.0,8.12789120516656
11755,0.5707152758785582,0.5608648348824083,0.0,5.961993392706484
5608,0.4884398169939344,0.7165390146919943,0.0,35.343284712979084
2157,0.48476290920454523,0.7240953545702411,0.0,47.96407750210278
6618,0.4045707665601768,0.9049286095524254,0.0,93.20764678389982
7123,0.4181502899913527,0.8719143656444932,0.0,10.680950979145038
15481,0.48385280885248,0.7259745324586845,0.0,6.669165441221427
8363,0.46960472941601106,0.7558639393605079,0.0,52.92181325298322
19301,0.5077238182525987,0.6778176441000685,0.2,19.236124801641587
12381,0.44819958759208534,0.8025166377583368,0.0,5.014043995399887
652,0.4539836921869647,0.7896940018789675,0.0,45.391610866509836
6809,0.49049630916562886,0.7123375246418717,0.0,22.11807959665972
5334,0.43740043354505953,0.8269061795532678,0.0,58.793028104478644
21226,0.46323658767118425,0.7695173669153855,0.2,5.223791459904529
10319,0.5116046504407663,0.6702031193250839,0.0,47.6179311167228
603,0.4698408019002919,0.7553613610174738,0.2,32.48053852375138
10418,0.44650342460532877,0.8063082088062425,0.0,29.935803598034997
7832,0.47998708403134815,0.733996083710259,0.0,51.71002465738232
10165,0.4248146001936275,0.856102440074342,0.0,5.411851424704458
16236,0.42935616987651953,0.8454684716943442,0.0,14.153565330973509
8958,0.49901713895486394,0.6951148372175157,0.0,20.352961585200003
10810,0.5231209002477133,0.6479426748105154,0.0,41.21239724227594
15036,0.4911084144419154,0.7110903722170638,0.2,24.99696112404067
5235,0.5892424140462573,0.5289176111626273,0.0,42.70745396604195
19843,0.47731100756927475,0.7395869930755711,0.0,10.946626819309284
5201,0.5182526617651337,0.6572923916155037,0.0,39.84210788668227
10749,0.5491098270067002,0.5994568082872457,0.0,21.940718825347926
897,0.42004734058563375,0.8673878583765776,0.0,32.96073861830995
4489,0.45678077756845403,0.7835517021552301,0.0,54.2570367788154
8922,0.5155410142201635,0.6625384166722359,0.0,48.0837286228477
16107,0.4700790856588641,0.7548543310741117,0.0,6.5080140609034025
11601,0.45213084415330107,0.7937836628253725,0.8,9.704004823833522
19012,0.48396054566616215,0.7257518928068877,0.2,55.919185555589706
20158,0.5282786346471904,0.6381314173347648,0.0,4.197628202760319
11530,0.4411061309383015,0.8184697727651575,0.0,5.776350717900467
20934,0.5501695798162306,0.5975287213400017,0.0,23.30362013226007
15660,0.5697709882317123,0.5625207739188381,0.0,3.588038747857923
4119,0.460429640531118,0.775595224252066,0.0,45.87645869797409
8392,0.4545446592537342,0.7884591100075855,0.0,37.47151439073801
2654,0.46187824294481705,0.7724539660435521,0.0,18.631589572570135
13733,0.5024108498576572,0.6883370680070856,0.8,12.28784952138536
5229,0.5254690896689198,0.6434639111964368,0.0,50.85938935738518
5018,0.43816631128799155,0.8251567345388561,0.0,73.56272414322828
19253,0.4376380246267504,0.8263631380782087,0.0,11.23688559852706
10185,0.45898886821959406,0.7787293214605755,0.0,45.259747331515996
20608,0.5217420117156452,0.6505820437014115,0.2,22.080754290230814
4476,0.4517719958802415,0.7945776603127545,0.0,57.34864202685841
13821,0.5224334064682824,0.6492577550011782,0.0,3.2062945168639208
10061,0.5012667645755885,0.690616855383314,0.8,39.74500213490511
15621,0.6603654996233024,0.4149618099372348,0.0,2.522967673824709
15077,0.4256930590958556,0.8540367109653423,0.0,12.264821665535981
11310,0.4673085256729376,0.7607655849034795,0.0,13.747033887038642
6893,0.4699216678039773,0.7551892624149185,0.2,59.384307822846225
7120,0.4181502899913527,0.8719143656444932,0.0,10.680950979145038
6044,0.48554732143639207,0.7224785265126651,0.0,49.47352120468301
6994,0.5317019221505128,0.6316722433749128,0.0,15.907085594089995
4893,0.43200095295469465,0.8393274848268147,0.0,58.710958203991744
3015,0.4540570210833461,0.7895324917275631,0.0,39.40161502405182
17742,0.423202838964386,0.8599036901326039,0.0,58.76151459767389
10574,0.5125826089909068,0.6682933926840678,0.0,10.68701372282451
10186,0.45909189704905873,0.7785048775253689,0.0,47.08397463636306
1754,0.5405166777701997,0.6152297861898328,0.0,17.99854687866217
5792,0.44546609996187225,0.8086341293282743,0.0,53.612445242220105
20301,0.48185295886116547,0.7301162760765997,0.0,17.09384759216065
20832,0.5309429366974524,0.6331007273614567,0.8,24.134749387770125
18492,0.47756892841255105,0.7390467767827581,0.0,15.858095846314868
11318,0.4959050252791133,0.701370851884203,0.0,5.494224289068658
4592,0.47182014388381055,0.7511574171086195,0.0,43.86007539562591
17796,0.5256973896817787,0.6430295365832174,0.0,11.465537619754082
8947,0.49599768601825456,0.7011840175538692,0.0,38.51954496725152
9409,0.4834935975585293,0.7267172060409313,0.8,38.76673024335943
16844,0.45712831286272027,0.7827911553685593,0.8,9.565707381103763
7791,0.3948801989609199,0.9291728538536954,0.0,33.45022273873303
21041,0.5453806144315859,0.6062713529654788,0.2,29.034637692637197
16378,0.48070965100734975,0.7324918272973885,0.0,7.93691537071763
11155,0.6266673009119695,0.4673394997331956,0.0,1.7058359603001054
18954,0.4723885260019925,0.7499534836880454,0.8,4.884371771845463
19022,0.5000382275625345,0.6930707283574205,0.0,53.50852420803004
5250,0.44611341472047467,0.8071820661938472,0.2,63.230606416297775
12476,0.5886706447565563,0.5298884287120808,0.0,3.901700981810366
17306,0.5583770804216575,0.5827207734665021,0.0,4.442080262742555
18900,0.5159377595295417,0.6617691418426599,0.0,16.65209698687142
4377,0.44731751343322734,0.8044866156473391,0.0,55.63025069956266
13546,0.5549592834861016,0.5888605310150108,0.8,7.638698880209109
10392,0.5271679796477045,0.6402360342702036,0.2,3.8094045107586276
2091,0.49205800088904844,0.7091586814522006,0.0,63.89873996239778
498,0.4307868716815612,0.8421418084410384,0.0,61.10159916844082
9831,0.5280319702128855,0.6385984474633148,0.0,20.020061571580896
11355,0.4689628353081382,0.757231756089055,0.0,6.623979886648751
10256,0.5079913513828813,0.6772908563854272,0.0,7.961892553725187
8253,0.4501541345377433,0.7981652336697795,0.8,29.424359634171523
1850,0.45687271836872745,0.7833504424851415,0.0,54.09034745595007
1621,0.4697510832561018,0.7555523346643945,0.0,30.335427389656815
4324,0.4813165390848551,0.7312301399041302,0.0,47.39833186658876
10802,0.5642418473816403,0.5722723119814476,0.0,17.17746858803902
4140,0.4704659398801899,0.7540317139050517,0.0,53.47404084929047
19809,0.5251511056096655,0.644069237593917,0.0,24.18479938026575
15219,0.5281970603153843,0.638285844610957,0.0,9.733859282496299
14277,0.4704685310888542,0.7540262061704661,0.2,36.31201650590552
8624,0.4872648422986974,0.7189474796962757,0.8,23.64438441574117
5278,0.4570515641543955,0.7829590626052739,0.0,37.22578719792689
17364,0.52460070539838,0.6451178669098179,0.0,3.790712462300389
990,0.4302057343075528,0.8434917328381035,0.0,53.78946497154013
4021,0.5455601349484018,0.6059422415659124,0.0,46.07433226847358
2203,0.411671374041275,0.8875298837354704,0.0,72.48457075087575
17388,0.4388733896873262,0.8235443136832373,0.0,11.467853939724632
13202,0.5130018737744296,0.667475781236304,0.0,4.47409020745887
12098,0.5336514325041543,0.6280124012743104,0.0,7.766629131783031
15681,0.4128637298745033,0.8846376923449177,0.0,2.4383711654301963
20912,0.5562996388195787,0.5864482111558573,0.2,21.106270985271962
3895,0.4117446402031588,0.8873519271234791,0.0,55.06018978599505
4111,0.4627694813679208,0.770526229294369,0.0,47.04062571055637
295,0.4476603890948084,0.8037203940961979,0.0,52.201640209738045
6934,0.4492831324410835,0.8001020054734482,0.8,54.56695433157162
1849,0.4302057343075528,0.8434917328381035,0.0,53.78946497154013
18281,0.41046805682698995,0.890457168398809,0.0,26.93232024191781
14815,0.4682291920030619,0.7587973764391085,0.2,1.8082899396158267
4437,0.4699512353885765,0.7551263441532928,0.0,35.57400253395417
17605,0.5361133681858884,0.6234096324664651,0.0,18.248446362034368
6975,0.49248933942839146,0.7082824644349451,0.0,41.12288085777085
847,0.5007400746697694,0.6916681255617142,0.0,57.379056204401934
8276,0.4508607760179991,0.7965966877625841,0.0,47.48512904373167
11142,0.5324626867475765,0.6302424556892398,0.0,21.257762192723327
10826,0.48444604224584864,0.7247492217668078,0.0,12.372918733355835
10328,0.4469149735342347,0.8053869182689705,0.0,25.26096204332146
17508,0.45338684330399126,0.7910095591859515,0.0,57.00410279644927
12353,0.5176373592989986,0.6584803604654522,0.0,4.294938333248895
11911,0.5231246091606893,0.6479355848628068,0.0,8.531368036207791
7358,0.44582532311072764,0.8078280558959336,0.0,63.515480894817784
17986,0.5269891665187144,0.6405752875425554,0.0,27.15078370910726
6507,0.4731885913572503,0.7482612567263428,0.0,31.254873035986165
2116,0.4963492095207105,0.7004755485321198,0.0,53.39374761801997
13655,0.5826845811334235,0.5401092662550753,0.0,1.8956754796261057
7127,0.4183500686754475,0.8714367120826667,0.0,8.466004466586554
2621,0.4154156486438113,0.8784756969838743,0.0,13.840382193175373
9316,0.4976172513524197,0.6979240690415283,0.2,24.357549743312433
7996,0.4356272922971354,0.8309682353930777,0.0,46.953864198347944
18277,0.4772860321540498,0.7396393196891919,0.0,16.270216245228006
8235,0.47823584305738187,0.7376512726526917,0.0,49.809903311439534
20405,0.5031084486277306,0.6869495284878617,0.0,24.78513762517972
11254,0.46983261923428576,0.7553787769958814,0.0,21.939975915090862
17467,0.5260276896520782,0.6424014257058616,0.0,25.01189916677835
19835,0.5006223750789052,0.691903204461339,0.0,25.628094007003668
13095,0.5063193796913337,0.680587623647506,0.0,4.4108883525121865
8208,0.5246125490904483,0.6450952905803289,0.0,19.69153349888021
14145,0.39052308912851313,0.9402681843606715,0.2,31.781063914023
2356,0.4828862718117637,0.7279741151425597,0.0,53.57889376369205
17565,0.5115217037164458,0.6703652629824439,0.0,18.758495383240916
15907,0.5471634714814639,0.6030076702356147,0.0,8.624517065527376
9570,0.4518535216094055,0.7943972189068683,0.8,79.06238442386002
3892,0.39495190217357096,0.9289912881443629,0.0,57.643912264414126
4203,0.43764845544769726,0.8263393040051713,0.0,92.96317800505034
763,0.5001641269265535,0.6928189805703473,0.2,36.89607555028435
19238,0.5017287496560744,0.6896956446568413,0.0,22.996520848448867
1115,0.46975496037148157,0.755544081145631,0.0,30.33509601086587
12915,0.4947238856804926,0.7037554787515607,0.0,10.952547664825376
20919,0.5383230627419842,0.619296410673349,0.0,22.932855990581707
2755,0.5028641664607524,0.687435192149309,0.0,19.978585271839293
18104,0.4455273984241256,0.8084965335714903,0.0,7.713057284951512
4170,0.4379539718285151,0.8256414612772413,0.8,61.14287551727965
11635,0.41622220915099595,0.8765360047187643,0.0,5.976222339736316
17509,0.4532464124576487,0.7913193445298559,0.0,41.00221075010273
13313,0.47421600409018594,0.7460923562573573,0.0,4.24496706333118
15741,0.5175050708076023,0.658735955228586,0.0,2.797980912508384
2598,0.4258441165953976,0.8536819231640841,0.0,17.62853301595358
7954,0.5319112162479568,0.6312786903195972,0.0,18.414399444785392
7493,0.47220298052084647,0.7503463423624059,0.2,31.724641723546362
1914,0.5086058215878294,0.6760819797603155,0.2,52.09211860377077
5911,0.4025523310236499,0.9099301756091422,0.0,32.24337355120073
6568,0.458979445867359,0.7787498501696622,0.0,65.5668404266842
3175,0.44298311082850306,0.8142236342043854,0.0,73.28827105410606
17276,0.4109094364175055,0.8893824381155222,0.0,7.151968957531366
6122,0.4870406318350313,0.719407726453738,0.0,54.746926885400384
4131,0.41660095411944725,0.8756264599047742,0.0,69.41528560480106
4626,0.45025750710334866,0.7979356218760645,0.8,42.37038030406589
16452,0.4523312399408604,0.7933405358123939,0.8,5.413359175622822
16445,0.46764152089476185,0.7600532575719239,0.0,1.8086075012388587
2593,0.4753261501294741,0.7437540787197695,0.0,32.06696118956604
16809,0.45682889133695986,0.7834463754053327,0.2,2.278262147095572
7518,0.4901504986967568,0.7130427948378966,0.0,19.202244042609145
4149,0.4361472044335304,0.8297754677679994,0.0,61.092218814418956
9497,0.4535321225413411,0.7906891794297356,0.8,53.54151488949429
18978,0.41381816465577687,0.88232861744764,0.0,9.054015424325716
8810,0.49016179758285644,0.7130197432325193,0.2,24.460142509187932
8600,0.3948835254987695,0.9291644297193713,0.0,65.21340323138622
14084,0.4354881900920917,0.8312876011006978,0.0,32.78639884684759
5702,0.41956642086019225,0.8685334322109263,0.0,74.20315166049754
12771,0.4815778230494036,0.7306874345332475,0.2,7.1739621089423675
15246,0.4827942914608781,0.7281646136462306,0.0,5.096060301376354
19692,0.530540768964775,0.6338584738059385,0.0,25.51026832056014
21196,0.5253708344696998,0.6436509143683745,0.0,24.31423469340519
4723,0.4978799598617704,0.6973962754676442,0.0,18.958021028042783
12947,0.5040047793082164,0.6851695282013318,0.0,10.238146406988411
17098,0.48729989411491254,0.7188755464220239,0.2,10.089778453029266
13379,0.5635371588316573,0.5735220047631217,0.0,7.365169589543633
7226,0.41652346223088416,0.8758124870749441,0.0,9.375567595878834
10873,0.4159686640408678,0.8771453483829186,0.0,4.84157932820085
6929,0.42492831220087374,0.8558348014597295,0.8,57.66828498342949
3726,0.44436792754825727,0.8111023940545032,0.0,58.41559169698845
17709,0.5548553400599667,0.5890478477510377,0.2,9.6788214351651
2202,0.4328928866007838,0.8372649566378298,0.0,73.65210405098634
718,0.4410466041010671,0.81860473088513,0.0,73.01135170073299
4682,0.39495089773893827,0.9289938313297594,0.0,65.20142978382782
4470,0.45226587072916996,0.7934850624995415,0.0,54.81394654347757
4287,0.4531965481886869,0.7914293663871088,0.0,52.9743287450474
10017,0.47663070267020485,0.7410132961863347,0.0,53.38259570894009
894,0.42046617877447595,0.8663912337801547,0.8,34.82026249581711
3936,0.41651785187643936,0.8758259566456602,0.0,70.67915536950696
6784,0.4732979575057275,0.7480301575118947,0.0,41.14539961292418
19095,0.5188947181547745,0.6560542715872587,0.0,22.77640070083482
18193,0.5260276896520782,0.6424014257058616,0.0,25.01189916677835
18356,0.5409834091877931,0.6143666675415831,0.2,25.841490938874912
16288,0.4395974508398251,0.8218958552869883,0.8,10.943954474273195
18329,0.5362541585028655,0.6231470539860802,0.2,9.990294204195173
4864,0.5072474008170418,0.6787564243562867,0.2,50.4078428512893
2613,0.4821526243442807,0.7294945670367597,0.8,20.31277571823441
20483,0.5316332852357813,0.6318013407928296,0.2,19.061446499922287
8718,0.5194746970799782,0.654937175923601,0.0,43.56641874385733
2069,0.4668836549443229,0.761675185233527,0.2,75.46677584204653
14691,0.5288742729255751,0.6370045446995036,0.0,7.997591949353191
16943,0.443800499568309,0.8123801428233735,0.0,25.20003240225916
11314,0.5428546463062527,0.6109136812430828,0.0,7.328520260346762
16927,0.47703019198795993,0.740175494524633,0.0,5.449542219614882
16389,0.45552845072792914,0.7862971037981642,0.2,2.2865520655800102
1580,0.4861080576859007,0.7213243388782307,0.0,44.01160409639381
6279,0.4865169846623064,0.7204834660182983,0.0,23.69489916414889
17405,0.5050415482485006,0.6831145793316703,0.0,22.777772439423703
18784,0.5258280968633202,0.642780931706042,0.8,28.814263049737583
19327,0.48062194141600423,0.7326743025063178,0.0,12.604929046890096
14428,0.4494139136008624,0.799810959316619,0.0,6.506862022907914
1809,0.4945958437539851,0.7040143271772272,0.8,41.37668139947922
19113,0.6224102379263302,0.4741558571428126,0.0,15.570568934397867
17752,0.42138646186738005,0.8642049046886773,0.8,53.62823562419028
1502,0.4723765644948586,0.7499788053415545,0.0,62.78822649869642
4953,0.5044743909911296,0.6842382016441008,0.0,50.01781149611912
12460,0.46703713351665077,0.7613465094494436,0.0,4.787613221336114
6393,0.5111305522249686,0.6711302376026619,0.2,18.795003020906975
1305,0.4489732422246106,0.800791987170227,0.0,53.2526671468201
12264,0.4821448786891738,0.7295106319028052,0.0,11.85162924167495
14382,0.4956954510588236,0.7017935508005733,0.0,23.488678959389755
19208,0.5329358567393273,0.6293542058868463,0.0,50.3483364709477
7650,0.42571460725145605,0.8539860932496303,0.0,16.13179678025378
1152,0.4010794297528299,0.9135957921065448,0.0,32.889448515835625
16819,0.5471083786144179,0.6031083634355501,0.2,2.124750765533781
13392,0.46398804124364285,0.7678965002698201,0.0,4.747904220082426
2059,0.5201470940944752,0.6536436341491547,0.0,53.19874841529334
14275,0.46583592070088636,0.7639218083590228,0.2,36.78856396150616
13570,0.4765287666659854,0.7412271869525441,0.0,9.042971539443172
1167,0.49410569950149774,0.7050058180795811,0.0,19.03515708814869
16791,0.40173103404704147,0.9119724838247472,0.2,6.419237580737892
11447,0.4990830723165705,0.6949827194981567,0.0,27.536953757729236
7392,0.4933958747874424,0.7064434357093426,0.0,20.719985915457666
12162,0.42111674997059584,0.8648451679000414,0.0,12.109821721466377
2529,0.4480605625624117,0.8028268714126272,0.8,64.65124884445434
11880,0.46725552769351353,0.76087900244675,0.2,6.516472277744631
9653,0.445166970660529,0.8093058522239484,0.0,55.631682553010386
445,0.41854893883434213,0.8709614572171375,0.8,36.92876711498834
16550,0.5236433484599663,0.646944459106683,0.0,5.293914020236519
9164,0.5222547117558721,0.649599856554811,0.2,44.20202104981925
17118,0.4591652623675349,0.7783450849925693,0.0,9.084181657945114
2604,0.42108507489554603,0.8649203875781032,0.0,61.608278811259154
16801,0.48829956727854473,0.7168261940944263,0.0,2.1354968748521
2687,0.5193375788007348,0.6552011664120142,0.0,19.082079130496254
15321,0.499234426405063,0.6946795011536001,0.2,7.19958867901641
16988,0.46746686775884616,0.7604268038689431,0.0,16.62597188345761
2483,0.4632894896752169,0.7694031726031398,0.0,61.025211578403564
933,0.4432947993928172,0.8135202688749116,0.0,64.33114856542245
11599,0.48724706109195076,0.7189839722351287,0.0,20.309500057409476
18013,0.49575606980978354,0.701671267966245,0.0,20.743508840498066
11850,0.4977146067231107,0.6977284450991987,0.0,10.728342721575578
5124,0.46972103729678616,0.7556162981576555,0.0,35.782209453362086
10935,0.5224141815811785,0.6492945544106347,0.0,4.210675272043141
19546,0.49636176115417935,0.7004502609432036,0.0,21.194573622220652
12613,0.46381072850733657,0.7682787226746043,0.0,12.774170210542117
7305,0.4986525128845539,0.6958457927715362,0.0,20.374363962929447
20123,0.5986324313999792,0.5131075062807711,0.0,16.821458808636873
14368,0.5494951344062411,0.5987553597613917,0.8,5.721107359736928
16004,0.5131239210834984,0.6672379014163914,0.0,4.204265777565485
3003,0.47921298549467695,0.7356101342703427,0.0,58.94076200841122
8259,0.46848066562399904,0.7582604468339996,0.0,58.015263358476254
8206,0.5261965570587983,0.6420804534250997,0.8,19.15454455685134
11078,0.49680207903137347,0.6995635635258647,0.0,4.661156989420141
3560,0.44510949775739084,0.8094349647081189,0.0,80.5671060009633
6132,0.411671374041275,0.8875298837354704,0.2,72.48457075087575
19718,0.5061758723085374,0.6808710963521409,0.0,4.34770235458879
16631,0.5471912088720726,0.6029569784606125,0.0,4.192058456000112
13137,0.46958128843532654,0.7559138570131216,0.0,9.71538281842532
19414,0.48199802881753556,0.7298152545300743,0.0,16.661317498063593
18707,0.47638601115493884,0.741526805586733,0.0,27.48988069574966
19772,0.5428118234485496,0.6109925689289758,0.2,10.614468368757358
1375,0.4025523310236499,0.9099301756091422,0.0,32.24337355120073
8091,0.4760352133607686,0.7422634498382549,0.0,52.34813093244706
16910,0.45141152057664924,0.7953758930443412,0.0,5.107705195771627
6641,0.4786116633091895,0.736865734165874,0.0,39.97496607849867
13633,0.504011643442781,0.6851559091086071,0.0,19.79175608744225
4648,0.5075745101629794,0.6781117607877787,0.0,46.32859529007774
20036,0.5326546651040306,0.6298819726716656,0.0,3.8681053647761394
4977,0.5036293961655357,0.685914606463232,0.0,48.02774105854229
9402,0.471453070294077,0.7519357146426652,0.8,32.359553364910816
13351,0.5520660676692467,0.5940875520604495,0.0,6.1874221153299604
18711,0.5675394231750517,0.5664450638895087,0.8,3.643941078174474
5887,0.4547374529640003,0.7880350530277667,0.0,76.2029872228929
16601,0.4727051600849107,0.749283425048513,0.0,12.018255294297532
15306,0.5240076653327462,0.646248966270483,0.0,6.032087768583009
12255,0.44448394981418615,0.8108413330846325,0.0,7.724479755485214
12084,0.48524733782039864,0.7230965431502333,0.0,11.385154299549988
1109,0.4164607791739247,0.8759629894589317,0.0,51.68181637807697
12014,0.5633341915728162,0.5738822362322475,0.0,4.6085615344952595
3440,0.4141094168822236,0.88162504808975,0.0,82.60826431550343
11866,0.5092013812061645,0.6749116998002774,0.0,10.577385069990349
15182,0.5115884034847692,0.6702348766868763,0.0,9.52403826247373
18563,0.47812944899129767,0.7378737693647905,0.0,16.242446911095463
12080,0.5482476110765504,0.601028249055146,0.2,22.033695232059415
3057,0.3948835254987695,0.9291644297193713,0.0,65.21340323138622
428,0.4173417982618005,0.8738497328209864,0.0,49.507952212789704
3470,0.46865330797837157,0.7578919992882085,0.0,60.93451789922338
4405,0.485041754077602,0.7235203008686074,0.0,50.87433172198311
8126,0.4861080576859007,0.7213243388782307,0.0,44.01160409639381
15799,0.49812219728938606,0.6969098559741669,0.0,7.600150389131774
16915,0.4714102798379857,0.7520264816792982,0.0,5.25365668831746
345,0.4272093803448125,0.8504810338412353,0.0,66.52037094733765
11695,0.451427248545248,0.795341051898528,0.2,1.892577629496918
9516,0.5503657451546997,0.5971722305739252,0.2,18.336471716308782
16480,0.5196877686883312,0.6545270925759861,0.8,8.262422668240989
8163,0.5474778765257327,0.6024332262800911,0.0,42.92788313970517
11432,0.5341458045062207,0.6270864351446844,0.0,15.820449461639244
910,0.40490700632998694,0.9040978522409606,0.0,32.683138738054566
9720,0.47173339930456154,0.7513412849561192,0.0,51.48566269807388
19939,0.5083487765593643,0.676587498953419,0.0,24.21844828616892
16043,0.41309446655462295,0.8840789795986325,0.0,4.017939947208933
14844,0.565171165582468,0.5706266457815837,0.0,7.909455972006818
8099,0.48155475997373914,0.7307353263314804,0.0,50.154020683780224
17863,0.48153995606050565,0.7307660687143182,0.0,16.995426437787685
14718,0.515693037159192,0.6622435797437493,0.0,10.400535369350408
9861,0.5172992067081362,0.6591338354976475,0.0,10.910994691136885
4965,0.4841902343926093,0.7252774032222332,0.0,56.58251340299461
293,0.45004803304603835,0.7984009618117835,0.0,41.51685001421275
522,0.41611859514101435,0.8767849748761385,0.0,68.77501222520337
7674,0.4585014731028408,0.779791774416535,0.0,56.68306598612644
20613,0.4844692604309063,0.724701295627138,0.2,4.4772047578151
2368,0.44832350332730947,0.8022402015186719,0.0,60.54105693001871
4676,0.39489917047200035,0.9291248112944229,0.2,66.72974366361906
4265,0.453014576947763,0.7918309753241926,0.0,57.89472006929488
5325,0.41369654894377217,0.88262254747905,0.0,84.02566719339313
13340,0.4921892324186206,0.7088920176996213,0.2,13.380336158028243
7906,0.526296886877615,0.6418898017498829,0.0,42.303746600769145
7474,0.4855873383939259,0.7223961137243841,0.0,48.8487854380854
10770,0.522682084307853,0.6487818691369681,0.0,5.25247332714119
174,0.4076026182173492,0.8974625541572665,0.0,53.04003558127527
15278,0.44214425666910734,0.8161190775978342,0.0,7.223878043376454
1871,0.4146590527352219,0.8802986560907059,0.0,51.224577589011936
12403,0.40925910309859226,0.8934068196096906,0.0,7.0221775084100635
7729,0.5247423578297926,0.6448478838370995,0.8,18.849547843028798
17878,0.450513240316319,0.7973678120963313,0.0,39.68180865382093
119,0.38938110682720206,0.9431967058980404,0.0,70.11252626940845
9644,0.47049510698074787,0.7539697196266179,0.0,45.16655513385935
13561,0.4956954510588236,0.7017935508005733,0.0,23.488678959389755
159,0.45215987319976303,0.7937194599182434,0.0,37.70167434611656
9902,0.4876393959686992,0.7181790889688001,0.0,61.66285838702082
8745,0.41453005892090894,0.8806097885297124,0.0,69.07503060293712
14974,0.5253521806093202,0.6436864210815878,0.0,17.753193110737598
8819,0.48079441651184407,0.7323155087407076,0.0,51.52937920814519
9104,0.5199971691829918,0.653931911300344,0.0,18.63705822478367
4536,0.4168905730501549,0.87493150636794,0.0,63.98811758727464
19582,0.5842962960543067,0.5373470685582051,0.8,3.4242441636399166
11266,0.47998731179294296,0.7339956091942808,0.0,16.805196604706264
16030,0.44223953415287365,0.8159036112242446,0.0,4.787640908926387
17329,0.48896954655489194,0.715455068430418,0.8,21.252592070829557
19119,0.4686464454886194,0.75790664239406,0.0,6.445237867189073
10437,0.517912438001507,0.6579490896184189,0.0,19.785844099370507
14616,0.4379744318833127,0.8255947450051929,0.0,13.798578183214909
19034,0.45162696930374274,0.7948987290394937,0.0,69.2356780864207
17592,0.48577557994895415,0.7220085313824395,0.0,23.48405019683168
11552,0.418989398230838,0.8699096619318136,0.0,6.9375726106912765
2133,0.4302057343075528,0.8434917328381035,0.0,53.78946497154013
16263,0.6056670944565943,0.5014247929418413,0.0,3.8649821567113607
10741,0.4458425439291566,0.8077894298131338,0.0,5.914311442456547
7711,0.5061653405983809,0.6808919029932667,0.0,52.49676468182227
1705,0.4954673144842078,0.7022538921018724,0.0,20.365362870954296
20947,0.624759650272666,0.47038826277146145,0.2,1.797400645335732
7240,0.4534610550305709,0.7908458895631149,0.0,36.41805740528144
15557,0.5782163635411436,0.5478071489682119,0.2,9.492127778176938
20028,0.4896243070569114,0.7141169022498133,0.0,28.833540515275388
3379,0.4057316515680036,0.9020632946376554,0.0,37.62956703235537
6661,0.49642122900109903,0.7003304606493217,0.0,43.691869819617985
17895,0.5276534171536489,0.6393156177111785,0.0,28.161852472418307
16856,0.47491765402768066,0.7446138499177924,0.0,10.2086559107777
7594,0.45338522133415105,0.7910131366447274,0.0,50.5220051751299
3331,0.4676652399341131,0.7600025382991683,0.0,15.95435351717966
9673,0.5845056721870854,0.5369887937764928,0.0,19.42610538687929
13753,0.4967396773691101,0.6996891781000754,0.0,20.110816415069607
20367,0.5318053383273791,0.6314777619998713,0.0,5.762550294245309
10609,0.5172308110012669,0.6592660611572188,0.0,40.81186471116949
21165,0.6307972578883687,0.46077077094079866,0.0,2.6317845050134028
15317,0.4814311805646844,0.7309919851351676,0.2,8.629944975383857
19110,0.5837674993007623,0.5382524930594567,0.0,15.95165122515293
8659,0.44933636243094255,0.799983534885563,0.0,56.83883259497526
2126,0.48789430309464693,0.7176564886075949,0.0,28.448980717016177
14921,0.5270562808651977,0.6404479413323126,0.0,2.6434489908431895
820,0.5186263700514137,0.6565715586330741,0.0,48.55675082092743
6267,0.4318008519227697,0.8397907879465221,0.0,62.95072310271511
8573,0.4539266452910826,0.7898196682440309,0.0,59.070613711072575
3399,0.45654463731256295,0.7840688021007816,0.0,28.638112697632533
12646,0.5491142986940126,0.5994486647995771,0.8,8.57361439109304
20867,0.47418476376289825,0.7461582362700226,0.0,5.390247081736437
9969,0.5156637828237917,0.6623003095482968,0.0,36.2129237605009
6789,0.4991571582407826,0.694834286441503,0.2,50.08018172538783
1469,0.41796282563118886,0.8723627843089116,0.0,56.838792818951234
1672,0.4539198872809694,0.7898345562451873,0.0,39.188037534159626
1024,0.4146590527352219,0.8802986560907059,0.0,51.224577589011936
10400,0.5149217956631436,0.663740242930522,0.0,10.982577433384137
6149,0.4488344553116406,0.8011011556357154,0.0,37.75990162626775
6942,0.4491792881818037,0.8003331654137164,0.0,43.638164012365635
9145,0.4364625941748252,0.8290526022775332,0.0,55.236040762750996
4737,0.5171564687892243,0.6594098027008806,0.0,38.90517835935195
10992,0.5817526146726799,0.5417099823144689,0.2,3.46748580292426
18565,0.4772860321540498,0.7396393196891919,0.0,16.270216245228006
20840,0.4680558241223778,0.7591677078652866,0.2,12.401535590018744
9878,0.49617499599870635,0.7008265999680938,0.8,21.830748321661993
10526,0.38971603566170676,0.9423369187498876,0.0,21.443818063931957
14747,0.5614122536702015,0.577299788306095,0.0,2.308275251468807
5047,0.5171443001838858,0.6594333328106979,0.0,50.17627987864901
11653,0.6043280606575354,0.5036380817141484,0.2,17.32288397197123
13470,0.5345978332341743,0.626240528345438,0.0,8.257607525539733
11697,0.4325865750657643,0.8379727990797965,0.2,7.3770936837431655
7567,0.45693260110887113,0.7832193801265559,0.8,42.078465977690946
12691,0.44653760887890426,0.8062316518008856,0.0,13.991747053553045
5358,0.4515506328430095,0.7950677687958685,0.0,41.44688363655263
12499,0.5638521441494023,0.5729632176163781,0.0,4.836583184014092
4319,0.48423004869585723,0.7251951779653573,0.0,45.76706812401771
4841,0.4781208999245194,0.7378916497593717,0.0,49.110376160088386
2742,0.465470123709977,0.7647073653988719,0.0,54.84863753351034
13307,0.46528326650850477,0.7651088835796195,0.0,6.9433631549682815
8980,0.4307033851630334,0.8423356272756121,0.0,58.96349390929284
10171,0.5314708365702623,0.6321069527520937,0.0,48.65642931227708
11895,0.48383414386799656,0.7260131089516986,0.0,9.548887526268025
15436,0.6098421886785411,0.4945550623695895,0.0,3.1222991843339267
4535,0.4174640377846657,0.8735568754439519,0.0,50.55055275634129
12571,0.5363720008805444,0.6229273271462635,0.0,4.2687649832752665
8196,0.5352861944275311,0.6249537322618547,0.0,18.405198409123972
6533,0.4760486472223459,0.7422352299258409,0.2,62.42569367314452
10647,0.5365573863446449,0.6225817583359529,0.0,4.98937032174001
19269,0.4929863535891707,0.7072737856690645,0.0,24.255247648212695
8230,0.5238612757276025,0.6465283706890316,0.0,18.418299553352806
9187,0.5219063177785153,0.6502671750630318,0.0,47.360581844874545
4330,0.4857443571561348,0.7220728075576113,0.0,45.15121177514091
10085,0.4921278513812149,0.709016735716804,0.0,3.314653205667506
3714,0.472709736665075,0.7492737434152321,0.8,61.4779129338218
16966,0.45717171535004686,0.7826962139138509,0.0,26.46295708154787
11809,0.5229747232475962,0.6482221463956848,0.0,9.906098737229723
13142,0.46560192112523957,0.7644242564453295,0.0,10.483314971696863
18602,0.49254432537017157,0.7081708216682008,0.0,28.232292667161758
15421,0.5364563691977619,0.6227700451061078,0.0,4.907116812732854
6007,0.4566276357638413,0.783887021611045,0.0,46.945031614498106
16611,0.48059919685667724,0.7327216268075126,0.0,4.758916999452949
15170,0.4879237287976528,0.7175961787915164,0.0,11.38645621726127
12503,0.5630955352335782,0.574305975658027,0.8,4.733257658605076
12490,0.4248146001936275,0.856102440074342,0.0,5.411851424704458
2283,0.4376889263790323,0.8262468346734505,0.0,58.746148684529715
9354,0.4842235341935967,0.7252086313768077,0.0,55.1919997925064
16679,0.49106392669149757,0.7111809627348072,0.0,17.709117847572095
10401,0.5107723756142891,0.6718312369159805,0.2,10.837645762331437
13146,0.5449116329931953,0.6071316387621034,0.0,4.299675733576704
2917,0.4566838532980736,0.7837639145769683,0.0,48.33276383321861
9285,0.44735011435254174,0.8044137373664753,0.0,74.66568285686864
1368,0.4172217370094836,0.8741374550807569,0.8,53.07325238404118
7982,0.5342547475922831,0.6268824983604401,0.8,17.427333573988584
4368,0.46589079864216,0.7638040099956233,0.0,51.323813132242485
10362,0.5019025027211023,0.6893493958401524,0.0,16.928008081315042
13898,0.44561912599460657,0.8082906693992324,0.8,13.553820813299968
20160,0.5232929346257539,0.647613867270215,0.0,4.730495714580637
6176,0.5150364715386773,0.6635175623042106,0.8,53.62549171405544
12475,0.5889620462906147,0.5293935349438944,0.0,3.9169827276895672
12029,0.602101720272085,0.5073288773955956,0.2,3.2857739744009757
14174,0.5490900187980154,0.5994928822473041,0.0,24.022879651003606
15760,0.5182593278029551,0.6572795291732193,0.8,5.521148264445754
10454,0.4031836958953866,0.9083629998099606,0.0,26.12451834987733
14672,0.5270245905903072,0.6405080700677035,0.0,7.506755057645639
21049,0.5016489681696626,0.6898546704856244,0.0,6.089691847132144
4513,0.49110634550612225,0.7110945850142596,0.0,19.565767072649663
5081,0.5006866555086811,0.6917748116716995,0.0,44.965362758660476
19444,0.5108147159399175,0.6717483456461072,0.0,11.15572565252557
1571,0.4942397857846187,0.7047344832357643,0.2,20.693823591556274
4459,0.4544844626635299,0.7885915515077332,0.0,44.00735177254809
17581,0.5441295907644088,0.6085678421787444,0.2,24.571838978285626
6053,0.45393591982976517,0.7897992366522038,0.0,73.15910112184524
3497,0.440844399528473,0.8190633013327371,0.0,83.6673174809305
3304,0.4618774537769027,0.7724556746509624,0.0,52.53471208315531
20574,0.510214304057085,0.6729244374912562,0.0,18.601314032887366
989,0.43009974101410275,0.8437381413453765,0.0,54.15111416903471
418,0.49210818693350905,0.7090566945212837,0.0,19.786228899905332
20045,0.3403318375178923,1.0778341446434505,0.0,27.418483810391805
10521,0.6472044121265271,0.4350930960074968,0.0,2.098312644173773
20106,0.500413665352057,0.6923201919052326,0.0,15.758938896441245
9964,0.5134974049575564,0.6665103032629903,0.0,42.51336213446347
581,0.4501332623571845,0.7982116014866223,0.0,51.11347977939844
1289,0.44911512997244096,0.8004760099158644,0.0,64.88658951664013
8080,0.39502207072010564,0.9288136404012045,0.0,65.24451317790262
6332,0.4518712217146157,0.7943580474548455,0.0,43.495075736855995
1780,0.4507006554847688,0.7969518949161266,0.0,53.941687061714696
21050,0.4988958355654176,0.6953579513830612,0.0,4.412706879644995
21037,0.4928299757972211,0.7075910411021503,0.0,32.01495589887802
173,0.4076026182173492,0.8974625541572665,0.0,53.04003558127527
13357,0.5525257530168732,0.5932552348812795,0.0,6.110825214220519
4860,0.4632913898479202,0.7693990711312764,0.0,27.529097825869222
17631,0.43709780885444055,0.8275982900413776,0.0,75.93213995425947
18249,0.4440304542118599,0.8118621283348857,0.0,6.316287431999356
3938,0.4749537255599053,0.7445378995670036,0.0,56.065563591639744
15248,0.5463477379898094,0.604499623195772,0.0,4.929392037837948
10739,0.4405367878487357,0.8197613232479599,0.0,6.001964862662654
17568,0.5318933347336732,0.6313123083639434,0.0,23.13065162761427
3091,0.4697420860974698,0.755571487882163,0.0,33.230036573460836
12547,0.4588757303494657,0.7789758455576541,0.0,7.472832240976085
20847,0.5444775750488791,0.6079285219404601,0.0,7.075680319642913
18583,0.45277228922768176,0.7923659526679971,0.2,21.500850307004274
13572,0.4762178714972225,0.7418798162400053,0.2,10.595527229894689
1428,0.40322613453948697,0.9082577465192941,0.0,32.0524167062007
20755,0.5352688585799215,0.6249861189150445,0.0,13.325328805358511
13813,0.5099719148133866,0.673399623773478,0.2,16.11782011703694
16638,0.4340142606084537,0.8346778868767382,0.0,15.696118713451401
5665,0.4784828710657567,0.7371348658756152,0.0,25.508920061164904
1815,0.5099487321230968,0.673445083565597,0.8,43.464146309881016
17783,0.5839859049063658,0.5378784318794794,0.0,15.931959603675725
19308,0.501870534853722,0.6894130912497608,0.0,32.76056457963312
5328,0.4223455156087207,0.8619315425784585,0.0,58.201928727813566
20558,0.5356233280428631,0.6243241111418715,0.0,3.98662158311713
10374,0.4607261606259844,0.7749514241376104,0.0,46.413776632935196
9315,0.5032104167241018,0.6867468728481216,0.2,23.981199542385326
15111,0.5234652624727667,0.6472846071812137,0.0,15.858472875939736
14637,0.46436770603639754,0.7670785706883345,0.0,11.216222661625096
20134,0.5100921081318526,0.6731639653906341,0.0,22.96667372058585
13998,0.39052308912851313,0.9402681843606715,0.0,31.781063914023
15119,0.5040154635122247,0.6851483298095639,0.0,11.856491403036816
9479,0.48474942341607813,0.7241231743060283,0.2,53.88019597611523
4524,0.47243938256361606,0.7498458311489711,0.2,57.52067731158546
6547,0.4960958049366221,0.7009862157950995,0.0,49.95227656097669
17147,0.5080774692504565,0.6771213445058525,0.0,6.014361271461156
16244,0.4941249168907921,0.7049669255600052,0.2,8.889633193512118
6510,0.4646102281178062,0.7665564439983413,0.0,41.80415263230155
6121,0.5016157970820109,0.6899207967741432,0.2,61.157681943119655
14125,0.4288368667883958,0.8466786962692829,0.0,19.15187443508367
4219,0.42127822416759014,0.8644617985687199,0.0,65.2707537331482
5810,0.44259616715017996,0.815097511253159,0.8,74.24315606624992
1522,0.48862646690267014,0.7161569527703366,0.0,21.760427807881012
5886,0.4587775363387242,0.7791898566982032,0.0,66.87007326404994
4272,0.4545873168212817,0.7883652675981194,0.8,28.85614042903012
6444,0.3948896693282049,0.9291488712540402,0.0,65.21231126053496
14704,0.4643227026940723,0.7671754885458625,0.2,6.130499829408709
13312,0.46042730121765496,0.7756003049836259,0.0,6.373495391554082
4795,0.48670494093394373,0.7200972102856009,0.0,56.16758240227687
8351,0.49919259383380754,0.6947632981070718,0.0,55.598433991143075
8370,0.4688515100482073,0.7574691703726071,0.0,37.16522380410636
16051,0.5355031413881665,0.6245485228404543,0.0,4.099224333300485
12189,0.4325101791585463,0.838149417260465,0.0,15.846082572726843
18545,0.488443883751397,0.7165306887112055,0.0,16.283160857633824
8543,0.45670152826042265,0.783725212485369,0.0,64.26938987664595
12438,0.5210582701717571,0.6518934005426926,0.0,4.109210009289059
9921,0.5086834246353288,0.6759294114559949,0.0,49.106272773664465
17464,0.44085434213123603,0.8190407480448765,0.0,35.935000400658694
14854,0.47739392302837946,0.7394132944663866,0.0,16.79577309662949
12186,0.47072784001948753,0.7534751863298584,0.0,12.214612088242413
13847,0.47998731179294296,0.7339956091942808,0.0,16.805196604706264
18191,0.41756998253650707,0.8733031258964327,0.8,51.96808216638395
4293,0.4721712246732242,0.7504135950413962,0.0,35.06307408326896
11848,0.46364014613647925,0.7686465747677867,0.0,10.63999000597231
5302,0.4025523310236499,0.9099301756091422,0.0,32.24337355120073
17707,0.4832019031449162,0.7273206937415644,0.0,10.711251335124464
20329,0.42356779534605626,0.8590416942402559,0.0,31.04877457683931
19611,0.5444775750488791,0.6079285219404601,0.8,7.075680319642913
5315,0.3948801989609199,0.9291728538536954,0.0,33.45022273873303
7271,0.41670876052949213,0.8753677171858278,0.0,66.57171756339247
1400,0.4556757281898791,0.7859738448258284,0.0,61.85613918919087
97,0.4530030602205612,0.7918563980681436,0.8,65.25292551618381
12695,0.3403318375178923,1.0778341446434505,0.0,27.418483810391805
16085,0.5360772549847548,0.6234769958631724,0.8,4.272531873996059
3931,0.5314420000610941,0.6321612121573459,0.0,39.88937152252707
19987,0.5724176203210954,0.5578864485432098,0.0,4.612047380771447
6146,0.45247560404141934,0.7930214310161734,0.0,54.23473518317422
4067,0.4376889263790323,0.8262468346734505,0.0,58.746148684529715
6082,0.39767765127025373,0.9221135232927884,0.0,56.45179102161137
3199,0.4526033288476577,0.7927391908657403,0.0,38.17435476844052
17363,0.5454960249634029,0.6060597606954097,0.0,3.8454491989518833
20827,0.5619637740943461,0.5763178900728682,0.2,12.74872848819605
16787,0.3975423524183198,0.9224538035991485,0.2,6.4930140191556305
11516,0.4881390810520589,0.7171549115785311,0.8,11.800424950894623
7952,0.4921146470206656,0.7090435672356046,0.0,19.619235559504908
6276,0.4893165468067042,0.7147456639551435,0.0,22.189992181791467
19146,0.5152926985819635,0.6630201930051579,0.0,5.802421305078164
19356,0.5279919810326296,0.6386741828294075,0.0,17.443468238679554
12909,0.5394143061115311,0.617271346359898,0.0,9.514003327376802
16694,0.4527556399034698,0.792402725303447,0.0,11.303386727006373
8396,0.4179897963566336,0.8722982573853882,0.0,19.059722247956785
3095,0.5339325017662752,0.6274858491979961,0.2,17.44410672738772
2340,0.4162677642673389,0.8764265616795853,0.0,16.84929931096923
9986,0.5013523340950661,0.6904461634030818,0.2,20.885996442943224
7927,0.5251856112205907,0.6440035336908072,0.2,42.28688104830121
3565,0.4798484287176201,0.7342849984521098,0.0,54.04337476564528
20653,0.411671374041275,0.8875298837354704,0.0,72.48457075087575
16120,0.5741523450913624,0.5548605083106255,0.0,6.697165901401153
8634,0.4928050934279047,0.7076415311264983,0.0,19.495523642647388
12940,0.5511987221098129,0.5956598776637992,0.0,9.74022989237317
5574,0.45193257610316484,0.7942222781898977,0.0,42.550459159967275
11187,0.5614122536702015,0.577299788306095,0.0,2.308275251468807
9220,0.4698408019002919,0.7553613610174738,0.0,32.48053852375138
12910,0.5371822218586442,0.6214179089636166,0.0,9.91814038904149
3891,0.38326174386000905,0.9590371188816675,0.0,50.60837822708913
6806,0.4937697862126182,0.7056858902277088,0.0,19.074688751421995
12190,0.432770301491641,0.8375481732783164,0.0,15.750093654098158
13890,0.44561912599460657,0.8082906693992324,0.0,13.553820813299968
8447,0.47779450308216403,0.7385745487983731,0.0,60.79207212587188
5715,0.5081617224164329,0.6769555308532,0.0,41.1724351799012
14048,0.5337656627670697,0.627798370107192,0.0,10.104414335800325
13919,0.4879298671789235,0.7175835982542388,0.0,11.375493279610632
14164,0.5213898924028614,0.6512571631657244,0.0,25.487601371142937
7150,0.44322871065389646,0.8136693652909551,0.0,65.96824441174465
10978,0.5334024153507201,0.6284791390279024,0.0,2.5129107477055608
14975,0.533125450366603,0.6289985159691824,0.0,17.98181036154295
14408,0.5106923577501187,0.6719879097050069,0.2,8.817153237631304
1233,0.4181502899913527,0.8719143656444932,0.0,10.680950979145038
12586,0.5795190238215817,0.5455567887487817,0.2,5.402375923688421
19552,0.552147623148358,0.5939398352191573,0.0,7.4049448786020875
16989,0.49956928874461,0.6940089743083067,0.0,17.977608666392502
20356,0.5419962527281444,0.6124961913521025,0.0,3.800845192539562
2097,0.48764133694352574,0.7181751086280408,0.2,23.854188397380668
6928,0.43485824755638847,0.8327351686863282,0.8,58.41636700073382
3465,0.4240103352049562,0.8579974485638694,0.0,12.66403762768195
5501,0.451796877305424,0.7945225866467015,0.0,49.69738718857855
20061,0.5531801562377605,0.5920715506994053,0.2,4.664043674513172
1689,0.4533348122970639,0.7911243265054768,0.0,31.993069695337354
2985,0.45164863288914414,0.7948507623162634,0.0,54.379715631574754
20688,0.41721919788195794,0.8741435408980257,0.0,62.06419140375983
17130,0.574713259433939,0.5538840418119577,0.2,4.418942572110161
3036,0.45085031190373565,0.7966198972238053,0.0,47.94456960840567
15006,0.41410868285660973,0.8816268206315818,0.8,19.942401104146764
16082,0.5352038700023606,0.6251075392481469,0.0,4.247918158961789
18936,0.5548984209221542,0.5889702073523766,0.2,29.07186411773037
20582,0.4949874443791717,0.7032228816257032,0.8,5.290345907472858
19475,0.4716892307077928,0.751434919760704,0.2,19.49973530784125
20004,0.5395782846627121,0.6169673988558178,0.0,6.862528319811437
207,0.41750471100806963,0.8734594509032253,0.8,50.54491504170106
11216,0.5275754932702722,0.6394633086676119,0.0,8.373772197757503
11363,0.40768384246438816,0.8972633008856257,0.0,4.20174926427791
6850,0.4882843677809501,0.716857321982261,0.2,21.946588115708135
12603,0.41262028053301414,0.8852275265403181,0.2,14.11982146115728
1422,0.41630936261963153,0.8763266349557207,0.0,70.15432902881389
15563,0.560477149408305,0.5789668055287926,0.0,7.426117695777728
1417,0.4173417982618005,0.8738497328209864,0.0,49.507952212789704
14367,0.5197192307486798,0.65446655409515,0.0,5.541368318516818
10291,0.5665040983805821,0.568270963976111,0.0,8.336534271967048
10825,0.5081161655973749,0.677045185109434,0.0,10.610821585704619
11967,0.5224363972965632,0.6492520302146642,0.0,5.382299305712566
6313,0.5232831504277857,0.6476325648080398,0.0,45.35047133889185
4764,0.46043251640103067,0.7755889782142827,0.0,22.87987485732134
11934,0.5306871247315272,0.633582650359251,0.0,3.855983988334067
2721,0.4884558469085312,0.7165061966231041,0.0,16.010331154871054
5346,0.4954673144842078,0.7022538921018724,0.0,20.365362870954296
8580,0.4943464696818478,0.704518651997866,0.0,21.734397995361327
11861,0.43561240306891696,0.831002414800419,0.8,6.407984411637257
9070,0.42024261324808404,0.8669230838899269,0.0,84.81108688433513
2045,0.41956256789684937,0.8685426154554441,0.0,50.996476485768355
7827,0.47322370309732986,0.7481870570560692,0.0,57.79370842314607
19976,0.62878458682043,0.46396655022158906,0.0,1.6935243569101504
5767,0.5009346092443369,0.6912797068861956,0.0,47.97481139419969
19265,0.4916701895003065,0.7099471338166264,0.0,34.25494920665223
10847,0.5919736144127955,0.5242932153400707,0.0,5.873656677452683
17866,0.5108459820501339,0.671687139199999,0.0,12.175672674911624
12477,0.42427831373160324,0.8573656387762519,0.0,6.896773812714692
18841,0.5658879904402236,0.569359117111821,0.0,17.09002486055059
2653,0.4763297088501087,0.741644998881361,0.8,46.074695555504555
18287,0.43494865426478657,0.8325272910331747,0.0,70.36520701922467
5560,0.5350819105919405,0.6253354398951687,0.0,47.053362121516265
11970,0.5275754932702722,0.6394633086676119,0.0,8.373772197757503
11048,0.4500275173061067,0.7984465485182043,0.2,12.950803610902486
19691,0.5252388342690866,0.6439021974190364,0.0,23.959923178843944
14448,0.57653065753327,0.5507267619648972,0.0,3.482795977539478
10035,0.46038122479451077,0.7757003831690055,0.2,9.945642326684544
9537,0.5206183610717,0.6527380179854085,0.0,18.041678418717023
18142,0.5639802171913241,0.5727361040011597,0.0,9.528323853384176
10039,0.45371965892686233,0.7902757630176152,0.0,9.535072046853257
20191,0.5040427984721486,0.6850940969125946,0.8,11.21636037693999
4294,0.4749907128867182,0.7444600269560705,0.0,35.93135990676277
20069,0.49611081800887136,0.700955953807519,0.0,4.623365393231074
3879,0.4663772459955201,0.7627604315949573,0.2,56.26692862463694
9793,0.40639806244906096,0.9004221503250445,0.0,36.341038536692864
387,0.4526106566393362,0.7927230006791188,0.0,42.45428054329007
131,0.459019015134442,0.7786636424715266,0.2,47.61917113446301
1185,0.5040406013196204,0.6850984559815539,0.8,61.95687719408817
999,0.4887698836881155,0.7158634857722493,0.0,58.507519633667165
7914,0.5265731496307198,0.6413650213878905,0.0,42.113629738237
8141,0.4954673144842078,0.7022538921018724,0.0,20.365362870954296
3643,0.48291986763451195,0.727904544612016,0.0,56.157836727511224
16122,0.5778766109204218,0.5483949090152117,0.0,7.046929704006223
20741,0.45764041801530864,0.7816715167346624,0.0,21.905562716173147
3850,0.4478287623058044,0.8033443466304819,0.0,58.64413730402518
18062,0.5253884138813467,0.6436174539697606,0.0,24.4574632508509
5885,0.4612144834971216,0.7738920871403404,0.0,63.50170954214569
9010,0.4109555755505987,0.88927015901258,0.0,75.94367293659292
16647,0.47597223854085147,0.7423957488447032,0.0,9.017075685164917
1270,0.4533851856370003,0.7910132153794335,0.0,43.31588234648836
15291,0.5043474270928375,0.6844899089261727,0.0,7.87197600960468
19383,0.4772066626312362,0.7398056269295306,0.8,37.04095982679874
2871,0.4564328775914828,0.7843136267975872,0.2,62.93528643765892
13646,0.475267702057476,0.7438770504220108,0.0,29.479847593354265
16561,0.44448394981418615,0.8108413330846325,0.0,7.724479755485214
5741,0.5143725231629283,0.6648075227985015,0.0,46.948704013899686
12093,0.5471452891064326,0.6030409010305932,0.0,5.936636045526634
16527,0.4317578454169135,0.8398903909174011,0.0,11.600986024546604
11030,0.4790549830943788,0.7359399009053741,0.0,16.716874961361093
20698,0.49419311231676,0.7048289225608475,0.0,28.757020847095266
14157,0.5311099767222444,0.6327861667137552,0.0,18.40901577033626
6796,0.5069743204998788,0.6792949265753232,0.0,45.179907017655275
16644,0.5374447387508348,0.6209293358921506,0.0,4.222164307396101
14960,0.4347425067531404,0.8330013616567411,0.0,15.191029948316874
14937,0.47669686402962547,0.7408744952917883,0.0,8.968285779638157
15812,0.5437144546999344,0.6093310693827857,0.0,12.07176223468922
582,0.4489176234919997,0.8009158746821857,0.0,53.20484179955773
13741,0.48550224043222323,0.722571376570935,0.0,13.158024794920635
8753,0.418029980438039,0.872202125493412,0.8,21.62189148950658
17937,0.5266108573075685,0.6412934143816762,0.0,25.523478626292782
12658,0.4375579510757182,0.8265461223548247,0.0,6.075114314610285
4035,0.3948801989609199,0.9291728538536954,0.8,33.45022273873303
16919,0.5073271118091963,0.6785992924919898,0.0,5.03351010321191
12874,0.4827105302649597,0.7283381212129331,0.0,12.218236369121936
3164,0.44731434318927693,0.8044937029065888,0.0,72.40443326159298
12023,0.5348085508166783,0.6258464450701299,0.0,18.992248199904466
15896,0.5442676399834359,0.6083141678475951,0.0,6.497647134377199
15911,0.536118024006528,0.6234009481084551,0.0,6.240866840384898
11422,0.46713006399276913,0.7611475504693539,0.0,9.54555134623329
1395,0.4502483266608626,0.7979560113996903,0.0,39.94168535016773
16725,0.4991408041409553,0.6948670504066619,0.8,11.721018090142088
6434,0.47801972955921007,0.738103272114007,0.0,61.967464377479445
19,0.5028641664607524,0.687435192149309,0.0,19.978585271839293
7542,0.44905640651103546,0.8006067721569372,0.0,63.25633980782059
5874,0.5254672759917957,0.6434673627415225,0.0,48.169969622204874
21116,0.4284381980283344,0.8476087799849125,0.0,6.3828756268017575
5925,0.4373729076730941,0.8269691121340348,0.0,56.27111172093473
13006,0.479027605528647,0.7359970516480436,0.0,12.381605368429314
7302,0.41787451187586455,0.8725741023529615,0.2,15.427110395888846
13943,0.5661256364864573,0.5689392528203107,0.0,8.480039953946314
