test_index,threshold_u,lambda,loss,width
8819,0.4985970375313736,0.6959570494839898,0.0,48.71699346387929
15451,0.5503874097403039,0.5971328673697216,0.0,8.858466110208632
17380,0.5387622166920676,0.618480961826719,0.2,18.92706361070899
20816,0.5721892628863748,0.5582854631587963,0.0,4.1379785435160885
15171,0.5134596963683093,0.6665837407789591,0.0,18.54435946504543
19095,0.6117979093232855,0.49135326452634526,0.0,18.86428017084043
18924,0.4792964676602417,0.7354359426324802,0.2,16.694395056117656
15688,0.447151569418006,0.8048576603716492,0.0,1.564945162077979
13759,0.5196281880235454,0.6546417461891946,0.0,18.419981384220435
636,0.41926762887983143,0.8692458305526247,0.0,52.20690246080844
1482,0.4390605565660556,0.8231179333561894,0.0,26.751332834076152
13189,0.5191065689150864,0.6556460817981083,0.2,6.363045017510608
6694,0.4891765981711476,0.7150317132488543,0.0,54.27805724361535
17134,0.5627057703722717,0.5749983978020385,0.0,9.397198503809552
5560,0.5185930203608846,0.656635864585795,0.0,67.61412391553864
17530,0.43695536261701,0.8279242341448739,0.2,12.876126441895025
8511,0.4831422469478793,0.7274441615498125,0.0,28.19209648287793
11096,0.4364001099131323,0.8291957731599802,0.0,7.993446944856951
13179,0.45504708351154805,0.7873543851397373,0.0,22.932088801814594
9428,0.4524348464658715,0.7931115119198751,0.2,83.95878816139515
7663,0.4609863001074757,0.7743869541982726,0.0,52.36791777765818
7916,0.5418378219301008,0.6127885438493648,0.0,46.47388325903994
6004,0.4686368221908941,0.7579271768430521,0.0,52.941588010136876
18765,0.48299542578642024,0.7277480957958993,0.0,19.25075640687617
19079,0.49357550456360144,0.706079433709081,0.0,5.336548085238347
3782,0.5343542177196768,0.6266963308643588,0.0,43.71520322882725
7961,0.5306096058034514,0.6337287337796241,0.2,17.46176328082165
11630,0.4791996682331935,0.7356379245158753,0.0,9.66076516998535
14014,0.4820206060090293,0.7297684147892597,0.0,25.09454723656427
4238,0.4846074655554583,0.7244160651148722,0.0,28.7303437953467
14849,0.5634619583173356,0.5736554574221151,0.0,9.73206464915882
18807,0.473375424801258,0.7478664953721298,0.0,33.50591475989677
19442,0.45100292920602947,0.7962814445869597,0.0,23.733764632704286
19875,0.4214627124569547,0.8640239693752061,0.0,42.93335149969257
3515,0.4432349040351597,0.8136553920580762,0.0,38.24586946891859
20841,0.4416720549305602,0.8171876294615638,0.0,25.087660068603835
4918,0.49215270537555433,0.7089662338671553,0.8,36.63228400575997
8119,0.47750599195539345,0.7391785705424024,0.0,32.96736311829416
19552,0.5612674445508773,0.5775577588035695,0.0,9.690985557324698
10776,0.44735800852677987,0.8043960909988243,0.0,32.60418554033867
2633,0.4732047772706603,0.7482270512596771,0.0,56.86525589573545
19791,0.6498820221546744,0.4309644369437912,0.0,16.940932717294245
10258,0.5093367131622476,0.6746459621560446,0.0,7.062194209795046
11948,0.5999316936902168,0.5109394740963322,0.2,3.3159971917578948
9515,0.4477145297991268,0.803599459941707,0.0,58.66276057574462
2726,0.4239607122714392,0.8581144877805296,0.0,39.05708038757928
14923,0.33887573274752064,1.0821218088712279,0.0,8.985668753696185
18058,0.479082024708953,0.7358834546678086,0.0,16.495563087529014
7459,0.3706028106063836,0.9926243812244396,0.0,84.16462219279501
4736,0.5227680245201051,0.6486174610763252,0.8,46.47992716175829
15653,0.5182702627122383,0.6572584300953277,0.8,4.392720779586446
5191,0.5039424671453953,0.6852931699159548,0.2,51.465516015013804
14436,0.5323460145370511,0.6304615977958953,0.8,5.309432475709219
3301,0.48178538503831725,0.7302565233454776,0.0,41.97514462761315
20924,0.4964897318115866,0.7001924768556083,0.0,25.38862679609855
20721,0.5048153397894831,0.6835625803612823,0.0,23.31631938144075
1200,0.47750599195539345,0.7391785705424024,0.0,32.96736311829416
8422,0.4131840969099445,0.8838620301105633,0.0,82.25661524677372
12434,0.6062823715002269,0.5004094418669411,0.8,6.443772787609633
1351,0.5004719732930408,0.6922036792112775,0.0,15.162720748147837
10404,0.546561093672315,0.6041091868134593,0.0,8.019549224499306
2672,0.5196639230547921,0.6545729781674229,0.0,54.33610181899877
20798,0.5423061626064083,0.6119245613671096,0.0,45.336267668219094
7449,0.45096367373466495,0.7963684887663369,0.2,74.89845879879775
6277,0.48413042098671044,0.7254009437160616,0.0,23.66620717232901
6256,0.4771559124932196,0.7399119809282879,0.0,35.33449461700144
17697,0.4145750627278132,0.8805012285756767,0.0,44.76027998823298
928,0.46818311504323673,0.7588957881312993,0.0,53.29194150066667
4522,0.5004025973406967,0.6923423098738815,0.0,51.767821391265365
8321,0.461449633908277,0.7733823666216582,0.0,55.02228882732422
17350,0.46018075893583177,0.7761359124769516,0.0,2.9225397392023744
5892,0.514133564566235,0.6652721940412755,0.0,61.886946865814465
20639,0.4999060267036301,0.6933351448168593,0.0,26.088120732303224
19694,0.5148573344894445,0.6638654371044878,0.0,25.55881932852278
1068,0.4824924951389996,0.7287899124401259,0.0,39.32914495592303
1315,0.41292701123051306,0.8844844298947989,0.0,46.094904174504855
8751,0.44359310091191506,0.8128475761248036,0.0,9.331492902588082
8189,0.4221840514130947,0.8623139192385504,0.0,50.90239288948889
12861,0.470601311211779,0.7537440164373825,0.0,4.3815141199416825
7152,0.4877510971499463,0.7179500500709978,0.2,60.36164826870946
10323,0.5174043734589574,0.6589305565041287,0.0,52.388274598674506
17416,0.3614877621195079,1.0175270910144147,0.0,38.35262956965531
19463,0.5085041775694841,0.676281848051391,0.0,31.285136400823646
14419,0.4668619569152303,0.761721660480791,0.8,5.2769410420518845
416,0.5091643109849204,0.6749845031587266,0.8,19.625174944312285
12121,0.42577273325644316,0.8538495650775433,0.0,14.35107606017828
17287,0.52298225613687,0.648207742573305,0.2,12.028013513509565
20541,0.5200988570845814,0.6537363756971968,0.0,18.702090729719064
14239,0.6048453387136631,0.5027824921221973,0.0,1.6897765268534144
21219,0.4913880652335384,0.7105211064640355,0.2,5.377508383690301
8990,0.4460155271314105,0.8074015133720853,0.2,7.676369641985713
14094,0.4703343004730454,0.7543115595138373,0.0,8.406425727476249
4299,0.4713509845332913,0.7521522723900826,0.0,53.981966064511
7962,0.4973486606995228,0.6984639682605222,0.0,26.709260654202353
19229,0.47533651766115326,0.7437322675515584,0.0,22.41869456021052
8102,0.48635664152268376,0.7208130939098534,0.0,49.627980415819906
15716,0.429099803806431,0.8460657442058509,0.2,1.6684585186449543
15282,0.5340382350056597,0.6272878414509868,0.0,10.990709315290367
12100,0.5586571941625177,0.582219242308318,0.0,6.266716800149146
18712,0.5654392779708985,0.5701523667848081,0.8,4.288400953910819
20035,0.4340852249873214,0.8345143932214527,0.0,3.6388999933374806
5910,0.4304488893282632,0.8429266861387605,0.0,80.67230004035494
1056,0.5142061679175982,0.6651309890499865,0.0,40.67608482342444
12051,0.5477054948364503,0.6020175546766923,0.0,4.061210454851914
15516,0.5161918294187487,0.6612768201476724,0.0,5.821484542383436
18259,0.4852870403888722,0.7230147272570777,0.0,23.867800928106757
12161,0.4628590101221252,0.7703327850447447,0.8,10.152986341976643
19962,0.48685269734147846,0.719793671177365,0.2,22.905273193753565
7003,0.5373082324872849,0.6211833594081344,0.0,13.748340512530417
18859,0.48261210021511736,0.7285420531359514,0.0,26.60271262559249
1527,0.5285675797123304,0.6375846110569666,0.0,13.333806431087659
13328,0.4908503650768212,0.7116159530793498,0.0,7.700182693808551
11816,0.5996690866730956,0.5113772981218161,0.0,2.8389111124643787
15260,0.5674133221101948,0.5666672776616672,0.0,6.94252409066449
13347,0.5968091392484262,0.516157916455775,0.0,7.27834269330749
6706,0.48387757269092657,0.7259233532481848,0.0,51.57576540756051
4731,0.5211989663013669,0.6516234170385425,0.0,44.150745317455346
13511,0.5286350829893107,0.6374569093788426,0.0,18.155729971199428
12525,0.47063204493738686,0.7536787112175495,0.2,4.81299254740358
4008,0.4993969588485639,0.6943539907654107,0.0,45.167726569539916
19135,0.5051613654768867,0.6828773651496083,0.0,8.610059586715106
21170,0.4542655863706573,0.7890732599760576,0.2,13.753940729574374
14087,0.5588067437594393,0.5819515833839638,0.0,6.629883369302426
13718,0.5160872825491177,0.6614793755782268,0.0,20.163214558523116
5133,0.503701325838927,0.6857717940344193,0.0,50.95970295646194
4879,0.459474257028751,0.7776723626322853,0.8,52.8000683834938
2149,0.497762441401288,0.6976323410688662,0.0,59.64756516138806
3604,0.4200175474867267,0.86745878884717,0.0,37.300727920428315
12938,0.532290668581599,0.6305655693316868,0.0,10.825769328079296
14478,0.4266660995602855,0.851753539893048,0.0,10.794698539821454
12234,0.543626814139221,0.6094922709547572,0.8,5.7789009124193615
5404,0.4728665185718718,0.7489421320674107,0.2,53.178634030415495
17415,0.5124509894526192,0.6685502028787986,0.0,20.80528159949956
15369,0.5039192602937906,0.6853392215735918,0.2,6.39925896901165
7046,0.48182662657626313,0.7301709255374927,0.0,61.51690047653376
4778,0.49705427483759357,0.699056053943315,0.0,48.31176164800523
12497,0.4164842916030834,0.8759065333251724,0.0,7.865991628799884
1436,0.42443128315185163,0.8570051634794801,0.0,38.698063841551786
5247,0.5233881268903341,0.6474319737243343,0.0,50.56767648112527
15362,0.45485559395286534,0.7877752863333536,0.2,6.800753339641744
18822,0.4481440305059734,0.8026406015710116,0.0,17.613947756529377
9487,0.5172810577769597,0.6591689201243341,0.0,39.61605360819041
17077,0.5239840909876403,0.6462939558326006,0.0,41.71407328741169
916,0.48471086960594795,0.7242027109521973,0.0,28.86672050057284
16466,0.43428696344972195,0.8340497572768284,0.2,4.954672600602059
7286,0.4952573021190215,0.7026778492031946,0.0,40.69558827992381
16447,0.4562070904203969,0.7848084269019139,0.0,1.5526453386402017
9405,0.5099977339205264,0.6733489965667225,0.8,44.34003296509222
18579,0.479082024708953,0.7358834546678086,0.0,16.495563087529014
12231,0.5243430090303334,0.6456092114303795,0.0,6.631697713912299
2195,0.4125367321999703,0.8854300294144138,0.0,50.133043942055295
15712,0.446082224349925,0.8072519844252227,0.0,1.6791002089232132
6926,0.45084802268711965,0.7966249747902778,0.8,53.22251565973639
348,0.47976766137896576,0.7344533310586149,0.0,56.58962859772286
19427,0.4755538946527498,0.7432750603012419,0.0,21.502205563419693
590,0.44547026542181095,0.8086247785820245,0.0,60.836885710164005
12388,0.5867556644070359,0.5331467904296249,0.0,4.2118599494630775
13683,0.5318225697158705,0.631445360840852,0.0,9.135120943391986
16244,0.5032606006656348,0.6866471502715,0.2,8.84538824142378
19852,0.4679310204435099,0.7594343861425127,0.0,3.5498241172509033
3936,0.44250704100899185,0.8152989027760182,0.0,66.77297982634403
15068,0.5011498443781334,0.6908501320408255,0.2,24.782176416208397
11241,0.44818792318258205,0.8025426631309881,0.0,61.05343370998138
17681,0.5221738001811503,0.6497547959766266,0.0,23.073442351722086
7877,0.500470515935395,0.692206591182068,0.0,15.179052356201673
5127,0.4407279193152503,0.81932755693925,0.0,56.52540640296636
8769,0.5587267605573686,0.5820947257629588,0.8,18.932631843646302
11430,0.4818411169693328,0.7301408521160925,0.0,4.975544817944565
14269,0.4885930296406714,0.7162253862433282,0.0,24.481227349473397
8193,0.5091672066595792,0.6749788160625138,0.0,16.071245249970875
8006,0.44352173416612684,0.8130084724216983,0.0,10.182932357634257
10191,0.49450188908779436,0.7042043077289031,0.0,70.28663560782552
17321,0.3967923796396962,0.9243421082928848,0.2,72.66253017099203
621,0.525465591190643,0.6434705690379574,0.0,45.72180393400913
70,0.5339771368687729,0.6274022557910094,0.2,16.698623824746036
9105,0.5301817629066865,0.6345353823489546,0.0,18.312690916740394
1614,0.5041692153180125,0.6848433225818045,0.0,52.79765455687115
9067,0.40193544315844315,0.9114637924170371,0.0,84.07798003491968
5720,0.4970384639230693,0.6990878636807956,0.0,39.05803819713965
14146,0.4253427383672182,0.8548599918413494,0.2,31.250688848247925
12752,0.5554688766855937,0.5879426990407434,0.2,5.613382857413853
13552,0.5327082745838737,0.6297813318892782,0.0,26.466559631798123
19043,0.4360735297738591,0.8299444035819673,0.0,58.17577713872194
12580,0.45433130345574496,0.7889286037793699,0.2,6.87432959518392
17379,0.5428508744227164,0.6109206295056904,0.0,18.695698541143116
20728,0.5185245228202101,0.6567679567314241,0.0,22.695929133307935
19538,0.5693279617916065,0.5632986281384997,0.0,17.995983051383543
4673,0.5229434417811711,0.6482819626747787,0.0,64.70502605784888
8030,0.5260824589211878,0.6422973125210714,0.0,21.870223613850968
3171,0.5261903284386464,0.6420922905550331,0.0,46.56132205769619
16369,0.46962771993999514,0.7558149833773443,0.0,12.593389748944631
16081,0.552729211458775,0.5928870692530049,0.8,5.4874661744804305
3823,0.47519006930958096,0.7440404090696149,0.0,53.660196345668645
7987,0.4973486606995228,0.6984639682605222,0.0,26.709260654202353
1063,0.4731784005633993,0.7482827933901072,0.0,50.71112239611192
12048,0.5800990835933102,0.5445563562505316,0.0,5.221750762983382
6145,0.4414568176030258,0.8176750720953407,0.0,56.84067901845549
6723,0.47622548772304785,0.7418638232137497,0.2,35.409162772379865
10784,0.41436157777269084,0.8810163100654114,0.0,71.82485602240686
10669,0.5197375782306763,0.6544312520376908,0.0,17.93795927026627
13576,0.5049424120489167,0.6833108917560242,0.0,10.044670630138395
2930,0.4390605565660556,0.8231179333561894,0.0,26.751332834076152
14190,0.5528684596651413,0.5926351725445737,0.0,17.67800986661411
15687,0.47628515077273303,0.7417385478680435,0.0,1.458469395513297
12186,0.403430416152326,0.9077512568192331,0.0,16.884173723117357
11455,0.45067109153979396,0.7970174925900786,0.0,10.991668532186297
8977,0.45543723928443325,0.7864973560026121,0.0,53.52114447592789
606,0.5423442836681752,0.6118542694829113,0.0,43.75981996754129
20160,0.5338047671514374,0.627725111456916,0.0,3.8423055892159583
7500,0.510121814186117,0.6731057304388793,0.0,37.831907527963324
21167,0.6025395572961574,0.5066019605092077,0.2,3.7529073195871447
20680,0.4397543773008253,0.8215389413473246,0.0,40.81405485684887
18106,0.43774283475884956,0.8261236762908591,0.0,7.718060619074996
7738,0.5370825281231312,0.6216035126256578,0.0,16.161691328267104
976,0.4993159352645675,0.6945162467744233,0.0,47.00138911995448
16339,0.47738174258784627,0.7394388092359235,0.0,12.051742772279662
3533,0.49721892845132065,0.6987248499750544,0.8,39.77141984660046
15108,0.5570114586959762,0.5851694671013292,0.0,9.161705681311165
17859,0.6098459222905229,0.49454894012907863,0.0,4.671014942323755
13547,0.5276881562755412,0.6392497828710101,0.0,10.333152656772095
5012,0.48566489144672026,0.722236416684673,0.0,50.885165304859726
14819,0.390762112668806,0.9396563116483757,0.8,14.081689991777672
4962,0.4784276536625054,0.7372502735378483,0.0,78.95950317094892
3796,0.4726166821940091,0.7494706160922461,0.0,52.17065004362181
8713,0.4227737665776796,0.8609180737944866,0.2,52.55905103246687
3211,0.5114880546980084,0.6704310473372319,0.0,52.390831943575485
9516,0.5557494053225612,0.5874377961832776,0.0,18.476387206023134
3440,0.40408502109907235,0.9061299748970862,0.0,85.22152344774867
191,0.395952069651104,0.9264621112877185,0.0,60.8639210499679
18613,0.44387034951615983,0.8122227647860818,0.0,18.774123908424485
9398,0.5077405821241858,0.6777846269473601,0.2,45.55390286383013
18205,0.5238520492489893,0.6465459832904819,0.2,14.63133567585492
10407,0.5017713028056152,0.6896108351952734,0.0,11.14824868547775
10161,0.5404899830385953,0.6152791748431643,0.0,11.96871806648802
12188,0.3898481151597742,0.9419980640214036,0.0,17.05958416683857
10696,0.4816391725443822,0.730560049955645,0.0,58.47402706729753
6835,0.4979260643457096,0.6973036781487862,0.0,45.33519820924295
20382,0.5991933000505185,0.5121710283327646,0.0,20.095030609240403
14941,0.5238129528828599,0.6466206185337476,0.2,4.267136859235503
2071,0.49362026434119594,0.7059887530578159,0.0,47.16887356367533
204,0.44373472749464077,0.8125283556982726,0.0,34.138378368734976
18652,0.4893956849802658,0.7145839449714345,0.0,20.600740546855565
13234,0.4129211137394453,0.8844987121602411,0.0,17.586487381019662
16335,0.48532240147883,0.7229418635727818,0.0,10.461329886588786
1858,0.4973486606995228,0.6984639682605222,0.0,26.709260654202353
7684,0.4574929058242431,0.7819939007818835,0.0,60.4297492395861
18653,0.5144917916989756,0.6645756777731492,0.0,21.773159882496294
18008,0.5864175282700465,0.5337232375364346,0.0,9.37111290599162
14020,0.5218881777014556,0.6503019330103865,0.0,11.342892161131068
16045,0.5536235129351348,0.5912704027931661,0.2,4.304743988221998
817,0.5205680693427256,0.6528346226424506,0.0,50.27152832351807
3531,0.4730544874867662,0.7485447015924246,0.0,56.96425064899494
17767,0.41573374660876067,0.8777102558193919,0.8,45.215244966923606
7120,0.4434978597037133,0.8130623031658764,0.0,13.740754164137925
6988,0.500470515935395,0.692206591182068,0.0,15.179052356201673
19752,0.6418942708734438,0.4433316759676035,0.0,14.035880793487282
16119,0.5349676514387067,0.6255489985147363,0.0,6.288956668051778
11494,0.4673861905806096,0.7605994024986789,0.8,13.034582069850096
18788,0.4933829651982111,0.7064696008209338,0.0,12.03470971062138
3110,0.4710701695825824,0.7527482160566554,0.0,44.19196623872689
18465,0.5575240537123248,0.5842496309062795,0.0,6.656063875525079
18700,0.3976385026932387,0.9222119711285366,0.0,29.115615084658458
18073,0.45322428581504437,0.7913681638522032,0.0,27.374612817994404
12604,0.5558360560717496,0.5872818913925562,0.2,7.709249303178586
15439,0.5719418815503702,0.5587178984457171,0.0,3.8361011078956535
6547,0.49873042157761854,0.6956895665307793,0.0,49.36265446703709
7451,0.4391965027454986,0.8228083516019924,0.0,75.7395112759752
7613,0.4327686557978576,0.83755197598129,0.0,36.43351095518612
15499,0.5085105443356182,0.676269327551939,0.0,11.851619707371455
19176,0.48534325614475243,0.7228988937494202,0.0,32.57093238028489
914,0.500470515935395,0.692206591182068,0.0,15.179052356201673
13789,0.513796708180803,0.6659276011373038,0.0,11.174931483675358
1463,0.5147223212844587,0.6641277057011962,0.0,22.65007573228729
11417,0.564280890957687,0.5722031178487362,0.0,19.243189281650196
12174,0.4679203053801669,0.7594572852142943,0.2,9.309807568261471
5631,0.5002823875956239,0.6925825647941822,0.0,42.119410368833584
11444,0.45968248753399304,0.777219272318721,0.0,26.359390849826802
7505,0.5245597349056025,0.6451959683921545,0.0,31.69041194378618
5671,0.49392674789357865,0.7053680564055544,0.0,21.95493324591596
6078,0.5104470840828872,0.6724683018275717,0.0,18.90644551065065
8240,0.48088266203251734,0.7321319845143539,0.0,56.60991107170758
2844,0.5051664306355449,0.6828673383866553,0.0,52.321297342736685
1588,0.4863733619762367,0.7207787155037295,0.0,50.3103537922498
13223,0.5692212302014263,0.5634861151460764,0.8,4.473516072537567
6832,0.4632619790108723,0.7694625555198636,0.0,60.8221662921396
13515,0.5046907947024135,0.683809324949445,0.0,10.84145546933314
4075,0.49517492339417013,0.70284419824338,0.8,22.296537340192298
17479,0.48544823580194296,0.7226826173224622,0.0,34.42281840624899
9485,0.4977692097088169,0.6976187436960023,0.0,49.782075306541564
15578,0.4335789250704186,0.8356814345803322,0.0,24.192977371707034
15495,0.48117357748605905,0.7315272060191709,0.8,13.257100702766039
16601,0.4497323335180838,0.7991026875942983,0.0,24.532453118811922
20767,0.45236823991465636,0.793258740753061,0.0,12.463681628238165
16388,0.5800931096919554,0.5445666543742208,0.0,8.364543883895523
19789,0.4747320727498392,0.7450046914564586,0.2,20.531585013708252
3486,0.45946950701001943,0.7776827006288364,0.8,63.085622810980546
14280,0.5471154492775159,0.6030954398217192,0.2,30.079385061108244
3805,0.4697022265307479,0.7556563456352199,0.0,52.25363457111533
2460,0.46337681669987396,0.7692146969365168,0.0,55.78729706904936
12770,0.5287102404270115,0.6373147468588731,0.2,4.434547502986646
11099,0.5264549148339501,0.6415895829190718,0.0,10.403375490865303
14244,0.5948303931546199,0.5194789675936319,0.0,2.172876530134873
11901,0.48169226183892555,0.730449829749593,0.0,3.9447942616761686
3247,0.513788779405377,0.6659430329928951,0.2,23.406566201224038
3699,0.40913697982820485,0.8937052650051209,0.0,79.85256406452154
13059,0.5524362654750381,0.5934172088505801,0.2,11.010855925392324
21027,0.5093753957618814,0.674570018031471,0.0,15.381882681765788
8523,0.4211262778453374,0.8648225428988783,0.0,73.30884648871803
5865,0.4300103769434276,0.8439459381591354,0.0,80.34871807009647
288,0.45794279671192417,0.7810110006772572,0.0,59.16158330130222
862,0.5025308379352224,0.6880982719065897,0.0,19.218584288120326
5080,0.5257799563209666,0.6428724877610597,0.0,40.43989551021692
20360,0.5303797718875571,0.6341619783046343,0.0,3.651187774548049
8745,0.41791557901116694,0.872475830942991,0.2,66.02024452990517
13801,0.608947408179652,0.49602337267015834,0.0,3.4887804881766877
2055,0.49433336328259436,0.7045451649271627,0.0,49.17725466201718
12010,0.5916259877687429,0.5248806211712445,0.0,4.93545241680087
927,0.46252044063593056,0.7710645270366907,0.2,28.860948423671303
14604,0.5260807141075576,0.6423006291428176,0.0,5.1300548113403295
19770,0.5299374078334376,0.6349963778376142,0.2,9.026473910644313
20525,0.5357056939219962,0.624170347213878,0.0,18.75257430218118
7265,0.4433247469688643,0.8134527143614082,0.0,27.30760426979056
14706,0.4921603465219769,0.7089507080211698,0.2,14.534907313081593
16569,0.5538512013771052,0.5908592178835046,0.2,9.005581274256022
15547,0.5768504471435177,0.5501722364621894,0.0,9.281405959668769
14609,0.46246314772233754,0.7711884058046761,0.0,8.515076853296739
6651,0.47765417489670314,0.7388682918108535,0.0,43.51934351508282
7390,0.5344027470471747,0.6266055163403257,0.2,18.368941046160096
15201,0.5608094191309105,0.5783741475202979,0.0,10.532482828206975
17490,0.519352253655028,0.6551729099415345,0.0,15.57673630875293
222,0.4738619928759992,0.7468391539507377,0.0,49.5901209619151
1127,0.5274458417761017,0.6397090885215662,0.8,47.36086227108228
3405,0.42438213824101967,0.8571209602132458,0.0,70.09964086991101
303,0.4331400799835762,0.8366940929431592,0.0,36.58235415930322
10216,0.5062632717281731,0.6806984451456609,0.0,2.658978139059082
2370,0.45650394581172304,0.7841579353662375,0.0,48.54329603162289
5502,0.4720468944171698,0.7506769457529727,0.2,50.33663996294872
16163,0.3964846552689527,0.92511793911273,0.2,33.95414147789901
8144,0.5466547811496816,0.603937788867722,0.8,19.896730269939916
1209,0.5197241843941999,0.6544570227528028,0.0,46.24393437612854
16316,0.5458385818384758,0.6054319846051288,0.0,3.5099918672358914
17466,0.45962654086824833,0.7773409869197644,0.0,37.91791547906277
17501,0.6054676148315392,0.5017542024209506,0.0,4.119402021016408
8069,0.4656767042829085,0.7642636532578637,0.0,52.9443657456123
10609,0.5482169539516991,0.6010841690106777,0.0,42.75812250015181
4509,0.4865831308316559,0.7203475166572857,0.0,23.782274196728906
15651,0.5351722731182332,0.6251665780904073,0.2,4.207371007946883
15974,0.5295784871668769,0.6356738960928551,0.0,9.495061160532025
12440,0.3583860775063208,1.026144444879421,0.2,15.484878978797617
14534,0.5834152540324745,0.5388560751085845,0.0,4.21520164239797
17346,0.6656766828061104,0.4069511875682986,0.0,8.839732232360287
6481,0.40629318681345905,0.9006802449859117,0.0,71.15824371714224
4981,0.46307068633818893,0.7698755662719577,0.2,51.0504469199145
2546,0.48355823300006673,0.7265835308032836,0.0,22.25162201669867
6910,0.44288705954428326,0.8144404860361967,0.0,49.32658847174039
14375,0.5817987715652121,0.5416306443615391,0.0,6.3942205885394054
18492,0.586069744624677,0.5343164783563722,0.0,9.325425023878463
274,0.47988129685617703,0.7342165038797444,0.0,33.516984522435806
16946,0.528472327699464,0.6377648351193815,0.0,6.748827496181255
7235,0.40861108306057997,0.8949914724912449,0.0,59.11418948934394
7630,0.5265091085614781,0.6414866473460195,0.0,41.234763355414735
8087,0.4909424295281886,0.7114284095321918,0.8,43.81331794970787
15694,0.495937187970726,0.7013059974321656,0.0,1.2759386780822155
17383,0.4314766413416883,0.8405419035469023,0.0,59.71714449141736
832,0.47237376524498276,0.7499847312455479,0.0,64.21744261290004
14893,0.5685548843991042,0.5646574279728361,0.0,9.579413082469408
18006,0.48820574547429163,0.7170183524028686,0.0,23.041385602380647
3384,0.44373472749464077,0.8125283556982726,0.0,34.138378368734976
7311,0.4727352793120593,0.7492197103481391,0.0,65.78148999695733
9146,0.46597617545435427,0.7636207717978839,0.0,54.77833361801626
9044,0.4894053059264616,0.7145642863354391,0.0,17.641878439476045
18817,0.5138522606064924,0.665819485569769,0.0,2.606849544669781
12597,0.524111275162291,0.6460512600257446,0.0,11.697726311587516
7187,0.4928215040839446,0.7076082311808944,0.0,50.81688684981509
4915,0.5268773435026282,0.6407875023068403,0.0,15.603175314510011
10107,0.4389274892779166,0.8234210520371048,0.0,65.17377438407563
11284,0.44724662957582845,0.804645092505821,0.0,16.169344499821932
135,0.4665980274863988,0.7622871468225197,0.8,41.01867532525658
14392,0.5977296392525092,0.5146167355366611,0.0,6.417270829559657
474,0.47161384673869716,0.7515947495567864,0.0,57.89534264088519
18867,0.49859567511347896,0.6959597819907106,0.0,5.608044150273034
15713,0.4476382345960714,0.8037698848429841,0.0,1.562830118468622
13756,0.5278435985176959,0.6389552540847894,0.0,19.476634279255265
14877,0.3355377506439501,1.0920208083520762,0.0,9.165877013155828
14965,0.4480768722510119,0.802790471440997,0.0,22.596142502365776
16299,0.519378151597156,0.6551230453337357,0.2,10.644439335548189
3840,0.4797155647922701,0.7345619240706152,0.0,55.51451516993165
17135,0.5307745429721413,0.6334179374101704,0.0,10.714264387130054
7534,0.44993247949572884,0.7986577530407806,0.0,41.74583502376302
18948,0.5540267457068979,0.5905423159508976,0.0,24.953365064902343
12298,0.5294271058350896,0.6359597894513392,0.0,5.822211854232055
886,0.41654552294281777,0.8757595245656408,0.0,52.085793046481044
491,0.500470515935395,0.692206591182068,0.0,15.179052356201673
5067,0.4432080802891288,0.8137159120159606,0.0,38.24464786475015
10212,0.49009036693081676,0.7131654825733788,0.0,22.19157056472151
2039,0.48776373432987785,0.717924141331275,0.2,15.43788176216242
13579,0.5304735672966331,0.6339851481889983,0.0,23.16042774938643
11112,0.4506920377602475,0.7969710158266601,0.2,25.237281605563624
19510,0.5831097259564396,0.5393799011530538,0.0,21.688196818527302
7070,0.4678590663814919,0.759588168626796,0.0,17.543448128182163
11910,0.46297210474404943,0.7700884756438814,0.0,8.588411842124563
3497,0.4336113993508872,0.8356065391863932,0.0,89.28873636225173
6470,0.4894018752795384,0.7145712961878168,0.0,42.1704246083843
7332,0.37701385508213187,0.975473341328437,0.0,68.47822930548337
18384,0.46512327498171296,0.7654528010420064,0.0,34.04351215835494
15821,0.6094287072121918,0.4952333062013639,0.0,2.1203415096004266
7189,0.4776565174121737,0.7388633876147853,0.0,50.279652963478114
2045,0.4196860571083993,0.8682483302847288,0.0,53.99549138455791
15402,0.5623037662992478,0.5757130656817856,0.2,3.955522867992647
1993,0.5218871448241215,0.6503039121285201,0.2,19.20282378463766
13514,0.5005348889345167,0.6920779744954902,0.0,10.847630024398509
12591,0.4384724298170427,0.8244583429959321,0.0,5.5516553713049674
1505,0.4655048031535292,0.7646328640507312,0.0,54.48773952568713
5624,0.4684398419548618,0.7583475911943436,0.0,23.745758949272883
1503,0.4684260420543186,0.7583770509084388,0.0,54.74724115658667
970,0.4444011995083874,0.8110275220565168,0.8,39.04691732684547
11629,0.47010911802111577,0.7547904452220145,0.0,11.490929720784166
3981,0.3924610667582332,0.9353179396522764,0.0,38.34803552574333
3430,0.4195943727620564,0.8684668135078435,0.0,14.776962301765877
13124,0.47786286442032266,0.7384314821709398,0.0,12.051756491511842
20595,0.4999060267036301,0.6933351448168593,0.0,26.088120732303224
12137,0.46218422148209193,0.7717917195824379,0.0,11.37891102923796
3867,0.40496184514735944,0.9039624258262855,0.0,32.23032659434849
203,0.5329347293750207,0.6293563212736883,0.0,23.51589880034313
9312,0.5089414787024891,0.6754222421211147,0.0,21.022854811630495
10176,0.5024515494168595,0.68825606276845,0.0,54.45137693565235
12896,0.5510152964625576,0.5959927089395004,0.0,8.793872488608281
16907,0.3541179884800277,1.0381251205896935,0.0,6.984179146881663
15217,0.5387336684252412,0.6185339518515115,0.0,6.621405907380034
16776,0.3614485479968818,1.0176355767056597,0.2,91.69303997862573
18457,0.5411607230049944,0.6140389592197186,0.0,8.281236292343863
3352,0.46154040845715927,0.7731856699185338,0.0,55.6771017425364
3056,0.46031049424749393,0.7758540297060452,0.2,52.64557927001828
2324,0.529038015624645,0.6366949865212884,0.0,52.71198094580776
6569,0.4620104781478163,0.7721677081839565,0.0,63.47218620183843
7000,0.5409455889251477,0.614436580193387,0.0,14.688105699478264
12798,0.44920781333436444,0.8002696623813995,0.0,8.13474108757906
9718,0.47254291006761334,0.7496267212138564,0.0,57.413910692153216
12900,0.5515761930295358,0.5949752938393348,0.0,9.193855932320877
2706,0.542154583356583,0.6122041090619004,0.2,17.998800572882537
12815,0.670131122891309,0.4002818799370848,0.0,4.4213134254434525
12123,0.43179004414835853,0.8398158177944764,0.0,14.11520426147137
10783,0.41436157777269084,0.8810163100654114,0.0,71.82485602240686
4876,0.45775809465166734,0.7814144120193312,0.8,43.48570725950071
2462,0.5312949968652201,0.6324378623487606,0.0,18.72016096677921
19847,0.5191181952357737,0.6556236852591522,0.2,11.698293686187688
18245,0.5019463811273542,0.6892619754983343,0.0,3.4740354604389676
16589,0.5493269957956846,0.5990613940270794,0.0,10.321827544858033
153,0.44660934860138835,0.8060710069662645,0.0,75.81098066511068
5162,0.46502933091918885,0.7656547981384991,0.0,52.079836799128394
10275,0.6502057636029777,0.43046640679760967,0.2,29.043138762161878
17290,0.5256105400398382,0.6431947586645558,0.0,13.67432010302573
17069,0.5884889188662913,0.5301971819131325,0.0,8.748651310245188
19647,0.5052761085766041,0.6826502494632704,0.0,24.07536762086381
8468,0.4427615634022941,0.8147238854331529,0.0,57.5195050684106
18412,0.5531070194507861,0.5922037709559321,0.0,10.343134889340334
258,0.4100672634591509,0.891434075522256,0.0,32.247627001907375
6539,0.49379627452459457,0.7056322466021615,0.0,45.37392006740249
13024,0.5656862929285021,0.5697156072103006,0.0,9.286364234530957
3566,0.5117564056132853,0.669906537443775,0.0,74.85534995191139
8940,0.49806096266212,0.6970327944654101,0.0,45.81944851064969
5174,0.4669417915571826,0.7615506724283714,0.0,56.65936828561968
19583,0.4525247535591907,0.792912813340154,0.0,34.77001813233014
12600,0.5231694643253818,0.6478498438348173,0.0,13.776527151568983
18254,0.45433130345574496,0.7889286037793699,0.2,6.87432959518392
20048,0.4734810688762845,0.7476433484091628,0.0,12.291256868879197
13304,0.5198135539678672,0.6542850817629002,0.0,10.028227852515693
6461,0.5273914147873977,0.639812283565946,0.0,44.22158502345522
17044,0.5725122372920995,0.5577211685994816,0.2,43.63331596578643
4871,0.5581290628060002,0.5831650479942172,0.2,46.17355045408625
20882,0.500887348812139,0.6913740558508051,0.0,25.808994111508582
4508,0.37965639788471506,0.9684886514045303,0.0,99.94803325833674
9315,0.5080941224641056,0.6770885681248036,0.2,21.074720041200642
8993,0.41172278377488886,0.8874050110163901,0.0,65.75670996224193
10003,0.652197561836474,0.4274077540017778,0.0,32.24556509895927
1260,0.49874674648113226,0.6956568341454417,0.0,50.08729205847179
13553,0.5005348889345167,0.6920779744954902,0.0,10.847630024398509
18999,0.4648060738157513,0.7661350059399894,0.0,56.73229660534159
20379,0.47420795255087117,0.7461093350341134,0.0,9.3487494129721
12332,0.5942592481452275,0.5204396101448374,0.0,8.521158308673456
10464,0.4673775840219704,0.760617816902132,0.0,29.825724404358827
20276,0.4993400462614709,0.694467959882132,0.0,9.666994054542979
4542,0.4558537131752856,0.7855833253766664,0.0,62.06108270475665
12236,0.5592580213626093,0.5811443356434862,0.2,5.311949839853301
5776,0.46106450767730334,0.7742173158890713,0.0,64.9336054566631
12510,0.630721961043635,0.46089014580832843,0.0,5.566861641090224
19445,0.6191763686482732,0.47936512176262036,0.0,8.519277551071383
7136,0.46754692376252516,0.7602555636057501,0.0,56.346339472559066
6425,0.42430337704028365,0.85730656771931,0.0,37.35713434244193
2871,0.4639352784571474,0.7680102225687043,0.2,62.97683825063376
21160,0.5167316073686313,0.6602316739542701,0.0,10.359035316944253
3423,0.4220604386122167,0.8626067557408239,0.0,26.750297825869666
20617,0.5228174153143522,0.6485229861680065,0.0,18.58796594582159
16876,0.5182122321327683,0.6573704060907145,0.8,8.687150016795556
19638,0.5440056408681354,0.6087956629370587,0.2,41.54117243208958
6814,0.48058971559233266,0.7327413550091639,0.0,23.090512508763567
10720,0.41153027970080475,0.8878726778521016,0.0,78.31037086394845
20737,0.47115719815378426,0.7525634866072054,0.0,20.173592713306995
14871,0.4727137120509212,0.7492653336685695,0.2,26.59891934523422
1274,0.47316532416472973,0.7483104290119826,0.0,33.565463950783155
17213,0.5619010389162533,0.576429531931269,0.0,43.37027089358164
13440,0.5522762747684107,0.5937068601434146,0.0,13.725464122298742
8739,0.4581416083362936,0.7805769541496771,0.0,61.89585112768433
20498,0.5246215620169629,0.6450781105698443,0.0,9.464908048268834
2025,0.5207316399893747,0.652520456324092,0.0,20.59680730776948
16460,0.5238128532482582,0.6466208087440328,0.0,8.678168222665786
4922,0.393416561683597,0.9328862750734596,0.0,89.09063926951538
10057,0.5320644070969776,0.6309907309966237,0.2,17.038642872780457
10412,0.5304980449100123,0.6339390063071574,0.0,10.847964873244567
2625,0.5091672066595792,0.6749788160625138,0.0,16.071245249970875
9303,0.5197406097718867,0.6544254192241784,0.0,39.55019861309492
14652,0.5813017048230774,0.5424853715024642,0.0,7.688373482693919
12796,0.5064827209796752,0.680265070426794,0.0,6.949928121857901
8053,0.5324584708351827,0.6302503734817707,0.0,17.502053160094498
9855,0.5708996984674654,0.5605417441825564,0.0,12.815665850203253
121,0.47920078363530616,0.7356355968831816,0.0,49.18790219212957
12471,0.4402301427413177,0.820457637128869,0.0,4.18351357074749
3504,0.500470515935395,0.692206591182068,0.0,15.179052356201673
13862,0.3859115397690891,0.9521471073637968,0.0,14.253641543448506
6046,0.4813002715700747,0.7312639384304013,0.0,48.157389120138546
15114,0.5088624311885502,0.6755775716759133,0.0,8.451475576293111
9510,0.44344838627162475,0.8131738621974736,0.0,47.290124963450204
12929,0.493629651875502,0.7059697355139253,0.0,13.526380024724375
15443,0.6060156896959478,0.5008494026606055,0.2,5.4156844534067305
6911,0.4870138890229374,0.7194626367519358,0.0,35.40835377752781
17162,0.5320604162171249,0.6309982317705278,0.0,4.698097570540053
16242,0.5902677101214883,0.5271790990253205,0.2,9.106492347805814
4451,0.48029480461973956,0.7333551873181452,0.2,45.99236788703057
5398,0.47884744722422934,0.7363732140838941,0.0,49.01668198423969
4771,0.5161042069708001,0.6614465823962336,0.2,44.118490073690936
19589,0.5292176140549201,0.6363555629888973,0.2,21.947902311522903
2122,0.33433436060422334,1.0956137070981462,0.0,37.77949973860052
3345,0.5033669212133831,0.6864359091801673,0.0,36.38110318654886
12941,0.5513887940240044,0.595315103370071,0.0,10.487666521254468
13158,0.47829772209802024,0.7375218908035255,0.2,6.3799328083261075
3545,0.4782569054898978,0.7376072316862519,0.0,43.358397996996544
2060,0.5205353870862341,0.6528974065210371,0.0,20.30837353096414
8160,0.4672142175969567,0.7609674164308131,0.0,43.300190883024534
14068,0.4483387298956399,0.802206238744803,0.0,28.602260815359955
3851,0.5329734007234941,0.62928376089555,0.0,44.584755899765945
18667,0.4424880165479995,0.8153418961483152,0.0,25.360394412443974
20329,0.41451495769198304,0.8806462189493517,0.0,21.993257812035033
1433,0.42443128315185163,0.8570051634794801,0.8,38.698063841551786
9265,0.5013007042044662,0.6905491499571008,0.0,46.30131997777642
7970,0.4438316202203808,0.8123100222150927,0.8,81.28380435613204
8519,0.48161692052590427,0.7306062516223503,0.0,43.48568164396562
18275,0.5969352950276114,0.5159465550017944,0.2,2.1041590025088297
20492,0.43620892174283044,0.8296339720931228,0.8,41.284661169244515
17283,0.5455314757423464,0.6059947746543922,0.0,2.6036566018934666
16626,0.5182702627122383,0.6572584300953277,0.8,4.392720779586446
3325,0.5071367365319097,0.6789746144511364,0.0,46.88319919991706
12842,0.41690509807557313,0.8748966656367569,0.0,4.837478502463949
3758,0.3824747043408497,0.961092760344616,0.0,71.59180133123274
17221,0.48000645658189245,0.7339557239583913,0.0,18.543024841517436
12179,0.5419475533595324,0.6125860472438404,0.2,5.558605866300763
5612,0.48216415015413977,0.7294706624233289,0.0,51.030118742814906
14282,0.4321437691657234,0.8389969471085987,0.8,30.331837258364388
16422,0.39425563621882986,0.9307557571883427,0.2,82.8870588737353
17482,0.473375424801258,0.7478664953721298,0.0,33.50591475989677
17309,0.5656197990804235,0.5698331595661571,0.2,3.4634177243374973
20228,0.597342143256318,0.5152652254691362,0.0,1.4405011381980017
9620,0.4810711703050677,0.7317400566096534,0.0,23.057129351252183
21118,0.48231831088648364,0.7291509868669889,0.0,6.139998449418479
7239,0.5083524966342059,0.6765801810224992,0.0,17.144541890348073
5727,0.4427615634022941,0.8147238854331529,0.0,57.5195050684106
720,0.47007007107375753,0.7548735079994799,0.0,67.93861571995319
17081,0.5940103326791808,0.5208585646879889,0.0,15.594505456562153
9921,0.5233597659873317,0.6474861623273442,0.0,47.91397601222347
1570,0.5059742510431985,0.6812694982558786,0.2,48.50638879558593
9475,0.4879916235058595,0.7174570382233185,0.0,58.042275487019026
17376,0.5689166291382868,0.5640213773164936,0.0,9.568622483290795
16338,0.4977809390319054,0.6975951801957528,0.2,9.56228591922771
21231,0.5310973285273524,0.6328099816410864,0.0,21.59463941651282
10548,0.4648616518259655,0.7660154406184289,0.0,8.971189961375877
9011,0.4631457976146093,0.7697133768100202,0.0,50.46240710448187
10220,0.5098359227854081,0.6736663250553679,0.0,2.6503715768071388
17360,0.5345510393054341,0.6263280632621777,0.0,3.4842942028332025
18418,0.548661732680929,0.6002731791372705,0.0,11.675853913026845
12154,0.44445093678969144,0.8109156085462156,0.0,8.43757707706024
1731,0.5366895149800633,0.6223355360809938,0.0,18.349561287169898
13844,0.5130457615813335,0.6673902339275468,0.0,20.233605402893925
2267,0.5321253705323419,0.630876158508309,0.0,46.59020574979955
12125,0.4513076694213099,0.7956059782290767,0.0,12.467543703393453
20156,0.48852607834761924,0.716362424384553,0.0,21.318945913646644
7772,0.3904142273078633,0.9405469822079859,0.0,40.9137937260474
90,0.44373472749464077,0.8125283556982726,0.0,34.138378368734976
11971,0.5895670499502514,0.5283668250990331,0.2,4.374084677936627
13462,0.5376121537600826,0.6206178825881117,0.0,7.03501415722811
2337,0.39882685332730244,0.9192279078371461,0.0,80.52896044528404
4143,0.44993839813396436,0.7986445986241132,0.0,46.95231363770521
2892,0.4576766664736051,0.7815923125792289,0.0,23.77994551391543
11605,0.41997868920466364,0.8675513089809359,0.0,11.837737594497643
14673,0.52506878820898,0.6442259998135981,0.0,8.321950332908763
15258,0.5860891577029532,0.534283354727418,0.0,6.129031460954861
16378,0.5221219253163634,0.6498541449705237,0.8,6.279215923677368
11626,0.44615972015673017,0.8070782741272993,0.0,12.852721669415207
11376,0.30461358839137387,1.188711228907518,0.0,5.708340024615494
15101,0.5587096871651502,0.5821252839074591,0.0,8.914083757431506
8835,0.4537085425408664,0.7903002638783522,0.8,57.96457381887974
18857,0.5230629819507046,0.6480533977877155,0.2,25.21024970891028
14844,0.5833476752180194,0.5389719149468866,0.0,18.724153539818374
12193,0.4129211137394453,0.8844987121602411,0.0,17.586487381019662
11168,0.5497917860425618,0.5982156432633537,0.2,6.6169532920049186
439,0.43292943558852504,0.8371805305683552,0.0,35.44203699514965
5243,0.44339704111276806,0.8132896550004325,0.2,61.061785684156476
1985,0.48692692634910795,0.7196412157224193,0.0,52.1955764978788
5733,0.4711280440653724,0.7526253661466801,0.0,52.845593069868585
2860,0.4811876561359451,0.7314979474634535,0.0,49.1603153178077
15483,0.39668047899684344,0.924624161150463,0.0,4.683406384653047
21117,0.48231831088648364,0.7291509868669889,0.0,6.139998449418479
19509,0.5850496522502546,0.5360585597105532,0.0,21.554647335588662
19958,0.49010325954175393,0.7131391763200228,0.2,10.130142285268981
500,0.4633190463872243,0.769339377136409,0.0,50.64176215216667
16539,0.5471349509520373,0.6030597959242722,0.0,4.306148657986754
4886,0.4330506899686342,0.8369004909292848,0.0,35.601741265293036
15800,0.5483795114567669,0.600787692574019,0.2,7.7429523617252185
10055,0.5320661015408464,0.6309875463423823,0.2,17.241735185210892
12508,0.6447238806953136,0.43893314578913106,0.2,4.419398187496601
11125,0.4052828573509187,0.9031700424404624,0.0,32.55476424867287
14142,0.4174711052281306,0.8735399461207004,0.0,32.67912925108379
5584,0.5146057596546965,0.6643541867084065,0.0,46.82036029455091
7754,0.3765527527510124,0.9766971280086695,0.0,55.67173629649417
2574,0.47901818735220375,0.7360167128719924,0.0,41.95295263370356
4950,0.5475375432423513,0.6023242475102939,0.0,41.6446992540745
9297,0.4733716805327329,0.7478744051264962,0.0,34.25638735505232
2894,0.5071715234280213,0.6789060220961326,0.0,56.83801299863092
18960,0.5412046508434901,0.613957789146135,0.8,17.71200559483656
19801,0.6227280151776606,0.47364542826885,0.0,14.427002167106815
4637,0.5058449695235528,0.6815250409807474,0.0,40.70408203265045
18204,0.6229345830352638,0.4733137688615706,0.0,18.15891983800693
5490,0.4873643190877903,0.7187433471023015,0.0,52.70545095907015
20743,0.5035816998033068,0.6860093162265685,0.0,23.530120331646657
2261,0.5039915373619792,0.6851958020001919,0.0,41.33785876167346
46,0.42978001831880946,0.8444817865040332,0.2,67.23763893944725
9377,0.5004745046597308,0.6921986212651321,0.0,14.948028750925452
20302,0.6179153279624834,0.4814038406805865,0.0,8.560323814854875
15765,0.4420664713212212,0.8162950206069484,0.0,5.441626673336273
9584,0.44140264567425624,0.8177977913526877,0.0,35.983102819518265
14530,0.5834152540324745,0.5388560751085845,0.0,4.21520164239797
5609,0.4820123638299795,0.7297855141609781,0.0,53.51152338263588
15679,0.4709013891420352,0.7531065717645112,0.0,1.4857851270516917
20267,0.46926378262857144,0.7565902323356224,0.0,8.420092476314778
1691,0.47324876549321143,0.7481340974682964,0.0,51.62125272531245
18506,0.5827730685663461,0.539957416150328,0.0,5.459239251040371
19193,0.5257425020774535,0.6429437258848483,0.8,18.518707812913377
9364,0.5407513073267355,0.6147957965342575,0.0,18.923415039471216
8719,0.4434978597037133,0.8130623031658764,0.0,13.740754164137925
1472,0.6024312398822377,0.5067817448068274,0.2,17.176100247201013
7683,0.45903760436481317,0.7786231455566766,0.0,39.71639805480035
10977,0.49075213355644126,0.7118160982926,0.0,10.834909022558554
16880,0.5166593739596066,0.6603714727534613,0.8,8.870439732187352
4142,0.4727667128803877,0.7491532195980412,0.0,48.773617161202594
19436,0.4501507163792416,0.7981728270055218,0.2,32.96852886304609
13481,0.42055845426582006,0.8661717978966164,0.0,13.745713485496047
18175,0.5299961285060075,0.6348855771682952,0.8,29.152038508689312
7589,0.42452933307274,0.8567741753289099,0.0,33.9839484488214
17166,0.6493312196436759,0.43181233862194135,0.0,29.13394743880004
16067,0.48916984444488865,0.7150455196592727,0.0,8.684942816317152
17148,0.4911370537556366,0.7110320582524663,0.0,7.215553328502213
10403,0.5369966873545425,0.621763353292034,0.0,10.187592686000315
2431,0.4743154465565976,0.7458826795688128,0.0,23.463604733973924
5348,0.5720824712462457,0.5584721174949191,0.8,18.77359933230821
17188,0.5802916015946586,0.5442245404137237,0.0,5.815039183179859
2340,0.4331108240849503,0.8367616389589836,0.8,36.15228175939454
16100,0.549765638280971,0.5982632037836455,0.0,5.827382435205122
8461,0.48293145923507963,0.7278805417448133,0.0,57.138622526967836
5170,0.47214789427007114,0.7504630071578932,0.0,65.01636422828602
427,0.44313466439785526,0.8138815722910212,0.8,40.69408171926287
18200,0.4596343055817174,0.7773240935352603,0.0,35.51865590597215
15940,0.5147627147250013,0.6640492326022185,0.8,11.943589538113851
9504,0.47839115180765684,0.7373265719020895,0.8,51.929910684078386
1368,0.4410587297532143,0.818577238358597,0.8,45.676606153260494
5784,0.4140069813835815,0.8818724420536397,0.8,85.79737069477694
2753,0.49404567714770287,0.7051273022069873,0.0,49.157949980954
14353,0.5162302637564836,0.6612023654493341,0.0,4.931908832318759
17216,0.33503845014196937,1.093509977200202,0.0,68.09832715588735
19334,0.45880446269243486,0.7791311668944652,0.0,23.698053486069718
19907,0.7624495515611414,0.2712189345763923,0.0,2.7619580988896684
15816,0.5774190146526504,0.5491870807876517,0.2,9.330139753352746
4230,0.4378980668866594,0.8257691196931847,0.0,83.68757244332474
1556,0.5416189963423934,0.6131924835117348,0.0,15.035479976404982
2369,0.45563737386445596,0.7860580185864369,0.0,54.27730858225216
68,0.5091672066595792,0.6749788160625138,0.0,16.071245249970875
10601,0.43858233201327407,0.8242077264971921,0.0,82.15702642876835
1453,0.4409538251212568,0.8188151139576968,0.0,47.25790817994619
16945,0.49388188630394614,0.7054588869330681,0.2,5.020398098890265
7208,0.5625902156654158,0.5752037743584215,0.0,46.90786736008363
5329,0.46086979581728216,0.7746397144529997,0.8,33.91372279813121
18748,0.4752283809776829,0.74395978843749,0.0,22.42555283632722
18180,0.47345424716286666,0.7476999979246486,0.0,49.21361648746958
20368,0.5714063240040571,0.5596547216862314,0.2,8.680244594584082
25,0.5003235811377538,0.692500227603639,0.0,56.12714556061793
20744,0.49640830484872944,0.7003564956370606,0.8,9.386177886774462
8860,0.42206722363781285,0.8625906799127241,0.0,50.073388310829166
4181,0.37158019239750856,0.9899905770220501,0.0,25.542251799374085
5397,0.48337506614547576,0.7269623922137735,0.2,50.26217935395766
13129,0.4394288621721967,0.8222794357718951,0.0,12.449311331987122
7238,0.443569347169138,0.8129011260531942,0.0,9.112620878823108
7237,0.443569347169138,0.8129011260531942,0.0,9.112620878823108
18497,0.5201093431760664,0.6537162141728351,0.2,7.047061237654463
9730,0.5372723856164803,0.6212500772889783,0.2,12.084867045518017
19386,0.4501721459661624,0.7981252227785914,0.8,39.55029797156209
7965,0.41436157777269084,0.8810163100654114,0.0,71.82485602240686
19574,0.4331689032428889,0.8366275502663973,0.0,5.769425797162512
20954,0.47841814591108894,0.7372701466488993,0.0,16.544341781430436
2277,0.47893534985224506,0.7361896596735814,0.0,44.598738823658394
8540,0.47790240227959824,0.738348746669503,0.0,63.191576807730954
12378,0.6110460970002638,0.49258287748410445,0.0,4.783472188895737
17748,0.4531070170726102,0.7916269406211727,0.0,40.40068381362599
18974,0.5931588599316612,0.5222930239020988,0.2,2.0643631695015836
13500,0.5165932948037125,0.660499377878668,0.0,8.206704896122709
6552,0.5269599504205669,0.640630728735466,0.0,41.71338797543545
18249,0.5019463811273542,0.6892619754983343,0.0,3.4740354604389676
12407,0.4578598944833408,0.7811920489087307,0.0,4.989239378561839
14666,0.5257610259119104,0.6429084928419422,0.0,10.01426440607515
3496,0.4307731756994167,0.8421736018887204,0.0,89.5272650057914
1254,0.5056717271863571,0.6818675807320993,0.0,49.09446581271115
15675,0.47900146557052775,0.7360516219297069,0.0,1.8053765202300862
18227,0.464270409559922,0.767288117281776,0.0,33.804796871075666
17623,0.5362862373882282,0.6230872354738913,0.0,20.5276099709808
21056,0.5219563087882118,0.6501713942419497,0.2,37.86273154051307
10780,0.5812884192947038,0.5425082265536102,0.0,5.7977851781506455
13480,0.4271185782620394,0.8506936034573884,0.0,13.895228196055037
15404,0.4879722426811783,0.7174967544983881,0.0,22.335674391774923
15596,0.48917455227570694,0.7150358955824463,0.0,4.8634130224292464
12668,0.5723427525474759,0.5580172493212603,0.0,19.34199426210423
11306,0.483729893408619,0.7262285995151437,0.0,13.438860317138001
20136,0.5266678351373189,0.641185223016533,0.0,6.3084292425183675
13705,0.4327961412027121,0.8374884673798336,0.2,11.23072021977297
13594,0.5316603751116185,0.6317503861471786,0.0,8.152738865775847
3057,0.3760440802630918,0.9780489077214325,0.0,56.73661549529768
12262,0.4504089428903303,0.7975993469134305,0.2,13.3703978465164
14330,0.42232716407247256,0.8619749949990054,0.0,31.13022839118549
4956,0.5066367562581305,0.6799609892535403,0.0,44.262061425489705
18953,0.5166520600161333,0.6603856290731012,0.0,22.936842652579287
4318,0.5039794952465684,0.6852196957729728,0.0,43.23736175771231
17312,0.4774104491543229,0.7393786776874388,0.0,35.057640679471305
4160,0.4670290455001232,0.7613638273155852,0.0,44.425578162115386
18728,0.5887420126690991,0.5297672003353003,0.0,2.38948316681625
2692,0.41578168027139706,0.8775949635201994,0.0,75.14625818587349
17270,0.5035385971495505,0.6860949120663367,0.2,6.629734881424307
3465,0.4261524695732951,0.8529580869507318,0.0,13.576963212361932
20230,0.5762591048921509,0.5511978845494186,0.0,2.7853131537796325
2245,0.5187770634182376,0.656281038353264,0.8,36.22671381780287
19310,0.5415664850829559,0.6132894406079646,0.0,10.365787534846367
9180,0.533317015971922,0.6286392549430585,0.0,38.97563380646963
20920,0.507802506792538,0.6776626731492302,0.0,21.483601774439975
9326,0.4784760576935808,0.7371491055090441,0.0,23.22941174975389
13161,0.515989446026249,0.6616689671472508,0.2,8.420068196597859
16848,0.4560951963984513,0.7850537272242376,0.0,11.630570639405427
12133,0.5054613109904683,0.6822837795723737,0.8,7.297365768805002
15419,0.5087976409390573,0.6757049034861217,0.0,5.851604683286634
12810,0.6795728502683926,0.3862908395580092,0.8,2.767812578290263
6614,0.40408502109907235,0.9061299748970862,0.0,85.22152344774867
13273,0.3727272539886186,0.9869083493625476,0.0,5.546425163420749
14585,0.634330152522554,0.4551857147819811,0.0,1.2733137815580595
13311,0.4345285388859617,0.8334936543025699,0.0,8.91463089630519
2889,0.4578909461404349,0.7811242320840476,0.0,54.522470803516015
16282,0.464523846737487,0.7667423835368984,0.8,10.106048009607209
3362,0.4746016268959052,0.7452795070556598,0.0,52.26272258926245
11140,0.5685548843991042,0.5646574279728361,0.0,9.579413082469408
15954,0.4898261221263746,0.7137048036559362,0.0,7.440372373920554
14979,0.6490720389378645,0.43221156853382103,0.0,12.470384676823581
5594,0.3763227271155407,0.9773081869388128,0.0,55.755435047367165
947,0.4129838934463254,0.8843466857008908,0.0,69.90760482995245
2503,0.5079510104091582,0.6773702722563691,0.0,20.99847843994744
5564,0.5071118237312181,0.6790237400830036,0.8,64.9927573856555
15598,0.47084273999445503,0.7532311260799383,0.0,4.954178113072049
6057,0.43194644327197523,0.8394536723308915,0.0,85.07443344709793
10525,0.5948303931546199,0.5194789675936319,0.0,2.172876530134873
2527,0.45938869704728186,0.777858592757979,0.0,56.35585563877458
15072,0.4052828573509187,0.9031700424404624,0.8,32.55476424867287
5548,0.5132022533636293,0.6670852554404173,0.2,42.8172026683168
586,0.44707139424527675,0.805036978452714,0.0,49.590276644298235
8971,0.4973486606995228,0.6984639682605222,0.0,26.709260654202353
11398,0.5432214217327963,0.6102382673355672,0.0,8.89300195096245
205,0.4741698199195915,0.7461897515778307,0.0,52.763076650911295
21241,0.46701559146601984,0.7613926354336811,0.0,8.674165722618714
11889,0.5095339057410411,0.6742588814460956,0.0,10.991431854216916
12732,0.5422778570198814,0.6119767575750956,0.0,4.435424077076261
15199,0.5243008982907749,0.645689526090651,0.8,12.570283344171164
20638,0.4965009600333013,0.7001698618969638,0.0,25.92063850056148
20773,0.6870144690346163,0.3753999257958126,0.8,14.805585677015806
17601,0.5290377676718806,0.6366954552074985,0.2,18.44188395723721
15926,0.4305584863729017,0.8426721074944342,0.0,15.155877864951083
838,0.458489824201003,0.7798171812047404,0.0,68.62391194601716
19810,0.49807177217286674,0.6970110915128434,0.0,27.077834899401612
1500,0.5004745046597308,0.6921986212651321,0.2,14.948028750925452
13316,0.5237491796198944,0.6467423741052131,0.2,6.357477796502512
5896,0.5142717881702789,0.6650033825176709,0.0,62.22769202644837
171,0.4607729400238723,0.7748498952312988,0.0,65.93972490185641
4436,0.48723591718736653,0.7190068436548109,0.0,29.590723030126405
12159,0.46325348441760933,0.7694808921663602,0.8,10.142142922681405
11022,0.37004191172785467,0.9941390048188408,0.0,16.020052564618865
6924,0.45050491794007147,0.7973862853672006,0.0,47.14147633920845
2597,0.4215800059279263,0.8637457071491752,0.0,20.308824893259043
11831,0.47861674565634793,0.7368551152851327,0.2,12.987439280714906
1625,0.4971058335688283,0.6989523307485398,0.0,29.12883785068709
7198,0.4814305025631116,0.7309933934403993,0.0,44.91954458461623
518,0.4308952972856101,0.8418901481223593,0.0,59.454284572721356
17854,0.6609600891342624,0.41406182047793283,0.0,9.702234450159317
2128,0.4312271972196831,0.8411201880468822,0.0,31.362428674513083
4178,0.5063417130115361,0.6805435154648831,0.2,41.673081286829174
5493,0.47349684084352395,0.7476100383032374,0.0,56.88564792856957
19661,0.5192751654349913,0.6553213524316159,0.0,6.597775583769272
14915,0.48083038928811894,0.7322406920844095,0.0,2.532271319630335
7860,0.4973486606995228,0.6984639682605222,0.0,26.709260654202353
10119,0.43249906522347276,0.8381751139455497,0.8,59.548993544976355
15389,0.6130630404448583,0.4892875091086251,0.0,4.228911769509345
11841,0.4505111332306578,0.7973724891854825,0.0,6.365025765649392
10038,0.4679425247092528,0.7594098010566257,0.0,12.0833493942458
5494,0.4726726136310875,0.7493522789072369,0.0,57.01821501639375
2067,0.4746897922977741,0.7450937571366365,0.0,52.55146178130869
17347,0.6609600891342624,0.41406182047793283,0.0,9.702234450159317
3084,0.4857808577734741,0.7219976667032195,0.0,21.719495139103906
20653,0.41436157777269084,0.8810163100654114,0.0,71.82485602240686
10392,0.5296987899068349,0.6354467549220228,0.2,7.774055882116337
9218,0.4879619890475416,0.7175177674586957,0.2,22.55517063686827
10997,0.4052828573509187,0.9031700424404624,0.0,32.55476424867287
15588,0.5003514629177818,0.692444501661035,0.2,11.845995355545284
6579,0.5308474651006759,0.633280558704577,0.0,42.85726253506433
3323,0.505317128844339,0.6825690688928123,0.0,47.86173977790722
14740,0.4537204317758088,0.7902740596567996,0.0,16.283597391133675
4656,0.5119880403634507,0.6694540128805825,0.0,52.95381139734832
4517,0.47599018428898193,0.7423580462049724,0.0,52.41047692932257
10327,0.4885930296406714,0.7162253862433282,0.0,24.481227349473397
15594,0.4641080638749528,0.767637857589785,0.0,5.15157151511022
14308,0.6728075484608591,0.3962959509141916,0.0,12.33570242372637
19809,0.4976456888739309,0.6978669232956765,0.0,26.046837219081016
5577,0.4575653997826282,0.7818354541384454,0.0,73.46516856741765
14061,0.4052828573509187,0.9031700424404624,0.0,32.55476424867287
15741,0.40900181978198835,0.8940356736045189,0.2,5.503728385399319
15756,0.5090408516201713,0.6752270070663641,0.0,7.221890062558732
15797,0.5524159573979965,0.5934539704674252,0.2,4.051807045622144
1953,0.44845053731843315,0.8019568882508571,0.0,64.79571140974419
20516,0.6252645428458028,0.46958045024531614,0.0,13.92235596297649
12061,0.5182702627122383,0.6572584300953277,0.8,4.392720779586446
14084,0.33433436060422334,1.0956137070981462,0.0,37.77949973860052
1650,0.4894018752795384,0.7145712961878168,0.0,42.1704246083843
1678,0.46090364233141207,0.7745662766368415,0.0,53.88309199567017
1430,0.4331400799835762,0.8366940929431592,0.0,36.58235415930322
7373,0.4781625719639309,0.7378044956033857,0.0,46.348881003145415
14810,0.2942243855641323,1.2234125865403052,0.2,6.249968588000832
1258,0.5005902570277955,0.6919673627631637,0.0,49.82165011894779
3678,0.389982130538837,0.9416543600393605,0.0,40.491137481692505
15832,0.46738248906949875,0.7606073221288322,0.0,5.089748659174232
13353,0.5798186327384491,0.5450399265182796,0.0,7.975569968290471
18566,0.45962654086824833,0.7773409869197644,0.0,37.91791547906277
12405,0.5200503473565835,0.6538296502540121,0.0,10.541042698873245
12163,0.4359694515444199,0.83018310335288,0.0,10.551627275284078
9648,0.5266084798640562,0.6412979290035187,0.0,45.59307826851827
633,0.4796587357823239,0.7346803950573377,0.0,43.524303528390995
2494,0.4984473300912043,0.6962573519502709,0.0,46.12008550581978
16662,0.49565182743585184,0.7018815595618747,0.2,4.673829416237349
1843,0.43377459969884324,0.8352302353261496,0.0,67.0982201902501
9406,0.471477316997533,0.7518842862365218,0.8,64.00414986588392
2878,0.4743253102464749,0.7458618841521981,0.0,61.16067450048024
14881,0.6155397394694542,0.48525577090981525,0.0,6.834827320387804
16228,0.4685028096299543,0.7582131802459664,0.0,11.847460562772316
985,0.4785366664110469,0.7370224432066095,0.0,63.26047919391341
9810,0.5089753988316215,0.6753555959540385,0.0,12.588627896378934
7809,0.47430168599213757,0.7459116914092884,0.0,59.747525343713086
20432,0.542081334649511,0.6123392248719688,0.0,7.818041590807278
4401,0.472543088478906,0.7496263436581779,0.0,47.94235132166804
17020,0.41912907005532435,0.869576363404065,0.0,14.487145398795477
18039,0.4371606932681673,0.8274544323295395,0.0,37.417490440017986
3843,0.511265880633889,0.6708655097429758,0.0,21.876923402607837
6709,0.5026556190278915,0.6878499973850903,0.0,42.65701716800606
13712,0.48619206836053575,0.7211515307656046,0.0,14.253559565426212
329,0.4514371823375303,0.7953190468400877,0.0,44.18752989355726
8416,0.4767956478841283,0.7406672910324533,0.2,49.94397547668325
5120,0.4970609033392559,0.699042718463065,0.0,29.13260475862097
19520,0.5283490231615008,0.6379981849441598,0.0,21.042137535874076
16108,0.437018593679843,0.8277795363252473,0.0,9.00955272282453
10668,0.5215107802312614,0.6510253331705703,0.0,17.673709636216564
17593,0.48109814421334157,0.7316839876665392,0.0,20.384716342974247
16084,0.5800514723765153,0.5446384339025683,0.0,4.146059922260995
11986,0.402669971843274,0.9096379809691224,0.0,3.092496231148499
15086,0.5391613786682791,0.6177403490482719,0.0,12.951853497262587
18379,0.4825248341055433,0.728722889878819,0.0,28.771437393942392
17936,0.5037222857437209,0.6857301831280321,0.0,26.945083552759325
1193,0.4742567383054652,0.7460064619274867,0.0,52.8023393103639
15933,0.5172566211585131,0.659216161745299,0.8,11.521285099567965
1371,0.4378524188352651,0.82587336868232,0.0,41.562081059486005
6049,0.49098916763923955,0.711333213265525,0.0,51.226660919153446
10296,0.5824117706119578,0.5405775717751171,0.0,15.659992118051282
13363,0.5995522655036677,0.5115721264903828,0.0,8.265215723197926
15634,0.49459048678321216,0.7040251582423311,0.0,8.038911567496413
12667,0.5700459568372458,0.5620382953733891,0.0,18.86200596457308
18096,0.6212672691067255,0.47599390460274776,0.0,8.54004495537464
5777,0.49099224934503716,0.7113269367601974,0.0,21.11396239735388
6185,0.4540237062961751,0.7896058657926247,0.2,68.14891043061425
16069,0.4650197473066269,0.7656754069704128,0.2,9.476381408574703
14257,0.5508492773818998,0.5962940510206509,0.2,10.023702679201762
4924,0.39445297940306534,0.9302553361597272,0.0,88.83938460325396
2617,0.41439792834545075,0.880928587215743,0.0,42.91443290015809
20672,0.47370786966161305,0.7471644560141288,0.0,35.22282693362878
17683,0.5345050403754037,0.6264141184859084,0.2,24.116003261888967
6082,0.35928045053318525,1.0236519962143924,0.0,47.59981782396926
654,0.4331706412747151,0.8366235379092628,0.0,36.16723196937605
18933,0.5658878585917497,0.5693593501057906,0.0,2.125418408877295
15259,0.5769858602460872,0.5499375184136691,0.0,6.7293105888201765
17107,0.5232370806526349,0.647720608543483,0.2,4.5664301049172025
18523,0.5068112340091666,0.6796166642276179,0.0,27.279815079823322
7389,0.535221500003711,0.6250745990696981,0.0,18.89288059144625
4079,0.492148113493564,0.7089755641082814,0.8,32.74935315007582
1779,0.4752320298334338,0.7439521103570367,0.0,54.47961553884363
4243,0.4833540975870973,0.7270057726333747,0.0,52.34441562960299
3254,0.5448877226907852,0.607175518953974,0.0,17.81756634488542
16689,0.49344638558926507,0.7063410671669831,0.0,25.05109066067991
14295,0.4805661888199141,0.732790310173077,0.2,26.60761437334558
15188,0.4829983273546886,0.7277420883693316,0.0,13.16558183197354
20681,0.42162545466164514,0.8636379072453865,0.0,41.04439285964386
1637,0.5405409188366214,0.6151849392427288,0.0,14.955145544446534
13074,0.35379419278221597,1.0390399112345299,0.0,4.576487217290525
17763,0.4418079109836643,0.8168800819009707,0.8,38.52651694802279
4932,0.5243927403386348,0.6455143709362539,0.0,21.979764453501538
16838,0.4756283229806535,0.7431185638346851,0.0,23.485147095594527
19731,0.6089896893018718,0.49595394195436154,0.0,8.023294309473297
284,0.4202507684322666,0.8669036781828492,0.2,60.2281350259385
17728,0.48820471986784886,0.7170204531719184,0.2,13.384083881937272
14312,0.700660323987516,0.3557320686032536,0.8,10.721764669832979
10076,0.45194712474013704,0.7941900866560909,0.2,29.666175812263205
2265,0.5279680535783656,0.6387195016927807,0.0,30.773505786479888
1076,0.4973486606995228,0.6984639682605222,0.0,26.709260654202353
18355,0.4723732971911793,0.7499857221008192,0.0,33.60086035589253
930,0.46577790111201894,0.764046365525488,0.0,55.3589837277655
20566,0.5701261098408821,0.5618976972898001,0.0,3.3983571269169097
2542,0.4765186592548396,0.7412483976727482,0.0,50.049089322542315
3638,0.439621676990686,0.8218407469525579,0.0,61.64216296792358
14426,0.5082621499475218,0.6767579213043763,0.0,3.542150776811617
16334,0.4827745231079406,0.7282055601901579,0.0,10.537498205940443
4242,0.4836138922240644,0.7264684339707602,0.0,48.92401480130599
3540,0.45312478298220166,0.7915877323091434,0.0,42.78531632737569
8916,0.5158786161334831,0.6618837812252446,0.0,20.828157837840585
11250,0.2876122649890886,1.2461420080463383,0.0,8.77826063787229
12602,0.5692784358222952,0.5633856221505592,0.0,9.04543733634507
18251,0.44439291217217625,0.8110461705513763,0.2,6.3610151460852355
700,0.477123910436597,0.7399790515209288,0.0,34.57552005319697
20071,0.4743378111042779,0.7458355294694401,0.0,3.402613561907061
8753,0.44342599375973735,0.8132243597930662,0.8,16.500323004730447
5176,0.42964445044151756,0.8447972717696829,0.0,56.58030243300786
645,0.5318013521767491,0.6314852575349513,0.0,43.62931653944679
2155,0.44354556391757355,0.8129547453786568,0.0,10.182259426338163
15512,0.5251636516018746,0.6440453476273644,0.0,10.641239280741509
8256,0.45596372687754466,0.7853420189529013,0.2,25.133300836266958
13749,0.484042130291065,0.725583329997874,0.0,21.553453454199417
6155,0.4660896209360864,0.7633773437422001,0.0,52.16921069987757
1702,0.5113389983743238,0.6707225068255042,0.0,17.82445049095761
325,0.4328717831002104,0.8373137077622776,0.0,42.56065410462545
15354,0.45807474482029953,0.7807229098857483,0.2,7.502747268239795
20745,0.437851052555571,0.8258764890986224,0.0,2.6995837343602624
4144,0.48141856806974254,0.7310181833970678,0.0,48.345889120588396
9362,0.5372389126660807,0.6213123808691526,0.0,21.03763641038917
10558,0.4906496807390577,0.7120248870196297,0.0,4.641192031019173
2078,0.48562177851932103,0.7223251915618759,0.0,24.1946438617677
9421,0.5158891503198535,0.6618633615402858,0.8,18.46929882065136
4794,0.4751445774561199,0.744136147667909,0.0,55.36744915886145
4420,0.4752930293503928,0.7438237612589179,0.0,43.17152894699612
2317,0.4481820869872975,0.8025556849751337,0.0,60.27193377853673
18928,0.42263716888132186,0.8612412248014517,0.0,17.0069325014438
7801,0.37239513950541087,0.9877997854758646,0.0,56.35398077592379
162,0.5069904830390566,0.6792630466932548,0.0,49.08218624291852
9079,0.4830540210363601,0.7276267867879507,0.0,33.98016872245657
2500,0.5079551063359321,0.6773622086632745,0.0,17.306605206526193
13870,0.3859115397690891,0.9521471073637968,0.0,14.253641543448506
9966,0.5021585282180893,0.6888394158794793,0.0,50.51018601415706
3633,0.5157514618511747,0.6621302926166159,0.0,43.205325126381354
5031,0.4776504912497497,0.7388760037944415,0.0,51.83954031347449
13198,0.598497976537579,0.5133321348794168,0.2,3.197545670385011
4699,0.6412253688973789,0.44437429431109426,0.0,28.827893235471095
19458,0.5142449643672278,0.6650555426851956,0.2,21.36490930876191
652,0.47910567717141567,0.7358340855047082,0.0,45.86821704625976
19453,0.4810582699950132,0.731766872772874,0.0,15.127085441581682
15373,0.45511362896922775,0.787208157211228,0.2,6.78900501244353
17444,0.5174220768423016,0.6588963413304815,0.0,8.01135639913373
15382,0.5417173520357399,0.6130109042750297,0.2,8.987352583454411
21111,0.5072239603279681,0.6788026365806542,0.8,31.601656953166483
3240,0.49039261207846524,0.7125489595664674,0.2,54.94465070707567
2436,0.4387792324965946,0.8237588796486611,0.0,32.155430883780596
9186,0.542590561871267,0.6114002731745903,0.0,42.189678835765505
4265,0.47659012138811363,0.7410984417918262,0.0,54.08907022650702
19203,0.4907624018450524,0.7117951749374357,0.0,45.74707621906296
2846,0.5052700252481573,0.6826622891480373,0.0,56.21041038846542
923,0.45841284783348113,0.7799850864144219,0.0,57.28990816762766
20462,0.4812778297912565,0.7313105669144495,0.0,48.160457049383666
21172,0.5177197279125232,0.6583212489575178,0.2,38.337338334848454
15879,0.5132727906383007,0.6669478195130765,0.0,6.788528815972737
13658,0.5943947072518091,0.5202116899725232,0.0,2.57660853615401
2899,0.4462292229714236,0.8069225061398781,0.0,45.3046613984382
7268,0.44292699124786095,0.8143503278284577,0.0,48.804015395279464
1012,0.41440899248074925,0.8809018882704973,0.0,71.81552778540191
1265,0.47510187780841584,0.7442260183482914,0.0,49.947983814404495
13299,0.552729211458775,0.5928870692530049,0.8,5.4874661744804305
4744,0.5221769581557507,0.6497487482487436,0.0,46.141911917498916
16341,0.44158425009787333,0.817386450194518,0.0,11.167542297830558
845,0.4973486606995228,0.6984639682605222,0.0,26.709260654202353
14170,0.40496184514735944,0.9039624258262855,0.0,32.23032659434849
7065,0.46190543641819126,0.7723950919283462,0.8,80.56853309976904
11618,0.4767935232816007,0.7406717470447317,0.0,10.304595610123869
7374,0.480460841136258,0.7330095499671604,0.2,49.054465751622914
11721,0.4513528911234567,0.7955057817562025,0.0,9.971665042592807
19164,0.5720782322728033,0.5584795272467649,0.0,5.6308700891171455
15336,0.5106512340615875,0.6720684383123885,0.0,10.110261195392885
1123,0.4045678817936182,0.9049357400153306,0.0,44.083941260873175
4824,0.46609871951745024,0.7633578228343121,0.0,43.36177259660556
19768,0.6046415424160884,0.5031194884182018,0.0,19.7373782599605
3912,0.478281843751024,0.7375550889766092,0.0,52.75362886447172
19016,0.4952136740317903,0.7027659448431679,0.8,49.22875658093538
19594,0.5068457198883993,0.6795486217224815,0.0,23.733236067305317
1957,0.45102182677582486,0.7962395442518019,0.0,75.64275670392118
14506,0.47710511895090235,0.7400184372137099,0.0,12.25840474905272
8472,0.5283884399506429,0.6379235840323226,0.0,32.96151285236249
9689,0.5236288209520115,0.646972202626238,0.0,19.624284632320737
11531,0.41246739244176134,0.8855981249579418,0.0,9.742021719220002
4237,0.42830092943021414,0.8479292243183049,0.2,78.0730839760266
4269,0.46032842123329215,0.7758150850438132,0.0,55.035939292129044
6862,0.4174430300516737,0.8736071989681038,0.0,45.75518037850143
5796,0.4894018752795384,0.7145712961878168,0.0,42.1704246083843
21008,0.5381984157610069,0.6195279842815367,0.0,17.820721498900603
11745,0.4320018208133808,0.8393254759011203,0.0,6.029294599359627
1669,0.4531614266267587,0.7915068668072998,0.0,41.26917057159424
435,0.473913619631655,0.746730210958271,0.0,34.200245940728564
18158,0.6200768707925254,0.4779118234792887,0.0,8.682224465412201
15470,0.5666736055568662,0.5679717925805579,0.0,4.397805471869356
18427,0.554298491180743,0.5900519445865251,0.0,7.301892814258247
4311,0.5117654237697502,0.6698889156281845,0.0,43.643266430769
2927,0.41383013667682694,0.88229968723409,0.0,48.25517322074201
18811,0.4782558420132147,0.7376094553402197,0.0,33.65785743930049
6753,0.5085312686537509,0.6762285734396284,0.2,18.28352966743286
2730,0.4193254004269657,0.8691080484695244,0.0,20.206762126916445
10703,0.49912182921605275,0.6949050663040235,0.0,18.594617285618376
8847,0.5184471462754309,0.656917192332027,0.0,20.181811315984728
13995,0.5092597254487592,0.6747971264655134,0.0,9.825720870943352
10456,0.4284370305392309,0.8476115049769873,0.0,25.808160345170265
12639,0.6145727139117408,0.4868280267702638,0.2,7.747868027477733
15685,0.47525485647022714,0.743904078896263,0.0,1.4464285384091617
3926,0.49739799287390574,0.698364782856387,0.0,46.16191374523733
598,0.5293616644005267,0.636083405108184,0.0,44.92020696286396
17176,0.4482811729942212,0.8023346251464705,0.0,11.485821151826467
6605,0.46951303737876804,0.7560592120744878,0.0,52.171863852621385
15883,0.5408511189451691,0.6146112340438404,0.0,7.757007976914602
1717,0.541362017904487,0.6136670595926612,0.0,19.383901345806677
571,0.5207328685339918,0.6525180970605604,0.0,20.136708873554333
6644,0.49642585545786483,0.7003211410736523,0.2,49.72280101622931
15076,0.4704052708605451,0.7541606773998134,0.0,21.41816331007707
11370,0.5496517170462886,0.5984704430718706,0.0,6.264489203045956
12421,0.4620502123608772,0.7720817090423558,0.0,6.100603981847019
17369,0.479933896040309,0.7341069011466893,0.0,28.934457328969607
9102,0.5311213971222014,0.6327646640539041,0.0,18.802601485462574
2246,0.5133794908083401,0.6667399591257732,0.8,43.631464552973696
2336,0.4076213285624934,0.8974166518129565,0.0,70.90488986514407
9612,0.5004706877280679,0.6922062479198019,0.0,15.178006429824183
11774,0.22876955530867094,1.4750400907921917,0.0,3.5295866024448554
336,0.4242173518325751,0.8575093328494385,0.0,34.266078697867336
8111,0.5100119254491997,0.6733211703034242,0.0,15.55371800660253
15279,0.5426157144468678,0.6113539177928453,0.0,6.2027969397132185
14933,0.515873174405788,0.6618943297462069,0.0,6.92540009565511
16654,0.4873727302706608,0.7187260887393897,0.2,4.964600392851427
14310,0.6685132512269647,0.40269906030755676,0.0,12.514880569007595
3454,0.45880253367178975,0.7791353713537875,0.0,52.412436787629154
1744,0.5091672066595792,0.6749788160625138,0.0,16.071245249970875
13565,0.5210140291499284,0.6519783102401945,0.0,15.3276831693391
968,0.4891193157725404,0.7151488197354627,0.0,69.58398234272153
21044,0.4844979954697049,0.7246419849773054,0.0,34.52991316952197
42,0.45150674710279637,0.7951649624874815,0.8,64.44414444546422
8744,0.45822731536245753,0.7803898962427636,0.0,61.881018370584556
8275,0.46214022638049257,0.7718869136492708,0.0,57.43224486782923
9832,0.5106682010494069,0.6720352126882837,0.0,17.02601213909378
21262,0.6209972116124843,0.47642868721576914,0.0,8.655280327769983
4827,0.4678348116546985,0.7596400119216346,0.0,34.996615117405966
12715,0.3903480548719655,0.940716489464078,0.0,6.492481560099562
19165,0.5633032959592368,0.573937081937151,0.0,9.005360206688337
791,0.4801836647815073,0.7335866133048153,0.0,48.22598518995934
5163,0.4602492495314934,0.7759870894373767,0.0,53.16287715504194
10531,0.4245414111607141,0.8567457251954977,0.2,31.8807928798578
16256,0.5352324654990516,0.6250541115089168,0.0,3.9362785742179005
18934,0.42950492934621903,0.8451220606825479,0.8,5.77826869257054
15924,0.59388390258604,0.521071428914222,0.0,6.285163718679888
4872,0.556706785502327,0.5857165950716874,0.2,46.68161307407978
11680,0.5770513777514821,0.5498239735412715,0.8,2.794364911831863
13933,0.5205048620367361,0.652956049881911,0.0,11.810016004470896
9586,0.5177514545712937,0.6582599693018072,0.0,37.557021493868355
984,0.4973486606995228,0.6984639682605222,0.0,26.709260654202353
17112,0.5799390211507692,0.5448323169157927,0.0,5.821533404967836
21113,0.4410835903274092,0.8185208742694119,0.8,4.922993913822523
19715,0.47569989294403003,0.7429681005932643,0.0,3.551525046769531
10348,0.4422348665558276,0.8159141657344539,0.0,58.29298732190082
15018,0.5392740718727081,0.6175313551677708,0.8,8.107877579032362
7464,0.36383669172493127,1.011050161125851,0.0,54.10129628168046
2781,0.5011883305635673,0.6907733392249575,0.0,48.15726081438039
14602,0.5213762138088863,0.6512833983758916,0.0,4.402024375337997
20852,0.5228268438447857,0.6485049522518802,0.0,18.392573064756096
5578,0.45736059783519817,0.7822831448836728,0.0,73.20606111479069
9389,0.44423473460986834,0.8114021746990107,0.8,24.67961000350958
4798,0.5032639028544117,0.6866405887049105,0.8,33.1537544574378
10242,0.5180599560692183,0.657664298113254,0.2,16.326516232021408
18022,0.4829119087630329,0.7279210254768492,0.0,18.347248003208847
14294,0.4765069234358265,0.7412730262225518,0.0,26.915621772392253
454,0.43565709346030346,0.8308998279622393,0.0,63.74663581554502
10503,0.5378543758911905,0.6201674322420986,0.0,12.063806892888138
10391,0.5073822558509193,0.6784906031597834,0.0,7.217885117745539
21177,0.5223660120519626,0.6493867642927582,0.0,6.577963326753444
2070,0.46376017833327965,0.7683877174128699,0.0,51.521934728725014
7832,0.4850078930110074,0.7235901139275782,0.0,47.210638970604435
18710,0.5640929737106952,0.5725361940650738,0.0,3.7005878399471843
299,0.46128136545086057,0.7737470849618863,0.0,51.227473820780894
960,0.42443128315185163,0.8570051634794801,0.0,38.698063841551786
14863,0.6017258273849998,0.5079533736534411,0.0,19.132318120875325
2634,0.41921245647282823,0.8693774315483946,0.0,13.614453761803105
18651,0.48257881479181886,0.7286110248239235,0.0,21.425535896031793
6623,0.4685747510611556,0.7580596360051042,0.0,54.9922969952255
2991,0.389982130538837,0.9416543600393605,0.2,40.491137481692505
18585,0.4990910895133314,0.6949666557748754,0.0,16.947109352585173
8607,0.5295133657395266,0.6357968720694027,0.0,16.804746970442537
16286,0.4327961412027121,0.8374884673798336,0.2,11.23072021977297
10368,0.48552672062227836,0.7225209554382147,0.0,44.38807588957825
9756,0.4749360119834026,0.7445751956358095,0.0,53.01003082606515
15801,0.5392955306566334,0.617491563977888,0.2,7.9582318724994945
5866,0.4616000764362617,0.7730563981984392,0.0,51.060374511211684
9843,0.5386922322144103,0.6186108689013553,0.0,5.942685109156935
17755,0.4427973329176363,0.8146431013870319,0.0,58.2795682190563
19981,0.5000462698138349,0.6930546452138027,0.0,7.486376309325021
11932,0.4797864515784538,0.7344141666191388,0.0,5.396475682933776
20342,0.5654451727092328,0.5701419417792636,0.0,2.368783089653477
18708,0.5399132632909518,0.616346775860433,0.0,3.765354717418538
16079,0.5477436910762485,0.601947818461987,0.0,5.291422109897703
18836,0.4569504497629014,0.7831803189928245,0.0,7.107752993982166
2581,0.48468717118621857,0.7242516040151846,0.0,41.390980274588046
12885,0.5387261195966003,0.6185479641213426,0.0,20.430640269544433
6878,0.4655048031535292,0.7646328640507312,0.0,54.48773952568713
3971,0.47447623108037085,0.7455437547466373,0.0,55.17769488145191
11019,0.2720174159974007,1.301889185333726,0.0,10.689812987262115
13383,0.5793172413263487,0.545905038977638,0.0,17.03769680793232
21103,0.5722729564205555,0.5581392048849662,0.0,3.1105097632743317
4410,0.4217047043368728,0.863449962643583,0.0,15.082317756061144
13965,0.48696588589286116,0.71956120785444,0.0,14.689482447928773
8684,0.5340893084471282,0.6271922097226966,0.0,20.142277671691495
13040,0.515247401230694,0.6631081029298797,0.0,12.182953266941281
4835,0.4896737041855893,0.714016019519219,0.0,58.71889458421574
16488,0.6022222775109997,0.5071286700767358,0.0,6.121803893660161
9731,0.5378543758911905,0.6201674322420986,0.0,12.063806892888138
17725,0.46022892563225853,0.7760312488749093,0.0,9.068701073701163
11338,0.3643963241004111,1.0095132011872487,0.8,6.800838185180777
6398,0.5061371965544256,0.6809475070107015,0.2,17.330113923541923
15045,0.5538619357704311,0.5908398367044498,0.0,7.902925420646644
20109,0.45904204752338384,0.7786134663124812,0.0,35.57757185671845
7217,0.48451121655271123,0.7246146971397015,0.0,28.89401104844559
2897,0.4650190767124159,0.7656768490482996,0.0,43.138233792214216
1878,0.5396184751436948,0.6168929166436797,0.2,51.85108463460355
6957,0.4835140258187387,0.7266749555772976,0.0,50.72191134488637
6418,0.5225764676945763,0.6489839561965455,0.0,47.78793252523461
15590,0.4799213975852278,0.7341329435202949,0.0,17.527791941568765
12465,0.352304449813495,1.0432595629639458,0.0,5.33418618224706
987,0.5003836346993863,0.6923802053618601,0.0,37.73472119222137
293,0.473091684801113,0.7484660724853047,0.0,32.651835267342896
1372,0.4799996952027483,0.7339698100746764,0.8,32.199254784011714
19987,0.5513975190236773,0.5952992798155531,0.0,4.854963521791489
13371,0.5611226832903856,0.5778157105757804,0.0,8.00794805189611
1800,0.4428118948709599,0.8146102156562423,0.0,55.88225955102167
14571,0.5269167103821134,0.6407127877468968,0.0,10.510892806383403
8677,0.4661488309097698,0.763250316212611,0.0,55.68292676105965
12978,0.536987925065078,0.6217796706384158,0.0,10.8662214197133
2837,0.49528121745418413,0.7026295616612269,0.0,42.0383252804253
9505,0.47808493593514945,0.7379668720348236,0.8,59.18125589274327
3148,0.4781614928826486,0.7378067523306228,0.8,27.092264846223472
538,0.4775752829424711,0.7390334708759754,0.0,43.093039882497195
9660,0.5409807380034026,0.614371605199448,0.0,40.70826387295476
2135,0.5087683977307761,0.6757623802634078,0.0,21.49599966636851
14950,0.4730628875834288,0.7485269446060631,0.0,4.280076842252876
4106,0.3786297994389608,0.9711963337455517,0.0,34.02586710940258
20197,0.4189319459243002,0.8700467924799935,0.2,13.817648347184784
9267,0.5001766158626425,0.6927940112062988,0.0,47.17927110602919
15956,0.4876891546519704,0.7180770542579682,0.0,7.844991612324811
7492,0.4660890587417784,0.7633785499365064,0.0,82.37236149904014
14210,0.45104381513074754,0.7961907931323589,0.0,32.004878070558185
12418,0.40593394462267846,0.9015648305908539,0.0,6.758580766281124
17882,0.41426498776765125,0.8812494428407626,0.8,42.85428058126418
4245,0.47945745156197983,0.7351001236073406,0.0,32.568611200757985
13624,0.5306448120290782,0.6336623854562662,0.0,8.14430441563421
1526,0.5319243831373894,0.6312539367027019,0.0,13.590896486635518
10381,0.5124052126921089,0.6686395359197559,0.2,20.76994908296369
13762,0.5176695451147084,0.6584181840893786,0.0,18.526240901315077
6267,0.44529776768012613,0.8090120797366032,0.0,60.63828598035208
11979,0.5166656608483234,0.6603593044840298,0.0,4.9540156426773905
21146,0.4961746051741419,0.7008273876432518,0.0,8.412731758087826
10870,0.43269396117513886,0.8377245879958112,0.0,5.58510937518246
18313,0.619243289393492,0.4792570473391413,0.0,8.75602601721744
19293,0.47848608778711105,0.7371281431468901,0.8,21.42131321375337
13770,0.5225613078901196,0.6490129663515929,0.0,19.78321346810175
9097,0.5332669533911971,0.6287331295599657,0.0,18.248980044848622
9449,0.557369530847159,0.5845268284223389,0.0,48.48942189228282
21198,0.49652443423793136,0.700122583741199,0.0,23.355037543179225
6825,0.4809070821617816,0.7320812039161683,0.0,42.928878303955514
15546,0.5756152107293205,0.552315878450603,0.2,9.317569464665972
6685,0.44630464970576,0.8067534890597986,0.2,7.670208551034409
19026,0.4600398117281327,0.7764422460089212,0.0,69.10335989479398
3703,0.528686050206719,0.6373605011716337,0.0,59.98614015313963
5119,0.4970733830401366,0.6990176117927643,0.0,29.131558438155338
20934,0.5039848674982589,0.6852090361665638,0.0,25.052955384839994
9425,0.5407824670898312,0.6147381751009904,0.8,16.874562203010175
11512,0.41666254040775763,0.8754786404243169,0.0,5.579123260751434
17322,0.4845653911557125,0.7245028904927826,0.0,24.267585595657756
13142,0.4544898883117357,0.788579613551068,0.0,8.932635091188923
10801,0.5364834712561127,0.6227195258554755,0.2,7.675952494385545
11327,0.42581022787462547,0.8537615064387073,0.0,25.90534356967916
9070,0.402010613204864,0.9112767897044921,0.0,82.22450431788691
2903,0.4938840067635043,0.7054545934874793,0.0,21.43700199781992
11710,0.4685181719911333,0.7581803904547414,0.2,12.341282144373366
17550,0.5105947317333874,0.6721790920239334,0.0,9.549984437109236
7462,0.36111237334244023,1.0185660855908478,0.0,55.0127564586536
826,0.509986379010813,0.6733712614423611,0.0,53.28454292289346
6797,0.520664772127393,0.6526488759370184,0.0,43.48925924227163
5400,0.4775505422050159,0.7390852771130372,0.2,52.54896207498231
10350,0.4429973205454238,0.8141915573854879,0.0,52.96316018674712
1735,0.5360152401935215,0.6235926851186822,0.2,19.287720751617567
2605,0.4331905172143861,0.8365776541817209,0.0,36.62536548757229
2517,0.48626950826094506,0.7209922650374058,0.0,54.146520754529504
9025,0.44590523247364844,0.8076488327827763,0.0,64.62402086216412
18402,0.5400576858929834,0.6160793194015316,0.0,6.6672107047839795
20917,0.49319406217314987,0.7068525471538178,0.0,11.844728448138657
17164,0.5741530068589226,0.5548593557120435,0.0,17.1495929621146
5541,0.4101553425054675,0.8912193068825851,0.0,62.470902334130784
9413,0.496034865662087,0.7011090610541316,0.8,42.23129937148099
4559,0.41292701123051306,0.8844844298947989,0.0,46.094904174504855
15267,0.5927033231376398,0.5230613034255238,0.0,4.7263816953215905
9192,0.5233989722706972,0.6474112524518383,0.0,45.61335850726175
8183,0.5004789761985738,0.6921896867063766,0.2,14.947835809135263
20819,0.4956633848899317,0.701858242146916,0.0,23.55436223161776
12335,0.5890548125733654,0.5292360392641942,0.0,7.52309037889553
12216,0.4497323335180838,0.7991026875942983,0.0,24.532453118811922
16961,0.3325946180395595,1.1008308938348101,0.0,8.003040052265312
11988,0.32592736434078906,1.121080731211577,0.0,3.6954743372519943
6306,0.5064230030362471,0.6803829845466994,0.0,20.3403896390977
6377,0.4828610852467985,0.7280262748814124,0.2,22.2776042890912
3284,0.49080326186794226,0.7117119201447631,0.2,60.85136917237725
1190,0.4980522261387927,0.6970503356914992,0.8,61.131317630987695
2687,0.544028456852202,0.6087537231042579,0.0,19.793628096286742
6022,0.44237797855345995,0.8155906072429124,0.0,66.79687042207141
9242,0.5134049890574698,0.666690292911227,0.2,6.27588943727214
14248,0.5163879509274394,0.6608969531102156,0.0,8.211644768450517
1158,0.5124256527033199,0.6685996463889,0.2,57.165269766250944
13648,0.5046907947024135,0.683809324949445,0.0,10.84145546933314
5279,0.47925415367408786,0.7355242300640243,0.8,42.16356229528565
14798,0.4889123643803567,0.715572019514104,0.0,24.61181332123473
21229,0.5222490504726282,0.6496106966943083,0.2,21.60767629440806
11842,0.450937761778218,0.7964259494941588,0.0,6.569717904984413
7188,0.4927611126969437,0.7077307807998674,0.0,50.82568775100083
3156,0.49000907060681853,0.7133313766063126,0.0,21.17345918476839
1729,0.5319582038482052,0.6311903569219236,0.2,19.58583660674128
7508,0.5133658315966745,0.6667665659412481,0.0,7.841508327199435
20239,0.5685840691561888,0.5646060978218468,0.0,4.231722638560702
9494,0.4796587991865774,0.7346802628711717,0.8,51.58924615305738
10135,0.4832338200953122,0.7272546428917456,0.0,28.782921572295205
15490,0.4879104371949861,0.7176234203108866,0.0,12.179863391725881
20291,0.48634442306335834,0.7208382166526383,0.0,35.53516357916375
18987,0.3662323824873559,1.0044872222314203,0.0,20.617099853118432
14905,0.5313008719953362,0.6324268042780711,0.0,8.221548455614926
5111,0.4695906092945189,0.7558940079115563,0.0,59.035320864489826
4256,0.47747752319912357,0.7392381920035619,0.0,51.07027263774321
16313,0.46997910584797076,0.7550670409088296,0.0,4.821858241338225
3108,0.49702847595602623,0.699107958840674,0.0,39.0591609137006
562,0.44319428883687123,0.813747029830486,0.2,68.486989364826
5109,0.48664525224014366,0.720219856162272,0.0,57.68961212705042
6186,0.5086882530523704,0.6759199195128879,0.8,42.278793028275025
465,0.4894018752795384,0.7145712961878168,0.0,42.1704246083843
6075,0.4659847024299542,0.763602472798854,0.0,65.55527403752896
3685,0.41998657419079466,0.867532534428047,0.8,73.04624006071634
1777,0.47821808119694786,0.737688413721353,0.0,45.73668165072389
18565,0.47666313478384137,0.7409452539681334,0.0,21.554097550992275
9560,0.5070947052967678,0.6790574973779173,0.0,25.21000829495579
12620,0.5239205698502349,0.6464151904064261,0.0,7.5401098331454275
1253,0.5072738316866128,0.6787043192475316,0.0,48.866710985822266
17684,0.46829138884251037,0.7586645510836129,0.0,34.306811926105155
2908,0.5274209998196652,0.6397561882226119,0.0,32.659555361145294
6636,0.4826596138258208,0.7284436070506665,0.0,31.916758421351723
14678,0.5233422833729727,0.6475195674675582,0.0,7.98391621747317
3794,0.5059309784172555,0.6813550252888644,0.8,19.030245414460246
7734,0.5351863837062724,0.6251402119972291,0.2,16.628729281418195
20137,0.5257814041921964,0.6428697340059596,0.8,18.554505948978772
3634,0.5123954935622332,0.6686585037635848,0.0,46.67436792614829
15372,0.4521248037794838,0.7937970227061345,0.2,7.0234048137656675
714,0.4804482162052776,0.7330358270240466,0.0,48.89348742545609
12650,0.6092353578612093,0.4955506198206724,0.0,5.999383652583619
1050,0.5195699510847912,0.6547538267186402,0.0,44.961946579566586
13535,0.5212166398109231,0.6515895082799739,0.0,11.365350694146127
13181,0.47090523077914564,0.7530984137477185,0.0,13.645012707415505
2490,0.4347496601765324,0.8329849074006496,0.0,70.92865978102893
20268,0.47936941843886666,0.7352837503414567,0.0,8.532232706279501
19920,0.5000462698138349,0.6930546452138027,0.0,7.486376309325021
17809,0.49155320470868896,0.710185095591862,0.0,15.997984377046766
17231,0.5597474750298967,0.580269534402421,0.2,6.018555183606258
13018,0.5689006414954626,0.5640494796194518,0.0,9.81178135317172
10370,0.48619248037515683,0.7211506833341607,0.0,45.37119865317342
20739,0.46616287666846823,0.7632201851768525,0.0,14.785101957130607
4537,0.44260941964086786,0.8150675690772698,0.0,65.29098724782638
3845,0.47917123730508093,0.7356972563005874,0.0,46.03625637430171
3406,0.42579220772658377,0.8538038270035415,0.0,72.29156846902836
4945,0.5229959453414293,0.6481815676405182,0.0,30.203641735532614
9592,0.5330654188270773,0.6291111253364613,0.2,40.34489473992195
12448,0.47903053205105167,0.7359909423686796,0.2,6.220595373306723
5757,0.5237886954145082,0.6466669290152086,0.8,19.08378753495338
19255,0.5073387248481696,0.6785764021204918,0.0,8.604688411367848
12757,0.5258027222769326,0.642829189299735,0.0,3.517240011019748
9956,0.4971295900296182,0.6989045423470596,0.0,52.27596633857961
10972,0.6264222081975043,0.4677306812342918,0.0,1.528006029250137
18335,0.6310006197879972,0.460448434210032,0.0,7.41317451773162
9970,0.5402500259912542,0.6157232354854637,0.0,34.18372237159258
14148,0.43774283475884956,0.8261236762908591,0.0,7.718060619074996
1857,0.5004745046597308,0.6921986212651321,0.0,14.948028750925452
10396,0.4425287561632729,0.8152498309659179,0.0,8.565830337820861
7092,0.3695655661390794,0.995427108762874,0.8,70.86942511008644
21026,0.5113389983743238,0.6707225068255042,0.0,17.82445049095761
17893,0.4765647767445329,0.7411516223265668,0.0,33.81504276864962
9193,0.5210177151716516,0.651971235557982,0.0,46.69743725976757
6986,0.44373472749464077,0.8125283556982726,0.0,34.138378368734976
2813,0.49979811112141925,0.6935510398572955,0.0,48.55897563229858
5099,0.526734469661059,0.6410587100527291,0.0,43.53269391272561
7174,0.45761228628028056,0.7817329898882623,0.0,23.745139567855972
6973,0.4973486606995228,0.6984639682605222,0.0,26.709260654202353
13007,0.510837829464916,0.6717030983159724,0.0,19.476031899387294
19005,0.4893929793328715,0.7145894735344287,0.0,24.678347359473793
7109,0.4614629792803561,0.7733534465009677,0.0,55.778117328882296
18862,0.48328197568494297,0.7271549950848896,0.2,26.552062814766465
17503,0.33887573274752064,1.0821218088712279,0.0,8.985668753696185
17884,0.5991933000505185,0.5121710283327646,0.0,20.095030609240403
18912,0.5169166588038715,0.659873619007973,0.2,18.073937392568965
3509,0.48854535145317823,0.7163229736238949,0.0,70.48403390915638
5308,0.4963123695252141,0.7005497732151154,0.0,51.25923096817564
9482,0.4999885853072511,0.6931700102060375,0.0,48.25849272592514
3514,0.44346675848338435,0.8131324327284406,0.0,15.64466626865692
2738,0.4973486606995228,0.6984639682605222,0.2,26.709260654202353
19738,0.6229345830352638,0.4733137688615706,0.0,18.15891983800693
12299,0.516169631898741,0.6613198235352318,0.0,6.771915156978542
7655,0.4727456302729055,0.7491978146953729,0.0,51.80328609802996
16879,0.49037594254222766,0.712582952369684,0.0,9.960128189564378
4713,0.4483425773928841,0.8021976571066827,0.8,65.79224188805259
82,0.4746016268959052,0.7452795070556598,0.0,52.26272258926245
17011,0.4613051783678224,0.7736954628845285,0.2,58.18189939919934
12605,0.5156211463348138,0.662382995696027,0.0,3.953830180674025
15556,0.6111842281248834,0.4923568462322722,0.2,8.564794078334803
20898,0.4293388992013259,0.8455086970917359,0.0,24.91375913465266
7892,0.5448382189554476,0.6072663743396812,0.0,47.16638049956248
9556,0.5070878391249478,0.6790710376855431,0.0,21.74724972283447
14918,0.48096884902270803,0.731952773920139,0.0,2.5347523248530637
21066,0.5864175282700465,0.5337232375364346,0.8,9.37111290599162
3204,0.5297642215267219,0.635323236461701,0.0,54.78138249229265
13032,0.508723669240402,0.6758502993575312,0.0,12.562536051252607
5183,0.4494850873022689,0.7996526018115296,0.0,53.9645563213203
11603,0.4375034354424456,0.8266707207754226,0.0,6.828300638455391
13366,0.5877348624785187,0.5314793469280463,0.8,5.473174112935457
7114,0.4981050854840638,0.6969442091897832,0.8,28.59213724546332
9078,0.4427615634022941,0.8147238854331529,0.0,57.5195050684106
18636,0.42672187851792226,0.8516228163320206,0.0,37.17759300739573
15270,0.478478631843374,0.7371437256309341,0.0,7.624277857894607
18956,0.4150699340178645,0.8793082572429177,0.0,6.244671560071667
6034,0.49865020351000017,0.6958504240124138,0.0,53.684861274341216
14067,0.4483387298956399,0.802206238744803,0.0,28.602260815359955
4720,0.495706454644678,0.7017713527680871,0.0,33.685024932868174
1558,0.519248779616201,0.655372166510428,0.0,45.33569662442949
16093,0.3562443745430114,1.0321383382804112,0.0,8.071322105571582
7004,0.5369098354255912,0.6219251028061646,0.0,14.169008227639367
6585,0.46545793449227185,0.7647335526377211,0.0,53.148981908321616
15739,0.41408941951377654,0.8816733393154125,0.2,6.078308600153088
4750,0.5769311533002114,0.5500323379635581,0.0,43.50755919184156
16733,0.5196942809249765,0.654514561598281,0.0,11.838204805718412
6156,0.47060178401446445,0.753743011760097,0.0,52.441670618269036
20297,0.4392861206310472,0.8226043227834939,0.0,39.632254370294916
3105,0.49693759933354914,0.6992908154290215,0.2,39.926009960546466
14381,0.5547649904552647,0.589210695533143,0.0,5.436057918570496
16568,0.5559494478558272,0.5870779099877435,0.2,9.972398232712308
8394,0.47750917265759324,0.7391719094917351,0.0,56.916237030863606
18929,0.5302745482939856,0.6343603909107297,0.8,9.09006734738973
12902,0.5531050121769849,0.5922074000500729,0.0,9.275744005465878
11176,0.5094757369252697,0.6743730487972157,0.2,10.943725946499963
6089,0.4461774661909096,0.8070384998481293,0.0,66.41927100038708
1094,0.47295044676091275,0.7487646596973063,0.0,40.39772484530924
6317,0.5004699203260292,0.6922077812815869,0.0,17.802200004180673
5160,0.464387312525762,0.7670363496742338,0.0,55.234289178607995
20446,0.5116008984258424,0.670210453169057,0.0,10.07326261258418
15793,0.47286268069745113,0.7489502482901595,0.0,7.4198498012526155
10769,0.47984046769081173,0.7343015893011617,0.0,7.516311287976045
6876,0.46876406253178715,0.7576557020796969,0.0,47.898988629896856
2226,0.4378524188352651,0.82587336868232,0.0,41.562081059486005
1920,0.5181899549834571,0.6574133954814966,0.0,30.980606262065525
8722,0.4970815021757834,0.6990012780488624,0.0,29.13087772939069
14065,0.40496184514735944,0.9039624258262855,0.0,32.23032659434849
8096,0.4789130625817914,0.7362361957854929,0.0,48.62103904371832
5043,0.5265776577150607,0.641356460250569,0.2,41.0179535896839
21075,0.48822807266736024,0.7169726202853248,0.0,23.35179802389035
7415,0.4371331578206482,0.8275174213291623,0.0,67.00946568044463
2745,0.48187161648939886,0.730077556241674,0.0,38.85472843438984
18381,0.4764074883926197,0.7414817229162599,0.0,29.309289452921014
942,0.44373472749464077,0.8125283556982726,0.0,34.138378368734976
2375,0.4615477447518602,0.7731697748067275,0.2,49.96261934411493
7179,0.4973486606995228,0.6984639682605222,0.0,26.709260654202353
5415,0.46920013497608637,0.7567258745300397,0.0,53.01621869545954
4908,0.45756466641439913,0.7818370569012791,0.8,23.556748377055925
20216,0.3053377092548623,1.186336871458085,0.0,5.434816781124141
11339,0.4552448050826921,0.7869199715703518,0.8,13.068380994505453
4196,0.44248132356806663,0.8153570220507157,0.0,66.7777397949196
5830,0.4550865460345122,0.7872676670541556,0.0,40.74897312532046
1134,0.4387384242347286,0.8238518880607025,0.0,35.843735768381364
728,0.4425327065492213,0.815240904160007,0.0,65.0806797619468
5487,0.379957658679415,0.9676954569977347,0.0,34.60962742888955
18247,0.48423109496298067,0.7251930172857466,0.0,16.262091153624027
4654,0.5122962452112096,0.6688522173411975,0.0,55.584965767432685
13826,0.5141393876082666,0.6652608681729459,0.0,18.20985275877633
9169,0.5248385746820552,0.6446645404672807,0.0,48.75275341363805
14018,0.5243082124194175,0.6456755759378857,0.0,11.23766118210126
16219,0.4956237296783185,0.7019382496665367,0.0,4.6370465480101
9720,0.4938606542736735,0.7055018779543185,0.0,46.56312394498503
19091,0.7534514168255887,0.28309073966903003,0.2,4.856775502446796
14019,0.5229452929834392,0.6482784227145392,0.0,11.28296243132765
14892,0.40419664534291744,0.905853773545035,0.0,14.950211279854337
2509,0.47978798850292337,0.7344109632731443,0.8,50.40629243001234
10767,0.4327459427042871,0.8376044605808913,0.0,13.922242554326115
10020,0.3903480548719655,0.940716489464078,0.0,6.492481560099562
16165,0.4885930296406714,0.7162253862433282,0.0,24.481227349473397
6739,0.47599558711980977,0.7423466955503929,0.0,49.80033022318732
16090,0.4362514757850214,0.8295364225829209,0.0,3.642274530551818
10398,0.5073495615594055,0.6785550424351943,0.0,11.768179409828862
16766,0.5266191413626004,0.6412776836200335,0.0,3.567748193448218
15367,0.4559045482727377,0.7854718153423641,0.2,8.794691788538323
16898,0.29355205451998645,1.22570029762065,0.0,5.6151473776657985
19248,0.5109432857565989,0.6714966817156138,0.0,32.60787722471401
3264,0.4097986016730699,0.8920894554011439,0.0,68.3385123226385
997,0.4195795449754751,0.8685021525150968,0.0,54.01127633406483
13972,0.5135317349269036,0.6664434503022965,0.0,20.204901287518275
11691,0.6675422965962368,0.40415252502800675,0.0,7.216952166693197
9931,0.5057119505207736,0.681788039534581,0.0,51.87725203221886
15040,0.5169600395194449,0.6597897004601051,0.2,22.724806833604106
20158,0.5307130681103135,0.6335337651621945,0.0,3.721060789603446
3451,0.4567999169598974,0.7835098024269175,0.8,42.74829589639958
13682,0.5307652131280843,0.6334355153557982,0.0,9.857839905679018
15647,0.5530947238463139,0.5922260012670797,0.0,4.545038439946714
2021,0.5234234263710708,0.6473645318229909,0.0,18.494880354786012
1874,0.5277307698143193,0.6391690309766715,0.0,17.289521800271693
11861,0.4257724076835029,0.8538503297415044,0.8,5.808274125715235
4443,0.47318806018413667,0.7482623792669565,0.0,33.56330867949201
15720,0.4613157445280582,0.7736725582224424,0.0,1.4982324364803357
10975,0.3964846552689527,0.92511793911273,0.0,33.95414147789901
2046,0.43165509324672485,0.8401284048874784,0.0,77.59006165363833
6241,0.41498232643931837,0.879519346551495,0.0,43.278952003144745
20906,0.4689921393020912,0.7571692712262293,0.0,29.843449141918136
19565,0.5568672427452247,0.5854284108289914,0.0,5.37511120861485
3169,0.5291572616322157,0.6364696103347977,0.0,49.13545197549527
5855,0.35708268665968546,1.0297879087279425,0.0,63.50701844565424
20421,0.5482221872775102,0.601074622970931,0.2,8.095272696578181
8746,0.4179852086933286,0.8723092329846043,0.0,66.0076380626991
14674,0.5384758929724117,0.6190125503842157,0.0,16.601915231724284
15280,0.5316129259910723,0.6318396371808093,0.0,6.804280785259396
19179,0.6227280151776606,0.47364542826885,0.0,14.427002167106815
16109,0.4365042920163358,0.8289570709528017,0.0,8.994597996360474
19600,0.47939786659004147,0.7352244071585439,0.0,12.327140720983701
13255,0.45908310191662655,0.7785240353818611,0.0,8.08263632596122
4647,0.5138761926399786,0.66577291289113,0.0,52.629350795821516
14423,0.5301468206520206,0.6346012907008002,0.0,7.848748782753992
1114,0.4971482944259572,0.6988669182650326,0.0,28.653543648866332
16651,0.49823837905620394,0.6966766436811422,0.2,7.006174315625948
19808,0.4970638577120356,0.6990367747970475,0.0,24.33346975735931
20232,0.5504332469518708,0.5970495891148764,0.0,2.7156800925300297
3314,0.49243037422312025,0.7084022004997722,0.2,20.791604854902307
15714,0.44016757522493594,0.8205997717918976,0.0,1.5955537125812678
9082,0.4689423184665335,0.7572755064438225,0.0,47.969612102538896
730,0.47513050172430205,0.7441657722095333,0.0,51.384646003314856
3123,0.4610632723179274,0.7742199952560804,0.0,56.08062641960355
14619,0.5501614746095586,0.5975434536455921,0.0,8.399070638557811
5747,0.5091672066595792,0.6749788160625138,0.0,16.071245249970875
6656,0.48659528172550254,0.7203225450925849,0.0,46.53283531385601
17086,0.5322681755820696,0.6306078272109127,0.0,16.552509771453234
11591,0.41612980846119596,0.8767580278249126,0.0,11.430732704153137
921,0.4649674761831672,0.7657878195330684,0.0,61.20559381317945
6830,0.5132424202035779,0.6670069914267721,0.0,38.34622796781472
4112,0.44260941964086786,0.8150675690772698,0.0,65.29098724782638
19049,0.49946855845567323,0.6942106289094019,0.0,28.056175626247633
15827,0.5332289204296329,0.6288044527830816,0.0,8.74478416530685
7165,0.46305015266764615,0.7699199096657814,0.0,53.73424725740629
2902,0.4864121272909369,0.7206990158882471,0.0,21.788533052826402
8726,0.4687088485331436,0.7577734953472265,0.0,48.43309364888034
14665,0.5215445620376444,0.6509605584553163,0.0,10.099652046315073
3248,0.5083524966342059,0.6765801810224992,0.0,17.144541890348073
1506,0.4632619790108723,0.7694625555198636,0.0,60.8221662921396
10166,0.36549105767951034,1.0065134660847328,0.0,9.627301120722121
20117,0.6222130291904168,0.4744727542196617,0.2,1.7531769082902962
3312,0.49243037422312025,0.7084022004997722,0.2,20.791604854902307
1310,0.4761461629017356,0.7420304069658882,0.0,49.344654082454184
18784,0.49835714720055463,0.6964382959426991,0.8,33.17901604936894
6065,0.5727777433140072,0.5572575200368295,0.0,50.68257187250339
6784,0.5006829128749464,0.6917822867016042,0.0,32.517227125312104
2662,0.42443128315185163,0.8570051634794801,0.0,38.698063841551786
5890,0.48020292884184995,0.7335464960010688,0.0,71.85454835894845
5034,0.47397309320063596,0.746604724297779,0.2,69.5350297443224
9512,0.444724518849983,0.8103002472759748,0.0,54.80871132222905
17706,0.5388474149012353,0.6183228373875019,0.8,7.350312906347512
9909,0.45692562711139323,0.7832346428823372,0.0,55.233704386795736
11045,0.5022736041649977,0.6886102795472139,0.0,1.7193118475795839
2740,0.44373472749464077,0.8125283556982726,0.0,34.138378368734976
17736,0.48749704687744205,0.7184710462498815,0.0,34.22221285304836
6074,0.41849899480516034,0.8710807909547501,0.0,64.38157780363969
14358,0.5310254803674588,0.6329452732653722,0.0,7.11386121415568
17328,0.5044530502074706,0.68428050554583,0.8,19.15745918395512
9603,0.42441006025414246,0.8570551678716517,0.0,38.7003217896285
6323,0.5307299865056242,0.6335018870595709,0.2,15.840714154268628
8222,0.5446035647903188,0.607697153060047,0.0,18.355492461815107
6950,0.4639482300580022,0.7679823061314862,0.0,50.41419883755581
8456,0.5009951248328096,0.6911589088172531,0.0,44.99444522765937
12364,0.48767831091222225,0.7180992894465129,0.2,11.223893345894638
10383,0.48894801015076655,0.7154991138695885,0.0,19.214370140045936
16561,0.4876891546519704,0.7180770542579682,0.0,7.844991612324811
2380,0.5015906011087652,0.6899710276604223,0.0,45.858921826700595
11714,0.5243735350326028,0.6455509955045399,0.2,6.039000443634317
18803,0.5092584671219027,0.6747995973626768,0.0,21.883413933944666
2442,0.45589965165973184,0.7854825558346896,0.0,50.19626177177482
9221,0.4973486606995228,0.6984639682605222,0.0,26.709260654202353
6828,0.5124513888277386,0.6685494235360481,0.0,38.45161968662562
13296,0.42912719852103454,0.8460019039525414,0.0,6.062534063511526
14858,0.471567001772582,0.7516940835630433,0.0,29.627647351251007
16026,0.3769367352481542,0.9756779166288233,0.0,5.834749360633679
16683,0.422329680030242,0.8619690376500844,0.0,9.170747480834649
19570,0.5480988412169737,0.6012996411140679,0.0,5.895442679956845
18532,0.4991997671492281,0.6947489283748883,0.0,7.358433139719532
1297,0.4531033345543998,0.7916350679134815,0.0,60.694659207399525
17203,0.5189802176515531,0.6558895128210099,0.0,9.182452866741647
4462,0.4733555264268158,0.7479085313368764,0.0,50.79982338230539
166,0.4746016268959052,0.7452795070556598,0.2,52.26272258926245
20669,0.47675402117854226,0.7407545999728536,0.2,19.7444427841893
1932,0.4401642221696936,0.8206073894997943,0.0,56.9788720864822
11007,0.6131912466211377,0.48907840700297084,0.0,4.227104616688938
16017,0.5213506247947457,0.651332479330171,0.0,3.0404200023323753
13375,0.5594407445725977,0.580817664662562,0.0,8.049552134203198
555,0.5179564405187529,0.6578641319211953,0.0,31.087370256610786
17753,0.4408701829508216,0.8190048165965916,0.0,50.70049217165027
16074,0.5273533840041481,0.6398843972816233,0.2,9.990515346177405
19966,0.4899395480690084,0.713473266776066,0.0,7.080152516715092
13987,0.4622761595041121,0.7715928186360821,0.0,27.94323257294493
9715,0.49816513515371486,0.6968236602293107,0.0,48.78288218084977
448,0.41439792834545075,0.880928587215743,0.0,42.91443290015809
9445,0.5110320659280765,0.6713229394202549,0.0,41.887195112434064
16285,0.4820151164926013,0.7297798034054696,0.0,8.768303892494473
6908,0.5064230030362471,0.6803829845466994,0.0,20.3403896390977
2942,0.5113389983743238,0.6707225068255042,0.0,17.82445049095761
22,0.5053258817834595,0.6825517473677463,0.0,19.828127740287368
9851,0.39970043158699636,0.9170399334881183,0.0,14.587126021975733
17990,0.6179947796153726,0.4812752687844404,0.0,8.558037090225483
2501,0.5079542582396342,0.6773638782931203,0.0,19.895870153413334
12142,0.46521832330001794,0.7652484711081171,0.0,11.21127258876748
12568,0.3884398379449676,0.9456169784505729,0.0,9.849072892352744
20394,0.49878130736939713,0.6955875410801584,0.0,26.172871644027826
14167,0.4312271972196831,0.8411201880468822,0.0,31.362428674513083
4565,0.43751543230046125,0.8266432999769491,0.0,81.011043397741
20868,0.4692921563105422,0.7565297699149989,0.0,6.114273974181221
17721,0.509093422818876,0.6751237373895222,0.0,17.96504274207393
2269,0.5321630852350715,0.6308052854239661,0.2,46.584971772358614
8765,0.5496587004061932,0.5984577380891943,0.8,19.749105356943417
3965,0.4962254592747563,0.7007249005466046,0.8,58.027029976563526
583,0.4331400799835762,0.8366940929431592,0.0,36.58235415930322
19888,0.5169147513345319,0.659877309105451,0.2,51.37804768970756
16804,0.5015032577906398,0.6901451755082458,0.2,1.6447885499174666
4231,0.45053632193660687,0.7973165793534062,0.0,57.8293705272157
5140,0.5407161153851848,0.614860878368114,0.0,30.884462811723445
13949,0.5696528589519513,0.5627281230637174,0.0,10.572535499567614
9175,0.5731500829256015,0.5566076717371865,0.8,17.808940013669154
15640,0.5105838703219384,0.6722003643291453,0.0,7.557884632223329
8516,0.48163810654066225,0.7305622632409433,0.0,45.1158677730214
20801,0.5729705808167143,0.5569209059646698,0.8,3.473237243857813
20475,0.648021348787478,0.43383163751287046,0.0,16.438966118825896
9199,0.4831634542555791,0.7274002679710478,0.0,72.09991378434295
12564,0.6060156896959478,0.5008494026606055,0.0,5.4156844534067305
3438,0.4385854087817455,0.8242007112632104,0.0,55.06072247931246
14400,0.5388474149012353,0.6183228373875019,0.0,7.350312906347512
8953,0.5311976610995202,0.6326210838802085,0.0,53.187615696622196
14525,0.5573791772557699,0.5845095215467336,0.0,7.816938010594528
19171,0.4449782226213766,0.8097299359428872,0.0,5.664870480501586
21220,0.48973074143786594,0.713899546181578,0.2,5.49498150355074
2235,0.4632256102766335,0.769541064362676,0.0,51.43420206356683
18541,0.4771668139877513,0.7398891343707668,0.0,16.21282023353147
16106,0.4129211137394453,0.8844987121602411,0.0,17.586487381019662
12349,0.6000652320911205,0.5107169095237306,0.0,7.826736784568451
3293,0.46095876507257855,0.7744466866833095,0.0,32.63131279779786
14763,0.4727987783229499,0.7490853968128975,0.2,26.895913115690217
13145,0.46777252102621236,0.7597731674162579,0.0,5.164710096229388
4151,0.45158687574720896,0.7949875088047282,0.0,59.70753345222603
3913,0.4694501633484746,0.7561931343205113,0.2,51.36819984516416
18645,0.5478420980837646,0.6017681757379677,0.0,5.845576194556859
11915,0.4641080638749528,0.767637857589785,0.0,5.15157151511022
6122,0.5015906011087652,0.6899710276604223,0.0,45.858921826700595
6401,0.4390605565660556,0.8231179333561894,0.0,26.751332834076152
18900,0.5273698964830962,0.6398530857911975,0.0,20.221916981925304
13524,0.5578416971985006,0.58368005362725,0.0,18.68359753692068
1147,0.5091672066595792,0.6749788160625138,0.0,16.071245249970875
1290,0.448613026407197,0.8015946194059024,0.0,60.39414163408015
5946,0.50239593718436,0.6883667506754165,0.8,44.08988985557828
11699,0.5167294361646846,0.6602358757651856,0.0,12.89110522245525
2064,0.47848355236795725,0.7371334419966078,0.0,76.74848856009615
13742,0.49105583477506,0.7111974412066907,0.8,11.73049090454549
4574,0.4764933984907962,0.7413014101479714,0.8,53.41076603559324
15295,0.5274134127980044,0.6397705734598969,0.0,5.857099581721373
20855,0.5674926653842526,0.5665274541431357,0.2,3.6736471699554745
3959,0.47768856829334216,0.738796289596153,0.2,48.77163660676457
9667,0.5587877852063234,0.5819855108104611,0.8,19.583812216762162
2150,0.5230640698965028,0.6480513178380645,0.0,58.98887219505765
11530,0.4294870633976393,0.8451636581566414,0.0,9.297222387918284
9511,0.44379935037206164,0.8123827322700649,0.0,47.99151052865292
1887,0.4841821922481831,0.7252940128327614,0.0,38.18310640437106
2167,0.5283884399506429,0.6379235840323226,0.0,32.96151285236249
9318,0.494899413185305,0.7034007427487721,0.0,21.89369962523212
3542,0.4960407312407827,0.7010972361917641,0.8,37.375497298667185
11571,0.48587018334042154,0.7218138032308011,0.2,5.360189388150465
20134,0.47573826838226924,0.7428874323169226,0.0,24.725892226867053
20510,0.5210838705440224,0.6518442702537037,0.0,3.6949139381713016
2423,0.5266204330347195,0.6412752308597108,0.0,46.82912471203873
13566,0.5250066034115056,0.6443444385429374,0.0,15.35215073037085
5073,0.5035085075892031,0.6861546700661657,0.0,51.139109339912515
17080,0.5149550880998303,0.6636755896943475,0.0,4.609227084354709
13573,0.5384758929724117,0.6190125503842157,0.0,16.601915231724284
17414,0.5125591405147711,0.6683391785008119,0.0,20.518012652499344
10286,0.5713536337468023,0.5597469374782441,0.0,8.838124134791034
15363,0.4755520462137726,0.7432789472267625,0.2,8.325393217834081
2074,0.49064971165779636,0.7120248240037165,0.2,67.03001378096525
17317,0.39121763502855095,0.9384912625211799,0.0,89.71507338633141
16542,0.5256782822596309,0.6430658840518908,0.0,4.437476017604294
18992,0.5243868361185126,0.6455256301565034,0.0,20.058417568492608
4021,0.5498225035429731,0.5981597736721521,0.0,42.84319607106636
4688,0.498937616982869,0.695274207112173,0.8,53.62302322352633
322,0.42443128315185163,0.8570051634794801,0.0,38.698063841551786
15581,0.4121675196294475,0.886325411230066,0.0,12.488768521376116
10459,0.4283254740878404,0.8478719189223186,0.0,24.69850949953522
17448,0.5479331007380138,0.6016020784315927,0.0,6.269145087161535
2710,0.4312271972196831,0.8411201880468822,0.0,31.362428674513083
20015,0.41558123497177185,0.8780771724324183,0.8,5.134995243254608
16618,0.4663620080720869,0.762793105085149,0.0,7.643759406428
11267,0.507646444538772,0.6779700490242857,0.0,19.516384800720097
5700,0.46287899070145794,0.7702896182322814,0.0,78.22291308222553
13393,0.4539537802747209,0.7897598916856159,0.0,3.5006106295156454
10869,0.46928836551951064,0.7565378476258472,0.2,13.717921569707933
7934,0.44373472749464077,0.8125283556982726,0.2,34.138378368734976
17073,0.5059565057677246,0.6813045703699661,0.0,67.31970813285648
10194,0.5301458859898215,0.6346030537275441,0.8,40.65901745865827
8779,0.5082885340312355,0.6767060122670101,0.0,27.514868936948062
18074,0.451868520281922,0.7943640257969903,0.0,27.478244180160267
20888,0.4758774582985024,0.7425948984435884,0.0,33.88089224148872
6019,0.44237797855345995,0.8155906072429124,0.0,66.79687042207141
10158,0.5367180090114023,0.6222824452823758,0.0,12.104949183771744
13162,0.4725987161030055,0.74950863090038,0.0,7.657355139170723
11431,0.5016701717299372,0.6898124036545943,0.0,7.770736306140927
17352,0.4593796943276847,0.7778781901226292,0.0,8.582718791132665
14668,0.5218575377571416,0.6503606445219529,0.0,8.0189466973371
10245,0.4311838531192241,0.8412207064724717,0.0,5.846315678036593
17559,0.461429857986423,0.7734252236187649,0.0,7.292046606515035
14900,0.5889512121671598,0.5294119303959828,0.2,9.690884537689044
4001,0.5132344831052488,0.6670224561650506,0.2,49.2395949660562
1713,0.46774579170375846,0.7598303107604286,0.2,18.1872974951812
12344,0.5948721690392754,0.5194087384691428,0.0,6.560392235689639
20772,0.5830208681457938,0.5395322988540784,0.2,16.771361273191502
17017,0.4500666072173844,0.7983596911324327,0.0,57.93257702107631
17496,0.49204444444709894,0.7091862323276499,0.0,9.235377737540126
7303,0.42443128315185163,0.8570051634794801,0.0,38.698063841551786
4334,0.4671443169706177,0.7611170391374794,0.0,53.13358445085371
20448,0.5481808056723732,0.6011501090931374,0.0,23.171692180753283
18389,0.5838818745490647,0.5380565862209319,0.0,9.78186813200226
6178,0.5227870376670254,0.6485810915964001,0.0,46.976728662258495
12675,0.46051999692941664,0.7753989998443173,0.0,20.08205901198565
7467,0.40104116681437363,0.9136911965598129,0.0,59.45388588131061
6338,0.44315918725419806,0.8138262343095981,0.0,40.77676309754233
1240,0.4822746288157534,0.729241557861161,0.0,40.25778431884235
7088,0.48776373432987785,0.717924141331275,0.0,15.43788176216242
14454,0.598733644700704,0.5129384463700453,0.0,3.821391449915648
3950,0.4791689464070123,0.735702037271077,0.0,48.13698452316501
194,0.4743474263549176,0.7458152587826825,0.8,54.850981841543856
4592,0.49376456318057244,0.7056964681525152,0.0,49.299958387876046
3366,0.46434116378323803,0.7671357301578503,0.0,56.38063966856184
8557,0.4603179545728558,0.7758378226783966,0.0,31.514528568925847
13114,0.46074133224888764,0.7749184948741868,0.0,4.746550005037773
14379,0.5968798242177386,0.5160394853207668,0.0,5.654244772551447
15837,0.5786092025775842,0.5471279816623597,0.0,5.226056801239096
19497,0.5741210392943215,0.5549150350417583,0.0,16.600560557211427
13888,0.4962648648112223,0.7006454931498163,0.0,11.537178542547371
5754,0.5480518234708869,0.6013854281278979,0.2,17.470247375346435
7002,0.5380384193761805,0.6198253098901416,0.0,14.178503963736988
4752,0.5717089997918762,0.5591251586778598,0.0,44.75796852558403
18264,0.4383300789340374,0.8247830475510292,0.0,17.72458750309376
107,0.43416752642198275,0.8343248137821148,0.0,64.33478689997031
21195,0.4965531981976904,0.7000646548163544,0.0,23.353105121277686
9483,0.49892817878970547,0.6952931238707266,0.0,48.816529590403846
18547,0.4174433996375928,0.8736063136119501,0.0,10.54180772627485
17180,0.4854797982552643,0.7226176023013167,0.0,5.36175047659855
17092,0.4924398560805449,0.7083829454606144,0.0,7.814526703350486
2425,0.45990210142365806,0.7767416351410708,0.0,67.93965098656486
14761,0.47307167354698876,0.7485083722720184,0.0,23.528612185419956
5225,0.5076466666413544,0.6779696115100743,0.0,33.417127944528914
13850,0.5278202113954855,0.6389995619828049,0.0,19.761380900472254
2177,0.46886223874773125,0.7574462876975088,0.0,51.24124251850778
6290,0.48174432349876106,0.7303417548421658,0.0,23.47646968042593
11411,0.5770073041013342,0.5499003537996803,0.0,19.917389650399045
8390,0.47830631127522644,0.737503933159805,0.0,27.324520160899922
1195,0.44373472749464077,0.8125283556982726,0.0,34.138378368734976
13130,0.4292980904559806,0.8456037518025569,0.0,13.591812036853014
13241,0.5866883553219177,0.5332615110026737,0.0,6.2459317870562545
856,0.4655218446497262,0.764596256084162,0.0,79.63270123784679
18267,0.4884929464003127,0.716430246906899,0.0,15.352741708260872
13483,0.556846972890193,0.58546481128927,0.0,13.891616287532445
13193,0.5248479298625739,0.6446467157539432,0.0,7.4495374435638695
19812,0.5106875056344313,0.6719974108041793,0.0,27.284439673272896
20668,0.477333422316506,0.7395400337124121,0.0,19.768274329494332
2000,0.5070133313627613,0.6792179811355438,0.2,19.79071314803361
1165,0.44373472749464077,0.8125283556982726,0.0,34.138378368734976
15528,0.5169710250008729,0.6597684505299979,0.0,5.808205603570679
5722,0.497008551414565,0.6991480469680078,0.0,39.061400637331914
283,0.4197513417242433,0.8680927865453948,0.0,46.67734621841604
19400,0.486391183065964,0.7207420754147786,0.0,49.1005538876318
16801,0.4657710701150543,0.7640610314146162,0.0,2.4461032271315224
21209,0.6150450277707997,0.48605979796829224,0.0,12.635124856103374
13387,0.6030849120678969,0.5056972761356019,0.0,6.748909349681592
549,0.4973486606995228,0.6984639682605222,0.0,26.709260654202353
19573,0.5879435895415059,0.5311242718395788,0.0,4.433825194396032
19834,0.46403874316585236,0.7677872320393946,0.0,25.21029013220746
2563,0.44654183166061723,0.8062221951243095,0.8,55.62933146357735
8773,0.5480545308115565,0.6013804882045791,0.0,20.08610807662449
11750,0.4619475591873416,0.7723039025954548,0.0,9.96272004887081
9255,0.474643416416661,0.7451914591462665,0.0,52.20066114466
12423,0.4368036060870795,0.8282715988916565,0.0,6.182632913901223
18265,0.43380278942718015,0.835165250395237,0.0,17.55099722731149
20759,0.5029688462354303,0.6872270467141632,0.0,10.083338279277486
2029,0.4666580677548801,0.7621584784562047,0.8,41.011751679797634
19598,0.49319406217314987,0.7068525471538178,0.0,11.844728448138657
5052,0.41436157777269084,0.8810163100654114,0.8,71.82485602240686
18941,0.5010201953885526,0.6911088685529132,0.0,5.158436585651645
20163,0.5356037295270683,0.6243607019200048,0.0,7.547271755148523
3433,0.4633310302167195,0.7693135122931452,0.0,39.86967629623003
1437,0.44344998421650333,0.8131702587521821,0.0,16.263405175043644
6580,0.5009951248328096,0.6911589088172531,0.0,44.99444522765937
5149,0.5218836030291184,0.6503106986666758,0.0,33.67146229944335
1899,0.5004698890669061,0.692207843741133,0.0,16.936941805838885
14380,0.5653051374111574,0.5703896274045301,0.0,6.8945846756488525
8518,0.48163810654066225,0.7305622632409433,0.0,45.1158677730214
13137,0.5008370190434958,0.6914745421128962,0.0,9.403362282366679
18357,0.49561680410775705,0.701952223208428,0.0,26.87424075842526
2065,0.47848355236795725,0.7371334419966078,0.0,76.74848856009615
10008,0.6502057636029777,0.43046640679760967,0.2,29.043138762161878
2654,0.4678590663814919,0.759588168626796,0.0,17.543448128182163
15866,0.6015349673333472,0.5082706117020687,0.0,7.789247269751591
5210,0.5267705915528708,0.6409901353620971,0.0,54.804656573459305
14550,0.5247776019632431,0.6447807214489336,0.0,10.928066465778032
10393,0.34798067559459733,1.0556083306500872,0.0,25.971660453078012
17396,0.3964846552689527,0.92511793911273,0.2,33.95414147789901
14028,0.3964846552689527,0.92511793911273,0.8,33.95414147789901
12432,0.4896698314881568,0.7140239282811427,0.2,11.518634329714253
9543,0.5262208696563493,0.6420342500899247,0.2,16.692890502338038
9790,0.43561891131989694,0.8309874744490505,0.0,61.18145280631134
2994,0.4504365136758485,0.7975381360024448,0.0,58.319970110445695
15417,0.4867862829286269,0.7199300963088571,0.0,7.294331370541396
12114,0.42226163519353777,0.8621301684493833,0.0,9.546798555163635
16724,0.4882644438439128,0.7168981267772755,0.0,9.869536995393382
12393,0.3727272539886186,0.9869083493625476,0.0,5.546425163420749
16632,0.5809514063421549,0.5430881635933854,0.0,3.576688895540938
8710,0.5165061318393946,0.6606681185870196,0.0,18.720031795427907
4316,0.5020458465696919,0.6890638356324686,0.0,42.73918545653184
6463,0.5273914147873977,0.639812283565946,0.0,44.22158502345522
17704,0.5583878069011006,0.5827015635512098,0.8,6.256991269075281
4615,0.4624134008992423,0.7712959808604332,0.0,54.025428509344586
15052,0.6322848180122692,0.4584153249408165,0.0,1.3611955361071277
7131,0.4436168064172394,0.8127941378006052,0.0,8.948865193500268
17622,0.5364233391894013,0.6228316177281134,0.0,20.00067866115419
15652,0.5369186387727045,0.6219087066175274,0.2,4.185445681535222
9823,0.5522064240223545,0.5938333460471336,0.0,11.55154308469656
18790,0.6404372411220947,0.4456041466426866,0.2,15.181510247963638
20349,0.5853272338997395,0.5355842139541144,0.0,1.8325737727375917
4946,0.5228189217367875,0.6485201048174224,0.2,29.711948948557314
17668,0.357352961813878,1.029031297078836,0.0,6.380019729005598
3517,0.44342358860049763,0.813229783845324,0.0,16.500433058755718
7156,0.5075439525142584,0.678171965876847,0.0,44.752566579481524
11279,0.5368105602308967,0.6221100209568844,0.0,4.638763701134443
8357,0.5004579757344898,0.6922316483185372,0.0,42.71691725127746
13852,0.5259680241173492,0.6425148587436811,0.0,19.585138149716855
19152,0.6766279745082242,0.3906336777790005,0.0,6.299944847001721
17179,0.6071253852263802,0.49901994380725895,0.0,12.04309738746384
15214,0.6053262044123022,0.5019877854102794,0.0,3.37370944192012
7572,0.4588165036840021,0.7791049229614925,0.0,54.10961319898396
17679,0.3397199479266424,1.0796336833535076,0.0,16.35699044088842
5735,0.4754820231408567,0.7434262039345899,0.0,53.39286973970657
11848,0.4842815948000983,0.7250887340116147,0.0,12.682526828083624
14296,0.6155397394694542,0.48525577090981525,0.0,6.834827320387804
6798,0.520962893264212,0.652076461906815,0.0,45.201942627856766
20956,0.47789484567701424,0.7383645588150188,0.0,16.56890038997892
9679,0.5237943901472794,0.6466560568794331,0.0,19.78476414992255
20341,0.5727157966504919,0.557365677196018,0.0,2.3036479658176887
1618,0.4973486606995228,0.6984639682605222,0.2,26.709260654202353
8790,0.5253823859842984,0.6436289272559408,0.0,43.678270040105886
4496,0.4682144095667028,0.7588289478788312,0.2,55.26551076876986
19172,0.4449782226213766,0.8097299359428872,0.8,5.664870480501586
14223,0.36287844565440835,1.0136873612517434,0.0,13.629026987722558
20198,0.4189319459243002,0.8700467924799935,0.2,13.817648347184784
18166,0.498055478354254,0.6970438058444823,0.0,27.127203324376858
17542,0.357352961813878,1.029031297078836,0.0,6.380019729005598
13191,0.4867862829286269,0.7199300963088571,0.8,7.294331370541396
15491,0.48311099742996705,0.7275088433878398,0.0,13.161362197105905
9600,0.4869626922489875,0.7195677661256424,0.2,15.833009330965844
16444,0.4631756618737023,0.7696488975543634,0.0,1.5226541054033607
3369,0.47937010009568104,0.7352823283560244,0.0,49.16428107070071
6331,0.47765871683740635,0.7388587830085698,0.0,46.75129062227629
4524,0.5025169609867648,0.6881258864110408,0.2,51.486956732041804
11690,0.5247135214310648,0.6449028387890988,0.0,11.289024266806447
4983,0.5236987908372778,0.6468385865836879,0.0,48.270328290061016
12057,0.4328014413663396,0.8374762211265301,0.0,8.596692898708913
14110,0.5060432286440867,0.6811331812408477,0.2,6.414231043025852
3746,0.44934963141310885,0.7999540051449012,0.0,66.46818146113549
18944,0.5488565269840274,0.5999182068105171,0.2,22.439940937678532
9217,0.4880100463804797,0.7174192864956508,0.0,21.795197321655646
12239,0.46309877460093096,0.7698149115776814,0.0,9.948318544278308
3481,0.4432617290734947,0.813594872847193,0.0,57.447937571937345
17273,0.41816095964579836,0.8718888496551987,0.0,25.110834741322726
1494,0.4143286568516002,0.8810957629652585,0.0,71.83133342018814
14206,0.5505748536001016,0.596792358220861,0.0,6.2155923881044455
9256,0.4734292020587653,0.7477528980025362,0.0,53.127842832590005
5986,0.503833227639419,0.6855099632102751,0.0,18.53961700732215
4396,0.48028671948787804,0.733372021145694,0.0,53.352817335941495
19307,0.433477406520983,0.8359156028718275,0.8,36.730133630997685
20915,0.4976671519549144,0.6978237949844432,0.0,22.353040233681604
19887,0.5181924041167302,0.6574086691693366,0.2,51.18584189059001
21227,0.5223381328822669,0.6494401366658602,0.0,21.602003041331677
20644,0.5157617066736034,0.6621104289391726,0.0,9.70322784358216
18844,0.5220954704899387,0.6499048141636182,0.2,22.485081708858175
4526,0.44359310091191506,0.8128475761248036,0.0,9.331492902588082
19524,0.5052332417540711,0.6827350914739745,0.0,22.51762784657503
20146,0.5356037295270683,0.6243607019200048,0.0,7.547271755148523
14046,0.5634619583173356,0.5736554574221151,0.0,9.73206464915882
5709,0.48358196777542695,0.7265344484151337,0.0,48.484545180056315
5870,0.44227386292853016,0.8158259893910716,0.2,66.12269270559135
15019,0.5339914082046295,0.6273755296558188,0.8,8.237126662415411
603,0.4973486606995228,0.6984639682605222,0.2,26.709260654202353
13958,0.5657510068856781,0.5696012147340102,0.0,10.788246224833923
5913,0.45863197427367286,0.7795071895023414,0.0,50.848811772394484
3394,0.4575297062278533,0.7819134647289482,0.0,24.321417962462355
15914,0.5808452192055021,0.5432709617434461,0.0,4.97527533397576
14720,0.5138765586231204,0.6657722006903768,0.0,11.834100295834583
12038,0.5102692140473024,0.6728168218574979,0.0,5.817174501005768
2023,0.5219440977373221,0.6501947892915424,0.2,17.51949839903691
9973,0.5256671593492122,0.6430870434348661,0.0,42.52091707820466
16262,0.6278270736152752,0.46549051091782834,0.0,3.2456327383095154
560,0.4353272348209429,0.8316572667459701,0.2,65.28509543955866
7349,0.48799026698031633,0.7174598180403549,0.0,47.72901548989141
11425,0.4804103341527122,0.7331146774491605,0.2,4.6534456528204435
10247,0.3726491539489557,0.9871179080207423,0.0,23.55949331878427
2651,0.5113389983743238,0.6707225068255042,0.0,17.82445049095761
12819,0.6652596964666088,0.40757779355734386,0.2,4.36312015176153
8603,0.5141137228720387,0.665310787275493,0.0,39.97852784686198
5894,0.5142018583292803,0.6651393701364967,0.0,62.25704402985395
9235,0.4409932318320347,0.8187257509727116,0.0,47.252750595935915
8261,0.4968524719431963,0.6994621340867972,0.0,53.93902364412733
5543,0.5440449220198861,0.6087234582930696,0.0,40.91534501995679
10302,0.3873225069619263,0.9484975816739686,0.0,35.64596010721992
6247,0.4761421019194946,0.7420389358586428,0.0,38.23726545898661
19278,0.4755538946527498,0.7432750603012419,0.0,21.502205563419693
6711,0.4709374985839092,0.7530298931682836,0.0,52.7233875105644
5510,0.47948134663888436,0.7350502871069209,0.0,41.897866365094494
9526,0.4897808286831702,0.7137972763424546,0.0,13.885141763114444
15746,0.40585321379700834,0.9017637271245054,0.0,3.773565637986823
20624,0.4697640441636755,0.7555247440334484,0.0,35.585214291136154
3554,0.48849464783060337,0.7164267638938071,0.8,54.937391824109305
19921,0.5652863059178912,0.5704229400452353,0.0,8.765689922424592
6182,0.5312413020161926,0.6325389315529464,0.0,44.99565704079552
4603,0.42751827267335857,0.8497582484232066,0.0,74.05218294782878
17650,0.4483256773792572,0.8022353522376051,0.0,75.92355630640635
11333,0.4497254490592028,0.7991179956143397,0.8,13.550444386117958
6838,0.48007047267129854,0.7338223677917125,0.0,48.07270488164879
18451,0.5533249000798087,0.5918099272354231,0.0,7.393481156815785
20656,0.6460260551501363,0.4369154429631441,0.8,17.6535691896069
20831,0.5419756494102633,0.6125342058390887,0.8,18.011568743292266
4197,0.4421689438643243,0.8160632439967785,0.0,66.23577083309252
14791,0.46435157010672934,0.7671133194656762,0.0,30.23538884308708
19272,0.5822948710913165,0.5407783081955138,0.0,21.53216959211075
17531,0.6227280151776606,0.47364542826885,0.0,14.427002167106815
5621,0.5015906011087652,0.6899710276604223,0.0,45.858921826700595
9573,0.4973486606995228,0.6984639682605222,0.8,26.709260654202353
20115,0.5910895211472919,0.5257877990245798,0.2,3.9750874813565344
15388,0.5149550880998303,0.6636755896943475,0.0,4.609227084354709
6757,0.5008039541151741,0.691540563630026,0.0,17.410916802169382
2108,0.4427615634022941,0.8147238854331529,0.0,57.5195050684106
19655,0.6214826447386931,0.4756472932182297,0.0,8.533826226989243
9873,0.5716676716800195,0.5591974500109013,0.0,12.784930986023396
10201,0.4781399820750812,0.7378517398332761,0.0,46.698637289571494
19664,0.6229345830352638,0.4733137688615706,0.0,18.15891983800693
13111,0.48425867209104007,0.7251360685620637,0.0,11.668164191550012
2645,0.5464023480160154,0.6043996734873239,0.0,18.3335574403933
7999,0.4411573777193656,0.818353601619873,0.8,58.20949567908876
18196,0.5006030607157882,0.6919417859084914,0.0,26.743898181802255
12274,0.46354400988714983,0.7688539472709716,0.8,12.762975817992633
17084,0.4854371996685436,0.7227053514844892,0.0,6.919542103827323
5264,0.5049874356487127,0.6832217299198263,0.0,51.39876782283038
4485,0.47030591752002376,0.7543719076734999,0.0,52.48919871721834
2525,0.5258918444659473,0.6426597062729204,0.0,21.882563121170545
18269,0.4826269476991351,0.7285112887692362,0.0,16.762680171007837
6382,0.48131169052425893,0.7312402134931796,0.0,20.235610673469242
12554,0.5516697152004711,0.5948057538112019,0.8,5.677421107320742
20333,0.47581142540400057,0.7427336683624949,0.0,56.59630609588293
1237,0.4429120249153581,0.8143841180143294,0.0,48.80604044112907
4515,0.49190871060769353,0.7094621272512427,0.0,70.84689116671365
11634,0.44615972015673017,0.8070782741272993,0.0,12.852721669415207
9541,0.528471701960803,0.6377660191719774,0.0,17.037919299494746
14135,0.47307167354698876,0.7485083722720184,0.0,23.528612185419956
10701,0.3977663896509096,0.9218904067026603,0.0,14.604357923609317
17942,0.5895603606165346,0.5283781713431404,0.0,13.053582934670573
11957,0.6098459222905229,0.49454894012907863,0.0,4.671014942323755
13410,0.4623383184443334,0.7714583648895804,0.0,9.878524597841487
1164,0.4600767044804881,0.7763620545294176,0.0,55.121705871588645
15790,0.4763233437156483,0.7416583618458598,0.0,7.286422461371963
10206,0.4781399820750812,0.7378517398332761,0.0,46.698637289571494
6087,0.5068442794001158,0.6795514637911308,0.2,51.7954159919737
5020,0.43753509889760506,0.8265983503507368,0.0,70.1492672367107
4266,0.4614832879508393,0.77330943815247,0.8,47.94518516545314
2011,0.48309104755677285,0.7275501388359308,0.0,21.571861338946995
6271,0.4478548716673427,0.8032860462204814,0.0,57.87675901732707
19503,0.5036173182059702,0.6859385885907361,0.0,8.077441608037082
1409,0.39844948228009086,0.9201745584739188,0.0,44.46283438464477
7609,0.465133948398822,0.7654298538036701,0.0,54.81243229806213
842,0.48178538503831725,0.7302565233454776,0.0,41.97514462761315
3344,0.5150259997020814,0.663537894734308,0.0,46.73297412863302
16845,0.4386030872732968,0.8241604040963171,0.0,12.343450567073733
20353,0.5460161534111105,0.6051067186728256,0.0,3.0067753462551927
4447,0.4764571175181226,0.7413775546530252,0.0,49.683416372571536
390,0.4825140645515749,0.7287452092982409,0.0,38.79110437740992
11675,0.41786545379606665,0.8725957791428012,0.0,12.002554417840756
12177,0.5660466029184793,0.5690788668566836,0.2,6.558918377926117
11084,0.5880940581560625,0.5308683810257562,0.2,17.8029363650778
3722,0.46553928054307964,0.7645588022739154,0.0,54.17663719577931
8164,0.5585899635795918,0.5823395927295139,0.0,42.64763820752857
12338,0.5892244409892999,0.528948113602101,0.0,6.4008010339168395
15292,0.5637924658417083,0.5730690635668151,0.0,9.19403376398963
20385,0.5604315544671223,0.5790481590610654,0.0,26.613343329798063
2468,0.4064099406304929,0.900392922804184,0.0,58.50753514637512
13343,0.506430192470421,0.6803687881474465,0.0,10.249074864046527
344,0.44399817752376836,0.8119348212345339,0.0,60.321481920989996
9348,0.5426060921648109,0.6113716510930768,0.2,43.17506767937547
8249,0.4225998994923157,0.8613294116319277,0.8,83.510181539071
12553,0.40827219418744337,0.8958211844024002,0.0,7.648396209989165
13697,0.4982894148015583,0.6965742165422033,0.0,8.235248834503384
7843,0.48723077057905606,0.7190174065778439,0.2,48.96508703365141
8545,0.4511765300668751,0.7958965968469587,0.0,33.28837273424039
4023,0.5554883846934684,0.5879075797637832,0.0,38.917717232313436
13464,0.4886068299914292,0.7161971415590446,0.0,3.912943099300292
16115,0.6584531310186809,0.41786193570215263,0.0,5.426877362281127
7600,0.47205383565310316,0.7506622413136848,0.0,41.429050930773755
7081,0.4741668733256027,0.7461959658137868,0.8,57.539171379342974
12891,0.5790250902759166,0.5464094685381509,0.8,9.349339655396397
6803,0.5102283620046881,0.6728968848455829,0.0,18.908401437401718
6962,0.44301142967302043,0.8141597086535326,0.0,47.63648629255097
8811,0.4965146993004293,0.7001421900934032,0.2,18.375231031168823
16287,0.43923677944906997,0.8227166503779701,0.2,10.683798472022959
15380,0.5460942365986455,0.6049637236269358,0.2,8.565681458605553
6392,0.5107861737293908,0.6718042230652101,0.0,17.55222947932345
908,0.4045678817936182,0.9049357400153306,0.0,44.083941260873175
16743,0.5630480030004024,0.5743903915989623,0.0,8.28316894229865
4642,0.4579021272982196,0.7810998135595805,0.2,66.81527876700474
20175,0.4943791359198338,0.7044525745385329,0.2,21.31884793541228
13554,0.5409714104245882,0.6143888473276294,0.0,20.40846137204601
18604,0.5656467055491056,0.5697855908127696,0.0,6.897824603644498
5212,0.5167690469715798,0.6601592219382841,0.0,56.44361347572328
6892,0.4886805674985491,0.7160462391582785,0.2,52.987421697712605
18459,0.5639950416449209,0.5727098189324376,0.2,7.591841110710931
168,0.4780548665434911,0.7380297695140213,0.0,28.36616957408078
11740,0.45275817355400244,0.7923971292529065,0.0,4.5515290771783885
223,0.474448026889513,0.745603199303206,0.0,55.95751953885551
10524,0.556911475885125,0.5853489818738791,0.0,14.463095265040444
10501,0.49319406217314987,0.7068525471538178,0.0,11.844728448138657
17576,0.3686174049470985,0.9979960157969058,0.0,66.86573305839269
9260,0.5048085387631035,0.6835760527573382,0.0,46.551528149720454
16461,0.5225917015856513,0.648954805115363,0.0,8.709492629430406
3876,0.4176533373535177,0.8731035270219704,0.0,45.61311460752098
1697,0.5071782353163278,0.6788927882224146,0.0,18.09928163041875
1060,0.5292916469041314,0.636215681644326,0.0,46.4437447600358
6044,0.48970734713147007,0.7139473170548437,0.0,50.690259510893895
2724,0.513788779405377,0.6659430329928951,0.2,23.406566201224038
8866,0.4154574070833144,0.8783751799692704,0.0,78.58383560998018
13876,0.4252797506820518,0.8550080897016632,0.0,13.276992781726186
14848,0.5604873968564366,0.5789485222598596,0.0,17.058718296727296
16525,0.581340147696327,0.5424192412953324,0.0,4.697350676173795
4255,0.4775964353997766,0.7389891804999043,0.0,42.05217841426065
21031,0.5039848674982589,0.6852090361665638,0.0,25.052955384839994
1605,0.48039083586018105,0.7331552650194973,0.0,45.43143441063077
18989,0.6227280151776606,0.47364542826885,0.0,14.427002167106815
19806,0.4966974028800099,0.6997742856322305,0.0,24.14991014722203
10582,0.4698242321258296,0.7553966284241858,0.0,12.312964466992337
15726,0.4720815783915658,0.7506034727555777,0.2,2.4687498801193493
5623,0.4784760576935808,0.7371491055090441,0.0,23.22941174975389
10710,0.41612980846119596,0.8767580278249126,0.0,11.430732704153137
9775,0.48776373432987785,0.717924141331275,0.0,15.43788176216242
6321,0.5324970583511208,0.6301779056370628,0.2,15.854646177932407
15069,0.4990324073725238,0.6950842407051137,0.2,25.25067431862123
8654,0.44288705954428326,0.8144404860361967,0.0,49.32658847174039
9462,0.4615807068021837,0.7730983610174937,0.8,51.58112064167456
21007,0.49645469300518996,0.7002630524196287,0.0,23.61462067836927
5974,0.3716595068925713,0.989777147907756,0.0,50.57761452350643
18283,0.6215324992876533,0.47556707770480405,0.2,8.63962746712035
7672,0.4753467570090935,0.7437107265226722,0.0,50.60951437246159
20075,0.47420795255087117,0.7461093350341134,0.0,9.3487494129721
10879,0.496943092774255,0.6992797609015524,0.0,7.242790510331215
21218,0.4548446381589999,0.7877993729356852,0.0,6.25867228207183
1106,0.4753149843630494,0.7437775697428697,0.0,38.01818888852647
17733,0.48175380026736425,0.7303220832551233,0.2,9.377335660434088
18550,0.3964846552689527,0.92511793911273,0.0,33.95414147789901
13401,0.558690098812864,0.5821603445053471,0.0,6.1115193810062225
7895,0.5437932381765094,0.6091861812551359,0.0,46.3042406147041
5447,0.4413972301044784,0.8178100604295793,0.0,63.85051797228116
20604,0.5601567594563664,0.5795386068247085,0.0,17.42817543907299
15549,0.601824837688263,0.5077888433077568,0.0,6.275000790983112
548,0.4739661529907197,0.74661936702925,0.0,54.26802971784671
7745,0.4753817897297882,0.7436370299437052,0.0,49.93671415249571
9111,0.5366676465241099,0.622376283852082,0.0,19.013594996845683
1832,0.47315471461761904,0.748332851758361,0.0,52.45064969393005
11600,0.488059328276183,0.7173183061821101,0.0,12.495684606375379
13681,0.5298246164586433,0.6352092395417227,0.2,9.885443487476692
16176,0.47807323945020536,0.7379913376206352,0.0,11.394586646992503
15631,0.5457216663593016,0.6056462017861122,0.0,4.587770151806568
9569,0.4181677151259595,0.8718726945708042,0.0,84.11391022648542
4961,0.4758427384886208,0.742667860665078,0.0,81.02506246533878
2575,0.47905221951021787,0.7359456697465923,0.0,42.066657177828745
18081,0.5006061027814197,0.6919357091250531,0.0,12.707400129532056
9337,0.4235964087447142,0.8589741432305917,0.0,89.2216400631519
17765,0.402255096884436,0.9106688222528511,0.8,45.24202736743571
8252,0.5087685515580868,0.6757620779111232,0.0,48.68865719793087
1560,0.5157371461978926,0.662158049885424,0.0,44.11628007361638
5648,0.48516702372926457,0.7232620685062043,0.0,70.94477365110879
4337,0.4799030306632218,0.7341712149404998,0.0,35.82755752960914
14586,0.6191869916050324,0.4793479653171045,0.0,1.8015335468282196
9354,0.4982775428495814,0.6965980422407905,0.0,48.107061753780826
16979,0.5315930382603907,0.6318770480519906,0.2,15.881598217464342
14767,0.5295074604778193,0.6358080243745532,0.0,10.118566954284566
8354,0.46135574741137414,0.7735858472235864,0.0,55.7175159246855
521,0.4178326696587702,0.8726742384246714,0.0,65.97417109330995
10111,0.4450731138671966,0.8095167094866382,0.0,7.947146672406164
1758,0.5519115636138581,0.59436745638463,0.2,19.60818225008903
20959,0.4775038722178465,0.7391830097374862,0.2,16.587266428335653
8673,0.44296182100118303,0.8142716954925292,0.2,47.476111454187915
11641,0.39924471857895383,0.9181807203302932,0.0,9.884215331765255
15473,0.48917455227570694,0.7150358955824463,0.0,4.8634130224292464
18455,0.5883995732370438,0.5303490155490608,0.2,3.957729199777713
14937,0.5046907947024135,0.683809324949445,0.0,10.84145546933314
18945,0.5219484059585289,0.6501865351443163,0.0,25.939843186723692
15041,0.4872987896489683,0.7188778129260992,0.0,11.9890849033246
14474,0.44479169528160095,0.8101492068999178,0.0,10.373960841591364
14131,0.4845925658181063,0.7244468115797317,0.0,24.196524612181147
385,0.4737507990646303,0.747073835906965,0.8,26.92080841277358
2022,0.5225518744257639,0.6490310188735887,0.0,16.973783820125803
8156,0.4933980382339275,0.7064390509103353,0.0,47.465638860519036
16640,0.44445093678969144,0.8109156085462156,0.0,8.43757707706024
8430,0.398229525592826,0.9207267424543679,0.0,62.19509426262758
11074,0.45179156523902925,0.7945343443588295,0.2,11.002711640082875
6104,0.4824828293053421,0.7288099457682599,0.0,49.631958974932076
16408,0.47053202389229887,0.7538912587398724,0.2,11.342294404742084
584,0.4036090336315381,0.9073086081180415,0.0,44.19953552180703
16865,0.4560930907914086,0.7850583438304193,0.0,11.178052572777002
20691,0.5633339843279886,0.5738826041219811,0.2,16.303430033582757
21127,0.5341475174458418,0.6270832282733395,0.0,9.332566252423945
6566,0.46187245425950263,0.7724664990469523,0.0,71.07464422747657
3996,0.48501011234815744,0.7235855380596298,0.0,71.8086272512922
17903,0.43128555676102853,0.8409848635750639,0.2,20.53684963063945
8714,0.5095829011744987,0.6741627287123503,0.0,53.734138954719995
4165,0.45621699431812757,0.7847867179227304,0.0,52.69842631227709
20972,0.4973071811301554,0.6985473731281097,0.0,25.457163805548404
12923,0.5889234122014724,0.5294591340034254,0.0,9.325548992657364
10159,0.5378543758911905,0.6201674322420986,0.0,12.063806892888138
6219,0.5288727553802208,0.6370074140913594,0.0,16.278724054006315
15587,0.5062341924254983,0.6807558858874155,0.0,11.680410458691625
8029,0.5266286443115265,0.6412596385805743,0.0,21.236915664836232
693,0.4878328460243581,0.7177824604439337,0.0,34.47868311602223
6742,0.47288998849010216,0.748892500015059,0.0,56.40096640738413
6023,0.4425583155347492,0.815183036698026,0.0,64.98638957098663
17365,0.5810834535601027,0.5428608946480677,0.0,18.727316502153105
5782,0.4140069813835815,0.8818724420536397,0.0,85.79737069477694
2680,0.5481759942441352,0.6011588862143051,0.2,18.292363274660985
519,0.5070281095641876,0.6791888340004644,0.8,48.00166902935295
2001,0.4865831308316559,0.7203475166572857,0.0,23.782274196728906
13543,0.4798029162508275,0.7343798505399339,0.0,11.322301709886217
3492,0.4778595823991948,0.7384383503179396,0.0,47.67357809369818
2274,0.47380470509609546,0.7469600567535821,0.0,34.83821659107883
1340,0.41436157777269084,0.8810163100654114,0.0,71.82485602240686
13951,0.5668716616243259,0.5676223472161611,0.0,10.664488178798988
19201,0.42443128315185163,0.8570051634794801,0.0,38.698063841551786
543,0.4774201060282247,0.739358450278817,0.0,51.015733069238365
414,0.511336553830596,0.6707272875083368,0.0,19.870295892434477
20370,0.4410835903274092,0.8185208742694119,0.8,4.922993913822523
20564,0.5352324654990516,0.6250541115089168,0.0,3.9362785742179005
16731,0.41082263845379785,0.8895936942333853,0.0,16.47349571760901
848,0.46739282114800507,0.7605852161138491,0.0,74.84538726323457
2188,0.46624931880198167,0.7630347690396956,0.0,65.23947275289397
231,0.44825130711001265,0.8024012504721165,0.8,55.44993804656547
1212,0.4852745279085139,0.7230405112583563,0.0,38.06447080435851
10958,0.5297178847504775,0.6354107070777677,0.0,10.301278012288149
10009,0.6491217869354324,0.43213492666940784,0.0,29.155712132345535
9897,0.6096487254433804,0.4948723476146755,0.0,35.43286122188368
3740,0.43941414900949477,0.822312918800186,0.0,67.50778007270122
17001,0.41567000611528787,0.8778635880442918,0.0,89.6667411097649
18576,0.5984977120337526,0.5133325768255808,0.0,14.746248041027874
17985,0.46872935423239626,0.7577297469717167,0.0,35.548890327645594
12252,0.48633403017961696,0.7208595862711532,0.0,8.216717625630354
12678,0.4010642478879724,0.9136336453372876,0.2,6.297767884107159
2731,0.44373472749464077,0.8125283556982726,0.0,34.138378368734976
11225,0.43075453349383613,0.8422168789775116,0.2,74.08434204361333
1612,0.5016591784630773,0.6898343172303474,0.0,55.24883057223889
8942,0.49246718432801556,0.7083274513959841,0.0,38.77738286804302
1733,0.5362862373882282,0.6230872354738913,0.0,20.5276099709808
6260,0.47549909051003975,0.7433903097008562,0.0,38.00211183788125
3382,0.4436640962677943,0.8126875428080688,0.0,9.715681062345794
4074,0.47343152538047567,0.7477479905823782,0.0,50.84686335960171
7440,0.43838230137776796,0.8246639151081322,0.2,57.45433660142203
4280,0.45575122324349776,0.7858081814039326,0.0,53.804284142345445
12949,0.5008266148773615,0.6914953158852132,0.0,11.271372791629254
18597,0.6328931630683332,0.4574536498057047,0.2,13.774158276038824
1850,0.4629237868699146,0.7701928456375629,0.0,56.10470171869762
17330,0.5039383464180647,0.6853013469290999,0.0,19.122305862157557
18278,0.5458217506034652,0.6054628206344537,0.0,8.697473568541655
5047,0.5323241164126472,0.6305027337755201,0.2,41.01420235106217
2133,0.4299192078470816,0.8441579766755445,0.0,40.8530224474307
15186,0.4706955462623115,0.7535437925651809,0.0,13.324160742232907
2648,0.4378524188352651,0.82587336868232,0.0,41.562081059486005
11397,0.570215071847046,0.5617416702905599,0.0,7.634771176334155
1000,0.4196860571083993,0.8682483302847288,0.0,53.99549138455791
12034,0.5149550880998303,0.6636755896943475,0.0,4.609227084354709
9514,0.44669438675913,0.8058806167224262,0.0,54.53797012185207
14707,0.4871662094963938,0.7191499215262209,0.2,14.74616853736053
11518,0.3689892583852549,0.9969877454323759,0.0,10.61542753292409
9410,0.49049407667541356,0.7123420761446133,0.8,42.21695270793141
18135,0.5789534253153092,0.5465332445145339,0.0,8.43546748129653
1545,0.5028479402833069,0.6874674601857342,0.2,49.679832968244995
2780,0.49966072573160514,0.6938259594149874,0.0,47.24608087668708
6841,0.5047137852575723,0.683763772243188,0.0,47.86346405702315
16314,0.5479758254083141,0.6015241072255871,0.0,4.973401394264022
15458,0.4710398744269642,0.7528125294684936,0.0,9.739512099998638
17153,0.6293731068742453,0.4630310234594226,0.8,7.793275307749335
6998,0.5416424956490669,0.6131490972991706,0.0,15.022152883829678
1981,0.4796587357823239,0.7346803950573377,0.0,43.524303528390995
8458,0.4850324694713209,0.7235394429219804,0.0,56.797846269375455
9126,0.5143890857282459,0.6647753237639031,0.0,22.349746308864926
19889,0.5211698479109157,0.6516792866886352,0.0,3.3838446153370647
10654,0.5146908715831243,0.6641888078933228,0.0,4.6887745246628585
19895,0.4773650961128977,0.7394736802075267,0.0,34.86618232926395
2017,0.4781229973483985,0.7378872629624779,0.0,20.302967590041938
16925,0.5611893137725832,0.5776969726803464,0.2,9.193470056269758
9361,0.5368192155013936,0.6220938975767534,0.8,20.601262214589333
9982,0.5091672066595792,0.6749788160625138,0.0,16.071245249970875
10182,0.5078824802742938,0.6775051962091564,0.0,13.554846439880775
12677,0.5556933843651777,0.587538603814495,0.0,4.761265955058509
12830,0.5568467508931859,0.5854652099572383,0.0,5.258063298530309
6625,0.46657186393332806,0.7623432213986889,0.0,55.30304325974082
10225,0.5312413020161926,0.6325389315529464,0.0,44.99565704079552
7138,0.46667102822985707,0.7621307058837357,0.0,54.14938607157983
10595,0.5363980285478246,0.6228788029209937,0.0,12.116549830657338
2678,0.5113389983743238,0.6707225068255042,0.0,17.82445049095761
2024,0.5215328605652573,0.6509829948960523,0.0,19.448116972519564
19414,0.47899950304453687,0.7360557190570692,0.0,16.499424565977485
16213,0.5441491691601748,0.608531861699314,0.0,8.025622413915471
5129,0.4419223179565217,0.816621163580085,0.0,61.695731400605425
2327,0.47677892811169864,0.7407023586042034,0.0,22.75104320528964
8761,0.5097976757551013,0.673741346181348,0.0,16.041781092761198
8848,0.44203676782872564,0.8163622152312668,0.0,21.67645753307773
19653,0.4885930296406714,0.7162253862433282,0.0,24.481227349473397
14756,0.4885930296406714,0.7162253862433282,0.8,24.481227349473397
18554,0.4841341538068911,0.7253932333850677,0.0,16.350726641998257
19034,0.4588059301416472,0.7791279684799227,0.0,64.12223121147018
1104,0.4778463869083142,0.7384659644404944,0.0,37.70237722284727
10096,0.5192751654349913,0.6553213524316159,0.0,6.597775583769272
11054,0.41261843859176744,0.8852319905607379,0.0,17.365152410812506
12645,0.45023516019888554,0.7979852544944726,0.8,8.484378778414191
2735,0.43978474246994653,0.8214698934370026,0.0,69.98923554756442
8702,0.523383735936666,0.6474403632384663,0.0,17.39995976203378
17158,0.5082364841671325,0.6768084197104408,0.2,33.28205610471631
20170,0.49565182743585184,0.7018815595618747,0.0,4.673829416237349
12966,0.5025925246248953,0.6879755273917407,0.0,11.676664533679585
11341,0.44307553086475693,0.8140150249041873,0.8,13.551721165775993
19529,0.5247383773446972,0.6448554694648524,0.0,21.233478323208224
3279,0.5154215014259677,0.6627702636946396,0.0,48.448505264770986
12259,0.5273573856275705,0.6398768091853648,0.2,9.99039687322754
16606,0.5708996984674654,0.5605417441825564,0.0,12.815665850203253
14462,0.5533249000798087,0.5918099272354231,0.0,7.393481156815785
6746,0.44250704100899185,0.8152989027760182,0.0,66.77297982634403
20409,0.502046780433034,0.6890619755185369,0.2,27.012952988976807
2868,0.4870305909837373,0.7194283427106587,0.0,47.49306434934126
9452,0.5328458540831591,0.6295231009907277,0.0,19.584464056051946
6048,0.49073257354007577,0.7118559563081689,0.0,50.5773651525924
12670,0.5370865115580281,0.6215960958509235,0.0,9.889594382940388
12424,0.4458418665710952,0.807790949090702,0.0,6.336716537711878
198,0.48845601037357006,0.7165058619664252,0.8,56.13464989714757
14632,0.46285375170873566,0.7703441458331154,0.0,27.898011889576605
20922,0.49124004608408606,0.7108223784282041,0.0,23.350514724630678
20885,0.47006623365324096,0.7548816715402289,0.0,28.406952573362084
13065,0.4425159777475018,0.8152787072820686,0.0,5.35621835837383
18954,0.5271491006132258,0.6402718470912876,0.8,4.370015443288746
1659,0.46090364233141207,0.7745662766368415,0.0,53.88309199567017
20818,0.49124004608408606,0.7108223784282041,0.0,23.350514724630678
13170,0.5996690866730956,0.5113772981218161,0.0,2.8389111124643787
2669,0.5195157150313342,0.654858218599454,0.0,53.809701121321794
9576,0.4765332987256998,0.7412176764287723,0.0,30.7605363993151
14747,0.501069051050588,0.6910113609461852,0.0,2.8997601894769347
13449,0.5384758929724117,0.6190125503842157,0.0,16.601915231724284
14459,0.6477026853333699,0.4343235068494594,0.2,7.5231349618827
8179,0.4261524695732951,0.8529580869507318,0.0,13.576963212361932
8481,0.5138195183349245,0.6658832068322381,0.0,44.442039537500115
19352,0.4256457285645415,0.8541479017910132,0.0,31.75807292795946
19219,0.4309471647545392,0.8417697839693355,0.8,29.66661775489891
14164,0.4312271972196831,0.8411201880468822,0.0,31.362428674513083
7541,0.4667869229738074,0.7618823931570694,0.0,53.38853145616312
18307,0.5857401661665139,0.5348789901832792,0.2,5.999603608098285
17032,0.5129167060551547,0.6676418133584334,0.2,10.217924519665559
17630,0.4072479495278286,0.8983330664351167,0.0,62.02990097883978
18935,0.48236713793551717,0.72904975791379,0.0,26.28443194551219
2579,0.48451407869141244,0.7246087898868873,0.0,41.3425547281294
13348,0.5988966058751628,0.5126663069924933,0.0,7.241923970959946
9001,0.4465811543392403,0.806134138542484,0.0,82.17328144422717
1177,0.500470515935395,0.692206591182068,0.0,15.179052356201673
2106,0.4717594496873237,0.7512860638003964,0.0,53.41643798983662
8846,0.4971296506873156,0.698904420331201,0.0,19.047941535609482
19140,0.4685578897806833,0.7580956208374305,0.0,25.85485224758458
15554,0.5645810057455704,0.5716714056954063,0.0,5.208784163465675
14481,0.42696933272415216,0.8510430886508599,0.0,11.246534546379984
2087,0.4771902438659333,0.7398400335064856,0.2,63.256322864804524
21077,0.4299027872407143,0.8441961720379871,0.0,76.24357289793096
2465,0.4299192078470816,0.8441579766755445,0.0,40.8530224474307
8185,0.45759595895115507,0.781768669918927,0.0,23.68759010210133
2117,0.38713576320349463,0.9489798381601988,0.0,34.0157083229833
17578,0.507603140245511,0.6780553567041631,0.0,8.955076945970479
2748,0.4939342030172231,0.7053529629379208,0.0,40.88225977681998
2866,0.4923552168184407,0.7085548375925753,0.0,50.874234095640276
11554,0.48075614782099757,0.7323951066158193,0.0,5.159961584412459
2538,0.4993159352645675,0.6945162467744233,0.8,47.00138911995448
20511,0.5164299896048387,0.6608155473255701,0.0,3.754852830069271
19364,0.4217312820306426,0.8633869402110376,0.0,42.66340352831517
5714,0.47274902431213134,0.7491906353015829,0.2,59.41831317256079
11454,0.43372769562882935,0.8353383712246071,0.0,11.52015138514823
20705,0.46897582342911265,0.7572040610562204,0.2,36.47527502271254
7418,0.44115863058812493,0.8183507616651459,0.2,67.063847103691
20712,0.5197814649553619,0.654346815441749,0.0,4.092285106083313
19012,0.4886870916535775,0.7160328886960089,0.2,50.462419469720444
15286,0.5286698177483268,0.637391205041325,0.2,6.7448737426888465
17236,0.3962744204397339,0.9256483268196366,0.0,97.08940215543475
14916,0.47969080833580885,0.7346135319338942,0.0,2.544333984667012
8599,0.5435672422716044,0.6096018592427449,0.0,17.568725397340188
260,0.45916217751083815,0.7783518034168759,0.0,52.99018923264913
2833,0.5066830096093802,0.6798696985221448,0.0,39.12140440948795
14482,0.4451917979285796,0.8092500830914753,0.0,10.710828974656081
11570,0.40978935280513595,0.8921120249566963,0.0,13.392073555671466
19905,0.6838665686305088,0.37999245549080446,0.2,13.683528771586285
18518,0.5510900425505016,0.5958570665731807,0.0,5.789943404564415
17935,0.4789099839732782,0.7362426241305287,0.0,21.144519740394102
3804,0.4692445891848404,0.7566311343548482,0.0,54.477441673549066
20574,0.4925751669900793,0.7081082066856388,0.2,25.42816491872794
18094,0.6179947796153726,0.4812752687844404,0.0,8.558037090225483
15781,0.31006758949212887,1.1709649746483959,0.0,5.962940044694106
14266,0.5702615393982696,0.5616601823393101,0.0,9.528564811268494
10152,0.6515240431901115,0.4284409787388441,0.0,9.34294752568958
6726,0.47369388239919086,0.7471939836403819,0.0,36.8553438131256
21244,0.4662471326705342,0.7630394578113129,0.0,3.6163872504800008
7732,0.5370120405621097,0.6217347628212694,0.2,16.295668157262767
14783,0.4474915239025639,0.8040976824464672,0.0,31.806084074561145
14895,0.5429631491854681,0.6107138265712824,0.2,14.44124456757879
8585,0.5309156883989781,0.6331520492565496,0.0,53.23225660901769
8166,0.5585899635795918,0.5823395927295139,0.0,42.64763820752857
5228,0.5062521504706474,0.680720412727156,0.0,57.24994636462058
19037,0.4556235982277058,0.7860882528160881,0.0,64.98984870052105
5707,0.44653376446998266,0.8062402612111441,0.0,85.8565206184972
5966,0.4142254533380052,0.8813448801028347,0.0,55.02897767554856
5676,0.4916576104255567,0.7099727185194111,0.0,46.2440745374272
9841,0.5349479043346335,0.6255859119028424,0.0,20.037828615727012
17939,0.5693279617916065,0.5632986281384997,0.0,17.995983051383543
663,0.4434978597037133,0.8130623031658764,0.0,13.740754164137925
14036,0.46309877460093096,0.7698149115776814,0.0,9.948318544278308
12289,0.4939954898730534,0.7052288916475243,0.0,12.694120049655439
6682,0.5038824528269376,0.6854122666307498,0.0,19.12540091000854
11298,0.45606018004984106,0.7851305043820148,0.2,14.376132588677617
1032,0.4799996952027483,0.7339698100746764,0.8,32.199254784011714
18063,0.4789099839732782,0.7362426241305287,0.0,21.144519740394102
5408,0.4703636642848566,0.7542491296736106,0.0,53.29373284079945
11994,0.6061628953268611,0.5006065248644528,0.0,5.132968875705121
11564,0.45994279992533194,0.7766531452192573,0.0,6.429134456150181
13812,0.431981823632297,0.8393717665484397,0.0,11.8183540087194
3698,0.4046540910307147,0.9047226730440476,0.8,83.24352817699275
13422,0.618828362974153,0.47992732588736614,0.0,6.952227272096826
18594,0.5690145628769578,0.5638492513749603,0.0,6.8259592758967464
1854,0.46659920180876935,0.7622846300504298,0.0,56.47385902727876
18892,0.5305549684868147,0.6338317099211365,0.0,9.911543091880711
15123,0.539517382966235,0.6170802742909969,0.0,10.984029000078465
15049,0.36325003345581386,1.0126638844304032,0.0,13.763671931616127
20622,0.45590815974084165,0.7854638938293774,0.0,18.961098666708796
2401,0.5135673673342095,0.6663740657468203,0.0,43.887398918823365
8868,0.41981756518193614,0.8679350306845347,0.0,72.26860980020228
18148,0.5987790770340427,0.5128625685400466,0.2,6.72049954464557
13746,0.5397876292290816,0.61657949598377,0.0,11.530714439775128
14086,0.48540968146245456,0.7227620405600401,0.2,5.901352809041088
8497,0.44237797855345995,0.8155906072429124,0.0,66.79687042207141
20273,0.4655353149901078,0.7645673205021881,0.0,12.517458786374457
10518,0.44373472749464077,0.8125283556982726,0.0,34.138378368734976
18005,0.5140009903509031,0.6655300867760984,0.0,19.770236341408268
17267,0.4867862829286269,0.7199300963088571,0.8,7.294331370541396
18574,0.4776596282764911,0.7388568748716866,0.0,16.454712167118632
5478,0.3746577680202299,0.9817422883143513,0.0,51.29603456442486
8025,0.5091672066595792,0.6749788160625138,0.2,16.071245249970875
7059,0.4679570896306331,0.759378676091601,0.0,16.759487149597653
16855,0.4417071775572826,0.8171081106649944,0.0,13.059022111413789
6050,0.4914980025017622,0.7102974034891107,0.0,51.887224782965625
15368,0.4370608677675281,0.8276828080766552,0.2,9.043803946051302
1891,0.5080622412913187,0.6771513166818849,0.0,31.02368793541838
4332,0.4805582592226965,0.7328068108400487,0.0,50.527396368642606
9686,0.5232999118851859,0.6476005339869704,0.0,19.6222963033252
13236,0.5596913545477972,0.5803697997865828,0.0,4.724210231145999
5186,0.4731784005633993,0.7482827933901072,0.0,50.71112239611192
17354,0.5806496913183239,0.5436076449045236,0.0,2.023851288937623
18423,0.559274402460872,0.5811150453021157,0.8,6.377156770941996
16453,0.4360028254833937,0.8301065551876016,0.0,13.404975282121885
11235,0.5752224192655,0.5529984968649395,0.2,43.263837739752034
10230,0.43774283475884956,0.8261236762908591,0.0,7.718060619074996
19721,0.5749308073755205,0.5535055804247183,0.0,3.4668823212317714
6424,0.47022559907954853,0.7545427013986499,0.0,52.64444174363407
13233,0.4129211137394453,0.8844987121602411,0.0,17.586487381019662
5152,0.5461663802290905,0.6048316239623716,0.2,47.31295170793193
9519,0.5157638167243862,0.6621063378125163,0.0,20.816953854310604
9334,0.3975976968213185,0.9223145969194171,0.0,32.9865809958868
18380,0.47922515672763416,0.7355847362140223,0.0,29.076193363274818
6144,0.4406496986374182,0.8195050533413464,0.0,56.96789015667382
12879,0.5302371396420428,0.6344309392175213,0.0,8.20953608725691
20290,0.4841186964509436,0.7254251617309428,0.0,35.563969660770425
8957,0.5132637261977229,0.666965479752979,0.2,22.808885446061122
9167,0.5248385746820552,0.6446645404672807,0.0,48.75275341363805
6326,0.4071722647439506,0.8985189281874888,0.8,60.35710686254433
19818,0.42376757875750115,0.8585701373543928,0.0,40.116689995402524
3707,0.5280191398232927,0.6386227462675517,0.0,52.39836000823425
1182,0.4763890733224064,0.7415203776951614,0.0,48.17286862143743
10388,0.5398040546796289,0.6165490669784464,0.2,6.313832663060321
19761,0.550586884346182,0.5967705072144806,0.2,19.8024266399283
595,0.5249277580840823,0.6444946295081311,0.0,38.043873052530344
17538,0.4607319007314468,0.7749389653927078,0.0,5.566774097806643
13790,0.38713576320349463,0.9489798381601988,0.0,34.0157083229833
10807,0.5658835377720326,0.5693669856048518,0.0,7.202776813564264
13381,0.5796018187977688,0.5454139305181578,0.0,5.946102643461298
11653,0.5196307569014701,0.6546368025167109,0.0,6.330992909830293
4823,0.46216137142791436,0.7718411600825225,0.0,35.75553644101019
9983,0.5108910933478279,0.6715988360566374,0.0,17.847738940107828
20614,0.5141749404488731,0.6651917203654115,0.0,3.6481443475963142
17363,0.568704936560162,0.5643935442777243,0.0,3.2678388016809783
13931,0.486278599966852,0.7209735683666081,0.0,10.06767541472576
3655,0.3692775238349766,0.9962068205111585,0.0,25.65481572718859
18640,0.4855978463440586,0.7223744742877488,0.2,24.22266057420768
12323,0.562532875459772,0.5753057013496027,0.0,8.42074959893571
3182,0.472082581082753,0.7506013487791968,0.0,70.30882696575526
19099,0.6114116337506879,0.4919848416549328,0.2,19.987866683017646
10715,0.48776373432987785,0.717924141331275,0.0,15.43788176216242
5503,0.4410587297532143,0.818577238358597,0.0,45.676606153260494
17914,0.44276085764849854,0.8147254794160467,0.0,13.432787274251387
13290,0.6447238806953136,0.43893314578913106,0.2,4.419398187496601
18804,0.5009058500907382,0.6913371195277767,0.0,23.53484357505532
16537,0.5137555455970109,0.6660077188805383,0.8,9.39090868756518
5272,0.47856641540618444,0.7369602785438636,0.8,39.357362776025326
15154,0.6093625320190548,0.4953418977157627,0.0,3.401983485997806
16983,0.5132637261977229,0.666965479752979,0.2,22.808885446061122
287,0.4535631467287618,0.7906207760580418,0.0,57.731132445654595
8041,0.5056871538803526,0.6818370738679477,0.0,19.807366475663475
18824,0.4524266478083503,0.7931296332734155,0.0,27.435544689655373
5088,0.4973486606995228,0.6984639682605222,0.0,26.709260654202353
19800,0.6354123578711857,0.45348110837269967,0.8,17.513215034874847
6127,0.3815100453354917,0.9636180974496532,0.0,90.91736602401025
17169,0.6469729376176223,0.4354508128403851,0.0,29.37943166228439
15542,0.46827838030406577,0.7586923301960163,0.0,12.700130296046394
2081,0.5205353870862341,0.6528974065210371,0.0,20.30837353096414
7501,0.5223926760266354,0.6493357209753247,0.8,32.12133971272544
4627,0.45728075202314744,0.7824577396847189,0.0,50.65630941083924
6749,0.4840350465771675,0.7255979646035995,0.0,23.67263497916072
9811,0.5075266328039081,0.6782060910117934,0.0,12.406593307924945
13123,0.42745949649296683,0.8498957401396091,0.2,25.037928942195702
16117,0.54338920571487,0.6099294465322932,0.0,6.014514309482083
2848,0.5019292633114144,0.689296078957336,0.0,49.629317684928196
8139,0.5361518926922164,0.6233377761679348,0.0,17.71214110264974
15552,0.5758855081504172,0.5518464086159266,0.0,6.627675625355334
17446,0.5065745261929817,0.6800838265458305,0.0,8.599660135845077
8128,0.5080546024240096,0.6771663520931301,0.0,55.825593136611175
9594,0.5269599504205669,0.640630728735466,0.0,41.71338797543545
5428,0.5146057596546965,0.6643541867084065,0.0,46.82036029455091
969,0.443303467064999,0.8135007162262994,0.0,34.98053079773087
6846,0.5075638048155616,0.6781328521942603,0.0,17.675534448041176
11406,0.5891148717347557,0.5291340859339698,0.0,7.606566654701972
3341,0.5111867503272883,0.6710202950197944,0.0,35.75531631774018
12712,0.4511641491761565,0.7959240385682601,0.8,5.389599525451963
19258,0.47630605762625533,0.7416946531662211,0.8,15.939018634116797
14472,0.4461293888368761,0.8071462595359746,0.0,10.607112566612992
6483,0.39034770389397194,0.9407173886056184,0.8,55.0695967902254
8639,0.3995594328689934,0.9173927567080395,0.0,54.40138977287162
7588,0.4678632857921745,0.7595791501168228,0.0,56.31139901898227
6469,0.4894018752795384,0.7145712961878168,0.0,42.1704246083843
8985,0.4710056861388605,0.752885112556934,0.0,59.52309803268157
3357,0.4786710352971023,0.7367416914184695,0.0,33.3007222037576
6273,0.48625606565254753,0.7210199097775729,0.0,23.804473256467283
12516,0.4164842916030834,0.8759065333251724,0.8,7.865991628799884
4479,0.4754478502034657,0.7434980766107223,0.0,53.5355769642766
16323,0.40499197873986,0.9038880176523236,0.0,9.382357726672893
14597,0.5120214088629473,0.6693888406313739,0.0,3.8181939444078408
221,0.4737600285565116,0.747054354352533,0.8,33.172950542878844
20269,0.48688358151657085,0.7197302368044792,0.0,8.344084493084589
12215,0.43931064974545764,0.8225484857596308,0.2,25.252238355931993
10249,0.41612980846119596,0.8767580278249126,0.0,11.430732704153137
945,0.5071782353163278,0.6788927882224146,0.0,18.09928163041875
7593,0.4639552441693041,0.7679671879397844,0.0,33.38737232385719
12930,0.5541822750656645,0.5902616299848524,0.0,11.44222183235653
13222,0.6064394791050746,0.5001503427080563,0.0,3.478970763901528
17026,0.4186154248978891,0.8708026208725268,0.0,62.67165904349048
10655,0.5112838654547421,0.6708303333206573,0.0,4.623127920752468
8959,0.5100119254491997,0.6733211703034242,0.0,15.55371800660253
8514,0.48311953946610614,0.7274911622324362,0.0,28.1939179942039
7317,0.48007686278884154,0.7338090570896836,0.0,45.507168227535225
2368,0.4542209784072523,0.7891714627787634,0.0,58.04750718552796
18387,0.5157106241674737,0.6622094766879956,0.2,23.246864007528814
9796,0.517609996430325,0.6585332229403544,0.0,24.388777811111837
940,0.4894018752795384,0.7145712961878168,0.0,42.1704246083843
16943,0.48829097084106043,0.7168437990929368,0.2,25.806376767345725
14695,0.534160084843449,0.6270597005972641,0.0,7.61250498053465
20344,0.5555068919157232,0.587874263290444,0.0,2.5447899490186727
6578,0.5000760845728542,0.6929950229907869,0.0,63.838703421278964
4550,0.506808815492375,0.6796214362658048,0.2,46.27882382841101
9171,0.5175025401455157,0.6587408453609095,0.0,43.72392361083037
18864,0.5139641359316988,0.6656017904132702,0.0,23.118012966775623
16140,0.507654891400563,0.6779534099015105,0.0,8.856783434883692
16473,0.5820619199668329,0.5411784452143051,0.0,5.242774441663181
6168,0.4766707643221967,0.7409292479531104,0.0,51.9302528840244
12003,0.3851562503491508,0.9541061819644555,0.0,5.41025914304552
12158,0.5240034808304407,0.6462569518769737,0.0,9.257307299158757
15802,0.5861230841218785,0.5342254702970661,0.0,15.121786541279723
17819,0.5006030607157882,0.6919417859084914,0.0,26.743898181802255
18626,0.46655385879289274,0.7623818124266695,0.0,29.894895074827282
3743,0.44537551296642774,0.8088375032938415,0.0,67.9747045173273
14090,0.4615019096910132,0.7732690870390958,0.2,9.136174307613729
20726,0.5054034195207343,0.6823983180819289,0.2,27.53204365027242
10365,0.4777687798099458,0.7386283877699723,0.8,48.12533170350657
9081,0.46931961085322665,0.7564712695985684,0.0,47.91866772473039
6903,0.5312002322397464,0.6326162436216907,0.0,19.13727363829328
4621,0.5193547100941688,0.6551681801395278,0.0,66.07698650805989
18493,0.6149911678282409,0.48614737253363577,0.2,13.778145664082281
16828,0.5905883195618062,0.5266360871083099,0.2,1.4756341675402083
18716,0.542334999236323,0.611871388703309,0.0,3.983374712913501
6497,0.5295243217227332,0.6357761816193144,0.2,16.23136695961737
3603,0.38128215270877697,0.9642156196426684,0.0,34.48517104800953
20999,0.5087691461740753,0.6757609091760682,0.8,5.666592750734129
12208,0.5305219046886485,0.6338940311327523,0.0,4.6876465748343055
5288,0.47621296881913044,0.7418901113247182,0.0,49.829050006345376
20116,0.622366377372348,0.47422632850845575,0.2,1.7493025524498411
15089,0.5408650181881557,0.6145855355403048,0.0,15.448528655316242
3404,0.4263602378084254,0.8524706613969664,0.0,72.48131928604406
19108,0.6227280151776606,0.47364542826885,0.0,14.427002167106815
9907,0.46077400240902855,0.7748475895752169,0.0,54.66549685336976
12237,0.5612959859874235,0.5775069083379728,0.2,5.27841306510358
15862,0.5567691026894475,0.5856046623610712,0.0,9.756465668593197
6428,0.45047651660403987,0.7974493306974418,0.0,53.476953211700454
1786,0.4766604466158891,0.7409508935390088,0.0,51.90397979904542
19757,0.5242136266331348,0.6458559933274267,0.0,9.943276679468434
2834,0.50021895656726,0.6927093632813986,0.0,40.2065855436399
15053,0.634330152522554,0.4551857147819811,0.0,1.2733137815580595
15444,0.5800990835933102,0.5445563562505316,0.2,5.221750762983382
13079,0.5375618786554756,0.6207114025265179,0.2,16.576097957114136
12116,0.5806337990175997,0.5436350151390227,0.0,5.890556818737719
8560,0.47673049696529385,0.7408039436439999,0.0,47.73370030009775
18330,0.46438480222906975,0.7670417552988266,0.8,23.379816392095744
16798,0.35867544677038943,1.0253373473850502,0.0,1.9936403668533984
14779,0.415444811967033,0.8784054966924506,0.0,31.93662958843832
15501,0.4695504088264618,0.7559796190547307,0.8,12.788150791819483
7643,0.512483239673386,0.668487271580651,0.0,13.931274204224687
9972,0.5115745501842135,0.670261956049957,0.8,44.94106619862678
4189,0.4425583155347492,0.815183036698026,0.0,64.98638957098663
7304,0.4331706412747151,0.8366235379092628,0.0,36.16723196937605
4764,0.4921382891893174,0.7089955263961281,0.0,20.83206083796597
14302,0.5012280858481307,0.6906940203232848,0.0,19.34633966734252
3822,0.47487231364051724,0.7447093244726757,0.0,51.4072837592798
4610,0.47658703800253577,0.7411049114927574,0.0,51.94033987055898
2397,0.48100717043626195,0.7318731016355934,0.0,51.93005726665319
2476,0.4926475598826206,0.707961249270433,0.0,47.66349164726347
1778,0.47586714356225035,0.7426165738725476,0.0,45.33674126834755
11849,0.47852563582993884,0.7370454941220677,0.0,13.365214892214933
6607,0.4390605565660556,0.8231179333561894,0.0,26.751332834076152
13015,0.5564218967657514,0.586228465347486,0.0,10.150105922134625
11419,0.52032422687614,0.6533031484869246,0.0,10.854631974100243
8145,0.5461587314870157,0.6048456284780472,0.8,18.472891663886067
19848,0.5072479220996053,0.6787553966875498,0.2,10.525459268408275
13668,0.44445093678969144,0.8109156085462156,0.0,8.43757707706024
5996,0.47958260514712353,0.7348391259879427,0.2,38.07201332339448
1287,0.4436965059924032,0.8126144953355063,0.0,58.54887376894757
11919,0.46847474136219464,0.758273092605101,0.0,10.038550467479453
4934,0.5242657086513827,0.6457566456025112,0.0,21.988013905933812
14273,0.4537620580417073,0.7901823195595642,0.2,71.35346285336738
17116,0.4975643571038723,0.6980303697370952,0.0,7.196448596060128
4,0.4762390655228922,0.7418353123367853,0.0,20.77435657907796
4739,0.5204289344542722,0.6531019334776873,0.0,49.70105614109754
7185,0.49296289814741856,0.7073213650788877,0.0,50.59823644120644
2482,0.4929530966963117,0.7073412480124407,0.0,51.01698751289729
4577,0.4871546433465945,0.7191736634994449,0.8,48.18823483437046
12385,0.44398722350904085,0.8119594928444845,0.0,13.72779842383224
5164,0.4647243418879989,0.7663108623220556,0.0,52.7543687357665
17536,0.5488218154569803,0.5999814521633979,0.0,6.565146909898832
11744,0.4511013316337125,0.796063282602043,0.0,7.294726136099795
17,0.48218472844111715,0.7294279843273882,0.0,23.049924583000163
175,0.43721679945422964,0.8273260983168131,0.0,60.4775365245596
5440,0.4525678606725102,0.792817558749244,0.0,69.29582156365727
14649,0.5773843353469243,0.5492471417594812,0.0,7.28164355235795
3256,0.4378457392534115,0.8258886241257442,0.0,74.53644832734841
16667,0.4791384844323412,0.7357656118061396,0.0,5.321425018942557
10963,0.5012797560014339,0.6905909385294233,0.0,10.096439442268307
20079,0.5693279617916065,0.5632986281384997,0.0,17.995983051383543
18336,0.6231239076195852,0.4730098913354381,0.0,7.661814423747444
12492,0.6536523326715903,0.4251796702946566,0.2,3.7162829982276566
6206,0.5091701979718438,0.6749729411682969,0.0,17.616794021974293
2506,0.44537619800083006,0.8088359651898022,0.0,46.11375491154777
11608,0.4281803993619436,0.848210678367598,0.0,13.633714471403934
16333,0.48054565637056346,0.7328330366246477,0.0,10.60446010144387
17740,0.4403827120264783,0.8201111300665179,0.8,49.28457936245962
5165,0.459856314965959,0.7768411970628123,0.0,56.32875685853636
11562,0.4356877324787706,0.8308295021450252,0.0,6.158440409636385
2907,0.4970983336248569,0.6989674180801344,0.0,28.86385558342249
19788,0.4787823849903499,0.7365090958866343,0.0,20.269836217505933
20345,0.5518449894921119,0.5944880882787548,0.0,2.5734200145434905
11020,0.4305735783289124,0.8426370560624162,0.0,12.412043249170429
6532,0.5353898063044955,0.6247601874785271,0.2,47.85038047104026
10920,0.5774788741099778,0.5490834188830566,0.0,5.503188193966238
9895,0.5268755244752458,0.6407909547812063,0.0,50.52636825115222
15200,0.5230212124621558,0.6481332565386535,0.8,12.61785757815512
4429,0.4621657951896243,0.7718315882298933,0.0,57.42812838006798
20422,0.5440660423948683,0.6086846380336004,0.0,8.921490634009864
7083,0.47178526589685843,0.7512313420492918,0.0,57.92744924393611
18236,0.6138905816924668,0.48793857242811406,0.8,12.683963599763171
19088,0.6232731425085832,0.4727704252845584,0.0,8.208003412148695
10572,0.5437003177761651,0.6093570703607527,0.0,10.638368538851266
15202,0.44029671489486744,0.8203064273092043,0.8,6.0137480474545715
5418,0.4691157860603302,0.7569056624119083,0.0,58.919803459916764
17702,0.5977296392525092,0.5146167355366611,0.0,6.417270829559657
2620,0.4248628033199148,0.855988977891778,0.0,38.523781598975525
11002,0.5759968766956002,0.551653040704419,0.0,7.639815459503332
9890,0.4685140487716842,0.7581891910474164,0.0,48.45966283993856
17944,0.4777436617348906,0.7386809628573682,0.0,25.510349052948627
6285,0.4840350465771675,0.7255979646035995,0.0,23.67263497916072
21178,0.5392913988071661,0.6174992255753993,0.0,11.450287687574688
2104,0.4726266593932413,0.7494495057626758,0.0,49.87211598869423
8809,0.48882271043527686,0.7157554105934268,0.0,18.684079303660177
16529,0.524111275162291,0.6460512600257446,0.0,11.697726311587516
16760,0.5750771701636723,0.5532510382097064,0.2,3.716463833345064
2933,0.5071782353163278,0.6788927882224146,0.0,18.09928163041875
12837,0.5148916495659274,0.6637987896456857,0.0,3.0229395430784933
18436,0.5221219253163634,0.6498541449705237,0.8,6.279215923677368
1161,0.5019421780030561,0.6892703491853536,0.2,57.95040250427243
2836,0.4967317692483615,0.6997050982772999,0.0,40.61263551562374
13332,0.4487879341225584,0.8012048098887097,0.0,18.05114415284786
2237,0.4630401633444955,0.7699414827736701,0.0,49.43024378148834
3066,0.502147356311892,0.6888616638944911,0.0,39.27200493019221
12608,0.40499197873986,0.9038880176523236,0.0,9.382357726672893
13470,0.47104078010143585,0.7528106067573812,0.0,12.86929752353955
18310,0.4472613465004799,0.8046121874338789,0.0,23.454443422086424
1822,0.5253874409557403,0.6436193057930623,0.0,38.62359837077365
3982,0.3947664443821859,0.9294609690010969,0.0,39.96682166704717
5738,0.5087103218389964,0.6758765367380853,0.0,52.71836986557065
18438,0.5625617747425204,0.5752543291690495,0.8,6.172766706424911
12985,0.46567692671150585,0.764263175612016,0.0,12.916430755692783
16482,0.5892284861989668,0.5289412483135968,0.0,8.6881234209091
11148,0.5279861934400981,0.6386851444054541,0.0,6.923346758261932
17109,0.6404752916585754,0.44554473503491765,0.0,1.4226020663187098
3118,0.5304513504140331,0.6340270302906105,0.0,30.737631347564843
6779,0.4632619790108723,0.7694625555198636,0.0,60.8221662921396
1077,0.4973486606995228,0.6984639682605222,0.2,26.709260654202353
9633,0.5062428991347185,0.680738687060315,0.0,50.9260647106465
1377,0.42443128315185163,0.8570051634794801,0.8,38.698063841551786
859,0.48776373432987785,0.717924141331275,0.0,15.43788176216242
12641,0.5554688766855937,0.5879426990407434,0.2,5.613382857413853
3700,0.4064514342760973,0.9002908300072536,0.0,79.91881395752736
11950,0.5557091554103092,0.5875102233770421,0.0,4.508847202583588
6899,0.48935516263915285,0.7146667491727993,0.2,49.14405857066957
12004,0.6450011768896415,0.438503137552926,0.8,3.709955900650204
17998,0.6519697842728958,0.427757061269091,0.0,6.104093052180648
17869,0.4356895452980961,0.8308253413311693,0.8,28.491617218631074
16365,0.5519419214855791,0.5943124529405345,0.0,5.761859333278975
7993,0.4404358168153836,0.8199905495218751,0.0,55.369863107670895
428,0.44301142967302043,0.8141597086535326,0.0,47.63648629255097
8626,0.48218472844111715,0.7294279843273882,0.2,23.049924583000163
18371,0.4967720562752756,0.6996239973778343,0.0,23.645542478393953
8559,0.4789520195905944,0.7361548544576806,0.0,45.94158497819423
9234,0.440808443932374,0.8191448654004664,0.0,52.183618900656406
5365,0.4730243561653423,0.7486083988659369,0.0,45.88744968781108
7314,0.4620509210739787,0.7720801751991954,0.0,54.0919381347464
9283,0.5071782353163278,0.6788927882224146,0.0,18.09928163041875
12447,0.4949976641380187,0.7032022353376743,0.0,10.92494943462544
9523,0.5077405821241858,0.6777846269473601,0.2,45.55390286383013
9971,0.5402500259912542,0.6157232354854637,0.8,34.18372237159258
15718,0.4478513046400141,0.8032940109469128,0.0,1.5619048411331584
11316,0.5304372890204402,0.6340535389986334,0.0,11.542944629095675
10675,0.5157778168088242,0.662079193809824,0.2,17.68744576365472
19443,0.45100292920602947,0.7962814445869597,0.0,23.733764632704286
5178,0.4620709581509801,0.7720368106226065,0.0,56.042149255811765
6496,0.5341360588834273,0.6271046805593595,0.0,15.708972367622682
7686,0.4456962788957699,0.8081175479633576,0.0,55.347966050961226
20025,0.48685269734147846,0.719793671177365,0.0,22.905273193753565
19220,0.5683243710907093,0.5650629473988273,0.8,17.95880260880073
16736,0.6015848752241654,0.5081876475798235,0.0,7.320442927686615
3003,0.4721507713228503,0.7504569136349771,0.0,56.47188561379796
7938,0.5053258817834595,0.6825517473677463,0.2,19.828127740287368
19946,0.5176850374949105,0.6583882573754519,0.2,6.228352939887294
15760,0.4803015149673259,0.7333412161057854,0.8,7.527381365908741
20633,0.49859077203898594,0.6959696158076605,0.0,3.3033851952105957
11606,0.4118705731030246,0.8870461219396684,0.0,14.325794953920955
4180,0.5061232592356827,0.6809750440317598,0.0,46.33694432538174
12581,0.45182867418251815,0.7944522104227116,0.0,6.7504602258813415
14825,0.44457190663407214,0.8106434674060364,0.8,11.19964758377045
6146,0.4424844332117903,0.8153499943353496,0.0,56.6790512482583
12859,0.4990351676921972,0.6950787093768902,0.0,7.546816974370204
13567,0.527731203834681,0.6391682085493885,0.0,15.240966103536493
3866,0.4393116818312043,0.8225461364322587,0.0,27.0704066249476
5008,0.5078338125443769,0.6776010255865097,0.0,51.52139646191934
8520,0.5163115091025132,0.6610449958429262,0.0,50.37493385777645
18346,0.6179947796153726,0.4812752687844404,0.0,8.558037090225483
18911,0.5187542573608963,0.656325000510142,0.0,17.9767407374635
16882,0.4726983032972489,0.7492979305753648,0.0,11.5504275712358
16156,0.4855717974849985,0.7224281185902286,0.0,28.866421879270405
15923,0.6029032707137014,0.5059985085326725,0.2,7.463275809146374
7969,0.4894018752795384,0.7145712961878168,0.0,42.1704246083843
1229,0.4664124696192765,0.762684908412865,0.0,55.229825431564464
1488,0.4197285934655338,0.8681469826202775,0.0,13.549602441621388
18517,0.5538403427718265,0.5908788237121063,0.8,5.933900880151927
17156,0.5320604162171249,0.6309982317705278,0.0,4.698097570540053
16524,0.5038853549330394,0.6854065071570308,0.0,5.731026690002178
7210,0.512219258463014,0.6690025064252855,0.0,42.91651180799888
16016,0.5219420050145983,0.6501987987763286,0.0,3.0351279815264998
3425,0.5034159300232803,0.6863385519201072,0.0,49.41637573824771
19718,0.46845940496328375,0.7583058300156701,0.0,3.593952458892966
8522,0.4211262778453374,0.8648225428988783,0.0,73.30884648871803
13680,0.5286062236370426,0.6375115030692223,0.2,10.07331872740775
15681,0.374294911159256,0.9827112597846506,0.0,2.348208345588212
913,0.4973486606995228,0.6984639682605222,0.2,26.709260654202353
104,0.4463052794020129,0.8067520781495401,0.8,62.208653238513435
3286,0.4725234458818741,0.7496679123653971,0.2,54.98064480726846
9996,0.6297917240844892,0.4623661109469788,0.2,36.17321297214277
10716,0.48776373432987785,0.717924141331275,0.0,15.43788176216242
17262,0.4146179348109405,0.8803978218095975,0.0,25.2057907886783
5602,0.5081767079728489,0.6769260415493048,0.0,26.28842478609087
18827,0.47388427605307437,0.7467921304428438,0.0,25.469346691291825
17984,0.4648769724533832,0.7659824837700867,0.8,34.06706979687809
18104,0.44532684038686055,0.808946793629569,0.0,7.7331266638615395
16621,0.5017771680692831,0.6895991461461878,0.2,21.59341622973903
8667,0.46737503969956,0.7606232607433063,0.0,57.130413578677334
9092,0.5330895257703375,0.6290659031229612,0.0,19.186510045250316
16841,0.4881543550399885,0.717123621830252,0.0,10.624186156498137
1137,0.4419223179565217,0.816621163580085,0.0,61.695731400605425
16877,0.5112162373402765,0.6709626132380467,0.0,18.15155187795215
20298,0.4944419805204433,0.7043254643875677,0.0,34.87784400620932
6557,0.49588144998739186,0.7014183929473529,0.8,50.35482840970761
1464,0.517900547315579,0.6579720487550528,0.0,23.137586441880742
21104,0.4127786158775025,0.8848438687789155,0.0,6.809758712846451
17412,0.5295243217227332,0.6357761816193144,0.0,16.23136695961737
5401,0.47430280148730747,0.7459093395436065,0.0,51.464011239675685
20549,0.5315328720826137,0.6319902353560642,0.2,6.8254943610316365
18476,0.47789484567701424,0.7383645588150188,0.0,16.56890038997892
5018,0.4244024666087568,0.8570730602687254,0.0,74.18823873492306
13590,0.5357981162376423,0.6239978376716832,0.0,8.489178468346998
12912,0.4973711667840268,0.698418717157878,0.0,16.855288845864294
14386,0.5244755216918248,0.6453565220311843,0.0,6.324494038997594
1128,0.5290212487185609,0.6367266802205935,0.8,44.52629451322015
8983,0.4518085299827882,0.7944967951291412,0.0,57.243496513666415
17079,0.521230954682723,0.6515620443155955,0.0,41.988938940881695
1150,0.4330368093547571,0.8369325445356216,0.0,59.162763616515434
11516,0.4437648882494056,0.8124603877707572,0.8,13.490904754429877
8050,0.5332608091682685,0.6287446514783712,0.0,17.25903996354014
8671,0.4666243930334791,0.7622306425069191,0.0,51.14567494914262
10927,0.5739007806055055,0.5552987536918755,0.2,7.2491475048710585
19868,0.6180297719004407,0.48121864808862247,0.8,4.709939633810236
5509,0.480860800851934,0.7321774460775062,0.0,41.843942160543605
16501,0.5579821600723415,0.5834282883084364,0.0,6.2070935237038185
6520,0.5035563526577402,0.686059651223861,0.0,60.16811500143211
13430,0.5068714936266735,0.6794977717656374,0.0,10.896766001367176
11853,0.45324327881204535,0.7913262583329217,0.0,6.387586333061563
6716,0.4772860449022488,0.7396392929794248,0.0,51.110924920270705
20503,0.5258825087098385,0.6426774586664462,0.0,9.574287158547088
4158,0.4662213315563772,0.7630947971930796,0.8,38.31499197940602
5465,0.5128814964612232,0.667710461546467,0.0,46.07202184670622
12951,0.5030743023834926,0.687017401335447,0.0,11.19838279001968
1812,0.5152228040764103,0.6631558426008797,0.0,38.562508199659106
19899,0.4670992722695272,0.7612134694510383,0.0,35.13076066820845
11687,0.5957989975578178,0.5178519212189429,0.8,4.4892582586239795
9502,0.47617230116006615,0.7419755130216384,0.0,53.14770395984335
19904,0.6456738948851048,0.4374607093367274,0.0,11.97417442248785
6740,0.47674294905343273,0.7407778242209755,0.2,47.52089855411283
12025,0.540041079557862,0.6161100690619404,0.0,9.656601205046698
6207,0.5091712317735976,0.6749709108045631,0.0,20.141132081400546
15826,0.5313008719953362,0.6324268042780711,0.0,8.221548455614926
2441,0.4508217634278658,0.7966832206351884,0.0,55.84749255088458
3801,0.4680481442437027,0.75918411603988,0.0,51.46053352677965
3769,0.46148108985981895,0.7733142012637519,0.0,40.722725720550784
14155,0.4500364108390131,0.7984267865154653,0.0,28.467506343028926
3374,0.5195847274670964,0.6547253874831517,0.0,48.57734742692696
10476,0.5280960535356701,0.638477092246102,0.2,10.295124658184447
3415,0.4299192078470816,0.8441579766755445,0.0,40.8530224474307
17960,0.45266575394686653,0.7926012758513115,0.0,54.800451728594254
20814,0.5658878585917497,0.5693593501057906,0.0,2.125418408877295
13186,0.3704873537625825,0.9929359677230502,0.0,16.344372351463306
1422,0.44237797855345995,0.8155906072429124,0.0,66.79687042207141
10883,0.5091999243732942,0.6749145608195286,0.0,7.424060169014815
4834,0.4906970318743213,0.7119283846628343,0.0,57.97624475135812
15738,0.4344846408569023,0.8335946839074597,0.2,2.0433781485897904
7691,0.47060178401446445,0.753743011760097,0.0,52.441670618269036
15632,0.5233885932087298,0.6474310827637564,0.0,11.051972231635357
11856,0.4790197793198456,0.7360133894804417,0.2,3.353792205387892
3489,0.4738740147773054,0.7468137842249708,0.8,59.02629333113373
3763,0.3794536333854061,0.9690228677783855,0.0,93.04557990419293
10065,0.47784672098596953,0.7384652653088326,0.0,31.68016100855749
11263,0.42727132033149545,0.8503360569289599,0.0,11.500795656530377
17523,0.4886497220300387,0.7161093610503372,0.0,7.247743050802735
18706,0.5090668690493311,0.6751758976824801,0.8,23.49105839884251
15942,0.5096226440125525,0.6740847408358878,0.0,12.268679654726515
15917,0.5654840867168578,0.5700731240219794,0.0,5.972656255206974
4358,0.47255547938703185,0.749600122249009,0.0,53.26096680377417
8647,0.406321338180747,0.9006109590786744,0.8,64.33514166302788
9635,0.49636568332068504,0.7004423591439182,0.8,42.026541548635095
6785,0.5138849721938391,0.6657558280777296,0.0,34.35299971294807
10677,0.4791816956227713,0.7356754306926481,0.0,30.466157651007666
10685,0.5133422792984128,0.6668124451897236,0.0,21.364670082519964
9142,0.4750350971630458,0.7443665889128291,0.0,39.503531806908
8653,0.44266031006253415,0.8149525975154626,0.0,60.91363413962741
16579,0.5329604421531613,0.6293080749192017,0.0,9.603555698458305
21014,0.5841103629087878,0.5376653364243834,0.8,3.485146643018847
20507,0.48817326455960103,0.7170848858173906,0.0,7.593929050224638
17584,0.5629374033321687,0.5745868411585523,0.0,4.403998106552314
19004,0.488392479216603,0.7166359356835547,0.0,24.749021929481593
20106,0.5057672984089774,0.6816786000412496,0.0,19.911831933208873
20603,0.47827594544527346,0.7375674213329335,0.0,7.7333941594521285
18,0.5091672066595792,0.6749788160625138,0.0,16.071245249970875
14899,0.5890156757713402,0.5293024814719006,0.2,9.688881075309075
19151,0.5106624276759446,0.6720465182798326,0.0,10.79693143309115
6340,0.4436168064172394,0.8127941378006052,0.0,8.948865193500268
5116,0.46809670808160975,0.7590803632118215,0.0,48.51662210964239
10930,0.4818647990838152,0.7300917041050807,0.0,6.690560401484669
7458,0.3694364799575777,0.9957764614703432,0.0,91.1971834854642
19919,0.48856614779715934,0.7162804066415183,0.0,9.497878185235551
14185,0.49823257090714984,0.6966883011189319,0.0,25.71128223117207
8042,0.5049687941739044,0.6832586453311283,0.0,19.168820851672574
2792,0.49286571046353417,0.7075185346139373,0.0,47.669063968583046
17137,0.5214340671551456,0.6511724417668616,0.0,10.910720364702003
16708,0.5436976693824562,0.6093619414268024,0.0,10.638453579623476
19189,0.6095635144057403,0.49501212809750506,0.0,19.2992859106979
737,0.4434739493343549,0.8131162177753838,0.2,15.644354292994734
8109,0.5155870093859451,0.6624492033742571,0.8,17.601273867968974
8089,0.4876658366699737,0.7181248686070177,0.0,49.20483973009808
16807,0.5021456514135987,0.6888650591153683,0.2,1.7089261141127945
3947,0.484883013263724,0.7238476269059257,0.0,45.97156295047092
9865,0.5147908353869703,0.6639946056972402,0.0,45.82226915761206
12808,0.6462281720884535,0.4366026299953782,0.0,4.0883469589909405
3132,0.4855183893401302,0.7225381148514343,0.0,24.277280934634604
17909,0.49807177217286674,0.6970110915128434,0.0,27.077834899401612
20219,0.5620885799484626,0.5760958259418149,0.0,3.7696830062834294
15657,0.528300714836983,0.6380896217236606,0.0,4.1608550300048055
10345,0.4036090336315381,0.9073086081180415,0.0,44.19953552180703
12791,0.4253573728702762,0.8548255860551831,0.0,6.3769131021276975
13964,0.5110542890603136,0.6712794535990576,0.0,20.953989526887646
17029,0.5071821223302956,0.6788851242518374,0.0,7.493194170468472
18761,0.5245175643936594,0.645276363825349,0.0,43.927186498183445
19676,0.5183747339143652,0.6570568737229524,0.8,21.104009386227172
1859,0.4973486606995228,0.6984639682605222,0.0,26.709260654202353
13446,0.5558139468122609,0.5873216687675109,0.0,15.69808124908879
1189,0.4979467388601178,0.6972621577571365,0.8,63.46828897378097
12783,0.5091077984601565,0.6750955000608272,0.0,7.220483529457264
2945,0.44373472749464077,0.8125283556982726,0.0,34.138378368734976
15093,0.5419434299581692,0.612593655760613,0.0,11.299289793555758
5081,0.5273675748501693,0.6398574880865364,0.0,40.381404022816724
5209,0.531506422413265,0.6320399977110235,0.0,53.13876087872129
17082,0.4876891546519704,0.7180770542579682,0.0,7.844991612324811
15515,0.5201564030002307,0.6536257376299529,0.0,5.804196313282471
7792,0.4164503435203988,0.8759880477232342,0.0,52.09500692579288
19138,0.45540285326865887,0.7865728599600507,0.0,17.634964330449417
5014,0.48418983083068107,0.7252782367006219,0.2,49.445843233721504
18548,0.3964846552689527,0.92511793911273,0.0,33.95414147789901
11066,0.5400884397361829,0.6160223755446255,0.0,9.329196221658322
14389,0.5778496894614787,0.5484414969641733,0.0,3.338637795831505
19087,0.6456738948851048,0.4374607093367274,0.0,11.97417442248785
20543,0.5237799407398925,0.6466836432892213,0.0,18.808794406461608
6839,0.4632619790108723,0.7694625555198636,0.0,60.8221662921396
18634,0.41928582656302477,0.8692024279929476,0.8,44.89604252418301
5785,0.36924122572043316,0.996305120289179,0.8,40.84850993185634
18258,0.508761081534118,0.6757767605773098,0.0,5.883988749300319
1617,0.5610154858523921,0.5780067698254653,0.0,42.35633318231457
10712,0.42175860052075936,0.8633221653021942,0.0,11.154122441570603
5950,0.5089218761837464,0.6754607591158587,0.0,38.98759068734779
12836,0.6206655920545227,0.4769628411984239,0.2,5.268292967844811
16965,0.4673775840219704,0.760617816902132,0.0,29.825724404358827
15526,0.5656573538366387,0.5697667660106395,0.2,6.670544130516158
20730,0.5316695706422244,0.6317330904232259,0.0,23.282807123081664
1608,0.485412436880742,0.7227563640962773,0.8,58.38064641271549
21009,0.5396590442858595,0.6168177383110387,0.2,17.742761277798124
8664,0.46666044952316327,0.7621533745860058,0.0,55.96873120199733
8368,0.4003803812815221,0.9153402305398992,0.0,80.33483128290905
13596,0.5294047902534126,0.6360019407725503,0.0,8.086765077238532
16248,0.4898812185406264,0.7135923284053735,0.0,4.750419564274081
3116,0.529224474208623,0.6363426002509657,0.0,24.78872594422728
15684,0.4738393886791785,0.7468868571561249,0.0,1.4522281780686352
20204,0.6780184381955806,0.38858079643278576,0.8,6.338723871230292
6933,0.4194163711099517,0.8688911266792192,0.0,26.2665750472094
13654,0.5975213293858775,0.5149652980966698,0.0,1.7094452781900689
16358,0.5214230868881026,0.6511934998130204,0.0,6.266793320139705
16135,0.49853465609948866,0.696082171235439,0.2,11.61872605787114
21243,0.4662471326705342,0.7630394578113129,0.0,3.6163872504800008
15056,0.48563426232479256,0.7222994850438267,0.0,7.800834576241022
954,0.4444011995083874,0.8110275220565168,0.8,39.04691732684547
17678,0.5141457269677541,0.6652485382084299,0.0,13.100407549231603
15468,0.5641706783832298,0.5723984520177905,0.0,4.432081094971541
13824,0.5169814953440492,0.6597481974855481,0.0,18.56366415172772
20433,0.5245478584838617,0.6452186093906873,0.0,11.20906025472001
10737,0.3678035707965031,1.000206258331303,0.0,27.72821975171222
4700,0.4875663490955099,0.7183288970963582,0.2,66.47056712341049
15343,0.47129550979673246,0.7522699723697813,0.0,6.011765768291646
15194,0.5196942809249765,0.654514561598281,0.0,11.838204805718412
6720,0.5017371638326199,0.6896788744279125,0.0,46.92229948555027
17128,0.5464811972383129,0.6042553777427742,0.8,5.597519820803063
3592,0.4468756256755007,0.8054749654218365,0.0,79.97157874635818
17629,0.4824273877145265,0.7289248613114859,0.8,35.587568555678374
8418,0.46322437290113805,0.7695437355818846,0.0,53.4086437866511
20365,0.5301265980833487,0.6346394366513012,0.0,3.726920206730239
19839,0.5087691461740753,0.6757609091760682,0.8,5.666592750734129
20858,0.5811822053898076,0.5426909647715683,0.0,21.63003397335896
14784,0.44917865839231974,0.800334567504022,0.8,27.772811471909318
6695,0.4843122071776291,0.7250255240726734,0.0,51.23030342034498
3636,0.5063234504571106,0.6805795837628482,0.0,50.01579215685687
6416,0.5007804950178592,0.6915874076027725,0.0,17.00717126974098
10015,0.6433361623812555,0.4410878882771676,0.0,29.084453897379845
4881,0.46051348172254236,0.7754131474448669,0.0,54.54256386755701
17214,0.5614027813738977,0.5773166607134078,0.0,42.0543432534907
1864,0.4837871706832139,0.7261101989684503,0.0,50.682491334019716
15753,0.46675946266359203,0.7619412232498121,0.0,7.814088456284181
729,0.44198338833262635,0.816482980568555,0.0,65.45744217179146
8711,0.4227737665776796,0.8609180737944866,0.2,52.55905103246687
10448,0.47650285115511204,0.7412815723693449,0.2,48.931998175648744
6199,0.5113410525387935,0.6707184896072788,0.8,17.64660438265918
6189,0.5124429179139126,0.6685659538529215,0.0,47.20410141611703
16266,0.6173029802189387,0.4823953217647836,0.2,3.3450738535828117
11495,0.3762621066191959,0.9774692863757363,0.0,6.8220027052397025
17648,0.44758370665054203,0.8038917047919474,0.0,76.08031351745683
11878,0.5695169365983662,0.5629667571194324,0.2,4.832281481321914
21121,0.4127786158775025,0.8848438687789155,0.0,6.809758712846451
4414,0.39180418730961075,0.9369930861637966,0.0,38.416716532715654
9061,0.3761612589457222,0.9777373473602642,0.0,55.789694383094584
19516,0.5037222857437209,0.6857301831280321,0.0,26.945083552759325
19369,0.5000261822383751,0.6930948174541663,0.0,15.606763821118706
15438,0.5867060319731736,0.5332313819148773,0.0,3.5876609183193926
5011,0.46414114363801934,0.7675665841368958,0.0,51.466876098700624
4490,0.469527717193078,0.7560279465213375,0.2,53.95847223236861
5328,0.44590045578289805,0.8076595451852947,0.8,43.64995864067046
16783,0.3718674379421781,0.9892178378344041,0.0,6.667575640896773
18713,0.55495964112694,0.588859886570033,0.8,3.8363336334458964
8921,0.4945677949981166,0.7040710392413936,0.8,49.93624060685013
17547,0.5211511089018079,0.6517152430012993,0.0,10.111360975865653
19028,0.4583492943193448,0.7801237341864359,0.0,64.23538541601269
19430,0.4716571228042884,0.7515029921148234,0.2,20.21918923555458
4463,0.47398769028262944,0.7465739274921538,0.0,50.457201054001885
213,0.4881852970303371,0.7170602381700815,0.8,35.14312653988935
20921,0.5058405127667945,0.6815338515386458,0.0,22.32193718653651
779,0.41439792834545075,0.880928587215743,0.0,42.91443290015809
5580,0.4419157530762872,0.8166360189714734,0.0,55.71498491780271
7974,0.4164706825241064,0.8759392099509228,0.8,56.103905729068025
16044,0.39675105485225204,0.9244462608463186,0.0,8.570910488522864
12209,0.49238681425921826,0.7084906635453808,0.2,7.694208025027195
8565,0.4777773188730802,0.7386105151353681,0.2,45.871405704372975
14513,0.5124702659776976,0.6685125872571526,0.0,8.483424770545863
13232,0.3589225350954036,1.024648693456184,0.0,10.332557782460459
10882,0.501138541161327,0.6908726868603164,0.0,7.88113035984197
4272,0.4779470439534755,0.738255339336192,0.8,33.712430746680155
15160,0.5395674123307435,0.6169875487428984,0.2,5.741069035139738
14268,0.5948303931546199,0.5194789675936319,0.0,2.172876530134873
7033,0.44336128297354727,0.8133703041204213,0.0,63.224083187693964
8591,0.3841341909606708,0.9567633318130595,0.0,34.21863997833209
392,0.47829958144544626,0.737518003384192,0.0,51.287368373583035
20846,0.48544823580194296,0.7226826173224622,0.0,34.42281840624899
14033,0.47181389182387595,0.7511706681353907,0.0,9.359962290826822
16619,0.500823446189929,0.691501642820249,0.0,21.652989103035466
11693,0.591680465855234,0.524788543440471,0.0,5.290052403269877
6535,0.5151413769680872,0.6633138976070428,0.0,48.969148996908274
8816,0.46399026372144747,0.7678917103349849,0.0,54.063414928766804
2784,0.4999909202890762,0.6931653401466772,0.0,38.16221801331258
11471,0.35360283381558044,1.0395809340664282,0.0,11.27945328333399
14983,0.6082713050313098,0.4971342711644643,0.0,14.343567013912724
2622,0.5295243217227332,0.6357761816193144,0.0,16.23136695961737
1970,0.4604465209430554,0.7755585626190572,0.0,64.59627339058635
1244,0.48182734786705606,0.730169428546224,0.0,52.68866375368858
3413,0.5254175804224032,0.643561941265756,0.0,47.04437937952315
17776,0.5276017298584282,0.6394135794134423,0.8,32.64206518039162
12557,0.5547031741269162,0.5893221296966203,0.8,5.623488128370109
8482,0.5053258817834595,0.6825517473677463,0.0,19.828127740287368
269,0.4426614566016693,0.8149500074082761,0.0,56.117458007539895
16852,0.4767935232816007,0.7406717470447317,0.0,10.304595610123869
10656,0.4539537802747209,0.7897598916856159,0.0,3.5006106295156454
11964,0.5062960449279945,0.6806337117531697,0.0,10.279611384805264
3766,0.4635833621338146,0.768769056569055,0.8,39.66848214591476
539,0.47753461570554423,0.7391186280647115,0.0,51.16178951736994
15514,0.5287038584504031,0.637326817771518,0.0,5.652196547042152
2008,0.4846633942012437,0.7243006615715086,0.0,24.26081183709678
11501,0.46418387247560466,0.7674745283657514,0.0,5.196378198064606
4829,0.48515330236337134,0.7232903506425775,0.0,34.77037692638019
15103,0.5616939468271571,0.5767981560245924,0.0,9.52899349214159
18003,0.4803727925945464,0.7331928252790709,0.0,14.77383584890958
289,0.4510912726017006,0.7960855816808984,0.0,44.04860712767307
126,0.5450140365143055,0.606943729578429,0.2,19.32721157852845
18306,0.4763714549051189,0.74155736163135,0.2,52.46518616423485
8301,0.5227870376670254,0.6485810915964001,0.0,46.976728662258495
1703,0.5113389983743238,0.6707225068255042,0.0,17.82445049095761
10186,0.47692022298019243,0.7404060495021856,0.0,50.277271887629944
11924,0.48898576175593395,0.7154219069947048,0.0,13.397348707038152
15715,0.4309032926165529,0.8418715931350648,0.2,1.6655377404665674
17866,0.6213299548196282,0.4758930099415513,0.0,8.49302433687528
6791,0.5176519457086918,0.6584521820430081,0.0,45.37723272832489
10207,0.4006664640644809,0.9146259582179149,0.0,32.711596837420345
6478,0.376447586115198,0.9769764549387384,0.8,55.687657931508085
19622,0.38128215270877697,0.9642156196426684,0.0,34.48517104800953
13957,0.5668615587558536,0.5676401695191349,0.0,10.75110457250112
8693,0.5320622405006531,0.6309948030614091,0.0,18.298849288780858
18187,0.49329260004611064,0.7066527717750676,0.0,46.29635591153693
20076,0.5276034445612171,0.6394103294240935,0.0,6.905631374843447
20236,0.5323870104184838,0.6303845909209471,0.0,3.701933624407765
6399,0.5050111338537152,0.6831748027147343,0.2,16.087058432375752
18486,0.45744149617843627,0.7821062796491518,0.0,31.893511452716993
1294,0.4163911474509232,0.8761302021913221,0.0,61.35977857678239
10088,0.4975643571038723,0.6980303697370952,0.2,7.196448596060128
7017,0.44882635982476493,0.8011191924860255,0.0,58.26139205113533
182,0.4045678817936182,0.9049357400153306,0.0,44.083941260873175
19584,0.4539241472483712,0.7898251714450678,0.0,34.634621953996174
11329,0.4436424441612439,0.812736346926078,0.0,15.71100620151463
18902,0.5256848962716423,0.6430533022682664,0.2,21.220758974852792
20529,0.5369978654297974,0.6217611594722389,0.0,19.40765267522564
13800,0.609603324691359,0.49494682073454827,0.0,3.4537391142773037
9041,0.4942942158429997,0.7046243604512239,0.0,16.94868217775823
6293,0.5105794601149803,0.6722090019423981,0.0,19.11426197016529
10935,0.49352268343593864,0.706186456755735,0.0,6.789983125177054
9198,0.48621145976776187,0.7211116473084435,0.0,73.9463953036721
3436,0.45616208857442686,0.784907075227707,0.0,46.68627247524207
16881,0.5126510887839303,0.668159804033453,0.0,18.49533137232506
9496,0.47918916027799063,0.7356598528916882,0.8,58.1980514112726
8578,0.525992231731358,0.6424688349250464,0.0,21.26571806839542
8272,0.4577880829791609,0.7813489028659166,0.0,54.79482801301476
1325,0.41292701123051306,0.8844844298947989,0.0,46.094904174504855
2472,0.5244671756952619,0.6453724351913289,0.0,45.90856955599944
9693,0.5214326462457812,0.6511751667735113,0.0,20.09526604407634
5559,0.5196541213899706,0.6545918398909815,0.0,67.38401271263317
4864,0.5086278291844608,0.6760387102585287,0.0,52.53496755525835
4083,0.37667544249585705,0.9763713575537027,0.0,60.53502416832956
8379,0.4261104453871241,0.853056704843092,0.0,80.69916297649527
4381,0.41963169580949333,0.868377867158679,0.0,14.775448879689137
20661,0.4723732971911793,0.7499857221008192,0.0,33.60086035589253
16113,0.6449251883397171,0.43862095598359097,0.0,6.518126445334756
3141,0.4869954241663683,0.7195005519059723,0.0,26.639509032189338
18463,0.5822473857560752,0.5408598601271649,0.2,4.162187255803826
6823,0.4934733010589317,0.7062865227698301,0.0,46.9680537641937
10913,0.48484639254936945,0.7239231546029358,0.0,6.543903354652464
3348,0.4774844674186064,0.7392236485566998,0.0,49.82367504068733
4919,0.4758903701262816,0.7425677661380106,0.0,57.62325751924113
10315,0.44098519725356117,0.8187439704171079,0.2,7.335946006169891
21114,0.4410835903274092,0.8185208742694119,0.8,4.922993913822523
1741,0.5443701236045275,0.6081258892028113,0.2,18.22553248184134
6467,0.4894018752795384,0.7145712961878168,0.2,42.1704246083843
19213,0.49449437366333066,0.7042195058135611,0.0,30.543758796612778
21259,0.4050118155609406,0.9038390380766126,0.0,56.08321507095167
839,0.45861789710994716,0.7795378837856899,0.0,64.5262495198409
17735,0.4804522116386826,0.7330275110044273,0.0,34.91556638179266
9533,0.511248348473837,0.670899801999366,0.0,43.6450541174579
20517,0.35063219639163007,1.0480174784476932,0.0,8.604223787901093
6422,0.43869746510755797,0.8239452490177773,0.8,36.0002318158794
17805,0.45384340570095505,0.7900030618033798,0.0,16.53081421891685
12245,0.5339318061145535,0.6274871520821108,0.0,6.385811257208348
14795,0.4832338200953122,0.7272546428917456,0.0,28.782921572295205
4413,0.3890641439423417,0.9440110545039663,0.0,38.70445323466261
7392,0.5141359431490915,0.665267567661054,0.0,14.80553042887918
10210,0.49112089950267473,0.7110649503311911,0.0,21.244132589388034
6940,0.4791749399294233,0.7356895291881299,0.8,55.57766413542951
10908,0.5200502049541872,0.6538299240782997,0.0,4.757266542558687
8914,0.41418026322891655,0.8814539814965836,0.0,88.14539814965836
12093,0.5658958099551807,0.5693452990752764,0.0,5.370349332628649
4176,0.4640625646682085,0.7677358981986592,0.0,51.47822894550067
6725,0.503239109801778,0.6866898544345248,0.2,47.93781706158528
7082,0.47336785955452776,0.7478824769942979,0.8,57.66921825750155
8857,0.3760440802630918,0.9780489077214325,0.8,56.73661549529768
15360,0.48626904884744576,0.720993209809201,0.2,10.342791837910958
2801,0.4962102472596476,0.7007555564672043,0.0,33.741378439993696
19256,0.6191763686482732,0.47936512176262036,0.0,8.519277551071383
4921,0.393416561683597,0.9328862750734596,0.0,89.09063926951538
13799,0.6103050731067651,0.493796326985874,0.0,3.4457109684360376
139,0.433367741333534,0.83616862427549,0.8,37.903525269478436
3263,0.5511017383257352,0.5958358438142437,0.0,40.597275354659494
12762,0.5245398428681107,0.6452338905073008,0.0,3.6084706680375374
2201,0.5018275026043317,0.6894988386514905,0.0,49.1233413930319
18769,0.5331526379096088,0.6289475207488725,0.0,18.51464144242274
11205,0.4867862829286269,0.7199300963088571,0.0,7.294331370541396
362,0.478542327914689,0.7370106124096206,0.8,25.76220449481265
19328,0.4765663628401175,0.7411482941474344,0.2,22.242231554398597
19707,0.48858653890674153,0.7162386708721497,0.0,34.122325688421036
4974,0.5073311829364596,0.6785912678648135,0.0,47.36566997923993
8337,0.4436522947835723,0.8127141432052702,0.0,8.956107129894662
21019,0.500333054417188,0.6924812934775904,0.0,10.818427652070636
9650,0.5095477665483575,0.6742316789015024,0.0,48.22442057623099
13925,0.4589203411206187,0.778878632739742,0.0,10.836148903712004
8934,0.4765343815377688,0.741215404161878,0.0,37.338728812166984
14817,0.2942243855641323,1.2234125865403052,0.2,6.249968588000832
13959,0.5639313504473713,0.5728227539573892,0.0,10.704910922338874
16475,0.47448042287778947,0.7455349202073541,0.0,12.149423343889444
13753,0.528828048593045,0.6370919498826427,0.0,19.419837039911506
20896,0.4762990188994003,0.7417094310149406,0.0,9.435582195569598
63,0.42899184283132463,0.8463173746140923,0.0,66.08892391275225
1241,0.4820081578076841,0.7297942401625538,0.0,50.10767241820317
10911,0.496741102633359,0.6996863088664121,0.0,6.220910494363901
15133,0.5058505436234156,0.6815140216576597,0.0,12.608009075695495
18396,0.4723165942281349,0.7501057677658095,0.0,7.398218369757544
13528,0.5299459602924833,0.6349802393467139,0.0,20.54319756367764
1249,0.48045804848053403,0.7330153624363587,0.0,49.965990055338295
9341,0.5322588821142625,0.6306252874863282,0.0,41.04739765306633
18414,0.5589222940594716,0.5817448243278165,0.0,10.143448037843264
19624,0.4525858999174909,0.7927776997865605,0.2,23.71475577851311
15610,0.5277586211084945,0.6391162567954791,0.0,10.960843255484583
14968,0.40374574316265316,0.9069699477512458,0.0,15.054794141964035
5582,0.37626110661550577,0.9774719441108667,0.0,55.715900814319404
10516,0.44373472749464077,0.8125283556982726,0.0,34.138378368734976
21216,0.5717588614324866,0.5590379474105688,0.2,3.2091575221099964
18798,0.47651019106879106,0.7412661687738977,0.0,16.82674118285567
3053,0.4952573021190215,0.7026778492031946,0.0,40.69558827992381
7333,0.37706389629392667,0.9753406197045011,0.2,69.67345478738835
11484,0.3890432259097657,0.9440648209464689,0.0,7.155539497632479
13214,0.5103886295832951,0.6725828246618993,0.8,6.040600530542758
2657,0.48267462471478495,0.7284125071717519,0.0,38.773394644638365
20698,0.43901545312869894,0.8232206657777528,0.0,40.89760292706576
9084,0.46872827271084083,0.757732054321989,0.0,53.74593484430015
8378,0.4022610056236482,0.9106541333256963,0.0,88.4381742125579
10746,0.42991384393135307,0.8441704533202082,0.0,8.782863148621175
12635,0.5633100725225528,0.5739250519657239,0.0,9.607792043437957
7024,0.4624917803550291,0.7711264943929272,0.0,56.68936376463778
3487,0.4053909780989326,0.9029032995312256,0.0,97.9704293316631
6663,0.5270448041132163,0.6404697167619093,0.0,45.534196516610365
12391,0.400776928152943,0.9143502953570459,0.0,5.066186423415339
7040,0.4631671523791258,0.7696672697907445,0.0,55.754701838759644
5059,0.503066100749727,0.6870337044950064,0.0,50.87484529369011
18559,0.48150363489346953,0.7308414986686722,0.0,18.417205627053587
20799,0.5396268628313972,0.6168773730274001,0.0,45.70321158470376
13003,0.5039326117773677,0.6853127266412554,0.0,7.225595023525002
14365,0.47246205447511236,0.749797843262379,0.0,9.088674211014462
9434,0.5073268868533143,0.6785997359059661,0.0,40.03738441845199
11325,0.5142172641326286,0.6651094099713988,0.2,10.646074408810742
13546,0.5718436277334664,0.558889703065286,0.0,10.923779113397561
10305,0.4770451732248414,0.7401440898003755,0.0,60.14780900587942
5244,0.49970369220482524,0.6937399718163189,0.0,49.94927797077496
9967,0.5402500259912542,0.6157232354854637,0.2,34.18372237159258
8229,0.5396053332401358,0.6169172710055044,0.0,17.906024732275817
13457,0.5182766750927215,0.6572460575143102,0.0,27.918497825502904
14236,0.5133612283599229,0.6667755327580996,0.0,8.404705285190229
18893,0.492618138537295,0.7080209719328204,0.2,14.131496835700577
1607,0.47776813380478267,0.7386297399001809,0.0,29.161104610790133
18678,0.5340985775106907,0.6271748549788644,0.8,17.21438197558131
12041,0.481013621419259,0.7318596903183916,0.2,12.379955052579252
6275,0.4855183893401302,0.7225381148514343,0.0,24.277280934634604
3501,0.41786701689562944,0.872592038473107,0.0,80.88928263219191
8495,0.44227386292853016,0.8158259893910716,0.2,66.12269270559135
9688,0.5229146031817157,0.6483371108846178,0.2,19.514947284947972
3222,0.44544272778169924,0.808686597503357,0.0,56.037936293245735
821,0.47121780756940684,0.7524348554034106,0.2,65.11195296783288
19470,0.4682034481909732,0.7588523591703594,0.8,29.17855695997534
2938,0.4776642626556216,0.7388471726561877,0.0,32.967357236266885
5725,0.49698239218504187,0.6992006817122127,0.0,38.4280714940048
7785,0.3818533861237878,0.9627185500065908,0.0,35.90458655970548
5377,0.4714737181054688,0.7518919194898515,0.0,45.97292593536987
20205,0.672932606633553,0.39611009308334594,0.0,6.461545515662058
4402,0.47186655074642675,0.7510590648420936,0.0,48.9239870254039
375,0.4227737665776796,0.8609180737944866,0.0,52.55905103246687
12607,0.4640845210862125,0.7676885858311582,0.0,7.863818207599941
17299,0.6239031585975736,0.47176011721180094,0.0,1.7933961242725351
2572,0.4813955239641808,0.731066051631978,0.0,41.78773818852771
20930,0.48495119916114593,0.7237070133935115,0.0,23.14595823071086
5647,0.49000907060681853,0.7133313766063126,0.8,21.17345918476839
5557,0.522648131141613,0.6488468307457499,0.0,59.369485013236115
21086,0.500333054417188,0.6924812934775904,0.2,10.818427652070636
9884,0.47017872045802755,0.7546424002634591,0.0,52.93061461514956
12371,0.5188362768641236,0.656166904419839,0.0,8.444867984790987
16717,0.5441126841549484,0.6085989135860062,0.0,10.71438475589747
9685,0.5234946265235363,0.6472285132446916,0.0,19.611024074763193
9378,0.5142984186870272,0.6649516008958103,0.0,14.281829641892648
805,0.4622473570561345,0.7716551262950458,0.0,56.678069615097264
14931,0.4497063232473979,0.7991605242694233,0.2,26.66478943086826
8923,0.5194910169485011,0.6549057603180543,0.0,49.16050249716575
7989,0.528481571320959,0.6377473440603982,0.0,33.28722486142049
11426,0.4666804286016224,0.7621105626210948,0.0,12.263501243343804
1020,0.4144023659572498,0.8809178786968643,0.0,71.81683140493588
16515,0.5516697152004711,0.5948057538112019,0.0,5.677421107320742
4233,0.4557059040728776,0.7859076247442703,0.0,56.92721987763111
4865,0.528823997290381,0.6370996108192992,0.0,45.179282734891174
13284,0.4664707876172877,0.7625598809828306,0.0,6.006303001465058
10263,0.5209916674159389,0.6520212308001619,0.0,4.948841396717749
19471,0.4946154102081858,0.7039747674691772,0.8,26.923232257617354
14382,0.5384758929724117,0.6190125503842157,0.0,16.601915231724284
3267,0.4873242585886635,0.7188255487409928,0.0,60.16569623593961
14902,0.5974854627777273,0.51502532555157,0.0,3.7124313264830926
3184,0.5102583482613425,0.672838116306294,0.0,51.97337829207418
17264,0.4144038246561701,0.8809143586968043,0.0,25.220579240433906
9056,0.5157638167243862,0.6621063378125163,0.0,20.816953854310604
14340,0.5240554162753984,0.6461578440021326,0.2,15.588880888000897
15485,0.47435647602580894,0.7457961808156395,0.0,5.414480265609076
21239,0.5302132487356093,0.6344759972545579,0.0,21.651492196144865
1417,0.44301142967302043,0.8141597086535326,0.0,47.63648629255097
5534,0.4659778420341786,0.7636171952698727,0.0,40.49080294437236
8312,0.4429866368229162,0.8142156745772705,0.8,47.55426547976987
6427,0.44946223247947736,0.7997034497806897,0.0,42.66417477492261
10939,0.5183745379983301,0.6570572516658946,0.0,4.89704789843711
13847,0.5216416364520825,0.6507744470691441,0.0,19.83690692395234
2580,0.4841775773426617,0.725303544219063,0.0,41.382193936763706
3400,0.44034562156736945,0.8201953568540891,0.0,83.43068257281803
10660,0.5528463792925269,0.5926751111830715,0.0,8.188784523831783
2475,0.4926301940079325,0.7079964999895755,0.0,47.66586490195663
12789,0.3884398379449676,0.9456169784505729,0.0,9.849072892352744
18504,0.5800650240807184,0.5446150712415855,0.0,5.819212134899568
16637,0.48493125799096887,0.7237481341912594,0.8,7.775588248097477
10639,0.47654953687053825,0.7411836014371064,0.8,12.112052385535295
7886,0.5288918578038718,0.6369712956139307,0.0,42.95416019447238
20384,0.468715738549405,0.7577587954634033,0.0,28.512189364402797
20405,0.49449437366333066,0.7042195058135611,0.0,30.543758796612778
15486,0.4648340881723494,0.7660747366922696,0.0,5.106846071461884
14228,0.5245283199870171,0.6452558583479086,0.8,8.076668014618441
6590,0.4584640279112451,0.7798734463912714,0.8,8.17151409921193
19392,0.4911490672624994,0.711007597951936,0.8,52.650114798163855
10638,0.4991082689651108,0.6949322348916417,0.0,5.519151582852672
10449,0.4667794618856401,0.761898377211955,0.0,47.39007964386593
15423,0.5073947201189939,0.6784660376279072,0.0,5.875516105849792
19415,0.47789484567701424,0.7383645588150188,0.0,16.56890038997892
10060,0.5283884399506429,0.6379235840323226,0.0,32.96151285236249
11429,0.4674334327083973,0.7604983303203655,0.0,12.882462444122725
19613,0.5479683428539106,0.6015377622175481,0.8,4.242345217193748
16238,0.4287887638881773,0.8467908731878551,0.8,12.493975460373084
16254,0.4961746051741419,0.7008273876432518,0.8,8.412731758087826
7330,0.3769383470956512,0.975673640462825,0.0,60.73568411881085
10591,0.48845766571214544,0.7165024730516912,0.0,24.01716322468149
11315,0.5256650938696846,0.6430909726960891,0.0,11.389140537680365
11087,0.6380057305399237,0.44940801364018745,0.0,7.8023969185157664
17362,0.5708686717778295,0.5605960926659301,0.0,3.9171653712566674
10474,0.5200733805514302,0.653785360917595,0.0,24.066165499330566
3582,0.44354556391757355,0.8129547453786568,0.0,10.182259426338163
14538,0.4814659177654514,0.7309198337062304,0.2,7.687997532515844
9299,0.47380470509609546,0.7469600567535821,0.0,34.83821659107883
635,0.41896411917118154,0.8699699971631579,0.0,65.2520972477787
18484,0.4571472625024351,0.7827497025719886,0.0,31.919749595655365
8076,0.43741302957552836,0.8268773824873773,0.0,64.58739285077495
17912,0.44276085764849854,0.8147254794160467,0.0,13.432787274251387
13738,0.5197051971681073,0.654493556694274,0.0,11.798227310793779
20784,0.5775892832877331,0.5488922454403737,0.0,8.686768270130951
10437,0.5411503858902229,0.6140580611483357,0.0,19.278351939622667
18908,0.5208410871314832,0.652310298858057,0.0,13.70112532809879
4169,0.41439792834545075,0.880928587215743,0.0,42.91443290015809
6787,0.5151331789826932,0.6633298117832143,0.0,44.66531732993099
14083,0.4588894486214864,0.7789459506077562,0.0,29.273955798644096
4869,0.5499434141965013,0.5979398893275566,0.2,48.92015127799317
19370,0.5000261822383751,0.6930948174541663,0.0,15.606763821118706
2841,0.4802306865751491,0.7334886934984047,0.0,38.61451540302531
15603,0.5379452328638749,0.6199985216528754,0.0,9.952835364622864
10914,0.47866917392521946,0.7367455800504624,0.0,6.659811669460924
4949,0.5419272492012198,0.6126235131176977,0.0,41.4286650745843
10546,0.47899881295998226,0.7360571597371688,0.0,7.952730009171195
9034,0.4378524188352651,0.82587336868232,0.0,41.562081059486005
12753,0.5209960745089937,0.6520127717888369,0.0,5.199215117143411
16957,0.48776373432987785,0.717924141331275,0.0,15.43788176216242
7973,0.43692846892936693,0.827985783945158,0.8,84.69466028076363
12563,0.574165068358924,0.5548383484662949,0.0,5.825802394328555
10054,0.5328309381849629,0.6295510942778209,0.0,17.130084698928265
13490,0.4295018266472762,0.8451292846046444,0.0,8.747087813565736
3908,0.4725447292179058,0.7496228715173482,0.0,53.335668452293056
9939,0.5332905206477229,0.6286889364300066,0.0,46.522981295820486
10627,0.5478535646612588,0.6017472455145773,0.0,2.6842438004717604
12926,0.5812596159384308,0.5425577786674256,0.0,9.345285779797548
15167,0.5096451269024692,0.674040625068546,0.0,19.54380977517036
1795,0.47758931945970623,0.7390040800941126,0.0,38.50950024567966
7608,0.4659822483305222,0.7636077392934008,0.0,37.53131572557888
16126,0.40758545037908855,0.8975046741021592,0.0,26.767806260929998
6080,0.5079551063359321,0.6773622086632745,0.0,17.306605206526193
14832,0.4453510389700324,0.8088924561777502,0.0,28.31528090678252
17545,0.5006030607157882,0.6919417859084914,0.0,26.743898181802255
3929,0.5435316886947347,0.6096672692544184,0.0,41.21960677209866
11243,0.4448190368212466,0.810087738352681,0.0,2.5809678208987252
3775,0.4390599733326462,0.8231192617237416,0.8,39.820450953658025
9045,0.4883537971262962,0.716715141699004,0.0,18.64104331117021
10505,0.5319530768657983,0.6311999949105416,0.0,31.224201608281057
6248,0.4774044137838136,0.7393913196576126,0.0,38.59622462968415
20393,0.499098538003492,0.694951731776558,0.0,26.148948048059772
1256,0.5029026214799854,0.687358723091645,0.0,49.48982806259844
13814,0.5009587848595785,0.691231447030629,0.2,13.518066611232335
1770,0.4490247509167401,0.8006772682230147,0.0,50.09437218681002
3461,0.4531614266267587,0.7915068668072998,0.0,41.26917057159424
6642,0.483194419774995,0.7273361809071172,0.0,44.07657145314437
10632,0.48840168645443693,0.7166170837326364,0.0,24.999187130033654
2690,0.5307299865056242,0.6335018870595709,0.2,15.840714154268628
7309,0.46425772831442297,0.7673154320070548,0.2,54.958964890429215
11083,0.558729147851152,0.5820904530327947,0.2,19.346941213476576
11269,0.5423173976965235,0.6119038443358246,0.0,9.685366982092415
4365,0.4757067412275546,0.7429537044701374,0.0,54.25047984050666
4662,0.5098285311500481,0.6736808232274512,0.0,53.894465858196085
11862,0.4765386782776598,0.7412063875605865,0.0,21.76330123620201
20501,0.5157617066736034,0.6621104289391726,0.0,9.70322784358216
20027,0.5227209256806571,0.6487075602389626,0.0,23.596737503692264
20539,0.5104482531394064,0.6724660115702327,0.0,20.046212087086605
20515,0.6245535401528409,0.47071822026054366,0.0,14.358082540431944
18468,0.47856934483815505,0.736954157297344,0.0,16.702329397695447
5381,0.4700763931990844,0.7548600587645634,0.0,49.40332808584794
11088,0.6764881315408389,0.3908403754411716,0.0,6.7855750947293885
7073,0.41436157777269084,0.8810163100654114,0.0,71.82485602240686
13258,0.4876891546519704,0.7180770542579682,0.2,7.844991612324811
17210,0.44724275626485255,0.8046537528902531,0.0,87.63081597626966
16636,0.5708996984674654,0.5605417441825564,0.0,12.815665850203253
11576,0.46653456692741085,0.7624231629888517,0.0,12.133963882780051
9151,0.5069706188470225,0.6793022280622435,0.0,44.89508435628697
19750,0.5632569745428196,0.574019317069449,0.2,19.858195690159885
754,0.4276887552703344,0.8493595552561404,0.0,35.9279117793744
12302,0.5322797468246179,0.6305860879499453,0.0,5.763556759670175
7631,0.5241778735516227,0.6459241989195545,0.0,30.43917787408401
5522,0.4730068721909763,0.7486453616507666,0.0,55.02543408133134
17871,0.5435470887652883,0.609638936311353,0.2,7.783260711516117
20704,0.4704889424088822,0.7539828220205845,0.0,35.58346332935515
2486,0.4606998585441652,0.7750085140857542,0.0,50.16087720426434
11758,0.4841911821700618,0.7252754457756397,0.0,7.743403356307802
3258,0.4289147768415282,0.8464970351697672,0.0,54.185123061570025
15090,0.5396937221655896,0.6167534815067391,0.0,12.931162338203881
18240,0.4876891546519704,0.7180770542579682,0.0,7.844991612324811
9141,0.4378524188352651,0.82587336868232,0.0,41.562081059486005
165,0.4763890733224064,0.7415203776951614,0.0,48.17286862143743
4105,0.42787867061899015,0.8489156034505241,0.0,88.68621412875018
11282,0.5157225651742281,0.6621863224849346,0.0,20.18476371438149
19105,0.5828299719872481,0.5398597784143796,0.8,11.76678373237922
300,0.46066585081199307,0.7750823343546056,0.0,54.73631658094946
14049,0.5961891444251155,0.5171973058457047,0.0,15.493421120188168
16540,0.5371290751006672,0.6215168500399523,0.0,4.437941258567619
6309,0.4894018752795384,0.7145712961878168,0.0,42.1704246083843
2638,0.5256166115643163,0.6431832073562227,0.0,29.311466864454413
7920,0.5405740625298806,0.6151236253328471,0.0,45.842089116534595
8785,0.5363041999314783,0.6230537417140615,0.0,19.73834213345203
14336,0.5041956821426108,0.6847908280440215,0.2,7.0447854149292715
11754,0.4811377799148046,0.7316016051645112,0.2,11.39176901543324
626,0.5243500843567939,0.6455957178229452,0.0,46.37959892966269
3099,0.5443481144336435,0.6081663205469701,0.0,17.521271370162353
20725,0.5078011674219488,0.6776653107343891,0.2,23.638999933958324
8351,0.46156447822142105,0.7731335203424355,0.0,53.939600194681276
8840,0.5327744844230948,0.6296570504989945,0.0,19.64624442271316
8376,0.415758497665234,0.8776507217548204,0.0,94.49665160431505
17638,0.38713576320349463,0.9489798381601988,0.0,34.0157083229833
72,0.5317092223501325,0.631658513596628,0.8,19.770910993657253
17157,0.5107041364972297,0.6719648456996419,0.2,33.043873337953855
17873,0.5221738001811503,0.6497547959766266,0.0,23.073442351722086
19586,0.5196704086599201,0.6545604978616538,0.2,22.526043747408437
12593,0.48916984444488865,0.7150455196592727,0.0,8.684942816317152
5729,0.4431101123916359,0.8139369791196281,0.0,40.749756846775014
14438,0.6018543991401749,0.5077397248200178,0.0,2.0332438650755504
17719,0.5864175282700465,0.5337232375364346,0.0,9.37111290599162
7342,0.4819896771610303,0.7298325818392375,0.0,51.193743463412915
11885,0.483294492450756,0.7271290959114121,0.2,6.733942844321545
8871,0.4364944799434937,0.8289795499600068,0.0,68.36594449713968
18337,0.5803927955515863,0.544050170951305,0.0,8.39714248184496
433,0.46549285237254034,0.7646585371142852,0.0,55.78566205836346
1716,0.5417144656296943,0.6130162325402672,0.0,18.677378825591763
8080,0.3765527527510124,0.9766971280086695,0.0,55.67173629649417
3584,0.5074745368927764,0.678308742935225,0.0,25.33483051361365
9455,0.4567790840763604,0.7835554096125401,0.0,52.52563676381557
13021,0.5038324158885746,0.6855115743614532,0.0,9.797331458691666
18250,0.45433130345574496,0.7889286037793699,0.0,6.87432959518392
1895,0.49262866881571,0.7079995960129255,0.0,51.491041267223025
1132,0.5294889448235237,0.6358429926788927,0.0,43.89542090256542
619,0.4675341053816912,0.7602829802262038,0.0,65.53639347554864
7967,0.4129838934463254,0.8843466857008908,0.0,69.90760482995245
16892,0.5343100609954092,0.6267789699591095,0.2,6.0401117796868204
10266,0.4503477444044421,0.7977352293039708,0.0,7.168049790315449
15697,0.4639239182222044,0.7680347095490225,0.0,1.4933475749006246
18268,0.48423109496298067,0.7251930172857466,0.0,16.262091153624027
5159,0.4539545016896637,0.7897583025053933,0.0,59.72152500459381
21162,0.5122667519197567,0.668909789772651,0.0,10.950053500988691
7547,0.45504967930837953,0.7873486806983251,0.0,42.39872825770293
9036,0.47361841329403687,0.7473533167465957,0.0,39.64709288322156
372,0.44587141897931143,0.8077246667806683,0.0,62.20166431158468
13096,0.4388752662943502,0.8235400377279026,0.0,7.719988072115668
19500,0.4757942208518213,0.7427698273580805,0.0,2.992619312830036
10482,0.5071263121192228,0.6789951700904278,0.0,9.713026115356453
2512,0.4766464592124201,0.7409802385555706,0.0,50.10878863232047
21028,0.5032445506297747,0.686679042876999,0.8,27.631964528202083
16816,0.5017607171501772,0.6896319319918437,0.2,1.6813466717849175
5222,0.4708611867133714,0.753191948758074,0.0,54.381588442284894
6390,0.5103138199371366,0.6727294092935471,0.0,18.190603843199682
12594,0.40099776563375905,0.9137994236767297,0.0,4.686602902727664
3163,0.5241971582679258,0.6458874091912227,0.0,21.992466406154378
17131,0.5615661419397348,0.5770257166568129,0.0,14.311680755604499
9580,0.4772928264248444,0.7396250845723472,0.0,36.992350974900404
677,0.4973486606995228,0.6984639682605222,0.0,26.709260654202353
6766,0.4221818081593964,0.8623192327023123,0.0,34.906682145051185
2438,0.45700585730199444,0.783059071316688,0.2,54.82196725567597
18075,0.45437911211415466,0.7888233806903976,0.2,68.08137609550462
9121,0.44456759972927223,0.8106531552104117,0.0,41.215635146614886
2795,0.4933573728834237,0.7065214732615456,0.0,42.0238996013424
18488,0.41566211278037696,0.8778825776508082,0.8,33.68874140570756
15320,0.49007531538873456,0.7131961948138803,0.2,5.7926862639471715
5846,0.4738199396291489,0.7469279036576499,0.0,52.34097341867059
21129,0.5833245966555767,0.5390114780067143,0.0,4.112118409444637
9254,0.4759187606445578,0.7425081102314496,0.0,52.01269255522432
7777,0.39071645347181283,0.9397731650056484,0.0,53.56707040532197
15761,0.5103307101703538,0.6726963121030552,0.0,7.194823016046046
17750,0.4548611283650979,0.7877631190023662,0.0,52.72223314395512
172,0.47584789155432244,0.7426570313776204,0.0,65.20528678835274
12402,0.3325946180395595,1.1008308938348101,0.0,8.003040052265312
9737,0.4657368225727806,0.7641345628201104,0.2,60.285630053732454
18530,0.5300049785617142,0.63486887896742,0.0,19.024479969808972
12253,0.4876891546519704,0.7180770542579682,0.0,7.844991612324811
1823,0.5255449115757471,0.643319627853172,0.8,46.35118115007674
5364,0.4730479100157238,0.748558605945822,0.0,45.67180659007957
2775,0.46093420074228164,0.7744999777511744,0.0,34.82151829061689
17358,0.6050972783053621,0.5023660432893412,0.0,1.6411545058368604
7381,0.5847195129354378,0.536623011798038,0.2,2.283062684553399
19242,0.45118465153246634,0.7958785963705263,0.0,16.653759021846078
18751,0.4393030586696323,0.8225657654258887,0.0,41.345034526203165
15949,0.5005126388676768,0.6921224280628295,0.0,9.926419868557577
16203,0.5003031797088002,0.6925410049039366,0.0,5.4516827760737
4398,0.47976007119273467,0.7344691517295003,0.0,57.883514856441806
15771,0.3769367352481542,0.9756779166288233,0.0,5.834749360633679
3518,0.44342599375973735,0.8132243597930662,0.0,16.500323004730447
13056,0.42421478087559195,0.8575153933388614,0.2,76.36474804896613
7597,0.4329145653184725,0.837214879180896,0.0,36.18651679392611
4679,0.37626110661550577,0.9774719441108667,0.0,55.715900814319404
12346,0.5915765945404221,0.5249641119091586,0.0,6.407187196122092
8353,0.4613006426460025,0.7737052952998821,0.0,55.15552096101271
3684,0.41998657419079466,0.867532534428047,0.8,73.04624006071634
13950,0.5681060452874573,0.5654471782374102,0.0,10.623621105868287
17726,0.49324044672774986,0.7067585022796461,0.0,11.213607113755131
16597,0.44490703469514076,0.8098899294382337,0.0,12.897497280778115
2700,0.5459216254907697,0.605279856597721,0.0,17.61666994920154
11594,0.45664216656038403,0.7838552001350539,0.0,10.053726964381736
11539,0.43848316487418004,0.8244338604401383,0.0,7.747493598475978
9113,0.4331400799835762,0.8366940929431592,0.0,36.58235415930322
16055,0.5498418981407243,0.5981245000055254,0.0,5.257813515410119
18062,0.49657695552006326,0.7000168114953387,0.0,23.51951434968133
7018,0.4476040184141354,0.803846324894462,0.0,61.97253493221146
18584,0.5027998628438944,0.6875630750506991,0.2,16.777570202741867
13849,0.5148840760094151,0.6638134987834607,0.0,20.448776298728077
4406,0.48498630819511285,0.7236346189686832,0.0,49.25057316076949
471,0.5025732333249884,0.6880139117074752,0.0,33.30331518090439
2382,0.49676861567223607,0.6996309233208514,0.0,48.31651252533486
11794,0.4510125846002926,0.7962600360987115,0.0,15.316060381925407
15137,0.3962660447000511,0.9256694632538036,0.0,8.284742181654497
8040,0.5060527797633757,0.6811143073015969,0.0,19.82519438166611
9987,0.4253275616070064,0.8548956737270667,0.8,60.21457795298648
12398,0.4992566953716941,0.6946348959164595,0.8,3.1968730849534066
12195,0.4328681484066248,0.8373221044954151,0.0,26.308658191530792
3842,0.5037570049163579,0.6856612602767683,0.0,53.88406138813386
19291,0.4052828573509187,0.9031700424404624,0.8,32.55476424867287
4697,0.6442838609848929,0.4396158720649854,0.0,31.885778038616778
6863,0.41292701123051306,0.8844844298947989,0.0,46.094904174504855
238,0.4675341053816912,0.7602829802262038,0.0,65.53639347554864
3183,0.4592950616258839,0.7780624396657712,0.0,68.95578371537897
7400,0.4777385831886854,0.7386915931882451,0.0,34.866243762062126
1036,0.5071782353163278,0.6788927882224146,0.0,18.09928163041875
2642,0.4921776709208444,0.7089155079200615,0.0,50.26565592799463
16921,0.5230317781030365,0.6481130555718262,0.0,5.332512388297147
7343,0.48299534870142297,0.7277482553936911,0.0,47.347299719184406
11729,0.6345361982912356,0.45486094335059973,0.0,5.022574778531696
1847,0.44373472749464077,0.8125283556982726,0.0,34.138378368734976
1181,0.44373472749464077,0.8125283556982726,0.0,34.138378368734976
9674,0.5391073381952765,0.6178405846800819,0.0,12.018543890998675
5181,0.41569915577557415,0.877793463575802,0.0,55.915440950965525
12441,0.34942933113286345,1.0514539376593992,0.0,12.186508728816166
11551,0.4251437136727361,0.855328017399282,0.0,5.749771780316165
5290,0.4764044685412987,0.7414880617353711,0.0,49.449472935582875
18567,0.48809826850338417,0.7172385235171996,0.0,25.167901267684368
7616,0.46174529705625844,0.7727418449979508,0.0,52.55417452906532
6634,0.5150259997020814,0.663537894734308,0.0,46.73297412863302
18168,0.4286385719904866,0.8471412046805475,0.0,37.22338660187909
4116,0.4671921252311443,0.7610147028517286,0.2,51.74899979391754
14299,0.611969995922736,0.491072023941677,0.0,9.33761200327968
16827,0.5909823517438693,0.5259691237074082,0.2,1.4737653362789982
5682,0.454301738734349,0.7889936789418033,0.0,41.818636384594996
13335,0.37516081568916476,0.9804005031003341,0.0,16.57416157656665
13016,0.5617450267317989,0.5767072211258054,0.0,9.985252723982116
707,0.39970043158699636,0.9170399334881183,0.0,14.587126021975733
11194,0.5315891667835727,0.6318843308616533,0.0,16.460586939468442
14298,0.6361564554488546,0.45231074676142125,0.0,8.62194757899707
8873,0.5259660027137633,0.6425187019572941,0.0,21.267368667134285
13333,0.5253903030839299,0.6436138581554323,0.0,11.653593497746815
10735,0.5926054569006871,0.5232264354802648,0.2,2.2727648291174
7157,0.5053118064153086,0.6825796017973133,0.0,45.671403655939386
20953,0.4785478355768921,0.7369991032281176,0.0,16.538259567181825
12724,0.4666804286016224,0.7621105626210948,0.0,12.263501243343804
17042,0.5736357658059383,0.5557606384224445,0.0,43.47993388618932
3167,0.5336008741652065,0.6281071461414232,0.0,22.07168712808204
6984,0.5095071939310606,0.6743113068291252,0.0,61.166775452826
1821,0.5259690857173485,0.6425128403720706,0.8,39.585216487481986
9951,0.466879784191514,0.7616834758832711,0.2,31.575586981833233
7744,0.47417055853640583,0.7461881938738014,0.0,47.37175509703335
20127,0.6086305931925572,0.496543774638472,0.2,12.89027593501533
9609,0.4608932794009071,0.774588760831052,0.0,48.83782373425513
9892,0.4666942897089568,0.7620808615652089,0.0,52.659786371312826
13803,0.6077403389612804,0.49800756231491833,0.0,3.5027362864291303
6468,0.4894018752795384,0.7145712961878168,0.2,42.1704246083843
10867,0.5286182041036009,0.6374888390704638,0.0,7.433757512901256
6322,0.5315930382603907,0.6318770480519906,0.2,15.881598217464342
16088,0.41087626232681024,0.889463174713309,0.0,3.3418909363756946
12404,0.4607147735551206,0.7749761399288067,0.0,12.059791811977941
9668,0.5547395033798523,0.5892566387006714,0.0,41.32486092011157
10506,0.5494707190680141,0.5987997930586663,0.2,8.224095794051436
11642,0.4290552730502716,0.8461695267444627,0.0,11.982183221942337
17036,0.5310254803674588,0.6329452732653722,0.0,7.11386121415568
18614,0.5115745501842135,0.670261956049957,0.8,44.94106619862678
5902,0.46453746117008576,0.7667130756053682,0.0,81.47476451123993
891,0.4380800542695545,0.8253536130015948,0.0,26.38449061611675
18845,0.473375424801258,0.7478664953721298,0.0,33.50591475989677
15411,0.5746805456004992,0.553940965441275,0.0,17.30428544272317
18630,0.4819218922935282,0.7299732272464757,0.0,55.258973859483575
9785,0.5124052126921089,0.6686395359197559,0.2,20.76994908296369
5130,0.44235514719614766,0.8156422190943349,0.2,62.86562154755336
10030,0.2720174159974007,1.301889185333726,0.0,10.689812987262115
11660,0.3898550570913146,0.9419802574206672,0.0,5.721681848957186
12240,0.4682128468573529,0.758832285477858,0.0,9.901357533231245
5613,0.48225430273278186,0.7292837050323027,0.0,50.911296449823816
14122,0.4052828573509187,0.9031700424404624,0.8,32.55476424867287
6893,0.4690883871208556,0.7569640696121012,0.2,61.514681767424435
14561,0.5005002848570043,0.6921471110821601,0.0,13.847787560339587
11970,0.3943419456915894,0.9305368636104672,0.0,13.59188683676523
21096,0.5511443438375828,0.5957585370992401,0.0,2.2117536257968906
8265,0.5054061515991237,0.6823929123586997,0.0,43.7482126309382
12687,0.4682128468573529,0.758832285477858,0.0,9.901357533231245
8759,0.5106682010494069,0.6720352126882837,0.0,17.02601213909378
14205,0.5476870217334462,0.6020512834136087,0.0,6.270364093786301
1006,0.44260941964086786,0.8150675690772698,0.0,65.29098724782638
2451,0.5025718594118521,0.6880166454682948,0.8,23.509528171999335
7388,0.5361518926922164,0.6233377761679348,0.0,17.71214110264974
10819,0.4964922838874582,0.7001873366298413,0.0,6.876539735550072
7275,0.4901582187175459,0.7130270446550162,0.0,41.75129881737306
2181,0.495706454644678,0.7017713527680871,0.0,33.685024932868174
3500,0.4386694273960538,0.8240091623287382,0.2,58.85897471660941
16354,0.4811145554264366,0.7316498762624749,0.0,4.669188011021831
557,0.4378384456446912,0.8259052822060117,0.2,74.4347135588168
18573,0.47680367807197793,0.7406504491836154,0.0,16.229502543932387
19729,0.5834304456666782,0.5388300363029249,0.0,8.711534879139089
3909,0.4739736889997304,0.7466034672670983,0.2,54.576715166064616
3853,0.49318860670741793,0.7068636087142125,0.0,48.0207775322588
8948,0.4931203769695144,0.7070019623927079,0.0,38.54220885132026
15446,0.47103281370004074,0.7528275192394797,0.0,6.808007526542223
20257,0.5855196287824581,0.5352555716857147,0.2,10.681024636921933
19344,0.4472613465004799,0.8046121874338789,0.0,23.454443422086424
2715,0.47824406861228985,0.7376340730130384,0.0,54.669750559455636
807,0.4612842534519153,0.773740824158328,0.0,56.79257767385608
2019,0.47449777236532004,0.745498355642184,0.2,26.002982730114894
4468,0.4730079661786984,0.7486430488165958,0.0,54.9859647830776
17549,0.5137598758352948,0.6659992903193828,0.0,10.461183522415567
5352,0.4601069644566612,0.7762962851027141,0.0,28.029730238646543
16440,0.44978089565849727,0.7989947133280273,0.0,1.5763167121539747
7932,0.44373472749464077,0.8125283556982726,0.0,34.138378368734976
9640,0.4815841475275853,0.7306743017925974,0.0,43.84776641146248
20589,0.43978843859511435,0.8214614890762345,0.0,8.636025035762696
20993,0.5156995128222269,0.6622310226178807,0.0,11.572487057092193
18704,0.4384512756951294,0.8245065892043182,0.0,48.64588876305478
726,0.4427615634022941,0.8147238854331529,0.0,57.5195050684106
9333,0.5455031091809837,0.6060467740350922,0.0,39.350614911164364
5003,0.4652735574571676,0.7651297507659911,0.0,56.591675067977405
820,0.5207045955120749,0.6525723932096811,0.0,53.53051261839298
12960,0.48188278730956446,0.7300543743602277,0.0,12.266372587068624
19446,0.5537493532871897,0.5910431255021379,0.0,15.516950122689126
20616,0.5486138122547726,0.6003605235174639,0.0,17.264567270195954
9976,0.4847935016210891,0.7240322485637986,0.0,52.17738299844315
14360,0.500488089660965,0.6921714773912008,0.0,7.283028336598496
320,0.49205699969375793,0.7091607161641803,0.0,54.43872194350595
6030,0.5008803216366452,0.6913880854021697,0.0,53.40973223475385
9367,0.41705716393319436,0.874531982805809,0.0,54.603597348587215
18977,0.43695536261701,0.8279242341448739,0.0,12.876126441895025
18319,0.5483869845931326,0.6007740649944151,0.0,2.6799026858302613
17392,0.4852870403888722,0.7230147272570777,0.0,23.867800928106757
2254,0.5395315882766474,0.6170539449754759,0.0,41.83625699856246
6254,0.4767658904898866,0.7407297041920741,0.0,49.62889018086896
20087,0.4867867500539187,0.7199291366986872,0.0,24.87247182317558
7494,0.4938854276733575,0.7054517164803485,0.0,33.57597530702931
2922,0.49887368996281134,0.6954023415995257,0.0,61.23017564728836
7438,0.44477760847611814,0.810180877969107,0.0,40.172815001760654
13809,0.6178292984317115,0.48154307580906425,0.2,3.3893410878743238
13973,0.5096451269024692,0.674040625068546,0.0,19.54380977517036
19947,0.5356037295270683,0.6243607019200048,0.0,7.547271755148523
17832,0.3698447211825595,0.9946720339105769,0.0,20.41564311657732
8439,0.5239648004728805,0.6463307715874894,0.8,45.364341030796915
18280,0.6149911678282409,0.48614737253363577,0.0,13.778145664082281
15117,0.5144533010894003,0.6646504934457502,0.0,7.789703960665022
7525,0.4100672634591509,0.891434075522256,0.0,32.247627001907375
21062,0.3980429991373474,0.9211952414998511,0.2,29.296312335474397
15385,0.506574546152039,0.6800837871457899,0.0,7.012343841053571
20880,0.49363009340214725,0.7059688410651292,0.0,24.43365271291026
15551,0.5587614542249769,0.5820326335329727,0.0,9.423835788879611
19385,0.4501721459661624,0.7981252227785914,0.8,39.55029797156209
9522,0.5048411869362993,0.6835113804806542,0.2,43.16374472030891
6113,0.47723878280432497,0.7397383204674284,0.0,50.75566743655866
11015,0.4641080638749528,0.767637857589785,0.0,5.15157151511022
6916,0.4715433149830972,0.7517443147800471,0.0,54.03913880618581
6279,0.48263343929590724,0.7284978383120131,0.0,22.23011248095064
8026,0.5081530130207065,0.6769726700236222,0.0,17.364348727861326
1059,0.5293020587110998,0.6361960106281213,0.0,46.44230877585286
6959,0.44118890361910107,0.8182821423744143,0.8,45.664228961926774
16470,0.5901744819802276,0.5273370536326334,0.0,5.4959067367499435
4607,0.47723878280432497,0.7397383204674284,0.0,50.75566743655866
15325,0.517580249470705,0.6585906944239701,0.0,6.230597579894646
7267,0.44301638277091765,0.8141485281966041,0.0,47.814939582568776
3555,0.48917254781609765,0.7150399932275645,0.8,53.99266596078141
20786,0.4333142549548539,0.8362920521970969,0.0,15.31501652096609
17713,0.49951515402492797,0.6941173429654842,0.0,28.577157930872392
19960,0.4184267183971762,0.8712535097684361,0.0,8.872278880643975
5093,0.4378524188352651,0.82587336868232,0.0,41.562081059486005
12518,0.398824934316346,0.9192327194880098,0.0,6.190480966909824
6804,0.509670142285357,0.6739915423487065,0.0,16.047738263372388
19980,0.4457767707670873,0.8079369662361442,0.8,22.625465797733593
1109,0.437738448168709,0.8261336972706931,0.0,44.92515449143623
2026,0.5198713441292373,0.6541739131549202,0.0,21.427464728647095
10694,0.4938349994422637,0.705553826813907,0.8,58.00357945641748
8529,0.5037866828168636,0.6856023488848841,0.0,51.87267361201572
1609,0.5016591784630773,0.6898343172303474,0.0,55.24883057223889
10543,0.4876891546519704,0.7180770542579682,0.0,7.844991612324811
6449,0.44373472749464077,0.8125283556982726,0.0,34.138378368734976
20822,0.6209817847862386,0.4764535295461005,0.0,8.503027649685691
7407,0.5307299865056242,0.6335018870595709,0.2,15.840714154268628
989,0.42985914957781335,0.8442976830751002,0.0,46.01422372759296
4288,0.47487216160877543,0.7447096446256132,0.0,52.81107944874371
5128,0.4416338628748557,0.8172741047244563,0.0,61.7450611060553
11288,0.41742164444579394,0.873658430279088,0.0,27.82409751209832
7699,0.4432965431087664,0.8135163353468797,0.0,47.31004148903586
15248,0.5167032434125357,0.6602865665410282,0.0,5.408737218392537
7986,0.5064230030362471,0.6803829845466994,0.0,20.3403896390977
19251,0.5947604244980386,0.5195966024233966,0.0,19.027628016807604
9208,0.4821363878184294,0.7295282426789128,0.0,29.04251755997271
11435,0.4517165821955413,0.7947003263566079,0.0,5.27906325387255
4870,0.5486146021444203,0.600359083726738,0.2,50.09996599503391
17208,0.5587581214121002,0.5820385981942625,0.0,6.513303084073367
2920,0.4613318854667759,0.7736375699166264,0.0,40.32585833190416
5674,0.4991915334346236,0.6947654223379264,0.0,46.354749826488764
5836,0.4587562047130189,0.7792363544448357,0.0,48.33174518303229
14348,0.3914839408934865,0.9378107838217523,0.0,31.24785324201153
15962,0.5005126388676768,0.6921224280628295,0.0,9.926419868557577
12609,0.40499197873986,0.9038880176523236,0.0,9.382357726672893
4605,0.4774844674186064,0.7392236485566998,0.0,49.82367504068733
12997,0.47417362018830345,0.7461817370367874,0.0,13.519692908713399
18045,0.4253485426398103,0.8548463458272858,0.0,42.965431913702886
13271,0.6015349673333472,0.5082706117020687,0.0,7.789247269751591
8597,0.5064230030362471,0.6803829845466994,0.0,20.3403896390977
16550,0.5323930108513909,0.6303733201743378,0.0,5.530643125260725
5571,0.4628390237299888,0.7703759662796801,0.0,40.97244682453518
12070,0.4312768341641624,0.8410050884236272,0.0,11.120189853865456
13154,0.5003570309819907,0.69243337341691,0.2,7.123062236486666
3142,0.4778544378439901,0.7384491162062613,0.8,33.93174027002949
5918,0.5079787905071952,0.6773155832453394,0.8,53.60952944737018
2883,0.4769778868377965,0.7402851479990149,0.0,51.634889072931294
804,0.4632619790108723,0.7694625555198636,0.0,60.8221662921396
870,0.48620566341421834,0.7211235688458278,0.0,58.297433985009135
6231,0.5237136001715058,0.646810308640146,0.0,49.01399025548389
17516,0.46577085559190906,0.7640614919910849,0.0,27.666284104587753
1880,0.5270636519995524,0.6404339559514751,0.0,54.757103233851126
12853,0.4901454392414766,0.7130531171397331,0.0,5.030447154734108
5203,0.531506422413265,0.6320399977110235,0.0,53.13876087872129
16360,0.5199486781078849,0.6540251682238045,0.0,6.018012857356312
8832,0.4536377129827496,0.7904563885282959,0.8,57.976024781520444
14130,0.4450731138671966,0.8095167094866382,0.2,7.947146672406164
14981,0.6020998898457735,0.5073319174618041,0.0,14.627647742455588
3793,0.5102749434083452,0.6728055938062646,0.2,18.798188008626568
16768,0.4437783517940153,0.8124300488666829,0.0,5.45010594250328
3828,0.431169003832315,0.8412551454768556,0.0,86.52309684690853
13377,0.601496197655789,0.5083350650241436,0.0,8.0784609541992
16331,0.4764262569634812,0.7414423276472418,0.0,10.72867067904205
19238,0.5251587679275783,0.6440546470085935,0.8,18.550705673481218
12984,0.4697383484743434,0.7555794446697424,0.0,13.155015598604182
17014,0.4439735786879224,0.8119902257801856,0.8,41.4277416910047
9473,0.48649072418181416,0.7205374439678252,0.0,56.63424199641817
20892,0.42760124479217015,0.8495641887218963,0.2,68.62439449702224
9089,0.5340893084471282,0.6271922097226966,0.0,20.142277671691495
11686,0.6128069392187272,0.48970533682951795,0.0,4.232523171109234
6708,0.4745556516342666,0.7453763830165031,0.0,52.869552761601895
11079,0.5120510858332806,0.6693308819018986,0.0,4.524007472904295
10889,0.5653354443964997,0.5703360171134487,0.0,6.006778833246345
9407,0.49422466401939846,0.7047650797134107,0.8,41.42609052524534
1017,0.41443998522977554,0.8808271032375802,0.0,72.22782246548157
19732,0.5952520443616927,0.5187703591621081,0.0,8.712748221706642
4492,0.43834284972522836,0.8247539128742887,0.0,63.21326402979223
20567,0.5555239209225463,0.5878436088628122,0.0,2.544657252140783
2079,0.4800561726410713,0.7338521555916826,0.0,20.445121502692082
3717,0.35107023132835824,1.0467689862768743,0.0,28.62651569075925
17238,0.39598891879251885,0.9263690509663582,0.0,97.16499747008803
670,0.5087563778331325,0.6757860060225692,0.0,16.252652929258986
6159,0.44551125641336947,0.8085327654693327,0.0,60.268029994010185
11408,0.5203676033103252,0.6532197877206496,0.0,8.69811177955945
591,0.4448685520429809,0.8099764291191811,0.0,62.40868633548481
18750,0.4987465518496782,0.6956572243865679,0.8,34.453816976271234
15037,0.4888899512990119,0.7156178633027498,0.2,24.13850679131331
13766,0.5236114046997357,0.647005463862487,0.0,19.722020776524285
20128,0.4842744803916599,0.7251034247633859,0.0,16.34419421057551
17643,0.4917545233787975,0.7097756232218788,0.0,67.73211176876153
10164,0.5346410705945612,0.626159653322549,0.2,7.112860538922524
5788,0.38128215270877697,0.9642156196426684,0.0,34.48517104800953
3738,0.4814611625313489,0.7309297103297044,0.0,53.394417570205356
919,0.4671115213550611,0.7611872460641577,0.0,50.999545486298565
11907,0.5869703138635379,0.5327810330673974,0.0,4.6791495651823025
18308,0.5841528721861745,0.5375925629669495,0.2,5.966201905950828
54,0.40133647905591696,0.9129551036330037,0.0,61.22733277139435
19014,0.48333829098057157,0.7270384750870488,0.0,51.3034689960822
20905,0.46435157010672934,0.7671133194656762,0.0,30.23538884308708
12167,0.5325872812216732,0.6300084864325622,0.0,9.078422193361556
3797,0.4722076543398294,0.750336444509056,0.0,50.417317238967364
11833,0.5521381852835295,0.5939569283752164,0.8,10.374943620673417
1236,0.4424297624432598,0.8154735560747103,0.0,66.09005130350585
13303,0.524111275162291,0.6460512600257446,0.8,11.697726311587516
1746,0.5467066264966862,0.6038429522534406,0.0,18.96066847041023
16249,0.48238540496928456,0.7290118890656508,0.0,4.4045622975341825
8352,0.46130595645371497,0.7736937761806438,0.0,55.1546997917297
2266,0.5306106451721418,0.6337267749615758,0.0,47.605554658220356
10822,0.5531604278094233,0.592107214994151,0.2,9.95805918807518
20153,0.49155382838643746,0.7101838268027526,0.0,14.264040833856498
10288,0.5716234381079907,0.5592748293794143,0.0,8.800189248273309
6453,0.46565541397392113,0.7643093733797702,0.0,23.869381380777156
14493,0.45595120474019935,0.78536948234211,0.0,10.500389514542256
16575,0.5462801608740537,0.6046233196818531,0.0,9.746830566286642
16761,0.5340254535544854,0.6273117753255523,0.0,3.6624655900435243
10818,0.5297920691842748,0.6352706717083161,0.0,7.193169483752218
16332,0.47834175074517454,0.7374298422346858,0.0,10.670610014050917
10279,0.5141828739081168,0.6651762909902795,0.0,13.383347532962585
14230,0.49433254824645195,0.7045468136866332,0.0,8.795914815070432
7851,0.47892324024547184,0.7362149444220799,0.0,47.88342065923698
13872,0.3859115397690891,0.9521471073637968,0.0,14.253641543448506
19670,0.6229345830352638,0.4733137688615706,0.0,18.15891983800693
17579,0.473375424801258,0.7478664953721298,0.0,33.50591475989677
20452,0.5437433772155724,0.6092778764868481,0.2,22.887219284022862
5363,0.4693845713448728,0.7563328649914902,0.0,49.19945517584116
5330,0.46039593642070675,0.7756684283664388,0.8,43.85241447933902
9706,0.4947882351807554,0.7036254156649207,0.0,45.10238807047424
12374,0.4259820287327255,0.8533581196760384,0.0,14.487887444246912
19300,0.4594811341927115,0.7776573952812553,0.2,12.023554898482628
20099,0.5143720331333594,0.6648084754734213,0.0,4.803839519557058
2544,0.4796587357823239,0.7346803950573377,0.0,43.524303528390995
7260,0.5041692153180125,0.6848433225818045,0.0,52.79765455687115
8696,0.5284186962230971,0.6378663242515606,0.2,18.471013159873138
15889,0.4759140105071684,0.7425180912649533,0.0,7.9408597043731906
7387,0.4711280440653724,0.7526253661466801,0.2,52.845593069868585
10861,0.5499806225813219,0.5978722330465942,0.0,12.077079147010103
8869,0.4206587773959493,0.8659332789342629,0.0,72.10193394193766
5281,0.444547996724742,0.8106972507242269,0.0,61.63731098294231
18366,0.5015423917005585,0.6900671453409082,0.8,24.165115897407446
13982,0.40496184514735944,0.9039624258262855,0.0,32.23032659434849
14681,0.5202827230460404,0.6533829169914973,0.0,8.951345838160611
17235,0.385465274157036,0.9533041700438891,0.0,91.04054823919142
20833,0.5405727296927726,0.615126090931631,0.8,17.909395996683244
4329,0.4961006982971718,0.7009763521027083,0.0,44.95010857858617
21197,0.49647590112487305,0.7002203341877368,0.2,23.61318011280081
658,0.5005950491933242,0.6919577897790239,0.2,61.16872388346649
14842,0.5928418516378996,0.5228276075633372,0.0,18.171919140123478
19280,0.5745998683239624,0.5540813615981952,0.8,6.0007011038354
20098,0.5293478037985205,0.6361095890659614,0.0,5.972433044575608
16693,0.4762651238904962,0.7417805968449268,0.0,12.121808186445387
19554,0.5602799492394629,0.5793187108098122,0.2,9.795120481711768
7981,0.5464023480160154,0.6043996734873239,0.8,18.3335574403933
19568,0.571096821312233,0.5601965192307965,0.0,4.744584589515151
17739,0.4036090336315381,0.9073086081180415,0.0,44.19953552180703
2310,0.5361474221145546,0.6233461144697506,0.0,13.105851818938834
5690,0.456858696465703,0.7833811340052051,0.0,72.90144940633468
7089,0.500470515935395,0.692206591182068,0.0,15.179052356201673
7819,0.4730806593274686,0.7484893779089166,0.0,49.86211446689749
10770,0.5319372799845093,0.6312296913565867,0.0,5.224530704312256
12415,0.4202507972415253,0.8669036096303089,0.0,7.556799185133205
2217,0.4776127729378194,0.7389549732541998,0.0,50.04202605304002
10435,0.4792384802069,0.7355569344722487,0.0,45.9837088860248
6927,0.45110750196887706,0.7960496043161853,0.8,52.897496814148155
4362,0.42237289217379026,0.8618667243743636,0.8,32.777654334980966
8039,0.5064230030362471,0.6803829845466994,0.0,20.3403896390977
17932,0.5259932857816418,0.642466830999581,0.2,6.877607683186244
3723,0.48359553252052323,0.7265063982483483,0.0,54.502513100561295
11662,0.45810653470234214,0.7806535133967218,0.0,4.814289888053355
8408,0.47367242382159147,0.747239285183116,0.0,33.77521340988352
3648,0.4766157366572574,0.7410446962783386,0.0,55.444961122535226
6243,0.4806294620317464,0.7326586549541471,0.0,28.76051348791794
18305,0.4767956478841283,0.7406672910324533,0.0,49.94397547668325
18820,0.45540285326865887,0.7865728599600507,0.0,17.634964330449417
317,0.44373472749464077,0.8125283556982726,0.8,34.138378368734976
12536,0.5521949553194085,0.5938541151319263,0.0,3.877867284028249
2877,0.4731807864758976,0.7482777510921489,0.0,61.3587755895562
7557,0.45299754183166563,0.7918685799339903,0.0,52.82079759938016
17686,0.6163555832710323,0.48393123642089614,0.0,7.831701304917461
4596,0.4973927508011906,0.6983753219024095,0.0,46.16261037620352
7096,0.5113710344215178,0.670659857499347,0.0,39.56893159246147
620,0.5257545340449848,0.6429208404802899,0.0,38.700617343958804
359,0.4782831410750338,0.7375523765126776,0.0,26.795279189204308
3480,0.4422289769772241,0.8159274835849158,0.0,56.71919541088647
9358,0.5355587490518364,0.6244446863316283,0.8,19.67188111548587
21059,0.5173512011861536,0.6590333291282217,0.0,6.74520621161779
21133,0.5883593752898737,0.5304173353136754,0.0,20.972701418068908
20723,0.5339611717160118,0.6274321548078983,0.0,6.776267092415523
19393,0.483078879349924,0.7275753273799138,0.0,45.87362383620764
10136,0.4832338200953122,0.7272546428917456,0.0,28.782921572295205
16183,0.5828655753265289,0.5397986932719099,0.0,19.770128170668002
5532,0.4795829351907427,0.7348384377988756,0.2,44.78840194288561
11313,0.48669200010389263,0.720123799294681,0.0,7.022431199190265
15732,0.4762900530792755,0.7417282551236539,0.2,3.7818200910757547
9212,0.4761144092576127,0.7420970980482725,0.0,38.169762426352406
1705,0.5091672066595792,0.6749788160625138,0.0,16.071245249970875
16376,0.5421703460187158,0.612175035374287,0.8,6.944820020410864
14934,0.5208805427614684,0.6522345480454179,0.0,8.33294891176639
9874,0.572439260549208,0.5578486442927804,0.0,12.754093241646354
764,0.4973486606995228,0.6984639682605222,0.2,26.709260654202353
16792,0.3836579617086295,0.9580038480425034,0.0,7.908800956634986
10903,0.5668848652969428,0.5675990553147626,0.0,5.430219841743987
13242,0.5351128151191057,0.6252776849344476,0.2,6.006730024269512
10708,0.4595537884639468,0.7774992853561687,0.0,10.532394229237257
6659,0.5134049890574698,0.666690292911227,0.0,6.27588943727214
3001,0.40997262916090543,0.8916648796563408,0.0,88.49773930589181
8870,0.4369762410992852,0.8278764535584061,0.0,68.27497213555313
6179,0.5240927789014083,0.6460865513620315,0.0,46.59899498161113
1399,0.48626950826094506,0.7209922650374058,0.0,54.146520754529504
19089,0.6380057305399237,0.44940801364018745,0.0,7.8023969185157664
13585,0.5210624477196192,0.651885383145494,0.0,10.032842655748489
16457,0.46179372930520246,0.7726369609646702,0.0,11.55246785729116
14663,0.4540458096225519,0.7895571837787619,0.0,11.32963254402458
14285,0.4052828573509187,0.9031700424404624,0.0,32.55476424867287
6124,0.3815100453354917,0.9636180974496532,0.8,90.91736602401025
3373,0.34630218960084036,1.0604435047498562,0.0,43.478183694744104
5245,0.5087171636492827,0.6758630875038472,0.0,52.8153212823737
11184,0.4440131769230803,0.8119010392356029,0.2,65.37021322708783
1676,0.45880253367178975,0.7791353713537875,0.0,52.412436787629154
12824,0.5265085795995895,0.641487652005095,0.0,5.942100127864439
15047,0.45433130345574496,0.7889286037793699,0.0,6.87432959518392
16232,0.4298028236588116,0.8444287250912319,0.8,12.522033158501646
10987,0.5818035192808831,0.541622483986283,0.0,3.957906498011715
16959,0.4874272889406061,0.7186141505593998,0.0,15.81202645086857
5756,0.5457690329369557,0.6055594093329758,0.2,16.637745002426094
7650,0.4390605565660556,0.8231179333561894,0.0,26.751332834076152
18772,0.5465020944861988,0.604217138827236,0.0,18.73767886494921
7125,0.3819096833499487,0.9625711293508588,0.0,35.89908850661989
2042,0.4175439354403871,0.8733655056402442,0.0,63.50677287589535
3031,0.44301142967302043,0.8141597086535326,0.0,47.63648629255097
2591,0.4844701769466847,0.7246994038354676,0.8,50.007883135728925
1806,0.4227737665776796,0.8609180737944866,0.0,52.55905103246687
2345,0.46831653657043426,0.7586108514997258,0.2,51.98039209522203
13825,0.5137394830590624,0.6660389843124905,0.0,18.231151742390452
13294,0.5538403427718265,0.5908788237121063,0.8,5.933900880151927
16288,0.4143545987743249,0.8810331529811493,0.0,13.046778861129141
9143,0.47324927265619865,0.7481330258063029,0.0,39.688456448244175
11317,0.5412990755856365,0.6137833329478227,0.0,11.153793022207376
11372,0.5641610750306424,0.5724154742323272,0.0,6.010362342964952
10894,0.5547548902133835,0.5892289020422059,0.0,5.602977666606879
5340,0.34630218960084036,1.0604435047498562,0.0,43.478183694744104
6501,0.5275632293670889,0.6394865547165356,0.0,32.64579056983723
10193,0.5115745501842135,0.670261956049957,0.8,44.94106619862678
19260,0.4771668139877513,0.7398891343707668,0.0,16.21282023353147
17174,0.4482811729942212,0.8023346251464705,0.0,11.485821151826467
6079,0.5091672066595792,0.6749788160625138,0.0,16.071245249970875
15668,0.46001032331305464,0.7765063477659125,0.0,5.150333626760165
1767,0.4375662008766924,0.8265272683420403,0.0,45.34535478177623
16187,0.5322681755820696,0.6306078272109127,0.0,16.552509771453234
5125,0.49699859318208545,0.6991680835090609,0.0,39.06252007885915
5097,0.5301651526687845,0.6345667121668838,0.0,47.42434241076089
10612,0.5165431677755721,0.6605964164210008,0.2,55.57399273850897
12669,0.5505349807715127,0.5968647812024049,0.0,9.619670593936256
17389,0.5051613654768867,0.6828773651496083,0.0,8.610059586715106
6378,0.48263343929590724,0.7284978383120131,0.0,22.23011248095064
20618,0.5254521491455031,0.6434961505742179,0.2,14.910126508704654
20272,0.4549001871259508,0.7876772530500293,0.0,13.093558716037364
10272,0.46285241799787025,0.7703470273324703,0.0,6.36884426519595
5343,0.37994003957473155,0.9677418293047626,0.0,104.52288065326002
1384,0.4765186592548396,0.7412483976727482,0.0,50.049089322542315
10641,0.5278058583512913,0.6390267554078376,0.0,4.232593860096006
3482,0.3760440802630918,0.9780489077214325,0.0,56.73661549529768
8091,0.48519779045313216,0.7231986558114565,0.0,51.24585719220523
9313,0.4933189824068058,0.7065992910311343,0.0,13.745122277509157
1058,0.5293020587110998,0.6361960106281213,0.0,46.44230877585286
7223,0.4129838934463254,0.8843466857008908,0.0,69.90760482995245
17391,0.507127361997298,0.6789930998429107,0.0,21.33871650361413
14722,0.5005348889345167,0.6920779744954902,0.0,10.847630024398509
20601,0.42659824882550035,0.8519125779099452,0.0,11.253765186688263
12436,0.6022707364986283,0.5070482063677875,0.0,4.93357905762975
14346,0.45101211545241054,0.7962610763094331,0.0,19.261556620548216
2132,0.4299192078470816,0.8441579766755445,0.0,40.8530224474307
893,0.4330196827431318,0.8369720953311731,0.0,36.74725882382071
2707,0.5064230030362471,0.6803829845466994,0.0,20.3403896390977
16049,0.5676077700596388,0.5663246444671165,0.0,4.1160475872787865
14591,0.5023607236002031,0.6884368444315383,0.2,25.45254405183995
13054,0.4121971544510079,0.8862535138707905,0.2,75.29476907705262
14623,0.5306407375172214,0.633670063902201,0.2,10.276227431136512
10130,0.3964846552689527,0.92511793911273,0.2,33.95414147789901
7273,0.4973486606995228,0.6984639682605222,0.0,26.709260654202353
15676,0.48079318548587024,0.732318069143881,0.0,2.5480274744844142
8199,0.5459216254907697,0.605279856597721,0.0,17.61666994920154
13504,0.5341813585785619,0.6270198748744175,0.0,8.593307337316071
11077,0.5120510858332806,0.6693308819018986,0.0,4.524007472904295
18608,0.40571731935195104,0.9020986196342177,0.0,86.23611864512763
14894,0.5123450838148941,0.6687568891471496,0.0,3.7266475989506613
3259,0.4328314170588783,0.8374069638374636,0.0,36.61352265415128
20666,0.4751433309028946,0.7441387711953985,0.0,19.891200878415084
20952,0.47861136838034934,0.736866350383475,0.0,16.513174096926278
4880,0.4600063372656603,0.7765150129294148,0.0,53.65718917072438
15085,0.5405550117100401,0.6151588677850139,0.0,12.89772886839682
13367,0.5729114429996883,0.5570241239502028,0.8,6.408005626042176
2073,0.4916324536228923,0.7100238871492787,0.2,68.20489557462915
14163,0.48395560896862877,0.7257620934787326,0.2,26.288915936009545
6227,0.5206260466268182,0.6527232557354286,0.0,44.73634657131316
17995,0.6283379852511233,0.46467706421285243,0.0,12.784427862101278
14594,0.5244755216918248,0.6453565220311843,0.0,6.324494038997594
11102,0.5015032577906398,0.6901451755082458,0.0,1.6447885499174666
14768,0.5327512074442482,0.6297007415690982,0.0,9.946437037750433
18682,0.5329512309232817,0.6293253582084507,0.8,18.200089407402107
789,0.47997632700521564,0.7340184950355435,0.0,46.20646762255748
11287,0.41715828412702877,0.8742895509626567,0.0,27.8441960656803
19528,0.48349703795262267,0.7267100903689339,0.2,25.062413687162806
12793,0.5643788088727207,0.5720296060004897,0.0,5.655762458960023
18659,0.5204321259132301,0.6530958011338435,0.0,21.224959554123636
14824,0.4535313633775215,0.7906908533231983,0.8,10.923987253319858
4780,0.49530022564090337,0.7025911838239395,0.0,47.91320556645974
5083,0.531803123153163,0.6314819273939919,0.0,42.445057846143655
10810,0.5535722093226167,0.5913630758617544,0.0,41.7620620415843
17062,0.41925446895296214,0.8692772189367934,0.0,13.786736393894893
422,0.5164819779795015,0.6607148836168742,0.0,20.16501855043827
16883,0.4887058697407464,0.7159944638496821,0.0,10.354711859717643
5944,0.5064745783915497,0.6802811472903116,0.8,39.35766287000636
5504,0.43962330651343295,0.8218370403115705,0.0,65.75929027892079
9291,0.44301142967302043,0.8141597086535326,0.0,47.63648629255097
15900,0.6078115906703953,0.497890328805663,0.0,4.548228030185175
19404,0.5278401561102611,0.638961775748914,0.2,10.540313333319244
21102,0.5775601210645417,0.5489427362653487,0.0,3.748455754143656
18664,0.5120454053816581,0.6693419754886286,0.0,3.7874880558377715
10860,0.5421799461328818,0.6121573287083956,0.0,12.478826702033615
1471,0.6025882935960791,0.5065210789663702,0.0,17.014549362607987
17458,0.46024723726665123,0.7759914615667025,0.0,34.20570504674305
6870,0.5160571744067639,0.6615377165249023,0.0,17.894594096393856
10757,0.563040361834774,0.5744039627641871,0.0,5.264699614935778
2394,0.48080281025264915,0.7322980508267876,0.0,51.348739938543325
7269,0.44276660534823925,0.8147124980010574,0.0,55.88927611971992
18526,0.4740685166598434,0.7464034178181115,0.0,22.499212381694075
10821,0.574619018153115,0.5540480349110345,0.2,8.667250615893963
17408,0.518873870068461,0.6560944502678488,0.0,21.355873855658142
2495,0.5218934396036052,0.6502918506290483,0.0,46.2520053953245
5416,0.46920013497608637,0.7567258745300397,0.0,53.01621869545954
2857,0.4841036198557986,0.7254563045684758,0.0,34.10188701561094
9159,0.5266396193634827,0.6412387985869371,0.0,42.37306098476812
15693,0.48638050674579614,0.7207640257249699,0.0,1.4014355800139537
13263,0.5320655042196689,0.6309886689876909,0.0,5.693095214792038
601,0.5425749147411293,0.6114291114125844,0.0,41.34483819305917
2824,0.5606090346894782,0.5787315242745013,0.0,41.0899382234896
6710,0.44150271971445004,0.8175710987884663,0.0,35.70128870087724
8074,0.4654777469893538,0.7646909879418371,0.0,62.32996406069533
1841,0.5136811843668961,0.6661524698478261,0.8,42.57047277245092
20596,0.4663933820565673,0.7627258334621184,0.0,28.80090734474743
19985,0.5515138304926086,0.595088362647254,0.0,5.028496550865198
2184,0.4931170573410498,0.7070086942979248,0.2,52.35399327335651
71,0.5275143468409706,0.6395792161989811,0.0,17.3325970029725
4894,0.45896732327720574,0.7787762625729986,0.0,54.53381194578817
1939,0.4748075368613507,0.7448457426123946,0.0,51.39435624025522
12081,0.46758058886878345,0.7601835625025463,0.0,5.141919449923229
4305,0.4773246021682415,0.7395585118439283,0.0,51.920706678175065
19684,0.49738954423941956,0.6983817686632476,0.0,28.527848519101017
16668,0.4867862829286269,0.7199300963088571,0.8,7.294331370541396
18388,0.4470801817855176,0.8050173228585693,0.0,18.060565127717233
10809,0.5262898780653043,0.6419031190602354,0.0,45.63610425749361
11239,0.44818792318258205,0.8025426631309881,0.0,61.05343370998138
17572,0.43261606892389554,0.8379046211602131,0.0,36.81753109944535
13276,0.4867048644231365,0.7200973674872375,0.8,4.333761855718761
18897,0.528778931073131,0.637184834140961,0.0,18.931397673785874
16122,0.5292204483057174,0.6363502074543638,0.0,6.421505576557867
20512,0.5149771534116017,0.6636327416100067,0.0,3.7673435826246404
15061,0.551733488237766,0.594690160459348,0.0,8.04092484646429
3419,0.4637035734378922,0.7685097812570895,0.0,51.27881105009427
11917,0.4187133471847468,0.8705687287848095,0.0,10.018853437805562
9791,0.4887640568034873,0.7158754073728956,0.0,50.182870426196715
17453,0.43091878793005467,0.8418356337094405,0.0,36.99025980045559
2941,0.523308228560831,0.6475846413614041,0.0,47.70755934333175
365,0.477714323141498,0.7387423754864241,0.8,38.344419279759194
6647,0.4848151132241848,0.7239876705706404,0.0,44.12705183543308
3091,0.4970733830401366,0.6990176117927643,0.0,29.131558438155338
17251,0.45712321424392477,0.7828023090142341,0.0,52.46731998383292
1885,0.4448351150335001,0.8100515934929696,0.0,63.78751031932465
6941,0.47949110552123647,0.7350299343171605,0.0,52.42968656072306
10196,0.5091672066595792,0.6749788160625138,0.0,16.071245249970875
19454,0.4795727267496249,0.7348597241062462,0.0,15.334316887387992
12979,0.4947640176030571,0.7036743622013668,0.0,12.740024005539185
6169,0.47522668652171185,0.7439633540052458,0.0,52.83999835342058
6995,0.5405409188366214,0.6151849392427288,0.0,14.955145544446534
12008,0.5449767847082647,0.6070120820917345,0.2,4.461538600762108
11735,0.46051999692941664,0.7753989998443173,0.0,20.08205901198565
12124,0.48198206736216836,0.7298483702664509,0.0,6.725917567097659
2439,0.4711138628578622,0.7526554671375341,0.2,53.79604836519415
18503,0.5794086764581802,0.5457472188570764,0.2,6.22970422220237
1306,0.4607421025728857,0.7749168229526547,0.2,59.43612091168325
6635,0.5191212866337058,0.6556177301823397,0.2,48.02727252281626
7328,0.37683684319868954,0.9759429618702744,0.0,59.58131707759486
18709,0.5289844447620249,0.6367962525428932,0.0,3.555552045508893
11890,0.4387228033261705,0.8238874928442966,0.0,7.6110726879672645
15324,0.5130233345389973,0.6674339484150499,0.0,6.042947061880996
14040,0.4682128468573529,0.758832285477858,0.0,9.901357533231245
5940,0.48667959500948005,0.7201492882127376,0.0,46.096757476902184
15564,0.6100897954851272,0.49414912693515467,0.0,4.932720227910091
14878,0.3614877621195079,1.0175270910144147,0.0,38.35262956965531
19562,0.5674838610647593,0.566542968683372,0.8,5.272815500306119
16211,0.5564534984776155,0.5861716724450502,0.0,7.839166785417584
12871,0.41666254040775763,0.8754786404243169,0.0,5.579123260751434
11526,0.45444872202441566,0.788670194558146,0.8,6.256915029142315
18209,0.48743146556770406,0.7186055818778783,0.0,24.288868804535422
4848,0.5034022604390483,0.686365705947244,0.0,44.624065953235686
6184,0.5312413020161926,0.6325389315529464,0.0,44.99565704079552
3047,0.45594352020528767,0.7853863363378656,0.0,33.30823740025954
4294,0.48398706006179526,0.7256971080324167,0.0,32.73438097178114
6052,0.4919953328172019,0.7092860486787212,0.2,50.96929589096675
9183,0.5441413527759849,0.6085462262169358,0.0,41.49980971115036
4372,0.47762064093197676,0.7389384998058398,0.0,49.80445601444427
12917,0.5403675130461364,0.6155057911980986,0.0,17.495752232204367
19898,0.4713924603701662,0.7520642827315475,0.0,35.250755430659275
1519,0.48484168637010105,0.7239328611866728,0.0,21.77771062803825
2628,0.4708711023342336,0.7531708904998452,0.0,57.77573832069457
14072,0.40496184514735944,0.9039624258262855,0.0,32.23032659434849
20043,0.4657191902306266,0.7641724225620924,0.0,5.088624647202868
19119,0.4854371996685436,0.7227053514844892,0.0,6.919542103827323
4241,0.4838689788122299,0.725941113846109,0.0,41.95213209529442
8564,0.47928710872159996,0.735455469231668,0.0,46.66832534121471
16504,0.5867556644070359,0.5331467904296249,0.0,4.2118599494630775
19751,0.6227280151776606,0.47364542826885,0.0,14.427002167106815
8298,0.5274177567965086,0.6397623370735832,0.0,51.33164877053183
19440,0.45100292920602947,0.7962814445869597,0.2,23.733764632704286
12707,0.44439291217217625,0.8110461705513763,0.2,6.3610151460852355
896,0.4329352424668972,0.8371671176678883,0.0,36.18445242211963
17793,0.45043880146468923,0.7975330569669729,0.0,4.721395567944724
19039,0.40145474643849033,0.9126604631843462,0.8,61.650217073321286
20606,0.46932647273969474,0.756456648781227,0.0,27.538805539711404
12117,0.5130198566414522,0.6674407276570448,0.8,7.504369658462586
14354,0.3614877621195079,1.0175270910144147,0.0,38.35262956965531
21179,0.5340985401660397,0.6271749248997626,0.0,11.635662351593588
4446,0.4750169337166576,0.744404825653134,0.0,49.66668803659534
19652,0.4832338200953122,0.7272546428917456,0.0,28.782921572295205
3432,0.4660835383510168,0.7633903940751969,0.0,32.06239946326152
10583,0.4698242321258296,0.7553966284241858,0.0,12.312964466992337
14741,0.4052828573509187,0.9031700424404624,0.0,32.55476424867287
21151,0.5605436232139864,0.5788482103923192,0.8,40.62588391107239
10072,0.410674404511484,0.8899545815797051,0.2,13.630989302934305
964,0.4609996957918441,0.7743578958732462,0.2,58.11555949449894
19608,0.6191763686482732,0.47936512176262036,0.0,8.519277551071383
20977,0.46867241960376405,0.7578512202402581,0.8,29.056015899650415
13342,0.469609505248742,0.755853769513087,0.0,11.416037324223664
2599,0.4402610679306108,0.8203873918182265,0.0,58.51002853411355
1151,0.4302491541139331,0.8433908099262777,0.0,63.25431074447082
6683,0.44630464970576,0.8067534890597986,0.0,7.670208551034409
17836,0.6266133819869388,0.467425544185647,0.0,12.860045418139133
15833,0.46585176649127996,0.7638877931184803,0.0,5.565258750198577
7750,0.4299192078470816,0.8441579766755445,0.0,40.8530224474307
2586,0.44355469458281804,0.8129341599596868,0.0,43.17899616964404
5588,0.37619373758027186,0.9776510087708489,0.0,51.08226520827685
2901,0.4796549047346818,0.7346883821170027,0.0,23.151868201984797
12737,0.4683754752017452,0.7584850072934168,0.2,9.297888898808344
5357,0.4704424718410383,0.7540815976957888,0.0,49.05300879308895
6108,0.4378524188352651,0.82587336868232,0.0,41.562081059486005
19264,0.4487990364728526,0.8011800716724511,0.0,39.950845618700924
9317,0.49920348403221776,0.6947414827200684,0.0,21.624175829587042
19055,0.4457767707670873,0.8079369662361442,0.0,22.625465797733593
1303,0.4621247167142025,0.7719204747323939,0.0,49.17519231161283
9974,0.37120604561704434,0.9909979915188702,0.2,84.75510473679431
84,0.47776813380478267,0.7386297399001809,0.2,29.161104610790133
11312,0.5252681623980122,0.6438463612770091,0.2,4.467327777550093
911,0.39844948228009086,0.9201745584739188,0.0,44.46283438464477
7991,0.5292388716831146,0.636315395767129,0.0,41.52594408707918
11305,0.48363162414198535,0.7264317691992562,0.0,13.551947823187728
16822,0.5863249938353469,0.5338810461485509,0.2,1.3683370701092974
14951,0.5162630663644545,0.6611388248781265,0.2,4.34354994323453
13175,0.5444211700322462,0.6080321220537637,0.0,11.344874979225906
5038,0.5214791775310822,0.6510859333708957,0.0,49.485461697149134
10162,0.5428364285451275,0.6109472409941923,0.0,11.884451123869269
7364,0.4691270570153435,0.7568816367449991,0.0,47.94466242899113
15529,0.49965484746823,0.6938377239937308,0.0,6.085998334462872
9740,0.48884094813663587,0.7157181018498703,0.0,52.10069791364232
15027,0.5373747706413602,0.6210595309787899,0.0,7.95577285244525
4867,0.5517775284930101,0.5946103420350645,0.0,48.64774604104012
15604,0.528197434240508,0.6382851366838982,0.0,10.16660594441515
19767,0.55495964112694,0.588859886570033,0.8,3.8363336334458964
21015,0.5019872758877989,0.6891805064486983,0.0,3.2799478503851045
1706,0.44771136576924947,0.8036065270365789,0.0,54.875877906257735
21043,0.48753873940527354,0.7183855262547316,0.0,34.231786672689275
12552,0.6583524952232039,0.41801478407045745,0.0,4.2825617139513135
7968,0.46122524889662364,0.7738687459959285,0.2,53.7529223883792
9866,0.5384413218161457,0.6190767543096486,0.0,42.716296047365745
10739,0.3637274875546956,1.011350352295691,0.0,6.903411652646504
15418,0.5090615400917486,0.6751863658268412,0.8,5.84711414698913
9574,0.47902437734028397,0.7360037907152774,0.0,25.61293416299698
5764,0.47867410457914356,0.7367352793484366,0.0,74.81178540285647
20152,0.4749787858491144,0.74448513731513,0.2,61.09691584755082
14686,0.5165932948037125,0.660499377878668,0.0,8.206704896122709
16172,0.48792117983231764,0.7176014029112767,0.2,8.83080303120953
1097,0.471572674789079,0.751682053496579,0.0,45.04078726914406
1811,0.5099995339600711,0.6733454670679652,0.0,45.16464514869648
12632,0.5693464508371975,0.5632661534549773,0.0,9.390773271724965
5597,0.48213038460382174,0.729540694035279,0.0,51.03501780408995
6741,0.4427615634022941,0.8147238854331529,0.0,57.5195050684106
3850,0.5159881565245874,0.6616714662357162,0.0,47.20033343814649
6028,0.49809030201234283,0.6969738890536082,0.0,53.77153660398364
4199,0.364444139605832,1.009381991387929,0.0,107.9029364195643
15624,0.6374358692168811,0.45030160431665744,0.2,3.762269912654494
19167,0.5479565669016432,0.6015592526539147,0.2,9.213180890065148
11214,0.4305584863729017,0.8426721074944342,0.0,15.155877864951083
10868,0.5056196521171764,0.6819705680022224,0.0,6.893699489251977
6395,0.507166057309939,0.6789167998060117,0.0,18.33414825645721
16454,0.34098987729542785,1.0759024874898906,0.0,20.045140315631386
4826,0.46353463516429283,0.7688741714944662,0.0,43.675891680340534
6361,0.46447110886673243,0.7668559210119795,0.0,53.212137741615926
19825,0.4841341538068911,0.7253932333850677,0.0,16.350726641998257
20434,0.5400320132720544,0.6161268573438964,0.0,10.725227846153137
2230,0.5104470840828872,0.6724683018275717,0.0,18.90644551065065
17548,0.5172597848579104,0.6592100454587349,0.0,10.290268268953199
18742,0.41426498776765125,0.8812494428407626,0.8,42.85428058126418
12238,0.5612959859874235,0.5775069083379728,0.2,5.27841306510358
11602,0.5224778292409794,0.6491727281181174,0.2,9.195531049929802
4571,0.46986204705955814,0.7553161442571045,0.8,53.48394009341688
5472,0.4891698389607405,0.7150455308704057,0.0,51.340268570958685
20951,0.4786739576155397,0.7367355863707405,0.0,16.517611200034658
7205,0.5540582454585744,0.5904854615544639,0.2,46.95835723112805
14263,0.5275676638056159,0.6394781492408628,0.2,8.637431647207954
3660,0.5191394105155108,0.6555828181764117,0.0,46.582437345592936
3040,0.47428484497333745,0.7459471990161374,0.0,52.163715086124505
2867,0.4895165874214091,0.7143369311272595,0.0,47.44268657232237
5223,0.4654659196853067,0.7647163972216273,0.0,56.6272486308292
11933,0.4526649791608917,0.7926029874600009,0.0,5.157150521409315
6795,0.5194979673285223,0.6548923811963765,0.2,45.875213301379105
5867,0.48241365399466946,0.7289533296689961,0.2,46.07349375574603
17265,0.41430302202797564,0.8811576356266257,0.0,25.22754425925254
7079,0.47178526589685843,0.7512313420492918,0.0,57.92744924393611
11464,0.5056003112262376,0.6820088205914557,0.0,9.110955486960023
17000,0.41555816368432696,0.8781326896837678,0.0,87.13710974515341
15331,0.528403577053948,0.637894936761975,0.0,10.131685519061303
20145,0.5138827213654491,0.6657602081110856,0.0,4.0031162980707915
5628,0.4809395364011859,0.7320137207254177,0.0,48.86483951246522
1966,0.5204666840576213,0.6530294005499002,0.0,48.32743899409655
14209,0.5682900326655141,0.565123369693481,0.2,6.004436072465056
18931,0.5330843164150689,0.6290756751790041,0.8,5.827127986382315
18932,0.6046415424160884,0.5031194884182018,0.0,19.7373782599605
18051,0.4841341538068911,0.7253932333850677,0.0,16.350726641998257
5230,0.5365078941992295,0.622674002761987,0.2,42.89912333001182
17711,0.48113371039419195,0.7316100633193119,0.0,18.436573456103115
18734,0.5170684072608503,0.6595800974416589,0.0,11.66764140905789
11566,0.466040719166767,0.763482268487722,0.0,5.169920083497409
8131,0.5113244335621312,0.6707509909029411,0.0,51.07299118556516
11548,0.4914378916803665,0.7104197122211988,0.0,4.249020176165855
5360,0.4694744714371921,0.7561413557478285,0.0,50.01875183649899
10775,0.4197255299969811,0.8681542813361146,0.0,26.69140369429469
4057,0.45834856719290723,0.7801253205901313,0.0,48.01671288713419
18969,0.534825722713349,0.6258143370924835,0.0,2.3546266223573866
2675,0.477183606934313,0.7398539419588491,0.8,55.60002486713503
31,0.47499926957490585,0.7444420126857185,0.8,59.325324161846936
4725,0.4747614050028751,0.7449429064021481,0.0,65.5225714971777
18679,0.5333612457042959,0.6285563250962841,0.8,16.9804493382738
6230,0.5238460298775526,0.6465574739509244,0.0,48.99483094891717
11732,0.5908579973248691,0.526179565700791,0.0,6.082714783513085
17052,0.5182015000769153,0.6573911160746134,0.8,49.304333705596
236,0.543164653881589,0.6103427750286116,0.0,50.97186147273524
16121,0.5309728752681491,0.633044341402481,0.0,6.407991611482591
6031,0.502840052415841,0.6874831466959112,0.0,53.03932581660557
15162,0.47419923149151055,0.746127725994257,0.8,13.322110917640142
15700,0.4903030642637175,0.7127315805714474,0.0,1.2967260625215216
11652,0.47161563459344924,0.7515909586346673,0.2,13.117141463609808
5716,0.5063921753146192,0.6804438598619521,0.0,46.95062633047469
7975,0.4897797099213611,0.7137995605541291,0.0,58.6279229850953
20575,0.5555666771994895,0.5877666461434146,0.0,12.12856375662256
17296,0.524908428723911,0.6445314530819732,0.0,9.938674133688234
9804,0.5754006780724396,0.5526886494287493,0.0,40.22136386629476
7487,0.48075106429805325,0.7324056806871946,0.2,49.86218008225906
4432,0.4729357102729332,0.7487958188127478,0.0,39.51020806619658
11817,0.49481365143723177,0.7035740490359244,0.0,5.276805200024308
5530,0.4765663834218754,0.7411482509598344,0.0,51.28375299898524
12657,0.6190324193281235,0.4795976339563571,0.2,7.632796326120224
12987,0.46645981953283305,0.7625833941667075,0.0,12.888040880018373
16646,0.6193292129293013,0.4791183012652765,0.8,4.7624359419922175
2665,0.46167901429472435,0.7728854036217235,0.0,55.04103118853016
8062,0.4824007385946769,0.7289801024868408,0.0,38.70884511055428
16692,0.4485043937337513,0.8018368010234651,0.0,6.932200491015319
11625,0.38715570163908714,0.9489283370485316,0.0,5.002138165381978
10547,0.47077247334217054,0.7533803731426868,0.0,8.823214007273215
21058,0.4533422306552179,0.7911079626674116,0.0,37.35018589457012
1441,0.4824924951389996,0.7287899124401259,0.0,39.32914495592303
1450,0.41654552294281777,0.8757595245656408,0.0,52.085793046481044
7408,0.5307299865056242,0.6335018870595709,0.2,15.840714154268628
12681,0.389698216504063,0.9423826432349027,0.0,10.876980295661832
7820,0.47582109849689963,0.7427133388914934,0.0,52.6769458274604
1628,0.500470515935395,0.692206591182068,0.0,15.179052356201673
16666,0.6087474330725058,0.49635182131290423,0.2,4.80088885905521
10932,0.48605953496995635,0.7214241626459662,0.0,6.936854360660032
1723,0.534380718467206,0.6266467381231893,0.0,19.74125235364663
1737,0.5357669197652978,0.6240560636706756,0.2,19.046191348899214
3332,0.487940651083938,0.7175614971561666,0.0,15.43008364314851
5520,0.4689754746507378,0.7572048047587464,0.0,40.169714314750074
18221,0.5037222857437209,0.6857301831280321,0.0,26.945083552759325
4330,0.4972224634500893,0.6987177404585008,0.8,44.02270931850225
10917,0.5210715535212782,0.6518679078464472,0.0,4.6540110200768225
2592,0.48861834199161275,0.7161735809703202,0.8,50.189445865753044
10442,0.5352613973433483,0.6250000582437687,0.0,22.1562525415788
1884,0.44336128297354727,0.8133703041204213,0.0,63.224083187693964
12599,0.524111275162291,0.6460512600257446,0.8,11.697726311587516
9164,0.5251289248470539,0.6441114754009241,0.2,41.26178199873569
15285,0.522940179811678,0.648288200404151,0.2,9.794014037066177
2666,0.4609996957918441,0.7743578958732462,0.2,58.11555949449894
16759,0.5494651296691463,0.5988099654429311,0.2,3.899031522837534
1448,0.47544567045966313,0.7435026612329858,0.0,52.9596913830395
6137,0.389982130538837,0.9416543600393605,0.0,40.491137481692505
14590,0.4052828573509187,0.9031700424404624,0.8,32.55476424867287
10500,0.48688129467887686,0.7197349337035971,0.0,12.295951343817448
5694,0.4588961851124866,0.7789312707288112,0.0,63.79836477819944
657,0.5047122444210812,0.6837668251394791,0.0,58.46206354942545
11873,0.3704567969706558,0.993018448411814,0.0,16.345730037288757
3593,0.5391177563491966,0.6178212600437454,0.0,51.30387799966488
17973,0.319158061574808,1.14206880808222,0.0,77.34660828470967
6816,0.5220060994721089,0.6500760063552962,0.0,44.29942727081968
55,0.4227737665776796,0.8609180737944866,0.0,52.55905103246687
1571,0.48749437788753586,0.7184765211491234,0.2,23.77223257851947
12386,0.4400416526958135,0.8208858913325412,0.8,6.318572447683603
3121,0.5174829314688211,0.6587787370554978,0.0,30.781436740222286
3269,0.5003803610282589,0.692386747705792,0.0,31.88440920360256
15432,0.5919932707163567,0.5242600111959179,0.0,3.5929635565303286
3586,0.5104511890497406,0.6724602599551119,0.0,25.15505671252903
6728,0.4764159105911265,0.7414640445122325,0.0,48.76608771852397
2971,0.492986909834187,0.7072726573524317,0.0,43.45129667573783
3239,0.5491601393307207,0.5993651872366883,0.0,18.62826997358834
9518,0.5522697110421463,0.5937187450741441,0.0,18.672454702446128
632,0.4781399820750812,0.7378517398332761,0.0,46.698637289571494
14433,0.5150943108646422,0.6634052671917575,0.0,6.726929478918405
18032,0.4399152937943188,0.8211730847068698,0.0,28.334577381786342
3594,0.5312440443428359,0.6325337694551297,0.0,54.344139381839426
17478,0.4794370249007567,0.7351427282144744,0.2,29.62294365894031
1159,0.5084769085153515,0.6763354755072252,0.2,57.82668315586775
12083,0.44958175224954383,0.7994375678598923,0.0,5.327451789064064
18344,0.4524266478083503,0.7931296332734155,0.0,27.435544689655373
2453,0.5155487381931941,0.662523434517651,0.8,22.521159129777125
1309,0.4778952890676059,0.7383636310159643,0.0,28.020900360382583
17792,0.5690145628769578,0.5638492513749603,0.0,6.8259592758967464
16998,0.42274351741600746,0.860989625641522,0.8,61.991253046189584
751,0.46825968128224604,0.7587322624157289,0.0,47.967048767441455
13144,0.4264949256364255,0.8521548098083431,0.0,5.65306726826532
12090,0.5523773337887866,0.5935238905321717,0.0,9.58814084410746
16942,0.5071920065723664,0.6788656358958364,0.2,24.552533329140704
7491,0.46839073949218,0.7584524179660121,0.0,81.8408072347773
4665,0.5110009768899012,0.6713837770583397,0.0,51.86103786119329
20073,0.5356037295270683,0.6243607019200048,0.0,7.547271755148523
688,0.4826913099612063,0.7283779394584657,0.0,38.34545973475723
1902,0.5043599764860496,0.6844650267984751,0.2,52.768490032037576
9957,0.4969325256435623,0.6993010253948095,0.0,54.45107284849868
9553,0.3993427239288401,0.9179352735697718,0.0,50.57823217303634
16112,0.6397910020993893,0.4466137151801967,0.0,6.611669395231534
1771,0.47112034146108056,0.7526417155602961,0.0,54.23159904438516
9700,0.5344221142139062,0.6265692762275896,0.0,46.46042470580428
1946,0.4575297062278533,0.7819134647289482,0.0,24.321417962462355
6333,0.44237797855345995,0.8155906072429124,0.0,66.79687042207141
8478,0.5229584985189657,0.6482531708020124,0.0,45.00821784661489
12631,0.5693464508371975,0.5632661534549773,0.0,9.390773271724965
19635,0.5374367105667379,0.6209442736959467,0.0,9.079136263186188
4155,0.45396418835893254,0.7897369643186694,0.0,58.04171433646309
9889,0.4690108350381995,0.75712940837585,0.0,48.39949974100179
20343,0.5599909950603745,0.5798345756315619,0.0,2.7268461319723856
753,0.44373472749464077,0.8125283556982726,0.0,34.138378368734976
10341,0.5142984186870272,0.6649516008958103,0.0,14.281829641892648
6007,0.46628205543797624,0.7629645587777948,0.0,53.40751911444564
14820,0.40875487086614265,0.8946396403495827,0.8,12.552689343202477
4591,0.4934258123867939,0.7063827609192569,0.0,50.15353171727026
21140,0.4565577584881286,0.7840400623326529,0.0,36.47158204430393
425,0.4433537437117415,0.8133873090466468,0.0,23.750906941901007
19010,0.4584738835538702,0.7798519495319918,0.0,66.50577627901964
7382,0.5384758929724117,0.6190125503842157,0.0,16.601915231724284
13324,0.4292980904559806,0.8456037518025569,0.0,13.591812036853014
20447,0.548958862091027,0.5997317727191127,0.0,23.11702155295078
16310,0.5382692088018571,0.6193964558651924,0.0,11.029902316935114
14010,0.5395735476972294,0.616976177908664,0.0,12.095509955233027
14127,0.4832338200953122,0.7272546428917456,0.0,28.782921572295205
21123,0.55275744522437,0.5928359899108337,0.0,8.822881721615026
19587,0.521355144799008,0.6513238095704091,0.2,22.46415711128104
3817,0.4579919019115788,0.780903776440037,0.0,54.909253925796065
2779,0.4990981165531283,0.6949525762000728,0.0,46.59309552435455
10221,0.5113971826196894,0.670608725292183,0.0,2.638342135733775
5829,0.45443789493226455,0.788694019514856,0.0,38.4054550395856
20247,0.5177308534154847,0.6582997597562703,0.0,6.737698128997928
17770,0.5536402768728053,0.5912401228583826,0.0,38.82673891321802
10234,0.5634316404672168,0.5737092652530563,0.0,5.972313637309125
4162,0.4241957506095208,0.8575602543238872,0.0,34.43104551963718
9107,0.5296101258572238,0.6356141547210782,0.0,18.343824287029516
9727,0.5320939626547936,0.6309351837046722,0.2,12.2732665767762
20813,0.6179947796153726,0.4812752687844404,0.0,8.558037090225483
5255,0.4711445859592026,0.7525902555145662,0.8,53.07304125181836
17997,0.6283235331492644,0.46470006499969585,0.2,12.34266658695916
14793,0.4767415262718255,0.7407808086043484,0.0,29.1975060624027
10089,0.5658878585917497,0.5693593501057906,0.0,2.125418408877295
19110,0.6226309698383015,0.47380127945830336,0.0,14.431749316163462
174,0.42943650606862155,0.8452813806895265,0.0,52.95264925574193
4608,0.4770006922250606,0.7402373368892711,0.0,51.15780280422254
782,0.46692419974841765,0.7615883476600015,0.0,23.255102984817967
1851,0.4637035734378922,0.7685097812570895,0.0,51.27881105009427
7043,0.4765186592548396,0.7412483976727482,0.0,50.049089322542315
16633,0.5798925546893077,0.5449124431383484,0.0,3.5887032991465317
11289,0.48619206836053575,0.7211515307656046,0.0,14.253559565426212
11709,0.4848790484737893,0.7238558037362868,0.0,7.985939002849592
9697,0.5385423600143681,0.6188891225001358,0.0,45.740549757096005
11782,0.48363383599721876,0.7264271957800149,0.2,6.634968174253087
4287,0.475066473793467,0.7443005399105083,0.0,49.76765685039988
19097,0.6099254558844343,0.4944185327503729,0.0,20.005161204793225
1766,0.4436640962677943,0.8126875428080688,0.0,9.715681062345794
6015,0.442195257022907,0.8160037364803864,0.2,66.23094090569708
1420,0.44288705954428326,0.8144404860361967,0.0,49.32658847174039
2561,0.47434762756087523,0.7458148346085355,0.0,43.242343769195955
11674,0.4263911113510518,0.8523982521473761,0.0,11.724737446153657
13767,0.5233729497015854,0.6474609721062747,0.0,19.735905578971284
14723,0.6017258273849998,0.5079533736534411,0.0,19.132318120875325
1226,0.46697370904292174,0.7614823204506366,0.0,58.50087984958506
8295,0.5227280917232325,0.6486938512154592,0.0,44.79231240608398
10361,0.5325492610445588,0.6300798766733846,0.0,18.250263723987146
19317,0.5433273082051906,0.610043363103825,0.0,18.651678352967497
6780,0.4894018752795384,0.7145712961878168,0.0,42.1704246083843
15592,0.4838739293451657,0.7259308827549915,0.0,12.45265560583806
9838,0.5361364433926598,0.623366591737475,0.0,18.05768249729288
5425,0.3746424951823277,0.9817830539156845,0.0,51.298164567094524
20413,0.501332442219491,0.6904858406297587,0.0,26.801206955806087
4774,0.4821416347899138,0.7295173599845831,0.0,51.033385470619805
7868,0.5132637261977229,0.666965479752979,0.0,22.808885446061122
802,0.4655048031535292,0.7646328640507312,0.0,54.48773952568713
2796,0.49354766979555015,0.7061358294432338,0.0,40.525137514450506
19526,0.5267045630755345,0.6411154890111749,0.2,21.34369513828065
16443,0.4134632994236026,0.8831865243858412,0.0,1.7172458320436124
7866,0.5159019523944327,0.6618385462951336,0.2,44.770066242386264
5864,0.4308512276647559,0.841992427898643,0.0,71.92299486131412
19237,0.5514667327036935,0.5951737635881503,0.8,17.40704577407104
17571,0.48436898105612647,0.7249083051584382,0.0,23.930310775676524
9263,0.5020620884015912,0.6890314848635223,0.2,49.624045226837936
16968,0.4729401060659826,0.7487865241612227,0.8,9.933401875277509
1421,0.44263488724521066,0.8150100310526778,0.0,61.459906317321774
9161,0.5213687908909778,0.6512976356397964,0.0,42.503680124168355
7316,0.4604821306203928,0.7754812283385031,0.2,54.79162228339845
7488,0.4769790028848329,0.7402828081720302,0.0,53.470624071436355
3590,0.5089222905341593,0.6754599449432644,0.2,26.072752844139927
14129,0.4052828573509187,0.9031700424404624,0.8,32.55476424867287
12969,0.4470335022191189,0.8051217381410467,0.8,11.97457457634514
13989,0.46403747649358656,0.7677899617123223,0.0,27.805512116124074
16967,0.46320036648316326,0.7695955615251255,0.0,30.79921472452841
7307,0.5106682010494069,0.6720352126882837,0.0,17.02601213909378
20124,0.6144543827948268,0.48702058740232274,0.0,12.660100578247322
20887,0.473375424801258,0.7478664953721298,0.0,33.50591475989677
8277,0.460900573259701,0.7745729354731956,0.2,57.59724690930989
14764,0.522906764001401,0.6483521023173057,0.0,10.337325459319462
9319,0.4801659146989896,0.7336235791824477,0.0,23.118313598697256
16239,0.5061808543933562,0.6808612538041784,0.0,9.001326200723582
8995,0.4340135620606607,0.8346794963822741,0.0,55.83588529257818
18917,0.511095080178106,0.6711996392019809,0.0,19.40169558273599
16823,0.5856727471353191,0.5349940973850245,0.2,1.497274542079914
14410,0.47807323945020536,0.7379913376206352,0.0,11.394586646992503
19368,0.5003848172891403,0.6923778419984833,0.0,15.59061932498254
6217,0.5340046748222269,0.6273506857115217,0.0,14.818023124711555
14841,0.5685548843991042,0.5646574279728361,0.0,9.579413082469408
7533,0.45083568819442876,0.7966523335914689,0.0,42.1150269524675
16975,0.47699053244700385,0.7402586364102611,0.2,23.743798092545767
8014,0.474976520187066,0.7444899073543814,0.0,52.91462073321338
8477,0.5009951248328096,0.6911589088172531,0.0,44.99444522765937
18799,0.5050514131328153,0.6830950467050859,0.0,19.174476449647294
4892,0.4577880829791609,0.7813489028659166,0.0,54.79482801301476
17794,0.5239602416994639,0.6463394721590632,0.0,2.9111127181699556
11718,0.502938053095026,0.6872882713472468,0.0,5.674251669358048
6851,0.5046156834651153,0.6839581622730164,0.2,19.188445799023604
15987,0.5655277897588732,0.5699958427078816,0.0,6.78979058053128
6316,0.508169377435965,0.6769404668262635,0.0,14.574527424426112
9728,0.5338981282820434,0.6275502292284548,0.2,12.207420750279523
19737,0.5764335546386475,0.550895202396659,0.0,17.300863684162188
2191,0.483217870166221,0.7272876500854902,0.0,55.63750523154
6799,0.5125131455683619,0.66842891840904,0.0,22.11162856997396
12204,0.4129211137394453,0.8844987121602411,0.0,17.586487381019662
4959,0.505320369483578,0.6825626558332448,0.0,60.133768937400916
16714,0.543979754832324,0.6088432482004613,0.0,10.687238903931764
7200,0.47580738554131613,0.7427421588686471,0.0,52.0327993328735
13614,0.5335343959677257,0.6282317380266834,0.0,9.932658284702644
2200,0.501983278783533,0.6891884690413209,0.0,46.07225073283952
18880,0.6022173082662302,0.5071369216234769,0.0,19.95178125802343
10570,0.543706842770422,0.6093450693467927,0.0,10.638159020958465
13042,0.5006770765188309,0.6917939435606308,0.0,12.754259420469332
2116,0.5036341762091399,0.6859051153156609,0.0,44.6661429932505
9109,0.5374870989230005,0.6208505212720918,0.0,19.556791420070894
18926,0.5491261756360609,0.5994270357623556,0.8,17.48163035327442
8010,0.47730914898931304,0.739590886938379,0.0,35.06770258129892
14121,0.5685548843991042,0.5646574279728361,0.0,9.579413082469408
8798,0.45820042263849803,0.7804485865744767,0.0,61.88567222055418
1798,0.44258389230601625,0.815125245371282,0.0,64.98178244656849
14156,0.4312271972196831,0.8411201880468822,0.0,31.362428674513083
10239,0.5594179765921801,0.5808583632422667,0.0,5.6680161256663215
20824,0.6188844632424993,0.47983667437726385,0.0,8.766615802916496
7005,0.5366559010932563,0.6223981699476216,0.0,14.179785879464783
19337,0.5212817399759455,0.6514646156827877,0.2,18.58530803005182
2582,0.4616000764362617,0.7730563981984392,0.0,51.060374511211684
11673,0.37850530077272354,0.9715252015191486,0.0,13.349484405968548
833,0.4722238136071948,0.7503022244138657,0.0,64.24462796543726
8689,0.5390583118996558,0.6179315285821624,0.0,18.51013889153424
20200,0.5139725917442233,0.6655853384035364,0.0,6.416742122887596
13805,0.6066415423882878,0.49981720208265384,0.2,3.5154643880875627
19011,0.4918871362409882,0.7095059866897185,0.2,56.40572594183263
10623,0.5629608476143331,0.5745451956863294,0.0,4.38201859107815
2424,0.527119293403286,0.6403283928629658,0.0,46.75998186588167
12354,0.5200502049541872,0.6538299240782997,0.0,4.757266542558687
2652,0.5071782353163278,0.6788927882224146,0.0,18.09928163041875
588,0.4463787460793988,0.8065874808778187,0.0,58.94420228595601
333,0.4447571962401917,0.8102267721506989,0.0,57.141244342235986
7431,0.5325044746680911,0.6301639783012974,0.8,19.725707786543275
11874,0.47366163030638997,0.7472620723196175,0.2,7.379512274907542
2400,0.5116788846543643,0.6700580291107254,0.0,45.6108498370816
4132,0.44245556462949676,0.8154152384928613,0.0,66.08532495530292
11616,0.37327199842725833,0.9854479067851615,0.0,5.194645783113265
6562,0.5247257827970244,0.6448794713281875,0.0,51.870883621909904
18272,0.4795915265434266,0.7348205237425138,0.0,20.754639101355842
3399,0.4693221694337217,0.7564658179330901,0.0,50.04021212486106
1163,0.4248628033199148,0.855988977891778,0.0,38.523781598975525
3140,0.48912275936003535,0.7151417793768797,0.0,24.915536974563082
11359,0.5111697356533709,0.6710535802273563,0.2,3.079666220184129
972,0.4800561726410713,0.7338521555916826,0.0,20.445121502692082
16739,0.5937865453226453,0.5212353755103238,0.0,3.760191991972233
10782,0.41436157777269084,0.8810163100654114,0.0,71.82485602240686
5433,0.340124615347649,1.0784432127940329,0.0,44.98725467232609
7164,0.5079014480606892,0.6774678501045993,0.0,45.25485187012029
9799,0.4811772478827201,0.7315195780386792,0.0,56.18802258426595
13695,0.4746725586040117,0.7451300629660133,0.0,7.677074663536013
20243,0.4576390195423374,0.7816745725729428,0.2,32.87723359588464
12756,0.5261495839820653,0.6421697264787695,0.0,3.513631760090435
11268,0.5168910476039114,0.659923166326699,0.0,20.11577818757189
11126,0.4052828573509187,0.9031700424404624,0.0,32.55476424867287
8771,0.5543003751371822,0.5900485457801643,0.0,19.47337230944101
17525,0.5020932606934534,0.6889693982712428,0.0,26.90460140052781
10153,0.5708996984674654,0.5605417441825564,0.0,12.815665850203253
5,0.4698642647120328,0.7553114244733826,0.0,57.11702656017731
3448,0.47060178401446445,0.753743011760097,0.0,52.441670618269036
11852,0.47689838637692156,0.7404518372506327,0.0,5.05152901660361
11503,0.48062884462429867,0.7326599395359155,0.0,4.963771160227724
5267,0.4874258916284639,0.7186170172723985,0.0,16.13295121537343
14274,0.5107041364972297,0.6719648456996419,0.2,33.043873337953855
6762,0.5273840226305153,0.6398263001169961,0.0,32.66313457356756
13640,0.4331173177542193,0.8367466459820633,0.0,5.440275505233291
14781,0.39946016506634124,0.9176412307214916,0.8,34.136252732682436
18077,0.4854371996685436,0.7227053514844892,0.0,6.919542103827323
16032,0.46858643461737887,0.7580347020739888,0.0,5.522616406068314
13660,0.5821145908304786,0.5410879591699758,0.0,2.2724070364881883
16510,0.524601780692574,0.64511581717355,0.0,4.961714784611539
10667,0.42493777100252556,0.8558125419488745,0.0,11.305283711791288
13924,0.4476129354449632,0.8038264033976903,0.0,11.25397095669755
20598,0.4671722415447334,0.7610572637350861,0.0,27.676607860736716
3061,0.46733534898200335,0.7607081869794134,0.0,40.48869209123071
9999,0.6270310640251652,0.46675919567668983,0.0,37.45275686399238
19025,0.46996788851842897,0.7550909089133225,0.0,61.91745453089245
19006,0.49090306834836195,0.7115085874826592,0.0,23.896015259199544
15532,0.5412802841529649,0.6138180489850433,0.0,17.447778159476357
4389,0.47799129439106386,0.738162759227528,0.0,61.78422632638505
10098,0.43774283475884956,0.8261236762908591,0.0,7.718060619074996
19336,0.4898707755420552,0.7136136460421523,0.0,20.570983043523576
8922,0.5203000856791464,0.6533495460133069,0.0,51.252006183792766
2821,0.4972543591916852,0.6986535946868133,0.8,48.50751662716565
9424,0.5411998320140117,0.6139666930809483,0.8,20.25813719713426
2992,0.500470140774279,0.6922073407991677,0.0,15.640424390056133
16744,0.5562019140414544,0.5866238959054639,0.0,5.669719931548383
20067,0.3166901685103532,1.1498313694610733,0.0,7.722267432341418
18420,0.5578531547472899,0.5836595147697483,0.0,11.77941697721649
19266,0.5831246763866189,0.5393542623446803,0.0,21.16291348599136
19311,0.5138827213654491,0.6657602081110856,0.0,4.0031162980707915
14488,0.452973986568843,0.7919205799408106,0.0,10.458498803664277
2881,0.4774799161413465,0.7392331803828878,0.0,60.61009770394965
17207,0.5087691461740753,0.6757609091760682,0.8,5.666592750734129
17225,0.5705282068404548,0.5611926685876806,0.2,6.425375506091812
18714,0.47947667572060754,0.7350600287601903,0.0,21.110556193142887
14830,0.5685548843991042,0.5646574279728361,0.0,9.579413082469408
19596,0.5071961711835813,0.6788574248158845,0.0,27.381716198071725
2056,0.510149863783744,0.6730507458730235,0.0,41.98827221908009
4659,0.5096992373125103,0.67393445798313,0.2,53.94845541823432
9590,0.5240122898376394,0.6462401410475083,0.0,44.622878781077844
12982,0.47384466432732436,0.7468757233861113,0.0,13.23165001920145
11271,0.4693301508654716,0.7564488117816589,0.0,12.86568185392498
5879,0.46128445549748476,0.7737403861517764,0.8,51.518342930498754
2888,0.45948047532678177,0.7776588292169561,0.0,53.72844862926082
13055,0.4747088460212388,0.7450536186264296,0.0,4.698866775690997
1052,0.5301776265281151,0.6345431841916367,0.2,43.815208804904636
6633,0.5117557164991176,0.669907884011447,0.0,45.577182786498966
3921,0.49340030941388524,0.7064344477815134,0.0,50.15720151051689
16721,0.4811377799148046,0.7316016051645112,0.2,11.39176901543324
5809,0.395952069651104,0.9264621112877185,0.0,60.8639210499679
2204,0.41436157777269084,0.8810163100654114,0.0,71.82485602240686
8625,0.48263343929590724,0.7284978383120131,0.8,22.23011248095064
3326,0.4809070821617816,0.7320812039161683,0.0,42.928878303955514
18717,0.5482469558309712,0.6010294442194433,0.0,4.302679681114984
17709,0.512389229955736,0.6686707280022051,0.2,23.28545424462547
14490,0.4596250568766836,0.7773442156148646,0.0,10.288150426782774
8421,0.42082849730792427,0.8655298981122866,0.0,85.78266873018626
19355,0.43405143582373606,0.8345922361812714,0.0,30.24520538129579
16229,0.4676901655293055,0.7599492417766857,0.0,11.87458739339938
1289,0.44748530195511216,0.8041115865996745,0.0,61.1727895640587
13103,0.4121333351373401,0.886408353015045,0.0,5.4877539943225155
12828,0.49588978482852464,0.7014015849560734,0.0,7.019276147397129
9818,0.5262524582370051,0.6419742227622421,0.8,30.911059805576883
20095,0.5128111551185213,0.667847620261027,0.0,23.25245149139622
15691,0.42382805075331365,0.8584274466801853,0.0,1.6636495780046192
5610,0.4820685244584605,0.7296690081100299,0.0,51.043994014934626
20703,0.46637588089755067,0.7627633586244791,0.0,36.743071932639936
8534,0.4902284582719126,0.7128837551629505,0.0,47.488752546731675
1286,0.5060763626455833,0.6810677067617572,0.0,40.80276361010708
12306,0.5389869102203855,0.61806399367344,0.0,10.319196499672657
10085,0.47101904942539496,0.7528567411436773,0.0,2.793098448614731
15413,0.5656711316755465,0.5697424090902845,0.0,5.301453290456681
6707,0.47883410909008806,0.7364010691345718,0.0,52.53117521081365
18814,0.5107230682016519,0.671927776578441,0.0,2.4963796020858244
17677,0.5141479667973536,0.6652441818078935,0.0,13.10032176080939
17676,0.5141522567203659,0.665235838090924,0.8,13.100157452154058
3307,0.48082911786729765,0.7322433363068434,0.2,54.929233426132
2174,0.4952758149220874,0.7026404697299604,0.0,50.03151593369496
18419,0.5548913909519365,0.588982876364369,0.0,11.456247075710248
19263,0.45249331818380634,0.7929822823958081,0.0,38.582551981972095
5831,0.4557549053533063,0.785800102226639,0.0,52.49537606905778
11465,0.46787979370791466,0.7595438671078355,0.0,25.39686849309965
4212,0.4328522605627059,0.8373588088257187,0.0,36.42510818391876
11388,0.48439407039150245,0.7248565085187044,0.0,3.3510840688158936
13460,0.5634316404672168,0.5737092652530563,0.0,5.972313637309125
275,0.48007047267129854,0.7338223677917125,0.0,48.07270488164879
11053,0.43369332702803814,0.8354176144062028,0.0,17.38666899615295
6041,0.5014606445873715,0.6902301500585619,0.0,52.62314779899316
17259,0.5549218245150129,0.5889280318866498,0.0,2.557679090828608
20910,0.6054350812851883,0.5018079367902984,0.2,17.699769224874185
10165,0.3769367352481542,0.9756779166288233,0.0,5.834749360633679
18118,0.5094867227504499,0.6743514860299591,0.0,21.04988302554643
10390,0.5398040546796289,0.6165490669784464,0.2,6.313832663060321
212,0.47355405703048004,0.747489208077208,0.0,57.75849145029926
11598,0.448337346177857,0.8022093250717829,0.0,12.192378552571107
3951,0.4792838135288979,0.7354623444510715,0.0,47.01222463289275
20812,0.6341886156487903,0.45540886776623707,0.0,16.264927781761035
2587,0.48935328718015175,0.7146705816910564,0.0,31.831428362820105
5841,0.47336394874713245,0.7478907386949423,0.0,46.36922579908642
9384,0.4837775582639051,0.7261300682733589,0.8,22.882174330457495
18535,0.4430481504501881,0.8140768230823759,0.2,8.968277512472577
9989,0.4789015071404781,0.7362603245504526,0.0,37.88059145123259
648,0.4749099482959431,0.744630075455393,0.0,49.964676926841534
17468,0.4681111009241389,0.7590496161012081,0.0,27.898109370122427
3789,0.44191882733505966,0.8166290623331146,0.0,71.37705410612693
5927,0.49254044305734773,0.7081787038585426,0.0,45.32343704694673
1156,0.494899413185305,0.7034007427487721,0.0,21.89369962523212
20383,0.44348176140265266,0.813098602311154,0.0,32.690629243885446
5570,0.4701610735110896,0.7546799333914905,0.0,47.78067328284874
14109,0.48424656106215636,0.7251610782955576,0.2,7.7861995456428
18450,0.5375219836976026,0.6207856199141809,0.0,7.906946137728943
2874,0.4434978597037133,0.8130623031658764,0.0,13.740754164137925
4307,0.5113470409565416,0.6707067784750453,0.8,39.57169993002768
13052,0.4448190368212466,0.810087738352681,0.0,2.5809678208987252
20835,0.5519992993412561,0.594208502015166,0.0,17.09240719779016
12457,0.5238647606044875,0.6465217184216179,0.0,3.546171711862536
3980,0.3896548810408844,0.9424938520396403,0.0,38.64224793362526
8931,0.4684563291930902,0.7583123957506267,0.0,61.45742817146419
17194,0.5311478605082394,0.6327148398010541,0.0,8.16518514038146
4376,0.438475553775951,0.8244512183797251,0.0,55.69167917254406
19733,0.4872987896489683,0.7188778129260992,0.0,11.9890849033246
3294,0.46045907333207997,0.7755313016509332,0.0,55.89254067330939
9703,0.5042439150685624,0.6846951695115289,0.0,44.39700353371416
3538,0.4556415426134238,0.7860488693591421,0.8,33.11230562321538
7703,0.44765377886789065,0.8037351603696568,0.0,61.90770195387533
5847,0.474647433695937,0.7451829953982476,0.0,54.11519117252698
17964,0.3288183513070547,1.112249804379938,0.0,66.95743482935525
18854,0.5129709634457323,0.6675360368835985,0.8,25.190139928582642
7224,0.6502057636029777,0.43046640679760967,0.0,29.043138762161878
17644,0.43323935881472386,0.8364649119927897,0.0,79.07939673646526
1175,0.5209144962024269,0.6521693654716858,0.2,17.14879289287738
14672,0.5270991368682236,0.640366632632801,0.0,8.467408011342808
11120,0.5824494746411932,0.5405128361177121,0.0,2.033760565394594
17699,0.5857290020066193,0.5348980502835333,0.0,9.418752065398806
8527,0.41347882923070045,0.8831489647875053,0.0,76.74564638761258
11041,0.5519369434025139,0.5943214721965844,0.2,3.4460243815100613
20392,0.49969986010279144,0.6937476405944115,0.0,26.098785498159337
8016,0.476020379871348,0.7422946108114737,0.0,38.68468205672758
19413,0.4440344158312407,0.811853206420475,0.0,6.4408374549459895
20610,0.4482811729942212,0.8023346251464705,0.0,11.485821151826467
3176,0.48336088972611063,0.7269917206343831,0.0,63.76444315126095
1154,0.4497128731371629,0.7991459595596829,0.0,59.93994355035399
2865,0.44451847559953583,0.8107636599886318,0.0,59.615454022080286
3367,0.4824924951389996,0.7287899124401259,0.0,39.32914495592303
20783,0.4771668139877513,0.7398891343707668,0.0,16.21282023353147
6808,0.5066976241874755,0.6798408553064588,0.0,20.06210379569682
3154,0.48332338953278015,0.7270693058277164,0.2,21.557604640436864
15009,0.578203624114553,0.5478291814939849,0.0,15.213216620864257
16778,0.3594766746115891,1.0231059867866896,0.0,6.653002373617515
15638,0.5016087778369325,0.6899347901416384,0.0,7.757281973502944
17908,0.49657695552006326,0.7000168114953387,0.0,23.51951434968133
16887,0.48807295287344604,0.7172903907089164,0.0,10.155397346184348
17880,0.42124854935280154,0.8645322409943698,0.8,44.37211627965739
5117,0.4970808636774004,0.6990025625440413,0.0,29.130931260726285
13117,0.49706129211212285,0.6990419363200473,0.0,17.716868733725377
11953,0.6019073144843791,0.5076518081773147,0.0,4.006387807734473
4638,0.5073988425702262,0.6784579129188356,0.0,42.325598346784034
17772,0.5006030607157882,0.6919417859084914,0.0,26.743898181802255
16531,0.5702045340965686,0.5617601507698902,0.8,5.561557471241623
7835,0.49054807148381224,0.7122319997150643,0.0,50.650377138245105
11462,0.42360039448838444,0.8589647339796243,0.0,14.48785680098614
16433,0.3975818122641228,0.9223545490485058,0.0,2.5404410778843576
16095,0.5477436910762485,0.601947818461987,0.0,5.291422109897703
9646,0.5381544249833609,0.6196097247220416,0.2,38.29807793597386
8512,0.48254306780471795,0.728685102487609,0.0,39.22876460500237
9049,0.48811680525092394,0.717200546747448,0.0,19.45406483052453
17732,0.5010616720259441,0.6910260876170158,0.0,13.295341767588063
5883,0.4598838570672999,0.7767813060149129,0.0,57.85817083851234
711,0.47997632700521564,0.7340184950355435,0.0,46.20646762255748
9306,0.4611179689619215,0.7741013707566656,0.0,63.06603962049351
440,0.4784573093612783,0.7371882897050401,0.0,26.568266635885692
12044,0.5578486848602786,0.583667527460689,0.2,5.626555304264567
8984,0.45490703238597485,0.787662205334695,0.0,60.53184228278703
8393,0.4776127729378194,0.7389549732541998,0.0,50.04202605304002
14852,0.588344378080995,0.5304428255168578,0.0,4.456780846622264
16001,0.46063211269157206,0.7751555747649237,0.0,6.228374924956809
3644,0.4833131436269097,0.7270905049144866,0.0,51.438019767189076
11502,0.4678627848836957,0.7595802207474154,0.0,5.238634867156756
4041,0.47748922868238464,0.7392136770490075,0.0,55.622130930048996
17915,0.5693279617916065,0.5632986281384997,0.0,17.995983051383543
8403,0.47389517681001175,0.7467691277138757,0.8,35.26990271138442
4993,0.5292388716831146,0.636315395767129,0.0,41.52594408707918
8449,0.5175659466613013,0.6586183287995937,0.2,49.19549838112083
13380,0.5892244409892999,0.528948113602101,0.0,6.4008010339168395
514,0.39942698021211576,0.9177243084238698,0.0,44.70693632406202
2101,0.5253739198273517,0.6436450416621072,0.0,20.93165869522749
10292,0.5854772122268649,0.5353280168950036,0.0,15.507917247915245
3209,0.5125000534711607,0.6684544636356072,0.0,55.19094442204282
11086,0.6319242368719802,0.45898577038838534,0.0,7.890424152881694
18686,0.5299164801960238,0.6350358693895213,0.8,17.096754186851918
7384,0.5361897966801651,0.6232670823054466,0.0,12.124102835331566
17041,0.542399048002202,0.6117532975156738,0.0,47.04107696795869
13338,0.562532875459772,0.5753057013496027,0.0,8.42074959893571
18569,0.48445566376222193,0.724729361101244,0.2,25.15535684262619
15062,0.597942332202732,0.5142609641251973,0.0,1.6420095507002732
1604,0.4814305025631116,0.7309933934403993,0.0,44.91954458461623
15608,0.5304748191711409,0.6339827882730518,0.0,10.848714070286206
12686,0.43274337025507265,0.8376104050776655,0.0,12.724926476171415
1100,0.4801863310363266,0.7335810607472992,0.8,37.52266957819056
17104,0.5107041364972297,0.6719648456996419,0.2,33.043873337953855
13392,0.4331173177542193,0.8367466459820633,0.0,5.440275505233291
13945,0.5706286373180389,0.5610166533828339,0.0,10.97068029308284
21203,0.4249842219608251,0.8557032355449212,0.0,6.235509426819985
20419,0.5602977106415251,0.579287010370477,0.2,7.724792167275571
19161,0.6079659558951989,0.49763639217709277,0.0,3.730431559109217
15025,0.5335321524862779,0.6282359429780072,0.0,8.107070730952755
17059,0.6456738948851048,0.4374607093367274,0.0,11.97417442248785
13171,0.4641259032866437,0.7675994202726338,0.0,13.062622343886506
17543,0.36549105767951034,1.0065134660847328,0.0,9.627301120722121
20295,0.44084238121290403,0.8190678796378972,0.0,41.70652718467554
4770,0.5035688246676095,0.6860348836772825,0.2,44.80837010227155
6379,0.4824080176992204,0.728965013269426,0.0,23.035294697391944
19076,0.4297282784144552,0.8446021806982797,0.0,14.307561392095089
5193,0.4604359221997879,0.775581581286308,0.0,40.87624758906769
9304,0.5196809239527576,0.6545402635241245,0.0,47.146534382643345
11658,0.4887453504482424,0.715913680877188,0.2,9.92839831045288
7960,0.5312973484923275,0.6324334361412547,0.0,17.19649755246669
13878,0.42346237877701687,0.8592906028926373,0.0,13.811807639990079
1242,0.48159766077346305,0.7306462421972808,0.0,55.20397705219109
17822,0.6206027166997081,0.47706414944004233,0.0,8.513925077282842
8524,0.41347882923070045,0.8831489647875053,0.0,76.74564638761258
9196,0.4901628738470889,0.7130175475023417,0.0,50.75614965824261
8022,0.5091672066595792,0.6749788160625138,0.0,16.071245249970875
21068,0.5864175282700465,0.5337232375364346,0.8,9.37111290599162
19424,0.48317758440197056,0.7273710233341605,0.0,15.582106191328094
18774,0.5005126388676768,0.6921224280628295,0.0,9.926419868557577
10544,0.45433130345574496,0.7889286037793699,0.2,6.87432959518392
12104,0.5519733743619988,0.594255468719831,0.0,9.884548681253921
10121,0.43770220798855203,0.8262164902731034,0.0,77.26363773537253
19640,0.5181924041167302,0.6574086691693366,0.2,51.18584189059001
11825,0.5437024439295509,0.6093531598439494,0.8,10.638300267683253
5265,0.5005117166374686,0.6921242706357962,0.0,59.01743423369912
10604,0.43566761346789806,0.8308756808044427,0.2,55.294779093167016
13969,0.5192049250880721,0.6554566277203138,0.0,19.979629156204517
4676,0.3761123634505328,0.977867341271529,0.2,56.726082825843534
17556,0.47666313478384137,0.7409452539681334,0.0,21.554097550992275
10560,0.42363461985274686,0.8588839408967093,0.0,6.366691937796655
12980,0.4877360397773255,0.7179809215649458,0.0,12.571845416215027
16152,0.5488466683630115,0.5999361690812983,0.8,8.343312914463104
11412,0.554469555110845,0.5897433788192641,0.0,14.39268672139411
11265,0.518068521973369,0.6576477636692495,0.0,20.04641936296896
9549,0.502565700962993,0.6880288994106445,0.0,48.27554573243518
20286,0.6081778213013115,0.49728797053118445,0.0,19.38801532018547
13002,0.49940967436201894,0.694328529353696,0.0,8.198284030884171
4890,0.4654102596347302,0.7648359835895662,0.0,55.442960275350586
16875,0.488059328276183,0.7173183061821101,0.0,12.495684606375379
8246,0.4267060113949605,0.8516600007811138,0.0,78.27180808333917
3838,0.537972685056654,0.6199474913794171,0.0,43.303333691799494
13635,0.5084432679003615,0.676401637268556,0.0,26.626550296260653
16928,0.40591466117167324,0.9016123356327329,0.0,7.323346574508466
14045,0.4052828573509187,0.9031700424404624,0.8,32.55476424867287
4531,0.44278674570470716,0.8146670115118527,0.0,55.88615574662989
2339,0.40371180343073376,0.9070540134264818,0.0,67.68890575195121
1451,0.4410587297532143,0.818577238358597,0.8,45.676606153260494
1773,0.47063103227032027,0.7536808629370657,0.0,51.378425921453214
158,0.47973139962932393,0.734528915811394,0.0,52.85559892116606
3339,0.5105337738305914,0.6722984852296588,0.0,34.320839722666236
15187,0.48372626864642954,0.7262360929031269,0.0,13.138336868591901
5485,0.3747947855511443,0.9813766413316621,0.0,50.0992767912504
14630,0.33947347672635364,1.0803594595526331,0.0,17.23119380595763
13901,0.5687919802468027,0.5642405000179562,0.0,11.02638774803538
15204,0.45500422834186915,0.7874485670153137,0.0,5.8767288899377625
351,0.47750137400511666,0.7391882415678656,0.0,51.79491986107799
15218,0.5398256806121434,0.6165090052205853,0.0,6.5997288538504595
6391,0.5117635092457555,0.669892656653832,0.0,17.19648058746828
20522,0.5386923304037193,0.6186106866278898,0.8,18.58553985605757
9031,0.44268570075720476,0.8148952398397804,0.0,60.90934694000101
4648,0.5126170958104106,0.668226114437,0.0,55.41231610034872
5442,0.46711995518472144,0.7611691909464009,0.0,71.83915195816776
1,0.48061928805656867,0.7326798232005082,0.0,27.455344563082978
6586,0.4668766845937455,0.7616901148686429,0.0,54.40752368470794
4832,0.49029725918076617,0.7127434204267128,0.0,58.273903576672254
16281,0.41530166673849295,0.878750115017357,0.0,13.04812130407816
15518,0.5236470540738004,0.6469373825330313,0.0,5.705340471776826
13118,0.43781174095506786,0.8259662761737863,0.2,10.667354425276336
177,0.42636055552458185,0.8524699162148178,0.0,48.4245538507359
2555,0.4227737665776796,0.8609180737944866,0.0,52.55905103246687
9478,0.46455775922416215,0.7666693813668574,0.2,56.77569834647996
21006,0.5021312068751866,0.6888938251638813,0.0,5.205626243066277
11414,0.5493695522732771,0.5989839268179784,0.0,18.773354238898968
20861,0.4848085398415835,0.7240012291973934,0.0,35.85616198073911
5995,0.4780612125774771,0.7380164949041186,0.0,45.79392294573866
17696,0.5006030607157882,0.6919417859084914,0.0,26.743898181802255
19723,0.5938276054422116,0.5211662282716248,0.0,1.4744574456988724
16746,0.5378304048396355,0.6202120011566882,0.0,10.684702522007763
7274,0.49265850093758723,0.7079390408310411,0.0,38.74904653255186
5900,0.5142717881702789,0.6650033825176709,0.0,62.22769202644837
7930,0.5403187983321157,0.6155959463403277,0.0,49.89405098122112
8541,0.47755478480931046,0.7390763930576884,0.0,63.28341615556457
6513,0.44250704100899185,0.8152989027760182,0.0,66.77297982634403
1121,0.4378126130051848,0.8259642843376455,0.0,41.57904535039292
10046,0.4248884060903385,0.8559287184413695,0.0,13.825387938951344
13672,0.4854371996685436,0.7227053514844892,0.0,6.919542103827323
7123,0.4434978597037133,0.8130623031658764,0.0,13.740754164137925
15865,0.5992689484574855,0.5120447858797185,0.0,8.275667432868952
18494,0.6149911678282409,0.48614737253363577,0.0,13.778145664082281
14166,0.40496184514735944,0.9039624258262855,0.0,32.23032659434849
20192,0.5979260560258498,0.5142881848077462,0.0,7.383635649775354
10123,0.4588122675283222,0.7791141557924864,0.0,29.872015538142918
6264,0.4496576387647791,0.7992687885199886,0.0,61.575668199332355
13345,0.43767346332538903,0.8262821641640175,0.0,12.378533057212916
21049,0.4954888836602713,0.702210360054528,0.0,6.669243189277073
1692,0.4977395399016722,0.6976783510217341,0.0,57.97044027897389
12079,0.48660096407828246,0.7203108673805007,0.2,18.4495754956188
13782,0.5179503057679106,0.6578759761356757,0.0,22.46031519234029
17101,0.3325946180395595,1.1008308938348101,0.0,8.003040052265312
7971,0.44169287233911725,0.8171404973920912,0.8,82.81310470568744
15177,0.5026552822902419,0.6878506673025241,0.8,13.364593627222558
6110,0.5087563778331325,0.6757860060225692,0.2,16.252652929258986
1080,0.5273840226305153,0.6398263001169961,0.0,32.66313457356756
13260,0.4682128468573529,0.758832285477858,0.0,9.901357533231245
19299,0.4591892050298714,0.7782929424633132,0.2,12.033381251939067
2573,0.47995439821664193,0.7340641833086685,0.0,41.8416584485941
5273,0.4786304018326045,0.7368265831003289,0.8,39.35022277102655
5213,0.5009334139031697,0.6912820931110067,0.0,46.685736052770565
855,0.46066333262312337,0.7750878007805367,0.0,80.07044549617137
9828,0.5374870989230005,0.6208505212720918,0.0,19.556791420070894
6669,0.4948665421090737,0.7034671646661306,0.0,44.97969222620152
8196,0.5466547811496816,0.603937788867722,0.0,19.896730269939916
10966,0.5104624627125844,0.6724381745165936,0.2,19.59215779595602
15287,0.5284018870560523,0.637898135076051,0.2,9.772918160644387
7862,0.5117557164991176,0.669907884011447,0.0,45.577182786498966
2914,0.45591493614510487,0.7854490304105982,0.0,36.17385233900985
16082,0.5731873866734976,0.5565425883757882,0.0,4.098101415319403
16991,0.5233283293852357,0.6475462310378692,0.0,15.434263823941333
7502,0.5402500259912542,0.6157232354854637,0.8,34.18372237159258
647,0.47360453237156874,0.7473826254168145,0.0,38.18377844658659
15557,0.607747538508111,0.4979957159658693,0.2,8.662885043195743
17759,0.4777436617348906,0.7386809628573682,0.8,25.510349052948627
7292,0.4549768816837675,0.7875086708082576,0.0,28.405434511618097
12065,0.4880125117231802,0.717414234680649,0.2,4.780597390654858
11777,0.5917198895943007,0.5247219155424825,0.0,3.602688345843798
16953,0.3397199479266424,1.0796336833535076,0.0,16.35699044088842
6533,0.5283844977840918,0.6379310447959556,0.0,48.24353282918033
17953,0.6185946878332029,0.48030500616991023,0.0,14.674277654380617
11050,0.434252560502469,0.8341289774995636,0.0,19.999868927700334
2260,0.5073497469877642,0.678554676950844,0.0,40.0347259400998
20275,0.4828970617858036,0.7279517706400922,0.0,11.14344932180996
2294,0.44109054907047285,0.8185050979215163,0.0,52.695355956095824
10689,0.5123416358626637,0.6687636189157007,0.2,20.852049204099323
17906,0.5006030607157882,0.6919417859084914,0.0,26.743898181802255
3371,0.5242248162396288,0.6458346480466035,0.0,39.02132825241723
7933,0.44373472749464077,0.8125283556982726,0.2,34.138378368734976
11191,0.4294648704933056,0.8452153325366922,0.0,30.92346929359997
18362,0.627667763449898,0.4657442915970139,0.0,1.7681981879463389
11657,0.48317159921473884,0.7273834105484993,0.2,10.08662600241594
5567,0.47800246444451716,0.7381393907623042,0.0,45.70743687500331
7708,0.4838737644813726,0.7259312234714699,0.0,46.489001751159435
1796,0.4777280658300858,0.7387136083127097,0.0,33.07220576434749
11173,0.47728027500218223,0.7396513820295961,0.2,14.52046663958623
18220,0.49807177217286674,0.6970110915128434,0.0,27.077834899401612
11200,0.5421451353815575,0.6122215359317268,0.0,23.616445047934416
20500,0.5144133801044416,0.6647280953075045,0.0,9.89115413424776
48,0.4269914194029539,0.8509913610304707,0.8,67.75593125628924
5634,0.48759815028746256,0.7182636748861894,0.0,26.945661324962046
17428,0.46018075893583177,0.7761359124769516,0.0,2.9225397392023744
6991,0.4787514280178872,0.7365737556867434,0.0,54.24865542044512
19066,0.482513041403956,0.7287473297518792,0.0,16.261996357618635
6891,0.4939062604296564,0.7054095360154735,0.0,55.67797489297522
20733,0.5439118193800246,0.6089681419931848,0.0,22.611291498710727
18115,0.5122228722383234,0.6689954513165562,0.0,22.009951369120746
13199,0.5296246249288536,0.6355867782181452,0.0,4.719549568318273
1563,0.4726166821940091,0.7494706160922461,0.0,52.17065004362181
1504,0.46825968128224604,0.7587322624157289,0.0,47.967048767441455
1547,0.4669781662286883,0.7614727756638341,0.0,19.28049117362226
8230,0.5394277311585194,0.6172464584772882,0.0,16.66565437888678
7280,0.455695037485085,0.785931470644132,0.0,31.492273788863116
14520,0.41530166673849295,0.878750115017357,0.0,13.04812130407816
1754,0.5546343311613892,0.5894462451534352,0.0,17.98989967190992
9998,0.6280053242598878,0.4652066344290371,0.0,37.32817935279735
5268,0.4776829670719793,0.7388080153408618,0.0,39.75156549088139
4916,0.5299234728771504,0.6350226736591539,0.0,16.08194908929711
12200,0.43184180363770247,0.8396959530869889,0.0,24.208435064230635
15344,0.517735816594423,0.6582901733947155,0.0,5.620942842715315
16900,0.30570821997441866,1.185124161423565,0.0,5.4292610029907165
6699,0.48399696721418484,0.7256766383715323,0.0,50.10071577754739
460,0.4973486606995228,0.6984639682605222,0.0,26.709260654202353
11796,0.532952992399198,0.6293220530786318,0.0,10.934156184063152
20864,0.4695817443113237,0.7559128861997882,0.0,5.97286494414846
7985,0.5087563778331325,0.6757860060225692,0.0,16.252652929258986
6415,0.5283165316507473,0.6380596831364984,0.0,22.667071217025917
16735,0.5565560370863933,0.5859874177629626,0.0,10.149302455666493
5402,0.4738192372259987,0.7469293860850703,0.0,51.60758810653696
15535,0.5230664012413618,0.6480468607556576,0.0,9.477685338551492
7504,0.519044778459468,0.6557651211960684,0.8,31.155401058117935
7037,0.4730899300646774,0.748469781575416,0.0,54.8980160157636
774,0.456788972706893,0.7835337612406218,0.0,34.36579423518883
19678,0.5224666002933174,0.6491942200699287,0.0,20.851468817624838
643,0.5310682148397341,0.6328648011328452,0.0,44.873277951784345
16404,0.5437024439295509,0.6093531598439494,0.0,10.638300267683253
18406,0.5517750297444561,0.5946148705888434,0.0,12.697019827051292
10233,0.5672314386835834,0.5669878774378334,0.0,6.064786001881867
6003,0.4723275339346722,0.7500826062254756,0.0,50.966617185479656
17526,0.48268280784565937,0.7283955535945614,0.0,26.454961591896677
19836,0.47032200497686155,0.7543377018914801,0.0,24.76867631220497
475,0.4593671598899499,0.7779054760669087,0.0,55.27018348105909
17175,0.4482811729942212,0.8023346251464705,0.0,11.485821151826467
9636,0.49281165412324146,0.70762821825341,0.0,38.533890521920554
14813,0.4103874683784964,0.8906535207319002,0.2,1.731764546343568
2937,0.47751834212555283,0.739152706970723,0.0,38.09593119398558
19173,0.5003702143437764,0.6924070258544788,0.8,26.3218526652463
6006,0.4679557847955663,0.7593814644602674,0.0,51.742734596185436
8851,0.4470774310020118,0.8050234756519169,0.0,23.735312321950843
5658,0.4894018752795384,0.7145712961878168,0.0,42.1704246083843
19157,0.5519132297251153,0.594364437588047,0.0,6.951092057914103
9200,0.4996251180686265,0.6938972256361886,0.0,69.32727170743128
3292,0.4686051693836717,0.7579947214206937,0.8,53.9010022113484
16628,0.5182702627122383,0.6572584300953277,0.8,4.392720779586446
16273,0.6005491707607288,0.50991075778231,0.0,3.438583070615077
7253,0.46758509040970503,0.7601739352439303,0.2,50.859442009215314
19316,0.5557366999759534,0.5874606580913984,0.8,20.802276502847473
20749,0.5400174393204986,0.61615384490733,0.2,9.179151340401258
6609,0.486166957794847,0.7212031795188303,0.0,48.472065035179355
16700,0.4665193476978661,0.7624557853899959,0.0,14.74970628126538
2673,0.5197615906872285,0.6543850519881392,0.2,53.09680521519355
1813,0.5239592438244842,0.6463413766469431,0.0,39.95036384375905
19160,0.5708686717778295,0.5605960926659301,0.0,3.9171653712566674
14990,0.41925446895296214,0.8692772189367934,0.8,13.786736393894893
4098,0.40934235693386434,0.8932034145594338,0.0,59.82140461443454
19720,0.4599262234421839,0.776689186183196,0.0,3.6810794536829445
15961,0.3903480548719655,0.940716489464078,0.0,6.492481560099562
12102,0.5443705923905273,0.6081250280501183,0.2,6.939618598686741
13752,0.487786337527401,0.7178778019414697,0.0,21.39275931940174
1282,0.5053413375872342,0.6825211620207998,0.0,41.50922889659964
19641,0.5169147513345319,0.659877309105451,0.2,51.37804768970756
1954,0.4517443573005276,0.7946388403448041,0.0,64.20443508660229
17374,0.6017258273849998,0.5079533736534411,0.2,19.132318120875325
8322,0.47525103583375605,0.7439121180604639,0.0,51.36713118451512
18757,0.5451039457668706,0.6067787763270739,0.0,21.039810565085233
6584,0.46413792503506035,0.7675735186958396,0.0,51.930188398448244
2031,0.46696690100436533,0.7614968996186977,0.0,42.98649765957137
3742,0.4457583975092292,0.8079781833603015,0.0,67.13491046088731
15084,0.5462558022742359,0.6046679106164192,0.0,12.677770206957533
9093,0.5327800143935305,0.6296466709821479,0.0,19.903130453095805
13077,0.4280944113325833,0.8484115205004632,0.0,5.406247597874034
19814,0.49646583971005853,0.700240600059139,0.2,23.613863528646085
8177,0.44373472749464077,0.8125283556982726,0.0,34.138378368734976
19077,0.4297282784144552,0.8446021806982797,0.0,14.307561392095089
10937,0.5008254857799551,0.6914975703554141,0.0,6.070657035619632
20261,0.5281140886421862,0.6384429416433051,0.0,30.60822993008101
3385,0.4632619790108723,0.7694625555198636,0.0,60.8221662921396
16114,0.6473063919797353,0.43493553864591183,0.8,4.397415702091037
17945,0.49035665891733515,0.7126222773087476,0.2,9.765776365130202
5858,0.5026329059485154,0.6878951845702926,0.0,42.81803502882654
1300,0.4809070821617816,0.7320812039161683,0.0,42.928878303955514
7586,0.46968323810805673,0.7556967729643803,0.0,48.9086931859817
7341,0.48095771317077884,0.7319759271469389,0.0,51.326154021975285
20271,0.45996703438953146,0.7766004564375939,0.0,6.730019654731793
6773,0.47815742052951904,0.7378152690567326,0.0,26.520769621080902
5371,0.46889399615807226,0.7573785570673706,0.0,53.01649899471593
9203,0.5009951248328096,0.6911589088172531,0.2,44.99444522765937
18214,0.5238520492489893,0.6465459832904819,0.0,14.63133567585492
4228,0.4378980668866594,0.8257691196931847,0.0,83.68757244332474
13501,0.5201638341863497,0.6536114512864724,0.0,8.059029144495607
11613,0.4297282784144552,0.8446021806982797,0.8,14.307561392095089
5763,0.4802478246979786,0.7334530068638155,0.0,56.56022705747848
2154,0.4954298132637669,0.7023295835523946,0.2,58.99568501840115
8550,0.4419444066055644,0.8165711817255057,0.0,59.54926892696391
3576,0.5117953392195211,0.66983046194207,0.0,45.58196242411777
15087,0.5392423376502729,0.6175902030854552,0.0,12.948705461819209
20426,0.5445277873445992,0.6078363051387993,0.0,7.990919907830389
10901,0.5692274653039839,0.5634751614639609,0.0,5.376848890941504
200,0.48614789810218106,0.7212423842940175,0.0,50.18043943752054
14434,0.5228230805290064,0.6485121502933885,0.0,4.735111363938198
10504,0.3964846552689527,0.92511793911273,0.0,33.95414147789901
15221,0.6183407064910007,0.4807156684355985,0.0,8.2260067419917
4222,0.5032080606852928,0.6867515548742608,0.0,47.90297745566335
18422,0.5582461159831383,0.5829553457726145,0.0,11.76520543773197
128,0.48516557855638187,0.7232650472227378,0.0,42.22782856812317
13693,0.46928836551951064,0.7565378476258472,0.0,13.717921569707933
979,0.48218472844111715,0.7294279843273882,0.0,23.049924583000163
6677,0.4721808601792812,0.7503931884447212,0.0,39.808358074487884
11811,0.5514168098603021,0.5952642950749282,0.8,8.783124741953158
13456,0.5229977939796763,0.6481780329382012,0.0,11.29417843658925
5057,0.5002983657943241,0.6925506269447935,0.0,51.24874639391473
2691,0.5278020211871631,0.6390340254637032,0.0,17.253918687519988
21064,0.4948240057141738,0.7035531236459747,0.2,12.034275186942791
9072,0.5249893589003767,0.6443772853571147,0.2,18.439177884666755
20706,0.5243868361185129,0.6455256301565028,0.0,20.058417568492587
14662,0.4436783590707723,0.8126553955736083,0.0,12.002228481965403
15157,0.6004220586233319,0.5101224400187558,0.0,3.5470344834158896
21088,0.500333054417188,0.6924812934775904,0.2,10.818427652070636
9390,0.4679700566978423,0.7593509665262552,0.0,66.13946802575921
18477,0.5123080283837205,0.6688292169051949,0.2,52.763939064810856
125,0.5461587314870157,0.6048456284780472,0.0,18.472891663886067
6732,0.4734693246928279,0.7476681526302433,0.0,46.392808300281075
5930,0.48434983415889993,0.7249478355090999,0.0,47.1216093080915
16712,0.5594569464368869,0.5807887042590854,0.0,10.068262999203593
16301,0.46380275241756064,0.768295919685946,0.2,58.43735658028906
480,0.48484168637010105,0.7239328611866728,0.8,21.77771062803825
16779,0.36232576068774114,1.0152115804132862,0.0,6.45395355236435
10293,0.584751001642359,0.5365691605781289,0.0,15.543871939101255
13166,0.4379903919795846,0.8255583049659609,0.0,5.225783810620994
19051,0.500654347221504,0.6918393417111169,0.0,27.76316713239035
12549,0.5497319121437345,0.5983245520553794,0.2,4.811426797479893
2357,0.5026663015318789,0.6878287454780756,0.0,46.90992359023487
2861,0.47953045100156455,0.7349478809366445,0.0,45.14784855022636
19325,0.5179866805980722,0.657805750184377,0.0,10.114420853491492
15011,0.5717146571725901,0.5591152631668137,0.0,15.526631114085074
1283,0.5115827156227244,0.6702459947920273,0.0,43.643066519082936
9552,0.389982130538837,0.9416543600393605,0.0,40.491137481692505
6843,0.4973486606995228,0.6984639682605222,0.0,26.709260654202353
8837,0.44785374656647614,0.8032885584233198,0.8,55.864704388987164
10573,0.5437570678681104,0.6092526982855874,0.0,10.63654637471339
12205,0.40589776625191576,0.9016539583504671,0.0,15.526480543678403
19977,0.6130551434717951,0.48930039036781664,0.0,1.9563941693504916
14711,0.5151398954356153,0.6633167735837524,0.0,11.733741337568217
20172,0.4611389147503104,0.7740559478625405,0.0,16.58414809239711
16150,0.549925214069254,0.5979729844205182,0.8,8.372818496582045
13121,0.42493777100252556,0.8558125419488745,0.0,11.305283711791288
4005,0.6314793351808602,0.45969006111440774,0.0,34.506635559843204
8937,0.4683820566386533,0.7584709557663472,0.0,39.11055379249035
388,0.4748566284432083,0.7447423553652079,0.0,51.4654201265967
3811,0.4763714549051189,0.74155736163135,0.0,52.46518616423485
7790,0.4973486606995228,0.6984639682605222,0.0,26.709260654202353
5907,0.4577082891467072,0.7815232210502049,0.0,23.777843404197583
16272,0.6013110966306658,0.5086428467069845,0.0,3.4300329125881674
6522,0.5035253067082981,0.6861213065010935,0.0,60.07060298776546
9251,0.4607548944707834,0.7748890596545874,0.0,55.055867097265
9429,0.4498366372097047,0.7988707905514202,0.2,88.1513953111303
15482,0.49632686643801316,0.7005205643902476,0.0,6.212636601458772
11803,0.5196942809249765,0.654514561598281,0.0,11.838204805718412
17351,0.4854371996685436,0.7227053514844892,0.0,6.919542103827323
12868,0.4870198561616998,0.7194503843247648,0.2,5.393359817068541
12940,0.5483795535431258,0.6007876158272469,0.0,11.308173776107957
14567,0.4900258944118691,0.7132970435352433,0.0,14.376501721981967
2598,0.4391395829783649,0.8229379597739406,0.0,35.80397303372398
18851,0.5002233175800278,0.692700645111684,0.8,27.9165277896455
6024,0.5004286269497209,0.6922902938927683,0.0,53.30635262974316
18156,0.619870931795386,0.47824399713789456,0.2,7.650469554247703
4728,0.5230851073026994,0.6480110990878939,0.0,46.436475261759824
2590,0.47980111170528605,0.7343836115611236,0.8,52.163267032722246
12874,0.5240375763467755,0.6461918866467266,0.0,11.508677464202805
5025,0.46622466410237806,0.7630876492273713,0.8,61.0966086764997
2208,0.41436157777269084,0.8810163100654114,0.0,71.82485602240686
6970,0.4576845977867188,0.7815749832177546,0.0,23.779418268105793
3421,0.42330027065022535,0.8596734920738774,0.0,26.659334387233905
8460,0.4840142437224408,0.7256409435199385,0.0,56.96281406631516
12965,0.5123828518501071,0.6686831758542537,0.0,11.671530625590915
11824,0.5437024439295509,0.6093531598439494,0.0,10.638300267683253
7929,0.5407366354664208,0.6148229292645174,0.0,49.53935799456116
11832,0.4936232345324638,0.7059827359176245,0.0,6.871859361479313
17193,0.5336250786427494,0.6280617865294621,0.0,8.109220041883153
9320,0.4834583535526271,0.7267901031603325,0.0,22.902973680336824
17384,0.4354424527766577,0.8313926320026428,0.0,59.06712529725918
14435,0.5150943108646422,0.6634052671917575,0.0,6.726929478918405
12211,0.5447308261256053,0.6074635033434371,0.0,9.771132738224544
2964,0.47442739483665575,0.7456466866828726,0.0,47.34856175994604
5331,0.46015030825473574,0.7762020857969506,0.8,47.77523778860712
17288,0.5514068350696695,0.5952823846229329,0.0,8.289306893636304
4019,0.49699859318208545,0.6991680835090609,0.0,39.06252007885915
3351,0.46322437290113805,0.7695437355818846,0.0,53.4086437866511
9863,0.5728251804643265,0.5571747039940946,0.0,12.73868494497542
18677,0.5348533223025725,0.6257627335963539,0.8,18.813556919767738
15100,0.5601282503571843,0.5795895029787025,0.0,9.57510793734604
18660,0.5199790364450275,0.6539667827481097,0.0,21.533491089257264
11155,0.6094637660857373,0.49517578041574595,0.0,1.664211509993244
8210,0.5325389761789522,0.6300991893749007,0.0,19.91743455890381
19496,0.5330616305250316,0.6291182319979945,0.0,20.530646072549054
11818,0.5680257201088441,0.5655885794044113,0.0,10.815325988130887
2123,0.3855316246046443,0.9531320540525573,0.0,31.4719463748383
11299,0.5330374174311843,0.6291636557208615,0.0,10.95216560493989
9535,0.4873738729553535,0.7187237441614472,0.2,52.269183197455845
6772,0.4787528144066596,0.7365708598483525,0.8,30.52717906163138
4773,0.4603999073356548,0.7756598034036417,0.0,55.8475058450622
11166,0.5568683108938399,0.58542649269212,0.0,5.961251471067845
11080,0.3998920108189397,0.9165607412760637,0.0,9.538189446744003
17947,0.5834304456666782,0.5388300363029249,0.0,8.711534879139089
12498,0.4300675329396617,0.8438130292780643,0.8,6.270289717480096
5832,0.4564370553260359,0.7843044738297822,0.0,58.524801991334925
1852,0.46455775922416215,0.7666693813668574,0.0,56.77569834647996
3611,0.4455081578515504,0.8085397205631712,0.0,52.5955112901017
3127,0.45832642350642316,0.7801736336492047,0.0,56.51187524865935
11525,0.4590429742472471,0.7786114474932188,0.8,6.157142556147435
19247,0.44261258888799837,0.815060408733085,0.0,18.909809410790654
15648,0.5481039138775676,0.6012903861462795,0.0,4.6146032049571994
5780,0.4140069813835815,0.8818724420536397,0.0,85.79737069477694
1037,0.4838728101448007,0.7259331957575971,0.0,38.54705158704225
1146,0.479250889499259,0.7355310410346126,0.0,20.491895252156827
14120,0.5302745482939856,0.6343603909107297,0.0,9.09006734738973
11681,0.5353174772108974,0.6248952927399216,0.2,6.393929152596519
10199,0.47510187780841584,0.7442260183482914,0.0,49.947983814404495
14054,0.48540968146245456,0.7227620405600401,0.2,5.901352809041088
9077,0.5259554953559443,0.6425386794134799,0.0,20.25924500310332
5382,0.47006521046958955,0.7548838482223467,0.0,46.37024873948325
1272,0.5072119501062701,0.6788263152016003,0.0,39.95231988093128
11955,0.6098459222905229,0.49454894012907863,0.2,4.671014942323755
10940,0.5176049521558445,0.6585429683067394,0.0,4.908120788008686
6902,0.5323599235045493,0.6304354704549985,0.0,19.389041162300746
7406,0.47119893701103505,0.7524749025661607,0.0,57.71482560091732
18348,0.5470759231552615,0.603167687004922,0.0,2.6905800343187973
3654,0.5362770221063108,0.6231044191352485,0.0,44.665372855001024
20296,0.4386526779450226,0.8240473454565342,0.8,40.938672373759914
19557,0.5541967607294012,0.5902354915190937,0.0,10.066760880724031
3836,0.4047415640064089,0.9045065291211333,0.0,68.10933750231902
10317,0.4802892948961354,0.7333666589292347,0.2,53.53576610183413
9568,0.4116401348844845,0.8876057703384557,0.0,83.71898275934197
2263,0.5008617170250244,0.6914252299182326,0.2,41.514901688434065
12370,0.5155343119240865,0.6625514172666778,0.0,11.182873454367618
10820,0.46668232414329,0.7621065008741222,0.0,7.484648020672099
3825,0.4894018752795384,0.7145712961878168,0.8,42.1704246083843
19952,0.48817326455960103,0.7170848858173906,0.0,7.593929050224638
3378,0.5020881120683252,0.6889796526441438,0.2,48.03221396096764
17037,0.543029536959737,0.6105915646533181,0.0,14.257313267577175
4802,0.46502512911646954,0.7656638337442617,0.0,57.378843728539984
12392,0.39194453017082526,0.9366349538706665,0.0,4.691042691976425
3627,0.3763600648945804,0.9772089744167074,0.0,55.700911541752326
2518,0.4856207219998649,0.7223273671657144,0.0,54.24678417196107
13846,0.5161890137487406,0.66128227485952,0.0,20.157206534346322
2829,0.5650053338919364,0.5709201073635559,0.2,38.28304579560686
1096,0.5122767955895796,0.6688901836371234,0.2,51.190499198608364
15876,0.5303396745195783,0.6342375824017096,0.0,4.786273668208359
5237,0.43896093429905875,0.8233448577958775,0.0,26.75870787836601
11556,0.4179926594382264,0.872291407764148,0.0,7.111355418957368
17605,0.5472447693955405,0.6028591006046681,0.0,17.493764019909083
9870,0.4264313811395904,0.852303813295392,0.0,63.07474461328417
7539,0.46882281808594306,0.7575303685123285,0.0,47.985756338635085
8121,0.5064230030362471,0.6803829845466994,0.0,20.3403896390977
12321,0.5715443442938559,0.5594132059422925,0.2,5.657485614598854
11384,0.4698242321258296,0.7553966284241858,0.0,12.312964466992337
5070,0.4823488603472408,0.7290876500775172,0.0,55.76062314417867
13269,0.5200502049541872,0.6538299240782997,0.0,4.757266542558687
12994,0.4667577447133243,0.7619449038467077,0.0,13.7767253297717
2156,0.4797153278414386,0.7345624180109986,0.0,50.11184625125972
15503,0.47384466432732436,0.7468757233861113,0.0,13.23165001920145
669,0.48355823300006673,0.7265835308032836,0.8,22.25162201669867
7943,0.5129869669044784,0.6675048397783879,0.0,48.060348464043926
15298,0.5095804359383775,0.67416756647688,0.0,8.549118906635698
781,0.44373472749464077,0.8125283556982726,0.0,34.138378368734976
5642,0.48532236515745447,0.7229419384124693,0.0,39.94977306104366
13028,0.5233037473465633,0.6475932046386663,0.0,8.972565363191844
2737,0.5020793540451206,0.6889970959959757,0.0,35.86230094924281
6170,0.47903523491950234,0.7359811249456741,0.0,50.08351499104408
20889,0.4713516715343096,0.7521508148763821,0.0,8.221572618698367
2643,0.5113389983743238,0.6707225068255042,0.0,17.82445049095761
7020,0.4448351150335001,0.8100515934929696,0.0,63.78751031932465
3928,0.4973486606995228,0.6984639682605222,0.8,26.709260654202353
15197,0.5421562346299316,0.6122010633054231,0.8,11.879761178046202
7865,0.5150259997020814,0.663537894734308,0.0,46.73297412863302
5931,0.48204821141908555,0.7297111462425238,0.0,48.2667468858741
7479,0.4121527980633721,0.8863611293016966,0.0,70.06684659505925
2709,0.44245556462949676,0.8154152384928613,0.0,66.08532495530292
1648,0.4600063372656603,0.7765150129294148,0.0,53.65718917072438
801,0.4667869229738074,0.7618823931570694,0.0,53.38853145616312
3022,0.4203288232185645,0.8667179615956335,0.0,65.97890152020096
14903,0.5620484809269071,0.5761671678145601,0.2,7.032120513956555
18334,0.6394423845608438,0.44715875653201137,0.0,7.127710817928802
20112,0.540782364522308,0.614738364766039,0.0,43.03168436110236
3784,0.4663600966181641,0.7627972037420012,0.2,55.00911871834379
18244,0.4876891546519704,0.7180770542579682,0.0,7.844991612324811
4513,0.4855183893401302,0.7225381148514343,0.0,24.277280934634604
15835,0.5774043329768128,0.5492125074918632,0.0,5.115639821419942
6039,0.4959243279432232,0.701331928526975,0.0,53.46954473268994
14719,0.5146014083994316,0.6643626422563271,0.0,11.777488081670029
17743,0.4227737665776796,0.8609180737944866,0.0,52.55905103246687
10957,0.5239415909893771,0.6463750684515917,0.0,4.924408609407688
17063,0.41925446895296214,0.8692772189367934,0.0,13.786736393894893
5712,0.47149573368921877,0.7518452253287372,0.0,48.28350128839132
615,0.4432568133966751,0.8136059626926596,0.0,29.68034204292853
2712,0.5178903178509067,0.657991800743638,0.8,42.81223561177057
11697,0.4156519011553015,0.87790714508238,0.2,9.468667975441107
13173,0.450937761778218,0.7964259494941588,0.0,6.569717904984413
15219,0.5565560370863933,0.5859874177629626,0.0,10.149302455666493
13248,0.4833933334641727,0.726924601738399,0.0,12.469701912261058
11617,0.4802005953840824,0.7335513553288591,0.0,12.010801971982048
8750,0.4436404770473183,0.8127407809434102,0.0,8.289953485334763
1559,0.5179440602831763,0.6578880342855007,0.0,42.84824586607121
20417,0.4407824898547838,0.8192037454923616,0.0,2.6777722040154788
9391,0.5131103281874991,0.6672643922414826,0.2,22.81910765532928
7417,0.44115863058812493,0.8183507616651459,0.2,67.063847103691
20416,0.437851052555571,0.8258764890986224,0.0,2.6995837343602624
15895,0.4993190160783153,0.6945100767245094,0.0,7.428132122906446
12531,0.5700652647612703,0.562004425126942,0.0,4.091673314683094
8018,0.4574461288818871,0.7820961522776059,0.0,54.60595311334564
20939,0.5313577998895914,0.6323196618892385,0.0,21.577907255916216
7151,0.4877510971499463,0.7179500500709978,0.2,60.36164826870946
18856,0.5313518326200866,0.632330892180792,0.2,24.758282724870433
15789,0.4776616467794022,0.7388526490620793,0.0,7.322029639465237
10084,0.4677926344386379,0.7597301700636713,0.2,10.180383989039134
14162,0.4495039994950105,0.7996105274570748,0.2,28.509712032182776
5122,0.4970359729209967,0.6990928753820932,0.0,39.05831820088579
10724,0.39180418730961075,0.9369930861637966,0.0,38.416716532715654
6985,0.389982130538837,0.9416543600393605,0.0,40.491137481692505
11784,0.6005433309122943,0.5099204820099218,0.2,8.86369237977305
5873,0.5159556870058796,0.6617343950838741,0.0,45.087271898340546
1033,0.4777318223348967,0.7387057450735357,0.8,27.289637776401953
3100,0.5438613939305045,0.6090608551597516,0.0,17.547042911878858
5850,0.4792567941492518,0.7355187205282805,0.8,56.715848988860714
15550,0.5758209436142241,0.5519585283946459,0.0,8.98933411984527
11360,0.5020249388197019,0.6891054816006558,0.2,3.3480879069686447
9666,0.5618600818946539,0.5765024246855369,0.8,18.520141492613988
3253,0.5460814839368285,0.604987076392572,0.8,18.96634507569139
9655,0.5406044510328152,0.6150674116686624,0.2,43.43606230137404
505,0.4501118196587404,0.7982592389552994,0.0,49.931114787630506
7052,0.3765002970514177,0.976836442761311,0.0,55.67967723739473
14799,0.48850379849562453,0.7164080316940665,0.0,24.640567625688234
4314,0.5068533914876269,0.6795334858717315,0.0,42.36551341396722
35,0.4041782560618099,0.9058992704576155,0.0,71.47998082962408
9825,0.4814420278381775,0.730969454082483,0.0,48.2476395974739
11169,0.47786193619837203,0.7384334246170289,0.2,14.446342953199135
629,0.47380470509609546,0.7469600567535821,0.0,34.83821659107883
259,0.4603558576670253,0.775755484952077,0.8,55.22331825567624
6512,0.4719582759776515,0.7508646956563796,0.0,39.61562008252912
15980,0.559777474352484,0.5802159414519271,0.2,9.633615043041456
3458,0.4512325169478312,0.7957725136915136,0.8,29.598755368274112
15744,0.4302831262657475,0.8433118537903915,0.0,2.07203400271811
11496,0.3762621066191959,0.9774692863757363,0.0,6.8220027052397025
7228,0.4248628033199148,0.855988977891778,0.0,38.523781598975525
14465,0.5562654145362506,0.5865097343598006,0.0,7.8363565965790105
16889,0.4726942286997873,0.7493065504815386,0.0,7.792788375116045
17337,0.48638466863108604,0.720755468911064,0.2,72.83233958357025
16527,0.4616710005228722,0.7729027616587058,0.0,10.56210244767906
5583,0.5166284545619895,0.6604313193843281,0.0,45.114061814762294
10203,0.4702425728377249,0.7545066049975486,0.0,53.0154032614242
2966,0.48287271151871924,0.7280021972899265,0.0,47.36018038975682
15327,0.5272206928098814,0.6401360461660105,0.0,10.74788480118937
20001,0.5417160117995964,0.613013378328697,0.0,14.256760190356061
17821,0.492618138537295,0.7080209719328204,0.2,14.131496835700577
9879,0.5185674908321317,0.6566850942440448,0.8,22.596533992735385
3598,0.5135642782707007,0.6663800806788341,0.0,59.18454595035688
10454,0.40419664534291744,0.905853773545035,0.0,14.950211279854337
11078,0.5120510858332806,0.6693308819018986,0.0,4.524007472904295
20423,0.5391933609521159,0.6176810322341084,0.0,21.80568552993508
16837,0.5149550880998303,0.6636755896943475,0.0,4.609227084354709
17781,0.5246466093758363,0.6450303680392672,0.8,41.26259343086251
19098,0.6117374599549545,0.491452075512767,0.0,19.930839541084758
7066,0.3937154533378856,0.9321268302460348,0.0,38.31041130079936
6384,0.4800561726410713,0.7338521555916826,0.0,20.445121502692082
20623,0.45764539199336457,0.7816606480464307,0.0,18.763763945808527
5144,0.5379471058429919,0.6199950399306814,0.0,34.3322229710681
18988,0.6227280151776606,0.47364542826885,0.0,14.427002167106815
9446,0.5096873661012221,0.6739577488744346,0.0,39.571429328000214
1666,0.45880253367178975,0.7791353713537875,0.0,52.412436787629154
6268,0.40930330804893955,0.8932988133054962,0.0,66.39443498046391
11089,0.7185088345532228,0.33057727770953044,0.2,5.705763888929629
11916,0.4430581440479494,0.8140542668770453,0.0,4.63970207125538
20006,0.5328257002547092,0.6295609247054929,0.0,14.731316378117532
6001,0.4759687855048294,0.7424030035714874,0.0,50.59105301822413
14578,0.5261610131971652,0.6421480043462907,0.2,10.537647734738533
12068,0.565783416046058,0.5695439311733302,0.0,6.114054448767728
4493,0.4683253567626244,0.7585920178510216,0.2,55.23687384425564
14066,0.4500364108390131,0.7984267865154653,0.0,28.467506343028926
14403,0.5678239282899415,0.5659438937214251,0.0,6.796986293128593
11441,0.3749447931085208,0.9809764822266931,0.0,37.13805257895141
15326,0.5281576493951158,0.6383604614416948,0.0,10.718072732042513
14237,0.6191869916050324,0.4793479653171045,0.0,1.8015335468282196
2890,0.45724197097787295,0.782542551235755,0.0,54.62929657642671
17837,0.5520270631911259,0.5941582063866957,0.2,20.673736253139303
7653,0.4753599430070201,0.7436829871622003,0.0,49.81374432586786
20325,0.6370427404977983,0.4509185291179916,0.8,17.41424949760548
410,0.4488840382212024,0.8009906913644113,0.0,49.70147484359131
2271,0.48165087618330565,0.730535750651527,0.0,23.021008399760788
3408,0.5775914906835153,0.5488884237081704,0.8,41.221521876789495
11006,0.6118312929419839,0.49129869959990363,0.0,4.213131769771965
15983,0.5222632373384953,0.6495835321199254,0.0,21.74480929525652
8440,0.551111977492541,0.5958172645375405,0.8,46.89975379612451
13582,0.5215300615715308,0.6509883617702208,0.2,9.117091460260767
18195,0.43091878793005467,0.8418356337094405,0.0,36.99025980045559
20583,0.4556421075296797,0.7860476295338565,0.8,4.6062391203129005
9558,0.5070903189343627,0.6790661474019273,0.0,21.848954069786544
15969,0.48722504566067165,0.719029156558272,0.2,11.238427170731427
2975,0.5045648169965368,0.6840589697471964,0.2,44.77507850787424
18189,0.40185303885704743,0.9116688321844092,0.0,45.118488557271675
8073,0.46540643473541077,0.764844201962405,0.0,62.342452535839115
551,0.5213370555212925,0.6513585068237535,0.0,46.9173524513996
18631,0.4805475090145106,0.7328291813398244,0.0,53.577871526142786
16459,0.5400884397361829,0.6160223755446255,0.0,9.329196221658322
13880,0.4292980904559806,0.8456037518025569,0.0,13.591812036853014
11573,0.477716796260951,0.7387371985157293,0.0,11.736317230301992
1268,0.4796587357823239,0.7346803950573377,0.0,43.524303528390995
16320,0.4803547552860714,0.7332303745478868,0.0,8.19384957542523
9868,0.42576411628788646,0.8538698037050592,0.0,58.507159340741225
8181,0.5004691279882134,0.6922093644705276,0.0,15.525217192351116
888,0.5170410492677971,0.6596330086550453,0.0,23.50569277906984
8892,0.5142805467793801,0.664986351572713,0.0,43.38370815603969
20167,0.4826210753355822,0.7285234563436065,0.0,14.978441873351048
6434,0.4753318284165172,0.7437421327051746,0.0,52.05451027923057
8178,0.4261524695732951,0.8529580869507318,0.0,13.576963212361932
9137,0.45437911211415466,0.7888233806903976,0.2,68.08137609550462
6906,0.5299721831364234,0.6349307584615947,0.0,18.724743109206045
11052,0.43161905153085944,0.8402119049346057,0.0,17.47682685679036
5954,0.5003724493655028,0.6924025591283013,0.0,45.56701600840988
1917,0.530077671336908,0.6347317334810475,0.0,29.85143386144936
366,0.4774295550580629,0.7393386586189913,0.0,44.97397195756275
1111,0.4678590663814919,0.759588168626796,0.0,17.543448128182163
1550,0.42399948289835465,0.8580230433302752,0.0,37.75301390653211
17472,0.43075453349383613,0.8422168789775116,0.2,74.08434204361333
9110,0.5370570950450088,0.6216508678811173,0.0,18.105581527037543
13510,0.5005348889345167,0.6920779744954902,0.0,10.847630024398509
20520,0.5391362321232583,0.6177869902441229,0.0,18.560792721388367
17076,0.5009951248328096,0.6911589088172531,0.0,44.99444522765937
10446,0.47044776453927145,0.7540703472905267,0.0,42.812345118039694
7574,0.4711874393555725,0.7524993037157347,0.8,37.764178590374684
6441,0.494899413185305,0.7034007427487721,0.0,21.89369962523212
16037,0.4975156066968986,0.6981283526305031,0.0,3.4313009097708242
10684,0.4575297062278533,0.7819134647289482,0.0,24.321417962462355
10269,0.5226766506423267,0.6487922649280868,0.0,10.169170131254113
21038,0.43703350134576563,0.8277454247064802,0.0,31.479159069955116
11472,0.48477604637365834,0.724068254742971,0.0,7.787354162623689
15213,0.6063914812734075,0.5002294927846295,0.0,3.339414677940312
3360,0.4768128544245812,0.7406312038113073,0.0,39.77189338444013
14031,0.4926345943071344,0.7079875677730707,0.0,3.1871474959703243
2264,0.49699859318208545,0.6991680835090609,0.0,39.06252007885915
17823,0.6179947796153726,0.4812752687844404,0.0,8.558037090225483
1508,0.4585907392474507,0.7795971022915519,0.0,57.2614107320268
19410,0.443608687073525,0.8128124405743062,0.0,65.85000092734278
8843,0.49194477574858125,0.7093888132031573,0.0,13.799385455857845
2212,0.47808477075542843,0.7379672175377607,0.8,35.160445602279665
6848,0.5060527797633757,0.6811143073015969,0.0,19.82519438166611
18587,0.4958718730848982,0.7014377060210197,0.0,17.10490914806631
455,0.5089252303332695,0.6754541684412835,0.0,51.49628810579906
105,0.4358543660657906,0.8304471142160227,0.8,66.0246987027581
15454,0.5410926796347619,0.6141647030984742,0.0,10.856589484785957
16303,0.4265117774035597,0.8521152983553232,0.0,11.009329719762015
3832,0.44354556391757355,0.8129547453786568,0.0,10.182259426338163
5422,0.4676703213772454,0.7599916728016024,0.0,55.64658831111939
17848,0.4758774582985024,0.7425948984435884,0.0,33.88089224148872
19865,0.4970638577120356,0.6990367747970475,0.0,24.33346975735931
11632,0.4402884991327202,0.8203250870868535,0.0,11.099818866026723
4544,0.4904695535152862,0.7123920742472498,0.0,45.61268364256819
13240,0.45192045229523553,0.7942491051353172,0.2,10.602034569230636
13629,0.5505748536001016,0.596792358220861,0.0,6.2155923881044455
793,0.4804482162052776,0.7330358270240466,0.0,48.89348742545609
3220,0.44272957459835227,0.8147961364192622,0.0,47.971125639884654
13915,0.5588951715177738,0.5817933520034672,0.0,10.95022402748382
8153,0.4985389646483347,0.6960735288468403,0.0,46.78310123652179
8695,0.5300851329015842,0.6347176572190875,0.0,18.422680969286297
4335,0.43958127197100005,0.8219326597919362,0.0,60.835345312832274
19830,0.6085187919468091,0.49672748462087435,0.0,19.366163375115832
4050,0.5001967804567404,0.6927536970712472,0.0,45.47581940400514
18199,0.45720553036817646,0.7826222509662746,0.0,34.43029180681491
14088,0.5600206946330868,0.5797815412338096,0.0,6.605161164272355
7358,0.4632619790108723,0.7694625555198636,0.0,60.8221662921396
3733,0.46232635687342405,0.771484237124628,0.0,53.62972921582072
7062,0.46790782652553353,0.7594839543305746,0.0,17.015478002914755
64,0.41448295844986605,0.8807234187625474,0.8,71.7173082586097
756,0.43517626335292836,0.8320041268558831,0.0,41.28404388591264
9240,0.5134049890574698,0.666690292911227,0.0,6.27588943727214
12854,0.49879834447382343,0.69555338419976,0.0,7.551970756182556
14765,0.5258903449853086,0.6426625575869161,0.0,10.227653424713889
9759,0.48824024161127444,0.716947695884324,0.0,15.654551599514395
5464,0.5151676745601979,0.6632628496383244,0.0,45.76513662504439
3338,0.4973486606995228,0.6984639682605222,0.0,26.709260654202353
1926,0.5182224048298926,0.6573507759147984,0.0,30.97765531498488
14159,0.5611562388901683,0.5777559115380734,0.2,10.833789223654493
16781,0.3663621650223431,1.0041329129158896,0.0,6.529625219024076
7925,0.541725870034861,0.6129951803331605,0.2,43.86287265420162
20248,0.3053377092548623,1.186336871458085,0.0,5.434816781124141
2674,0.5199836680623271,0.6539578754723401,0.2,53.19129969409199
21071,0.5276034445612171,0.6394103294240935,0.0,6.905631374843447
12020,0.5867814020371531,0.5331029270854539,0.0,3.771356882574401
18435,0.553897162335198,0.5907762370195742,0.0,7.213968609963327
2114,0.5024974885614931,0.6881646369489716,0.0,39.66925343708
11678,0.5013417569937985,0.6904672607673966,0.0,5.271372156145931
20313,0.44457113984124835,0.8106451921967253,0.8,37.80038308562978
5173,0.46583646703708087,0.7639206355514958,0.0,50.74724805281594
7882,0.530718484263125,0.6335235597885189,0.0,45.03085337308363
10045,0.357352961813878,1.029031297078836,0.0,6.380019729005598
1784,0.4764302712766496,0.7414339017970756,0.0,55.281309907848595
15275,0.4816419368976358,0.730554310502797,0.0,4.892295892997129
19146,0.5101249685311738,0.6730995469446301,0.0,11.688710806411029
978,0.5071782353163278,0.6788927882224146,0.8,18.09928163041875
5802,0.48266132077372764,0.728440070510961,0.0,29.978947433891193
9904,0.4669981898640857,0.7614298974147867,0.2,56.159259992497915
17349,0.6515240431901115,0.4284409787388441,0.0,9.34294752568958
20100,0.4547808214273913,0.7879396872398656,0.0,24.863437071314067
20088,0.48730895631683246,0.7188569498293167,0.0,25.483840022039388
19517,0.5187371036569788,0.6563580681665362,0.2,23.966914458491896
11113,0.44811096813038176,0.8027143805193174,0.2,27.47330264725922
17147,0.4973944879534151,0.6983718293923393,0.0,8.769455173570842
14104,0.4847340197646623,0.724154951334353,0.0,8.629030319989626
5667,0.48165087618330565,0.730535750651527,0.8,23.021008399760788
1419,0.4433778688916088,0.8133328953333421,0.0,23.74931806163856
6009,0.46411500205947487,0.7676229081993274,0.0,51.4706527398448
803,0.46434116378323803,0.7671357301578503,0.0,56.38063966856184
14153,0.4483387298956399,0.802206238744803,0.0,28.602260815359955
580,0.46303824861762133,0.769945617902725,0.0,49.49980447987245
4982,0.4823488603472408,0.7290876500775172,0.0,55.76062314417867
6055,0.4236890055809002,0.8587555702798739,0.0,88.32730378802933
7676,0.47544567045966313,0.7435026612329858,0.0,52.9596913830395
922,0.46132751263635136,0.7736470486699639,0.0,60.71194801265442
6542,0.48429292237882254,0.7250653438056495,0.0,56.56415930386679
13984,0.5280960535356701,0.638477092246102,0.2,10.295124658184447
6448,0.44373472749464077,0.8125283556982726,0.0,34.138378368734976
19934,0.48036741370264635,0.7332040226701343,0.8,3.4801163696141915
4724,0.4414654481667341,0.817655522098601,0.0,63.838452392561635
18670,0.48671763837073395,0.7200711220541157,0.0,21.09304422436204
12822,0.5478576381631618,0.6017398101577195,0.0,10.036719512434875
5090,0.439695642079281,0.8216725139673423,0.8,61.477537244282
12699,0.4212101598328246,0.8646233778526748,0.0,13.80583026510502
18795,0.4535683137851167,0.79060938397965,0.0,5.046854892552452
13441,0.5478409326997717,0.6017703029662995,0.0,13.270991122128411
609,0.5425749147411293,0.6114291114125844,0.0,41.34483819305917
9363,0.5391770602327394,0.6177112643678122,0.0,19.45327100342311
2639,0.5247209637877092,0.6448886552326227,0.0,29.54557408389031
7093,0.4436168064172394,0.8127941378006052,0.0,8.948865193500268
17883,0.6071233786438623,0.49902324886727223,0.0,18.788475455865452
193,0.4680029291075312,0.7592807243073003,0.8,53.24076647385469
17409,0.5320356761016753,0.6310447315474418,0.0,24.693410513945903
21166,0.6004486419503675,0.5100781665977667,0.0,3.7786590542646685
11725,0.44612913210692506,0.8071468349968864,0.0,5.105203962281869
8309,0.4249488943404077,0.8557863658989694,0.0,57.50456459541598
16496,0.4901739398321133,0.7129949716184812,0.0,8.30603484571342
20948,0.47906847343631415,0.7359117409812134,0.0,16.496197153513684
21256,0.5949178719280569,0.5193319133365896,0.2,6.837005114538767
9091,0.5334095088509012,0.6284658405260385,0.0,19.34700794309431
4028,0.4077437313683363,0.8971164113126515,0.0,60.55535776360398
9629,0.5290644215298999,0.6366450747087208,0.0,43.41601188977667
19942,0.45924721125559653,0.778166627293806,0.0,34.30158635597662
2603,0.43415230909026375,0.8343598638433899,0.0,61.32544999248915
20050,0.45807784082185954,0.7807161511828673,0.0,12.842000250757387
1478,0.4824924951389996,0.7287899124401259,0.0,39.32914495592303
3206,0.5289518371931718,0.6368578962721414,0.0,50.33438441814185
20625,0.5013196458477928,0.6905113656784795,0.0,23.254696359591485
12673,0.5380136434460159,0.6198713595768157,0.0,9.820931970581658
16491,0.5994691254031773,0.5117108064192883,0.0,8.27026965708811
11334,0.45957320581240757,0.7774570336356021,0.2,13.387809956088091
7436,0.4423561104009609,0.8156400416498749,0.0,37.71111782350914
810,0.5104318162062673,0.6724982130670276,0.0,56.98010243921379
19124,0.5362122859188045,0.6232251405020733,0.0,7.858868956352225
7170,0.4576366068658586,0.7816798445946358,0.8,23.743525279562057
8347,0.47005447559099606,0.7549066854818002,0.0,76.89479544393464
3045,0.452424600033761,0.7931341594860812,0.0,33.67647871120971
12222,0.495963271374987,0.7012534046462237,0.0,8.334396874724533
15695,0.5066847655317808,0.6798662330036161,0.0,1.2369317042597743
2392,0.48891862128491553,0.715559221996638,0.0,51.5918215437427
10690,0.49187742938583806,0.7095257207917376,0.0,57.45561835169022
4048,0.5043754368911153,0.6844343737553442,0.0,45.98029882684689
16075,0.48916984444488865,0.7150455196592727,0.0,8.684942816317152
14977,0.6387592121577006,0.4482277154035237,0.0,12.932490569044894
9529,0.5338789151262074,0.6275862164337551,0.0,38.79110250557749
1355,0.4765186592548396,0.7412483976727482,0.0,50.049089322542315
6012,0.48776373432987785,0.717924141331275,0.0,15.43788176216242
3768,0.41862638854407214,0.8707764309570026,0.0,91.37754019434851
21094,0.5548203931454843,0.5891108335647277,0.0,2.207551447149462
19666,0.5402872566593004,0.6156543240861834,0.0,18.49671889800501
13136,0.41287760720283223,0.8846040805400895,0.2,11.860771505132528
2341,0.44941925348163564,0.7997990775103643,0.8,53.01867852940862
10586,0.524111275162291,0.6460512600257446,0.0,11.697726311587516
9033,0.4612019747807173,0.7739192087648362,0.0,35.67767434315196
11473,0.4263178807114805,0.8525700121274701,0.0,9.574361455721501
12797,0.4773268117378079,0.7395538827834478,0.0,7.5404914622105625
12029,0.6763216880001084,0.3910864463066637,0.2,2.637086362047674
3673,0.4187378239387165,0.8705102734268837,0.0,44.39602394477109
10732,0.5203208321980637,0.6533096726673774,0.0,2.5702834220613315
18449,0.5334594928646806,0.6283721382744301,0.0,8.231674801653204
10486,0.4802306865751491,0.7334886934984047,0.0,38.61451540302531
4543,0.493686019635914,0.7058555516473065,0.0,48.368752753681775
3527,0.44342599375973735,0.8132243597930662,0.2,16.500323004730447
16553,0.524111275162291,0.6460512600257446,0.0,11.697726311587516
17870,0.4356895452980961,0.8308253413311693,0.8,28.491617218631074
4970,0.5278464865071968,0.6389497828019918,0.0,40.96626639680569
11753,0.4360028254833937,0.8301065551876016,0.0,13.404975282121885
4939,0.5232597172604798,0.6476773468576497,0.0,26.4074240317872
15633,0.49545689406503296,0.7022749238197077,0.0,10.864192589276955
8588,0.5300181458814393,0.6348440355099102,0.0,53.37451034810546
3730,0.46702196102873106,0.7613789966614619,0.0,59.07159166334661
19021,0.4859698536967039,0.7216086864361984,0.0,57.80085468245202
8219,0.5071782353163278,0.6788927882224146,0.0,18.09928163041875
11240,0.44818792318258205,0.8025426631309881,0.0,61.05343370998138
167,0.44373472749464077,0.8125283556982726,0.0,34.138378368734976
1252,0.5090535881149476,0.6752019868044318,0.0,48.61454304991909
14199,0.38713576320349463,0.9489798381601988,0.0,34.0157083229833
358,0.4781131035176885,0.7379079562425191,0.8,30.855620176918563
9226,0.5328614093120029,0.629493908679895,0.0,44.467449324935195
16205,0.5820519607035373,0.5411955556765395,0.0,6.449427595963607
20085,0.4525858999174909,0.7927776997865605,0.2,23.71475577851311
6613,0.4721813524921798,0.7503921458089783,0.0,41.083969983041555
7570,0.4612677923178272,0.773776510240572,0.0,43.958247561110355
2948,0.5204997820206684,0.6529658097155424,0.0,44.89466245356796
10326,0.4877085710201513,0.7180372420507579,0.0,27.436202361376733
19216,0.48340568033700837,0.726899059981198,0.0,29.87954877766036
12771,0.5301786544648923,0.6345412453399589,0.2,4.465377674528865
15031,0.4482811729942212,0.8023346251464705,0.0,11.485821151826467
7038,0.47143423428385267,0.7519756685377604,0.0,57.98484425991624
5819,0.4300454614742326,0.8438643515242745,0.0,35.062563162016204
3324,0.5061220508991642,0.6809774314698767,0.0,47.02149372117319
3618,0.44660931757763384,0.8060710764313478,0.8,56.496716241781485
6083,0.35376562967413766,1.0391206481763045,0.0,55.09001907868003
3860,0.47929701778883743,0.7354347948496003,0.0,34.62794383672166
16206,0.5817987715652121,0.5416306443615391,0.0,6.3942205885394054
17590,0.4840350465771675,0.7255979646035995,0.0,23.67263497916072
19838,0.4791121656955527,0.7358205426048646,0.0,33.57622756134541
10418,0.46684643770000533,0.7617549025836058,0.0,20.128612109606884
14180,0.4929087362474083,0.7074312412497301,0.0,25.89198369960372
12074,0.5454355905458969,0.6061705548399897,0.2,5.112291298420695
1184,0.47489444390632196,0.744662722997876,0.0,51.41896045487076
13641,0.4384204852046149,0.8245768172397052,0.0,7.703609088065047
9771,0.5124190347653447,0.6686125613955468,0.0,20.807222196474157
3101,0.5433951974977148,0.609918419905803,0.2,17.571749351754605
2499,0.47225154418242365,0.7502435027648399,0.0,50.58970951909674
9678,0.5260182870057863,0.6424193006780601,0.0,22.702456117578834
18531,0.5295888049126608,0.6356544133428469,0.0,19.04801929184223
579,0.42441006025414246,0.8570551678716517,0.0,38.7003217896285
11469,0.40200220550788845,0.9112977040401349,0.0,12.60484194137799
14116,0.4052828573509187,0.9031700424404624,0.0,32.55476424867287
15948,0.45299188806939666,0.7918810607910123,0.8,11.40158262162631
12307,0.544423643123431,0.6080275794575096,0.0,10.130042647914145
9453,0.5329112165535624,0.6294004417613666,0.0,19.789922861867897
8190,0.42098334273972776,0.865162012021397,0.2,49.87226457901317
9122,0.44492898934782754,0.8098405840485259,0.0,44.30840419047364
12416,0.42407123634986243,0.8578538276032127,0.0,6.054731981433305
14962,0.4468142911830898,0.8056122266605508,0.0,22.791978384322974
18216,0.524102160043879,0.6460686517478997,0.0,14.48485860533996
3781,0.4973486606995228,0.6984639682605222,0.0,26.709260654202353
7134,0.4677166402705407,0.7598926359425647,0.0,54.00518966693002
18544,0.47796843851734555,0.7382105768770291,0.0,17.00947907469726
2428,0.46105655141491986,0.7742345723269439,0.0,33.067557875250856
15809,0.45623401263493935,0.7847494154995119,0.0,30.73863316819679
18302,0.4687533530148539,0.7576785486247448,0.0,53.103796432862524
14351,0.3589050798508071,1.0246973269838904,0.0,38.08031285047479
18129,0.5288192946398046,0.6371085035161325,0.0,19.943089393085188
1201,0.47726257484257467,0.7396884681795002,0.0,32.287402764710215
2354,0.505106006354392,0.6829869581624952,0.0,43.81361440827946
20045,0.37004191172785467,0.9941390048188408,0.0,16.020052564618865
5616,0.5015906011087652,0.6899710276604223,0.0,45.858921826700595
11989,0.44204859165727783,0.8163354670707503,0.0,12.945039731355877
18643,0.4294648704933056,0.8452153325366922,0.0,30.92346929359997
17233,0.5399365830854914,0.6163035850508561,0.0,7.223077887490396
13610,0.5242554907023388,0.6457761358122475,0.0,8.417691831775027
20199,0.5294152927427904,0.6359821026724862,0.2,9.988892808364103
302,0.4390605565660556,0.8231179333561894,0.2,26.751332834076152
3103,0.5414688338896831,0.6134697693411587,0.8,17.686333403301575
377,0.42227109007722596,0.8621077776446088,0.2,47.691801996205335
16610,0.47786193619837203,0.7384334246170289,0.2,14.446342953199135
9416,0.5167223600414025,0.6602495699177492,0.0,62.72370914218618
17520,0.5153056744339738,0.6629950118048945,0.0,6.710172706690857
17534,0.45416201950025437,0.7893012734582158,0.0,38.74088011582633
3295,0.4602022836947646,0.7760891389969117,0.2,57.430596285771465
14035,0.4682128468573529,0.758832285477858,0.0,9.901357533231245
419,0.48595586389762646,0.7216374742310373,0.2,58.16578793021451
6561,0.5037866828168636,0.6856023488848841,0.0,51.87267361201572
5818,0.4317161030612234,0.8399870756078801,0.0,34.90146154957404
16086,0.5823662168994334,0.5406557904795158,0.0,3.9232686178058787
1860,0.5288918578038718,0.6369712956139307,0.0,42.95416019447238
19053,0.6227280151776606,0.47364542826885,0.0,14.427002167106815
20132,0.4749841400614408,0.7444738648492676,0.0,24.778694250583648
18786,0.4853871427565905,0.7228084739749542,0.0,33.831051534305246
9780,0.5125591405147711,0.6683391785008119,0.0,20.518012652499344
17504,0.33887573274752064,1.0821218088712279,0.0,8.985668753696185
2800,0.4954488626338734,0.7022911341022808,0.0,40.19212128319016
4862,0.4796858174091797,0.7346239364538613,0.0,60.39526869429231
19271,0.6179947796153726,0.4812752687844404,0.0,8.558037090225483
14252,0.6188572003639572,0.47988072699235823,0.0,7.970771000584493
12743,0.4682128468573529,0.758832285477858,0.0,9.901357533231245
16572,0.5404734700136316,0.615309727263634,0.2,9.15950084298376
14286,0.4818658964322723,0.7300894268123428,0.0,24.384987969560303
3629,0.3761612589457222,0.9777373473602642,0.0,55.789694383094584
4378,0.4604821306203928,0.7754812283385031,0.2,54.79162228339845
20390,0.5170742267187707,0.6595688427892944,0.8,22.211640742276927
2957,0.4987024427017461,0.6957456683034033,0.2,17.56409865318287
15088,0.5399245482063565,0.6163258747301245,0.0,12.922196920397383
2352,0.5085085903188511,0.676273170187147,0.0,42.70665172922929
3207,0.5293285194290777,0.63614602016208,0.0,48.585971401518464
15595,0.4933492624951384,0.7065379125718627,0.0,4.738537710975628
5251,0.4650276258183081,0.7656584647975535,0.0,58.19004332461407
5649,0.49168514560044807,0.7099167153104998,0.0,57.83691566294398
9339,0.5322588821142625,0.6306252874863282,0.0,41.04739765306633
15022,0.5309647043312964,0.6330597301353215,0.0,8.175650034558345
10974,0.6262488163253382,0.468007516684109,0.2,1.5289104091708954
1743,0.5442686083474828,0.6083123886435522,0.2,19.189213185907604
14734,0.41844905360823886,0.8712001321661321,0.0,17.95107915532057
15149,0.6153340431979345,0.4855899989620023,0.0,7.1044241704663085
21232,0.530198147304204,0.6345044794671458,0.0,21.652464151595098
542,0.4773779168256358,0.7394468233202489,0.0,52.47484675051787
133,0.4432568133966751,0.8136059626926596,0.0,29.68034204292853
5113,0.5089605385882862,0.6753847927684746,0.0,77.55443699027043
6091,0.4472171993655888,0.8047108977609873,0.0,71.66755365969576
10155,0.5722462429372955,0.5581858855929522,0.0,12.76180358930307
9800,0.4919852517251284,0.7093065391075615,0.0,53.615060859771674
8683,0.5348483640772043,0.6257720038918605,0.0,18.522851553912147
7097,0.5061511025349347,0.6809200326626873,0.0,41.53952991739209
14497,0.44855019184736467,0.8017346932712963,0.0,10.121900884847008
17291,0.5400434328901093,0.6161057113802587,0.0,3.8056851542899883
15074,0.4710767298007362,0.7527342899520146,0.0,19.196605913641374
17913,0.47939786659004147,0.7352244071585439,0.0,12.327140720983701
4080,0.37715679284732845,0.9750942818481972,0.0,50.99743391641232
12888,0.5525078279945053,0.5932876773747522,0.0,9.564983780737279
4319,0.49875794615455005,0.6956343787655304,0.0,43.21280951953164
19855,0.4652427997308249,0.7651958597088727,0.0,4.492273737875897
8933,0.42443128315185163,0.8570051634794801,0.0,38.698063841551786
3640,0.437513267387955,0.8266482481860925,0.0,76.20869771163444
2342,0.4640354504002651,0.7677943279496356,0.0,52.47644488390449
10043,0.357352961813878,1.029031297078836,0.0,6.380019729005598
9876,0.5739428460594315,0.5552254589451564,0.0,12.694119621266736
6069,0.5271214136439405,0.6403243705545113,0.0,30.761183347673196
20848,0.47420795255087117,0.7461093350341134,0.0,9.3487494129721
8168,0.4971358030320888,0.698892044672869,0.0,28.388991442053126
5993,0.4750169337166576,0.744404825653134,0.0,49.66668803659534
10640,0.5143647840810672,0.6648225685867833,0.0,3.7952393514711615
2825,0.5611924338412899,0.5776914129521818,0.0,41.01609031960491
4690,0.410936862676017,0.8893156950796238,0.0,84.81848781068928
5661,0.511585927169201,0.6702397171436665,0.0,51.13593799223046
17460,0.46115893344652725,0.7740125373823813,0.0,34.424206419032004
10198,0.4433778688916088,0.8133328953333421,0.0,23.74931806163856
16022,0.5391999419290615,0.6176688270823736,0.0,2.550663219979887
12414,0.40054872534249125,0.9149198585942279,0.8,6.097986848880461
14548,0.5276505693487038,0.6393210148384167,0.0,10.835532624832384
10036,0.4679425247092528,0.7594098010566257,0.0,12.0833493942458
7429,0.5679973461892325,0.565638532473956,0.0,47.96840843351531
2777,0.5003858356114463,0.6923758069222087,0.0,46.35455948108064
6655,0.4906319977607889,0.7120609275952526,0.0,45.742795183889655
17842,0.5576727547592817,0.5839829496412174,0.0,4.0382418656432595
10714,0.4294648704933056,0.8452153325366922,0.0,30.92346929359997
3616,0.4197285934655338,0.8681469826202775,0.0,13.549602441621388
4611,0.4755319403094501,0.7433212272033164,0.2,53.35745973464205
17698,0.5860732207148762,0.5343105471853427,0.0,9.325321507155731
16031,0.46965155425204724,0.7557642331634046,0.0,5.057340207597597
10637,0.5250066034115056,0.6443444385429374,0.0,15.35215073037085
8551,0.46129526042656305,0.773716962855356,0.0,29.17183661176213
6173,0.5049239824715486,0.6833473907968283,0.0,43.80256670737133
15467,0.5621058912714578,0.5760650282045199,0.0,4.460471393623101
13630,0.5384758929724117,0.6190125503842157,0.0,16.601915231724284
7596,0.46157788370049235,0.773104477196708,0.2,59.30097738981054
18263,0.4425031272434965,0.8153077473421843,0.0,17.063983193203327
3217,0.5284482740780069,0.6378103515402381,0.0,48.78292755989706
7951,0.5456092992003551,0.6058521286092112,0.0,17.91504841365421
14872,0.5384758929724117,0.6190125503842157,0.0,16.601915231724284
13004,0.5397195194639771,0.6167056827631301,0.0,11.537021254460345
8330,0.4436168064172394,0.8127941378006052,0.0,8.948865193500268
18963,0.4976456888739309,0.6978669232956765,0.0,26.046837219081016
2819,0.5051854816819457,0.6828296266821081,0.8,45.64374722909777
4449,0.47956348992441256,0.7348789848224032,0.0,41.19731970168748
11351,0.539491206340482,0.6171287940637171,0.0,2.7511600562332528
10946,0.5239737611744468,0.6463136700094113,0.0,4.589796395668067
8748,0.5284186879121271,0.6378663399795622,0.0,45.29903523488369
17790,0.47666313478384137,0.7409452539681334,0.0,21.554097550992275
2644,0.5091672066595792,0.6749788160625138,0.0,16.071245249970875
6125,0.3815100453354917,0.9636180974496532,0.0,90.91736602401025
19388,0.4973787528953876,0.6984034648593639,0.0,45.918980784772614
4701,0.4866179724803245,0.7202759145011333,0.0,66.65073438609156
20169,0.5162720812738686,0.6611213631782804,0.2,28.031545546561304
15702,0.44885073917951757,0.8010648759510807,0.0,1.5575706084195666
10748,0.5556933843651777,0.587538603814495,0.8,4.761265955058509
15804,0.471567001772582,0.7516940835630433,0.0,29.627647351251007
14195,0.38713576320349463,0.9489798381601988,0.0,34.0157083229833
13779,0.5213416852509892,0.651349626370905,0.0,18.58984380769328
7014,0.44124334403267323,0.8181587551936169,0.8,67.04811217283648
7337,0.47706808664055655,0.7400960589917003,0.0,50.41533992476434
15649,0.4898812185406264,0.7135923284053735,0.0,4.750419564274081
6680,0.47324927265619865,0.7481330258063029,0.0,39.688456448244175
9524,0.4996744073113564,0.6937985780505186,0.0,21.594827450553943
3872,0.44373472749464077,0.8125283556982726,0.0,34.138378368734976
10594,0.47881504288935134,0.7364408878942916,0.0,24.597126779388955
20377,0.44237797855345995,0.8155906072429124,0.0,66.79687042207141
5023,0.3544948784408362,1.037061380389815,0.0,81.37302532660505
3270,0.5190938168519659,0.6556706475048756,0.0,45.65106883252697
15959,0.4872234956313456,0.719032337904973,0.0,7.855428085895028
11510,0.566585802347697,0.5681267495281596,0.0,16.805188936794384
9224,0.5316376744474014,0.6317930847380957,0.0,44.942601227450396
5702,0.4371331578206482,0.8275174213291623,0.0,67.00946568044463
4223,0.5003610193406749,0.6924254024231162,0.0,48.26412457090193
254,0.44137023870637515,0.8178712122029858,0.0,43.78882545013131
11190,0.47660647360875696,0.7410641315126439,0.0,12.76445820600475
10127,0.6021523157630572,0.5072448494588182,0.0,35.860433959516854
2484,0.491460506174115,0.7103736962875034,0.0,48.44748662877984
6934,0.4578984972445077,0.781107741166561,0.8,53.09384879694604
18882,0.4429319565471265,0.8143391176933047,0.0,34.23929365820946
16356,0.45455450904326744,0.7884374406674802,0.0,11.519071113419642
9885,0.5150192194215879,0.6635510597495281,0.8,54.19553483003984
8760,0.5102283620046881,0.6728968848455829,0.0,18.908401437401718
12089,0.5773225304578942,0.5493541903809444,0.2,8.946919222055271
13252,0.503992702569077,0.6851934900451997,0.0,7.09860464835147
3460,0.4525180369884132,0.7929276558887003,0.0,38.627467852830236
5923,0.5199173840588669,0.6540853568387927,0.0,43.9414544720411
7385,0.4873738896396595,0.7187237099283735,0.2,29.90968702416646
219,0.47969814753229173,0.7345982322028767,0.0,50.685439732965264
11779,0.5631540492298863,0.5742020661921894,0.0,8.547571636442298
11767,0.3894929914863873,0.9429094074496851,0.2,4.840944279094764
19018,0.49617403978048813,0.7008285271493249,0.8,49.8289098843862
15341,0.505910311588025,0.681395875231316,0.0,10.79263007097838
7531,0.45246879377516863,0.793036482253061,0.0,33.16874845007899
12286,0.519286638750858,0.655299257808415,0.0,10.677773361395829
2768,0.4973486606995228,0.6984639682605222,0.0,26.709260654202353
11651,0.46474636485659565,0.7662634741290957,0.0,5.008604268006545
15553,0.5632954173346837,0.5739510685047908,0.0,6.86187234544206
14111,0.43695536261701,0.8279242341448739,0.0,12.876126441895025
3683,0.4119287160335719,0.8869049639381732,0.8,75.55986813205075
86,0.44373472749464077,0.8125283556982726,0.0,34.138378368734976
14683,0.517031988482124,0.6596505331148129,0.0,8.133491022978301
1221,0.46580563347528015,0.7639868274116426,0.0,51.73336813475451
16073,0.5254293130980858,0.6435396113226303,0.2,9.189745477843545
264,0.46642513851273376,0.7626577463573312,0.0,54.949487133875614
13266,0.45179156523902925,0.7945343443588295,0.2,11.002711640082875
12219,0.4900008788164051,0.7133480943762056,0.0,9.732207801223527
16620,0.501717590744511,0.6897178858293177,0.2,21.597134325121164
7352,0.4894923365229661,0.7143864728584017,0.0,49.921324761224064
18015,0.48018109849305307,0.7335919577084261,0.0,16.806591639162797
10796,0.48729509204338806,0.7188854009186973,0.0,9.672603357305743
7031,0.47584139462438596,0.7426706848463122,0.0,45.41431351157752
11880,0.49225694353858984,0.7087544558466127,0.2,7.382031475207873
5884,0.4190890237408005,0.8696719144661352,0.0,58.14626473201141
9769,0.5124509894526192,0.6685502028787986,0.0,20.80528159949956
13478,0.5101904685924044,0.6729711551572725,0.0,2.7760059347993358
6543,0.5066611517448588,0.679912838583258,0.0,48.277211829829504
4585,0.49496336336283536,0.7032715325609876,0.0,48.42024930925278
11003,0.5802121247069262,0.5443615100520893,0.0,8.991029033172032
20597,0.4925416649832929,0.7081762229974344,0.0,25.78505006488256
13265,0.45179156523902925,0.7945343443588295,0.2,11.002711640082875
7893,0.5444172320517362,0.6080393554145682,0.0,46.791669709281415
5513,0.4905819860319293,0.7121628660709144,0.0,47.202156610526515
19054,0.5686553224628229,0.5644807885734114,0.0,17.94030100417432
14901,0.5889233512812709,0.529459237446765,0.2,9.691750493177818
21141,0.5386581540600119,0.6186741318004899,0.2,7.727240059591663
11467,0.4076983315217541,0.8972277615818985,0.0,28.527357175781045
8815,0.4662089586126918,0.7631213363216698,0.0,54.95618402497118
20742,0.5392112619080195,0.6176478332742268,0.2,23.038573542245103
14771,0.47101904942539496,0.7528567411436773,0.0,2.793098448614731
12178,0.5453574387003352,0.6063138484687534,0.0,5.49380955778016
14444,0.5247722546991422,0.6447909110822645,0.0,3.2181513966268276
19953,0.5037683956541561,0.6856386489603842,0.0,9.74086862448793
1406,0.4036090336315381,0.9073086081180415,0.0,44.19953552180703
4349,0.37706389629392667,0.9753406197045011,0.2,69.67345478738835
13029,0.522490733080421,0.6491480310317025,0.0,8.994107715879743
20599,0.47135670222452564,0.7521401420312985,0.0,28.41397433035486
12538,0.5516697152004711,0.5948057538112019,0.8,5.677421107320742
9160,0.5238465372712641,0.6465565053581761,0.0,41.99061204317336
18201,0.46379054648848006,0.7683222371013385,0.0,35.150742347386235
5947,0.5007082589051107,0.6917316650646576,0.0,44.33308251954377
8903,0.46982793325318745,0.7553887507701044,0.0,28.954052200176207
11667,0.4798426847314236,0.734296968941606,0.0,9.25764891688367
691,0.44373472749464077,0.8125283556982726,0.0,34.138378368734976
19646,0.39801375411328016,0.9212687162212476,0.0,82.55949755048604
9767,0.5127015887179547,0.6680613014690704,0.0,22.144896500205654
1601,0.4378524188352651,0.82587336868232,0.0,41.562081059486005
9,0.5071782353163278,0.6788927882224146,0.0,18.09928163041875
14650,0.5785474151036342,0.5472347735573627,0.0,7.254964582492063
5010,0.4994488447762547,0.6942500989984349,0.0,52.7873088197658
18020,0.599874480490547,0.5110348448336135,0.0,14.680242243977386
13138,0.440108173545457,0.8207347333187874,0.0,11.962208190221782
2379,0.5035677051344931,0.6860371068775801,0.0,45.460248468519026
15313,0.47969083792529743,0.7346134702493943,0.2,7.745397084341897
6047,0.47815714737454645,0.7378158403226774,0.0,47.205457126099624
20766,0.45236823991465636,0.793258740753061,0.0,12.463681628238165
8979,0.46011118280572877,0.7762871169525746,0.0,57.48406041807808
9589,0.5195288311948885,0.6548329720138238,0.0,45.21621371996707
9040,0.4967146304767137,0.6997396019438373,0.0,16.854977394892707
7110,0.46901462319571197,0.7571213315001549,0.0,55.4212791552604
15130,0.5383531733829764,0.619240478091223,0.0,10.287752051274067
8680,0.466388721079911,0.7627358271715617,0.0,55.23351271332788
9068,0.4019580506808915,0.9114075473481876,0.0,84.07279170838916
9813,0.5726828148115977,0.5574232673459856,0.0,16.78568627120859
4979,0.42227109007722596,0.8621077776446088,0.0,47.691801996205335
16190,0.5875632841158666,0.5317713211209236,0.8,3.425139071225683
624,0.5243500843567939,0.6455957178229452,0.0,46.37959892966269
8451,0.5263116410925572,0.6418617681275985,0.0,21.855393327170148
2172,0.493218877770636,0.7068022323282789,0.0,31.459766174587607
5026,0.46485099650946443,0.7660383623599382,0.0,60.55150095008318
6722,0.5044566488077071,0.6842733719039588,0.0,48.13862805902943
12682,0.350959850738624,1.047083447418821,0.0,16.290995944606134
17274,0.4178287282975007,0.8726836713391968,0.0,25.13372600316601
3069,0.5039038604052464,0.6853697822706609,0.0,45.39204298052672
195,0.47952319922904685,0.7349630037037934,0.8,55.772666302451356
12907,0.5601282503571843,0.5795895029787025,0.0,9.57510793734604
5905,0.45760249951943616,0.7817543766949369,0.0,23.745789192108703
18471,0.4501507163792416,0.7981728270055218,0.0,32.96852886304609
6462,0.5273914147873977,0.639812283565946,0.0,44.22158502345522
16742,0.5003515326137878,0.692444362366946,0.0,8.458207826879269
2293,0.4036090336315381,0.9073086081180415,0.0,44.19953552180703
8103,0.48519779045313216,0.7231986558114565,0.0,51.24585719220523
11383,0.404145789448562,0.9059796011454027,0.0,3.929369622892331
843,0.48004932385725174,0.7338664223235046,0.0,49.06960722982636
17881,0.4235984506903909,0.8589693227441264,0.0,42.67359621606484
17688,0.620405331898847,0.4773822534245387,0.0,8.451337080430802
7435,0.5316333876757064,0.6318011481037749,0.8,21.58232712281974
18683,0.5321625083600594,0.6308063694437728,0.8,18.48262674501931
345,0.44259137946346966,0.8151083285917641,0.0,60.84783486374028
20911,0.4976535714636628,0.6978510836582001,0.0,23.83440677377953
10610,0.5273914147873977,0.639812283565946,0.0,44.22158502345522
12869,0.5487534056722816,0.6001061083755105,0.2,4.85785896446893
5480,0.37468824347919316,0.9816609494975366,0.0,50.11379072290137
21250,0.5398951629322618,0.6163803009899876,0.8,5.341859788004514
6187,0.5097073529719893,0.6739185356621317,0.0,45.20982177710806
7272,0.4425480694806508,0.8152061888394462,0.0,64.98823525964058
4667,0.5352204494181663,0.6250765619702464,0.2,42.44863686142174
16751,0.5640929737106952,0.5725361940650738,0.0,3.7005878399471843
9916,0.5343305520242005,0.6267406202491245,0.0,45.18799895904445
14605,0.5678277663844111,0.5659371344404104,0.0,5.303679998973749
14687,0.5201638341863497,0.6536114512864724,0.0,8.059029144495607
3078,0.4690646873552193,0.7570145939162604,0.0,47.95308460015259
6971,0.389982130538837,0.9416543600393605,0.0,40.491137481692505
14322,0.524794268047536,0.6447489635774233,0.0,12.698330640895584
18738,0.5359393868202798,0.6237342085963684,0.8,8.548277281226087
12190,0.40778951440331634,0.8970041337684422,0.0,16.569459613018434
4814,0.48515330236337134,0.7232903506425775,0.0,34.77037692638019
1827,0.5145018461333816,0.6645561355057599,0.8,45.256271813910054
933,0.46125844864596466,0.7737967669475316,0.0,60.72370010548738
14140,0.41890784602623515,0.8701043211347631,0.0,34.208150190506764
15488,0.5234373638574389,0.647337904621936,0.0,19.316563172694494
6373,0.4845165679686178,0.7246036522223275,0.0,23.92677641295804
8410,0.474294634057067,0.7459265595569328,0.0,49.60411621053603
17923,0.5200502049541872,0.6538299240782997,0.0,4.757266542558687
3342,0.5117557164991176,0.669907884011447,0.0,45.577182786498966
20317,0.5400174393204986,0.61615384490733,0.2,9.179151340401258
5387,0.3787782744135051,0.9708042730280287,0.8,97.10469889095833
12720,0.5802121247069262,0.5443615100520893,0.0,8.991029033172032
13709,0.49217361613962474,0.7089237464041739,0.0,9.26953211617958
6961,0.4482671631301137,0.802365878038354,0.0,43.40799277756179
9209,0.480677862851539,0.7325579570429158,0.0,28.756560591689137
5501,0.47225154418242365,0.7502435027648399,0.0,50.58970951909674
15870,0.5245518726775317,0.6452109567461374,0.0,4.703871743847366
356,0.4774411767193255,0.7393143167664735,0.0,44.97249124262953
553,0.4129838934463254,0.8843466857008908,0.0,69.90760482995245
8706,0.5199807930046096,0.6539634046184313,0.0,18.39272200222959
2183,0.5088779784998776,0.6755470190690194,0.0,50.02425624665942
1492,0.4261524695732951,0.8529580869507318,0.0,13.576963212361932
10037,0.4679425247092528,0.7594098010566257,0.0,12.0833493942458
17451,0.4286385719904866,0.8471412046805475,0.0,37.22338660187909
5696,0.42680896810609886,0.8514187473430127,0.0,63.9117503479623
12146,0.613959986533241,0.4878255214711911,0.0,5.45315756106075
16705,0.5438542015490364,0.6090740799061799,0.0,10.63342799266717
19986,0.5514393388103911,0.5952234394291228,0.0,4.854345005488712
6914,0.43770986248088845,0.8261990025262587,0.0,45.32114905707311
5619,0.5015906011087652,0.6899710276604223,0.0,45.858921826700595
17427,0.48476191606828495,0.7240974032774725,0.0,24.254003599181825
14969,0.58369415770919,0.5383781358867452,0.0,16.33520087542255
6421,0.5205967272562763,0.6527795729257266,0.8,47.652908823578045
10584,0.5741033830112892,0.5549457891046239,0.2,9.38746264248349
7099,0.4987834462898575,0.6955832527962098,0.0,43.20963357417702
18023,0.5097198247961416,0.6738940673638071,0.0,5.867596138111425
20036,0.5212006158331679,0.6516202521642864,0.0,3.7517035583355343
12171,0.49558799642985396,0.7020103497992104,0.8,9.70178265261622
18101,0.4468084086138082,0.8056253923271861,0.0,6.082874841307767
5972,0.3716595068925713,0.989777147907756,0.0,50.57761452350643
10246,0.5010201953885526,0.6911088685529132,0.0,5.158436585651645
19776,0.4859303109710936,0.7216900584270048,0.0,19.42068005040681
8325,0.43968940238074317,0.8216867050172749,0.8,64.91324969636473
493,0.4436404770473183,0.8127407809434102,0.2,8.289953485334763
9918,0.5288243146480809,0.6370990106997768,0.0,47.14532679178348
6777,0.5058689359836819,0.6814776630411875,0.0,32.83700212950677
4683,0.37636806064270295,0.9771877296993876,0.0,55.69970059286509
10097,0.43774283475884956,0.8261236762908591,0.0,7.718060619074996
14891,0.433526396688963,0.8358025925993219,0.8,11.172591013096412
4557,0.4089796394583459,0.894089905453902,0.0,38.445865934517784
11814,0.6281809412567864,0.4649270309930442,0.0,2.626372876116165
9396,0.5361897966801651,0.6232670823054466,0.0,12.124102835331566
14329,0.47482951877532514,0.744799447211751,0.0,26.16517544035046
14867,0.5187413450261102,0.6563498918634296,0.0,23.925922027221535
11797,0.5038438313594811,0.6854889173405337,0.8,6.316095038656707
4124,0.44308550581434986,0.8139925121797942,0.0,40.3496085803416
19145,0.4668729823214829,0.7616980447719003,0.0,6.88536947426277
9227,0.5379471058429919,0.6199950399306814,0.0,34.3322229710681
5774,0.4612482666163745,0.7738188416477416,0.0,64.45136907740809
7287,0.45913908602175746,0.7784020951675302,0.0,56.90119493836747
3560,0.42430481903592865,0.8573031692236281,0.0,84.11858277817176
18242,0.5551588058242891,0.5885010695446371,0.0,7.152053426337464
9179,0.4931686236484374,0.7069041276223084,0.0,45.21005477646486
12012,0.5510900425505016,0.5958570665731807,0.0,5.789943404564415
11894,0.472595336123471,0.7495157828275988,0.0,13.133015066363651
14847,0.5669629949075774,0.5674612420974864,0.0,16.706059270406996
1026,0.4626932600912165,0.7706909496520065,0.0,35.40554116863022
19147,0.5108066871267274,0.6717640634319055,0.0,11.695411921524347
13246,0.4200252573192309,0.8674404330384891,0.2,29.036831742070845
16694,0.5106715775910113,0.6720286007033692,0.0,8.47485210375019
81,0.4763890733224064,0.7415203776951614,0.0,48.17286862143743
3107,0.4968146483952636,0.6995382632998441,0.2,45.69034070675971
14527,0.5792558170362578,0.5460110733614086,0.0,5.523093505837899
14757,0.4890094437491459,0.7153734773233049,0.0,24.41898590970936
9066,0.401895113613362,0.9115641358159667,0.2,84.08723621202952
14853,0.5859419727814147,0.5345345168654944,0.2,4.501849919223541
5412,0.46960759205510827,0.7558578435309883,0.0,53.81141033292317
863,0.47121780756940684,0.7524348554034106,0.2,65.11195296783288
137,0.4708408653237321,0.7532351076098541,0.8,45.2355346173789
8367,0.4990774618751451,0.6949939610594752,0.0,47.33256339981257
2470,0.5265179270928556,0.6414698984287,0.0,39.51454476440253
11442,0.5605003876904882,0.578925344783296,0.0,5.845119559201066
437,0.4772776008484658,0.7396569849454258,0.8,58.08156869303403
8188,0.4253275616070064,0.8548956737270667,0.0,60.21457795298648
7060,0.46801015616074315,0.7592652821017888,0.0,16.756984544277103
3203,0.4050118155609406,0.9038390380766126,0.0,56.08321507095167
6193,0.5111147541937768,0.6711611460961395,0.0,54.070755228603375
14132,0.4807392535183485,0.732430248339071,0.0,24.46317141212484
16503,0.560063860823058,0.5797044645706553,0.2,5.092703632797325
10156,0.5728251804643265,0.5571747039940946,0.0,12.73868494497542
12278,0.4050080953423585,0.9038482235757147,0.0,15.61691641201044
20308,0.447420632796436,0.8042561138762908,0.8,15.441718000023503
1467,0.5174359172886459,0.6588695928366327,0.0,25.72885772593991
11698,0.5435694905517229,0.6095977230930765,0.0,8.128071039711774
3122,0.46208119123065783,0.7720146647461186,0.0,55.9208833010859
8346,0.4826913099612063,0.7283779394584657,0.0,38.34545973475723
9786,0.5123816237973172,0.6686855726055445,0.2,20.782079227311016
14617,0.5324988374090701,0.6301745646702921,0.2,11.149049244328474
6866,0.5182049362143568,0.6573844852060253,0.2,17.102843770320185
21124,0.5492768274295757,0.599152725160438,0.0,8.916890535051602
347,0.4803887263931134,0.7331596561767421,0.0,52.55288437849145
10615,0.5629608476143331,0.5745451956863294,0.0,4.38201859107815
15857,0.5496484139830146,0.5984764524649031,0.0,8.260172024316672
337,0.4608093171978008,0.7747709501915861,0.0,60.17645828273252
12672,0.5369966873545425,0.621763353292034,0.0,10.187592686000315
12359,0.5795891891841464,0.5454357209108299,0.0,2.945352879914281
10803,0.48706019748753865,0.7193675547345052,0.0,6.618181366348976
15568,0.5786445992423224,0.5470668081070107,0.0,3.6807477461417912
10992,0.568560539434917,0.5646474816899975,0.2,3.5023672833664286
1587,0.4879433760628438,0.7175559125194064,0.0,50.085402146402856
18287,0.43605105500637925,0.8299959438501286,0.0,72.37564693696788
8341,0.47644683566889545,0.7413991346857098,0.0,48.26508536496766
1502,0.4698341493733949,0.7553755202262259,0.0,54.71184916050786
20471,0.648715491712558,0.43276103788200987,0.8,15.895313548730115
13495,0.5153501058031437,0.6629087921958856,0.0,9.121624500144078
6504,0.5302238778668905,0.6344559505568048,0.0,45.509525043008736
12903,0.5571312482756513,0.5849544325651121,0.0,9.518085835266511
13607,0.5306534682711416,0.6336460729035669,0.0,8.69045628870513
18046,0.4235984506903909,0.8589693227441264,0.0,42.67359621606484
5744,0.5420732886431966,0.6123540677848555,0.0,18.398176845342192
12524,0.609184555505747,0.49563401037418253,0.0,9.587047921515882
3709,0.5250719201181515,0.6442200350716416,0.0,51.71412043222336
14378,0.5880393973571995,0.5309613310199022,0.0,5.737302678539207
19916,0.48167251197112904,0.7304908315971511,0.0,7.761465259882316
2412,0.5123860635919957,0.6686769076276513,0.0,47.512837875546765
13298,0.5815384088986895,0.5420782577882258,0.0,3.9251885012832517
14753,0.5776631923893257,0.5487642922816494,0.0,10.610358135541798
8441,0.5500776810324113,0.597695772488054,0.0,46.0524610942273
3280,0.39071645347181283,0.9397731650056484,0.0,53.56707040532197
903,0.4227737665776796,0.8609180737944866,0.0,52.55905103246687
5197,0.454301738734349,0.7889936789418033,0.0,41.818636384594996
11546,0.45501325104514206,0.7874287372791217,0.0,5.266717052219163
2926,0.5061925915729598,0.6808380663536366,0.8,53.22111040021205
9194,0.5192683760071717,0.6553344273342055,0.0,46.28299143057582
17422,0.5222099212055745,0.6496856240358947,0.0,41.85924495490101
7983,0.4973486606995228,0.6984639682605222,0.0,26.709260654202353
20582,0.46608851218833797,0.7633797225745478,0.8,4.4825657149414
19546,0.5150194878943045,0.6635505384628722,0.0,21.12346759842761
17464,0.4085878062903103,0.8950484397010131,0.0,44.32995901225293
15903,0.603802708733575,0.5045077755757466,0.0,4.608678525073084
1263,0.4948836223484418,0.7034326504220655,0.0,48.97298037103707
14304,0.6545247818313393,0.42384583058835584,0.0,14.42220225851646
14432,0.5745998683239624,0.5540813615981952,0.8,6.0007011038354
1585,0.463442093032376,0.7690738359076265,0.2,59.70666456792203
10147,0.5216764248039094,0.6507077591565474,0.2,9.194500090786331
4501,0.4607431491999801,0.7749145513436574,0.0,69.50983289067452
5060,0.5046816791894995,0.6838273866920624,0.0,50.6716109190385
13827,0.518068521973369,0.6576477636692495,0.0,20.04641936296896
20069,0.5068350272165831,0.6795697184471597,0.0,5.2520546558626915
20802,0.5497839401901212,0.5982299139538638,0.0,3.8452124913639167
2241,0.45890587615244754,0.7789101527985508,0.0,61.300229619507235
16406,0.46997910584797076,0.7550670409088296,0.0,4.821858241338225
11756,0.5546601178792431,0.589399753046888,0.0,8.60612065487342
8530,0.5345972125510486,0.6262416893742477,0.0,46.25859523212377
4324,0.4960664540533404,0.7010453812854702,0.0,44.96855630346958
628,0.5243500843567939,0.6455957178229452,0.0,46.37959892966269
13063,0.5856020251207801,0.5351148581429613,0.2,41.65735179633095
1971,0.46098006651168544,0.7744004765913144,0.0,64.49981640427539
9649,0.5156329503333051,0.6623601031838324,0.0,47.673369942678306
17861,0.4791999347082058,0.735637368432564,0.0,16.49004681862434
4882,0.4614541295217364,0.7733726242982706,0.0,57.256642121915164
16019,0.5158023631364497,0.6620316040478117,0.0,2.812972017901436
7457,0.38137222779935176,0.9639794049344185,0.2,86.83044563492565
442,0.5053258817834595,0.6825517473677463,0.8,19.828127740287368
20453,0.6400561314441036,0.4461994010928998,0.0,17.122902016940028
18445,0.5590556622688778,0.5815062360635597,0.0,6.6248097499886995
9293,0.4432568133966751,0.8136059626926596,0.0,29.68034204292853
4249,0.47843031975302014,0.7372447009438191,0.0,49.8414248574577
15463,0.48749151761610066,0.7184823884574576,0.8,5.177024597877272
7659,0.4785129127199886,0.737072082622542,0.0,49.98416831382107
14073,0.4944238711713908,0.7043620908905935,0.0,9.71660439777756
13866,0.39019733862949824,0.9411026713456064,0.0,14.099128913269606
7463,0.3623588402137543,1.0151202868326168,0.0,65.96251964607482
9440,0.5120131082478288,0.6694050522238155,0.8,29.460520331951216
11375,0.36078916740905265,1.0194615150552218,0.0,2.0103984591649118
8537,0.5260824589211878,0.6422973125210714,0.0,21.870223613850968
11965,0.5089291374022179,0.6754464913725943,0.0,10.055371973749537
15077,0.3101557661494302,1.1706806362496776,0.0,15.353476834691016
20997,0.5117779755907628,0.6698643894165534,0.0,11.705880460587254
17615,0.53501537858555,0.625459787479541,0.0,18.482336242832492
11583,0.4248884060903385,0.8559287184413695,0.0,13.825387938951344
7856,0.46801015616074315,0.7592652821017888,0.2,16.756984544277103
8107,0.5149601333945477,0.6636657921991514,0.8,17.2121713333282
537,0.4776909311788005,0.7387913431105738,0.0,36.14536589803176
14778,0.41208858666245385,0.8865169365742701,0.0,32.18278257797668
85,0.4768128544245812,0.7406312038113073,0.0,39.77189338444013
15750,0.4848812574471797,0.7238512480262276,0.2,1.4274491382914545
1172,0.5081530130207065,0.6769726700236222,0.0,17.364348727861326
19056,0.5051128904643442,0.6829733292153948,0.0,24.0867618359972
18732,0.5384758929724117,0.6190125503842157,0.0,16.601915231724284
11179,0.45861445034639936,0.7795453993591591,0.0,32.590843451063726
6439,0.49099224934503716,0.7113269367601974,0.0,21.11396239735388
20149,0.49281508956344505,0.7076212471759193,0.2,21.207406942296934
20066,0.4052828573509187,0.9031700424404624,0.0,32.55476424867287
21252,0.4569022156368684,0.7832858811428384,0.2,24.601559854399937
4282,0.48707356456688283,0.7193401107019386,0.8,41.17142893101107
4947,0.523525290810095,0.6471699388354376,0.0,22.447090217259813
3524,0.4434835158671868,0.8130946462046883,0.0,15.643939256020644
20944,0.4694601494648082,0.7561718626054227,0.0,8.66194826788294
19581,0.5069614336928605,0.6793203459511874,0.0,33.409653768375655
13912,0.5684785904924884,0.5647916261445084,0.0,10.630226030998717
16141,0.44141914068303156,0.817760422522348,0.2,69.92260580123575
16455,0.49109405351906993,0.7111196145032828,0.2,5.0936255140248505
14300,0.4666002830365303,0.7622823128014846,0.0,14.537867176573474
19835,0.46593894525687424,0.7637006722022714,0.0,25.076109415929302
8609,0.529360898847664,0.6360848512903836,0.0,17.109093525083377
19374,0.4249842219608251,0.8557032355449212,0.0,6.235509426819985
8927,0.46899133317276576,0.7571709900823694,0.0,63.37899766707717
3791,0.5182024520556546,0.657389278994125,0.0,18.357924255380134
10954,0.5168041568569773,0.6600912830921899,0.0,4.792592730674263
10805,0.4946598286215957,0.7038849675597156,0.0,5.59764527835911
4698,0.6425229452648786,0.44235275037591815,0.0,28.69674961739927
5001,0.47075150781883,0.7534249084360272,0.8,55.395567542394076
17211,0.47982096011806974,0.7343422444159332,0.0,52.902013158740886
6597,0.520563023998929,0.6528443146857081,0.0,41.840792227823165
12031,0.5937251675618455,0.5213387475616283,0.0,3.5018324956457993
16245,0.5766637039134765,0.5504960178939152,0.2,9.488872554453984
5926,0.4960997939300044,0.7009781750551749,0.8,44.3403698638015
10128,0.6021523157630572,0.5072448494588182,0.0,35.860433959516854
813,0.5076094338979645,0.6780429580152305,0.0,56.14263278358895
20547,0.5367459155436326,0.6222304518588462,0.0,18.90118340159335
9165,0.5226995331813376,0.6487484863546534,0.2,42.35678679326323
12567,0.38232891836819327,0.9614739980116285,0.0,10.014231667069545
9013,0.4623543340096726,0.7714237251305247,0.0,50.57453753619849
12526,0.4471570774955634,0.804845342303214,0.0,8.503191279377159
15355,0.46003499318782365,0.7764527202448928,0.2,7.46947526501866
3185,0.5234230154919264,0.6473653168075463,0.8,52.68906273984577
17562,0.4599261837478343,0.7766892724891064,0.0,7.433110907058685
526,0.48484168637010105,0.7239328611866728,0.0,21.77771062803825
411,0.4501986510532848,0.79806634684166,0.0,47.88398081049961
5391,0.44932648224682487,0.8000055235194017,0.0,59.20720810378717
12040,0.4616221200404206,0.7730086445715286,0.0,12.83116973635155
18697,0.5060196553260917,0.6811797659311324,0.0,22.010621186649715
9124,0.517673623262675,0.6584103062222305,0.0,21.803256511942003
8766,0.5469243631539801,0.6034447618908205,0.0,19.386568221152054
3104,0.4970596617879417,0.6990452162512765,0.0,29.132708853942773
15215,0.4867862829286269,0.7199300963088571,0.0,7.294331370541396
18202,0.4665101343202623,0.7624755347715143,0.0,34.91108532821093
2306,0.5065180090044987,0.6801954001416829,0.0,14.644606783418666
14639,0.48438239683630924,0.7248806081032602,0.0,7.368411526542644
9080,0.4819649292830658,0.7298839284022488,0.0,42.23838494132421
15222,0.616099505707129,0.4843467932551833,0.0,6.40839239569242
6348,0.4653665949192238,0.7649298078296616,0.2,54.38650816949868
18802,0.5119030738366308,0.6696199807766537,0.0,21.846684583113962
16155,0.4832338200953122,0.7272546428917456,0.0,28.782921572295205
1331,0.4758301787728983,0.7426942556911325,0.8,29.49053533098784
10452,0.4482811729942212,0.8023346251464705,0.0,11.485821151826467
15749,0.4603368287686283,0.7757968209997725,0.2,2.6641792397497457
4336,0.4435907256843336,0.812852930657901,0.0,9.33155437264601
4539,0.45478635224594555,0.7879275258103101,0.0,49.932935205762696
6704,0.49768516446416267,0.6977876017512471,0.2,48.098504925358256
10086,0.4876891546519704,0.7180770542579682,0.0,7.844991612324811
11222,0.3783411896785939,0.971958872280055,0.0,7.371919235258112
17480,0.4824273877145265,0.7289248613114859,0.0,35.587568555678374
11211,0.49075213355644126,0.7118160982926,0.0,10.834909022558554
16065,0.5507147625292644,0.5965382762285014,0.8,5.70708135188736
13606,0.5327249123874164,0.6297500998913501,0.0,8.756675271116052
20240,0.4525858999174907,0.792777699786561,0.2,23.71475577851312
9500,0.4751868788972423,0.7440471230631407,0.8,55.952341383696556
18136,0.6584126943058523,0.4179233492677015,0.0,6.005767128756516
13873,0.4698242321258296,0.7553966284241858,0.0,12.312964466992337
2528,0.45551898878782965,0.7863178753621671,0.2,56.63454617278594
16480,0.546530954233294,0.6041643321035314,0.0,10.037284202847843
14973,0.5983617757327334,0.5135597318141039,0.0,14.752773408705167
10429,0.5685548843991042,0.5646574279728361,0.0,9.579413082469408
15931,0.47581703983304025,0.7427218687384928,0.8,6.213610575881378
16905,0.3380942676207439,1.084430524097791,0.0,6.68547613308259
21037,0.4386879280015459,0.8239669888508937,0.0,34.36354320716283
6281,0.4808863944433381,0.7321242229612126,0.0,20.144397547924605
3869,0.5685522020110574,0.5646621458891676,0.0,37.265443143806664
14818,0.5239672318000108,0.6463261313492766,0.0,8.927056703714983
14369,0.49249132695225567,0.7082784287742828,0.0,7.276852358375692
623,0.527092679499787,0.6403788834743205,0.0,43.29601914540664
3216,0.5285743292020708,0.6375718417405983,0.0,50.33948349991428
6154,0.46545793449227185,0.7647335526377211,0.0,53.148981908321616
16010,0.5579030721015792,0.5835700376005937,0.0,2.5696337652473447
56,0.4473393226127243,0.804437861357152,0.8,62.042270057170356
20675,0.4990754727237163,0.6949979467241162,0.0,22.855006311491582
4117,0.4677207907272967,0.7598837621117376,0.0,44.33921635972928
16383,0.5853104953777843,0.5356128112247092,0.0,9.350915509301075
19542,0.6103069957146101,0.49379317675019446,0.0,12.771960403623492
3899,0.40934235693386434,0.8932034145594338,0.0,59.82140461443454
21228,0.5222771627980302,0.649556868795972,0.0,21.60588584389858
17066,0.5073822558509193,0.6784906031597834,0.0,7.217885117745539
12489,0.3769367352481542,0.9756779166288233,0.8,5.834749360633679
12007,0.5205618949936105,0.6528464835038736,0.0,4.1445957535900515
12287,0.47928150153970633,0.7354671683042929,0.0,11.921187061708164
13575,0.5068714936266735,0.6794977717656374,0.0,10.896766001367176
4733,0.5199047975998164,0.6541095657069493,0.0,51.053253599611374
1958,0.44996904721697006,0.7985764825457856,0.0,75.86476584184963
19362,0.41053981869531586,0.8902823543180962,0.0,46.02359093143518
6822,0.49241916033721356,0.7084249732899572,0.0,47.12088666599322
6888,0.4789965908038777,0.7360617989162208,0.0,54.60106306430703
8136,0.4694532926441558,0.7561864684686365,0.0,47.90062699898006
2256,0.5357160353362211,0.624151043117381,0.0,42.39234246757238
18507,0.6227280151776606,0.47364542826885,0.0,14.427002167106815
17495,0.46043043581357596,0.7755934969919135,0.0,10.783891033454887
20129,0.48385639176975864,0.7259671275124954,0.2,16.199956145813406
13731,0.5326494329363692,0.6298917955338342,0.0,18.931081531969408
13927,0.4864576576894411,0.7206054156978817,0.0,10.780617494728324
1469,0.4163911474509232,0.8761302021913221,0.0,61.35977857678239
16284,0.4590764991978224,0.7785384178896435,0.2,9.475591087104739
7670,0.4565384371581058,0.7840823828025394,0.0,58.80617871019046
11850,0.5572179565924033,0.5847988111197912,0.0,9.444793372994962
8715,0.5083813132811049,0.6765234962803853,0.0,55.49522157404567
20457,0.5041054914380005,0.6849697244039861,0.2,16.45639704089153
14927,0.48989722700241495,0.7135596506875429,0.0,23.463624995972005
16794,0.3502123460398888,1.049215605497408,0.0,2.040068656415218
7972,0.43882148710318764,0.8236625839057748,0.8,84.17831356155148
7194,0.4824924951389996,0.7287899124401259,0.0,39.32914495592303
14875,0.33947347672635364,1.0803594595526331,0.0,17.23119380595763
2772,0.46314567979700766,0.7697136311956093,0.0,40.07513915115858
11523,0.4640486315390725,0.7677659228965488,0.0,6.168999073321987
18740,0.5288513758331823,0.6370478396549076,0.0,8.730740897635698
6641,0.4836043918505139,0.7264880787059916,0.0,39.93141735692811
13163,0.48040110952854775,0.7331338791858288,0.0,9.190566843640157
17440,0.4198714705017591,0.8678066371540579,0.0,32.46464616351652
20486,0.45179156523902925,0.7945343443588295,0.2,11.002711640082875
17514,0.4358046704532552,0.8305611395642544,0.0,36.93920541478449
7830,0.48445003461589364,0.7247409806971196,0.2,49.873052356059446
14759,0.4052828573509187,0.9031700424404624,0.0,32.55476424867287
20376,0.4429120249153581,0.8143841180143294,0.0,48.80604044112907
18967,0.5511443438375828,0.5957585370992401,0.0,2.2117536257968906
10515,0.4587774993178044,0.7791899373929154,0.8,58.27951588531117
12134,0.49459722089702507,0.7040115428005687,0.8,7.744126970806256
18610,0.39135050059063436,0.9381516995941641,0.0,89.68261286790883
19851,0.6138905816924668,0.48793857242811406,0.8,12.683963599763171
16412,0.42471424191010226,0.8563387081773615,0.0,14.392912331356701
14297,0.5717493022283558,0.5590546664938857,0.0,7.28308448647603
1642,0.5360529460286508,0.6235223428855492,0.0,14.356601707084872
6759,0.4967601412499106,0.6996479825599861,0.0,18.32622979416155
16070,0.5657565674136533,0.5695913862041769,0.2,12.203779789912074
1370,0.4863186187235174,0.7208912758082521,0.0,52.55658033278836
6311,0.5225861787055918,0.648965373421799,0.0,44.77861076610414
15409,0.5983711976961662,0.5135439856724964,0.2,15.994070793031057
16472,0.5820619199668329,0.5411784452143051,0.0,5.242774441663181
20299,0.4930923366605463,0.7070588270195538,0.8,34.84739553037778
17569,0.5884889188662913,0.5301971819131325,0.8,8.748651310245188
16617,0.613936869564592,0.48786317441986826,0.0,3.5306656713777906
21030,0.48808122513610014,0.7172734420283889,0.0,35.0007927854533
20808,0.6395113970508332,0.4470508363068264,0.2,15.93848000964367
12243,0.517239053081412,0.6592501262703139,0.0,8.511907675895163
7318,0.4953028651798271,0.7025858546685023,0.0,46.86247436226723
6920,0.474889116318935,0.7446739415272549,0.0,40.420900637073586
10697,0.4760877291576429,0.742153136779757,0.0,63.87340869775755
1474,0.500470515935395,0.692206591182068,0.0,15.179052356201673
12473,0.524208480848126,0.6458658095740932,0.8,5.694598940334191
13264,0.48438205946790414,0.7248813045953805,0.2,10.873219914581048
11843,0.47786193619837203,0.7384334246170289,0.2,14.446342953199135
5875,0.4227737665776796,0.8609180737944866,0.0,52.55905103246687
6964,0.45755805190736104,0.7818515129013451,0.0,24.002840551313245
2272,0.5221497033254998,0.6498009442354256,0.0,37.8151632726832
11891,0.2720174159974007,1.301889185333726,0.0,10.689812987262115
17139,0.5190857686595143,0.6556861519369874,0.0,12.366568888717037
13914,0.56204685853983,0.5761700543794627,0.0,10.844385126877581
19629,0.5095743089526995,0.6741795901380734,0.0,6.900228195075867
17477,0.5111620289088882,0.6710686570248304,0.2,24.530914322355635
5182,0.4482645153455531,0.8023717847667479,0.0,47.82536986372535
20009,0.4962213628837002,0.7007331556812167,0.0,12.92151943085791
4787,0.49604195336329604,0.701094772440441,0.0,47.81115779261874
19890,0.517703512142229,0.6583525709709095,0.0,43.59676604427377
14011,0.5380451865287167,0.6198127325169726,0.0,10.841145204316154
14574,0.5075331950970539,0.6781931611470396,0.0,11.129148700775758
5427,0.5166284545619895,0.6604313193843281,0.0,45.114061814762294
11358,0.5005985906461281,0.6919507153177749,0.0,9.475573264494889
21025,0.540942011644971,0.614443193228188,0.8,4.926451854493413
9662,0.5231299507992644,0.6479253738897233,0.0,41.81937071713862
20758,0.5096814209243598,0.6739694133023396,0.0,10.540881212690307
18060,0.47841814591108894,0.7372701466488993,0.0,16.544341781430436
5289,0.4992351158071755,0.6946781202359389,0.8,21.993509843167036
6456,0.5158455905255421,0.6619478014502991,0.0,20.675278398138303
18332,0.6364531297464653,0.45184450117214325,0.0,6.58472978716972
1207,0.5227344054663235,0.6486817728422836,0.8,45.54783910454323
9509,0.4431139477138558,0.8139283236962592,0.0,48.08281634333455
17481,0.4814840587859218,0.7308821556940505,0.8,34.74906166756538
12162,0.41351325431606234,0.8830657110633967,0.0,11.678985655990546
18789,0.6412749006735312,0.44429705179138157,0.2,14.486306865133697
9604,0.45728228393454257,0.7824543896446782,0.8,50.2844338577696
8808,0.49120307452260853,0.7108976429615281,0.0,18.488670232373202
12784,0.46675946266359203,0.7619412232498121,0.0,7.814088456284181
9133,0.5293481188174545,0.6361089939584764,0.0,19.738779489136117
18982,0.4455522502863264,0.808440754355248,0.0,11.957929675769577
18964,0.5241502952253834,0.6459768128377283,0.8,18.6060698148899
1369,0.4815036464179302,0.7308414747343555,0.8,35.11876119136576
8388,0.4538368483460092,0.7900175104044521,0.0,50.983779913404206
10157,0.5732106199129868,0.5565020557870032,0.0,12.723306189393885
541,0.4774510681924121,0.7392935993019855,0.0,53.25501149272999
10542,0.36325003345581386,1.0126638844304032,0.0,13.763671931616127
11505,0.4899793477120329,0.7133920362921602,0.0,4.650103520525448
16536,0.4171853366161806,0.8742247036060311,0.0,6.669722425505081
6029,0.49929076570783987,0.6945666561231859,0.0,53.58581857972841
18397,0.46522687447616623,0.7652300902810272,0.0,8.35914400930515
10237,0.5540966474730606,0.5904161535276771,0.0,5.4244484105355335
9942,0.5040604858042894,0.6850590065951271,0.0,52.6875457513533
15112,0.5554093311702517,0.5880499034398898,0.0,9.232971659530723
21190,0.6044803205346984,0.503386164403949,0.8,3.827245090534655
1695,0.3964673354633557,0.9251616234865689,0.0,60.778485514190194
13152,0.6462281720884535,0.4366026299953782,0.8,4.0883469589909405
4297,0.47192667176539627,0.7509316618948869,0.0,40.44893522838194
11887,0.4824157388873603,0.7289490078838055,0.0,6.475691577728913
8362,0.4842393909186516,0.7251758852083274,0.0,55.13874555483565
6514,0.4390605565660556,0.8231179333561894,0.8,26.751332834076152
18805,0.4972649424810637,0.698632311461116,0.0,25.38235986116053
5637,0.4816529892007385,0.730531363629926,0.0,30.050406416744366
6276,0.4843708620394875,0.7249044217972357,0.0,23.936706592689582
9762,0.4880691201396909,0.7172982435284211,0.0,15.161173897479472
8858,0.42501637407651116,0.8556275835610254,0.0,48.856336979710676
12330,0.5812397502888302,0.5425919561477401,0.0,8.69563303452398
7963,0.41436157777269084,0.8810163100654114,0.0,71.82485602240686
7767,0.5280781868016846,0.6385109251749974,0.0,13.367225268605477
16204,0.5126412595547123,0.668178977548664,0.0,4.775608860214806
10804,0.4849334687110861,0.723743575369691,0.0,6.658441100465855
14320,0.40496184514735944,0.9039624258262855,0.0,32.23032659434849
9888,0.4694416053093913,0.7562113644070223,0.0,48.34081377749285
1312,0.47419234525459764,0.7461422479218698,0.0,55.72936631892081
9062,0.37618561687628427,0.9776725954981821,0.0,55.727337943396385
6530,0.4716477332207488,0.7515228999600548,0.0,52.67047888882833
17078,0.5223671892191935,0.6493845107657729,0.0,37.70326310964936
10297,0.5804334083529475,0.54398019871732,0.0,15.758562820717671
20347,0.5462475364158448,0.6046830425763841,0.0,2.5780661370309756
3354,0.47302033329836723,0.7486169034683512,0.0,50.74424562594954
1804,0.4432568133966751,0.8136059626926596,0.0,29.68034204292853
1739,0.5446106852890122,0.6076840784997518,0.0,20.066032225371334
11615,0.3910997671274956,0.9387925926504148,0.0,12.40942956722186
20652,0.41436157777269084,0.8810163100654114,0.0,71.82485602240686
16264,0.6217526496367288,0.4752129347287267,0.2,3.313422341483493
13279,0.4183232661233114,0.8715007814178074,0.0,10.532958206513037
9752,0.48165087618330565,0.730535750651527,0.0,23.021008399760788
2650,0.4722076543398294,0.750336444509056,0.0,50.417317238967364
14729,0.44370371987103846,0.8125982368797945,0.0,16.832972600957596
14024,0.48061286449455093,0.7326931884671627,0.2,7.746398204018564
12908,0.5866675765516844,0.5332969286788808,0.0,18.869379433414363
7846,0.4809738680626952,0.7319423387041992,0.0,49.07673604382731
9634,0.46039593642070675,0.7756684283664388,0.8,43.85241447933902
15132,0.4991654257366283,0.6948177236671482,0.0,12.854127556527335
5739,0.4845311362989737,0.7245735849092471,0.0,38.474856253069476
4936,0.5238244974692864,0.646598579255898,0.0,21.78552332222113
7994,0.4306805871018149,0.842388560838246,0.0,59.89382539021636
4192,0.44296182100118303,0.8142716954925292,0.0,47.476111454187915
2698,0.5469199873762097,0.6034527626228593,0.0,18.052289946340345
1449,0.4432568133966751,0.8136059626926596,0.0,29.68034204292853
10857,0.40626866218355956,0.9007406087106847,0.2,32.426660195558284
8566,0.47521967407140026,0.7439781101253226,0.2,49.47454432333395
5350,0.4438855785320723,0.8121884557706581,0.0,24.640172838270693
21110,0.5484966526601531,0.6005741020016941,0.0,18.78415759040412
7802,0.3735358925179197,0.9847411812541522,0.0,50.27104030821606
6938,0.45970816246527046,0.777163420257828,0.0,56.57749936648441
7420,0.44115863058812493,0.8183507616651459,0.0,67.063847103691
3272,0.5248634769734274,0.644617094067919,0.0,47.6243115982632
13998,0.4052828573509187,0.9031700424404624,0.0,32.55476424867287
17961,0.45549294537492213,0.786375050053163,0.0,54.566564243223745
17256,0.5101958235540951,0.6729606592073915,0.0,2.500217019165664
13388,0.5992686259717283,0.5120453240117956,0.0,7.088243387089221
16029,0.45381142109963474,0.7900735392588819,0.0,5.286927176727136
19346,0.5353751266807778,0.6247876064259851,0.2,19.785462134255653
19988,0.5513656048127105,0.5953571602620169,0.0,4.855435565796471
3456,0.4616439677145745,0.7729613176428182,0.0,52.96369315846474
20627,0.48100230228857316,0.7318832224251008,0.0,34.40656333086219
6342,0.47889172638239397,0.7362807480776652,0.2,46.10589684950256
7041,0.468566860754846,0.758076475095825,0.0,52.803815947413355
9545,0.496279461659372,0.7006160801598641,0.8,51.915653143428884
10399,0.5016115125342439,0.6899293383035174,0.0,11.964408827997108
5463,0.5358350580035031,0.6239288928745952,0.0,44.954076255594615
1485,0.42443128315185163,0.8570051634794801,0.0,38.698063841551786
3089,0.4972108364049045,0.6987411247220547,0.0,25.993170372757618
14326,0.45943590684170393,0.7777558314817489,0.0,32.28269993787645
17488,0.46577085559190906,0.7640614919910849,0.0,27.666284104587753
7454,0.4270891714820668,0.8507624550452908,0.0,78.27014586416675
2032,0.401597994475005,0.9123037044542258,0.2,72.94096137355051
19630,0.5133304739458371,0.666835442493468,0.0,6.825060842952782
2872,0.4639352784571474,0.7680102225687043,0.0,62.97683825063376
874,0.4575297062278533,0.7819134647289482,0.0,24.321417962462355
17652,0.44916606077885196,0.8003626137833617,0.0,75.74632338623692
13135,0.44958891367255605,0.7994216389082844,0.0,12.08245890662214
19736,0.436447656158757,0.8290868280551865,0.0,6.228515032968232
4664,0.5099264943836298,0.6734886923108484,0.0,52.59946712639281
5372,0.4688865024895075,0.7573945387786041,0.0,53.01761771450229
4948,0.5338849245949876,0.6275749602578917,0.0,30.511127018862975
8304,0.5265972486430807,0.6413192566903552,0.2,49.503434989649364
4224,0.49077472774787295,0.711770059427386,0.0,55.592802880940816
18061,0.4779143613375578,0.7383237229234977,0.2,16.567984032590324
9626,0.5251281975178763,0.6441128604506648,0.0,42.87215041905509
16277,0.5989016766499169,0.5126578401666043,0.8,3.424331219753648
1742,0.5443080872617669,0.6082398555561535,0.2,19.18692512979842
20424,0.5417822280382365,0.6128911515704283,0.0,9.790629956772172
5823,0.4953256953539318,0.7025397623690911,0.8,46.79265787101962
6755,0.5094305727148194,0.6744617011297267,0.0,15.50149018887954
12825,0.5454731125725802,0.6061017644332565,0.0,5.600380453649448
11726,0.44328304331464574,0.8135467890011899,0.0,4.83287471713046
3479,0.44075571759905774,0.8192644853570843,0.0,56.951167074312366
6769,0.4666743271154438,0.7621236369342459,0.0,41.16229925889036
11592,0.45650988773542706,0.7841449193012321,0.0,10.119389974193117
16445,0.4613899069482651,0.773511808322953,0.0,1.530296391333075
1179,0.44373472749464077,0.8125283556982726,0.0,34.138378368734976
16741,0.47568889115458446,0.7429912284451582,0.0,12.441759681116988
1216,0.4630326789695258,0.7699576464589178,0.0,60.42242219384612
2701,0.5454613921072404,0.6061232514524862,0.0,17.64121637801923
4251,0.47788830973517715,0.7383782354357046,0.0,54.497853639937155
5737,0.4671551823221903,0.761093780318265,0.0,53.20806896925858
12263,0.4434883329963728,0.8130837842383424,0.0,13.809415546702667
5526,0.4710701695825824,0.7527482160566554,0.0,44.19196623872689
7746,0.47857575100755656,0.7369407713030378,0.0,46.070220136195275
17268,0.5095080631627615,0.6743096008061881,0.0,6.481126584100605
18571,0.4776596282764911,0.7388568748716866,0.0,16.454712167118632
10502,0.49803130528956574,0.6970923419059781,0.0,25.976798670544177
3041,0.47584139462438596,0.7426706848463122,0.0,45.41431351157752
16918,0.4607319007314468,0.7749389653927078,0.0,5.566774097806643
6687,0.3850274447611194,0.9544406621411978,0.0,59.39006146357079
3155,0.48332338953278015,0.7270693058277164,0.0,21.557604640436864
4354,0.4796514067652372,0.734695674822998,0.0,51.458085737236765
15791,0.4744914814454691,0.7455116137898938,0.0,7.257182753247502
1661,0.4894018752795384,0.7145712961878168,0.8,42.1704246083843
14621,0.5365058727207538,0.6226777706138786,0.0,8.747999866336059
20403,0.5259526751567997,0.6425440414768685,0.8,21.46675413661624
19431,0.4778575192267727,0.7384426678558774,0.2,20.350742198941674
11167,0.5518622218245844,0.5944568620037114,0.0,6.230591345077393
3380,0.359497788985728,1.0230472520882712,0.0,65.52617961834622
14370,0.49949166386419674,0.6941643699933582,0.0,8.546551914016163
20091,0.49199061567273156,0.7092956365076484,0.0,25.116157027631843
510,0.45129064899813703,0.7956436925097873,0.0,48.97186866694945
7207,0.5599088820999857,0.5799812190274772,0.0,45.65757032016609
18429,0.5527887903236975,0.5927792847304839,0.0,6.938481482544843
10364,0.48061286449455093,0.7326931884671627,0.2,7.746398204018564
4419,0.340124615347649,1.0784432127940329,0.0,44.98725467232609
19954,0.5016099335273441,0.6899324861766136,0.0,9.801871171940071
13398,0.5882708881237699,0.5305677430824063,0.0,5.45741955943506
19202,0.45697201331451487,0.7831331299751809,0.8,50.03046168141728
7947,0.41436157777269084,0.8810163100654114,0.0,71.82485602240686
15934,0.518887616238437,0.6560679583038316,0.8,11.212036954952993
8904,0.47043111114003117,0.7541057469570991,0.0,36.81921654720252
3526,0.44345718963723396,0.8131540103308292,0.2,16.26308020661658
15004,0.5232370806526349,0.647720608543483,0.2,4.5664301049172025
8282,0.4991337924899564,0.6948810979463321,0.0,44.229180293827426
3635,0.5091754106407439,0.6749627036441085,0.0,49.45789056465502
2147,0.47569432969248676,0.7429797955382429,0.0,62.793308252268
8543,0.47739884592734316,0.7394029824926812,0.0,62.86773971467964
16955,0.3903480548719655,0.940716489464078,0.0,6.492481560099562
6853,0.5243139625145745,0.6456646089846884,0.0,39.011054492607656
2166,0.5276681911420916,0.6392876186854264,0.0,33.319672441740316
20065,0.503385413720321,0.6863991722265029,0.0,3.557607133523596
17627,0.4525058328151642,0.7929546257259762,0.0,39.235394517935475
7404,0.47323567186726967,0.7481617653842721,0.0,54.54473259205695
3212,0.5109413140330479,0.6715005407101644,0.0,52.47440749961308
17784,0.6227280151776606,0.47364542826885,0.0,14.427002167106815
4103,0.437827262310544,0.8259308246796891,0.0,83.10928923339372
10598,0.5469949058779304,0.6033157894409421,0.0,12.007492879090421
5346,0.5091672066595792,0.6749788160625138,0.0,16.071245249970875
3897,0.4051117095760395,0.9035924237949492,0.0,36.188879330532956
4091,0.4642149103297837,0.767407665171259,0.0,60.63287980082684
4712,0.49376117322557456,0.7057033337052252,0.8,21.804468107066498
10613,0.5629608476143331,0.5745451956863294,0.8,4.38201859107815
2496,0.5169717576020455,0.6597670334280364,0.0,49.48252750710274
15333,0.5169199813963576,0.6598671913145504,0.0,10.160634855795445
6353,0.4321875093260907,0.8388957355442529,0.2,64.53205701684827
17603,0.5260761653979794,0.6423092755902569,0.0,19.20986421867683
5235,0.5309417326706934,0.6331029950780811,0.0,48.274103374703685
18617,0.5468319739436752,0.6036137011826737,0.8,36.54458617120627
6600,0.520528225192406,0.6529111653226007,0.0,47.79962581550958
11344,0.4398666738078318,0.8212836120609801,0.2,14.133058179723529
5017,0.4152230314422335,0.8789394779506128,0.0,85.19032642023544
14702,0.4814659177654514,0.7309198337062304,0.2,7.687997532515844
1141,0.5276681911420916,0.6392876186854264,0.0,33.319672441740316
7679,0.4609190921220734,0.7745327565465132,0.0,39.26881134782981
16558,0.4754151539758428,0.7435668483002129,0.8,13.60727275659741
17803,0.4605923797098919,0.7752418360009904,0.0,16.22193556618637
1683,0.5161196915632436,0.6614165800053441,0.0,43.90814107659302
4073,0.47887054055066425,0.7363249883499429,0.0,50.88373798285997
15970,0.5005126388676768,0.6921224280628295,0.0,9.926419868557577
9827,0.5113389983743238,0.6707225068255042,0.0,17.82445049095761
14943,0.4692172723483052,0.7566893505438328,0.0,4.937019586800095
1103,0.501568484015524,0.6900151225474103,0.8,49.543087904663096
967,0.44373472749464077,0.8125283556982726,0.0,34.138378368734976
610,0.5423442836681752,0.6118542694829113,0.0,43.75981996754129
10590,0.4568493482519883,0.7834015961512244,0.0,56.60781206327317
13833,0.5158501211046272,0.6619390186686435,0.0,20.177225399366513
12644,0.5676648072640244,0.5662241625113769,0.0,9.387429578125982
1915,0.5277287026512547,0.6391729480632458,0.0,44.93705187039531
1956,0.4533578221410729,0.7910735709503086,0.0,74.40047176204146
7583,0.4703816552650378,0.7542108813192271,0.0,51.96513087372922
10577,0.4305584863729017,0.8426721074944342,0.0,15.155877864951083
15400,0.5951834238745591,0.518885645524184,0.2,3.5626170979021463
13979,0.49354355859131616,0.7061441593809656,0.0,2.959097030522487
16658,0.465361926600734,0.7649398393659944,0.0,4.894391029243893
21159,0.5254044613696451,0.6435869103894268,0.0,10.097878967722597
10440,0.5370575723134353,0.6216499792079784,0.0,20.604586474010745
4087,0.4864897254669111,0.7205394968660174,0.0,58.74558704856163
2623,0.5401378861275559,0.6159308273380625,0.8,17.619008830297734
9853,0.39612482221694945,0.926025909776582,0.0,14.669871532002055
812,0.5081554326596971,0.6769679084003161,0.0,57.39266443419076
405,0.44677906704645803,0.8056910637206646,0.0,46.963726694974746
1431,0.4390605565660556,0.8231179333561894,0.0,26.751332834076152
20827,0.5250657312079833,0.6442318219267467,0.2,14.701371208539094
8036,0.4163911474509232,0.8761302021913221,0.0,61.35977857678239
7561,0.46250056794087935,0.7711074940501315,0.0,43.27455174246172
13739,0.5175415805665623,0.6586654081495212,0.0,11.898789693681813
9047,0.48772473311959247,0.7180041037534001,0.0,20.495428565904312
17867,0.46577085559190906,0.7640614919910849,0.0,27.666284104587753
5789,0.38128215270877697,0.9642156196426684,0.0,34.48517104800953
20731,0.5680456770371987,0.5655534461752733,0.0,20.467378440413672
1982,0.4765186592548396,0.7412483976727482,0.0,50.049089322542315
8648,0.5113401588832434,0.6707202372790657,0.0,17.824390817410105
18971,0.5935333700466799,0.5216618406551011,0.0,2.0832564954842363
4558,0.4124012948963178,0.8857583869404843,0.0,44.58908071264007
17769,0.5517451560620104,0.5946690131099089,0.0,41.36993210739219
8101,0.4876658366699737,0.7181248686070177,0.0,49.20483973009808
3729,0.4778824897449636,0.7383904140672692,0.0,45.38627952399208
16429,0.5375157558525421,0.6207972061959113,0.2,5.488157921613221
9308,0.5009951248328096,0.6911589088172531,0.0,44.99444522765937
10415,0.47660647360875696,0.7410641315126439,0.0,12.76445820600475
1334,0.4378524188352651,0.82587336868232,0.0,41.562081059486005
20190,0.4807151431944739,0.732480402197563,0.0,13.607654923302416
4830,0.49059821065547615,0.7121297944218878,0.0,57.99264665601281
16997,0.42274351741600746,0.860989625641522,0.0,61.991253046189584
5514,0.4859279832671608,0.7216948486396246,0.2,44.26515288058001
13946,0.566433437230232,0.5683957036872085,0.0,11.114977616999582
15869,0.5922827169860109,0.5237711956184288,0.0,6.492144209453851
17183,0.5246880014369991,0.6449514760237789,0.0,29.54845221847068
15530,0.4971698225222514,0.6988236160342262,0.0,6.275785305186732
12197,0.5529614759811917,0.5924669435732438,0.2,10.255602476841368
20411,0.49738954423941956,0.6983817686632476,0.0,28.527848519101017
20850,0.5406089554703936,0.6150590794790108,0.0,21.567048123540594
18866,0.498055478354254,0.6970438058444823,0.0,27.127203324376858
19712,0.4571472625024351,0.7827497025719886,0.0,31.919749595655365
8555,0.4760094996983674,0.7423174676003509,0.0,46.829096763956194
12703,0.5824573003173359,0.5404994004054112,0.8,4.114551788678272
7615,0.4625867881436867,0.7709210895933201,0.0,51.694110957115946
12218,0.5477596055385446,0.6019187643051508,0.0,8.763936599806462
4994,0.5303847945639282,0.6341525083873125,0.8,45.43702577449104
7455,0.4237174549689816,0.8586884256700167,0.0,79.02080368253785
3048,0.4929737867754332,0.7072992771939726,0.0,37.5363697267009
1444,0.47307042180263914,0.7485110182685464,0.0,45.85378657812319
4476,0.4726507077446447,0.7493986247149651,0.0,58.93270739018823
631,0.4765186592548396,0.7412483976727482,0.0,50.049089322542315
12755,0.5264773482738131,0.6415469715552597,0.0,3.5102242034711466
12653,0.610894714140996,0.49283065194038245,0.0,6.336077349991518
1945,0.4608141033236757,0.7747605638976437,0.0,56.86742657227785
1983,0.5725076040830458,0.5577292614008225,0.0,12.654877239044222
3437,0.4650190767124159,0.7656768490482996,0.0,43.138233792214216
5759,0.5482237677481033,0.6010717400735369,0.8,18.65005502408205
15752,0.4281441061931115,0.8482954433570812,0.2,5.849675612484877
12021,0.5904214283545408,0.5269187117160589,0.0,3.727607576367811
17359,0.5291464830649453,0.6364899798503072,0.0,7.920322126061845
14096,0.45936298470804804,0.7779145650946857,0.0,10.115612220807996
2656,0.48315335872380694,0.7274211628403846,0.0,30.366192890910703
10499,0.43781174095506786,0.8259662761737863,0.0,10.667354425276336
7008,0.5349467849513532,0.6255880044139868,0.0,14.9515530668514
3834,0.3786297994389608,0.9711963337455517,0.0,34.02586710940258
21087,0.500333054417188,0.6924812934775904,0.2,10.818427652070636
3680,0.4281233205370481,0.848343992806514,0.0,77.52591759488155
16054,0.5687435186051968,0.5643257046409048,0.0,4.108573390587401
6809,0.5062373086024072,0.6807497303029753,0.0,20.09573235016633
14989,0.5815525706748004,0.5420539058220248,0.0,15.853721321041656
6092,0.40934235693386434,0.8932034145594338,0.0,59.82140461443454
11635,0.4372848676251248,0.8271704252664461,0.0,6.051578818627701
13881,0.4292980904559806,0.8456037518025569,0.0,13.591812036853014
15683,0.4718187077188941,0.7511604609954073,0.0,1.4605376667921874
15650,0.5319685308856333,0.6311709438606831,0.2,4.254092318123199
4285,0.4760046344292803,0.7423276886021465,0.0,41.49611892556214
3917,0.4558943487002237,0.7854941877592386,0.0,66.78664451279828
276,0.48073775096009946,0.7324333738599977,0.0,55.137583490096915
15405,0.5157110160848273,0.6622087167323416,0.0,20.614888665904598
653,0.44373472749464077,0.8125283556982726,0.0,34.138378368734976
15335,0.5095383225612353,0.6742502131298141,0.0,10.382104300797575
3848,0.5074957184194272,0.6782670047137491,0.0,47.119207058043514
8117,0.47282420455414165,0.7490316201351767,0.0,41.36901603718634
19741,0.6424167462885121,0.4425180483697562,0.0,13.901703628618973
16027,0.4441640138277185,0.8115613842486046,0.0,5.430717173481146
7222,0.395952069651104,0.9264621112877185,0.0,60.8639210499679
19438,0.4841911821700618,0.7252754457756397,0.0,7.743403356307802
14056,0.46285241799787025,0.7703470273324703,0.0,6.36884426519595
6216,0.5351934389127009,0.625127029374987,0.0,14.759249545090702
16446,0.4576971056122428,0.7815476551086646,0.0,1.5461943093805597
19879,0.489913231687005,0.7135269817474442,0.0,26.1382769411121
6234,0.5661692546233223,0.5688622090444726,0.0,47.784425559735695
16635,0.5708996984674654,0.5605417441825564,0.0,12.815665850203253
19569,0.5607894056681861,0.5784098349020675,0.0,4.824805801113519
3336,0.5257799563209666,0.6428724877610597,0.0,40.43989551021692
12801,0.5441330201219677,0.6085615397338664,0.0,5.623108778036999
15678,0.4739148703288609,0.7467275718791144,0.0,2.8261396901758573
11162,0.40346301772110077,0.9076704491997287,0.0,15.066420899869374
9606,0.45886474016844564,0.7789997960782504,0.0,57.57977361196789
6744,0.475670047373301,0.7430308428967028,0.0,51.35457653673935
8944,0.48792505311887363,0.717593464597995,0.0,39.2846507155429
3319,0.443908417486472,0.81213700474822,0.2,74.79781689808834
661,0.4420389607753289,0.8163572542386,0.0,60.896170376458215
7918,0.541321850203991,0.6137412598309719,0.0,49.145331849212496
4927,0.5071603292469569,0.6789280941251937,0.0,22.873087853664494
6729,0.47715559494317855,0.7399126464343383,0.0,51.12796273959568
16371,0.4305584863729017,0.8426721074944342,0.0,15.155877864951083
16336,0.48851294073481066,0.7163893170931405,0.0,10.366511265929626
8863,0.4018267376608325,0.9117342841143764,0.0,84.10293154228367
21193,0.49647154886048794,0.7002291005416565,0.2,23.613475736169534
3051,0.4940485323055132,0.7051215230863669,0.0,41.101531536437214
14292,0.47148732802397203,0.7518630531468353,0.0,26.706175991951188
16639,0.4327961412027121,0.8374884673798336,0.0,11.23072021977297
17461,0.4640546705759408,0.7677529091795312,0.0,34.14580946426168
14539,0.4812691631839036,0.7313285745700058,0.2,7.692296771101571
18885,0.5307584195092613,0.633448315106297,0.0,19.546091967394553
18261,0.45540285326865887,0.7865728599600507,0.0,17.634964330449417
11746,0.5702321243484229,0.5617117653525058,0.2,19.815224949035485
15209,0.4856011111322912,0.7223677510757694,0.0,5.730904762586303
18125,0.5080340898677969,0.6772067276161945,0.0,17.708955668829624
18361,0.597942332202732,0.5142609641251973,0.0,1.6420095507002732
6289,0.48263343929590724,0.7284978383120131,0.0,22.23011248095064
6536,0.5077395610534797,0.677786637958039,0.0,50.72893915979485
17439,0.46086272914033943,0.7746550479185149,0.0,32.77953024391964
19626,0.4406568969420971,0.8194887178124507,0.2,40.449962048348105
20022,0.4906623348993869,0.711999096730449,0.2,21.91284070027989
10301,0.3860045220822543,0.9519061943469284,0.0,35.95492537898503
2750,0.479670552247569,0.7346557602100686,0.8,46.779207773367574
1301,0.4641107583384349,0.7676320519253929,0.0,46.85626115231411
16311,0.539517382966235,0.6170802742909969,0.0,10.984029000078465
13821,0.5101904685924044,0.6729711551572725,0.8,2.7760059347993358
4718,0.528823997290381,0.6370996108192992,0.0,45.179282734891174
10346,0.44758427789810123,0.8038904285006389,0.0,55.39488719865625
524,0.41902985827171446,0.8698131008072476,0.0,65.24032923703459
11216,0.3943419456915894,0.9305368636104672,0.0,13.59188683676523
15305,0.5463129696516926,0.6045632629658952,0.0,6.415322935813951
20092,0.4960185756141344,0.7011419021235261,0.0,24.867400516625413
15892,0.5232554657531696,0.6476854719329075,0.0,7.614125578716257
12170,0.5063049090665845,0.6806162040892567,0.8,8.929888819640006
7335,0.4750814057394139,0.7442691091274275,0.8,51.06802617200942
5108,0.4936327599106064,0.7059634392444284,0.0,48.1502403593607
19007,0.49239214878601045,0.7084798295877265,0.0,23.79429442807114
15636,0.49481824726093976,0.7035647610901455,0.0,8.033654522419235
20108,0.5061368761082587,0.6809481401320576,0.2,19.890495199233513
17493,0.5221219253163634,0.6498541449705237,0.8,6.279215923677368
2852,0.47815742052951904,0.7378152690567326,0.0,26.520769621080902
3389,0.5244640002277109,0.6453784898641691,0.0,43.76795642570188
8383,0.4179462242106177,0.8724025049473625,0.0,89.73095924700681
1213,0.4967121914656452,0.69974451224224,0.0,45.070541257436666
4434,0.474076879499172,0.7463857774027012,0.0,50.754232863383685
1855,0.4681388738505324,0.7589902880859346,0.2,57.76295263202369
11128,0.4052828573509187,0.9031700424404624,0.0,32.55476424867287
21106,0.5223381328822669,0.6494401366658602,0.0,21.602003041331677
7259,0.5041692153180125,0.6848433225818045,0.0,52.79765455687115
10321,0.5172398769620166,0.6592485334285835,0.0,46.33363585544116
28,0.4383011839840593,0.8248489702512815,0.0,72.5248482265832
19885,0.45971737393964596,0.7771433828018056,0.0,12.050772572865101
8810,0.4949530648437876,0.7032923394064035,0.2,19.06625507985133
4069,0.4931489756140674,0.706943968814207,0.0,46.66537289162104
18338,0.6314366158881273,0.45975771295254164,0.0,13.861694870135484
18930,0.5719859483376123,0.5586408537474196,0.0,4.404045492305689
19318,0.515873174405788,0.6618943297462069,0.0,6.92540009565511
19074,0.4779143613375578,0.7383237229234977,0.0,16.567984032590324
7728,0.5407604990827822,0.6147787985579202,0.0,16.26089969089599
4205,0.37728686024628777,0.9747494783636306,0.0,83.90156209382434
618,0.4766964333921225,0.7408753986702873,0.0,63.56710864066757
875,0.475968617750816,0.7424033560190597,0.0,56.59340748948763
15347,0.5738319359828693,0.5554187199901673,0.2,8.009137984633298
2960,0.5114995920601777,0.6704084911270835,0.0,15.423418094676821
13368,0.5825140617594243,0.5404019534741284,0.0,8.073605473509259
19686,0.4779143613375578,0.7383237229234977,0.0,16.567984032590324
11664,0.5659681309218074,0.5692175081560444,0.2,7.950375074575063
19130,0.5273717964948731,0.6398494829910246,0.0,8.207669157638247
17271,0.605062659625716,0.5024232566849767,0.2,2.0226303863093964
21109,0.404145789448562,0.9059796011454027,0.0,3.929369622892331
20828,0.5273483378479004,0.6398939661599957,0.2,14.602381332991843
5277,0.4791521625813546,0.7357370648323025,0.8,42.38213328287108
10843,0.5484883131408291,0.6005893064385536,0.0,6.286668404770912
2391,0.4849358202701256,0.7237387261409006,0.0,52.12728285463602
5790,0.40524212094947243,0.9032705609995967,0.0,33.51133643480355
9910,0.45637959908709386,0.7844303616271622,0.0,56.20835959720206
12334,0.5989429545344871,0.5125889199018022,0.0,7.274149843347876
8391,0.4779239488695947,0.7383036619321462,0.0,33.71463739806865
350,0.47828531112228806,0.737547839362724,0.0,51.628348755390675
15583,0.3973106614378293,0.9230367817926348,0.0,15.628627424487233
8735,0.44352173416612684,0.8130084724216983,0.0,10.182932357634257
10756,0.5638535487778586,0.5729607264904308,0.0,5.251471632631928
3530,0.46662088381893446,0.7622381629618985,0.8,41.317115203633804
1555,0.5417831472643323,0.6128894549010501,0.0,15.028049714732276
14212,0.44589599623634335,0.8076695464508181,0.0,31.9271761852761
17890,0.6072097387424024,0.4988810142572642,0.2,19.558630125894446
10996,0.5455262019322045,0.6060044419895843,0.8,3.248486725751397
12072,0.565271063915166,0.5704499037414311,0.2,4.572156038330147
630,0.47510187780841584,0.7442260183482914,0.0,49.947983814404495
19200,0.49151396355722854,0.710264929712557,0.8,34.4922392944432
703,0.3877712036152914,0.94733979469321,0.8,70.62418458543041
11291,0.48619206836053575,0.7211515307656046,0.0,14.253559565426212
3535,0.48042407433567125,0.7330860769268674,0.8,41.8225601293775
14511,0.44445093678969144,0.8109156085462156,0.0,8.43757707706024
18478,0.5784091562394524,0.54747377797337,0.0,3.332746545096138
19537,0.531905378339476,0.631289665723648,0.8,21.580321414173874
443,0.419263102914996,0.8692566255412014,0.2,71.88317969980446
8900,0.43321142272083657,0.8365293959646258,0.2,73.37199255419179
11097,0.5280960535356701,0.638477092246102,0.0,10.295124658184447
10420,0.6364231841648372,0.4518915530047625,0.0,1.2640988579490808
17919,0.5091672066595795,0.6749788160625131,0.8,16.07124524997086
1206,0.4948203397894414,0.7035605322160313,0.8,50.33272111886378
5536,0.4432446465245837,0.8136334118794738,0.0,29.681343389146228
