test_index,threshold_u,lambda,loss,width
1337,0.45745848616362217,0.7820691390097032,0.0,29.354181882180825
10355,0.4081774542139413,0.8960532623366924,0.0,70.11616777784616
14026,0.5015633223864129,0.690025413576123,0.2,8.069847659253227
5600,0.4626531436580558,0.7707776554154335,0.2,40.88782814609556
10036,0.42144901584374583,0.864056467708662,0.0,14.856414482771404
17890,0.5641055957240461,0.5725138185476901,0.2,21.212783123020067
12626,0.46888851619188254,0.7573902441400502,0.0,10.198259933490261
15143,0.47644086633720717,0.7414116636157733,0.0,8.1458897628954
18197,0.4351622772266131,0.83203626636405,0.2,29.70660587124305
9721,0.47015695438151756,0.7546886945328275,0.2,53.733837065973546
16883,0.5390852887611411,0.6178814854126358,0.0,9.251261676717728
13127,0.5237799163242927,0.6466836899034548,0.0,9.989354736576718
16334,0.4354454716085374,0.831385699234843,0.0,18.829638980576977
11390,0.5501485342419783,0.5975669749577255,0.0,4.447691041340861
5835,0.4534610876947173,0.7908458175301477,0.0,48.06365425871099
12045,0.4630313311144218,0.7699605573918326,0.0,14.912211330259632
10306,0.4608912852748121,0.7745930874951585,0.0,62.896962250412635
9067,0.44044740386422154,0.8199642417240498,0.0,64.7361775096968
8921,0.47720240605654385,0.7398145467414478,0.8,57.002713084163375
7874,0.5155997074189368,0.6624245753747195,0.2,16.424817396955156
7312,0.5168280214672641,0.6600451068782687,0.2,42.31879565323625
10222,0.48208616324258463,0.7296324189934678,0.0,2.6988737873885023
2714,0.5090424806661636,0.6752238068450449,0.8,50.766700269149084
20817,0.6208322227254918,0.476694406296669,0.0,3.820706057433444
12496,0.5558620856206986,0.587235062945197,0.0,5.572860612942479
13994,0.4050889087839032,0.9036487081068236,0.0,13.136295757076878
862,0.4940952367057665,0.7050269935214336,0.0,19.07097963686187
19219,0.39011998912082124,0.9413009227650727,0.8,29.18221107111322
16545,0.6391459796627158,0.44762240051897617,0.0,4.137597549914343
17705,0.5230180471359238,0.6481393085605122,0.8,7.173281562610219
19829,0.4556815657258693,0.7859610341838789,0.0,16.819565831714666
1456,0.4352595164533231,0.8318128362343805,0.0,49.343137191574314
8895,0.506168785181781,0.6808850977630322,0.0,51.25362807174571
20815,0.6271534045028333,0.466564103995799,0.0,3.8762141719823147
1751,0.5395158113280162,0.6170831873398764,0.2,17.006812902025406
15315,0.48215332804909794,0.7294931075314741,0.2,7.8894680866571765
20124,0.5850388275095982,0.5360770621415127,0.0,16.369114544421002
2294,0.44987692875990876,0.7987812252680789,0.0,58.01148648509424
2488,0.5166278089662318,0.6604325690177064,0.0,56.02912282591398
7490,0.45371616122502534,0.790283471996607,0.0,72.64285529887586
750,0.47878880545479513,0.7364956859918727,0.0,46.93318646602884
9452,0.5387016596410988,0.6185933684741485,0.0,17.920650639814937
440,0.4792215048817701,0.7355923565564166,0.0,23.995019079110747
6072,0.5117667669004924,0.6698862911269633,0.2,44.04334729040544
16796,0.3451208942545561,1.0638605052037227,0.0,2.313449769842244
2962,0.5021075215241539,0.6889409959219238,0.0,13.341341571316642
5041,0.5081712522720779,0.6769367774409175,0.0,55.57650839497578
3137,0.47587091059394526,0.7426086577622724,0.0,28.357998434345063
18831,0.5252117482236067,0.6439537677564464,0.0,12.94028245525063
15312,0.4946272144757253,0.7039509022065096,0.2,7.194378408525699
20365,0.48791823493470166,0.7176074385306039,0.0,5.573297826428589
7339,0.4636339273648981,0.7686599877850574,0.0,52.31115570328849
17121,0.3819792777569406,0.9623889185565473,0.0,13.975330328381554
1086,0.4300328627695943,0.8438936481692059,0.0,41.51956491456589
13176,0.48283137266872533,0.7280878111973254,0.0,10.557272915181894
18317,0.5199135119959336,0.6540928043246252,0.0,13.282008324925215
15737,0.5527473000060961,0.592854343913054,0.2,3.2610251922031317
10923,0.5960051093401942,0.5175060392350861,0.0,5.288394143874704
6865,0.5209968735071762,0.6520112381926949,0.0,21.503331580740763
17414,0.4982808147243126,0.6965914758923045,0.0,20.584278909803274
5542,0.5031248295722651,0.6869169695477216,0.0,45.473902597945084
17397,0.47049562503262343,0.7539686185490877,0.2,28.94259270447889
20328,0.3808211257218557,0.9654255003929748,0.0,33.804373307011055
13980,0.4592265564566922,0.7782116036439947,0.0,6.4880279833020245
18669,0.4504869390025606,0.7974261945791978,0.0,25.671143620733886
11353,0.4353032997645175,0.8317122500149472,0.0,11.095041145517307
10188,0.4553320904762167,0.7867282570776656,0.0,77.66581149793865
437,0.47098954765083395,0.7529193770360932,0.8,55.841018792986205
15208,0.4922482049697085,0.7087722080521645,0.0,5.503580614156581
17053,0.4939324527190029,0.7053565065299836,0.8,42.356660369702745
1819,0.4999653647281992,0.6932164535028619,0.0,48.32758516172846
17688,0.5311406225637738,0.6327284668799146,0.0,16.237394522672567
2348,0.4352481470184746,0.8318389576238323,0.0,49.660789577999346
144,0.4337545666873631,0.8352764193906396,0.8,64.40816520902447
19697,0.45016240922509343,0.7981468519408027,0.0,4.894635230805364
7362,0.4738694090234783,0.7468235036357553,0.0,62.01248666153315
2205,0.4117010196240411,0.8874578735903478,0.0,74.1426664241217
17479,0.5425537061719435,0.611468200915487,0.0,25.608595639897835
20872,0.49388027260213474,0.7054621543224834,0.0,5.100491389207178
5703,0.4462922631610608,0.8067812430090258,0.0,67.31782888635388
6592,0.508633863110224,0.6760268471837488,0.0,43.96540590344161
9710,0.42549844890416577,0.8544939763239641,0.0,11.203057680772194
13557,0.5661779569935136,0.5688468385466215,0.0,19.731590987399734
19606,0.5247433676900117,0.6448459593512402,0.0,7.265802105278771
12332,0.6235844929845614,0.47227100903432007,0.0,7.229051735365218
7971,0.43545567619028336,0.8313622646997705,0.0,65.23700109723286
5057,0.48071799725088177,0.7324744651099221,0.0,52.77478465233622
2208,0.4117010196240411,0.8874578735903478,0.0,74.1426664241217
8821,0.4790954283777217,0.7358554772431126,0.0,48.70995309154257
13790,0.3768345817716208,0.9759489629656956,0.0,37.26856517829832
10760,0.4102565228591892,0.8909726494206293,0.2,54.35823984568458
10625,0.5803571502999227,0.5441115885749752,0.8,3.7679728546627524
8418,0.4808970500918814,0.7321020648577345,0.0,60.61805320441862
5565,0.4397093701847615,0.821641292618157,0.0,80.40992334686078
7072,0.43589131269775444,0.8303623495125408,0.0,23.25845118369162
19556,0.5443891374590241,0.6080909616386041,0.0,7.980281656195002
7961,0.5451503478700368,0.6066936547119332,0.2,16.726543875259786
13663,0.5270456353897987,0.640468139522327,0.0,2.9113120112940916
1980,0.45496714977363517,0.7875300609373123,0.0,47.251803656238735
21237,0.5625594450967359,0.5752584703153428,0.0,20.585624272457068
5521,0.4542064557956478,0.7892034358589654,0.0,58.03407754603832
3965,0.4241584298442246,0.857648238248951,0.8,66.51062022187247
5485,0.4102145079504568,0.8910750659769522,0.0,42.01419072048595
20659,0.5126185814278506,0.6682232163376206,0.0,21.483711352957393
16725,0.471567073082583,0.7516939323438203,0.8,13.305735173868309
17788,0.45774910814061515,0.7814340437841607,0.0,16.273363067524855
20853,0.37877182190506525,0.9708213082273413,0.0,6.2346148376986505
20821,0.5227178612298174,0.6487134227550237,0.0,14.448112146808985
2857,0.4773459334793268,0.7395138235241523,0.0,36.46468572492583
16250,0.43989085220544466,0.8212286460120314,0.0,5.942410728463045
15120,0.5264519763919215,0.6415951644990825,0.0,14.86447630119641
5358,0.4559715231674754,0.7853249206119159,0.0,42.56461129632121
18008,0.44920532393989815,0.8002752041402251,0.0,13.966802511808059
1496,0.41129831954315443,0.8884364894746147,0.2,74.53093655976683
17239,0.44905876675301515,0.800601516167394,0.0,5.983695713510787
127,0.45288500181597785,0.792117044852662,0.0,39.41574584401303
10905,0.6338514778912795,0.4559406139896762,0.2,3.8830184547132287
5219,0.4670158678612525,0.7613920436008689,0.0,58.448256857823736
20516,0.4733995982043994,0.747815430647017,0.0,20.370492872835747
7440,0.4457409072049674,0.808017421314098,0.2,59.07819203326884
4314,0.485869638842003,0.7218149238978894,0.0,43.485736565741405
3561,0.4282619357357518,0.8480202712129931,0.0,18.66068373888467
17089,0.40229695264870774,0.9105647748780821,0.0,7.022275880792078
21010,0.5586430348291626,0.5822445879280334,0.0,9.693498863312154
11421,0.5308261293219366,0.6333207514320862,0.0,4.709309607425335
13277,0.4128188673017919,0.884746360186311,0.0,6.078649628876004
17556,0.45625724985407246,0.7846984841205642,0.0,16.255029218292975
15691,0.49524111391626346,0.7027105361868332,0.0,1.5351273923878477
10401,0.5174436145840076,0.6588547171044827,0.0,9.8969863629548
10189,0.4541906401451562,0.7892382568652496,0.0,77.31377891995064
18076,0.46551537372236707,0.7646101565539425,0.0,7.3488213910123985
9132,0.4667106718512018,0.7620457596685589,0.0,19.13268333712597
6456,0.45945900707915516,0.77770555318092,0.0,24.342767663336243
7105,0.3927477941616534,0.9345876182551679,0.8,34.579741875441215
14358,0.46846388928868016,0.7582962575663054,0.0,8.062016498167262
4051,0.47831108164995073,0.737493959737286,0.0,47.74167193372381
8411,0.4580391183167317,0.7808006873433753,0.0,54.46474980110399
16522,0.3605316651600806,1.0201754893320871,0.0,12.270160853608104
19862,0.4508114487877702,0.7967061005379167,0.0,25.861077774458263
7652,0.46479598872891387,0.7661567035829792,0.0,46.91560621152866
4463,0.4557677186140592,0.7857719882546611,0.0,53.471783201233244
2188,0.4598622049128398,0.7768283889117236,0.0,67.29664416116483
3449,0.44700104891429965,0.8051943378068926,0.2,60.71970796272751
2581,0.466774958339361,0.7619080253828202,0.0,51.28783477587464
197,0.492987313075563,0.7072718393972224,0.8,52.76955236911123
20283,0.4322266371468572,0.8388052052794419,0.0,12.216777690740255
17599,0.5234337640569121,0.6473447818782301,0.0,18.27454289609151
4185,0.4361941693605506,0.8296677921986031,0.0,58.15971096714949
2447,0.4838741616049286,0.7259304027545347,0.2,55.62441849566858
14585,0.6418301278253986,0.44343160870731546,0.0,1.7480073626184187
19486,0.4775953170026494,0.7389915222226513,0.0,22.54663151215483
10123,0.42260063941618203,0.8613276607483626,0.8,33.05775489666722
19540,0.5850732601757088,0.5360182085214487,0.0,16.367317448972944
2206,0.4117010196240411,0.8874578735903478,0.0,74.1426664241217
6731,0.4360144818337503,0.8300798209696921,0.0,23.864794852878646
6890,0.45414625389514957,0.7893359876748934,0.0,60.044789847081844
12951,0.5727095049235222,0.557376663031517,0.0,9.53866585448069
6589,0.4097823820988637,0.8921290355635183,0.8,54.63398363531883
8306,0.4340050630341334,0.8346990789725133,0.8,40.239587288103124
20917,0.49673008454987566,0.6997084898488622,0.0,10.884315435197387
18986,0.35201476545487315,1.0440821569488234,0.0,19.773871110156584
14593,0.48110852215267585,0.731662416543209,0.0,6.22278893643211
15876,0.5673074112332465,0.5668539506890364,0.0,5.81025326485965
21019,0.43807533225322737,0.8253643919487994,0.0,12.926444208832825
11049,0.4845124781047565,0.7246120933807796,0.0,4.94431817290096
9291,0.43612946521914026,0.8298161411346267,0.0,46.55683421849855
1289,0.43706966047215007,0.8276626904755917,0.0,66.37855156488158
16347,0.3698045194491607,0.9947807387702048,0.0,14.351204172282078
8804,0.481554383155542,0.7307361088351039,0.0,18.060142344476816
9434,0.47573784343126635,0.7428883255626858,0.0,39.491943273556615
18000,0.536407332178453,0.6228614584315472,0.0,10.78920709059392
36,0.43748913520134775,0.8267034073183234,0.8,60.952838689521975
6066,0.5100518077197448,0.6732429746588413,0.0,67.35796166919158
4693,0.46760141560987073,0.7601390219938732,0.8,64.74484351808835
4957,0.48973404379329816,0.7138928029979904,0.0,47.6951764253934
16276,0.5806168233151603,0.543664252070507,0.8,3.847512118257474
18004,0.4225129594324083,0.8615351594425212,0.0,19.419562808506264
13493,0.5691398436197118,0.5636291041918631,0.0,7.262924724769396
3927,0.47738553796206806,0.7394308588708469,0.0,50.95787267464382
11493,0.4554594223637631,0.7864486499742157,0.8,13.264636826804338
4164,0.4760900059354519,0.7421483545259296,0.0,41.2448953689928
17625,0.46635082833213515,0.7628170776081291,0.8,32.915558062757256
12769,0.4050838635365777,0.9036611628510409,0.2,3.679256319839502
7475,0.48215951968189075,0.7294802659877625,0.0,52.726832735116645
13383,0.5432011620481975,0.6102755634759525,0.0,20.88790243743258
14803,0.33327805013572154,1.0987781520155095,0.0,6.379176256170031
16137,0.4223793695322652,0.8618513888522972,0.0,11.299734022808469
1629,0.5162350500634373,0.6611930938410977,0.0,17.058450271142338
17805,0.46773480287772395,0.7598538041949234,0.0,16.92802295709891
19217,0.5136992886081713,0.6661172263489408,0.0,22.519424542643243
10851,0.4858888230919611,0.7217754403210294,0.0,5.410067532084087
3090,0.48295666829030354,0.7278283430387494,0.0,36.02750298041809
2730,0.4367744203574089,0.8283384177190491,0.0,22.576361299833266
5892,0.45898366712704325,0.7787406531559162,0.0,77.91300175411743
7144,0.4764125432804799,0.7414711125434881,0.0,51.4580963419132
7082,0.4297503355590392,0.8445508538956573,0.0,65.49491807526707
9558,0.5009891066264073,0.6911709213943245,0.8,21.07380189426844
16338,0.44632390196050226,0.8067103529653744,0.2,18.084428583649114
15349,0.4950103719388046,0.70317656322124,0.0,3.3140710163886355
12855,0.42657942941701343,0.8519566939457252,0.0,7.515152635916897
4460,0.4570937444728539,0.7828667789867064,0.2,41.33771264343041
15942,0.49732674763252066,0.6985080289999798,0.0,10.793694891786718
20864,0.4471728341763992,0.8048101054613466,0.0,6.1270196490982425
15635,0.630914496203611,0.46058493084665764,0.0,7.880608447905043
5538,0.48229942698755185,0.7291901399909524,0.0,39.449185460854665
3241,0.5346558859094153,0.626131942938142,0.2,18.671254944461044
567,0.4490526977774752,0.8006150311391534,0.0,76.93910327083105
4006,0.5429804510412889,0.6106819614618629,0.0,53.51070402941062
17022,0.4333791464780468,0.8361423071472167,0.0,23.74644279883286
9051,0.47427153849713505,0.7459752552844524,0.0,14.62297991325678
11473,0.47028715110929276,0.7544118110309865,0.8,7.345896654456802
12093,0.5932101653114877,0.5222065324668591,0.2,7.265720252819532
3042,0.4784774794777601,0.7371461340289793,0.0,42.48541619748491
2680,0.5416011346400755,0.6132254624082834,0.2,17.803467816299978
8753,0.4359985161807502,0.830116438894054,0.8,23.907355973463083
31,0.5338689399524247,0.6276049009457129,0.8,48.415012220383545
6101,0.42549844890416577,0.8544939763239641,0.0,11.203057680772194
1848,0.43589131269775444,0.8303623495125408,0.0,23.25845118369162
10513,0.46757423385646585,0.760197153861246,0.8,45.55291151631602
5763,0.455158773257362,0.7871089686868681,0.0,68.5768688968434
3507,0.43948843192542636,0.8221438831920996,0.0,68.27905200808789
21137,0.41133589594340036,0.8883451331960533,0.0,35.42853664643954
820,0.5275821738620695,0.6394506459310266,0.0,53.23107321614259
11236,0.4411762304783894,0.8183108677630835,0.2,77.33037388200316
10497,0.5167267988741815,0.660240979591383,0.0,8.7495136806649
4638,0.45984039751776135,0.776875811622119,0.0,53.64327716334414
1091,0.43726751948423753,0.8272100984550287,0.0,46.89661254577353
18360,0.5477366116654989,0.6019607432233578,0.0,1.8070349712666693
7368,0.4682268836187929,0.7588023064819137,0.0,60.996322132924156
3105,0.48236568254829537,0.7290527750957307,0.2,40.13071145132463
8191,0.4262133032573254,0.8528153461554707,0.0,60.56694302111705
3638,0.4434078376546008,0.8132653056940816,0.0,55.87945530731279
916,0.4736614964051596,0.7472623550135086,0.0,42.833077961327945
2416,0.4848885825686548,0.723836141098433,0.0,48.87703515155012
6527,0.4778349752820699,0.738489846095398,0.0,58.025735911211875
13091,0.47844455747549064,0.7372149421471146,0.0,5.627161753243866
5699,0.4408784403462839,0.8189860870057664,0.0,86.15733697784341
1272,0.4758518046143511,0.7426488080692712,0.0,37.310677363911566
4669,0.44394483540385304,0.8120549688548268,0.0,13.496353489434904
16293,0.42025176263833325,0.8669013124408558,0.0,59.000003224085404
13558,0.5742505333180005,0.5546895086924195,0.0,19.217774254353643
12873,0.5443605205168002,0.6081435300909033,0.0,10.828907743044951
6488,0.5001386364533764,0.6928699460862208,0.8,18.475376425185914
17834,0.43861879632248,0.8241245886441979,0.0,28.366368404009012
8956,0.5409727977653928,0.614386282794645,0.0,49.4196977941431
17574,0.367919110120442,0.9998921744301659,0.2,49.02971643489769
19281,0.5179405984943011,0.6578947180197291,0.0,14.858847745118442
10823,0.38496806366640746,0.9545948996508449,0.0,14.68167012106103
9738,0.46778781452081003,0.7597404736518517,0.2,56.22079505023702
17618,0.5252001883166028,0.6439757779918642,0.0,16.292587306022796
3712,0.42701075936159516,0.8509460685028274,0.0,23.503132749241274
1214,0.42701075936159516,0.8509460685028274,0.0,23.503132749241274
6134,0.4117010196240411,0.8874578735903478,0.0,74.1426664241217
14257,0.42508800766942406,0.8554590546259426,0.2,13.902493141163628
1240,0.47199655869930246,0.7507835843144687,0.0,38.762960124091485
16132,0.4986777569852697,0.6957951694194053,0.2,12.06334914794613
14202,0.44440747418503174,0.811013402759912,0.2,13.410916672062784
986,0.40780430795394557,0.8969678570085519,0.0,84.84418630964453
754,0.38445015255482434,0.955941140690853,0.0,38.28544195534346
2629,0.4817407597227023,0.730349152519869,0.0,37.61845317841045
20640,0.4745149776416352,0.7454620963267704,0.0,28.942566458629305
17919,0.515482649559559,0.6626516335899794,0.8,13.9819497215301
9573,0.48377066696215193,0.72614431314834,0.0,33.87463331637835
20274,0.41342467582184317,0.8832799435742774,0.0,12.681691436075901
1690,0.48991592574114545,0.7135214827191289,0.0,48.24118924307348
20740,0.548775133345847,0.6000665145557676,0.0,18.26422466834709
1630,0.5161890119648684,0.6612822783153706,0.0,14.971100548580688
3124,0.45615784621579186,0.7849163753832188,0.0,59.202320008653956
7933,0.43589131269775444,0.8303623495125408,0.2,23.25845118369162
6343,0.456643567943951,0.7838521312519782,0.2,40.070520112356725
17481,0.5353908398799412,0.6247582569702586,0.8,26.715601025276392
15191,0.44723806747100403,0.8046642367233865,0.0,13.175171310400884
14767,0.5532372155060087,0.5919684083053035,0.0,12.677003723548808
8442,0.560735214338311,0.5785064735829323,0.2,46.28340883008701
1508,0.4630159560533633,0.7699937631714358,0.0,65.01057072225467
4513,0.49367712078269466,0.7058735771393576,0.0,21.638553645544924
5782,0.4004514401787537,0.9151627678179796,0.8,68.77448339794873
19135,0.4609870980136098,0.7743852233324239,0.0,8.73661395522735
9248,0.44756438165614554,0.8039348819927971,0.0,57.859194438387426
527,0.5191934606599612,0.6554787087024663,0.0,20.793424487022293
5371,0.455855357465932,0.7855797183254715,0.0,58.69851751223885
10753,0.49750643350754625,0.6981467907936432,0.0,13.4148906916286
16491,0.5609903260223106,0.5780516177751274,0.0,6.37301845200685
18130,0.5257281664614645,0.6429709936278656,0.0,20.861193692036927
11894,0.47018448027982823,0.7546301500567385,0.0,11.160828759559884
18049,0.4522238692798839,0.7935779357460989,0.0,31.822475526144526
13609,0.5784014269185594,0.5474871411306677,0.0,7.381769015262911
20291,0.5393190860903394,0.6174478867768858,0.0,28.949968798237297
19111,0.5648444749020757,0.5712048513882848,0.2,16.864537573802153
11623,0.4816388033216043,0.7305608165521773,0.0,5.100410275267619
15402,0.5841820120156386,0.5375426803008335,0.2,3.7455168768948797
9094,0.5470460680965605,0.6032222605514682,0.2,15.94618243663293
18883,0.49852299199880057,0.6961055682791524,0.0,28.014767851873525
20543,0.4776634476090245,0.7388488789745292,0.0,22.09305949476667
9773,0.4691360126012829,0.7568625470328924,0.0,15.413505597092763
186,0.5395055103921096,0.6171022804489736,0.0,17.411542114059323
9038,0.47139426685328245,0.7520604505114618,0.0,33.63966934487762
2185,0.508633863110224,0.6760268471837488,0.0,43.96540590344161
19098,0.46320722410355253,0.7695807567664879,0.0,27.478266908498618
2103,0.46614694451883,0.7632543629775744,0.0,50.06948504669515
11412,0.5042372675709346,0.6847083526977743,0.0,16.772615353204497
10197,0.4373313926368904,0.8270640357241443,0.0,42.755078229358645
13331,0.5546520765316801,0.5894142509449614,0.0,13.76871613760574
10417,0.517186911562342,0.6593509387419579,0.2,69.42965334648332
15570,0.5841483064076688,0.5376003790653826,0.0,3.8938391774550722
11488,0.4500700337641562,0.7983520777399412,0.0,12.648691253309732
18477,0.5053382031154878,0.6825273647222896,0.2,41.76726057407205
6905,0.5461408217386229,0.604878421219455,0.0,15.980887934766564
4694,0.5761944390523088,0.5513101074502891,0.2,48.58833787661611
2426,0.457856369033433,0.7811997487826944,0.0,82.18221416794755
19856,0.45836743358031024,0.7800841597782991,0.8,20.278288016136454
17234,0.49258250733850484,0.7080933048103005,0.0,8.589171868383794
13427,0.5735548545466095,0.5559016982568391,0.8,7.289538922588804
8703,0.522868406038659,0.6484254602700628,0.0,16.609418016404845
13733,0.4666048489827031,0.7622725272869901,0.8,12.884310781822176
5504,0.47033182646559146,0.7543168196319241,0.0,70.25706812011896
6090,0.4708868801761312,0.7531373832884554,0.0,68.73696750831485
18730,0.5873207459205168,0.5321841928471444,0.0,2.412124805864294
20622,0.4531528200040668,0.7915258593868032,0.0,17.267928513733715
7903,0.5365323693221756,0.6226283844869186,0.0,44.328025268396274
15761,0.5387001502972631,0.6185961702957563,0.0,7.165817810169358
8262,0.48404566923403686,0.7255760187953703,0.0,59.13988713053541
9261,0.4719392277299473,0.7509050564956274,0.0,52.630935524357554
11900,0.5500995846042425,0.5976559542287275,0.0,3.9071758862656765
19345,0.45908251570460606,0.7785253123018616,0.2,22.012802908351297
18104,0.4123686390657456,0.8858375746733164,0.0,10.118479603777896
10775,0.40467088846135324,0.90468116331417,0.0,12.894420639697831
14280,0.4446245665789382,0.8105250235153689,0.0,39.08716375534812
293,0.45441266744509917,0.788749534663806,0.0,44.77336384493574
3621,0.46746410700409424,0.7604327096626893,0.8,43.37127657875808
15829,0.44877915450323164,0.8012243730376671,0.0,5.789166752744281
15589,0.49234590145995344,0.708573757767062,0.2,11.236915757691907
8960,0.5213544210358212,0.6513251978058499,0.0,21.200635933962946
20382,0.5520808178941989,0.5940608341932055,0.0,22.99876728610191
19466,0.4868759851279565,0.7197458389898127,0.0,25.511031368109514
17936,0.4605945115389035,0.775237207561242,0.0,22.078756795116373
7630,0.5026300770029674,0.6879008128399018,0.0,21.620720789388773
11180,0.5652197957446,0.5705406044669843,0.0,8.165862401433714
13922,0.5415178241936577,0.6133792967510445,0.8,8.181559763752947
1099,0.43597430010841537,0.8301719820758795,0.0,14.992910303212895
2596,0.42914186069489585,0.8459677371054313,0.8,69.62314089124402
17807,0.46372228571440316,0.7684694281090101,0.0,16.933608487640086
11698,0.5582262554468634,0.5829909230726628,0.0,6.733545133690082
14089,0.5360602379768055,0.623508739940891,0.0,7.305340327526233
1350,0.48907002684796835,0.7152495955719316,0.0,17.31172215326268
1227,0.48081231783798445,0.7322782766259501,0.0,45.47447986110353
17283,0.523747228753612,0.6467460989223425,0.0,7.606704011797486
19067,0.4506508122202471,0.7970624916508263,0.0,23.224805750636392
14695,0.5750378285778652,0.5533194515177069,0.0,7.253741311677947
11325,0.46868365982709753,0.7578272374154156,0.0,12.304461778406033
3906,0.43754530409300607,0.8265750263330429,0.0,61.6624957031916
7513,0.4921971782662429,0.7088758739423809,0.0,43.989292573826205
11702,0.5648391226295736,0.5712143270901784,0.0,7.216950504244689
15839,0.6377529556872576,0.4498042874162594,0.0,6.277243896902924
2767,0.36284242450568865,1.0137866312334414,0.0,15.845486129019637
9953,0.4707332074590074,0.7534637839685302,0.2,41.94155647595246
12761,0.46742992894226676,0.760505826102689,0.0,5.194254643600017
15958,0.3686446689743302,0.9979220555914144,0.0,9.655395240972096
9650,0.468102087351254,0.7590688714866226,0.0,59.23773542576433
3890,0.4529482865171966,0.7919773178142835,0.2,42.62421900307244
20924,0.5425200524098435,0.6115302312831827,0.0,16.46850931508033
17748,0.47110949243822703,0.7526647439605095,0.0,36.28483536912357
15605,0.5477925581566735,0.6018586072095221,0.0,9.395402956334031
3166,0.5541436358764587,0.5903313553045262,0.0,16.89528275827363
18358,0.5216175588484401,0.6508206054998681,0.0,26.40053945101964
15929,0.46150028807171334,0.7732726008320289,0.0,13.105424372228724
20273,0.416724944726312,0.875328879791276,0.0,12.519391311562513
5488,0.36659267518139665,1.0035039241869546,0.0,45.30820370826646
20734,0.4622159607017435,0.771723049713531,0.0,9.04266499693224
2290,0.46178525937352,0.7726553025072703,0.0,58.63410762763941
7458,0.4017450236595351,0.9119376611007571,0.0,80.27330705236838
5937,0.48022064559366,0.7335096023797882,0.0,42.87730235208964
19942,0.5166339991249576,0.6604205872359792,0.0,26.48286580009323
11315,0.496887311884895,0.6993920152442594,0.0,11.76062594676952
8361,0.474099789517363,0.7463374530366962,0.0,55.421896271534536
2151,0.5187977990679099,0.6562410689006013,0.0,53.201465758863876
5328,0.43490951768285546,0.8326172748563303,0.0,49.14315234292387
11131,0.42961473371961456,0.8448664400077712,0.0,21.979199921136612
12556,0.5598357764745627,0.5801117945564017,0.8,6.0424442496144755
19241,0.46773480287772395,0.7598538041949234,0.0,16.92802295709891
16515,0.58336597158161,0.5389405510151417,0.0,6.445998589937991
15440,0.5903377438530475,0.5270604586592175,0.0,3.8176831371876103
10390,0.4835910434372765,0.7265156810141732,0.2,9.98864641987187
4291,0.4669833901656892,0.7614615890427893,0.0,51.46223923335946
11143,0.6333665705021088,0.45670592413255656,0.2,14.845226551743306
5897,0.45861533534586346,0.7795434696366884,0.0,77.99332354240622
5170,0.47284508200554265,0.7489874663243231,0.0,63.77440960313179
3447,0.44778627135206023,0.8034392332774881,0.0,55.37222748845238
170,0.47639949206645765,0.7414985076928752,0.0,42.787058278763766
16856,0.5041180684741945,0.6849447755004002,0.0,9.835465109980813
4881,0.46427464005618535,0.7672790051848128,0.0,52.29006537411984
19628,0.44342813950619275,0.8132195207865714,0.2,39.408614906152835
7521,0.5040745254846328,0.6850311538171021,0.0,21.85591943290821
12729,0.532429180234599,0.630305385107761,0.0,9.123985669451274
2359,0.4941368047342704,0.7049428674725193,0.0,52.16577219296642
19580,0.5216930338533746,0.6506759218254299,0.0,30.696614075562284
20669,0.458492984941548,0.779810287421098,0.2,21.758655920071753
19110,0.5653859050060872,0.5702467632762453,0.0,16.83625050144058
20498,0.5023282253918998,0.6885015375056429,0.0,11.504859733074191
10279,0.4774954409534527,0.7392006668483924,0.8,17.24924688414881
15766,0.5597025360872636,0.5803498219404281,0.0,4.62480778971053
13998,0.3529807702421754,1.0413416987673003,0.0,39.966693524760245
13823,0.5116254649270126,0.6701624354438406,0.0,4.893860871661461
10698,0.43506978793300843,0.8322488287313904,0.0,75.44335759441147
531,0.43589131269775444,0.8303623495125408,0.0,23.25845118369162
3516,0.4360373779445583,0.8300273100770048,0.0,22.481295266128797
14972,0.5805260403818061,0.5438206203114487,0.0,12.994593452655632
15149,0.5136324439096034,0.6662473589955755,0.0,8.459342099574553
20859,0.5377528718675102,0.6203561703232021,0.0,29.086328027453852
18971,0.6059844197044865,0.500901003301935,0.0,1.9439967551213995
15549,0.5971350377617599,0.515611997261724,0.0,7.435898278859792
17526,0.44127913932147195,0.8180776347927353,0.0,24.954231900596955
7177,0.45870859831038435,0.7793401326007289,0.8,17.963789461857466
12234,0.6077867314058729,0.49793122926443184,0.8,5.727951888245564
7469,0.3977673833115069,0.9218879086048269,0.2,35.56182326105255
1148,0.43612946521914026,0.8298161411346267,0.0,46.55683421849855
13179,0.48499810627951706,0.7236102926305921,0.0,12.357093069385726
14636,0.4178519692900697,0.8726280496342991,0.0,8.364139680982134
13779,0.5146521709343357,0.6642640027452008,0.0,17.735849380090077
19536,0.5455736184713706,0.6059175268635631,0.0,25.706050614908282
6401,0.4282619357357518,0.8480202712129931,0.0,18.66068373888467
18531,0.499964940951884,0.6932173011145659,0.0,22.025594466566496
17072,0.524831131208135,0.6446787229741753,0.2,43.37237288326526
20794,0.35022465798060365,1.0491804504709163,0.0,8.496000688625623
20530,0.45222397315485646,0.7935777060480054,0.0,22.61696462236815
16369,0.44796961079172265,0.8030298819221081,0.0,13.148411199156845
17340,0.4624947100172985,0.771120159895505,0.0,59.316105621930916
5360,0.45306032673282437,0.791729990770014,0.0,52.2977247819301
9912,0.4779169699022891,0.738318264712104,0.0,49.205221089713454
5843,0.47482569863336765,0.7448074925357537,0.0,50.55008088164628
13252,0.5199125608429398,0.6540946337709502,0.0,11.240616867719437
14360,0.48038063647414153,0.7331764966782915,0.0,8.675310882961652
2285,0.4602718157209417,0.7759380602726901,0.0,55.730585543373785
7858,0.3918684166906624,0.9368291672495265,0.0,34.7095235055707
18043,0.5030078812212605,0.687149440573217,0.0,27.650894642023772
12519,0.40020793571211255,0.9157710276635047,0.0,5.389770232224473
15646,0.5191395385116852,0.6555825716219102,0.0,4.769035503542878
3342,0.4915250358655402,0.7102424030206991,0.0,43.768688086150576
12374,0.42329191876489736,0.8596932226724648,0.2,14.459180522014226
550,0.4774986132543681,0.7391940232449031,0.0,43.26317548845671
18359,0.5168774591474177,0.6599494554937722,0.0,26.11618103079865
14466,0.5263829538180592,0.6417262820598333,0.0,7.967031767292916
11927,0.4988011611787002,0.6955477372344981,0.0,11.206665466025328
1646,0.4608370197106589,0.7747108349136167,0.0,52.5757491564517
8353,0.4561879951563466,0.7848502843480026,0.0,60.588086299033186
18041,0.5013938100414074,0.6903634386843531,0.0,29.68908041800831
13105,0.41540664192661275,0.8784973784368183,0.2,6.766625730667442
5520,0.45458096531274783,0.7883792397277213,0.0,46.202967990779854
6936,0.4683758252995214,0.7584842598212201,0.0,50.458166541961795
11019,0.43802093990314805,0.825488561750402,0.0,5.983966643959453
1472,0.5937911026841307,0.5212277004559928,0.2,17.239607087328608
19012,0.4807645228214321,0.7323776862925949,0.2,52.386975006493586
9032,0.48907002684796835,0.7152495955719316,0.0,17.31172215326268
17144,0.4734044978245915,0.7478050808392529,0.0,7.431687401152196
1981,0.4558658148527173,0.7855567784462555,0.0,40.15766167510742
13096,0.43658341988044513,0.8287758111246131,0.8,6.3902756956615425
925,0.47427053280290743,0.7459773757897163,0.0,46.996574674752125
11754,0.372364720499978,0.987881473566438,0.0,13.719697209608206
9649,0.4776431778955115,0.7388913150112423,0.0,58.26896955277004
7272,0.4362580828152942,0.8295212776937725,0.0,62.462951577466555
797,0.4611642614589803,0.7740009839215499,0.0,60.08143663642464
9703,0.4711108762678963,0.7526618065804332,0.0,53.4766207833044
16710,0.4860470706407199,0.7214498066014032,0.0,11.113933046004508
246,0.4311440002351542,0.8413131374056562,0.0,53.271944394422825
17736,0.5459746088490622,0.6051828082580202,0.0,25.219179675615514
14043,0.4613421620397105,0.7736152942864343,0.2,8.097045249363745
20288,0.5301044843267114,0.6346811516264748,0.0,31.121588962601304
15437,0.5845618569128302,0.5368926749050168,0.0,3.7485847166052766
1872,0.43612946521914026,0.8298161411346267,0.0,46.55683421849855
3596,0.4985656079580391,0.6960200874918555,0.0,54.888141869318744
20962,0.4539157514527507,0.7898436676482701,0.2,21.37751323836562
3705,0.5562445547499514,0.5865472347631723,0.0,40.26353296131784
3274,0.5160320409601581,0.6615864205443546,0.0,52.99307127610204
8590,0.5394650707065155,0.6171772402047286,0.0,48.973015422851816
3642,0.48593039599433885,0.7216898834569817,0.0,50.673458030081534
20242,0.4329745025519969,0.837076438274678,0.2,34.897715562121775
4744,0.5359856911276699,0.6236478139250027,0.0,39.68894411851515
4107,0.4838728988729643,0.725933012386774,0.0,54.764024075025546
7556,0.47399070045542757,0.7465675767718682,0.0,36.88790670231013
6958,0.5445367919107994,0.6078197688077644,0.8,43.9392916435889
421,0.5211639966206634,0.6516905139749467,0.0,21.121288215486928
14702,0.48767620458937627,0.7181036085383149,0.2,8.035579420633962
4337,0.47299927892037413,0.7486614149726047,0.0,29.184692238329575
8542,0.4603239901102162,0.7758247110938217,0.0,62.84180159859955
5612,0.4626021543620527,0.7708878721224631,0.0,40.893674866928976
17478,0.48161315918772474,0.7306140614660394,0.0,25.93862401708447
1101,0.43589131269775444,0.8303623495125408,0.0,23.25845118369162
8276,0.46554518081450713,0.7645461282971229,0.0,38.10879978174192
11046,0.4055817340214337,0.9024328621831664,0.2,3.674458348005521
3317,0.4813109704000445,0.7312417096645116,0.0,16.760060041299923
8503,0.435933224503099,0.830266202171904,0.0,12.352705522105467
16857,0.5090743507420679,0.675161200914308,0.0,9.522811034670148
21162,0.4360900243635616,0.8299065790486531,0.0,12.482625159391658
16990,0.5200667868047122,0.6537980394909738,0.0,16.084739522187515
10366,0.4890293443934178,0.7153327823232377,0.0,46.56100818179265
13229,0.5628729408310501,0.5747013586730222,0.0,9.792911677943104
6360,0.4484183002509972,0.8020287762819703,0.0,56.486886958298925
20143,0.44524133185683507,0.809138825038176,0.2,7.419802701505009
1031,0.4761064470852082,0.7421138214215355,0.0,33.154673281045746
6039,0.500250431849609,0.6926464422510826,0.2,54.580541763174494
13487,0.42723587844797073,0.850419009731688,0.0,13.798048757305745
10590,0.4705781685049066,0.7537931945322642,0.0,64.01211382395047
2520,0.49696909297904407,0.6992274419841115,0.0,50.49470982957625
11696,0.5707303761241602,0.5608383767753992,0.0,4.001581812943901
4735,0.5357285893299238,0.6241276093469103,0.8,39.719478297042215
12832,0.5457121869006284,0.6056635724378382,0.0,4.8941552574374825
15764,0.4356050372056719,0.831019324157153,0.0,8.239557161708639
1799,0.43621497830955436,0.8296200876346075,0.0,58.17710548062737
2445,0.4565983467111257,0.7839511657621919,0.0,40.07558275641306
17623,0.5248603957829386,0.6446229645459918,0.0,19.615877007857843
18656,0.4641952469864394,0.7674500243445023,0.0,25.103290325584567
13508,0.5737073963917768,0.5556357750192508,0.2,6.998788330241178
16671,0.49878354971026534,0.6955830454509222,0.0,5.373378793932484
11903,0.5132533302449829,0.6669857345605832,0.2,6.162947557613496
14163,0.44421215003546854,0.8114530152721389,0.2,30.986958064793193
20222,0.532613223788686,0.629959777167225,0.0,2.57130672681985
7125,0.39268823646811923,0.9347392733647523,0.0,34.58535311449583
14754,0.5836144703170347,0.5385146677179435,0.0,10.283745565719833
17714,0.5289577353090421,0.636846745761694,0.0,25.808214129054893
1742,0.532722599189508,0.6297544421003903,0.2,17.879044132273574
5281,0.427360749386335,0.8501267760972788,0.2,57.98714661928107
2306,0.49807168588224326,0.6970112647622339,0.0,14.313126880258736
7349,0.48136806469502047,0.7311230942320331,0.0,47.71309190241664
13933,0.47919888940626654,0.7356395497831938,0.0,12.890133192572362
2659,0.4717081270009192,0.7513948596673096,0.0,44.11814643367592
19247,0.40635539935502507,0.9005271344218957,0.0,15.62639706570356
6145,0.45540424663055984,0.7865698003398498,0.0,53.939027658936
11853,0.4073076731628444,0.8981864254115718,0.0,8.199992463701166
18554,0.45785875130659537,0.7811945456947265,0.0,17.744834224656536
8833,0.38740491909937114,0.9482848303630342,0.0,76.99599012935255
21203,0.46071631369767,0.7749727969928655,0.0,6.133134372472291
15517,0.5992274310242612,0.5121140684139867,0.0,4.649662986417054
661,0.42957535334123775,0.8449581086128853,0.0,55.44615340792429
294,0.4546166847839924,0.7883006661166717,0.0,45.57559892184075
6054,0.42044827114613886,0.8664338246247798,0.0,86.73002782805011
7443,0.45034973960609065,0.7977307989559705,0.0,52.20350238816217
91,0.42659473331495495,0.8519208187431894,0.0,19.16821842172176
658,0.5242319221198058,0.6458210931140685,0.2,57.54265841101873
16537,0.5576955023794352,0.5839421602068561,0.8,6.369348711495022
7067,0.48377066696215193,0.72614431314834,0.0,33.87463331637835
20792,0.4991978979797494,0.6947526727135301,0.0,8.32279050941039
10672,0.5362339895904911,0.6231846654271253,0.0,19.084718957535777
17655,0.5257281664614645,0.6429709936278656,0.0,20.861193692036927
14928,0.42637935698754886,0.8524258196205475,0.0,28.220408325896788
9931,0.4877963569322778,0.7178572615917197,0.0,50.25000831142038
12012,0.6090742776985022,0.49581505204536164,0.0,8.519094303681545
11004,0.40229695264870774,0.9105647748780821,0.0,7.022275880792078
6966,0.458941995624061,0.778831448096513,0.0,21.955257452278467
19583,0.4406475907769992,0.8195098368813488,0.0,30.704574283140378
15442,0.5798064603304485,0.5450609202136969,0.0,5.640235849288436
13307,0.461963254737958,0.772269926262715,0.0,5.9013777863364325
13246,0.5167149268917486,0.6602639552118508,0.2,14.87660561373615
6709,0.4840385308449897,0.7255907662502852,0.0,43.68056191393988
9927,0.5535468302743317,0.5914089228707603,0.0,46.07194041820111
2929,0.42456516439972547,0.8566897764142699,0.0,28.617724203366947
12607,0.4992791652067266,0.6945898903519657,0.0,7.3199354428895855
9970,0.4873319369719616,0.7188097926552403,0.8,31.44325598952383
16547,0.6233208341340409,0.4726939101940405,0.0,4.129690245431922
8485,0.43606919952976597,0.8299543337091074,0.0,32.06113679766968
13688,0.44138448821943244,0.81783892800756,0.0,14.318314782507722
20572,0.5084233056819943,0.6764408994862124,0.8,25.96450672207527
10235,0.4957945394183765,0.7015936731198413,0.0,7.853288809506985
14346,0.47936071972025235,0.7353018966753797,0.0,17.152386395672085
20144,0.4842344364245033,0.725186116758233,0.0,4.319643414498132
816,0.5307052576255911,0.6335484822337453,0.8,36.50506045280995
211,0.4738951786693723,0.7467691237903065,0.0,49.24195784589961
3065,0.47378602041489365,0.7469994929377938,0.8,32.50455974594807
7945,0.45907761339742437,0.7785359908469789,0.8,24.025621152718426
12122,0.5565059824139463,0.5860773582543347,0.8,5.859601233320269
271,0.43680551822272407,0.828267221337459,0.0,35.61962957871355
17864,0.46860296502093296,0.7579994255257005,0.2,16.6987271419235
17388,0.4432828014818765,0.8135473345506733,0.0,12.985028978832366
16895,0.6230698171444773,0.47309670043111407,0.0,4.426765991968237
4013,0.4732288080221823,0.7481762695632103,0.0,59.502460659126974
12058,0.424837502744687,0.8560485296538631,0.0,5.8170635147834835
9128,0.445711014504277,0.8080844865140794,0.0,20.288577293845623
19298,0.5038999861270054,0.6853774708268305,0.2,21.246701595631748
9877,0.5365371832118523,0.6226194123011637,0.0,18.966544203489885
19198,0.4630706634441264,0.7698756157116303,0.0,25.36124209811985
16632,0.5076779330107261,0.6779080225967509,0.0,4.547373198275494
12128,0.4182663104164323,0.871636943064006,0.0,11.941861532794626
5788,0.3927477941616534,0.9345876182551679,0.0,34.579741875441215
15886,0.5464835255810807,0.6042511171427398,0.0,10.312270570279784
14033,0.3648546607428187,1.0082561944439359,0.0,10.317989288914191
2904,0.4358567268064537,0.8304416978787007,0.0,23.262333702642522
19030,0.4355264521091518,0.8311997449034977,0.0,64.127061587615
17661,0.44379960686699765,0.8123821543177501,0.2,12.54098758494917
2127,0.3770068641710764,0.9754918843495429,0.0,36.854084060542846
6740,0.4556222961904944,0.7860911105238032,0.2,50.40416116715037
1942,0.4682268836187929,0.7588023064819137,0.0,60.996322132924156
15345,0.43469977318081043,0.8330996627708016,0.0,8.579259812373987
9949,0.47248910137871053,0.7497405981795237,0.2,31.6802840568183
13044,0.5348324808891377,0.6258017009517686,0.0,11.94937032100119
7378,0.583822548906624,0.5381581969390213,0.0,2.106620132584431
12261,0.3724354937165569,0.9876914273891115,0.8,7.893629282970901
11907,0.5853168979207869,0.5356018725724287,0.2,3.839194341102391
8814,0.4479931255978203,0.8029773913326048,0.0,56.17228488096789
2666,0.46743659007022376,0.7604915756662436,0.2,53.75535097138982
9208,0.4775840744965153,0.7390150623162394,0.0,29.51257034760051
20296,0.4990827562968515,0.6949833526989936,0.8,27.96960428704869
311,0.49021370189772556,0.7129138566310179,0.0,43.55903827188552
18528,0.49912604785296244,0.6948966142211157,0.0,22.104663578079073
15656,0.46898404348279904,0.757186533539369,0.0,5.7796047325181945
15615,0.47049562503262343,0.7539686185490877,0.0,28.94259270447889
2480,0.48397623346450164,0.7257194778833531,0.0,49.41242328934274
16198,0.4703162049034708,0.7543500341002505,0.0,8.208497489250524
5744,0.5277906536071411,0.6390555632789874,0.0,21.226230631823704
2042,0.4025498229142804,0.9099364061461177,0.0,69.14606208807768
10981,0.4675280729813571,0.7602958828982908,0.0,2.7832530866130494
896,0.42468912979107104,0.8563978370197352,0.0,28.179773048625364
17952,0.3769578177166664,0.9756219871399185,0.0,34.166281505818624
6231,0.5559948907036282,0.586996174155741,0.0,44.1755732997376
1104,0.46996623205406884,0.7550944335526006,0.0,42.177685939545185
1623,0.48293107338690083,0.7278813407160245,0.0,36.030126365443216
13615,0.5822414511505314,0.5408700527633771,0.0,7.453730271409297
11260,0.4692870171705933,0.7565407208077828,0.0,6.402603533622087
1479,0.454143777387222,0.7893414407963465,0.0,35.3743385963914
21251,0.45802099050462824,0.7808402651220194,0.0,5.848103015208569
14981,0.576565646567588,0.550666074866683,0.0,15.534289992995369
10480,0.4525223408165835,0.7929181450905616,0.0,12.26485781684018
6511,0.4673300300543773,0.7607195684379449,0.0,41.85478810177065
509,0.4337610190933975,0.8352615437938429,0.0,40.38071716804979
18915,0.4852500782773234,0.7230908956196386,0.0,20.40670999760041
20032,0.5257930057173352,0.6428476689480237,0.8,8.710586190126012
12864,0.49773637285946515,0.6976847138923299,0.0,5.020538605003068
4618,0.47553117402969736,0.7433228386205635,0.0,60.98220636096342
10671,0.529571225345205,0.6356876086428115,0.2,17.53544331490046
14999,0.5888404048276635,0.5296000915922833,0.0,11.758445710335426
2527,0.46783594294934466,0.7596375937747798,0.0,65.87197116230408
1187,0.5010972279351138,0.690955128991221,0.8,68.1972691228058
16803,0.4050838635365777,0.9036611628510409,0.0,3.679256319839502
19723,0.535546752876928,0.6244670859456483,0.0,2.5488872098946675
18106,0.4439878761583199,0.8119580228724564,0.0,6.838310219293217
18804,0.506765672150647,0.6797065673386169,0.0,23.565427389706038
11398,0.4838461654583105,0.7259882627495,0.0,7.939044752535323
6167,0.45232046538861365,0.7933643561449789,0.0,55.573190221296585
15954,0.37356233142638795,0.984670403657226,0.0,9.703926612059341
2784,0.4937530499599906,0.7057197856517257,0.0,41.094062795447115
10935,0.5636668422493846,0.573291907250737,0.0,5.157277030155965
2126,0.3758276055718666,0.9786247365530936,0.0,37.363894606828225
11990,0.4984046218473533,0.6963430381824022,0.0,9.857431812096014
9500,0.46196105483159394,0.7722746883548934,0.8,55.75823014242799
2441,0.43840891756986844,0.824603202383065,0.0,53.01126818545107
13997,0.5379942854975445,0.6199073406285399,0.8,16.15788634692855
3267,0.4665872711656579,0.7623101997376415,0.0,60.22631523652486
5017,0.46436486752033257,0.767084683354447,0.0,67.5264637393093
20710,0.5152556544082321,0.6630920851655594,0.0,5.0640347843386975
13156,0.5570082157316298,0.5851752891966132,0.0,4.367163217874457
18459,0.5123108046535149,0.6688237977781891,0.2,8.256964190367913
17498,0.49216247255005957,0.7089463882430613,0.0,5.632933792817997
16916,0.4333792951426703,0.8361419641113341,0.0,5.895720018167568
13063,0.5318640342377613,0.6313673970463326,0.2,53.86826612331505
12364,0.4512060543551793,0.7958311605479333,0.2,12.778261857497881
15948,0.4851840042682886,0.7232270697510408,0.0,12.367544583526657
2486,0.5166278089662318,0.6604325690177064,0.0,56.02912282591398
4518,0.4576619705150321,0.7816244230091406,0.0,54.721527524599836
6870,0.4905535308981865,0.7122208705631783,0.0,18.528425512995963
6554,0.44998029722935834,0.7985514811110753,0.0,48.63577698227576
14295,0.4767701725722061,0.7407207227125361,0.2,24.295640552658778
830,0.4924091940875786,0.708445212856762,0.0,57.284883046502436
4273,0.4661590079186516,0.7632284843488029,0.0,39.40167341599256
11431,0.47127256349093716,0.7523186612792621,0.0,11.112499056245895
18073,0.45578915354392124,0.7857249589786593,0.0,31.227459715340967
20675,0.5553328624540195,0.588187592845752,0.0,19.43077703990911
15436,0.5751179155432825,0.5531801886988129,0.0,3.872814460986305
64,0.40703320603639853,0.8988605095545874,0.0,69.70663183018212
14753,0.5877040820302459,0.5315317196155834,0.0,10.11292276302596
7039,0.43706966047215007,0.8276626904755917,0.0,66.37855156488158
12994,0.4635275868388859,0.7688893772168865,0.0,13.031137496509857
19998,0.5194313536375348,0.6550206164665425,0.0,19.642593589411927
8468,0.43620117107838113,0.8296517404901491,0.0,58.20007086133205
10039,0.42144901584374583,0.864056467708662,0.0,14.856414482771404
8100,0.48388244849622025,0.725913276772226,0.0,46.9121455114051
3311,0.4754819025871589,0.7434264574745919,0.2,56.50041076806898
10051,0.5085999489877284,0.6760935262935164,0.0,21.39835984928058
831,0.4934653403651412,0.7063026548644843,0.0,56.56777973586978
12671,0.4956593285665119,0.7018664258057079,0.0,11.24460127422347
6648,0.48458787307619383,0.7244564955182928,0.0,47.2635429835896
5472,0.468705672055565,0.7577802724506505,0.0,54.148326801515324
11539,0.4434809570734671,0.8131004159819405,0.8,6.287705355498285
2439,0.4474238093926423,0.8042490141032878,0.2,57.72095211034894
2697,0.515482649559559,0.6626516335899794,0.0,13.9819497215301
15326,0.48982071003684025,0.7137158527184284,0.0,12.057873336818831
14647,0.43879113289345084,0.8237317584118321,0.0,10.943276481202654
13919,0.4729577801214501,0.7487491542596135,0.0,12.996787671113301
7613,0.4247860696099843,0.8561696024122919,0.0,33.43342232099444
12027,0.6423467922087858,0.4426269463540145,0.0,7.402493462815562
2178,0.4722514816742718,0.7502436351268338,0.0,33.87349840880513
19221,0.462627884461278,0.7708322533073528,0.0,33.862661123031344
13868,0.5216361353314498,0.6507849929099193,0.0,6.696903076289077
16353,0.5085016253406965,0.676286867155078,0.0,4.616536977538917
7566,0.42456516439972547,0.8566897764142699,0.8,28.617724203366947
5252,0.4823734787797702,0.7290366127343639,0.8,54.51371104857968
16510,0.49001219594662554,0.713324998500217,0.0,5.523274804876403
14531,0.5147762485241621,0.6640229416124752,0.0,6.9157992281942775
9403,0.4895298532501562,0.7143098316390293,0.0,34.01543341968536
1685,0.5111277035265777,0.6711358109465305,0.8,48.35869362274659
19436,0.4351622772266131,0.83203626636405,0.2,29.70660587124305
19932,0.33278363642859743,1.1002627406291614,0.0,6.8969968259442975
11982,0.5911333835095665,0.5257135958229299,0.2,9.141633685677917
9254,0.46259028622125703,0.770913527629957,0.0,51.32356869012473
644,0.5177936439698568,0.6581784868079092,0.2,48.297133043471504
17430,0.4573594935349078,0.7822855593934245,0.0,74.08244307139381
18887,0.4996363490337417,0.6938747471048222,0.0,22.0721579817574
17484,0.5275011181600826,0.6396042938994084,0.8,25.657727323329343
15780,0.5559585431668181,0.5870615501610948,0.2,3.8511238054480414
4651,0.5021810566561299,0.6887945536866837,0.0,59.11579572321087
3230,0.5266477527575479,0.6412233547597714,0.0,20.926325552386007
8439,0.5396309627120945,0.6168697754346834,0.8,37.77710608301545
880,0.5068080521619884,0.6796229424175095,0.2,21.153264082744982
8949,0.46897180286195167,0.7572126341727747,0.0,42.06316413912721
3522,0.4360239931255994,0.8300580070426176,0.0,22.602475985380067
15776,0.5698775763835829,0.5623337194961138,0.0,7.836795261440685
3639,0.42391336000916185,0.8582261842313934,0.0,84.88715502524528
7234,0.39614582691409583,0.9259728857318963,0.0,58.55482145865909
15052,0.6401864578238191,0.44599580471006073,0.0,1.758115423036263
2355,0.495639801934489,0.7019058218495955,0.0,51.972615293625346
12676,0.42037377475691295,0.8666110235690364,0.0,7.9427928972552
3579,0.4992624587357153,0.6946233520937947,0.2,49.84964178926893
2815,0.48447279198536064,0.724694006121134,0.0,42.90188571526879
3699,0.40815576978505325,0.896106388751876,0.0,74.3768302664057
5793,0.437367225212889,0.8269821044731114,0.0,63.30548262116577
17054,0.4934613787573719,0.7063106830345451,0.8,58.111715218773206
7112,0.4589676585107946,0.7787755321648641,0.0,61.34025431563866
5783,0.4004514401787537,0.9151627678179796,0.8,68.77448339794873
20075,0.4666087967411287,0.762264066719694,0.0,8.588810677083853
3610,0.40741330565728384,0.8979271157883328,0.0,63.88751565846792
2333,0.38677811997317096,0.9499040837734569,0.0,30.00747105724649
12411,0.40045478266407114,0.9151544210597147,0.0,7.055840403090954
16959,0.4684301097446207,0.7583683672054086,0.0,16.232875420762003
2758,0.508633863110224,0.6760268471837488,0.0,43.96540590344161
6478,0.4094722769809287,0.8928860776610116,0.8,49.15784327811421
10136,0.5172327676772899,0.6592622781801023,0.0,17.088079558168978
4088,0.4884609940811039,0.7164956590371874,0.0,59.469139700086544
16652,0.4551372297728016,0.7871563016082315,0.2,12.74764173829129
15379,0.47961276101947226,0.7347762485524955,0.0,8.30205308227353
4492,0.4287472815842573,0.8468876208503502,0.0,60.573635142949364
11174,0.4051594857244581,0.9034744974790414,0.0,13.882112053148022
11918,0.5416597081077539,0.6131173195392273,0.0,7.7868598330059315
4907,0.4590071137006016,0.7786895707832974,0.0,23.983638186032564
296,0.45489972558873676,0.787678267640617,0.2,53.778734925064775
20395,0.47391738093335284,0.7467222743077592,0.0,28.991492869702633
2211,0.43589974598176273,0.8303430024822528,0.0,13.22321484853562
1507,0.4682268836187929,0.7588023064819137,0.0,60.996322132924156
17900,0.5041899908892379,0.6848021158945438,0.0,9.140053924438483
16004,0.5070069525274342,0.6792305624131149,0.0,5.232112745024914
14896,0.564643865372173,0.5715600733500509,0.0,11.129418363124868
7539,0.4813693644691324,0.7311203940687849,0.0,33.834426937081275
12969,0.48971140619228065,0.7139390283411616,0.8,12.20871443040495
15276,0.6190549679979533,0.4795612089510413,0.0,4.076270390420154
16774,0.42095641149898394,0.8652259862918062,0.2,7.323315850185438
14718,0.556238629899979,0.5865578863398508,0.0,11.464274492648393
1297,0.4367121192206413,0.8284810670537562,0.0,67.18981643430232
1071,0.4315392659979189,0.8403967737623688,0.0,72.23210655190672
229,0.4360144818337503,0.8300798209696921,0.0,23.864794852878646
168,0.4782125145298346,0.7377000542254067,0.0,23.694924953771405
1657,0.4493370168129774,0.7999820785566009,0.0,54.39878134184885
13415,0.4351409375064617,0.8320853061005336,0.0,18.936180702881416
17797,0.49804430607426,0.6970662378943013,0.0,10.638624815049411
18144,0.45494615963323537,0.7875761975091956,0.0,25.806902991795276
6482,0.4094108209095415,0.893036174962228,0.8,49.16610688507847
2010,0.4905497212725526,0.7122286365666555,0.2,23.378906897156114
18901,0.4988139155371494,0.6955221675358287,0.0,22.09882765452197
13456,0.5620565692286325,0.5761527771635717,0.0,12.361646257693064
18641,0.4149559341187788,0.8795829472355524,0.0,17.11932400259795
6022,0.43630059895381074,0.8294238260508321,0.0,64.14349082828092
14945,0.49638433130943566,0.7004047907964429,0.0,4.184568214210433
18256,0.43812596443472895,0.8252488199181499,0.0,9.510992728258538
7921,0.5371238855222097,0.6215265117837832,0.2,46.496399200081584
18378,0.49127235589441753,0.7107566086521115,0.0,29.450201055575903
2861,0.46443222790938415,0.7669396346898869,0.0,46.054727403641735
3020,0.45946355948602713,0.7776956450405879,0.0,59.88450487256196
1810,0.5027047305554717,0.6877522980325355,0.0,51.87027968186857
17408,0.4848269412503979,0.7239632738849582,0.0,24.600271715206794
3399,0.43958563042528376,0.8219227448275036,0.0,64.60312962467364
12014,0.5330480640860007,0.6291436823603733,0.0,4.203812336715298
20568,0.5112968673106224,0.6708049038255293,0.0,3.956273220765258
11182,0.5584155853566496,0.5826518171844861,0.2,8.176935277861595
9185,0.5216004274194704,0.6508534489308608,0.0,45.91771280831933
12266,0.4208900792300567,0.8653835738562732,0.8,14.549693789560823
19837,0.5030078812212605,0.687149440573217,0.0,27.650894642023772
3387,0.45888971839785053,0.7789453627182641,0.0,44.11556931011495
5839,0.45506676516813954,0.7873111341626796,0.2,47.08317241888561
21139,0.4127810878240006,0.8848378802441383,0.0,32.51779209897208
2529,0.47573149834179607,0.7429016630170667,0.8,47.20954388400824
18673,0.3943640171715278,0.9304808947678734,0.0,75.46199914587336
17956,0.4734911587142016,0.7476220387284276,0.0,29.703023256446222
12587,0.43128694301283094,0.8409816493483113,0.0,6.719863445649749
14205,0.48786007813727794,0.7177266393710274,0.0,7.382894546104518
1097,0.4719410421485032,0.7509012119008969,0.0,37.25408866700188
16665,0.6254956320056447,0.4692109323039588,0.2,4.508413468569694
2230,0.5177253450422462,0.6583103992661729,0.0,15.662849873189828
10448,0.48546891565299766,0.7226400187319916,0.2,48.81433271401545
18933,0.583822548906624,0.5381581969390213,0.0,2.106620132584431
13150,0.4226990509396875,0.8610948166456784,0.0,6.39147639152111
8506,0.5191934606599612,0.6554787087024663,0.0,20.793424487022293
12837,0.450275096474661,0.7978965575018382,0.0,4.616270331768398
12296,0.4990140081834044,0.6951211111128115,0.8,11.895260809420968
12357,0.5376914167899813,0.6204704581170821,0.2,4.900103187409341
11531,0.4016767482894953,0.912107622564556,0.0,6.626005952858552
19367,0.466442500702723,0.7626205230916473,0.2,12.93747618981489
3353,0.4767679649754096,0.7407253530397556,0.0,61.37465523446888
18497,0.5662801451604734,0.5686663671154174,0.2,7.154391480076756
11570,0.45955884453193196,0.7774882832922133,0.0,13.002714402718984
9419,0.5022274421613174,0.6887021898620544,0.8,18.880771165593906
14936,0.4885624734305771,0.7162879273844429,0.0,6.968765481877713
9163,0.49000503060354816,0.7133396213923119,0.2,49.01356473278382
12037,0.4241534802514348,0.8576599075246759,0.0,13.962274266609331
15269,0.5298600434709932,0.635142376230961,0.0,9.155577329140545
16175,0.44164094012464855,0.8172580797008305,0.8,9.563553774311009
447,0.46748609464394475,0.7603856747728828,0.0,30.81653345102481
1333,0.4373313926368904,0.8270640357241443,0.0,42.755078229358645
8104,0.5024987295934648,0.6881621672243116,0.8,18.865966444485785
9882,0.5022688108084632,0.6886198229103673,0.0,46.20983290117506
7548,0.4774702504034758,0.7392534238221994,0.0,36.52651437828176
8629,0.4799704732986564,0.7340306909333942,0.0,21.463057234886154
2574,0.46241875787169395,0.7712843961152427,0.0,45.08928509076513
19909,0.6767838211355769,0.39040337591737473,0.2,5.750836736090335
13955,0.5412511314516574,0.6138719092257612,0.0,9.974190870086117
111,0.497426377478611,0.6983077183019614,0.2,60.58866875225648
6971,0.4031752183134072,0.9083840266302272,0.0,39.06051314509976
1179,0.43589131269775444,0.8303623495125408,0.0,23.25845118369162
5972,0.41460040413214483,0.8804401042290159,0.0,44.154072570530126
1410,0.41522881171072906,0.8789255571711159,0.0,66.80273455874952
14832,0.4016939128438469,0.9120648912197742,0.0,32.15028915512276
14316,0.5481411250212801,0.6012224977775181,0.8,14.10846779270355
19710,0.5177948283445439,0.6581761994616925,0.0,28.802120801785954
7844,0.46896527189047593,0.757226560419325,0.0,57.48106808588736
13444,0.5424173415583815,0.6117195709673706,0.0,10.400761748684973
1574,0.4919692212379079,0.7093391229062277,0.0,23.19538986021645
12983,0.4481887549378108,0.8025408073146799,0.0,13.140403335202716
18482,0.48008023989559595,0.7338020226017962,0.8,31.953775829646418
15077,0.3971484388515216,0.9234451667894287,0.0,11.368071419289516
9326,0.4246577091935171,0.8564718246914992,0.0,23.905843766334574
12403,0.3267490258543601,1.118562907800199,0.0,7.296050491843952
19099,0.46552190155777645,0.7645961338384555,0.2,28.29655536581906
10878,0.4688149432995448,0.7575471655883907,0.0,8.341390429413016
10105,0.4774031989501229,0.7393938643245686,0.0,60.630296874614615
1353,0.4555763476290027,0.7861919635306471,0.0,46.38925764786945
1891,0.48123713317151434,0.7313951300045466,0.0,22.39897585638924
9337,0.36684196618894166,1.0028241335060035,0.0,80.64962831443233
7026,0.45458096531274783,0.7883792397277213,0.0,46.202967990779854
5347,0.5475126253417093,0.6023697575725013,0.8,16.81515003626409
5963,0.4691360126012829,0.7568625470328924,0.0,15.413505597092763
2577,0.4438252235424373,0.8123244347169251,0.0,53.641840823809474
8045,0.5481521849155796,0.6012023208883597,0.0,16.878454034883944
10373,0.47140905198532623,0.7520290863196955,0.8,33.1550834906249
4234,0.4879360674438145,0.7175708910479083,0.2,61.632163394134324
8296,0.5363314185652359,0.6230029907725597,0.0,36.19958611708364
12646,0.5732098980548833,0.5565033151121674,0.8,6.792122653124711
17466,0.47369971220712703,0.7471816765950959,0.0,30.036703969177236
9719,0.4819606314565353,0.7298928457433913,0.8,49.632713510550616
14840,0.6007881647726089,0.5095128778397426,0.0,8.046482375956995
15465,0.48342051988244045,0.7268683625395485,0.0,5.643405575794685
19765,0.5116076177791188,0.6701973192805679,0.0,10.783474330338361
11617,0.49612437233671103,0.7009286330110538,0.0,11.168245908835111
19896,0.5320544601347523,0.6310094262054614,0.0,28.852590922554526
17331,0.49692074303041667,0.6993247363660717,0.0,18.916733585159808
13220,0.4586718876592034,0.7794201662438289,0.2,7.39591802141261
16532,0.5741476575507374,0.5548686726241573,0.0,4.033340410938184
20975,0.3675472421951111,1.000903418400335,0.0,6.464469702930609
3842,0.48626722824663104,0.7209969538357378,0.0,56.74606382144149
8449,0.5280829597088105,0.6385018869574078,0.0,51.485598583106366
4510,0.49367712078269466,0.7058735771393576,0.0,21.638553645544924
13738,0.48904341356277825,0.7153040131560219,0.0,12.537383417342511
5353,0.456327992657296,0.7845434458839814,0.0,54.54930782741433
16905,0.31585326195353597,1.152477534150671,0.0,7.279047950724198
5112,0.49637820378497477,0.7004171351874616,0.2,49.74712809544119
6895,0.45264366295660563,0.7926500790336329,0.2,65.82959148271928
8126,0.508633863110224,0.6760268471837488,0.0,43.96540590344161
12500,0.5622931967668945,0.5757318626956506,0.0,4.554902618539183
1203,0.44462606760024553,0.8105216475913051,0.8,52.724432557435456
20898,0.4304092725281903,0.8430187263884933,0.0,13.826771629605359
1030,0.4373313926368904,0.8270640357241443,0.0,42.755078229358645
16629,0.5077160133093582,0.6778330166371663,0.0,4.5468700620402585
738,0.43615138850427543,0.8297658745604006,0.0,55.2789985116227
11384,0.563711185011992,0.5732132419555865,0.0,9.807678919721683
11417,0.5008709092761082,0.6914068772144417,0.0,12.641545148123669
10666,0.5064372512426242,0.6803548499519854,0.0,4.562799675328622
5386,0.40587473241046007,0.9017107078498646,0.8,94.67962432423579
18113,0.5222785990893996,0.6495541187438986,0.2,21.142987308469593
12612,0.5377199592514403,0.6204173761763447,0.0,11.741709000757911
8790,0.5347906120368499,0.6258799880653998,0.0,41.84007982846892
18735,0.554291169356965,0.5900651538451692,0.0,11.391207412324603
9965,0.4487999100884161,0.8011781251114244,0.0,64.11427915641653
5159,0.4641312627239925,0.7675878729610803,0.0,51.67593328905157
9750,0.45946136351937655,0.7777004244661875,0.2,56.36772937599795
10444,0.47833524207032113,0.7374434490735716,0.0,25.663032168416464
14161,0.40663673637431424,0.8998350317110448,0.0,34.35570350163467
20484,0.44905876675301515,0.800601516167394,0.0,5.983695713510787
12992,0.4650868556783736,0.7655311044320848,0.0,12.960824386949568
7383,0.407079875249612,0.8987458591102269,0.0,10.524313830187479
2991,0.4031752183134072,0.9083840266302272,0.2,39.06051314509976
1176,0.5184653943929105,0.6568819953086218,0.2,18.809817338913717
10535,0.44024859055059806,0.8204157330860217,0.0,10.217457732326029
15003,0.3242276308885865,1.126309445401746,0.0,16.793555618831334
2440,0.4544818398707873,0.7885973224427729,0.0,48.94429474269713
3141,0.4757369012573259,0.7428903060123945,0.0,28.12582743905351
20953,0.4641613653517916,0.7675230170591822,0.0,16.886657759375105
16524,0.5311780171247229,0.6326580651010745,0.0,5.365351285302327
733,0.5494109786823889,0.5989085224802344,0.0,16.77542785175065
10149,0.6498633261742819,0.43099320562593013,0.0,6.261253860495043
11088,0.6087555845771133,0.49633843078410966,0.2,6.1841785348592815
2910,0.4606709594321534,0.7750712447723733,0.0,36.52910859398736
17197,0.5848036387069313,0.5364791484268503,0.2,7.044239372465524
9123,0.42701075936159516,0.8509460685028274,0.0,23.503132749241274
16496,0.5504951935105048,0.5969370539919335,0.0,9.933181224050095
9476,0.46091798618175284,0.7745351559733676,0.2,63.10912710877308
16931,0.527485694653934,0.6396335331391075,0.0,4.829777266548799
16292,0.4138486198194694,0.8822550246340162,0.0,11.163173560381017
10643,0.5314348311992055,0.6321747017013416,0.0,3.8838599147505493
10195,0.5173535840868051,0.6590287231755183,0.0,15.75408333702741
10079,0.51121758678432,0.6709599735678565,0.2,64.14377244928342
11138,0.43321514210463463,0.8365208103926938,0.0,23.219726139189305
2096,0.49569007559572653,0.7018043951450843,0.0,67.20478903972355
20634,0.4368217216111635,0.8282301268245993,0.0,5.4526528653902915
2688,0.43680551822272407,0.828267221337459,0.0,35.61962957871355
16291,0.4012397977375695,0.9131960310603664,0.0,11.889812306988139
9842,0.407079875249612,0.8987458591102269,0.0,10.524313830187479
1280,0.47792896979380145,0.7382931562903079,0.0,40.118847409105044
11256,0.41977597019214763,0.8680341143198178,0.0,13.641156238987431
5784,0.4004514401787537,0.9151627678179796,0.8,68.77448339794873
21231,0.5572186085088554,0.5847976411717248,0.0,20.982539989872755
20468,0.45742139706568224,0.7821502187200349,0.8,23.20639555726361
14527,0.5297438289222604,0.6353617309393133,0.0,5.461887372085922
711,0.46459124750231856,0.7665972976043425,0.0,36.76983657222914
5195,0.4340746916362574,0.8345386591449601,0.0,46.344015924179104
10280,0.47638889839369275,0.7415207448923864,0.0,17.30338590318132
19506,0.4711408825907011,0.7525981159106461,0.0,8.24922864039168
41,0.42888186921093086,0.8465737611181954,0.0,65.65179452883153
8934,0.47546803055911546,0.7434556325711157,0.0,32.38864361197971
8003,0.4582112018052174,0.7804250618473075,0.8,55.56236204005223
13833,0.4879002318756268,0.7176443369080977,0.0,17.582286938647364
6013,0.43634939242363946,0.8293119977797917,0.2,64.13484258904238
12253,0.3691252623860653,0.9966192280857522,0.0,10.75950119021558
11030,0.43178335403007445,0.8398313118296061,0.0,22.13795389242077
620,0.5079529650111176,0.6773664242510326,0.0,33.25869039714656
20376,0.43615863064689214,0.8297492700449007,0.0,53.684778404953526
5300,0.46975967380659817,0.7555340473793752,0.0,41.977469827832536
5015,0.46889691823972945,0.7573723252269627,0.2,46.99495220250381
10106,0.469375944071561,0.7563512451282138,0.0,53.7198483393318
1115,0.48295666829030354,0.7278283430387494,0.0,36.02750298041809
16111,0.576529653141435,0.5507285040972484,0.0,6.403320631217653
20308,0.35988170322808105,1.0219799036777155,0.0,32.26492861500728
17733,0.4242816812328932,0.8573577017975822,0.2,14.920595979725402
11806,0.5263208138733871,0.6418443398585254,0.0,10.347493840878217
12896,0.5494316274054857,0.5988709398037257,0.0,10.77548483816453
11130,0.427436279970566,0.8499500544152103,0.0,22.111450146843357
15620,0.6183994143038428,0.48062072882476337,0.0,5.245013835822653
12734,0.4465485436599977,0.8062071641720877,0.0,6.138461414128155
19034,0.43542411541783654,0.8314347449037315,0.0,63.272182818505236
3285,0.5319419694210022,0.6312208756258625,0.2,51.31162771254196
19349,0.46619215669051917,0.7631573764376642,0.0,12.946583638632763
17269,0.4720990821979565,0.7505663955157584,0.0,12.813670240083209
8780,0.48038803078402387,0.7331611041907252,0.0,36.30247162651773
6872,0.48799165959816587,0.7174569642624075,0.0,20.124667984404585
13235,0.5712835249194587,0.5598696515470101,0.0,6.067951411066247
1720,0.5447887819528714,0.6073571154879254,0.2,19.057348215586075
17683,0.489175544886409,0.7150338664300908,0.0,24.811675710651702
9118,0.4127791619317869,0.8848425459053406,0.0,33.004629662594354
15260,0.5877572158581881,0.531441314549804,0.0,6.208828797807496
4840,0.4533010823194086,0.7911987333933381,0.0,60.21022542214322
2564,0.4686148448250464,0.7579740743128036,0.8,41.51044682566841
14426,0.4966310178066175,0.6999079475150656,0.0,4.746110597397526
12271,0.45938732292125384,0.7778615839680196,0.0,13.526235036142989
18206,0.4941276394962051,0.7049614156214872,0.0,16.084046688675024
10560,0.4400980095086646,0.8207578279913506,0.0,7.46192002487312
7714,0.5062880270294499,0.6806495482624866,0.0,46.760621888455255
17945,0.4541788524977491,0.7892642102850931,0.2,12.527003945071446
9597,0.46984230339569494,0.7553581652690463,0.2,15.409306283342273
10516,0.43589131269775444,0.8303623495125408,0.0,23.25845118369162
5661,0.5229835001420987,0.648205363900349,0.0,50.91815046306613
11176,0.4167022051172083,0.8753834487097798,0.0,11.813299331451116
5502,0.4762375869501868,0.7418384170274914,0.2,58.74878106373154
9945,0.47987475580909517,0.7342301345248731,0.2,49.29804815175183
821,0.497426377478611,0.6983077183019614,0.2,60.58866875225648
13420,0.4085826854082535,0.8950609729045707,0.0,10.92421910601255
1414,0.43589131269775444,0.8303623495125408,0.0,23.25845118369162
11117,0.5325923074911554,0.6299990490202507,0.0,2.5714670227363823
876,0.5209968735071762,0.6520112381926949,0.0,21.503331580740763
17816,0.5905604482917749,0.5266832806046671,0.0,20.15774957630023
18535,0.39048242797001054,0.9403723095112605,0.2,12.157227357187468
13776,0.4806826792927497,0.7325479369911255,0.0,12.905553821389015
15056,0.4008322800366713,0.9142121934409232,0.0,8.464233683646299
20667,0.4560639819589454,0.785122167996986,0.0,21.951622752951163
20323,0.5215996117944506,0.6508550126290763,0.0,7.33350942584553
19060,0.43498341585738026,0.8324473730860014,0.0,33.54762850025891
3373,0.38326225256170543,0.9590357915867656,0.8,43.156610621404454
8896,0.5075084699940113,0.6782418785620931,0.0,50.66467013968956
3761,0.42306497018965866,0.8602295179012033,0.0,80.94759632189715
5955,0.4752209711001065,0.7439753808045326,0.0,52.91152545012608
8340,0.45540713174193026,0.7865634650844084,0.0,44.586348097988726
18914,0.48472148564694356,0.7241808093910652,0.0,20.74633234679098
11240,0.42025176263833325,0.8669013124408558,0.0,59.000003224085404
17262,0.4001440431613927,0.9159306887939627,0.0,14.428198664386658
7585,0.4705923083410096,0.7537631471891909,0.0,39.98186093966186
13651,0.5460489986366363,0.6050465661709826,0.0,2.607862534818577
645,0.5168906108097637,0.6599240113680945,0.0,50.21328834494259
9105,0.5443114326415084,0.608233709460699,0.0,16.1470847731443
4743,0.5358586712613879,0.6238848256989762,0.0,39.70402754676202
11040,0.6007881647726089,0.5095128778397426,0.0,8.046482375956995
3139,0.4784705078858104,0.7371607045010257,0.0,27.024311314525804
580,0.4723696701829138,0.7499934003972252,0.0,42.29962892680261
6963,0.4573889038446474,0.7822212568817524,0.0,45.48616429731152
15855,0.6071725415952143,0.4989422752749882,0.0,7.682213416823853
5742,0.511430176711912,0.670544209825456,0.0,48.56751732229163
13627,0.5861947898438066,0.534103138762915,0.8,7.4750407800977605
15610,0.5483989035114536,0.6007523307280451,0.0,10.147968646643104
1206,0.4677239731022619,0.7598769581291013,0.8,53.918969604289785
20121,0.643760754880134,0.4404281205338282,0.2,1.7282398508891448
6301,0.5179480044535707,0.657880419263572,0.0,16.578586439961278
18949,0.5164339807140776,0.6608078190876729,0.8,24.020363215524203
1207,0.5005987317969652,0.6919504333537024,0.8,46.39181817678132
6097,0.42549844890416577,0.8544939763239641,0.0,11.203057680772194
12193,0.44220486731983066,0.8159820035641203,0.0,13.565700809253501
14469,0.4864680578195652,0.7205840366142401,0.0,4.452668737822325
3032,0.43630059895381074,0.8294238260508321,0.0,64.14349082828092
3174,0.46687692128475644,0.7616896079019025,0.0,80.01549563458707
3786,0.4438749125222613,0.812212484796322,0.0,68.75378807734657
3060,0.3927477941616534,0.9345876182551679,0.0,34.579741875441215
10011,0.5741645348145537,0.5548392777193053,0.0,48.899372474273164
7347,0.48191477089891493,0.7299880044278911,0.0,47.916414949780695
13640,0.4462092906099081,0.8069671755736049,0.0,4.464949568688052
2941,0.5370436495772142,0.6216759036477577,0.0,42.5599317945642
9306,0.45771023699558605,0.7815189654035838,0.0,74.00984661997104
18648,0.4587012004982885,0.7793562602071826,0.0,31.30440276103751
4377,0.4767679649754096,0.7407253530397556,0.0,61.37465523446888
20156,0.4783121619542822,0.7374917011588149,0.0,20.214647416230815
14738,0.5139901662404047,0.6655511455379941,0.0,25.41074420918877
7410,0.43590817076656063,0.8303236753239733,0.0,12.060452651054092
6912,0.47403635197585514,0.7464712682955525,0.0,43.60138951480266
5259,0.5069106395374181,0.6794205443032794,0.0,17.627565166659963
11355,0.39106447712620396,0.9388828294557273,0.0,5.3075517520437465
10699,0.43158937960856386,0.8402806529246319,0.0,79.5451687784102
3297,0.47654322521101816,0.7411968460230927,0.0,43.109492858435864
1165,0.43589131269775444,0.8303623495125408,0.0,23.25845118369162
20080,0.5843669450524783,0.5372261629016007,0.0,16.4686689049713
7900,0.5379016252626245,0.6200795882116422,0.0,44.14656372807869
4960,0.49531882497662755,0.7025536328890674,0.0,60.86573548616082
14965,0.4056406946374554,0.9022874997916878,0.0,27.80218620423744
19886,0.5378200350816715,0.620231282063532,0.2,20.77464613023952
14513,0.4718158286765291,0.7511665630237965,0.8,8.698884477657685
16016,0.5265587236720404,0.6413924176884793,0.0,2.7515734474163978
977,0.49524191543422413,0.7027089177482797,0.0,47.11663239889779
11577,0.5491184794087542,0.5994410512684114,0.0,9.623126735889237
20914,0.5445055883910995,0.6078770733172543,0.0,20.309172926774785
11232,0.48112066061350495,0.7316371866685655,0.2,69.5786981267652
16435,0.4040125828424393,0.9063092558564004,0.0,2.203989960135098
17651,0.43403676218309956,0.8346260429780269,0.0,60.852587850019795
15796,0.46704337355098263,0.7613331486432074,0.2,13.543278444582086
15938,0.4897685277591225,0.7138223918181934,0.8,11.554285856525457
15799,0.45289749740823254,0.792089454140176,0.0,14.09641918952683
7237,0.43594975157867355,0.8302282909475084,0.0,12.352141478682142
11184,0.41783644161711897,0.8726652110278276,0.2,70.33463754161079
1406,0.4300328627695943,0.8438936481692059,0.0,41.51956491456589
9235,0.43525194192006267,0.8318302387238888,0.0,49.66026905963281
10185,0.4519679272045246,0.7941440591796229,0.0,44.72222160210956
9675,0.4606232469704585,0.7751748218086904,0.0,57.78153192731354
6729,0.4551670237467271,0.7870908422328173,0.0,53.54185574389271
8565,0.4998907524402056,0.6933656995530704,0.2,46.483237132833096
1989,0.46692959111435983,0.7615768011716861,0.8,50.4658862648122
13660,0.5304143711300838,0.6340967455867376,0.0,4.076132451986244
17318,0.356905502661995,1.0302842306670938,0.0,78.30160153069913
19377,0.486685154316658,0.7201378653475027,0.0,5.307055942362708
18571,0.44727182614394584,0.8045887570150037,0.0,23.245777221203163
6130,0.38956853968170896,0.9427154607778601,0.0,82.20478889906421
15481,0.5484355727157046,0.6006854670306332,0.0,10.045864023300862
17338,0.4652078642993089,0.765270953279941,0.0,58.64883569113559
19197,0.5376250839152247,0.6205938317931995,0.0,21.41234795565364
6028,0.511666341661879,0.6700825428176611,0.0,52.919772908884056
12645,0.5576772957216606,0.5839748069735824,0.8,6.028313707330575
9563,0.5250096574203414,0.6443386214733362,0.0,22.592121686430467
7759,0.4975889839894073,0.697980876087176,0.8,16.42698047785469
18241,0.47198769594212675,0.7508023616555788,0.0,8.503775484988406
17847,0.5186654044396719,0.6564962965144754,0.0,21.120799432469337
2621,0.42659473331495495,0.8519208187431894,0.0,19.16821842172176
3796,0.4778349752820699,0.738489846095398,0.0,58.025735911211875
19299,0.5111419346565722,0.6711079687227886,0.2,19.908417866560786
20378,0.43630059895381074,0.8294238260508321,0.0,64.14349082828092
223,0.4597164874039484,0.7771453112400214,0.0,52.2591356242545
5702,0.44998623345504923,0.7985382890078391,0.0,66.33457237800482
7428,0.5317312148726803,0.6316171525165315,0.0,54.83384463775675
16234,0.504273189887262,0.6846371143361352,0.0,10.872037127547909
10353,0.4112144185731035,0.8886405008326251,0.0,68.5039641162488
228,0.4635999160179084,0.7687333486686094,0.0,58.35455424510475
17712,0.45589292886798277,0.7854973021528606,0.0,16.809642715536377
2438,0.4499533057096587,0.7986114666913884,0.0,60.23926012978732
10454,0.3771973283046528,0.9749868112154354,0.0,16.041945762402015
12719,0.6558923927399384,0.4217585389507461,0.0,4.06442372556863
9803,0.528574100951323,0.6375722735640611,0.0,47.386282842843364
6470,0.508633863110224,0.6760268471837488,0.0,43.96540590344161
9059,0.41008669566511025,0.8913866887950523,0.2,55.26597470529324
1193,0.44819686446051527,0.8025227134886987,0.0,56.90688855240958
8856,0.4516339118058408,0.7948833569532152,0.0,13.482811415737734
233,0.459515295555542,0.7775830503507629,0.0,52.87564742385188
18452,0.5018479910472705,0.6894580118243513,0.0,8.23109442419362
15926,0.4208900792300567,0.8653835738562732,0.8,14.549693789560823
11914,0.47336320911769036,0.7478923011925128,0.2,5.310409542812374
11604,0.5323017539511433,0.6305447437663153,0.0,9.681384654850428
17855,0.6356625011571901,0.45308751504897526,0.0,6.799710527777197
6733,0.45567461542587356,0.7859762868373191,0.0,53.21845366217209
12384,0.4717644004543028,0.7512755695940689,0.0,12.152257196447092
561,0.43713351703471554,0.8275165995797403,0.2,66.59853871209577
8364,0.47255928300647776,0.7495920732382491,0.0,52.47144512667744
5034,0.4692175288648539,0.7566888038536452,0.2,62.15441788669223
1183,0.47303802871990436,0.7485794947370306,0.0,49.80673656810417
18045,0.4532327782267498,0.7913494262593429,0.0,37.58593106966015
16456,0.4331511676495423,0.8366684949332589,0.8,6.247403658049918
9642,0.44998029722935834,0.7985514811110753,0.0,48.63577698227576
19621,0.4218555072815317,0.8630924233851202,0.0,15.954263149954679
3931,0.5154570840516336,0.6627012301029416,0.0,46.6972397523194
17013,0.43589131269775444,0.8303623495125408,0.0,23.25845118369162
3491,0.4690197728990892,0.7571103517250023,0.0,36.303439054696426
19395,0.48581571959469894,0.7219259047764037,0.0,50.917433182622545
10900,0.6048841022861186,0.5027184057717209,0.0,6.300619516525858
15908,0.5730428429983204,0.5567947954319303,0.0,6.79568017026619
2545,0.48182892743274003,0.7301661502700908,0.0,37.347996915097454
4697,0.570063157573347,0.5620081215314557,0.0,49.24568294338403
15838,0.6296977462774763,0.46251534253548954,0.0,4.946832688178466
6193,0.48247868561933077,0.7288185340610513,0.0,54.009097132967554
21159,0.44533867527668713,0.8089202182438172,0.0,12.305699282901932
2707,0.510147725626478,0.6730549371154378,0.0,20.63418127246639
19799,0.5066942293215069,0.6798475553128914,0.0,26.558244463022717
2343,0.4472893695075716,0.8045495347377278,0.0,55.04727769358115
6517,0.4588578853235574,0.7790147348946159,0.2,18.76451712960352
20743,0.4523523401267699,0.7932938892580003,0.2,28.082604890203623
13355,0.5472350510452811,0.6028768594524386,0.0,9.228235321807508
18518,0.6090742776985022,0.49581505204536164,0.0,8.519094303681545
10754,0.4541788524977491,0.7892642102850931,0.2,12.527003945071446
19236,0.3641885730463604,1.0100834876713491,0.0,29.569688951946354
12828,0.5640350642539417,0.5726388587535766,0.0,6.015857165833568
1287,0.43417980798012723,0.8342965265803034,0.0,63.781970093581926
9478,0.45325945564081777,0.7912905676986648,0.2,49.02440857066708
4945,0.5029895816095493,0.687185821602771,0.0,22.38610887550017
9090,0.5489136274246619,0.5998141769451456,0.0,16.812492049287556
10907,0.5044182579069584,0.6843494782686067,0.0,5.99490158626816
6043,0.5016203960943666,0.6899116284199969,0.2,52.529870966809916
3437,0.4532354694975427,0.7913434883331119,0.0,56.802634626555296
5993,0.45541877506875794,0.7865378985590357,0.0,44.5848988595604
5886,0.489858355722445,0.7136389996204313,0.0,67.84565947612906
17328,0.498078533342151,0.6969975169162249,0.8,18.585438097274164
17639,0.5243724984451016,0.6455529723177398,0.0,50.87925662669056
14526,0.5062369859460999,0.6807503676649489,0.0,8.51686811863083
4977,0.4878394882079306,0.7177688448409499,0.0,49.92800457091283
9174,0.46091808115952493,0.7745349499111936,0.0,60.44470820017747
9732,0.5407828250846083,0.6147375131071567,0.0,9.060001416582452
8495,0.4363253841270093,0.829367020102612,0.2,64.13909774032732
7070,0.46309177381497146,0.7698300289549244,0.0,17.70609066596326
11568,0.4967467891223835,0.6996748613408373,0.0,11.552331411398551
16469,0.4692382379838719,0.7566446693941365,0.2,9.295380008848447
19455,0.4478367696734467,0.8033264663674672,0.0,17.626588871496768
10289,0.5743655537113717,0.5544892322117843,0.2,7.269353643927722
434,0.45039969195770424,0.7976198860873871,0.0,58.22625168437926
4269,0.4632648265366658,0.7694564088530291,0.0,58.6518165259681
17465,0.4796229212952158,0.7347550644453335,0.0,33.44972262715292
10645,0.5280381536593802,0.6385867371680324,0.0,5.2373693904092615
18435,0.533670469150143,0.62797672947565,0.0,7.553932256132636
4165,0.4853272347600595,0.7229319047142007,0.0,44.142223094644976
5023,0.4453284741492973,0.8089431249545831,0.0,76.27120241290794
3372,0.5162692659964526,0.6611268162817777,0.0,40.391543647774775
14022,0.5598973623248318,0.5800017936138607,0.2,11.31293505081429
7360,0.48127897820176085,0.7313081807477426,0.0,33.84311723586174
14789,0.5417363584644669,0.6129758193820717,0.8,15.977216228716696
15342,0.48333997927836375,0.7270349820990628,0.0,5.678143168592404
12757,0.4339609323352645,0.8348007665942458,0.0,5.352324996395928
13667,0.46173567853903086,0.7727626760003907,0.0,5.293038087813892
16859,0.5440232258633154,0.6087633384359002,0.0,8.727231779478796
1963,0.49368513930875324,0.7058573348210457,0.0,53.09811693486035
19465,0.48763468011047045,0.7181887598056336,0.8,22.493671737938627
20560,0.4732295336855018,0.7481747361342415,0.2,9.933141874297046
2889,0.4602923312589634,0.7758934886084723,0.0,50.76864690483144
14470,0.49719228411434013,0.6987784381419017,0.0,4.316179845743145
12571,0.5177674224329409,0.658229128991692,0.0,6.0466571604337895
13274,0.49995453852060007,0.693238107652488,0.0,5.258903930289643
7832,0.47058562016832517,0.7537773595341302,0.0,51.3887680357204
12549,0.5485035420482554,0.6005615415880579,0.2,5.095914818469108
11828,0.5772558722298398,0.5494696580321203,0.0,3.8468370360577273
10556,0.5014064656424327,0.6903381981627201,0.0,8.171188856781821
9173,0.5184156243679688,0.6569779947995553,0.0,48.68206966526427
14638,0.4174662342488473,0.8735516140125361,0.0,8.372992045362572
1070,0.48377066696215193,0.72614431314834,0.0,33.87463331637835
1670,0.45358588608529166,0.7905706423849361,0.0,43.834377246110876
1736,0.524633833350187,0.6450547200144489,0.2,19.263592015018894
17923,0.5442334428533725,0.6083770012808619,0.0,5.281016723233095
7972,0.432048550044864,0.8392173126895651,0.0,65.66456093637422
3587,0.49432911120829215,0.7045537665974232,0.0,23.327774298236513
2653,0.49071641519789294,0.7118888838313916,0.0,37.97215317219206
17894,0.5307422859639861,0.6334787127220372,0.0,26.51868556265414
10841,0.4188226916754962,0.8703076188473328,0.0,7.055149049161853
13511,0.4104894481014637,0.8904050554103773,0.0,27.657762075714192
1211,0.4982809253569233,0.696591253863691,0.0,43.564817654383575
14111,0.34758497903472885,1.0567460998884655,0.0,17.195371860149145
14206,0.48460666559383664,0.7244177158576668,0.0,7.451722299445356
18872,0.4583861904713079,0.7800432395342812,0.0,31.12762600922868
12901,0.5659102986483053,0.5693196962922286,0.0,12.302998984360226
20082,0.5848515673172394,0.5363971950270995,0.0,16.378889802949452
17710,0.45777829730441416,0.781370279087145,0.0,16.287662931047144
11244,0.42557980695536696,0.85430278814382,0.2,10.019263850528672
15731,0.5171334833239241,0.6594542495511222,0.2,1.8517474530258953
10630,0.5067972729686705,0.6796442114322849,0.0,17.616379308496022
15777,0.5569936943238517,0.5852013599019646,0.0,8.155483135386898
16539,0.6353596876012674,0.4535640032870725,0.0,4.192518969926826
416,0.5156627901361469,0.6623022346177574,0.8,19.018008768108203
14622,0.5129022648938321,0.6676699687381498,0.0,8.32083704907316
13467,0.4415714882361794,0.8174153507862051,0.0,13.159569713597962
13082,0.575317997933852,0.5528323511700243,0.2,4.726440311806962
8675,0.4766042646487479,0.7410687662904961,0.0,49.72571450078759
20068,0.4564764907906568,0.7842180790888712,0.0,5.2036788409233905
7190,0.47437921760390045,0.7457482400071539,0.0,54.53656958826821
5973,0.41460040413214483,0.8804401042290159,0.0,44.154072570530126
9575,0.4676944560558757,0.7599400679534877,0.0,33.51335873611359
14805,0.27582148587223754,1.2880014128420607,0.0,9.289065898301814
19117,0.482876064680066,0.7279952531209472,0.8,22.211136033615364
4141,0.46621947116684953,0.7630987875579847,0.0,50.05927929940745
2805,0.4752396901630776,0.7439359913511098,0.0,45.84506114279333
15813,0.5666799813962713,0.5679605413003245,0.0,7.473508622372103
14968,0.37813023487234837,0.9725166060023543,0.0,16.00130224025954
13273,0.5458618316505238,0.6053893908463205,0.0,5.098165781748909
13897,0.45141098585961026,0.7953770775895539,0.0,13.865808284138172
7261,0.4359165648222808,0.8303044190322492,0.0,12.060172953387422
20436,0.5316653140547865,0.6317410965321184,0.0,10.092064258090694
9662,0.46500956109753205,0.7656973121060966,0.0,39.16541868258822
3407,0.508633863110224,0.6760268471837488,0.0,43.96540590344161
202,0.47806462249214116,0.7380093621302952,0.8,59.04074897042362
7495,0.49499142595090845,0.7032148378747585,0.0,27.696115209374604
9294,0.4360144818337503,0.8300798209696921,0.0,23.864794852878646
17800,0.5030011693836778,0.6871627840666553,0.0,15.330257952885425
17289,0.45494610649671513,0.787576314306584,0.2,12.483871650335942
12578,0.3935456768241592,0.9325581395279332,0.0,15.491143533679923
10853,0.4389822562848735,0.8232962852092965,0.0,5.688606807581944
3728,0.4615485850873131,0.7731679541181912,0.0,51.02908497180062
963,0.4708210898236812,0.7532771088820638,0.0,50.59762202431665
9943,0.47108748291494085,0.7527114635401004,0.0,53.97317687139875
6881,0.43589131269775444,0.8303623495125408,0.0,23.25845118369162
15665,0.49049009869167715,0.7123501863340258,0.0,5.309501627426007
20236,0.49071820883608736,0.7118852286960408,0.0,5.493262059009375
278,0.4759671928687718,0.7424063496705818,0.0,48.6287317332791
19648,0.4422621522958383,0.8158524679798254,0.0,34.123030095702234
20322,0.5413913496557335,0.6136128796618802,0.0,10.210517943054105
20129,0.45783940709946586,0.7812367958771798,0.0,17.745793937557416
17133,0.6190851557735367,0.47951244585062996,0.0,6.758008721446867
19029,0.4359970187479165,0.8301198733906165,0.0,65.31383189170619
16103,0.532778686553392,0.6296491632711927,0.0,12.022835688674325
331,0.4748613915852058,0.7447323247205385,0.0,52.91211461836203
10131,0.47049562503262343,0.7539686185490877,0.2,28.94259270447889
4825,0.4817123956633338,0.7304080325167182,0.0,35.27870741330038
13411,0.40250900228389147,0.9100378164509207,0.0,12.021599590031851
9929,0.5525343749655638,0.5932396303933926,0.0,45.09036343769155
13918,0.4674384719607463,0.7604875496940062,0.0,12.203164348077923
12680,0.4184179909869625,0.8712743676650474,0.0,11.851509552927329
15084,0.49692231445967683,0.6993215740372748,0.0,12.047563056975177
13847,0.48942865098344357,0.7145165866069579,0.0,17.505657053286587
2780,0.4938374757869983,0.7055488123079918,0.0,49.39159277860702
16628,0.43989085220544466,0.8212286460120314,0.0,5.942410728463045
13205,0.5197657089108705,0.6543771287260111,0.0,11.15320450342257
8337,0.43592074577423545,0.8302948279034826,0.0,13.143568646027362
8581,0.5249820791774567,0.6443911518732048,0.0,52.382232848984756
2434,0.42792694892069594,0.8488027780596766,0.0,23.443935061314725
3205,0.5234916389286947,0.6472342202820047,0.0,49.63962832700814
9005,0.42493258149435753,0.8558247544190538,0.0,62.48162223235974
12195,0.5209537029851881,0.6520941030098691,0.0,14.709287407955763
17315,0.38564760809941656,0.9528312588788074,0.0,72.97258835841598
17581,0.5403548427875352,0.6155292389569672,0.2,21.684478441539532
7954,0.5360075090934127,0.6236071085068317,0.0,18.988838119243656
14506,0.4110214691198793,0.889109829548761,0.0,15.866164297794368
8667,0.48127549717930185,0.7313154136317986,0.0,53.568854048529246
4246,0.4684577987356942,0.7583092587660084,0.0,44.8919058047715
8446,0.49835301884201494,0.6964465799126642,0.0,54.11041681377582
13103,0.4553790408697499,0.7866251499738677,0.0,6.211979430496152
472,0.4899130731017021,0.7135273054482922,0.8,29.93247100793399
10359,0.49330371166892323,0.7066302466091388,0.8,15.742308547699817
20067,0.3938905392141163,0.9316822275366331,0.8,5.119593733691229
15037,0.4379864382297696,0.8255673320307843,0.2,32.405582141438884
4424,0.43592492061676874,0.8302852508815526,0.0,13.151721667942141
18268,0.462541966230559,0.7710179883502787,0.0,15.958530287579666
782,0.472616821413801,0.7494703215199708,0.0,32.6581698320332
18390,0.541395807572938,0.6136046455095359,0.2,11.757891742088386
7582,0.47271732093759034,0.7492576992953721,0.0,42.93620697039401
9083,0.47591725427852444,0.7425112754111858,0.0,59.44545656155932
843,0.47119858100411305,0.7524756581006675,0.0,44.62594516445287
16950,0.5206734174735518,0.6526322716364266,0.0,16.912965916960683
12258,0.5142078020156516,0.6651278111506167,0.2,9.857526656651663
15553,0.6125780844026366,0.4900788599497452,0.0,5.544262241695099
3589,0.5004145070830777,0.6923185098362344,0.0,22.656124818982086
20247,0.5111451796002353,0.6711016203229744,0.0,7.551571341091202
13935,0.5399885794124569,0.6162072888836561,0.0,9.826350011714652
10486,0.4817407597227023,0.730349152519869,0.0,37.61845317841045
16050,0.6060647130211357,0.5007685114505755,0.2,4.1741559281514125
15455,0.5134187568124312,0.66666347671221,0.0,11.747277316422922
17362,0.49913336092875465,0.6948819625669905,0.0,4.731451293721696
10854,0.3949767919323941,0.9289282704086683,0.0,6.144907027101539
10669,0.5343855584800624,0.626637680927129,0.0,19.181536369013344
18246,0.37946066771614595,0.9690043298993923,0.0,6.296590507180298
10678,0.4692403255682366,0.7566402205245603,0.0,46.192890658460485
6549,0.4847686900581434,0.7240834295260185,0.0,45.98654015600651
11652,0.3819792777569406,0.9623889185565473,0.0,13.975330328381554
8922,0.5312176651785101,0.632583426142227,0.0,45.253437088960986
17806,0.46565329194639504,0.7643139304670445,0.0,16.96776983949364
13927,0.5335649491480199,0.6281744740419525,0.0,8.41282659568094
13184,0.518641825929539,0.6565417575108835,0.0,5.234279218106949
9833,0.5526183292503052,0.593087697932688,0.0,17.706635212736423
9276,0.47509590787634204,0.7442385840102279,0.0,39.106015034075874
579,0.42660673334873284,0.8518926893171451,0.0,19.167585509635757
11132,0.43287592040841627,0.8373041499934517,0.0,22.071337904877286
15118,0.5289606412753058,0.6368412520178891,0.0,11.452316108711159
19619,0.4576211225106853,0.7817136806490668,0.0,65.82420191041517
12360,0.5322347668707637,0.6306705958703209,0.0,4.195851246975501
2395,0.42565747546703114,0.8541203043323528,0.0,65.8099687971657
6429,0.45176136512572523,0.7946011918279713,0.0,66.1505522508416
15411,0.5279535389531087,0.6387469935546016,0.0,18.493641748245658
14296,0.5930573209013952,0.5224642220903458,0.8,6.2460597352292275
11141,0.6013490166566907,0.5085797864531048,0.0,8.553041101896907
18590,0.48298093052228097,0.7277781074293015,0.0,16.962324466457364
2547,0.48907002684796835,0.7152495955719316,0.0,17.31172215326268
5056,0.47888051311583263,0.7363041633868576,0.0,53.05071441026759
6673,0.47013534253655137,0.7547346628876483,0.8,51.26912588028469
13125,0.5313915323559586,0.6322561803788672,0.0,8.482665101937855
8111,0.516980994091492,0.6597491670614513,0.0,15.316078272372994
8610,0.5110074680285525,0.6713710743479393,0.0,21.916909029417766
388,0.4592930694722542,0.778066777090918,0.0,54.596947291876106
19404,0.4775609545348327,0.7390634737322743,0.2,10.725658873987388
603,0.48377066696215193,0.72614431314834,0.0,33.87463331637835
20309,0.5053565969459007,0.6824909663349351,0.0,27.463437630856212
14173,0.39634520135556334,0.9254697268605357,0.0,35.33443621915961
3646,0.46836286767992014,0.7585119252090154,0.0,54.55217916564895
11862,0.49080496590663497,0.7117084482123883,0.0,12.041750999936081
6758,0.4800062474452301,0.7339561596540054,0.0,18.86267316311691
9835,0.5515051000870579,0.5951041926666831,0.2,17.454408195653308
12535,0.614256403986928,0.48734284193405125,0.0,5.190201080691105
3302,0.47202818656770434,0.7507165778751306,0.0,44.45743379441082
2918,0.45569050555440627,0.7859414157891114,0.0,35.59528144438257
20330,0.3723549878035618,0.9879076114443758,0.0,34.59158441175387
503,0.4736216011421755,0.747346585932673,0.0,51.71638431672117
8234,0.5425397105431718,0.6114939970885296,0.2,18.29895972900583
1320,0.4263036111280645,0.8526034843858026,0.0,50.26097930745208
16021,0.5004059584901456,0.6923355930059465,0.0,2.9978129823619004
19352,0.5174940979918489,0.6587571587543175,0.2,25.16057108229179
11679,0.46267407648391967,0.7707324112565852,0.8,5.648967961841151
5156,0.4825669574583249,0.7286355958966785,0.2,49.55086169769618
16865,0.5563213982962937,0.5864090972509572,0.0,8.030871848650708
6663,0.4630307589445702,0.7699617930969926,0.0,59.32555557068905
9566,0.5323772989469739,0.6304028324630888,0.8,22.836342846454993
14293,0.45494224257603594,0.7875848074820009,0.0,25.868223963153554
21078,0.42257803194998056,0.8613811582323215,0.0,83.2490466255675
3361,0.47209360407808987,0.7505779993333823,0.0,51.7223326827621
243,0.43589131269775444,0.8303623495125408,0.0,23.25845118369162
12652,0.5753018198084381,0.5528604718840351,0.0,6.393831257161587
16242,0.4957264328451235,0.7017310510982508,0.0,11.193311142139805
3220,0.43606366030508764,0.8299670364174527,0.0,54.03915424771202
13578,0.5037953033663383,0.6855852375240359,0.0,9.84260521833556
5528,0.4533792464156802,0.7910263151903882,0.0,57.62626887213534
12440,0.4429113127898058,0.8143857258418092,0.2,13.619787248667983
8145,0.5393736496207419,0.6173467207475938,0.0,16.330363753777192
10770,0.5131247402744127,0.6672363049399327,0.0,4.61190405225246
9504,0.4756298873949676,0.7431152746871182,0.0,45.64957155081046
3004,0.48361365484609414,0.7264689248127983,0.0,56.67910307518659
15949,0.42334786703561406,0.8595610572067344,0.0,14.82570882943178
3033,0.4363314579610786,0.8293530997761412,0.0,64.13802121189245
9367,0.4184803830161799,0.8711252646645611,0.0,58.08880620745326
14882,0.6003385826117567,0.5102614785728907,0.8,5.760852316934638
17126,0.5509093226034154,0.5961850521499802,0.0,8.87850759810063
2341,0.4497156336351029,0.799139821222018,0.8,57.506100803502065
59,0.49057505500255333,0.712176994348216,0.0,26.432450340599473
15410,0.5229688578031266,0.6482333619996158,0.0,18.746909187586922
18478,0.5205507176886919,0.6528679553500176,0.0,3.9727016110377185
3352,0.478121029829246,0.7378913780609185,0.0,60.5366093316775
4352,0.4687767258546343,0.7576286881662655,0.0,48.56399775540798
18078,0.5013080106633921,0.6905345750609967,0.0,10.841530003399651
16875,0.5313529742364602,0.632328743669999,0.0,9.536149387695847
5786,0.3517798690340852,1.04474967107297,0.0,47.27492261605188
2844,0.5056827335398,0.681845815161529,0.0,50.524773863055145
19806,0.45408849682540525,0.7894631730083689,0.0,25.84702560938172
14892,0.3771973283046528,0.9749868112154354,0.0,16.041945762402015
20501,0.4933579637255495,0.7065202756676623,0.0,11.286661673307002
20762,0.48920166200795084,0.7149804777751549,0.2,66.67907542980588
16398,0.4469083036890897,0.8054018425729467,0.2,6.503136307852703
19982,0.454219706114548,0.7891742638261536,0.0,27.621097728684926
6136,0.4102565228591892,0.8909726494206293,0.0,54.35823984568458
260,0.47516659715942394,0.7440898055772419,0.0,53.632876188402115
12735,0.4383077599734899,0.8248339670061605,0.0,7.718177420660456
2549,0.43597430010841537,0.8301719820758795,0.0,14.992910303212895
8224,0.5370125572435546,0.6217338006804658,0.0,17.321503473502418
19167,0.5141672155576086,0.6652067443362165,0.2,7.751986848410908
8720,0.4453284741492973,0.8089431249545831,0.0,76.27120241290794
724,0.4360845096409834,0.8299192249638071,0.0,35.815163140228094
6747,0.4563629510992074,0.7844668406713021,0.2,56.66399963238814
8335,0.4648502143522916,0.7660400449589574,0.0,57.97620477179969
10065,0.5293319772030795,0.6361394878053654,0.0,19.98432259180865
15012,0.5879511405358165,0.5311114288628775,0.0,10.267446531774777
16296,0.45841800546351613,0.7799738354186324,0.0,10.069462840080996
17019,0.4333116346311626,0.8362980993824459,0.0,21.041263243077452
4733,0.5361102445092923,0.6234154590059277,0.2,42.11171615836341
8103,0.48421958295260353,0.7252167913625069,0.0,49.07541894358925
1357,0.4558658148527173,0.7855567784462555,0.0,40.15766167510742
13785,0.5744125951999378,0.554407333912035,0.8,6.341366581218038
10130,0.47049562503262343,0.7539686185490877,0.2,28.94259270447889
10876,0.5682357944299691,0.5652188153653578,0.2,19.640505932414417
15087,0.4963364408862731,0.7005012739658115,0.0,12.725655789582646
8674,0.47878140212973025,0.7365111487224513,0.0,50.9444762133233
1068,0.47174650775992083,0.7513134974955449,0.0,36.8331453611325
17979,0.5134675345602473,0.6665684754481702,0.0,38.39434316871183
1515,0.42735656303486014,0.8501365719711053,0.0,65.92809050775648
3882,0.5396734370624141,0.6167910685372587,0.0,37.2264223063505
5558,0.5366913827985823,0.622332055828042,0.0,48.28394297675594
15394,0.56031116212286,0.5792630029194162,0.2,4.195804412776049
2379,0.4884400413996081,0.7165385552584789,0.0,53.87474535687455
13757,0.49125727793408536,0.7107873007754109,0.0,18.770115835027347
8602,0.4102565228591892,0.8909726494206293,0.0,54.35823984568458
6815,0.5163272131306214,0.6610145805044904,0.0,48.63414826493199
3280,0.4027456583417781,0.9094500370159873,0.0,38.89263027790446
17548,0.4437958095849749,0.8123907106531082,0.0,12.878018124790675
297,0.4665881285242477,0.7623083622297302,0.0,32.93171892194384
7418,0.4365313570184597,0.8288950688978741,0.2,64.59164444948634
18031,0.3930285779657279,0.9338729522866174,0.0,24.889581878031173
20772,0.5480805697792165,0.6013329776967031,0.2,14.251591169978793
3810,0.47089707575012824,0.7531157316688173,0.0,58.20153839897684
7911,0.5369970452804914,0.6217626867593756,0.2,44.26639192225042
14810,0.43268429368276307,0.8377469308090768,0.2,5.619145777926653
16943,0.44428886334927203,0.8112803349648833,0.0,24.83734649556535
9428,0.4311614421519377,0.8412726832558189,0.2,88.50188692035226
9041,0.48834591666864813,0.7167312786089199,0.8,15.793172931254825
6861,0.5190419980846799,0.6557704779251028,0.0,41.25124361494336
17460,0.5202664088406325,0.6534142739066287,0.0,26.211714694498575
7840,0.4747311419977879,0.7450066520422652,0.2,52.318463301581986
378,0.45609390774251163,0.7850565526382528,0.0,56.70070831639658
7060,0.4626156026121226,0.7708588016685739,0.0,16.622028128656765
18286,0.44433857982728264,0.8111684399779701,0.0,61.75506801915811
10147,0.5902270988368468,0.5272479028596946,0.2,7.432086792697495
4880,0.4632196560828825,0.769553918211613,0.0,53.41473441002822
17817,0.5559689161211956,0.5870428925512101,0.0,20.45492246743629
1572,0.49383137129944116,0.7055611737134878,0.0,21.39614313116197
14511,0.3556654239233589,1.0337648104782373,0.0,11.968411708820563
16751,0.472792604604018,0.7490984547130508,0.0,5.695882177705956
5884,0.3922013733426515,0.9359798635874408,0.0,63.384553934215205
11676,0.49562860217335736,0.7019284186782357,0.0,5.274956661213606
2582,0.4439345738981968,0.8120780834930292,0.0,53.61096364579465
1166,0.4363390179424465,0.829335773691263,0.8,58.19034532032705
20362,0.4933724628721104,0.7064908874048276,0.0,5.439979529824177
16445,0.4329372315715382,0.8371625232161634,0.0,1.9902115731700099
16683,0.37739282766059007,0.9744686508372065,0.8,7.242543442089179
16640,0.3556654239233589,1.0337648104782373,0.0,11.968411708820563
3889,0.42928504598412554,0.8456341378451017,0.0,35.68576126223094
1588,0.46855029808619636,0.7581118232238474,0.0,43.970485746983144
8129,0.5191840168665885,0.6554968982213595,0.0,54.307917017430746
5083,0.5112562679300808,0.6708843116903408,0.8,47.03234692316542
8091,0.48421958295260353,0.7252167913625069,0.8,49.07541894358925
11154,0.620733431759159,0.4768535456320468,0.0,1.83660156106404
19063,0.43172600129961375,0.8399641482145069,0.0,21.190616069462685
2360,0.49468956770615374,0.7038248490926151,0.0,56.57696199784195
20683,0.45639954370672325,0.7843866607608792,0.0,21.931058338854594
1087,0.4337610190933975,0.8352615437938429,0.0,40.38071716804979
6443,0.42701075936159516,0.8509460685028274,0.0,23.503132749241274
12767,0.5037475550187065,0.6856800192939033,0.2,10.598898885157201
12790,0.5584103424715907,0.5826612060873192,0.0,10.069347626522513
7289,0.4538322179288924,0.7900277132796825,0.0,50.374144177597344
4653,0.5216647948313824,0.6507300528650842,0.0,50.706512941553626
9399,0.458651848742303,0.7794638561999663,0.0,42.285914198848175
45,0.4189850442755748,0.8699200535500835,0.2,67.46229948911264
4520,0.4124185687787653,0.8857165017163019,0.0,65.29501651961219
16978,0.4796814384660566,0.7346330652689137,0.0,20.136292206924814
10491,0.493050596841639,0.7071434796951735,0.0,53.000407040199214
12067,0.5809801886210042,0.5430386214706306,0.8,4.099126808374509
11486,0.4677327298645257,0.7598582362315804,0.0,7.602571781828567
4251,0.4693177376676746,0.7564752608856293,0.0,50.889981295354715
12678,0.5267569034439568,0.6410161206524284,0.2,5.44863725479087
15041,0.42375050331847863,0.8586104325159615,0.0,8.09240349022988
17195,0.5883448448914587,0.5304420320865204,0.0,6.9649685114571325
18395,0.4688484836980774,0.7574756252092287,0.0,13.297863000284412
11747,0.41497037521334973,0.8795481463275441,0.0,11.083582797815861
14522,0.5276757677985859,0.6392732600368924,0.0,4.809572349939855
13434,0.5614998437698282,0.5771437830408493,0.0,15.98976736429975
1172,0.5135928245643137,0.6663244975678544,0.0,15.29548006174669
17214,0.5391844664154501,0.6176975283757022,0.0,45.77570977395591
159,0.47493997847623987,0.7445668440343854,0.0,46.76252086680334
14318,0.5689222258935703,0.5640115397981862,0.0,17.517634423197997
17883,0.5352445065631772,0.6250316148752844,0.0,19.046276384991444
11077,0.4709306157229056,0.753044508507521,0.0,5.139528986011593
9127,0.4487653877678955,0.8012550494769721,0.0,20.11711099945461
11845,0.45141098585961026,0.7953770775895539,0.0,13.865808284138172
19769,0.47447430996847756,0.7455478036655433,0.2,10.869117280958985
11272,0.5000304784271629,0.6930862255634131,0.2,11.758207591950605
12561,0.38434676887886216,0.9562100899379249,0.0,12.72715601438075
17110,0.5477366116654989,0.6019607432233578,0.0,1.8070349712666693
20210,0.6054819185013709,0.5017305785300474,0.0,8.953382068601432
17192,0.566602057604219,0.5680980600988114,0.0,10.896972645056742
4656,0.5190380979875585,0.655777991983288,0.0,55.15092812515672
18375,0.5428588422789781,0.6109059518139663,0.0,16.801134233021063
13691,0.4405948228867777,0.8196295948264192,0.0,14.269751120862407
6969,0.4588171786865722,0.7791034517805996,0.8,17.95833396913406
3158,0.4221842770401098,0.8623133848106058,0.0,90.74985877536803
18432,0.523694500510814,0.6468467789723527,0.0,7.597215653445123
50,0.42869694322276225,0.8470050357447457,0.8,65.68523987579147
4627,0.45220746313292426,0.7936142152211093,0.0,54.02528527925863
1862,0.5168906108097637,0.6599240113680945,0.0,50.21328834494259
12852,0.4430416679192684,0.814091454851719,0.0,6.236346659790616
13728,0.5064460522673895,0.6803374717905821,0.0,12.388604756563316
15016,0.5791605983174822,0.5461754679914018,0.0,12.624027525317857
11114,0.5379160269973349,0.6200528146507494,0.0,2.5308694794204754
7391,0.4769338063900533,0.7403775683940841,0.0,16.706618814058643
5110,0.5151034368327326,0.6633875502668057,0.0,48.64952792208943
12650,0.5405580423622252,0.615153261244285,0.0,7.090563617527169
16228,0.5199001089321641,0.6541185840672646,0.0,10.639238370611759
12393,0.5458618316505238,0.6053893908463205,0.0,5.098165781748909
744,0.47102393957939087,0.7528463591249095,0.2,50.192268256235806
10983,0.4454509388035907,0.8086681642779348,0.0,2.8450967597163714
13657,0.5128914469752098,0.667691060539547,0.0,4.391237209147378
21083,0.5212878501111411,0.6514528943833103,0.0,10.136607309964823
16700,0.4213606053112628,0.8642662672424787,0.0,13.078077129537874
10269,0.44638502807896063,0.8065734077271293,0.0,12.220796784106597
12004,0.5356240881365077,0.6243226920604656,0.0,4.5840891997418245
14970,0.5452809667882161,0.6064540817703857,0.0,16.52496396846344
9711,0.4822195323190366,0.7293558073797105,0.2,12.271047538037816
16711,0.4916530184822146,0.7099820582808398,0.0,12.118009542843641
18687,0.5167920776022259,0.6601146563483015,0.0,20.47675694210082
19495,0.5062289252652538,0.680766290533575,0.0,22.829497449166748
8829,0.4681308101152873,0.7590075133264468,0.2,36.830837846935495
20647,0.5111292120160953,0.6711328596541603,0.0,11.167650375018237
7939,0.42019281048293594,0.8670416004678819,0.0,69.18125009513258
9221,0.48377066696215193,0.72614431314834,0.0,33.87463331637835
16287,0.3698045194491607,0.9947807387702048,0.0,14.351204172282078
694,0.4526396546545977,0.7926589343873769,0.0,40.46920213704783
504,0.4300328627695943,0.8438936481692059,0.0,41.51956491456589
17092,0.48210798026633167,0.7295871645726696,0.0,11.055434389655865
2763,0.4642921273180232,0.7672413401240884,0.0,52.99719322763664
673,0.4738405196431329,0.7468844703503175,0.0,43.713278103255576
2878,0.47549001182552647,0.7434094028418633,0.0,54.01612709705452
1789,0.47905092635781815,0.7359483691478108,0.2,53.2697826052478
8023,0.515482649559559,0.6626516335899794,0.0,13.9819497215301
11278,0.34173696426279354,1.0737139481793387,0.0,8.945647304611963
6026,0.5186326681891901,0.6565594148241618,0.0,50.614162884402255
8526,0.45740394523006095,0.7821883720916492,0.0,71.43335367803223
11653,0.6420462074618494,0.44309500364255644,0.2,5.570590608910295
20767,0.4017865175539548,0.9118343822813747,0.0,14.805910521415912
650,0.45502939807298537,0.7873932509689786,0.0,55.1175275678285
3078,0.48173840128880524,0.730354048181327,0.0,33.798962362234136
6396,0.4996672793796525,0.6938128433049335,0.0,17.900371489601582
15924,0.5415325144768393,0.6133521691418136,0.0,8.931020855322352
9909,0.4696408051685813,0.7557871207837681,0.0,55.1271173182505
7001,0.5298220640085584,0.6352140570910663,0.2,15.521454539991964
7573,0.4282619357357518,0.8480202712129931,0.0,18.66068373888467
9701,0.48685187681060493,0.7197953565568842,0.2,60.73848840917637
16800,0.4594407378221037,0.7777453165112621,0.2,2.0091727315834085
12551,0.5144547025567108,0.6646477692618475,0.2,6.94573560807477
10989,0.47473649228255554,0.74499538196928,0.0,5.667626670639424
19503,0.4872347234399945,0.7190092936975772,0.0,7.954363447982747
12278,0.36845335795064454,0.9984411480892728,0.0,7.894674698784482
4730,0.5359856911276699,0.6236478139250027,0.0,39.68894411851515
7206,0.5436718763616454,0.6094093825583232,0.0,17.6149797836527
8017,0.462211936198484,0.7717317567273998,0.0,55.96984683422388
13042,0.4774336755870669,0.7393300280028532,0.0,15.665664059243344
7872,0.5078223844345294,0.6776235294808037,0.0,21.091032355090015
17467,0.4587182042973513,0.7793191914489335,0.0,22.8262583445939
4265,0.4669642260035336,0.7615026280942874,0.0,54.812961726540564
13827,0.49138938526893483,0.7105184201276818,0.0,17.265597744623303
4711,0.377587446992639,0.9739530894566149,0.0,42.90263656283284
9068,0.44037662351898016,0.8201249556537187,0.0,64.74886587456677
20432,0.5173880984664706,0.6589620120721381,0.0,9.226786625947081
2150,0.5364329260687856,0.6228137460342156,0.0,51.14546653493882
8607,0.5114679094120774,0.670470433755886,0.0,21.887507616877908
571,0.4955832067870838,0.7020200144116501,0.0,19.238858307491704
17687,0.5255486970364338,0.6433124249539142,0.0,16.661791560902163
11146,0.583822548906624,0.5381581969390213,0.0,2.106620132584431
19124,0.4964868306126164,0.7001983202945775,0.0,9.444975199881016
785,0.43589131269775444,0.8303623495125408,0.0,23.25845118369162
428,0.43612946521914026,0.8298161411346267,0.0,46.55683421849855
6922,0.4719229699888953,0.7509395058910855,0.0,31.00066106862294
11020,0.31486619074722555,1.1556075216845272,0.0,13.312600005355804
15696,0.4941917368214082,0.7048317058802256,0.0,1.9836782601676544
4301,0.4359415073339662,0.8302472021239271,0.0,13.626019209577137
14716,0.5600744730276409,0.5796855165456436,0.0,14.588945288760623
19498,0.5083035277449336,0.6766765142721646,0.8,16.786313752635845
5474,0.3961026433605565,0.9260819009088322,0.0,34.31133725484992
16460,0.5014064656424327,0.6903381981627201,0.0,8.171188856781821
4573,0.4554039234913552,0.7865705099057391,0.0,62.71720308794701
21217,0.4156517781722027,0.877907440962458,0.0,5.662941957975189
14044,0.5833785529741529,0.5389189843528972,0.0,2.0915445366433856
3618,0.47849683284310573,0.737105687038712,0.8,48.47575505820729
20023,0.4606036338367135,0.7752174022721062,0.0,22.287500315323054
4596,0.4660150260463827,0.7635374006416147,0.0,53.45105498847366
2836,0.5059095216095788,0.6813974367315362,0.0,45.75583891625263
19981,0.4657604132850583,0.7640839116504137,0.0,12.454567723467383
2652,0.5116854880983109,0.670045123748525,0.0,16.528340339363723
15762,0.5501910672287982,0.5974896661218275,0.0,6.769557586670187
4892,0.46203134029081655,0.7721225540738557,0.0,51.365454087928775
20532,0.4478230279798252,0.8033571514415513,0.8,22.582771475279387
8574,0.44764974239842836,0.8037441773552184,0.0,56.28218724571545
21111,0.5228999597704586,0.6483651147234948,0.8,27.295197708767624
20611,0.4030283199765848,0.908748446609727,0.0,13.338155550443282
1565,0.4941578461211038,0.7049002862710156,0.0,54.66942524718954
13263,0.5051077896160302,0.682983427698656,0.0,7.1576663353087895
18454,0.5135970908006103,0.6663161909514578,0.2,5.5592425843027975
17561,0.4117241089840131,0.8874017923288563,0.0,10.316046047396028
13339,0.4842225715077934,0.7252106194808388,0.2,11.68568001953524
6725,0.47255866669300267,0.7495933774426085,0.2,49.48815226242583
19511,0.4534474732401696,0.7908758414049576,0.0,31.318682112855555
13053,0.5554137604907693,0.588041928595739,0.0,4.4880299151781795
15692,0.4975163812553077,0.698126795779229,0.0,1.7073249227603178
5610,0.4623128386718875,0.7715134770737945,0.0,41.702230571400676
21252,0.3960751455897123,0.9261513241399271,0.0,17.9877096289818
12661,0.3795533849877709,0.9687600201352823,0.0,7.218230655036681
10899,0.6077316225465044,0.4980219047515228,0.0,5.988414826879778
4303,0.46624087160526834,0.7630528865422719,0.0,43.17734688639867
6120,0.4263036111280645,0.8526034843858026,0.0,50.26097930745208
5107,0.508633863110224,0.6760268471837488,0.0,43.96540590344161
2737,0.4870719077978262,0.7193435121837575,0.0,53.77452227756083
19250,0.5215875668293047,0.6508781052540494,0.2,25.558029446670247
7478,0.40746228332301854,0.897806906847346,0.0,79.03754044330799
4556,0.4046868400911333,0.904641745318346,0.0,66.94801332854583
6397,0.504873931721489,0.683446521027535,0.0,16.63850638870064
8496,0.4363253841270093,0.829367020102612,0.2,64.13909774032732
10410,0.5519512480107894,0.5942955554264121,0.0,10.038246387668618
3211,0.497410134763421,0.6983403723410755,0.0,53.17128521345654
6724,0.4727071484670278,0.7492792186676586,0.0,45.571161850705124
19101,0.43677968982542026,0.8283263532849172,0.8,24.042586023783308
14930,0.4204099867127479,0.8665248849980582,0.0,28.539429649081164
9302,0.4552862605987978,0.7868289136862294,0.0,52.815890831188156
5496,0.4752765651735037,0.743858401914343,0.0,50.214159378159614
3853,0.45790182168407606,0.7811004809822181,0.0,52.09940565710819
6551,0.44998029722935834,0.7985514811110753,0.0,48.63577698227576
6375,0.49094749252942105,0.7114180967647038,0.0,23.13887468280986
3670,0.42391336000916185,0.8582261842313934,0.0,84.88715502524528
2856,0.4658856887071905,0.7638149781516971,0.8,58.12632012871644
20776,0.450856058834196,0.7966071504347243,0.8,24.153327980317783
15496,0.4686812390699054,0.7578324024417463,0.8,12.796682541364598
11904,0.5254964902034904,0.6434117676532007,0.0,5.466426257714959
10144,0.589200177309779,0.5289892934606131,0.2,7.590996562953199
19852,0.4295191812116993,0.8450888791564268,0.0,5.96632723700311
2225,0.458810123212892,0.7791188294261114,0.0,64.70581818941805
16259,0.5689348957890862,0.5639892700504737,0.0,15.412981188258243
6820,0.4926633785598652,0.7079291402647805,0.0,47.6507114034151
17585,0.47004217580494656,0.7549328525488394,0.0,63.35396072373498
6986,0.43589131269775444,0.8303623495125408,0.0,23.25845118369162
17731,0.5082527186516468,0.6767764774439207,0.0,14.790273200020177
11452,0.4642007106668539,0.7674382541932654,0.0,10.95633185980067
4072,0.4505970474996262,0.797181803380901,0.0,60.948536237170266
17040,0.5384517320264256,0.619057420522987,0.0,17.03026978027837
619,0.47806462249214116,0.7380093621302952,0.0,59.04074897042362
1852,0.45325945564081777,0.7912905676986648,0.0,49.02440857066708
14628,0.39414166456250277,0.9310448795813496,0.0,14.805475628931115
19040,0.42673390819258467,0.8515946258273677,0.0,44.559686197556445
10308,0.4553443273505815,0.7867013828243611,0.0,63.899821620525294
19435,0.48511642216560563,0.723366371148734,0.0,17.426257475857014
8899,0.43680551822272407,0.828267221337459,0.0,35.61962957871355
2067,0.47066355626262457,0.7536117581260672,0.0,58.81186229411046
2756,0.5199178193485707,0.6540845196105426,0.0,19.99863593368644
9311,0.43910808648458877,0.8230096855407938,0.0,23.23768054333596
11776,0.589096868757208,0.5291646457678781,0.0,3.694627742462795
7036,0.4315392659979189,0.8403967737623688,0.0,72.23210655190672
21256,0.5241501625657646,0.6459770659323784,0.2,8.3825211102235
14481,0.43366056514681095,0.8354931588443805,0.0,11.1003615219702
14644,0.41855565895366975,0.8709454015907664,0.0,8.056245172364155
16964,0.41589927591484094,0.8773121732426228,0.8,33.495780715477935
11852,0.46090733975275566,0.7745582545554919,0.0,6.47491967577194
21253,0.4426321307656106,0.8150162585061895,0.0,25.163625426858456
19267,0.40280779696294466,0.9092957614160737,0.8,26.846502610805604
5794,0.4412343160239662,0.8181792157879548,0.0,64.52161345641508
4147,0.43680551822272407,0.828267221337459,0.0,35.61962957871355
20488,0.41518384084083737,0.8790338668646098,0.2,20.147455457289798
14819,0.3230506407735206,1.1299461854680257,0.8,15.50286142754917
19162,0.5493426715114804,0.5990328582146084,0.0,3.7828925339021877
1123,0.4337610190933975,0.8352615437938429,0.0,40.38071716804979
9373,0.43367932582840235,0.8354498985682429,0.0,59.41719908080512
17717,0.5230180471359238,0.6481393085605122,0.8,7.173281562610219
7887,0.5151943885958057,0.663210995951996,0.0,29.436618942151703
10425,0.48365310415428503,0.7263873561910181,0.2,9.986882120326953
2796,0.47354892054115816,0.7475000548160391,0.0,42.71962642184479
1076,0.48377066696215193,0.72614431314834,0.0,33.87463331637835
3402,0.48907002684796835,0.7152495955719316,0.0,17.31172215326268
2983,0.4487041285586289,0.801391564886682,0.0,55.035568164245845
12651,0.5456417930821821,0.6057925751625913,0.0,7.043247453698987
11937,0.5435685155579927,0.6095995167820556,0.0,4.483604602899058
5132,0.45450507208103363,0.788546205732629,0.0,43.11376018875343
16490,0.541246093702374,0.6138812168695433,0.0,7.1240915334799055
20259,0.5255105896611629,0.643384937276996,0.0,14.25869556133654
18311,0.4059552693584755,0.9015122994439074,0.0,27.725562083523542
9295,0.4550009567016818,0.7874557573923383,0.0,29.612276400175574
4123,0.43606919952976597,0.8299543337091074,0.0,32.06113679766968
2943,0.5173535840868051,0.6590287231755183,0.0,15.75408333702741
11931,0.4840362390566213,0.7255955009845013,0.0,5.504367099566185
9376,0.4888827489633707,0.715632595429428,0.0,16.21015223767528
11158,0.5889791387136032,0.5293645141010759,0.0,2.038847570444917
403,0.4296078641003647,0.844882430321032,0.0,55.441187398205024
5905,0.45895828056316895,0.7787959650717615,0.0,21.954257185859454
6605,0.4479246482869118,0.803130256501793,0.0,53.79366727654503
5981,0.48377066696215193,0.72614431314834,0.0,33.87463331637835
16437,0.4019954700932885,0.9113144588512606,0.0,2.2161617625058976
20875,0.5173960733279243,0.6589465984976532,0.0,11.373418126680178
16187,0.46653099968692385,0.7624308092692732,0.2,23.50154781719577
7749,0.46358862530764766,0.768757703392073,0.0,59.232780459843646
12947,0.5484194288875321,0.6007149036073003,0.2,10.386360946897955
7338,0.46334825564818566,0.7692763356091923,0.0,53.187762439934204
15197,0.544934061598825,0.6070904795305827,0.8,10.09127027401992
5324,0.39379464890502824,0.9319257012263967,0.0,67.8031903569241
17815,0.5146499453202056,0.6642683272561388,0.0,9.966017569386846
6213,0.49598330485340364,0.7012130123934563,0.2,21.42205766236586
11677,0.4767566451133149,0.7407490962383588,0.0,5.4262466029293845
10354,0.4117370526199395,0.8873703551791011,0.0,69.90171420034531
19278,0.4558511325947003,0.7855889863767089,0.0,16.811604008783156
17603,0.5263228870170961,0.6418404009308385,0.0,18.632626055525655
3663,0.4387998159539955,0.8237119700114245,0.0,72.6513995256618
12498,0.5803521303162523,0.5441202384302909,0.8,5.277612180258185
1858,0.48377066696215193,0.72614431314834,0.0,33.87463331637835
19560,0.5059285602364728,0.6813598049656681,0.8,4.295973778243047
11870,0.489943388751138,0.7134654277128774,0.8,7.126092972326644
7023,0.44508893339554834,0.8094811664562382,0.0,59.788279448525856
2776,0.4954950771661253,0.7021978603449486,0.2,47.75296624278646
10674,0.5320101947805531,0.6310926267027624,0.0,18.764908292381016
2713,0.5082581668713229,0.6767657579922085,0.0,47.610472623745764
20765,0.509236208452972,0.6748433063176043,0.2,21.00787220289671
11345,0.4483482974738351,0.8021848989062561,0.2,14.88293640798712
8493,0.547498469199856,0.6023956132773881,0.0,15.924330013230689
3128,0.44823215129969046,0.8024439859183657,0.0,57.52038509921945
19203,0.48113753707444595,0.7316021098856744,0.0,41.07945679557628
15243,0.5143851889591567,0.6647828993209229,0.0,8.107027254343015
15185,0.46151255791150686,0.7732460143335903,0.8,12.383534447600535
18555,0.45781706767497865,0.7812855902124071,0.0,17.721119882373273
1739,0.5333672671252077,0.628545035586649,0.0,16.99900293310413
2705,0.5357905446618395,0.624011969168365,0.2,17.394333640568174
18996,0.5116254649270126,0.6701624354438406,0.0,4.893860871661461
1499,0.4892733432675224,0.714833961493567,0.0,16.33056065152467
14540,0.4917717399009019,0.7097406134356659,0.2,7.941998097210504
5069,0.43589131269775444,0.8303623495125408,0.8,23.25845118369162
668,0.45919687181540875,0.7782762462486582,0.0,24.017605434255717
4357,0.46054706951415875,0.7753402145815796,0.0,53.12243432882681
19265,0.4775897654459881,0.7390031462665426,0.0,35.26707612540551
16331,0.4336961401549078,0.8354111279846446,0.0,18.997665140206657
7027,0.45445068379165027,0.7886658777608809,0.0,56.6341007735982
6340,0.435933224503099,0.830266202171904,0.0,12.352705522105467
1114,0.48308471804667547,0.7275632410277323,0.0,36.27266782381908
15132,0.5051941345410785,0.6828124987452532,0.0,12.791126077958861
20688,0.43615138850427543,0.8297658745604006,0.0,55.2789985116227
5179,0.4449992168389892,0.8096827567298294,0.0,60.75049624905684
13858,0.4270609033697895,0.8508286450817256,0.2,14.547255625483103
15302,0.42649577747742995,0.8521528125040316,0.0,1.8530744569565156
1077,0.48377066696215193,0.72614431314834,0.0,33.87463331637835
19279,0.46653099968692385,0.7624308092692732,0.2,23.50154781719577
11189,0.46205970902984256,0.7720611559268749,0.0,11.41476945064369
11436,0.5059862061488316,0.6812458706416794,0.0,8.624572943217135
3,0.48814649280197336,0.717139728009065,0.0,24.820206424101094
12237,0.5427698163912074,0.6110699598055742,0.2,5.200205206427388
7816,0.4553292162820518,0.7867345694006852,0.0,50.702684690895424
15896,0.548952534930122,0.5997432985324384,0.0,6.546587871193412
11303,0.48366056864511037,0.7263719227467582,0.8,12.965739098118533
17155,0.3713658441799122,0.9905675993439704,0.0,25.902846860901683
7303,0.42659473331495495,0.8519208187431894,0.2,19.16821842172176
16832,0.37045620128914974,0.9930200563779517,0.0,7.360810791630275
16641,0.5861315814115158,0.5342109729529526,0.0,9.081586794931837
7868,0.522066055141169,0.6499611566892819,0.0,21.156236394057643
9601,0.5252152706320332,0.6439470611345426,0.0,16.307959814524914
8914,0.39307754151324564,0.9337483799257927,0.0,70.7080946450937
21191,0.4867357867586658,0.7200338354465278,0.0,6.267894482627803
8839,0.4910873187385236,0.7111333284276894,0.0,21.775970583678706
19807,0.4546436296812354,0.7882413983870189,0.0,26.25513734324744
4535,0.43610715665310396,0.8298672936899809,0.0,44.37300520662488
12127,0.432419473924533,0.8383591574029666,0.0,11.804935570426604
4176,0.4438490103914696,0.8122708410715793,0.0,54.215019518291065
4991,0.4738694090234783,0.7468235036357553,0.0,62.01248666153315
7488,0.4600570418874873,0.7764047930836364,0.0,67.62485925463427
20616,0.5078369790399329,0.6775947903071609,0.0,19.644488649780016
554,0.48907002684796835,0.7152495955719316,0.0,17.31172215326268
5451,0.501091189372255,0.6909671797448608,0.0,48.01876605416714
7769,0.40299574615518036,0.9088292725373658,0.2,38.86608328535509
19533,0.5374872205848575,0.6208502949190435,0.0,31.11484196746605
17222,0.367919110120442,0.9998921744301659,0.0,49.02971643489769
704,0.4260103481079375,0.8532916416746097,0.8,64.06087390478046
1532,0.48907002684796835,0.7152495955719316,0.0,17.31172215326268
9253,0.46436546620313424,0.7670833941044248,0.0,51.068577547740276
12674,0.45521977366861544,0.7869749575954365,0.0,5.905853500227315
5638,0.468475567623588,0.758271328879991,0.0,44.88966035563502
8481,0.4482045237740584,0.8025056244621893,0.0,47.34783184326917
16820,0.5310926138951455,0.63281885883342,0.2,2.830829815471687
12900,0.5632398764597767,0.5740496732715619,0.0,12.520597349271963
3470,0.4535308019209966,0.7906920912902228,0.0,61.34979646760747
16668,0.46492076800128257,0.765888279308135,0.8,7.036215101953353
16010,0.5167463319911443,0.6602031786725554,0.0,2.9329526181047334
1665,0.44721077760211897,0.8047252572480232,0.0,55.36510015449059
14659,0.4181522750457972,0.8719096184285272,0.0,24.631447552123703
16441,0.4045008186450866,0.9051015186411724,0.2,1.977266687500591
10758,0.5108923230293828,0.6715964291247276,0.0,5.411388150814381
3006,0.43589131269775444,0.8303623495125408,0.0,23.25845118369162
17593,0.4861244066840202,0.7212907070078289,0.0,22.937043932547823
2617,0.43011564423998316,0.8437011663594489,0.0,43.12156390912123
19803,0.45275316208263156,0.7924081980737455,0.0,25.051987267831663
7550,0.47317532778606386,0.7482892873198999,0.0,47.75582208839624
8604,0.5130746303885299,0.6673339660521009,0.2,19.626291203345943
3221,0.4363731713878464,0.829257504026109,0.0,52.32615040206727
9553,0.4107589596026012,0.8897487095148249,0.0,40.17215559224313
4137,0.43628153957616067,0.8294675110560861,0.0,62.45890294968979
12955,0.5640836825455259,0.5725526651826387,0.0,9.796376723747747
7137,0.4811709692790388,0.7315326265455905,0.0,51.317014868403376
18702,0.4117010196240411,0.8874578735903478,0.0,74.1426664241217
1677,0.44915262491025937,0.8003925271510955,0.0,59.277071659982
5796,0.508633863110224,0.6760268471837488,0.0,43.96540590344161
6519,0.5045741367275042,0.6840404990877629,0.0,46.61736105659401
4027,0.5535766428872302,0.5913550668851754,0.0,41.27067065931813
14610,0.5799852904055126,0.5447525371330828,0.0,9.299742322559883
982,0.48377066696215193,0.72614431314834,0.8,33.87463331637835
597,0.5211160663809041,0.6517824858767309,0.0,54.79861299735673
18047,0.4528724254388863,0.7921448147096103,0.0,31.80065394913243
247,0.47806462249214116,0.7380093621302952,0.8,59.04074897042362
18788,0.46483836590064403,0.7660655340354071,0.0,10.87449198096114
13572,0.5528093756246076,0.5927420464253809,0.2,16.919822325717995
12859,0.4510931740812478,0.7960813664019625,0.0,8.68146637865438
13849,0.49045744921703327,0.7124167535520703,0.0,17.318851577792795
5669,0.43010122606875406,0.8437346885367698,0.0,23.303954414772118
4150,0.48506551253453256,0.7234713197759943,0.0,58.60841040073071
7678,0.4796932061245055,0.7346085333334162,0.8,37.061001067132686
20788,0.4881079031778375,0.7172187845015426,0.0,7.251153997346989
4899,0.4719788593075203,0.7508210840023771,0.0,21.455088252521783
7528,0.46306957639115587,0.7698779632026986,0.0,42.48764009424894
20334,0.4568819811781845,0.7833301683142684,0.0,53.77169976251304
1600,0.46465664350813135,0.7664565472048992,0.0,62.88009583440185
7537,0.47849683284310573,0.737105687038712,0.0,48.47575505820729
20881,0.5425200524098435,0.6115302312831827,0.0,16.46850931508033
3504,0.48907002684796835,0.7152495955719316,0.0,17.31172215326268
17120,0.46552333091386455,0.764593063405273,0.0,6.999849473600091
8080,0.40926814414509666,0.8933847286004171,0.0,51.3919578759359
5864,0.4157820760303945,0.8775940116773745,0.0,63.23064787180374
11710,0.4305184753469399,0.8427650400144514,0.2,11.338560845139536
20254,0.5798064603304485,0.5450609202136969,0.0,5.640235849288436
12557,0.585250360743526,0.5357155562191224,0.8,7.136802909705381
8620,0.49134348069015665,0.7106118424205585,0.8,22.561927352237255
1953,0.4368320439276629,0.828206496601948,0.0,62.74906786890653
1632,0.5161416159777783,0.6613741015856303,0.2,14.308498964518153
3937,0.46626769111898614,0.7629953653252081,0.2,51.58230132353913
9191,0.5042783745295326,0.6846268329733302,0.0,47.78695241920963
3704,0.5239074091028812,0.646440310459753,0.2,48.04667656811596
10090,0.5130015317177804,0.6674764480111849,0.0,2.1664950671765624
1105,0.4662305166647434,0.7630750962114491,0.0,43.04124987031864
11022,0.22351281700209724,1.4982865198072406,0.0,23.92763469252992
7707,0.44257218475816185,0.8151516984413302,0.2,57.10137585390379
2620,0.43038292670434497,0.8430799393592359,0.0,18.969298635582803
5583,0.48093663523699465,0.7320197530282792,0.0,43.500276057652485
3574,0.5027541326038619,0.6876540303654233,0.0,46.973647758611165
11059,0.4866036288561652,0.7203053910851726,0.0,4.326154294949857
37,0.4380914735473608,0.8253275466950682,0.8,61.982097497449736
3974,0.4941081136181228,0.705000932261162,0.0,41.05220396284365
4427,0.4637183624240402,0.7684778885757167,0.0,47.44198292026355
17174,0.4000628565580935,0.9161336028243371,0.0,13.28851801381018
19792,0.48535929400332356,0.7228658499327121,0.0,26.276173231426924
20656,0.5088104664405131,0.6756796963334596,0.0,25.274135870815932
21132,0.43246564427839557,0.8382523909598063,0.0,29.68628949790216
20972,0.4553285724501392,0.7867359833937803,0.0,26.439836470021454
15650,0.4907155679010343,0.7118906104856544,0.0,5.550254782112507
9230,0.4352507721230894,0.8318329263593308,0.2,51.432231359929
16669,0.4845584400444415,0.7245172356384645,0.8,4.764787901432078
13090,0.47047715184553657,0.7540078825693509,0.2,8.625095727196943
682,0.49220152666336175,0.7088670393165385,0.0,56.0359416212629
280,0.42429613103974945,0.8573236452699459,0.0,18.303865059201613
8194,0.5395055103921096,0.6171022804489736,0.8,17.411542114059323
20707,0.42109492308642527,0.8648970002003377,0.0,19.505588986643872
19614,0.4090101125306973,0.8940153982310636,0.8,6.714503033789388
9139,0.46749769250076395,0.7603608660928195,0.0,36.603771629620894
11087,0.599002695210479,0.5124891813601511,0.0,6.467100958078846
15710,0.45708050647089854,0.7828957406467895,0.0,1.8567508182753982
17642,0.45443678732297116,0.7886964568350169,0.0,58.71056617232713
8683,0.5504667478963976,0.5969887281017164,0.0,18.091744725974653
2477,0.47543115352651966,0.7435331950156555,0.0,46.91880128284633
19462,0.47345068643106036,0.7477075187045706,0.0,24.48368190134337
7885,0.5157459427400414,0.6621409937800097,0.0,35.44440911463377
18127,0.5103019687691269,0.6727526328574805,0.0,20.947834335695514
12236,0.5461199331757819,0.6049166695273788,0.2,5.141791546759346
6420,0.5249879141706082,0.6443800372829049,0.8,52.1335661297767
9765,0.4690657263121385,0.7570123789642578,0.0,15.92564821123788
9060,0.41008140627083245,0.8913995871125202,0.0,54.58931221095535
5116,0.48064195199596627,0.7326326686113966,0.0,38.02363661884023
2219,0.4445592465254097,0.8106719448890677,0.0,61.04359373918513
8463,0.4853815196824551,0.7228200587620472,0.0,52.45866631612352
11881,0.5817197943407544,0.5417664002091778,0.0,9.271519870715384
10578,0.4208900792300567,0.8653835738562732,0.8,14.549693789560823
12102,0.555524450372562,0.5878426557989683,0.2,6.399255383120292
11877,0.5972451481006339,0.5154276165419343,0.0,4.280110876643013
8210,0.5471359086589122,0.6030580455224107,0.0,15.941841411801061
16922,0.4731606521130139,0.7483203030973042,0.0,5.413723359787833
3745,0.48218069761333787,0.7294363438717485,0.0,61.69207655689007
9264,0.46627869429742597,0.7629717671887241,0.0,51.85156496538363
1498,0.4895587579553233,0.7142507875344515,0.0,17.400041943330645
12928,0.5196769951582809,0.6545478235655778,0.0,11.070432953549927
9926,0.46531417355162197,0.765042459491613,0.0,41.54180496671351
14354,0.36328646858615304,1.0125635862891058,0.0,38.86927750620173
16432,0.5090841169783048,0.675142016796026,0.0,3.8136745485366728
18819,0.5003934217900651,0.6923606463789365,0.0,7.011709655811186
1971,0.45633244833394376,0.784533681734145,0.0,74.29534025877523
3455,0.44915262491025937,0.8003925271510955,0.0,59.277071659982
10052,0.5070424757521667,0.6791605002963061,0.2,21.138870571722528
15317,0.44240305097988575,0.8155339323694791,0.2,11.339999111826554
911,0.43630827218104407,0.8294062391857718,0.0,39.89858675635951
2583,0.4460711776264103,0.8072767486047703,0.0,51.16116394282732
4214,0.4248925814249598,0.8559188915926105,0.0,58.42074159480217
5903,0.46781025370071966,0.7596925060882663,0.0,73.0824167672937
10515,0.43602062482786397,0.8300657321008683,0.0,60.63630109667854
6914,0.43731725483734457,0.8270963636756891,0.0,47.17757734129064
11985,0.5010541980734546,0.6910410039609489,0.2,1.638903985486393
3150,0.43592492061676874,0.8302852508815526,0.0,13.151721667942141
7117,0.43038292670434497,0.8430799393592359,0.2,18.969298635582803
20253,0.5289783326801862,0.6368078069793423,0.0,8.60925954195431
21208,0.5847468769414882,0.5365762143760816,0.0,16.384356159255482
12460,0.43586794496912906,0.8304159600212345,0.0,5.672986576240763
7308,0.41893896972038,0.8700300266609424,0.0,57.75694185957015
9240,0.42549844890416577,0.8544939763239641,0.0,11.203057680772194
18896,0.500021366559114,0.693104448354751,0.0,22.02200879564034
4245,0.4682790628538944,0.7586908726242814,0.0,42.331152954691305
13782,0.5091560204529473,0.6750007859171424,0.0,18.027583798872918
2136,0.5172487136595084,0.6592314492430793,0.0,16.335755136209713
10255,0.44585313658025616,0.8077656713687865,0.0,17.669874061192203
14546,0.5320622635587943,0.6309947597241096,0.8,6.309948048563717
19681,0.47563813478308387,0.7430979349092129,0.0,22.671918164161706
18059,0.4636990442555403,0.7685195487135652,0.0,16.944318535106238
10660,0.5226054115800282,0.6489285708401148,0.0,10.003266694670803
3652,0.47430874218169783,0.7458968145128284,0.0,49.87439033167804
11705,0.566639569972265,0.5680318564452448,0.0,5.752458257021254
6329,0.4558443655037738,0.785603831444916,0.0,43.03144956771119
4217,0.4224911194161712,0.8615868515391363,0.0,56.40378665417028
14670,0.5643790839506797,0.5720291186010913,0.2,7.371167311760496
2251,0.5177014586366163,0.6583565375456712,0.0,35.61708767664847
12133,0.5317436138970315,0.6315938345704619,0.8,8.254931526256204
6015,0.4363434760580782,0.829325556652048,0.2,64.13589116441591
12503,0.5457121869006284,0.6056635724378382,0.8,4.8941552574374825
6176,0.5201543225797578,0.6536297372435718,0.8,54.153222733270084
18604,0.48985924368916406,0.7136371869210991,0.0,8.635366856563436
9898,0.5471584747786656,0.603016802288235,0.0,42.298312529769795
834,0.4980595921340342,0.6970355461967728,0.0,57.24404423140997
8767,0.5058994220147146,0.6814174001740976,0.8,18.830288316838562
16504,0.5450323864442816,0.606910061416062,0.0,4.621620412868525
14712,0.5539799380850559,0.5906268057334135,0.0,11.405003584916276
9879,0.5005661871293542,0.6920154469533748,0.8,22.54482575597709
10762,0.4102565228591892,0.8909726494206293,0.0,54.35823984568458
1978,0.4553254306198189,0.7867428835563222,0.0,43.01516355701881
17094,0.46681571317678366,0.7618207176607275,0.0,7.475175078222201
4343,0.4608477070285179,0.774687644081547,0.0,36.48778685416133
10835,0.48143376530141696,0.7309866162893214,0.0,12.861709011681933
17125,0.3417021963187072,1.0738156922587585,0.0,10.49762120802887
3370,0.5179408952958369,0.6578941449782421,0.0,40.19404359053914
13464,0.4704715051598039,0.7540198846816674,0.0,5.210466049063014
6792,0.5073837964626382,0.6784875667718093,0.0,45.22798109747983
9343,0.5143888507624623,0.664775780550106,0.0,48.80451453770643
6128,0.50213225426637,0.6888917392746224,0.0,45.46685479212508
6538,0.42549844890416577,0.8544939763239641,0.0,11.203057680772194
4192,0.4361441302661144,0.8297825162558008,0.0,55.63691708187762
1842,0.40190400592275255,0.9115420101152168,0.8,74.61882950439274
2015,0.4841685558631162,0.725322176976992,0.0,23.06524467449144
7348,0.4817492751954147,0.7303314762131009,0.0,48.23839344667661
15894,0.6172239736277177,0.48252331668799314,0.0,5.456542589868043
5680,0.4340746916362574,0.8345386591449601,0.0,46.344015924179104
13652,0.5456152111636572,0.6058412931427312,0.0,2.6112878827393655
12559,0.5873813923081114,0.5320809387784322,0.8,6.668623555144837
18462,0.5094967062497818,0.6743318910119281,0.2,8.323278808576408
8300,0.537966781452807,0.6199584652381347,0.0,34.19380839342409
12562,0.6003000631055212,0.5103256436010382,0.0,6.232658460684373
19832,0.465854314626547,0.7638823232920647,0.0,28.494720189763456
1369,0.4751594912578041,0.7441047602369246,0.8,33.24362045335462
12262,0.45223792381794314,0.7935468575111362,0.2,13.605520160189297
14322,0.5444589229447716,0.6079627794093642,0.0,17.0369402438001
4803,0.46857343472766755,0.7580624452374284,0.0,56.403635312521665
1127,0.5129483602215953,0.6675801012142321,0.8,50.69269590248446
13248,0.4972859437869692,0.6985900787182798,0.0,11.698240224469878
19944,0.4787946029177281,0.7364835774635036,0.0,6.299512233477957
20562,0.46916665657662693,0.756797229142703,0.0,9.361619168266834
13936,0.5367861258574964,0.6221555396767559,0.0,9.994306076727039
6000,0.4692103713410112,0.7567040581397578,0.0,57.98622989689987
5136,0.4807211329988692,0.7324679420802497,0.8,54.29418620669851
12483,0.5791345656328826,0.5462204179927732,0.2,9.286840248908415
14711,0.5546058481195039,0.5894976011039743,0.0,11.521731220741
18269,0.4628418632127482,0.7703698313733653,0.0,15.936255205199988
7120,0.43597430010841537,0.8301719820758795,0.0,14.992910303212895
1264,0.4552336738767059,0.7869444229027973,0.0,37.81858076310386
19145,0.5044182579069584,0.6843494782686067,0.0,5.99490158626816
6868,0.49182118517621454,0.7096400733156758,0.0,19.41752528792226
13548,0.5745525453178172,0.5541637231815851,0.0,7.476222886685239
3924,0.465791885278392,0.7640163427261693,0.0,54.93659419108806
4932,0.5069753684647034,0.6792928594809969,0.0,22.083811017205008
9848,0.4912937212445839,0.7107131197699552,0.0,7.295470418442576
1139,0.42681349254683804,0.8514081467767255,0.0,66.0862961955431
20769,0.5950023200539537,0.519189974193767,0.8,16.467149405741104
10323,0.49683534001193685,0.6994966156031348,0.2,54.245962006349544
8775,0.531432346244133,0.6321793776479232,0.0,19.2798914379838
19605,0.5200709052923342,0.6537901203709315,0.0,7.356773366884077
18655,0.4608564191111122,0.7746687397881897,0.0,26.27676371271793
18994,0.5089616040547678,0.6753826993539845,0.2,31.593051827936513
9015,0.4377139087089325,0.8261897584819975,0.0,72.96081870614417
1610,0.4858312838476872,0.7218938679298237,0.0,54.28280917867856
14507,0.4489816200636701,0.8007733273479763,0.0,10.139791990256816
16062,0.5716668972692897,0.5591988046637753,0.0,5.8246144208690644
1041,0.5131758472808061,0.6671367103239783,0.0,59.086633849122414
12756,0.4341880421287328,0.8342775619247031,0.0,5.3489704697315
6147,0.46458277002960396,0.7666155449348852,0.0,54.832178021230156
11967,0.48639800875244443,0.7207280421863301,0.0,6.335919967293653
6059,0.38724364951126755,0.9487011987576023,0.0,94.97447758666482
791,0.46396196906093057,0.7679526933458041,0.0,44.7109742748793
2130,0.4062606607770136,0.9007603037698538,0.0,34.39733568552455
14482,0.4491012201287596,0.8005069820612299,0.0,12.860543601109834
14479,0.4252672289624293,0.8550375336240404,0.0,12.081680040245304
10667,0.5323017539511433,0.6305447437663153,0.0,9.681384654850428
12161,0.4045756482556985,0.904916543267678,0.0,11.677947749230599
11550,0.43082409589164933,0.8420554023679677,0.0,6.534770710768723
1291,0.43884757739763,0.8236031303018932,0.0,66.79421575256151
14788,0.5379942854975445,0.6199073406285399,0.8,16.15788634692855
10920,0.5855698889413038,0.5351697368146551,0.0,5.468899467014581
19391,0.4725803491628362,0.7495474953671178,0.8,52.56951518877901
19637,0.4657604132850583,0.7640839116504137,0.0,12.454567723467383
14813,0.42565168933374015,0.8541338978270085,0.2,1.8659238417518584
870,0.5275100904891707,0.6395872849254471,0.0,52.95143190453741
14440,0.46588999438750794,0.7638057362699961,0.0,3.836214248500193
16084,0.5195648778756246,0.6547635910129845,0.0,6.014821863102288
5040,0.5091820329683805,0.6749496977439146,0.0,55.43024392721899
20504,0.4581928997523417,0.7804650050401567,0.8,16.959114928422107
8039,0.510147725626478,0.6730549371154378,0.0,20.63418127246639
19359,0.44857220377367607,0.8016856209787679,0.0,14.047535559635355
3509,0.4393406400617888,0.8224802213259682,0.0,68.33988485298828
17102,0.4898254415557076,0.7137061930696671,0.0,11.904619858529525
3235,0.5369385984356273,0.6218715328438944,0.0,17.91953931597635
5865,0.4167005567908957,0.8753874043633676,0.0,63.07166181651303
8401,0.46504042582417215,0.7656309399173208,0.0,55.58097901790599
8584,0.5438059254329511,0.6091628504971381,0.0,48.344688581596614
1580,0.508633863110224,0.6760268471837488,0.0,43.96540590344161
10709,0.5819970173272931,0.5412899561310254,0.8,7.150440341139418
20022,0.4623429232589892,0.7714484051013893,0.2,22.17914164666494
14194,0.6002204311435967,0.5104583059960955,0.0,17.10341675234132
6067,0.48377066696215193,0.72614431314834,0.0,33.87463331637835
20885,0.5212639677169658,0.6514987096488368,0.0,21.1215882165207
4961,0.45542448913433015,0.7865253517997921,0.0,78.73118651501673
15443,0.5289783326801862,0.6368078069793423,0.0,8.60925954195431
2276,0.45523429951564404,0.786943048578919,0.0,54.59810654900177
537,0.4669917167260713,0.7614437586738192,0.8,33.28270599451005
4360,0.47239860264279027,0.7499321526590916,0.0,52.78210236643152
19134,0.5101189413295613,0.6731113621616668,0.0,10.257543942705281
17711,0.45747903522673905,0.7820242199575496,0.0,19.17132327494962
5476,0.3960840992365583,0.9261287184658663,0.8,34.313071845480906
12157,0.4594374902364446,0.7777523850989377,0.0,10.192833313271269
18294,0.4696895493554755,0.7556833358124783,0.0,16.637502520370617
865,0.5116854880983109,0.670045123748525,0.0,16.528340339363723
3177,0.46187871513251244,0.77245294372336,0.0,81.2620502690323
21057,0.4510396511582271,0.796200025033122,0.0,26.888867335197897
10832,0.4056375399104797,0.9022952769681024,0.0,10.223050380116128
1478,0.47174650775992083,0.7513134974955449,0.0,36.8331453611325
1694,0.4493754554992409,0.7998965368789871,0.0,59.23233794561637
2862,0.46293657678483185,0.7701652174650648,0.0,42.547773678285154
7471,0.43680551822272407,0.828267221337459,0.0,35.61962957871355
12218,0.6042103565992473,0.5038328691648071,0.0,7.769102280345138
15119,0.5267623454117911,0.6410057896255577,0.0,11.284586306091462
12177,0.5712835249194587,0.5598696515470101,0.2,6.067951411066247
19234,0.43475449185718124,0.8329737937546995,0.8,23.244135081068315
4208,0.4834758857096063,0.7267538397697746,0.0,62.457226764115795
14052,0.49099341201495367,0.7113245687624511,0.2,4.983184152498859
12889,0.5391615712238367,0.6177399919093319,0.0,11.527028154768493
9760,0.4699487883107625,0.7551315512556491,0.0,16.698789967101835
3551,0.4839358398918752,0.7258029432595207,0.8,52.983614857945
10272,0.45973782583814427,0.7770988958088414,0.0,7.775768770391843
9652,0.47108748291494085,0.7527114635401004,0.0,53.97317687139875
13106,0.5240713591418213,0.6461274223646015,0.0,8.795732854521713
441,0.48351626481721943,0.7266703249085328,0.0,53.846272738938666
14911,0.4762727191238995,0.741764649481871,0.0,2.715414875509785
19690,0.45351693339487686,0.7907226707748096,0.2,25.666856415330187
5679,0.4726964621986413,0.7493018254533031,0.0,43.77983080599148
8768,0.5153927250540307,0.6628260960089505,0.0,15.28808299419332
18975,0.6083683415281417,0.4969747555719681,0.2,1.9282619307614606
4891,0.5331632070414338,0.628927697106796,0.0,49.433716032926654
3381,0.38326225256170543,0.9590357915867656,0.0,43.156610621404454
9860,0.5433097271726042,0.610075721714871,0.0,8.991295935434177
18327,0.44511759880483465,0.8094167647511072,0.0,14.293895841887927
14112,0.3819792777569406,0.9623889185565473,0.0,13.975330328381554
21022,0.49565536437811897,0.7018744236461942,0.0,4.703260495449797
14409,0.44164094012464855,0.8172580797008305,0.8,9.563553774311009
14406,0.533006879378116,0.6292209479988055,0.2,9.800116145067024
18579,0.46173963507668836,0.7727541072003391,0.0,17.597929837464044
9751,0.45813306095872197,0.7805956109517437,0.2,56.57757250219001
18185,0.4916141860682932,0.7100610447735487,0.0,43.526738794217025
5688,0.4666345145737321,0.7622089517624303,0.0,63.94552326461706
9869,0.4238488008018245,0.8583784892302397,0.0,64.81616155546969
19240,0.46999818565,0.7550264446046328,0.0,16.820479040735695
16226,0.47357814388452085,0.7474383453697153,0.0,10.561303905611606
14337,0.560463331326244,0.5789914599726265,0.0,11.174535287905547
3517,0.4359993254788893,0.8301145827010671,0.0,23.907302515099403
3238,0.5191934606599612,0.6554787087024663,0.0,20.793424487022293
8034,0.5040734542281899,0.6850332790139273,0.0,21.921064928445674
361,0.4359415073339662,0.8302472021239271,0.8,13.626019209577137
5005,0.4194801334920114,0.8687391117838592,0.0,66.89291160735715
8227,0.5116854880983109,0.670045123748525,0.0,16.528340339363723
6012,0.4691360126012829,0.7568625470328924,0.0,15.413505597092763
4411,0.43592492061676874,0.8302852508815526,0.0,13.151721667942141
9986,0.5214258030105526,0.6511882907698381,0.0,21.19617960978409
11190,0.46205970902984256,0.7720611559268749,0.0,11.41476945064369
2135,0.5176188977256455,0.6585160261728165,0.0,21.44951215721678
9228,0.4698074764977625,0.7554322926699005,0.0,56.65742195024254
10477,0.4394517176604699,0.8222274253195019,0.0,13.135493536877888
1555,0.5162350500634373,0.6611930938410977,0.0,17.058450271142338
1011,0.4359985161807502,0.830116438894054,0.8,23.907355973463083
3214,0.5247639577981098,0.6448067216868607,0.0,51.9553033217385
13958,0.5305667774517059,0.6338094524093347,0.2,10.314297195351493
4479,0.45633017641752044,0.7845386603897001,0.0,61.25678003976097
5799,0.4469374571619705,0.8053366110214465,0.0,73.94600737822
11654,0.6422440422540009,0.44278691940106957,0.2,5.5686657482726645
5378,0.4620619800082618,0.7720562410364525,0.0,41.15059705821075
16567,0.5378798054445795,0.6201201537343873,0.2,9.7783642562071
5430,0.367919110120442,0.9998921744301659,0.0,49.02971643489769
1233,0.43597430010841537,0.8301719820758795,0.0,14.992910303212895
10268,0.4308979459936034,0.8418840011537819,0.0,12.755805632961948
425,0.4360224166253458,0.8300616226764553,0.0,22.602574439074033
16336,0.44028453791336875,0.8203340839995111,0.0,18.389838561374127
14157,0.5976820728506363,0.5146963171593211,0.0,8.721786389411188
13623,0.5528093756246076,0.5927420464253809,0.2,16.919822325717995
8543,0.45902074342254784,0.7786598773010321,0.2,63.0714500613836
5002,0.44962878550332225,0.7993329577561477,0.0,54.778286619280564
4621,0.5342652069939962,0.6268629209970628,0.0,49.11157391943614
1899,0.48936296738891005,0.7146508002503917,0.0,17.391920755687714
3977,0.4091243192403244,0.8937362101027222,0.0,78.08573172206158
9164,0.4872128959795588,0.7190540933563877,0.2,46.80682708478564
1898,0.4315392659979189,0.8403967737623688,0.0,72.23210655190672
6192,0.4907848640601256,0.7117494059442199,0.0,54.47018388318494
15043,0.43349138584614905,0.8358833541327949,0.0,11.620868059796617
2181,0.47839110264135515,0.7373266746763654,0.0,42.027620456552825
13923,0.49565934940210593,0.7018663837695908,0.0,11.34251106036283
1317,0.4373313926368904,0.8270640357241443,0.0,42.755078229358645
20170,0.47871151632191006,0.7366571253800277,0.0,5.174058826321408
5678,0.4739721514925825,0.7466067111383877,0.0,41.49453118452259
16281,0.41712970063702404,0.8743580728412835,0.8,12.007122302001152
6109,0.5177253450422462,0.6583103992661729,0.2,15.662849873189828
21199,0.45360482006026825,0.7905289003898934,0.0,25.670053796053622
17726,0.5370778580246405,0.6216122079723695,0.2,14.247352150559756
9249,0.44212459835644546,0.8161635398958182,0.0,61.62442583817365
13281,0.5018081977345921,0.6895373085260387,0.0,5.0236244242583545
16354,0.4178591110241668,0.872610958239281,0.0,4.3338226744459725
9852,0.3599738133864711,1.0217239907708424,0.0,15.841829619437014
975,0.4982809253569233,0.696591253863691,0.8,43.564817654383575
903,0.43680551822272407,0.828267221337459,0.0,35.61962957871355
10893,0.5856181501491935,0.5350873227081133,0.0,6.5296708908981556
11999,0.4297268766113529,0.844605442772151,0.0,2.010794370525732
8122,0.5153155190607289,0.6629759075465742,0.0,38.124427742548036
6576,0.43746534518992164,0.8267577873162892,0.0,61.03539743322186
18238,0.5860687684273287,0.5343181440252968,0.0,16.02927730844175
19963,0.539439241700808,0.6172251202723406,0.0,2.519491392909418
6504,0.516101007578444,0.6614527815363096,0.0,44.56207066235126
5807,0.5616189468578048,0.5769316895572091,0.0,46.846853632209324
4933,0.5050207856698246,0.6831556908115893,0.8,21.796082784429544
1934,0.425889375141725,0.8535756492020783,0.0,60.78312119820814
15384,0.4443580526691911,0.81112461660518,0.0,9.631496232735566
11476,0.4770767358230866,0.7400779292857549,0.0,9.710192183230076
3336,0.5061263503186635,0.6809689366784911,0.0,32.805680602638574
2797,0.47353514744678815,0.7475291400785549,0.0,38.740695403293216
20942,0.41333589163713297,0.8834947196256422,0.0,8.926698023803755
17189,0.45802099050462824,0.7808402651220194,0.0,5.848103015208569
4677,0.410018095833331,0.8915539840789,0.0,54.598767481435594
4505,0.43160221126608883,0.840250922195877,0.0,58.85957645876061
8533,0.45159905315245863,0.7949605433597169,0.8,56.230743028430304
13982,0.39420240557139885,0.930890781868644,0.0,35.541412111363414
18828,0.46325068261673696,0.7694869402791956,0.0,27.386810853879304
4547,0.47634345238666936,0.7416161463071083,0.0,51.913130241497576
13408,0.4138486198194694,0.8822550246340162,0.0,11.163173560381017
3490,0.49677615084854565,0.6996157550535249,0.0,60.46778992278195
5190,0.48094498147900744,0.7320023990382081,0.0,60.82939824312807
14964,0.4089110685015783,0.8942575830085212,0.0,26.389541479260778
17953,0.5602286783843262,0.5794102243491255,0.0,17.22007368008118
16463,0.49773637285946515,0.6976847138923299,0.0,5.020538605003068
19485,0.4352592171761319,0.8318135238179548,0.0,23.2970201875988
3424,0.4117010196240411,0.8874578735903478,0.0,74.1426664241217
541,0.46497105898787283,0.7657801140674486,0.0,58.85786003461919
5013,0.4752340613553287,0.7439478355661446,0.0,51.0534173777909
18431,0.5215283244345129,0.6509916926231073,0.0,7.645897665775337
21013,0.5035788342010079,0.6860150066844491,0.2,19.634778524286716
10154,0.5031911650050455,0.6867851313711769,0.0,12.569197646889952
18611,0.4001898707914945,0.9158161675188975,0.0,18.096526369701564
3678,0.4031752183134072,0.9083840266302272,0.0,39.06051314509976
3533,0.47363355029511434,0.7473213569266943,0.0,43.69401052385398
9700,0.4887429894262671,0.7159185116703115,0.0,60.411348624149625
19741,0.5919595926607961,0.5243169020682007,0.8,11.887050253217602
883,0.42495815925237385,0.8557645637220671,0.0,52.11606323646699
13217,0.5816026497997353,0.5419677967213917,0.2,4.965915561725288
6779,0.47191826541260345,0.7509494748903525,0.0,62.869485225216856
237,0.5209043319755562,0.6521888779369939,0.2,52.98252187703899
9863,0.5028193827614519,0.6875242533641708,0.0,13.246185696980987
7541,0.47809875105549265,0.7379379756616014,0.0,46.862751932592786
17491,0.47747313633417793,0.739247379629963,0.0,17.808838908735463
1433,0.42659473331495495,0.8519208187431894,0.8,19.16821842172176
4800,0.4897355535875389,0.713889720116715,0.8,57.04693014886894
7724,0.5308028638558024,0.6333645811810614,0.0,18.589251907320634
2368,0.4531008094941362,0.7916406407422533,0.0,60.45364187889409
664,0.47535219526333916,0.7436992859836189,0.0,57.290874382268576
16518,0.6161621990213089,0.48424504000911006,0.0,4.949226543171627
7173,0.45897998063760687,0.7787486850413735,0.0,21.913987521753775
17486,0.5157783816180334,0.6620780987474125,0.0,21.28614274218451
14994,0.5780013747009094,0.5481790319373121,0.0,10.55710646371855
6546,0.49028288874167936,0.7127727305022192,0.0,47.13566414844736
5726,0.4362421504041243,0.8295577989703639,0.0,61.29602209508643
3724,0.4653107259379889,0.7650498687359498,0.0,51.50315692982946
12883,0.55329947366971,0.5918558803351494,0.8,10.04468174347634
9768,0.49823921663442844,0.6966749626032573,0.0,20.58674594220748
20167,0.5040977063238863,0.6849851679457873,0.0,12.419464802262667
16847,0.49343457049644546,0.7063650114791057,0.0,9.387591312432713
12121,0.5572470849092245,0.5847465379380525,0.0,5.901846769488037
11257,0.49657709195786975,0.7000165367387551,0.0,12.349342064000293
16061,0.5681917701151161,0.5652962938008489,0.0,5.888125864138772
102,0.41860710809472057,0.8708224884772342,0.0,67.53228331702468
4493,0.44886650970753816,0.8010297412178631,0.2,57.51794081260353
5817,0.36283838970677057,1.0137977512708989,0.8,27.92201578791365
13311,0.493357185476185,0.7065218531226454,0.0,7.395871049565885
17233,0.5025371785011236,0.6880856547189017,0.0,8.183746632030559
12201,0.5073574245244041,0.6785395444340834,0.0,16.63202066894345
12317,0.5771710588002555,0.5496165940182051,0.0,9.125284662716572
7186,0.47503135955067904,0.7443744570200345,0.0,54.454715334203605
3674,0.3833827671254437,0.9587213968887339,0.0,46.114497727455344
17845,0.5075142102153771,0.6782305680338108,0.8,11.572986601676217
13336,0.611752995183048,0.4914266805813573,0.0,7.71982060796471
7640,0.40906604295238214,0.8938786617636892,0.8,53.09639387271374
2769,0.360158532705993,1.0212109758380306,0.0,15.870129337522176
1181,0.43589131269775444,0.8303623495125408,0.0,23.25845118369162
6016,0.4363434760580782,0.829325556652048,0.2,64.13589116441591
9858,0.5402051789360975,0.6158062505979419,0.0,9.07575246963195
1098,0.4693198613093279,0.7564707359408464,0.0,34.20571746468588
321,0.4520237676427012,0.7940205172520457,0.8,62.6494103992887
12485,0.6004792675935746,0.5100271632977845,0.0,4.53789034012844
3765,0.4655170072522593,0.7646066474818078,0.8,37.60335515649473
553,0.443316562411675,0.8134711762965853,0.0,60.26194312641498
3740,0.4780672567527441,0.7380038518849826,0.0,58.50156286149265
2538,0.49671819670677086,0.6997324223339844,0.8,46.88207229637696
153,0.4378116446768137,0.8259664960816958,0.0,86.73474351799368
15682,0.49575609347502014,0.7016712202305995,0.0,2.551627455772037
2050,0.5000187170905283,0.6931097470795303,0.0,40.33898780882943
16983,0.522066055141169,0.6499611566892819,0.2,21.156236394057643
16991,0.5191129174885735,0.655633852065243,0.0,17.064182547819083
20842,0.48288659986138394,0.7279734357910685,0.0,12.49362498660032
20381,0.43555467506024037,0.8311349450812581,0.0,14.177084230607715
21233,0.5552961955101601,0.5882536219913245,0.2,21.115951961144354
20052,0.47515464185211603,0.7441149661373089,0.2,10.805293709975768
19597,0.49673008454987566,0.6997084898488622,0.0,10.884315435197387
20697,0.55089957103019,0.5962027531746896,0.0,18.222938606357516
6962,0.43612946521914026,0.8298161411346267,0.0,46.55683421849855
2787,0.4941968996192483,0.7048212589818097,0.0,43.73768344121058
8659,0.47967390349710554,0.7346487736693814,0.0,51.83865549327706
10626,0.5231644815488086,0.6478593680915671,0.0,4.746865681448244
19826,0.45774910814061515,0.7814340437841607,0.0,16.273363067524855
5359,0.4559202513075182,0.785437372245863,0.0,44.65997246149849
10712,0.53246188693736,0.6302439577866394,0.0,9.82644914626418
21170,0.4349682170460203,0.8324823148247985,0.2,12.261632091270489
17436,0.49577844914248953,0.7016261271622043,0.0,62.53593478689356
19841,0.46343609514578354,0.7690867780324256,0.0,14.082593866556884
14246,0.5528093756246076,0.5927420464253809,0.0,16.919822325717995
14668,0.5672389242231456,0.5669746809017104,0.2,7.306035826775748
19913,0.5853471896113033,0.5355501212787045,0.0,16.353024403747963
19980,0.4406454039056282,0.8195147997515504,0.8,20.35182984613961
4981,0.47496274498484536,0.7445189096342674,0.2,48.98562029613178
16839,0.5157373705249277,0.662157614921629,0.0,9.191741724676877
19612,0.4657604132850583,0.7640839116504137,0.0,12.454567723467383
8900,0.42117153008055536,0.8647150934081265,0.2,83.01264896718013
14344,0.44633063637449094,0.8066952644541988,0.0,13.284254436650922
2220,0.447969011977891,0.8030312186516929,0.0,57.063402563505846
4196,0.4362750786304264,0.8294823202858818,0.0,62.460018084682105
601,0.5151167158490867,0.6633617712790424,0.0,31.585971852882317
5838,0.45452310159850234,0.788506538056768,0.0,47.1546590537513
16009,0.5168778430567255,0.6599487127468049,0.0,2.9318221532308004
8008,0.4359985161807502,0.830116438894054,0.8,23.907355973463083
9628,0.538081807870239,0.6197446711418244,0.0,9.133796911277166
9319,0.42530264070872603,0.8549542676923871,0.0,23.613839221865764
12990,0.4484250291873905,0.8020137704583832,0.0,13.131773896299254
20491,0.4611436566132511,0.7740456649772558,0.0,5.55416478863067
17261,0.34173696426279354,1.0737139481793387,0.0,8.945647304611963
2418,0.48147660243489754,0.7308976419985792,0.2,54.92329946033176
9027,0.45589023349482144,0.7855032144646308,0.2,13.317028022781761
1302,0.47293720543002365,0.7487926573793974,0.0,34.8173618054754
13561,0.5614998437698282,0.5771437830408493,0.0,15.98976736429975
11053,0.5419588900752008,0.6125651289888793,0.0,14.854704377980324
19120,0.44164094012464855,0.8172580797008305,0.8,9.563553774311009
8947,0.4739642134226118,0.7466234592456756,0.0,43.304160636249186
20404,0.5422856740342782,0.6119623425331491,0.0,9.440743378078688
2105,0.46646040924142895,0.7625821299458713,0.0,51.8593956524746
13971,0.49043328501864364,0.7124660234606364,0.0,17.32004932929071
19076,0.5093109402340864,0.6746965643992849,0.0,12.925836775613973
13989,0.4987451600366008,0.6956600150124164,0.0,26.560300912338825
18373,0.45581095233447344,0.785677133642932,0.0,25.719141449340643
10324,0.46443385817344673,0.7669361244657825,0.0,58.44053034378933
12853,0.5518414946615247,0.5944944212920469,0.0,4.555908181264716
3794,0.4942772186175164,0.7046587479014222,0.8,19.061018593121513
2456,0.515033968983596,0.6635224213021642,0.0,17.49045016493841
9229,0.435241157785225,0.8318550157952795,0.2,52.76040691543565
13844,0.4885909035191248,0.7162297377711716,0.0,17.41154522575914
4606,0.4708763978182844,0.7531596444194468,0.0,58.77733495902938
8254,0.4380433030222104,0.825437508145035,0.0,39.70767095146161
18027,0.4882056893904559,0.7170184672803347,0.0,8.676282039911525
18448,0.4940272415847608,0.7051646184062165,0.2,8.640734640880616
4229,0.4217761670251789,0.8632805155561543,0.0,82.2274691067237
6219,0.5128316983098868,0.6678075611092479,0.0,18.312951978373903
13431,0.5629002767875754,0.5746527947951419,0.0,12.998646700533925
7461,0.40565971281923274,0.9022406165863891,0.0,77.50697906648581
16770,0.42694468818990844,0.8511008099990213,0.2,7.50760284078785
9341,0.5143888507624623,0.664775780550106,0.0,48.80451453770643
17030,0.4345568486564436,0.8334285058812577,0.0,11.338795235820578
8512,0.47188291221051026,0.7510243915209902,0.0,31.253878448784825
3898,0.4743779173901707,0.7457509808850494,0.0,48.41041991727994
9187,0.5090983303430975,0.6751140977038613,0.0,48.32129463358096
891,0.39267822997609947,0.9347647557158529,0.0,28.285047470638286
221,0.45854092682367875,0.7797057288403098,0.8,33.35970651511769
14678,0.568876999040174,0.5640910386279078,0.0,7.268877211984517
14913,0.4675280729813571,0.7602958828982908,0.0,2.7832530866130494
6395,0.5008481437209782,0.691452330188638,0.0,17.248279484381726
7608,0.46688892289008593,0.761663902088384,0.0,34.02352511163985
14301,0.39653555749738434,0.9249895634983835,0.0,7.978034544104162
18866,0.4366654441019675,0.8285879512254555,0.0,36.31286838482107
17746,0.47167611742947063,0.7514627208207045,0.0,48.93149919414819
16634,0.503514381959696,0.6861430032598717,0.0,12.557446066846
19948,0.5247433676900117,0.6448459593512402,0.0,7.265802105278771
18890,0.4406454039056282,0.8195147997515504,0.8,20.35182984613961
209,0.478231274667094,0.7376608252869711,0.8,30.771518625451378
8157,0.4925147658744762,0.7082308373484112,0.0,21.678946363504664
21097,0.5845681552456224,0.5368819005125596,0.0,2.233965595200907
19500,0.5000327712891255,0.6930816401295152,0.0,4.043438199945054
16685,0.5903157910828771,0.5270976461482196,0.0,7.345632979696923
17004,0.4008997092066677,0.9140439846852293,0.8,76.784265909787
4373,0.4817117098579709,0.7304094561999309,0.0,60.47790520238704
6864,0.4327309144441332,0.8376391888582134,0.0,42.807547167818285
16305,0.532778686553392,0.6296491632711927,0.0,12.022835688674325
8000,0.4591309168746985,0.7784198876404052,0.0,53.45798222038137
1490,0.4332980310748707,0.836329494269513,0.0,21.042053138551026
17871,0.47202858832633704,0.7507157267427763,0.2,7.841225894697194
701,0.47369226001918974,0.7471974086007618,0.0,49.43831437381715
3944,0.4695300281540844,0.7560230246493486,0.0,54.13125029529273
20352,0.5325188563727649,0.6301369709968462,0.0,4.573691668535968
7576,0.47841346076543906,0.7372799396900515,0.0,44.15200795083882
4613,0.4818856353262276,0.730048464192191,0.0,60.44801506304453
7235,0.3942432652718199,0.9307871356645526,0.0,60.05066176513026
21060,0.39269999160787966,0.9347093387684823,0.2,16.225150277761756
19716,0.413643477328123,0.8827508420472727,0.0,5.60767500612733
12362,0.6287630304885997,0.4640008333477876,0.0,5.74456224292133
10507,0.48797986460311155,0.7174811350394484,0.0,4.653044784868859
1557,0.4576619705150321,0.7816244230091406,0.0,54.721527524599836
8232,0.5429981198217666,0.6106494216292118,0.0,17.69356838937202
4481,0.4284746690236818,0.8475236581556769,0.0,33.47972567144776
11875,0.5289105613755217,0.6369359325417487,0.2,10.854980946206062
11694,0.5518469797626386,0.5944844817099255,0.0,5.244839334216373
8127,0.5156715855827866,0.6622851781773885,0.0,38.16086873276677
20353,0.5052103529256358,0.6827803959888624,0.0,5.116927185798372
3022,0.45116256529783305,0.7959275492219913,0.0,66.9215897959719
12966,0.48154146934817244,0.730762926118839,0.0,13.080656795673116
8498,0.43615863064689214,0.8297492700449007,0.0,53.684778404953526
117,0.42615105553991034,0.8529614050958365,0.8,66.61628443646902
7284,0.4811881878918033,0.7314968423736667,0.0,41.13938085244917
20062,0.4657604132850583,0.7640839116504137,0.0,12.454567723467383
2467,0.3977150566096602,0.9220194682704994,0.0,67.5738791262408
8771,0.5394184857592011,0.6172635978974826,0.0,20.14439530399101
8341,0.4552718173178404,0.7868606377053972,0.0,61.94167036069211
4973,0.48067364552060904,0.7325667307971426,0.0,44.77814141997534
4949,0.5497889231016876,0.5982208505952948,0.0,29.911042529764742
11358,0.4683993665883088,0.7584339995474721,0.0,9.637041294105186
1921,0.49153539802605506,0.7102213215893689,0.0,27.904595020833675
2516,0.46744140045252425,0.7604812847355568,0.0,57.948671576044724
13514,0.5528093756246076,0.5927420464253809,0.0,16.919822325717995
20211,0.599397490904184,0.5118303101207079,0.0,9.190936765593847
7499,0.4698239856725807,0.7553971529891117,0.0,56.53769795597428
16599,0.471019192195689,0.752856438034339,0.2,12.818810427211755
5232,0.6365291244129088,0.4517251049020296,0.0,37.33507888623604
2575,0.4645132475749919,0.766765201059601,0.0,44.634940189647814
326,0.3951753920869365,0.9284255820335903,0.0,49.90751461221862
12574,0.4084233029130324,0.8954511352767471,0.0,5.964152330917149
13729,0.5047271576943155,0.6837372775050115,0.0,12.710676093148193
5339,0.38326225256170543,0.9590357915867656,0.0,43.156610621404454
11984,0.4984182851911487,0.6963156243986702,0.0,1.6489972952807632
12371,0.4461582160745342,0.8070816453073123,0.0,11.655469539142127
11878,0.6810647066852323,0.3840979601875375,0.2,3.116954950584911
20554,0.471567073082583,0.7516939323438203,0.0,13.305735173868309
10830,0.387601469590188,0.9477776074603608,0.0,17.022086544046296
9013,0.4497241420747575,0.7991209018015417,0.0,54.46009067713679
2460,0.44028052450429705,0.8203431995305333,0.0,66.95641106946104
924,0.47871357847989643,0.7366528176634292,0.0,22.89517092183098
11661,0.520120178246585,0.6536953820962678,0.0,4.432969685602291
7169,0.45887146585772237,0.7789851389486031,0.8,20.0471830262971
13853,0.5021587721445753,0.688838930123661,0.0,17.994195241203652
15374,0.518673998614268,0.6564797268660633,0.2,3.9111093562742307
16549,0.6107856172021321,0.49300925339013163,0.0,4.173323405174707
18095,0.5234444780526499,0.6473243134124482,0.0,14.417173974633553
9507,0.4355596781322626,0.8311234584790594,0.0,44.92222546718067
5270,0.46562126967026096,0.7643827013268243,0.0,37.23499350473837
4403,0.45163170008671866,0.7948882541154519,0.0,51.747224130012704
10763,0.4102565228591892,0.8909726494206293,0.0,54.35823984568458
8612,0.5103945097818954,0.672571303706324,0.2,21.956090517371656
4048,0.4880956484153583,0.7172438914835031,0.0,47.018923525086514
19960,0.4183267470393765,0.871492460337283,0.0,8.880508220704112
8479,0.455981639704742,0.7853027340837502,0.0,42.60267332404345
20514,0.4594713951942233,0.7776785911497625,0.0,20.569209220228927
19600,0.48802985487174605,0.7173786969844154,0.0,11.389821639067836
19737,0.5217233725756161,0.6506177691606585,0.0,8.262845389125506
17701,0.5158528919988602,0.6619336471727812,0.0,21.05280111287466
11976,0.5457745165772561,0.6055493618359192,0.2,10.318561680081062
4140,0.46646040924142895,0.7625821299458713,0.0,51.8593956524746
18032,0.375921086480083,0.9783760340021306,0.0,18.892441160598015
2949,0.46619212890453776,0.7631574360396585,0.0,41.60963343249864
4849,0.48312137691708384,0.7274873589346322,0.8,47.80683190339513
19795,0.49459499714341437,0.7040160389006596,0.0,24.40929022356101
8789,0.5353074541443216,0.6249140165082229,0.0,41.77550462581827
368,0.46502148671733085,0.7656716664680774,0.0,55.58393556190788
9386,0.4818739275772563,0.7300727601876291,0.0,40.584744850230564
19624,0.4217595685403436,0.8633198701066199,0.0,15.410259187407574
14162,0.424267331557505,0.8573915234747589,0.2,32.74378273939751
14587,0.415189747672194,0.8790196399396727,0.2,33.56097179774912
1502,0.4776942218504916,0.7387844544297508,0.0,54.23416950519749
19833,0.46889882428744,0.7573682602741716,0.0,28.251729355529445
496,0.4760871416524621,0.7421543708076627,0.0,49.56960655684052
8133,0.45458096531274783,0.7883792397277213,0.0,46.202967990779854
983,0.44791529531359164,0.8031511374044304,0.0,68.4686344637277
17371,0.5276438886710467,0.6393336760963365,0.0,20.99891537182079
9073,0.5249460617577972,0.6444597611775358,0.0,19.759134950157048
14831,0.4000628565580935,0.9161336028243371,0.0,13.28851801381018
18907,0.4818055974485699,0.7302145710843566,0.0,16.839843035793855
11219,0.48148133238612695,0.7308878182024228,0.2,45.02269057710976
9999,0.5300535398702896,0.6347772589148192,0.0,55.552216633693504
5503,0.43524965114429337,0.8318355018406656,0.0,49.028386509337224
6146,0.45813737164811963,0.7805862017440595,0.0,54.27025686733575
810,0.5384297030335058,0.6190983330918282,0.0,51.79407819279426
971,0.42701075936159516,0.8509460685028274,0.0,23.503132749241274
17114,0.4733444139405617,0.7479320075953628,0.0,9.986762102885741
10479,0.44704005403521996,0.8051070820402028,0.0,12.762558038823133
18021,0.5831773263572004,0.5392639770317967,0.0,13.203338810449264
19324,0.5272101020800702,0.6401561342170478,0.0,14.784373123657808
8818,0.4749574168831792,0.7445301276331688,0.0,49.88351855142231
18252,0.4648605096657791,0.7660178976109234,0.0,57.47432192266715
16787,0.4202958489440474,0.8667964134318119,0.2,5.115398815634489
9545,0.4782656618530517,0.7375889229427824,0.8,50.30356510743346
19220,0.5240566251818024,0.6461555371754649,0.0,19.97589840713062
2407,0.48021270348128675,0.7335261409816206,0.0,50.77834878836079
4601,0.4280817407944685,0.8484411184706572,0.0,66.98442695056758
8148,0.5494109786823889,0.5989085224802344,0.0,16.77542785175065
12673,0.5025226465832708,0.6881145722370257,0.0,11.024282842573422
10041,0.49386602732037743,0.7054909983318397,0.0,27.542722445310243
11639,0.5117430502748206,0.6699326348459547,0.8,2.5117785097346035
6269,0.4591989641726889,0.7782716897008208,0.0,56.07447464916996
11179,0.3678756403795556,1.000010331676891,0.0,38.18039667597097
1940,0.48049215798931605,0.7329443712266858,0.0,34.411741584245966
6458,0.5395354282408316,0.6170468277823351,0.2,26.71812776066745
14045,0.3529807702421754,1.0413416987673003,0.8,39.966693524760245
2590,0.47278684696432466,0.7491106327266146,0.8,55.327440042573684
7188,0.47469861515963746,0.7450751707250175,0.0,54.505976047109286
1129,0.5189662991633366,0.6559163320992518,0.0,47.30468266828157
4369,0.42590097587993336,0.8535484107197564,0.0,60.695828007246476
10883,0.5448877652384085,0.6071754408688569,0.0,10.439683478534613
19851,0.5852024936450878,0.535797348660886,0.0,16.36057349253248
12372,0.4302873029778748,0.8433021469448263,0.0,8.46928344729065
16703,0.4916530184822146,0.7099820582808398,0.0,12.118009542843641
430,0.47845828254927736,0.7371862556949199,0.0,32.75134080008631
17496,0.4435309676926928,0.8129876539820566,0.0,9.854833189246698
11781,0.6252371132555321,0.4696243199837387,0.0,6.610666487653178
11107,0.4898824791012555,0.7135897552122002,0.0,4.292598966277728
16346,0.39299010766159465,0.9339708387742223,0.0,14.898234886997948
10317,0.4429751461477618,0.8142416140147856,0.2,65.58716138767393
6736,0.4360920971015066,0.8299018260552266,0.0,40.57805016486921
12740,0.4750456485398571,0.7443443773758426,0.8,4.309753916611644
1522,0.4796708257588009,0.7346551900038039,0.0,17.932933075893366
17645,0.43403676218309956,0.8346260429780269,0.0,60.852587850019795
12410,0.4128473756700228,0.8846773047574743,0.0,6.812014866970241
8248,0.4273122781119583,0.8502402025723613,0.0,85.91677506466428
2040,0.4691360126012829,0.7568625470328924,0.0,15.413505597092763
3943,0.4695685264222415,0.7559410348134766,0.2,53.69449078002165
9736,0.4525521278959208,0.7928523227071494,0.0,58.19536169650141
764,0.48377066696215193,0.72614431314834,0.2,33.87463331637835
10547,0.38434676887886216,0.9562100899379249,0.0,12.72715601438075
3347,0.5168563299920899,0.659990334790846,0.0,46.06765467876403
2759,0.5023808505140578,0.6883967805695943,0.0,43.87152651057721
8544,0.4367055506051952,0.828496108232045,0.0,23.36772792878284
19173,0.48777274733136,0.7179056632904188,0.8,25.525136077378264
16222,0.4353032997645175,0.8317122500149472,0.0,11.095041145517307
13924,0.5264605595107464,0.6415788609248873,0.0,8.487125890769427
14775,0.35661696922407693,1.0310929885269062,0.0,39.37744178250561
18369,0.46834839267103284,0.7585428312299018,0.0,27.83852248485965
10866,0.6307449397285076,0.46085371411937787,0.0,4.218194098954196
15365,0.4891971532421773,0.7149896943966457,0.0,3.660032300847681
18299,0.4560874440023725,0.7850707246888585,0.2,74.62097477752172
12598,0.532778686553392,0.6296491632711927,0.0,12.022835688674325
6980,0.4691360126012829,0.7568625470328924,0.0,15.413505597092763
9845,0.4302873029778748,0.8433021469448263,0.0,8.46928344729065
5089,0.4373313926368904,0.8270640357241443,0.0,42.755078229358645
137,0.49021370189772556,0.7129138566310179,0.0,43.55903827188552
2340,0.4243359017000217,0.857229916400973,0.8,19.116229751799793
18447,0.5360602379768055,0.623508739940891,0.0,7.305340327526233
8520,0.45014741650252,0.7981801576365675,0.0,67.04713171906383
15130,0.5215160625037372,0.6510152044332083,0.0,12.26577720844978
18545,0.48907002684796835,0.7152495955719316,0.0,17.31172215326268
17551,0.5199983578813323,0.653929625332165,0.0,21.051302129500606
12683,0.5625288038209884,0.5753129394217167,0.0,9.803332740130193
6579,0.4613706288285971,0.7735535919036834,0.0,49.65440400198325
7220,0.44428689907014446,0.8112847561503592,0.0,61.00617866935005
94,0.43589131269775444,0.8303623495125408,0.0,23.25845118369162
7018,0.4315392659979189,0.8403967737623688,0.0,72.23210655190672
13097,0.4423412653302816,0.815673601307873,0.8,6.307603797113293
18690,0.5367792023490965,0.6221684378362216,0.0,17.461156946801292
2979,0.4285970457494323,0.8472380887582209,0.2,51.77472012112798
10396,0.3543305737454767,1.0375249774511097,0.0,11.539871749697543
11105,0.4050838635365777,0.9036611628510409,0.2,3.679256319839502
12139,0.575884571177143,0.5518480356303647,0.0,6.027559979710672
20857,0.4811507293935478,0.7315746912429196,0.0,4.544907664694039
7750,0.41893896972038,0.8700300266609424,0.0,57.75694185957015
6159,0.42726233302107847,0.8503570913502072,0.0,65.15861212470963
2554,0.42429613103974945,0.8573236452699459,0.0,18.303865059201613
13442,0.5402152676735541,0.6157875750212468,0.0,10.499793720877221
9100,0.5470886290217516,0.6031444622231187,0.0,16.28489932961744
5345,0.40475981305060715,0.9044614419978286,0.8,28.01433540759355
16858,0.5348255120427988,0.6258147309976058,0.0,8.81209713407283
871,0.5199178193485707,0.6540845196105426,0.2,19.99863593368644
7891,0.5398252379065631,0.6165098253108066,0.0,44.410285172192026
19610,0.5257930057173352,0.6428476689480237,0.0,8.710586190126012
15982,0.6101839945122653,0.4939947369480921,0.0,4.7490183442906115
589,0.47238585652245313,0.7499591347293707,0.0,58.42556547561417
4111,0.49176420033342805,0.7097559449902446,0.0,47.04972495070837
2169,0.5164939996626473,0.660691607793609,0.0,53.85594836204083
18603,0.6380446159851805,0.4493470670711517,0.2,8.184946886724923
13580,0.5144931822687154,0.6645729749742261,0.0,25.38004226918595
3454,0.44946307757280085,0.7997015695503435,0.0,55.01947042555915
10942,0.5617571884336628,0.5766855714989507,0.0,4.978238294959332
3135,0.4873396417008135,0.7187939827577924,0.0,24.4677478311508
17987,0.4215570931587087,0.8638000583792375,0.0,26.313508948863948
1779,0.4743202373491656,0.7458725791843357,0.2,50.014486024827875
17026,0.4336666490012984,0.8354791298726422,0.0,59.69916275485763
19609,0.5257930057173352,0.6428476689480237,0.0,8.710586190126012
4093,0.47877823269859243,0.7365177685318555,0.0,52.82673863370272
3884,0.47443343369147634,0.7456339580410337,0.0,64.19199448497619
21047,0.5166339991249576,0.6604205872359792,0.0,26.48286580009323
18070,0.4779788493706523,0.7381887956482123,0.0,26.646769938272673
13132,0.495418723601515,0.7023519677248281,0.0,11.350358339432434
7803,0.41174166657772254,0.8873591491632673,0.0,44.50106268454046
13556,0.570295876926007,0.5615999705038404,0.0,17.3371533878249
4758,0.43610715665310396,0.8298672936899809,0.0,44.37300520662488
10702,0.6026655633102542,0.5063928574903082,0.0,13.639691828992351
18051,0.45785875130659537,0.7811945456947265,0.0,17.744834224656536
20099,0.5006458073253902,0.6918563993258097,0.0,5.905028572572168
16755,0.5165590451437677,0.6605656791560944,0.0,4.447951918763721
2896,0.4373313926368904,0.8270640357241443,0.0,42.755078229358645
21074,0.5571013957831952,0.5850080165138906,0.0,21.101238977125753
17730,0.5148310002276977,0.6639165870706758,0.2,15.216968542892804
4856,0.4617611346979574,0.7727075460669289,0.0,70.76455848367912
17783,0.5659203057892209,0.5693020131850982,0.0,16.808357227475415
12118,0.5980763258566917,0.5140368979643269,0.0,8.795171392800963
3613,0.47372333386877746,0.7471318115179202,0.0,39.63534203100933
17596,0.5177253450422462,0.6583103992661729,0.0,15.662849873189828
6823,0.49652746911206347,0.7001164715246635,0.0,47.047824749871474
17958,0.5276438886710467,0.6393336760963365,0.0,20.99891537182079
2446,0.4504306220640385,0.797551215870888,0.0,45.26502010862885
15032,0.42666257165670013,0.851761808462251,0.0,33.30388703579536
14654,0.4039008102246913,0.9065859504115847,0.0,14.278728070541657
18323,0.48161315918772474,0.7306140614660394,0.0,25.93862401708447
14294,0.46619682788478484,0.7631473565975696,0.2,25.065575859023536
3228,0.5384953238087905,0.6189764661582342,0.0,17.37621580729558
13584,0.5996172317209173,0.5114637744726512,0.2,6.831621327360647
3750,0.4668327043398937,0.7617843203128755,0.0,64.78213929684131
20198,0.4718757556706249,0.7510395575589384,0.2,12.232932035616098
10684,0.45919687181540875,0.7782762462486582,0.0,24.017605434255717
9066,0.44057362636466896,0.8196777048606149,0.2,64.71355542411001
17846,0.5126185814278506,0.6682232163376206,0.0,21.483711352957393
4282,0.47616061300733165,0.7420000593805035,0.8,44.56007220007002
5288,0.45402823611592524,0.7895958887868201,0.0,43.850204551223996
18254,0.3605316651600806,1.0201754893320871,0.0,12.270160853608104
9615,0.4887099907113707,0.7159860314704031,0.2,17.528053998189158
4905,0.5099002067241827,0.6735402455000802,0.0,36.886431133715554
11157,0.5992051017057611,0.5121513326201774,0.0,1.9725509972763269
19168,0.48071338851657774,0.7324840523448976,0.2,9.56697411267374
18281,0.4048618961619855,0.9042092671592399,0.0,26.411954021695976
15869,0.6194911365441798,0.4788568854500303,0.0,7.242614034320489
19996,0.5132574892787404,0.6669776313167042,0.0,19.16160106724066
14769,0.5583984640998523,0.5826824780752708,0.0,10.014272173828374
15323,0.5300694000746251,0.6347473374712976,0.0,6.774372370370903
11206,0.5050716973738423,0.683054884786566,0.0,7.60035160400551
7904,0.5361482880218121,0.6233444994166466,0.0,44.6604514491792
1860,0.5154682018586427,0.662679661504011,0.0,36.31484241691305
973,0.5116854880983109,0.670045123748525,0.0,16.528340339363723
5828,0.4555067471498252,0.7863447497687229,0.0,40.20580489591445
490,0.4315392659979189,0.8403967737623688,0.0,72.23210655190672
19524,0.4914059591698125,0.7104846920458935,0.0,23.96464969261591
13009,0.5641139281987237,0.5724990475310552,0.2,9.88391043288223
12488,0.6068347256220106,0.49949880568637073,0.0,3.601386288963304
2508,0.4531847219671111,0.7914554618548018,0.0,46.498005364806616
19673,0.45047902847220295,0.7974437546883327,0.8,6.30060350429537
5951,0.4807950758909242,0.7323141373050059,0.0,43.254130720683015
559,0.4510728453404248,0.7961264329205163,0.2,66.97413616943844
5968,0.5040978910307535,0.6849848015350081,0.0,38.987624740817324
4659,0.5217982054593027,0.650474345420527,0.2,55.90859554368143
17107,0.487263309879055,0.7189506246431692,0.0,5.433828884132389
12049,0.6084695584716314,0.4968083949684346,0.0,4.47599548463103
11133,0.4385849103432885,0.8242018477322544,0.0,26.401248265629476
11228,0.48311758353926604,0.7274952107766155,0.2,70.36843011864397
3310,0.47537385152812794,0.74365372866484,0.0,62.75694054494948
6391,0.5085223764083058,0.6762460597256045,0.0,17.119169363108035
10951,0.34758497903472885,1.0567460998884655,0.0,17.195371860149145
14910,0.4789695454706764,0.7361182629856371,0.0,2.512923671126023
8480,0.45215919199325977,0.7937209664805387,0.0,43.05936243156923
15578,0.5101546168661907,0.6730414288847385,0.0,16.49725362079269
12339,0.5440295797399816,0.6087516590824102,0.0,8.80772346303317
17113,0.47053803174670755,0.7538784906056133,0.0,10.129488753140146
21122,0.5415920210442507,0.6132422896856294,0.0,8.586619036116925
13648,0.5629002767875754,0.5746527947951419,0.0,12.998646700533925
3152,0.4687600382965929,0.7576642868940835,0.0,32.69321224532378
1780,0.47422039714640923,0.7460830924707341,0.0,49.63317886504804
19144,0.5179405984943011,0.6578947180197291,0.0,14.858847745118442
2903,0.4322693756972785,0.8387063302127646,0.0,23.493842592159687
14495,0.36547905481410053,1.006546307004507,0.0,16.90041545290628
1177,0.48907002684796835,0.7152495955719316,0.0,17.31172215326268
20661,0.5257281664614645,0.6429709936278656,0.0,20.861193692036927
107,0.4263134045346138,0.8525805118052188,0.0,66.11761804002741
4085,0.48996565653455487,0.7134199790387828,0.0,54.22348899033868
16280,0.46040815037595934,0.7756418994762473,0.2,10.161296417081193
19732,0.5138393234708516,0.6658446626478767,0.0,10.151800976720313
10738,0.4489747795057097,0.8007885631833995,0.0,22.72109400601616
12529,0.5638875706592102,0.5729003901583143,0.0,6.482940806289719
11445,0.5210839172415336,0.6518441806375944,0.2,24.891322418930233
19314,0.509558507549208,0.6742105996458372,0.0,23.395108322092412
1776,0.46837735827026805,0.7584809868763857,0.0,44.75037822570676
8582,0.5461383494327972,0.6048829480948015,0.0,47.13550326879834
20623,0.4581928997523417,0.7804650050401567,0.8,16.959114928422107
2190,0.4732288080221823,0.7481762695632103,0.0,59.502460659126974
8930,0.5123154325665988,0.6688147644098917,0.0,52.88652800597737
18240,0.3691252623860653,0.9966192280857522,0.0,10.75950119021558
21014,0.5205124980963378,0.6529413795029254,0.0,5.061274876556521
20305,0.5405764861812773,0.6151191418658599,0.0,21.849032787277867
18173,0.5181371452597151,0.6575153125765437,0.0,24.02758095885057
16464,0.4882762886868454,0.716873867998223,0.0,5.158623741552093
16762,0.5023973224955449,0.688363993270007,0.0,4.619507340379851
20216,0.2624740684701407,1.3376029886106102,0.0,6.26432881116808
3172,0.4882913922170228,0.7168429361325184,0.2,48.47650355596156
7259,0.49153051223697963,0.710231261490701,0.0,51.236082770448405
17273,0.40197821655341226,0.9113573795094002,0.0,12.373954264040481
3119,0.49318086444918785,0.7068793072094653,0.0,29.409714601131416
20777,0.4316081732125008,0.8402371087698125,0.8,25.642777280955592
9470,0.45205944832398576,0.7939415849575999,0.0,49.18865234979856
19813,0.4962400250246902,0.7006955478886727,0.2,24.48230415391271
6246,0.46029649944286366,0.775884433134929,0.0,32.21860226983362
6414,0.48497936960543775,0.7236489258453779,0.0,12.40370532579847
12158,0.450604739392928,0.7971647330789691,0.0,12.296265969731321
5254,0.48123987646001837,0.7313894295286358,0.8,54.55068272181555
6044,0.4729173082774368,0.7488347297114558,0.0,52.31359753127255
7665,0.4689377871941855,0.7572851692404224,0.0,48.61770844299786
21020,0.3190759828641227,1.1423260137635936,0.0,12.703808202596392
8851,0.40012651423571965,0.9159744962925987,0.0,27.022620847636375
931,0.4755465670924184,0.7432904688950261,0.0,53.59124167316014
17229,0.507263960717443,0.6787237782942898,0.0,8.118724499365445
17909,0.4563539675194709,0.784486526029497,0.0,22.903082391735573
11156,0.6114030549732403,0.49199887285283506,0.0,1.894933792985807
2650,0.4767518122861206,0.7407592331745482,0.0,58.77998720018571
7643,0.5039085972411778,0.6853603820377198,0.0,13.943657155568376
6545,0.49221620843730535,0.7088372109755382,0.0,45.45418615380639
12333,0.5879695350965568,0.5310801434860271,0.0,7.964608774098069
14820,0.36124665310851994,1.018194304349915,0.8,13.345981436435693
20492,0.4989673565826736,0.6952146030404402,0.8,35.129193042982806
16393,0.44989155913224144,0.7987487049641766,0.2,6.468749618581007
10251,0.5106310030634494,0.6721080571315656,0.0,9.108677469091209
6138,0.3927477941616534,0.9345876182551679,0.0,34.579741875441215
7596,0.47098867138009665,0.7529212375265368,0.2,56.935903177550074
11136,0.4383395584291174,0.8247614213997941,0.0,22.81496470720089
15728,0.483165033684929,0.7273969990425838,0.0,1.9572433905424524
6376,0.49015109877520946,0.7130415705647662,0.2,23.744285115818037
19698,0.44920532393989815,0.8002752041402251,0.0,13.966802511808059
8718,0.5471619972027795,0.6030103646418525,0.0,42.0705267192954
11987,0.5029761896384116,0.687212446705774,0.0,1.6274393769057311
19471,0.4831922886947532,0.7273405913159589,0.8,23.629114822226864
12620,0.557802676702245,0.5837500051228777,0.0,5.288775430541369
1055,0.5080812756285115,0.6771138528062058,0.0,52.70992611526973
12073,0.5417969606910117,0.6128639589980177,0.2,4.890654550611789
12543,0.6271113339778749,0.46663118795930925,0.2,6.213194405632598
142,0.43483076568165957,0.8327983680008412,0.8,59.56590454200963
12768,0.42369687992976923,0.8587369852432244,0.0,11.954907731174472
16181,0.4757994069408134,0.7427589275604345,0.8,5.242317933496653
17060,0.6441616489237428,0.43980557672936854,0.0,4.495252885314858
15229,0.493150368976637,0.7069411433787502,0.0,5.321711597916065
15624,0.6150005968989889,0.4861320406086286,0.2,5.489889010345323
3695,0.43589131269775444,0.8303623495125408,0.0,23.25845118369162
16076,0.43344964296141253,0.8359796533812598,0.0,5.359465469332248
6907,0.5424231406495407,0.6117088798265913,0.2,17.852418811364323
1652,0.42659473331495495,0.8519208187431894,0.0,19.16821842172176
17719,0.44920532393989815,0.8002752041402251,0.0,13.966802511808059
18955,0.4477732622105259,0.8034682858218422,0.2,14.06270333544808
16422,0.43551624337275413,0.8312231851698614,0.2,80.38759347676975
12370,0.49843149254470615,0.69628912621639,0.0,10.91050237559536
1171,0.515482649559559,0.6626516335899794,0.0,13.9819497215301
5062,0.43632599750212625,0.8293656143290582,0.0,64.13898902483082
18891,0.45042159936174325,0.7975712473523695,0.0,13.183055182475984
3908,0.4392202549895836,0.8227542719322192,0.0,59.75252586051894
9113,0.42456516439972547,0.8566897764142699,0.0,28.617724203366947
1497,0.48964233772677473,0.714080077407547,0.0,17.253246454938278
14821,0.3951831376791075,0.928405981834745,0.8,12.0808831042437
9782,0.4986953431734229,0.6957599044054358,0.0,19.629473726483056
16333,0.4339751838877136,0.8347679264987964,0.0,18.906241354648508
15414,0.634231092387575,0.4553418919245161,0.0,4.1950646601
3329,0.4376432303229867,0.8263512431673856,0.0,23.147750304885008
15390,0.5610844219208522,0.5778839000737271,0.2,4.293388495117964
15998,0.4520732116851988,0.7939111395112116,0.2,12.646050707540345
15564,0.5780816388973593,0.5480401765166637,0.0,6.020769412661785
15204,0.43846114955723353,0.8244840695961562,0.0,5.747478216413176
3991,0.46871436471919264,0.7577617265197191,0.0,64.63328507599627
10358,0.4924557178627035,0.7083507353815368,0.8,15.012077696986783
10175,0.5027441838639284,0.6876738190408909,0.0,55.18238487442141
4239,0.47364706126843936,0.7472928311167897,0.0,32.7837357028987
14423,0.47374794905796686,0.7470798517601133,0.0,10.779241059744566
3708,0.5359417071591991,0.6237298791256232,0.0,42.600752647752586
10831,0.425643803481913,0.8541524245357576,0.0,10.218439129677385
2766,0.3610017859626562,1.0188723733965181,0.0,15.79761529444129
11713,0.5564396100107063,0.5861966316559646,0.2,5.855518061928761
18900,0.4993220955093205,0.6945039094819044,0.0,22.505399663639103
12178,0.5613026937255353,0.5774949579620582,0.0,5.317284814420809
7242,0.45496714977363517,0.7875300609373123,0.0,47.251803656238735
19160,0.49913336092875465,0.6948819625669905,0.0,4.731451293721696
12016,0.5370454607014825,0.6216725312566758,0.0,4.443000249618177
9250,0.3699019823296091,0.9945172210620922,0.0,13.073426548684656
4205,0.46313350918790896,0.7697399096853867,0.2,64.84289128387985
12526,0.3308830327806515,1.105990341341874,0.0,11.367368329614546
4872,0.5790094008478952,0.5464365651887994,0.2,42.197197571912454
18718,0.47254895319249746,0.7496139327747234,0.0,5.672702807171671
34,0.44161940018796286,0.8173068533991545,0.8,63.98286689364168
12311,0.4096569568830088,0.8924351600339159,0.0,5.037796461369605
12382,0.42332037824485236,0.8596259912370929,0.0,5.270122072131128
9031,0.4362218514509268,0.8296043314419799,0.0,58.17600057767946
11970,0.5650187571278938,0.5708963499303034,0.0,9.728074325483586
674,0.4738405196431329,0.7468844703503175,0.0,43.713278103255576
4497,0.5286307036537743,0.6374651936449028,0.2,44.86033877271292
12742,0.42051030874156625,0.8662862844319009,0.0,7.28286884939753
11742,0.4096966510473846,0.8923382686209224,0.0,14.815046708988925
9811,0.44352210461791797,0.8130076371714549,0.0,23.75608376291862
18278,0.5049155244760509,0.6833641419645924,0.0,11.044531222025919
8653,0.43622864935434696,0.8295887479712523,0.0,60.30280495076355
6382,0.4865301220673447,0.7204564634097951,0.0,22.942934208425083
6394,0.5020869112160973,0.6889820443631173,0.0,17.186658200506287
14307,0.611239995774642,0.49226560515784473,0.0,11.027980294662388
9148,0.4730912561595649,0.7484669785290085,0.0,49.60277714932173
21243,0.413401804795664,0.8833352660070275,0.0,5.125552889429919
9520,0.45000819896756317,0.7984894764558343,0.0,18.103752380805297
18099,0.5231080880928186,0.6479671668768566,0.0,14.43149157408801
10245,0.43082409589164933,0.8420554023679677,0.0,6.534770710768723
2466,0.3982591393542825,0.9206523816686507,0.0,57.770943973728095
3499,0.4453564295817806,0.8088803520651462,0.2,61.28481629488074
19427,0.4558511325947003,0.7855889863767089,0.0,16.811604008783156
20982,0.5858025714894339,0.5347724548927205,0.0,2.241124505556165
20569,0.498258308178042,0.6966366453106589,0.0,5.569609899534981
5990,0.43592492061676874,0.8302852508815526,0.0,13.151721667942141
6381,0.4873396417008135,0.7187939827577924,0.0,24.4677478311508
21155,0.42967349334589455,0.8447296765225498,0.0,6.526719286968309
5975,0.41460040413214483,0.8804401042290159,0.0,44.154072570530126
10928,0.606110961184531,0.5006922054094598,0.0,7.19119201506715
20732,0.41965088201562023,0.8683321466668277,0.0,25.48988893980775
20284,0.42716871001191303,0.8505762383727868,0.0,9.83857268806272
14113,0.3819792777569406,0.9623889185565473,0.0,13.975330328381554
13064,0.4794740022464701,0.7350656045926056,0.2,6.914063980936316
8451,0.5091781586333871,0.6749573067117932,0.0,22.00698267636708
19558,0.5486051841912265,0.6003762506668738,0.0,13.622836612648832
941,0.43589131269775444,0.8303623495125408,0.0,23.25845118369162
5068,0.43664403794943996,0.8286369742876615,0.8,66.01129169979116
18697,0.5400345246685522,0.6161222068961517,0.2,22.020207533449284
10085,0.43845786445656815,0.8244915619657203,0.0,3.148238502838338
15114,0.49846467314936294,0.6962225583915536,0.0,10.036744656736953
17280,0.5719829364689839,0.5586461193952329,0.0,3.5236602009618423
6468,0.508633863110224,0.6760268471837488,0.2,43.96540590344161
14580,0.583822548906624,0.5381581969390213,0.0,2.106620132584431
16941,0.47049562503262343,0.7539686185490877,0.2,28.94259270447889
17662,0.4017865175539548,0.9118343822813747,0.0,14.805910521415912
12334,0.5886001117888353,0.5300082532595151,0.0,8.071494979229971
7500,0.47016546370524065,0.754670595796565,0.0,32.62176817525479
8965,0.5160084842189542,0.6616320713509523,0.0,14.555905569720952
6869,0.4911885456101406,0.7109272216186976,0.0,18.15992539379144
14091,0.43696855273973484,0.8278940481698844,0.0,8.871298177332466
20567,0.5168069594276403,0.660085860219663,0.0,3.764337745766718
9222,0.461263560312833,0.7737856850073314,0.0,60.38623556639409
20925,0.5506579416686517,0.5966414581222357,0.2,20.38127211841531
3434,0.4737716365313883,0.7470298528497231,0.0,42.860840656945605
6210,0.5043753964240038,0.6844344539874694,0.0,17.288814464378092
4688,0.49273067893315536,0.7077925444067417,0.0,54.88931127873996
10682,0.4983847026658044,0.696383004865555,0.0,20.57811859072425
19709,0.5059358557057893,0.681345385110198,0.0,29.98941800932834
15541,0.48759832235582684,0.7182633219965531,0.2,28.041358655235303
9853,0.35830619781585743,1.0263673569814338,0.0,15.913825008635367
4816,0.4761064470852082,0.7421138214215355,0.0,33.154673281045746
15071,0.3529807702421754,1.0413416987673003,0.8,39.966693524760245
10208,0.3601539140011181,1.021223800008697,0.0,37.7852806003218
13407,0.4136229769132054,0.8828004038657575,0.0,11.047761999768097
11277,0.34173696426279354,1.0737139481793387,0.0,8.945647304611963
19251,0.5224843463874048,0.6491602546591206,0.0,25.227665499589968
706,0.43756670297903894,0.826526120853826,0.0,40.6650826236507
12550,0.5139442157882408,0.6656405490115969,0.0,6.194450627890947
2703,0.5361144455318922,0.6234076229196317,0.0,17.486583347273395
12789,0.45130853051986675,0.7956040702230894,0.0,8.205860104096978
9196,0.48555125615336536,0.7224704228719758,0.0,57.59172711347385
12739,0.5844046020742435,0.5371617242662305,0.2,9.454046551996594
7966,0.4117010196240411,0.8874578735903478,0.0,74.1426664241217
11095,0.32842090831101683,1.1134592362228097,0.0,15.754334123798863
21120,0.3960751455897123,0.9261513241399271,0.0,17.9877096289818
1650,0.508633863110224,0.6760268471837488,0.0,43.96540590344161
9612,0.4888168836638964,0.7157673306740284,0.0,17.40048226996162
6638,0.4682380499792358,0.7587784585831984,0.0,42.207048864180294
456,0.4360920971015066,0.8299018260552266,0.0,40.57805016486921
12470,0.3853232780115754,0.9536726138840771,0.0,3.6039764844045754
2585,0.4513622029306356,0.7954851510893607,0.0,47.51433074495835
13770,0.48785588463767926,0.7177352351094568,0.0,17.58451394466735
14494,0.36259513607996763,1.0144683947613726,0.0,17.03343126490986
18760,0.5276438886710467,0.6393336760963365,0.0,20.99891537182079
582,0.46816518696320997,0.7589340817448842,0.0,53.132976684217454
1063,0.4808974334334707,0.7321012677194771,0.0,45.9430130449596
6291,0.5206382225089635,0.6526998690073774,0.0,20.482048757275304
4893,0.4589292162207442,0.7788592938403445,0.0,53.54540583323079
16165,0.5379942854975445,0.6199073406285399,0.0,16.15788634692855
21017,0.4733324084554968,0.7479573710241096,0.0,4.80076416764608
16149,0.5848708342346781,0.5363642523093831,0.8,7.128549439057154
8249,0.41497215740918825,0.8795438515823817,0.0,73.17804912269287
2202,0.45633244833394376,0.784533681734145,0.0,74.29534025877523
15526,0.5715613093441007,0.5593835235587054,0.0,6.131543218420437
10613,0.5231644815488086,0.6478593680915671,0.0,4.746865681448244
18942,0.5212290604478196,0.6515656784787786,0.0,14.511637440294011
5085,0.4362313560997411,0.8295825431128582,0.0,60.302353919615406
435,0.4664265699358162,0.7626546774385106,0.0,37.56074577314337
13850,0.49296010303025817,0.7073270351305185,0.0,18.622506229484586
5387,0.4057943572701589,0.901908756886315,0.0,94.27201418974562
1719,0.5450557743270629,0.6068671513402966,0.2,18.782538796985065
2738,0.48377066696215193,0.72614431314834,0.2,33.87463331637835
12341,0.6363795149218564,0.4519601720342937,0.0,5.595492837458741
16821,0.5308496007360416,0.6332765356448279,0.2,2.832877170959752
2311,0.5103950647079039,0.6725702164577425,0.0,15.213538219304583
9976,0.46330789615889634,0.7693634434090728,0.0,52.0936039186323
8593,0.35735845126467713,1.029015935771604,0.0,38.07358962354934
9004,0.4253201308932092,0.8549131444469967,0.0,62.73993904035094
8462,0.4828690226951331,0.7280098366482673,0.0,48.88586164178601
190,0.4157827494918534,0.8775923919324353,0.0,63.18665221913535
10934,0.5604480708513689,0.5790186886632195,0.0,5.402881278275512
11334,0.45253170922431485,0.7928974426634938,0.2,10.763185645812271
5429,0.367919110120442,0.9998921744301659,0.0,49.02971643489769
13593,0.566602057604219,0.5680980600988114,0.0,10.896972645056742
20042,0.4805956011120122,0.7327291086304951,0.0,5.59449697072897
12553,0.36810078608669444,0.9993985030745995,0.0,8.51137722848484
13905,0.5388381022934204,0.6183401199948425,0.0,10.179732989764869
9699,0.4906826901717793,0.7119576122945467,0.0,60.07711606953076
2312,0.5090519349232595,0.675205234388598,0.0,15.195493877186504
32,0.434877734918768,0.8326903565530476,0.0,65.86996709749181
5752,0.5385408102881865,0.6188920001352607,0.0,18.8947708282033
19596,0.4697850180846511,0.7554800972516637,0.0,24.213136540530247
1026,0.4762449096367208,0.7418230410251809,0.0,36.46801775377435
4620,0.5370885960797862,0.6215922146927337,0.0,49.23631638554064
1576,0.4887899804141096,0.7158223696693182,0.0,24.774612651158403
15145,0.42635817000193166,0.8524755113133627,0.0,8.586132966219742
3132,0.49367712078269466,0.7058735771393576,0.0,21.638553645544924
19868,0.4915276892681833,0.710237004729081,0.8,5.110865556473285
9638,0.4812103123456603,0.7314508646339768,0.0,42.808162968808944
15274,0.5199388080153765,0.6540441512246395,0.0,4.481837677253315
1773,0.4685436306927498,0.7581260531601257,0.0,54.88832740560166
18733,0.5579962548975222,0.5834030282765353,0.0,13.009887641842036
20599,0.4507323042260898,0.7968816761805166,0.0,31.33259082029292
784,0.47130669856500995,0.752246232199901,0.0,34.9625249457729
16523,0.4153292359198215,0.8786837337130967,0.0,6.001849144245891
18550,0.47049562503262343,0.7539686185490877,0.2,28.94259270447889
5213,0.4899763656158584,0.7133981224777581,0.0,45.52550292761277
7409,0.4359415073339662,0.8302472021239271,0.0,13.626019209577137
2812,0.47891301201317293,0.7362363013758915,0.0,53.137857298619856
12243,0.47595888554975296,0.7424238033767201,0.0,8.158495059189773
10595,0.538281783613352,0.6193730945723526,0.0,9.128320615827475
8466,0.43648979008523764,0.8289902943878669,0.8,64.59906489535811
17924,0.6024833859668651,0.5066951891562588,0.0,5.666372103179789
2060,0.5014955412406553,0.6901605624658216,0.0,18.306508656130553
3066,0.4753351689199031,0.7437351050006362,0.0,43.44528400239773
15280,0.5700666357840516,0.5620020201020837,0.8,5.5628928298835705
7522,0.5062012420094354,0.6808209772798219,0.0,21.72159374759538
4852,0.4675920649240261,0.7601590193228528,0.2,47.14505982659998
8083,0.47815893677849597,0.7378120980370897,0.0,42.98493159324774
4752,0.5619091236433563,0.5764151438657887,0.0,48.482278102367374
3975,0.5047909283256938,0.6836109387452681,0.0,58.041985919680975
17735,0.5334637074978431,0.6283642377373322,0.0,26.869798176579586
11689,0.557661294765094,0.5840034995279406,0.0,4.804596650265184
16262,0.5980813570956992,0.5140284856302689,0.0,4.147181862262702
5344,0.4977782611788415,0.6976005597915887,0.0,23.788179355006676
5668,0.43268821185845024,0.8377378753429923,0.0,23.38713130827231
14574,0.512538417569455,0.6683796096678859,0.0,13.14034366150047
16382,0.5213375769699155,0.6513575066102512,0.0,9.594170584940034
5847,0.4809868626180284,0.7319153218938045,0.0,53.9019014238781
15090,0.49488701237155264,0.7034258003034785,0.0,12.11826861873373
14808,0.43341639944829236,0.8360563515364766,0.2,1.9875819626436102
11061,0.49023125130142886,0.7128780577753088,0.0,4.3510512317502785
13789,0.5257804717119076,0.6428715075207859,0.0,11.240608701378571
3832,0.4359579722156753,0.8302094342800478,0.0,12.351860929070881
18782,0.4466573117007777,0.8059636188781001,0.0,7.807369413123273
3846,0.44759154860853345,0.803874184294267,0.0,50.30242769552108
3160,0.4469912553157549,0.8052162476119297,0.0,68.2823402548166
11626,0.532429180234599,0.630305385107761,0.0,9.123985669451274
19193,0.40213023397156855,0.9109792777250748,0.8,27.195008853536695
2619,0.4062606607770136,0.9007603037698538,0.0,34.39733568552455
18419,0.5266337304929626,0.6412499806234351,0.0,9.363852817591965
17621,0.5249978890515691,0.6443610372527511,0.0,18.119432908316668
21113,0.3492909614423327,1.0518500037070293,0.8,6.773914084060609
8259,0.5188416480275071,0.6561565521452947,0.0,55.602706078609955
18092,0.5179405984943011,0.6578947180197291,0.0,14.858847745118442
14655,0.5861947898438066,0.534103138762915,0.8,7.4750407800977605
1199,0.4777366676148424,0.7386956028658194,0.0,26.41944496773192
14351,0.34006327104395456,1.0786235873790204,0.2,29.832033184614442
13966,0.4913339694454402,0.7106312002367279,0.0,17.275444775947573
8538,0.5059061911891468,0.6814040197888852,0.0,21.82877766996294
15283,0.5216989204914756,0.6506646381691269,0.0,9.636343098922902
19039,0.4103563816137,0.8907292733916649,0.8,39.82895619776026
1793,0.4786548108450133,0.7367755867784578,0.0,49.88523056849572
236,0.5304062638871057,0.6341120304383152,0.2,49.68458032731614
12084,0.46632481177343515,0.762872866689752,0.0,12.099163403787852
18913,0.48133614826735693,0.7311894000136958,0.0,16.890840813115837
16603,0.44585313658025616,0.8077656713687865,0.0,17.669874061192203
14371,0.48110852215267585,0.731662416543209,0.0,6.22278893643211
3136,0.4840867713190866,0.7254911087492799,0.0,23.07061670472131
4629,0.45074181954362236,0.7968605656077736,0.0,43.98431456099439
6024,0.5137176321103176,0.6660815183480729,0.0,52.48722567854763
2679,0.5416611513337756,0.613114655091277,0.2,18.237094760812937
1212,0.4873386198832293,0.718796079485758,0.0,37.023383360774645
1863,0.46855029808619636,0.7581118232238474,0.0,43.970485746983144
8797,0.48248865651026734,0.7287978683027367,0.0,39.89803852179322
17767,0.4488213446477225,0.801130366529066,0.0,34.452612268282024
16984,0.5199178193485707,0.6540845196105426,0.0,19.99863593368644
13798,0.5583046165722526,0.582850557718723,0.0,3.534405857601883
11207,0.5071129238530993,0.6790215706981926,0.0,7.645782717694637
9804,0.5512726436986216,0.5955257760604161,0.0,48.565128855127384
7812,0.486382737385534,0.7207594395324892,0.0,26.985234488393232
19343,0.43233842996268523,0.8385465947463451,0.0,21.3389146617357
17265,0.40031545292256293,0.9155024103748075,0.0,14.421452208360192
20759,0.48137941781429255,0.731099509399086,0.0,10.23685592185774
15180,0.48068543634949024,0.7325422012969711,0.0,13.123494206897654
8560,0.4975031588666647,0.6981533729229145,0.0,46.80420275993068
16308,0.46888851619188254,0.7573902441400502,0.0,10.198259933490261
17354,0.6030887348313054,0.5056909374738042,0.0,1.9236483965609623
15462,0.47917278136024033,0.7356940339605313,0.0,5.434203544043262
19774,0.4988011611787002,0.6955477372344981,0.2,11.206665466025328
17609,0.5393063990892457,0.6174714111628169,0.0,16.84461934277236
3636,0.4897894087617815,0.7137797582956958,0.0,50.34288548128224
18392,0.5433441786617501,0.610012313321504,0.2,11.533502847528883
10926,0.6163730530368685,0.4839028931743408,0.2,4.911614642611016
12770,0.4469083036890897,0.8054018425729467,0.2,6.503136307852703
341,0.4687017259189717,0.7577886917069991,0.0,48.574253982124866
8982,0.47686490118916064,0.7405220542283906,0.0,51.83654379598735
6573,0.4217954590995648,0.8632347765251299,0.0,66.11083456986204
14036,0.37269453800018304,0.9869961278224965,0.0,12.5283360856444
4529,0.4360459837530918,0.8300075738707848,0.0,22.480760710850817
617,0.4863613182331785,0.7208034781513535,0.0,37.12677943161496
13771,0.4884493760034973,0.7165194443873338,0.0,17.554727070815872
15573,0.49557835543645073,0.702029803634352,0.0,12.722534071931385
7920,0.5322188585660184,0.6307004859554619,0.0,46.87996827591657
19638,0.5378200350816715,0.620231282063532,0.2,20.77464613023952
5417,0.4648221148415561,0.7661004953130481,0.0,61.39988730477949
16525,0.5831708475865196,0.5392750865286444,0.0,4.5636153426047334
11360,0.5280621242521853,0.6385413426286869,0.2,3.5621664608087222
13586,0.5982655817135822,0.5137205070441866,0.2,7.605632508525266
20036,0.5134128932691021,0.6666748973639375,0.0,5.096062792106537
8450,0.524927659217949,0.6444948178505098,0.0,51.96883855561269
15295,0.5720321711562482,0.5585600459037791,0.0,6.103944166721336
14288,0.4388229933537368,0.823659151421249,0.0,26.37974516882962
6278,0.49134348069015665,0.7106118424205585,0.2,22.561927352237255
17828,0.44570888149263205,0.8080892721637032,0.0,32.12760899143915
12547,0.4509048784338486,0.79649887428817,0.0,7.655149969797516
505,0.4659832064780198,0.7636056831066771,0.0,42.03649227243767
90,0.43589131269775444,0.8303623495125408,0.0,23.25845118369162
11611,0.5710719965423745,0.5602399887590735,0.8,10.12493705793387
721,0.4359415073339662,0.8302472021239271,0.8,13.626019209577137
19994,0.508138193409928,0.6770018341267566,0.0,9.0251116728437
12119,0.5512780023024997,0.5955160556835835,0.0,10.233943950775048
19087,0.6245003005112781,0.470803468213613,0.0,7.939393668405653
8754,0.43603816140407314,0.8300255133071622,0.0,22.48124660060556
2971,0.4748189439246102,0.7448217182965381,0.0,46.89398038458414
3698,0.4041439158093868,0.9059842372038925,0.8,75.22840445403857
8778,0.5250323889707532,0.6442953250158401,0.0,19.116242342375806
1186,0.49828757176432775,0.696577915277485,0.8,68.75223811210067
18155,0.5116168935390788,0.6701791888314678,0.0,12.07026288890346
8971,0.48377066696215193,0.72614431314834,0.0,33.87463331637835
12723,0.46198334759620596,0.7722264327140611,0.0,12.578023482076794
14117,0.6387070463144161,0.4483093861998637,0.2,1.7672355610660768
957,0.43615863064689214,0.8297492700449007,0.0,53.684778404953526
14877,0.164359206045725,1.805700965559485,0.0,12.84241560834398
4931,0.5083733204027806,0.6765392186150759,0.0,21.456441421608826
9681,0.4776344191317,0.7389096526417677,0.0,23.295974186411996
6098,0.42549844890416577,0.8544939763239641,0.0,11.203057680772194
6609,0.47290566016105884,0.7488593603596155,0.0,38.525069565166675
12135,0.5617520856315626,0.5766946551838263,0.0,9.826877452312127
9536,0.4926683866892724,0.7079189748979795,0.0,51.05157806298629
6255,0.4680338209089203,0.7592147187762145,0.0,41.80995143513788
4213,0.4247860696099843,0.8561696024122919,0.2,33.43342232099444
12072,0.6004631630426438,0.5100539831527934,0.2,3.9363419652079594
6155,0.44777791572870906,0.8034578932986723,0.0,58.8713677511393
11085,0.6245003005112781,0.470803468213613,0.0,7.939393668405653
323,0.4541684281816834,0.7892871625551947,0.8,61.47362933081905
8636,0.4094722769809287,0.8928860776610116,0.8,49.15784327811421
16324,0.48960491239442544,0.7141565143490097,0.0,8.289571794791947
10464,0.41556695058351,0.8781115450954681,0.0,33.526300734588204
17101,0.33679884646913266,1.0882694215927147,0.0,8.186506246518082
6118,0.4202722903419394,0.8668524674291337,0.0,66.83432722285404
17045,0.46444365919755076,0.7669150215239605,0.0,9.563429974651822
9150,0.4888005140816533,0.7158008194034279,0.0,47.21422139251488
10761,0.4102565228591892,0.8909726494206293,0.0,54.35823984568458
8707,0.5184758656086599,0.6568617989558414,0.0,17.636738926105004
8229,0.5436718763616454,0.6094093825583232,0.0,17.6149797836527
3990,0.45240508261091833,0.7931773000311364,0.0,62.339772377046806
6611,0.4615303101669182,0.7732075496944549,0.8,41.37820154997031
5805,0.5241324616302709,0.6460108372361982,0.0,54.310130889300325
2279,0.48377066696215193,0.72614431314834,0.8,33.87463331637835
12059,0.4489033442895924,0.8009476832563245,0.0,5.443841221169136
14662,0.4039585546895876,0.9064429936854453,0.0,13.24539841811885
7981,0.5394287268201634,0.6172446127050604,0.8,15.844668077930256
17138,0.5939148602171255,0.5210193028604458,0.0,6.50987576306614
14188,0.5872266411708,0.5323444328697307,0.0,15.717736218775606
18727,0.4566762645163516,0.783780531859843,0.0,17.40149660018504
6081,0.5124504418245351,0.6685512715241676,0.0,16.491490734604625
4323,0.48458679666126026,0.7244587168205353,0.0,48.336972561754784
15307,0.5725423503617055,0.5576685718587889,0.0,4.630322270210716
20386,0.42905572499598826,0.8461684733942137,0.2,5.173897371045724
20100,0.45836743358031024,0.7800841597782991,0.8,20.278288016136454
15466,0.27374479518025807,1.2955590110723298,0.0,9.484723091521069
20784,0.5237477419414698,0.6467451190840193,0.2,14.333163903134945
16850,0.501442830709488,0.6902656746695023,0.0,10.151737453785728
17727,0.5312028658102071,0.6326112858604312,0.2,14.49945102183806
12703,0.5119330252222496,0.669561472611812,0.0,6.243660444760535
14408,0.4600534445560858,0.7764126124302355,0.2,10.774665888316088
1595,0.4688062227196723,0.7575657670879917,0.0,54.597761712956775
14772,0.4849439706794607,0.7237219190903541,0.0,3.0158578100455813
11229,0.48311758353926604,0.7274952107766155,0.2,70.36843011864397
3038,0.4542064557956478,0.7892034358589654,0.0,58.03407754603832
3320,0.4786064076773998,0.7368767152201374,0.0,65.37201509223136
13219,0.44869961916028345,0.8014016147630213,0.0,7.52836662081425
18939,0.5650112662271773,0.5709096078094071,0.0,15.777086053560147
19888,0.5176783501946955,0.6584011751592842,0.2,25.30235736229939
5003,0.44339997577905776,0.8132830364254174,0.0,59.36966165905548
4066,0.4713234401642533,0.75221071116454,0.0,50.37818640565453
3701,0.4111470306152077,0.8888043897360097,0.0,60.48313804343154
13843,0.48994527108455327,0.7134615857796202,0.0,17.344251449682965
7061,0.46309177381497146,0.7698300289549244,0.0,17.70609066596326
21254,0.4426321307656106,0.8150162585061895,0.0,25.163625426858456
6719,0.4643631424854936,0.7670883981876822,0.0,39.15218669336968
13781,0.5150581006588515,0.6634755678684351,0.0,17.819295114645666
20500,0.4930294211965771,0.7071864288365775,0.0,11.817084578410697
10764,0.31486619074722555,1.1556075216845272,0.0,13.312600005355804
9571,0.48377066696215193,0.72614431314834,0.2,33.87463331637835
13477,0.46034796174210824,0.7757726368846547,0.0,9.94850783375212
4405,0.47429147961159346,0.7459332103932208,0.0,52.979905983627575
6660,0.4648300011945316,0.766083529067633,0.0,59.02673533018577
6285,0.49134348069015665,0.7106118424205585,0.0,22.561927352237255
6822,0.4946332513196961,0.7039386974451153,0.0,47.30467832006133
2378,0.49105218014501784,0.7112048836264382,0.0,53.47371990069416
5027,0.47820703482607463,0.7377115130120108,0.0,55.402133501543574
5014,0.4730748371128885,0.7485016850077013,0.2,51.721465291909226
5590,0.4097511658155381,0.8922052161748432,0.0,51.88173468196425
4134,0.4363314579610786,0.8293530997761412,0.0,64.13802121189245
6260,0.46035698759820826,0.7757530304817418,0.0,32.527324804840475
13153,0.4600512399206299,0.7764174045707237,0.0,10.601979822312087
19853,0.42968982966019237,0.8446916569472144,0.0,5.837663851049864
12480,0.5942667563841059,0.5204269756061738,0.0,4.758263903481202
12542,0.5013098951321924,0.6905308159643571,0.0,7.4806238467979576
9830,0.5521690382082962,0.5939010509452433,0.0,17.609462721376865
20801,0.5400521509629072,0.6160895682297294,0.0,4.072721696449176
16550,0.6120566511653078,0.49093043349032084,0.2,4.076686271012099
12677,0.4642505867946648,0.7673308147874609,0.0,7.135409082789051
8187,0.42659473331495495,0.8519208187431894,0.0,19.16821842172176
8297,0.538138286984529,0.6196397128445171,0.0,41.80399568534278
9257,0.4723978976227446,0.749933645086393,0.0,50.8904976132858
5823,0.48012383287187493,0.7337112232029074,0.8,46.26049486205227
19268,0.4028650361721785,0.9091536709620431,0.8,26.84230746121075
13666,0.484115368345892,0.7254320363187571,0.0,4.376277396514189
2381,0.48358317030965686,0.7265319616955807,0.0,54.9076535594434
7068,0.3990431734103489,0.9186856639099459,0.0,34.060268185855094
397,0.5158583999379744,0.6619229698851382,0.0,14.562305337473042
7405,0.461646493122337,0.7729558471914929,0.0,50.31942447272917
17439,0.397381673707676,0.9228580654092113,0.0,35.23472297916969
6002,0.4580640886837888,0.7807461730334756,0.0,50.04582850012166
10156,0.5028193827614519,0.6875242533641708,0.0,13.246185696980987
13256,0.43278266640166413,0.8375196021556176,0.8,14.650311896297842
16345,0.44516441274972973,0.8093115981986426,0.0,8.672178331704636
183,0.4380433030222104,0.825437508145035,0.0,39.70767095146161
14714,0.5530654063857843,0.5922790088918082,0.2,11.552402136215674
3512,0.42796764699999085,0.8487076773790098,0.0,79.8209564099833
8377,0.42338380303493384,0.8594761755361613,0.0,68.76454968784236
12600,0.5302185831372977,0.6344659364443707,0.0,12.152243667050394
14390,0.5205507176886919,0.6528679553500176,0.0,3.9727016110377185
869,0.530180767750511,0.6345372593601591,0.0,52.701493480087194
18363,0.4605945115389035,0.775237207561242,0.0,22.078756795116373
7913,0.5358242508464552,0.6239490618909214,0.0,45.49524879919574
6704,0.4840389212550973,0.7255899596823671,0.2,53.817003213140225
16701,0.4187329650387165,0.8705218771748927,0.0,13.172737433941435
12138,0.5792184100003361,0.546075653194195,0.0,5.879050109411423
5627,0.47922486951400056,0.7355853355434099,0.0,44.90380826738585
16403,0.5955114480880215,0.5183346660423961,0.0,3.30205103550075
1567,0.48512055173581264,0.7233578586506163,0.0,28.489448048822382
18289,0.4203585451270417,0.866647253007379,0.0,65.97872577431724
2843,0.5063498365989876,0.6805274719075831,0.0,50.39986550403788
13484,0.4313196467094394,0.8409058240601353,0.0,13.754949072634576
4202,0.4453284741492973,0.8089431249545831,0.0,76.27120241290794
2197,0.4789623603262064,0.7361332643535352,0.0,56.593920533523836
7233,0.4052886194056973,0.9031558251753747,0.0,62.70610921754756
20281,0.4322266371468572,0.8388052052794419,0.0,12.216777690740255
6389,0.5064640504198581,0.6803019342785704,0.0,17.44294247725216
7870,0.5191934606599612,0.6554787087024663,0.0,20.793424487022293
4198,0.4363253841270093,0.829367020102612,0.0,64.13909774032732
11578,0.5554564563774718,0.5879650593340103,0.0,8.421717338966364
14105,0.4515285960959538,0.7951165723700265,0.0,11.088298267662285
5490,0.5083193416844792,0.6766454035426651,0.0,53.10651491003765
11261,0.34997103185920797,1.0499048940405304,0.0,18.74605040121802
3143,0.46744197241933694,0.760480061124507,0.8,39.008823342901
17316,0.37496709338595197,0.9809170078328627,0.0,74.54969259529756
18221,0.4605945115389035,0.775237207561242,0.0,22.078756795116373
16516,0.5801846744477406,0.5444088219012959,0.0,5.470763875393495
17902,0.4988011611787002,0.6955477372344981,0.0,11.206665466025328
7948,0.5162333835984044,0.6611963219592242,0.0,14.612438967525236
20176,0.4577923932327004,0.7813394875198023,0.0,23.096394833805054
4720,0.47839110264135515,0.7373266746763654,0.0,42.027620456552825
10091,0.36796804151786244,0.9997591882857995,0.0,13.746689077290906
12843,0.5044182579069584,0.6843494782686067,0.0,5.99490158626816
3161,0.45314008026209446,0.7915539733485686,0.0,60.98527442726185
1612,0.4858312838476872,0.7218938679298237,0.0,54.28280917867856
21102,0.49503339247467343,0.7031300591439447,0.0,4.7116745088890895
7165,0.48058893915043227,0.7327429706128742,0.0,60.67112020290007
17130,0.6239984910169993,0.4716073288576216,0.2,3.8248063371697034
19177,0.5142129996013024,0.665117703253844,0.2,21.383867550671752
11919,0.604473489676386,0.5033974648494329,0.0,6.5494225685334575
18139,0.5227178612298174,0.6487134227550237,0.0,14.448112146808985
9754,0.45844227085217887,0.7799209039321339,0.0,43.141323729947615
20055,0.47226760687927494,0.7502094903325144,0.2,10.91629802481714
723,0.43606919952976597,0.8299543337091074,0.0,32.06113679766968
11663,0.5858190791907943,0.5347442756569546,0.2,6.406637652947554
21026,0.5191934606599612,0.6554787087024663,0.0,20.793424487022293
20931,0.5341630839758101,0.6270540859434801,0.0,20.94987691569081
8383,0.4355627256427185,0.8311164617345316,0.0,78.87710678636925
1512,0.43524965114429337,0.8318355018406656,0.0,49.028386509337224
14867,0.4702731117189395,0.7544416642810317,0.0,24.907514072145066
20027,0.4871010545040988,0.7192836733103558,0.0,28.7771007847356
9857,0.5413814371625794,0.6136311891230619,0.0,9.043696413797708
18578,0.46031939770750113,0.7758346876010684,0.2,17.66808389713913
9117,0.4573962987356779,0.7822050893901713,0.0,41.22612066856928
12442,0.4124441781347173,0.8856544080987734,0.2,6.577312745539831
13656,0.5437255187190588,0.60931072063822,0.0,2.6262418287432783
15031,0.4000628565580935,0.9161336028243371,0.0,13.28851801381018
14601,0.5253813270998302,0.6436309427128033,0.0,5.278739290828516
20450,0.5374534946253037,0.6209130443508731,0.0,21.366548619319673
1802,0.43612206980999796,0.8298330981908093,0.0,46.794291066051855
20153,0.5636936168306511,0.5732444076581161,0.0,13.475256273325304
20227,0.49206199631347325,0.7091505616610447,0.0,5.545202457117644
4924,0.39618130894999853,0.925883321625556,0.0,82.80174573553063
18849,0.5575013419860335,0.5842903685009245,0.0,26.577030622849872
11730,0.49438301680645236,0.7044447245483044,0.2,3.600416862209568
16864,0.5367601178538286,0.622203992184182,0.0,8.030475442988447
6235,0.5736606774356349,0.5557172117564817,0.2,46.07590247180212
17211,0.4723156182043457,0.750107834228876,0.0,64.08546384746037
20437,0.5215996117944506,0.6508550126290763,0.0,7.33350942584553
19869,0.4769252741027786,0.740395458431406,0.0,5.30793204516868
954,0.43418142917898545,0.8342927926530187,0.8,37.148972452160265
19925,0.4668347845134258,0.7617798643934889,0.0,27.379510775245652
19577,0.505165752841432,0.6828686801119295,0.0,32.251203653056166
9756,0.45928771295375737,0.7780784396873915,0.0,55.04904663974925
14685,0.5601902848159097,0.5794787586558313,0.0,7.29911455676619
13736,0.4697074064728167,0.7556453175556965,0.0,12.856927001886282
3084,0.42810194086922065,0.8483939321596154,0.0,23.513237959258383
5130,0.42619328904029996,0.852862305475612,0.2,65.85802826991845
8371,0.4715800431037451,0.7516664286364128,0.0,32.818883039859486
12088,0.5844036806731066,0.5371633009168251,0.2,6.699769444859907
12090,0.542805591091747,0.6110040506106792,0.0,7.620748219359314
1225,0.48135873827590275,0.7311424692387104,0.0,53.556185871735536
11302,0.5032714423153817,0.6866256076890798,0.0,18.93061157348012
17268,0.48019095894340125,0.7335714230619375,0.0,12.52353205369009
17303,0.5538912362670091,0.5907869359367979,0.0,1.8343433383346421
13872,0.5167400916191403,0.6602152550227842,0.0,11.227621284251533
6446,0.43605375963938786,0.8299897413089588,0.0,25.327136449457342
6742,0.45614037524659906,0.7849546763878331,0.0,57.150583768320644
1065,0.4587640085636859,0.7792193437009759,0.0,42.63888046602699
7314,0.4787284537408304,0.7366217447411328,0.0,60.992282712556964
20228,0.539439241700808,0.6172251202723406,0.0,2.519491392909418
20394,0.4741853117541762,0.7461570806214164,0.0,28.969549224399167
21196,0.45694755309713037,0.7831866581373722,0.0,22.86513275150098
5455,0.5107008938809405,0.6719711950247239,0.8,51.07619873164617
11715,0.5271091173836627,0.640347698014524,0.0,5.984369712250844
16478,0.4956593285665119,0.7018664258057079,0.0,11.24460127422347
10023,0.3795533849877709,0.9687600201352823,0.0,7.218230655036681
15795,0.4834398350534559,0.7268284081223063,0.2,12.929477102337342
14884,0.5917440329409841,0.5246811143888064,0.0,5.959065546513408
19667,0.48652844632136466,0.7204599076957496,0.0,20.252488477134975
3181,0.4217761670251789,0.8632805155561543,0.0,82.2274691067237
7569,0.4736467793515386,0.747293426321548,0.0,36.89387565929934
5902,0.4676820353980728,0.759966625511684,0.0,73.1087870549899
16737,0.5850658413283192,0.5360308888042974,0.0,7.6509829414619315
872,0.43612946521914026,0.8298161411346267,0.0,46.55683421849855
497,0.47678024109865136,0.7406996047384862,0.0,50.460160572809365
16426,0.4400938526765271,0.8207672732778072,0.2,1.995966407959059
9939,0.47499851671120247,0.7444435976656295,0.0,59.55548781325035
8548,0.47696726362882963,0.7403074201578747,0.0,51.42915738206314
18843,0.46969652097638465,0.7556684928823361,0.0,10.15354011971461
18042,0.4874098790002608,0.7186498692228234,0.2,30.97380963764686
8430,0.416028096417978,0.8770024815352676,0.0,64.92011003384778
6524,0.4624520663684971,0.7712123676850131,0.0,45.50538363705617
1958,0.44986501954855895,0.7988076977724962,0.0,71.1138565130803
1887,0.48597085037706733,0.721606635528444,0.0,37.16814805384274
15932,0.5104909992168163,0.6723822728417311,0.8,10.758115724233994
917,0.4777952090329295,0.7385730712798179,0.0,29.254879804182814
14822,0.41712970063702404,0.8743580728412835,0.8,12.007122302001152
18723,0.5183831826631818,0.6570405753206315,0.0,13.33792317772664
13419,0.4085826854082535,0.8950609729045707,0.0,10.92421910601255
19565,0.5114396031423484,0.6705257784852753,0.0,4.17536434108049
5541,0.39496144059030713,0.9289671376047525,0.0,48.988161199199254
12570,0.5348946367652336,0.6256854921072136,0.2,5.757557688332114
18772,0.5394468460061062,0.6172110236862692,0.0,16.22030494904373
11564,0.45658592336343773,0.7839783746138901,0.0,5.6915257966967285
13332,0.5588660180582856,0.581845516025204,0.0,13.591910499696835
9608,0.4492104419078533,0.8002638108228998,0.0,58.919421545453915
298,0.46439231894127275,0.7670255690426584,0.0,37.129021639543346
7315,0.4770212488174495,0.7401942422988687,0.0,61.33064872317627
12494,0.5788995236625051,0.5466263507296032,0.2,7.30456840022849
14082,0.3612448948763241,1.0181991714855951,0.8,32.93874358597117
13224,0.40960548095184723,0.8925608241162711,0.0,13.12242914933376
3791,0.5151101090870047,0.6633745971187937,0.0,19.2504674692183
3607,0.41159345982642975,0.8877191647830085,0.8,69.84130122564734
17986,0.5179492902970997,0.657877936694044,0.0,29.33017091728903
10426,0.4836837784169374,0.7263239361701024,0.2,9.986010177461267
10685,0.49992825597898516,0.693290678897369,0.8,21.51974198535388
15456,0.5116765961428407,0.6700625016748863,0.0,11.020517982939452
17147,0.46434664244462975,0.7671239314428138,0.0,8.002445300083528
14907,0.5823378563576637,0.54070449047538,0.0,7.2968072949145295
4634,0.42836203532335726,0.8477865640288774,0.0,17.383867634994957
15927,0.469242967861333,0.75663458953866,0.8,12.566187473760294
1590,0.46745981311365953,0.76044189520248,0.8,34.2959283132896
5432,0.367919110120442,0.9998921744301659,0.0,49.02971643489769
3801,0.4572882248187902,0.7824413980072027,0.0,59.95261709332664
134,0.43660852334830613,0.8287183129581158,0.0,21.090884858355423
16035,0.5832079750470883,0.5392114237462605,0.0,4.015992665009984
19601,0.49673008454987566,0.6997084898488622,0.0,10.884315435197387
13705,0.3258517713154881,1.1213126902342105,0.0,15.642929374401763
20771,0.5366783574581347,0.6223563258255269,0.0,8.87635727514415
10178,0.48323474926076654,0.7272527200864236,0.0,56.45298962245967
19845,0.4701319630651333,0.7547418512082418,0.2,17.36736485619643
18652,0.42109492308642527,0.8648970002003377,0.0,19.505588986643872
13210,0.6001769886726469,0.5105306861432894,0.0,3.296471087990897
19567,0.5135895456015565,0.6663308819507107,0.0,4.572029204161168
10372,0.4836349988054257,0.726424791467656,0.0,46.563828024640486
17156,0.486685154316658,0.7201378653475027,0.0,5.307055942362708
19787,0.46738520504917447,0.7606015111028568,0.0,16.503150735875977
1232,0.4359165648222808,0.8303044190322492,0.0,12.060172953387422
8816,0.4478307663116433,0.8033398717027334,0.0,61.40328113231944
17081,0.5292709122103871,0.636254856832544,0.0,11.611651137193927
21235,0.5665803039626831,0.5681364539924624,0.2,20.330762919429525
18516,0.4096569568830088,0.8924351600339159,0.0,5.037796461369605
9871,0.503514381959696,0.6861430032598717,0.0,12.557446066846
12884,0.5517825093735307,0.5946013151034074,0.0,10.986151502450124
9333,0.47248347829890397,0.7497524992228504,0.0,47.66551714014788
10551,0.44024859055059806,0.8204157330860217,0.0,10.217457732326029
285,0.4306541474407488,0.8424499531402491,0.0,57.391903057679464
7866,0.4938613979240248,0.7055003721656209,0.2,48.55853289309043
17808,0.4602356134684895,0.7760167174379077,0.2,16.924924192883125
12293,0.5195688951865477,0.6547558589749596,0.8,8.315399440203178
6384,0.4840867713190866,0.7254911087492799,0.0,23.07061670472131
2233,0.5085999489877284,0.6760935262935164,0.0,21.39835984928058
16373,0.48311758353926604,0.7274952107766155,0.2,70.36843011864397
7570,0.47229131551766973,0.750159289889032,0.2,37.39169072024059
5878,0.46439231894127275,0.7670255690426584,0.0,37.129021639543346
13965,0.4453540105410165,0.8088857837759585,0.0,14.307166529123668
15129,0.536420558353043,0.6228368017746735,0.0,11.611857524232976
17672,0.43349138584614905,0.8358833541327949,0.0,11.620868059796617
7031,0.45939283195473685,0.7778495919077779,0.0,46.69431005270048
20742,0.4882461796993486,0.7169355337324607,0.2,21.93213221511257
2990,0.4031752183134072,0.9083840266302272,0.0,39.06051314509976
7543,0.47522208242565295,0.7439730422624341,0.0,59.06030154930121
12647,0.5000095749447436,0.6931280308538148,0.0,8.085338288214414
14170,0.39420240557139885,0.930890781868644,0.0,35.541412111363414
5059,0.484126712892305,0.7254086030335625,0.0,52.30196193904838
19880,0.4469075835589784,0.8054034539341265,0.0,14.112681284191844
14535,0.5062369859460999,0.6807503676649489,0.0,8.51686811863083
8677,0.4786757691990058,0.736731801790424,0.0,51.9856377638368
2093,0.4873798629045283,0.7187114539819803,0.0,51.81909473543413
13078,0.4284050212627188,0.847686219509169,0.0,12.466073822197142
16534,0.5617520856315626,0.5766946551838263,0.0,9.826877452312127
2886,0.4744889113001809,0.7455170304356072,0.0,53.79650880247655
21194,0.45281639941935203,0.7922685349500902,0.0,25.047571817809686
11741,0.4400980095086646,0.8207578279913506,0.0,7.46192002487312
14190,0.5744597846309234,0.554325184785917,0.0,17.919947072833487
19361,0.47373966848272314,0.7470973307753334,0.0,29.840562589010812
10143,0.5888008136654032,0.5296673296638684,0.2,7.604698726059401
15725,0.5491814843226799,0.5993263195629115,0.0,1.6829082507484732
6635,0.4990454185058345,0.6950581683228322,0.2,49.140610379275046
20302,0.518774424759484,0.6562861246719357,0.0,14.822516941748235
19983,0.5549775941214481,0.5888275370029772,0.8,18.473874346284635
7964,0.4117010196240411,0.8874578735903478,0.0,74.1426664241217
15875,0.5199388080153765,0.6540441512246395,0.0,4.481837677253315
11619,0.4874564967645806,0.7185542299321179,0.2,10.721188930433403
11532,0.41434534178807103,0.8810554939656265,0.8,6.9524087213909205
16275,0.5803395652193932,0.5441418894801053,0.0,3.745328698980213
8258,0.5131860400196254,0.6671168484430067,0.0,56.75496766268296
17359,0.47412779744671313,0.7462783787601336,0.0,9.86766521550293
3180,0.4117010196240411,0.8874578735903478,0.0,74.1426664241217
5327,0.5119694035449422,0.6694904144295363,0.0,56.079530871691034
14733,0.520985009751319,0.6520340097130991,0.0,17.70924360431528
15538,0.5511532377820842,0.5957423999967916,0.0,10.719193021322887
8271,0.46203134029081655,0.7721225540738557,0.0,51.365454087928775
4575,0.4613365878243947,0.7736273769648675,0.8,62.64061260836892
16161,0.5387201112868919,0.6185591169928943,0.0,16.122744894573884
4495,0.428813265276005,0.8467337338924683,0.2,60.562631608671936
777,0.435933224503099,0.830266202171904,0.0,12.352705522105467
11594,0.5159187047174617,0.6618060749098885,0.0,9.491292325713541
3495,0.4305812073003309,0.8426193380596925,0.0,85.83341707142147
17410,0.5392363550121423,0.617601297672991,0.0,20.88418821064687
667,0.4144471919793175,0.8808097142617574,0.0,63.41829942684654
6533,0.4384188887743346,0.8245804585686137,0.0,63.496819092823046
4784,0.5121166416199044,0.6692028642248012,0.0,38.14790998992057
16502,0.5232600741009215,0.6476766649012364,0.0,6.985840516272153
9508,0.4357406753509928,0.8307079938907344,0.8,47.956772107044145
8473,0.5167281822965104,0.6602383023149575,0.8,52.184903563019915
11638,0.5117430502748206,0.6699326348459547,0.8,2.5117785097346035
5764,0.4689194601557431,0.7573242520294002,0.0,65.64108185581847
15429,0.5585650854797034,0.5823841310412073,0.0,4.341673513628621
15661,0.49714446971492304,0.6988746115947482,0.2,4.846695391419652
13140,0.5326883166268682,0.6298187976690122,0.0,9.212674498941997
3351,0.4808970500918814,0.7321020648577345,0.0,60.61805320441862
7728,0.5343060619230218,0.6267864545409004,0.0,19.74690911529152
18440,0.5275985999217951,0.6394195118161241,0.0,7.561135910165058
15966,0.5609008133651636,0.5782111923616345,0.0,10.634171417825883
10219,0.47725447178648794,0.7397054465165881,0.0,2.8359937282758994
6760,0.47654725224773886,0.7411883955415991,0.0,17.744049878250852
1027,0.47387957693431915,0.7468020466656253,0.0,33.33351094826148
6944,0.4627492795805036,0.7705698843519925,0.0,54.3829672365492
18474,0.46453138259120896,0.7667261609195895,0.2,28.103197035084044
1392,0.502571115042014,0.6880181265905968,0.0,48.45883596620958
15524,0.6221700166937664,0.4745418848572251,0.0,4.8500555568420065
10403,0.4956593285665119,0.7018664258057079,0.0,11.24460127422347
12491,0.5288263471085576,0.6370951673504551,0.0,5.461179791540378
20601,0.5321833070916481,0.63076728678607,0.0,9.467186397460837
1681,0.5086729093323863,0.6759500832748883,0.0,53.08235663589766
21204,0.3743836058447056,0.9824743231453585,0.0,22.136375061849126
6857,0.5174940343926112,0.6587572816528043,0.0,40.246776926725154
7113,0.48405054211864235,0.7255659518525429,0.0,29.79173621166416
1306,0.4667644665644443,0.7619305027943515,0.2,54.889474118873295
7633,0.499069364029668,0.6950101868195881,0.0,23.498292719568063
14171,0.39476224874467325,0.9294715972089105,0.0,35.487227637914806
3826,0.4808974334334707,0.7321012677194771,0.0,45.9430130449596
2412,0.4870107043727175,0.7194691759096563,0.0,48.29436706065713
6992,0.48907002684796835,0.7152495955719316,0.0,17.31172215326268
15160,0.516042762763428,0.6615656433618643,0.2,8.883502810479241
6764,0.43592492061676874,0.8302852508815526,0.0,13.151721667942141
12213,0.4912937212445839,0.7107131197699552,0.2,7.295470418442576
9708,0.3638105230492282,1.011122087947484,0.2,11.268955650889087
2677,0.4515843285841378,0.7949931492925095,0.8,62.029341686611325
18493,0.49716145053044397,0.6988404554760389,0.0,13.123873672477808
14304,0.5900588779537908,0.5275329539193581,0.0,16.522331955764013
20989,0.5060265900582955,0.6811660615530261,0.0,11.339711386077846
7809,0.44838724667833085,0.8020980300299765,0.8,57.07729569454268
1596,0.479420622949053,0.7351769396571052,0.0,60.87265284719027
17592,0.48814649280197336,0.717139728009065,0.0,24.820206424101094
17502,0.267196564611094,1.319770694396707,0.0,9.966907715182531
17961,0.48643851259552456,0.7206447726087295,0.0,50.477561777838474
8474,0.5006665787552321,0.6918149109149329,0.0,52.08674527616077
5651,0.48652280980735796,0.720471492931309,0.8,69.30935542128742
8379,0.4434937776426829,0.8130715074488901,0.0,78.29878864862545
2670,0.5227745726118804,0.6486049353470179,0.0,57.36456681153645
8769,0.5427075372256909,0.6111847096257843,0.8,18.518897401106656
7973,0.428319335204673,0.8478862513109606,0.0,70.06508542279104
3730,0.46449917643917593,0.766795493734819,0.0,52.563830510503315
3800,0.47374445430213385,0.7470872286125727,0.0,51.625595899179096
2770,0.4304601036994187,0.8429006337424052,0.0,18.796686704784236
1761,0.4759671928687718,0.7424063496705818,0.0,48.6287317332791
18025,0.37946066771614595,0.9690043298993923,0.0,6.296590507180298
17663,0.4283972765459421,0.8477042976977935,0.0,7.9785927998087365
836,0.4759721635115995,0.742395906478388,0.0,59.458488263134726
17922,0.5480529272294652,0.6013834141623939,0.0,15.936660475303439
4063,0.48185496957653107,0.7301121032036654,0.0,52.58632534730666
6813,0.44223007186258145,0.8159250077543869,0.2,52.137609240508084
13585,0.6024477956278244,0.5067542636322035,0.2,7.502497269363165
13052,0.41428472041117764,0.8812018110732648,0.0,2.4744145789756216
2292,0.4636331013516266,0.7686617693932585,0.2,58.4671040740056
17578,0.44221210958340484,0.8159656260775648,0.0,10.413760563557734
17049,0.4810125666692257,0.7318618830862109,0.0,16.42663974252348
17751,0.4300328627695943,0.8438936481692059,0.0,41.51956491456589
21210,0.5849485135065549,0.5362314467233908,0.0,16.373828678046788
13315,0.6289345736830492,0.4637280440939252,0.0,4.726200205829649
10286,0.567479309300797,0.5665509896730941,0.0,7.454961037683093
18950,0.4587012004982885,0.7793562602071826,0.0,31.30440276103751
2256,0.5026432633498634,0.6878745784887705,0.8,32.84256839118376
21115,0.43807533225322737,0.8253643919487994,0.0,12.926444208832825
7195,0.4716389523884267,0.7515415174863199,0.0,43.28127323980993
16121,0.6569958472905965,0.4200775812319674,0.0,4.038415876850052
20967,0.4609914464056508,0.7743757905922211,0.0,25.922228408470914
3448,0.4475843677066844,0.8038902278488764,0.0,59.534099690270764
18780,0.4936439826563367,0.70594070449287,0.0,16.106389653240164
8738,0.49685808044715296,0.699450846083579,0.0,45.429682520080235
2391,0.41945352283694415,0.8688025510197879,0.0,64.37827101909751
6671,0.532261924947619,0.6306195706730234,0.0,49.153644649281745
9047,0.47717620168257435,0.7398694607425865,0.0,21.28974415622463
15170,0.4714746998882298,0.7518898371219461,0.0,13.05130364361467
3549,0.4356623366149838,0.8308877929851701,0.0,39.81614151844837
12564,0.5289783326801862,0.6368078069793423,0.0,8.60925954195431
1525,0.4841454686444811,0.7253698623725457,0.0,18.185384714016813
9071,0.4401496775074469,0.8206404337633311,0.0,64.78956287171394
1881,0.5404089460501086,0.6154291185362474,0.0,48.78168350729669
14698,0.5925462091601076,0.5233264188702824,0.2,2.2052977092883204
8161,0.5662793589521216,0.5686677554898896,0.0,40.949766287632336
18591,0.48172149230458,0.7303891487274721,0.0,16.820496906191746
11370,0.6307449397285076,0.46085371411937787,0.0,4.218194098954196
4766,0.5055900713510363,0.6820290737018059,0.0,48.52636963457727
393,0.46779569172873836,0.7597236345180366,0.0,48.71537689958877
15939,0.48452588184928164,0.7245844293685384,0.8,11.7284855729824
1455,0.4352577054134277,0.8318169970708349,0.0,49.34338401239153
19808,0.45494615963323537,0.7875761975091956,0.0,25.806902991795276
14350,0.35069422608224987,1.0478405859514353,0.0,27.51629602551368
19575,0.44745274701651794,0.8041843401017654,0.2,16.30081732545414
6179,0.5398114251210462,0.616535413151588,0.0,37.96316853518822
9887,0.4666695858204155,0.7621337967369994,0.0,66.07318927552939
19654,0.5202322190770462,0.6534799919435029,0.0,13.269564556863758
17588,0.49290327842983206,0.7074423139846837,0.0,21.686643271623435
15017,0.5804257488995864,0.5439933948976031,0.0,13.55060353660729
2053,0.5039081043516864,0.6853613601709271,0.0,45.30238747596594
9678,0.4812489714180785,0.7313705306955108,0.0,26.344332334835592
15729,0.49141767047145224,0.7104608600962189,0.0,1.9949739669241715
13601,0.5915655030973785,0.5249828610400805,0.0,6.873075620742036
14388,0.5230180471359238,0.6481393085605122,0.8,7.173281562610219
16272,0.5781422977223295,0.5479352507784833,0.0,3.7500687810804836
15199,0.5166459289009292,0.6603974961535947,0.8,10.831178404824207
13854,0.5044348356527211,0.6843166137299141,0.0,18.259619937888303
8408,0.4582490333606377,0.7803425016794133,0.0,34.79546929218545
17612,0.5263228870170961,0.6418404009308385,0.0,18.632626055525655
17186,0.510791492590667,0.6717938100316219,0.0,15.487198076775233
14278,0.44733161606400945,0.8044550890290968,0.0,39.23327582738752
16497,0.5922311988528443,0.5238581817357049,0.0,4.8409213421794695
20849,0.5215996117944506,0.6508550126290763,0.0,7.33350942584553
2435,0.43268821185845024,0.8377378753429923,0.0,23.38713130827231
13673,0.5885820919149711,0.5300388685267335,0.2,4.768494941530737
20714,0.4307138541214419,0.8423113209164366,0.2,27.73310120512248
20166,0.4844741725615778,0.7246911564786506,0.0,5.319595518448095
14262,0.44572716432091253,0.8080482533416152,0.2,11.3219680061398
4630,0.4503094724270916,0.7978202160817556,0.0,47.05543902273143
19125,0.49490167575832794,0.7033961709756185,0.0,9.375989835688731
8842,0.4742937237062593,0.7459284789370312,0.0,23.510173537352145
5309,0.46706956120513254,0.7612770790756372,0.0,50.62492575852987
10719,0.4363009012607678,0.8294231331642006,0.0,10.498422738506202
1949,0.4531718249385197,0.7914839209168262,0.8,60.22005641760309
7438,0.46453895450404636,0.7667098609419984,0.0,42.15753924709234
19783,0.4576079612012577,0.7817424413378665,0.8,16.80746248876413
15568,0.5898594447530328,0.5278709996956109,0.0,3.4899399652507994
17153,0.4742589304511985,0.7460018396617604,0.0,12.450771102362745
10653,0.5327926105249935,0.629623028986907,0.0,5.133002440343921
19636,0.46799215776651304,0.7593037401140491,0.0,12.621526557630192
7388,0.5245395034872938,0.6452345375142562,0.0,18.282720029736588
11323,0.46435452284850126,0.7671069606363451,0.0,10.430737511771675
5773,0.4567419530312769,0.783636701763669,0.0,74.2103962548868
12930,0.5201529852463189,0.6536323082789356,0.0,12.037945790213334
18277,0.45625724985407246,0.7846984841205642,0.0,16.255029218292975
4978,0.4837586444613585,0.7261691651102437,0.0,49.06362418366308
1954,0.4401029640525025,0.8207465702354818,0.0,59.955539460421704
4855,0.43731632350214517,0.8270984933336909,0.0,71.54815604926742
20865,0.4451854427501548,0.8092643583405148,0.0,6.1916818171295285
2634,0.4332980310748707,0.836329494269513,0.0,21.042053138551026
14899,0.5382852514527025,0.6193666521693484,0.2,9.788160405568258
13189,0.476205610628997,0.7419055629135308,0.2,7.309624530304111
18434,0.5356914824111032,0.6241968761448995,0.0,7.394860765524796
15341,0.4925218735927533,0.7082164059699376,0.0,8.796755981254227
16898,0.2361541743471225,1.443270406119881,0.0,8.147838818979109
9334,0.35735845126467713,1.029015935771604,0.0,38.07358962354934
9913,0.4742809416870338,0.7459554288856068,0.0,50.28485534735499
11033,0.4392901653668263,0.8225951153057972,0.0,26.775471944589103
14415,0.49027642465447235,0.7127859149921706,0.0,5.285842168136626
486,0.4362942989985256,0.8294382656385492,0.0,62.45670076977159
8709,0.5163530422000439,0.6609645571418966,0.0,17.24456476634235
15921,0.5970445764138688,0.5157635010170893,0.0,7.62803886758304
19309,0.528045219302558,0.6385733563245142,0.0,28.895124044413492
2841,0.4817407597227023,0.730349152519869,0.0,37.61845317841045
4964,0.4649879881030711,0.7657437057648397,0.0,66.16408396186523
6027,0.5198840784488837,0.6541494183182105,0.2,50.42837626258413
1308,0.43594975157867355,0.8302282909475084,0.0,12.352141478682142
12501,0.5295195530525659,0.6357851872333043,0.8,4.719115637125682
16088,0.5133416514698543,0.666813668211804,0.0,2.685015447737349
8736,0.47362739903868334,0.7473343443858215,0.0,32.785556889966784
6595,0.5378914574099798,0.6200984912010903,0.0,34.108515805364604
9425,0.5450519384917946,0.6068741888747039,0.8,18.448975110286867
15879,0.5768985246449467,0.5500888951069511,0.0,9.417879864635136
11954,0.5534809825361573,0.5915278859853091,0.0,4.538734011523554
348,0.4659668873922532,0.7636407044793354,0.0,52.88975682355131
15695,0.4242729320816407,0.8573783231014218,0.0,2.413159785618656
18152,0.49651557746764896,0.7001404214318826,0.0,22.40449348582024
118,0.43293156700954905,0.8371756073277481,0.8,65.30388414380101
4538,0.43669177709198187,0.8285276483175884,0.0,23.368617516712703
1545,0.4754168527842958,0.7435632749908566,0.0,54.430318606271435
18785,0.49875060916955405,0.6956490893862202,0.0,31.012035024918546
2152,0.5224022054038846,0.649317479352172,0.0,52.64017032987424
11691,0.6044763625094041,0.5033927122403601,0.0,8.511363494646725
12777,0.37084908614032686,0.9919600750325459,0.2,28.479173792024667
11598,0.5434032574904936,0.6099035873621204,0.0,7.871720275707002
2834,0.5096170766495159,0.6740956653768446,0.0,42.282649582174216
2711,0.3768345817716208,0.9759489629656956,0.0,37.26856517829832
15203,0.43123729695146606,0.8410967674148407,0.0,5.79767972260578
6196,0.45869228879712604,0.7793756885141561,0.8,18.003577215444082
3327,0.43589131269775444,0.8303623495125408,0.0,23.25845118369162
19440,0.4988011611787002,0.6955477372344981,0.2,11.206665466025328
14600,0.5202119571569478,0.6535189405398117,0.0,5.35983586257175
11420,0.507263960717443,0.6787237782942898,0.0,8.118724499365445
19940,0.5334637074978431,0.6283642377373322,0.0,26.869798176579586
16457,0.4935196537736687,0.7061925956256816,0.0,9.6187663523646
12914,0.5241969253590393,0.6458878535067528,0.0,11.793589586336946
300,0.46265582645617,0.7707718567077568,0.0,57.49572759199874
6880,0.43589131269775444,0.8303623495125408,0.0,23.25845118369162
10967,0.5522711203360579,0.5937161932555576,0.2,15.73971311412329
9318,0.43268821185845024,0.8377378753429923,0.0,23.38713130827231
17259,0.6070074029733991,0.4992142919947046,0.0,3.3150324807581795
6037,0.5076140310812088,0.6780339015199801,0.0,53.54773151093094
17033,0.47152273187176225,0.751787966253678,0.2,10.629154321476863
7423,0.4360768806375455,0.8299367194402265,0.0,35.782719885729264
16227,0.49612437233671103,0.7009286330110538,0.0,11.168245908835111
9017,0.41001230160652136,0.8915681158155474,0.2,81.60969074619608
7937,0.515482649559559,0.6626516335899794,0.8,13.9819497215301
18325,0.5273399678476806,0.639909838148288,0.0,21.351870414871453
13832,0.4905454156294812,0.7122374137849078,0.0,17.314491827977818
3829,0.4106613578599929,0.8899863509293181,0.0,83.69431725619991
1974,0.4553254306198189,0.7867428835563222,0.0,43.01516355701881
12207,0.49884915869452034,0.6954515161139291,0.0,6.113018800112067
18934,0.3695771776296953,0.9953956899585504,0.8,6.981257246895571
10947,0.576049723732436,0.551561296087746,0.0,4.86973468105467
5896,0.4587994401352502,0.7791421140082889,0.0,77.95316791209105
2415,0.4861375306871578,0.7212637101613332,0.0,48.34269989842309
8405,0.45795031874416414,0.7809945751094409,0.0,57.125848553891004
13314,0.5472734960267686,0.6028066087785521,0.0,10.03085207730016
5635,0.4749658043400481,0.744512468402019,0.0,24.57636101249055
9281,0.5413028013056135,0.6137764500482886,0.0,19.689948470721667
2240,0.4516943082667835,0.7947496370943852,0.0,48.29613846523595
18940,0.585333154642393,0.5355740987358811,0.2,18.834534742941447
9356,0.4813846109359579,0.7310887214562249,0.0,49.96991299598011
18686,0.5177942968670226,0.658177225887151,0.0,19.778225135759513
19501,0.5226054115800282,0.6489285708401148,0.0,10.003266694670803
19930,0.45653528073823624,0.7840892966361275,0.0,9.022907715638084
1608,0.45643370982439213,0.784311803457965,0.8,57.61946676071589
19005,0.5360669209108107,0.6234962732592108,0.0,21.064198343147925
13003,0.5204926920755794,0.6529794312262941,0.0,7.4099453870005245
11771,0.43401616768168494,0.8346734928528213,0.2,14.610958791902766
927,0.47425659552038685,0.7460067629988016,0.2,30.11256139480426
17787,0.45785875130659537,0.7811945456947265,0.0,17.744834224656536
4129,0.4362218514509268,0.8296043314419799,0.0,58.17600057767946
10952,0.34758497903472885,1.0567460998884655,0.0,17.195371860149145
21072,0.5558957392029916,0.587174521734599,0.0,13.2261064380558
11812,0.5644234877232466,0.5719504444844582,0.0,12.359849454399988
4895,0.43621497830955436,0.8296200876346075,0.0,58.17710548062737
5664,0.42738244235414913,0.8500760170668977,0.0,23.47910192619123
4344,0.4584971761844787,0.7798011461170613,0.2,37.40706193114113
2914,0.4626754925860417,0.7707293505708306,0.0,38.405442010092926
8873,0.5059061911891468,0.6814040197888852,0.0,21.82877766996294
16548,0.6159095853932414,0.48465510318043303,0.0,4.240732152828789
3555,0.48351580603044503,0.7266712737638774,0.8,49.776982252825604
20130,0.44422894571893984,0.8114152059372183,0.0,24.060084033124372
842,0.4717081270009192,0.7513948596673096,0.0,44.11814643367592
17763,0.4650100750083478,0.765696206944881,0.8,33.039792498031304
14357,0.439837150853669,0.8213507322742752,0.0,8.248825390131126
7403,0.467244988846436,0.760901557484209,0.8,52.867442768298844
270,0.4337610190933975,0.8352615437938429,0.0,40.38071716804979
9175,0.5480320077871099,0.6014215853691854,0.8,16.725535115043904
19425,0.4741406724853988,0.7462512239214044,0.0,16.439914263717966
14056,0.45973782583814427,0.7770988958088414,0.0,7.775768770391843
17657,0.4003430483542371,0.9154334785352252,0.0,28.19626537108052
11492,0.4256935484542341,0.8540355614091378,0.2,6.57607345633806
8269,0.45400673965299426,0.7896432360003276,0.8,28.924632578121972
15281,0.5921047201623708,0.5240717675755389,0.0,8.093239473013014
6973,0.48377066696215193,0.72614431314834,0.0,33.87463331637835
19255,0.3956708781956055,0.9271725289634306,0.0,14.437465987836838
11632,0.518539899441324,0.6567383026023557,0.0,8.920147982570207
12941,0.5654959294033729,0.5700521816775582,0.0,9.33503150742995
5087,0.4373313926368904,0.8270640357241443,0.0,42.755078229358645
18128,0.5087551661256574,0.6757883877301426,0.0,21.03391356810069
8219,0.5116854880983109,0.670045123748525,0.0,16.528340339363723
4206,0.4772821865412666,0.7396473769714437,0.0,73.4026041105888
4133,0.43630059895381074,0.8294238260508321,0.0,64.14349082828092
8578,0.5058042630073541,0.6816055165347471,0.0,21.835232618185877
332,0.4730821874111258,0.7484861478441082,0.0,52.94042203913593
17583,0.5457500794254107,0.6055941380176727,0.0,16.30865032162859
5649,0.513488260333899,0.6665281119315367,0.0,63.75341238068971
19114,0.6157429576388439,0.4849256790930258,0.0,14.494429639498893
20687,0.4362685801372439,0.8294972157999739,0.0,62.461139716881874
6188,0.5307000427395518,0.6335583086139932,0.0,44.25721294137736
12510,0.6762039120730062,0.39126060334649126,0.0,4.003965199271265
17390,0.4916327028927412,0.7100233801246023,0.0,4.482022417753787
20025,0.46299799191703167,0.7700325620175509,0.0,22.76216212199705
10002,0.5849163309135881,0.5362864660585361,0.0,46.57782078433394
2192,0.4035934324387949,0.9073472630860351,0.0,61.79035069291207
9001,0.4274731369277755,0.8498638301755334,0.0,62.99827990422648
739,0.43622864935434696,0.8295887479712523,0.0,60.30280495076355
182,0.4337610190933975,0.8352615437938429,0.0,40.38071716804979
516,0.4784276232413099,0.7372503371236303,0.0,49.491613106190776
16438,0.40096137085009487,0.9138901883604484,0.0,2.222425498577873
6476,0.456862265604483,0.7833733216884734,0.8,50.92318361309219
18109,0.47330837593112024,0.7480081453511365,0.2,32.239151349976446
3439,0.44597388777396885,0.8074948762680483,0.0,64.46635578792448
15895,0.6092621926758766,0.4955065740781762,0.0,8.524942952018776
17913,0.48802985487174605,0.7173786969844154,0.0,11.389821639067836
238,0.47806462249214116,0.7380093621302952,0.0,59.04074897042362
12063,0.5573652334989908,0.5845345385042447,0.0,12.625946254673917
10786,0.4676505968366873,0.7600338498558667,0.2,10.56956320425829
5038,0.5082311559824605,0.6768189034375397,0.0,61.49069004420528
7642,0.38326225256170543,0.9590357915867656,0.8,43.156610621404454
14785,0.5379942854975445,0.6199073406285399,0.0,16.15788634692855
6296,0.5138205598015358,0.6658811799229465,0.0,15.381854240166017
937,0.4705781951388543,0.7537931379339161,0.0,48.34075186534735
16356,0.4704535221710383,0.7540581087446808,0.0,18.549830122332416
7132,0.4360768806375455,0.8299367194402265,0.0,35.782719885729264
16676,0.505000933096304,0.6831950019930307,0.0,7.692775878812451
352,0.4635112387450226,0.7689246467081178,0.0,39.25359969459171
20179,0.45680724875304285,0.7834937522175479,0.2,23.16555858227723
18678,0.5363924680347638,0.6228891693682703,0.0,21.380671213792603
1265,0.4553254306198189,0.7867428835563222,0.0,43.01516355701881
5695,0.5392994290621235,0.6174843353042232,0.8,44.93124492601347
18377,0.49863975801101995,0.6958713717796302,0.0,28.756886296970254
5775,0.4556715181525324,0.7859830839766871,0.0,74.4325986522498
7341,0.4651923613001174,0.7653042787215443,0.0,53.0815037795289
1678,0.44892750955908095,0.8008938529175902,0.0,53.35154230121142
2816,0.4814429848301644,0.7309674663228352,0.0,41.222907809467046
19825,0.45785875130659537,0.7811945456947265,0.0,17.744834224656536
948,0.4563007267450012,0.784603198358834,0.2,77.0480376704659
3640,0.42391336000916185,0.8582261842313934,0.0,84.88715502524528
99,0.43589131269775444,0.8303623495125408,0.0,23.25845118369162
16565,0.5527091329712164,0.5929233959964402,0.2,9.801023577493527
13086,0.5001446211143954,0.6928579801536237,0.0,12.393152070676544
3828,0.4106613578599929,0.8899863509293181,0.0,83.69431725619991
15267,0.5443754240104728,0.6081161524815785,0.0,6.237143176420789
18024,0.45398297879480043,0.7896955732850269,0.0,9.555316549715684
20496,0.5384680977701658,0.6190270269072531,0.0,29.02400914800806
10541,0.44024859055059806,0.8204157330860217,0.0,10.217457732326029
790,0.46427201787998507,0.7672846530996007,0.0,41.26456770706975
10650,0.5253813270998302,0.6436309427128033,0.0,5.278739290828516
16397,0.48309323199882936,0.7275456170441716,0.2,5.080814992863731
11348,0.4746936866114668,0.7450855532574259,0.2,26.724728646975557
21157,0.5215996117944506,0.6508550126290763,0.0,7.33350942584553
8777,0.5263314138819727,0.6418242002372784,0.0,20.90742503658486
14303,0.5991403307166698,0.5122594333186937,0.8,11.377282033549335
13821,0.4849439706794607,0.7237219190903541,0.8,3.0158578100455813
10787,0.4682193356567176,0.7588184269209098,0.2,10.192221639132272
19215,0.4790766491523991,0.7358946752656085,0.0,25.40087524851051
10824,0.34856811935245274,1.0539216034562642,0.0,29.969315081737985
19695,0.4962400250246902,0.7006955478886727,0.2,24.48230415391271
976,0.49671819670677086,0.6997324223339844,0.0,46.88207229637696
12851,0.4654440875274182,0.7647633022021804,0.0,8.344447635487553
16750,0.48863330219857337,0.7161429640723068,0.8,5.434451411479275
7385,0.4759930838983071,0.7423519544816783,0.0,24.51617513745861
3581,0.47089707575012824,0.7531157316688173,0.2,58.20153839897684
19593,0.4776195968674277,0.7389406857785569,0.0,22.545080492233872
26,0.5135928245643137,0.6663244975678544,0.0,15.29548006174669
3553,0.4684596490716748,0.7583053089281973,0.8,55.43401454017278
8295,0.535451336262437,0.6246452685506613,0.0,36.319997042985506
12484,0.593300923446928,0.5220535492600824,0.2,4.492010042419316
555,0.49645356727465195,0.7002653199615216,0.0,19.208278608073606
14332,0.4110680307235934,0.88899655330871,0.0,33.542728057600215
7629,0.4893780446946354,0.7146199906581903,0.0,26.755373513405626
8208,0.5490118589976051,0.5996352366173727,0.0,16.807476441198226
912,0.48377066696215193,0.72614431314834,0.0,33.87463331637835
14947,0.4492761592721013,0.8001175262499771,0.0,5.771247859531721
18632,0.506063809419611,0.681092512072957,0.0,18.35462594858979
4376,0.4588959131603904,0.7789318633512509,0.0,56.48424359549367
63,0.434877734918768,0.8326903565530476,0.0,65.86996709749181
9375,0.48907002684796835,0.7152495955719316,0.0,17.31172215326268
7477,0.43589974598176273,0.8303430024822528,0.0,13.22321484853562
18557,0.45774910814061515,0.7814340437841607,0.0,16.273363067524855
15135,0.5209843645358117,0.6520352481669793,0.0,12.091666955721816
17434,0.4921157330674575,0.7090413603401178,0.0,48.28571555725077
6189,0.5322814073247596,0.6305829683543538,0.0,47.10454581168372
17826,0.4906613120208272,0.712001181422004,0.0,28.654486785829242
12260,0.4828360272544907,0.7280781710546308,0.0,13.738762444961207
5125,0.48257357794211597,0.7286218766847122,0.0,39.28364914852951
11924,0.4811160986546299,0.7316466686569247,0.0,12.757284973667781
14634,0.3529807702421754,1.0413416987673003,0.0,39.966693524760245
7674,0.4685313502523733,0.7581522633154002,0.2,51.01986095583434
6292,0.5191934606599612,0.6554787087024663,0.0,20.793424487022293
20809,0.5164595262133748,0.6607583551320357,0.0,22.74363409204794
20997,0.45016767584953077,0.7981351526217981,0.0,12.482036364298994
629,0.4552336738767059,0.7869444229027973,0.0,37.81858076310386
20996,0.4502426329726657,0.7979686571417405,0.0,12.47943254133775
17391,0.43696131826092155,0.8279106043697662,0.0,8.164854370819949
1246,0.47283991522193014,0.7489983933954466,0.0,56.21233171008997
14224,0.35484673206745626,1.036069323388605,0.0,14.503934533210606
14421,0.4584157369799755,0.7799787839353276,0.0,9.375344782064289
313,0.42659473331495495,0.8519208187431894,0.0,19.16821842172176
2802,0.48286288518209897,0.7280225472421374,0.0,33.36891278631883
15946,0.4947169735362849,0.7037694505703782,0.8,12.107192560303488
16595,0.5095250933514814,0.6742761765969508,0.0,11.338290579433
4414,0.396916215280411,0.9240300652017246,0.0,34.18911241246383
2118,0.4062606607770136,0.9007603037698538,0.0,34.39733568552455
13316,0.6134619380455368,0.48863705743134483,0.2,4.980066521307635
3696,0.39373977317180736,0.9320650620765929,0.0,102.52715682842522
7656,0.4717480115405779,0.751310309812678,0.0,36.83674357298876
7176,0.4587628879133173,0.7792217864639572,0.8,17.22080029185537
15251,0.5932225433162295,0.5221856665472799,0.0,5.026506898855342
20934,0.562389566937627,0.5755604896221433,0.0,21.01745489154004
956,0.4359579722156753,0.8302094342800478,0.0,12.351860929070881
4732,0.5360109790728366,0.6236006347762716,0.2,39.70776756476192
13527,0.575774456452479,0.5520392636281621,0.0,15.339514854178454
2091,0.48568845955061957,0.722187890360283,0.0,49.76958188028983
18654,0.47264091368657957,0.7494193464855666,0.0,25.120533978445213
5837,0.4537956392556143,0.7901083160796261,0.0,47.250450884498385
10337,0.4864216243738403,0.7206794913129794,0.0,31.152451712336312
19132,0.5132845026120575,0.6669250015489271,0.0,10.051227082505545
702,0.43589131269775444,0.8303623495125408,0.0,23.25845118369162
1901,0.49298554451448506,0.7072754268409625,0.2,51.02285155866201
18057,0.46031939770750113,0.7758346876010684,0.2,17.66808389713913
11950,0.508204366906804,0.6768716152427834,0.0,4.924918210756391
5307,0.46990573032493116,0.755223178172385,0.0,54.417600571791446
6578,0.46262273013424016,0.7708433947796342,0.0,80.79980440555852
16775,0.40176775151034827,0.9118810898762003,0.2,89.52574806324317
3608,0.41948591286018344,0.8687253344249369,0.0,63.537695553634364
12989,0.447598596105046,0.803858439043821,0.0,13.161977580662093
6824,0.47510904876783283,0.744210924942782,0.0,46.814587325065105
14140,0.3631589391298333,1.0129146917026037,0.0,38.67308517030389
1727,0.5473165218745317,0.6027279933205602,0.2,15.933116480762358
13646,0.3768345817716208,0.9759489629656956,0.0,37.26856517829832
3346,0.5258859641735896,0.6426708878976123,0.2,44.109716537948316
3014,0.4813693644691324,0.7311203940687849,0.0,33.834426937081275
16193,0.49928599499401827,0.6945762111499187,0.0,7.74844887516021
5637,0.4710048580930166,0.752886870596372,0.0,42.624691442509224
13276,0.4128188673017919,0.884746360186311,0.0,6.078649628876004
6556,0.44686133951356016,0.8055069349218085,0.8,52.59557384079224
12857,0.46071631369767,0.7749727969928655,0.0,6.133134372472291
14876,0.10820300856551998,2.2237461073600215,0.0,25.272874531353942
6580,0.44998029722935834,0.7985514811110753,0.0,48.63577698227576
5894,0.4586354642013989,0.7794995801016811,0.0,77.98893239446221
7336,0.46279814264766,0.7704642969644027,0.0,53.05032175388142
20116,0.6084823389092971,0.49678739095390667,0.0,2.221136462383013
17270,0.47109338856103045,0.7526989274204052,0.2,12.850076109020389
3496,0.43568667498618235,0.8308319293280573,0.0,93.40213348187837
19672,0.47919067498855905,0.7356566919099716,0.0,4.097791537974064
11988,0.4861251762198904,0.7212891240071597,0.0,2.9731536680399007
12023,0.4239956116497687,0.8580321736863608,0.0,11.310580251005193
6111,0.5139722347656451,0.6655860329516657,0.2,14.676171518782382
6302,0.5168317305049781,0.6600379303625789,0.0,15.322781913003503
5860,0.41115029737850745,0.8887964442807867,0.0,64.0377831323328
12042,0.4694624335612432,0.7561669972491595,0.0,27.677225333292768
12000,0.46844890386954197,0.758328246496863,0.2,1.8874788530262774
488,0.4373313926368904,0.8270640357241443,0.0,42.755078229358645
5830,0.45522176938396897,0.7869705735350456,0.0,44.28795003392302
16843,0.5016805929648412,0.6897916307897676,0.0,9.381166112957182
17873,0.465470003003119,0.7647076247213664,0.0,25.39976387180531
3356,0.4790687014280763,0.7359112650749066,0.0,26.18004381649554
12792,0.5458086926444775,0.6054867444065856,0.0,10.565199339886954
9233,0.4352601421382847,0.8318113987367769,0.0,49.34305191921691
7037,0.4503633055860745,0.7977006761992117,0.0,64.61375477213616
8312,0.43613680606138033,0.8297993094801607,0.8,48.173999165105386
13085,0.4501337614998652,0.7982104926096614,0.2,5.952256037708859
8505,0.4824975702617999,0.7287793939426154,0.0,36.38066601118044
8469,0.43612946521914026,0.8298161411346267,0.0,46.55683421849855
18742,0.4397558136371322,0.8215356751286459,0.8,32.94358088604969
1234,0.4360845096409834,0.8299192249638071,0.0,35.815163140228094
6284,0.49173485084851853,0.709815628799564,0.8,23.210972957157956
7693,0.4288400611765329,0.8466712473382625,0.0,77.35612316396441
446,0.46748609464394475,0.7603856747728828,0.8,30.81653345102481
4090,0.45677012398625255,0.7835750256113918,0.0,64.2923332426959
13976,0.45141098585961026,0.7953770775895539,0.0,13.865808284138172
3667,0.4102168143282676,0.8910694436225924,0.0,42.013925626469295
17677,0.4776162775375408,0.7389476355382463,0.0,16.674352381130376
20600,0.4514326333078079,0.7953291236632211,0.0,28.349506218563334
436,0.46796404829116556,0.7593638059059611,0.8,41.476450267495544
7708,0.44235208224124445,0.8156491478382204,0.0,57.136222183776425
14359,0.46444365919755076,0.7669150215239605,0.0,9.563429974651822
5518,0.4679689863578474,0.7593532537264802,0.0,45.17772101938016
1149,0.47321649281625205,0.7482022936893168,0.0,50.12955367718422
17920,0.5506923415964011,0.5965789894811805,0.8,18.136001052651068
7879,0.5177936439698568,0.6581784868079092,0.0,48.297133043471504
2655,0.43589131269775444,0.8303623495125408,0.0,23.25845118369162
18052,0.45774910814061515,0.7814340437841607,0.0,16.273363067524855
16529,0.532778686553392,0.6296491632711927,0.0,12.022835688674325
21099,0.5086795052967227,0.6759371163536098,0.0,4.5362139646426165
13710,0.4405948228867777,0.8196295948264192,0.0,14.269751120862407
14247,0.5691398436197118,0.5636291041918631,0.0,7.262924724769396
5553,0.5390369238963573,0.6179712059735305,0.0,47.945604265558956
15873,0.604945407528059,0.5026170605135739,0.0,5.139510805966845
13379,0.6104317355666274,0.49358880893707435,0.0,7.352498382014286
4350,0.47478770618124677,0.7448875092076932,0.2,50.43260449179594
11502,0.4767987697720889,0.7406607434103137,0.0,5.297205246965845
5670,0.42701075936159516,0.8509460685028274,0.0,23.503132749241274
13130,0.495418723601515,0.7023519677248281,0.0,11.350358339432434
17527,0.5126185814278506,0.6682232163376206,0.0,21.483711352957393
3478,0.4490578165009795,0.8006036322669146,0.0,54.981456889178745
19794,0.4949471338496949,0.7033043224206519,0.0,24.20246093431326
5436,0.4626109903874548,0.7708687716039448,0.0,52.422928695671956
2562,0.4675587406223092,0.760230289756527,0.8,44.60271260804061
16120,0.6558923927399384,0.4217585389507461,0.0,4.06442372556863
11007,0.5592158348350955,0.5812197715194345,0.0,4.332993213760242
20918,0.5238326449779596,0.6465830254867435,0.0,20.448510678312047
18693,0.5338268975916297,0.6276836543871676,0.8,20.59430096382951
12274,0.5035336099175882,0.6861048164841675,0.8,11.837606385255114
18145,0.45581095233447344,0.785677133642932,0.0,25.719141449340643
15671,0.5897232433545144,0.528101931194516,0.0,3.826362085167244
17584,0.46157978878981687,0.7731003498642246,0.0,5.170495388357298
14625,0.4148322512463811,0.879881054332026,0.8,12.6082561621477
19791,0.48539190814359806,0.7227986563197355,0.0,26.273730743633678
1487,0.4344498118660423,0.8336748487363936,0.0,21.22536724601079
1791,0.47885358124473226,0.7363604041978844,0.0,52.931426530035054
8802,0.4901548117040048,0.7130339955236374,0.0,16.196210315960442
13594,0.5808582188064815,0.5432485815032669,0.0,7.111124014770919
6976,0.49006045215574917,0.7132265237407059,0.0,43.07888312223594
14703,0.48928187742059376,0.7148165191400011,0.2,7.998796890078742
6215,0.5204036678847699,0.6531504841657624,0.0,15.917277224372487
20619,0.43897041925484936,0.8233232502846465,0.0,29.763135183717075
3500,0.4474641253691635,0.8041589112535734,0.2,69.5436653447171
2957,0.48097822155674885,0.7319332873302261,0.0,18.115348163397123
7700,0.43625045961400516,0.8295387519095963,0.0,47.489435380679055
7810,0.450055363382622,0.7983846740461493,0.0,56.81305328330016
2882,0.46197234091989875,0.7722502578313141,0.0,57.262359269502795
11656,0.5673450318106595,0.566787638616723,0.2,4.761016083300851
12880,0.5443773686970926,0.6081125801617041,0.0,9.37347719846988
14705,0.46444365919755076,0.7669150215239605,0.0,9.563429974651822
2731,0.43589131269775444,0.8303623495125408,0.0,23.25845118369162
20786,0.4218063048211988,0.8632090636304954,0.0,14.184682427711522
14682,0.5623010634993166,0.5757178723478421,0.0,7.2431064663568145
8549,0.47364042315505506,0.7473068461090566,0.0,51.20546828823187
19915,0.5472351032488572,0.6028767640572817,0.0,5.9985935026058295
15093,0.4978301147208744,0.6974963952559441,0.0,12.536451635741393
10003,0.5840525037351745,0.5377643965388808,0.0,46.706182742731144
16819,0.5317034039886132,0.6316694564073024,0.2,2.8225297368201723
7274,0.4808053519965903,0.7322927643825976,0.0,37.409175198050946
6437,0.42624798697637256,0.8527339730316383,0.0,23.55251467723766
9214,0.477726819335181,0.7387162175304219,0.0,20.248211409789718
11858,0.5034575372968745,0.6862559054407465,0.0,9.480969294095644
11119,0.5259769042943456,0.6424979753940745,0.0,2.928624698578293
20206,0.5738972976948843,0.5553048225478653,0.0,9.721721511398918
7758,0.502434200870036,0.6882905911649773,0.0,15.524393837370624
4030,0.4070470725377059,0.8988264428865359,0.0,36.087883053394734
14572,0.49979064506087123,0.6935659781216608,0.0,11.590874221570326
7231,0.4282619357357518,0.8480202712129931,0.0,18.66068373888467
8876,0.5477600867528898,0.6019178857917866,0.0,20.648792681744375
14824,0.44909508796696196,0.800520636452241,0.8,11.08921208591723
14373,0.5454566398936201,0.6061319637727173,0.0,5.879783121513873
11581,0.42744031430497365,0.8499406160133761,0.0,14.102638633676778
9899,0.5493621220916566,0.5989974518337653,0.0,36.98809265073501
18846,0.5413526443848802,0.6136843744401156,0.0,21.9576261683409
8035,0.40551719836569816,0.9025919935869812,0.0,70.13139859033149
9287,0.46358862530764766,0.768757703392073,0.0,59.232780459843646
14794,0.5088415037005215,0.6756186985445717,0.8,17.512038006461317
8502,0.5191934606599612,0.6554787087024663,0.0,20.793424487022293
2540,0.4552336738767059,0.7869444229027973,0.0,37.81858076310386
17659,0.44379960686699765,0.8123821543177501,0.2,12.54098758494917
14684,0.5611718680370906,0.5777280602407088,0.0,7.268396639937908
20551,0.5288009912769596,0.6371431158682035,0.0,8.63328949344632
8968,0.5126031262881294,0.6682533661863918,0.0,16.484142153684992
16033,0.6114764693929505,0.49187880473764367,0.0,3.9055175032163296
12513,0.5834706570765593,0.5387611163065302,0.0,4.529095250243266
6390,0.5054956513620098,0.6822158432054788,0.0,17.621635828560308
11152,0.6327653891078521,0.45765555886039483,0.0,1.7537361639660052
18162,0.5245967939160322,0.6451253230510122,0.0,12.816736544332072
14453,0.5248077256492901,0.6447233203301055,0.0,3.9231412750889167
18174,0.5366697640628464,0.6223723381427169,0.8,25.13139449188726
20241,0.4342360265824462,0.8341670526574199,0.2,33.1915061978941
7296,0.46827166750192495,0.7587066653661584,0.0,35.65921327220944
11365,0.4999848568508706,0.6931774673168434,0.0,4.229075694385719
15162,0.4058927210081681,0.90166638826638,0.8,14.658390016581826
17671,0.42037377475691295,0.8666110235690364,0.0,7.9427928972552
15953,0.465868017354413,0.7638529095334874,0.0,5.192442777296714
12935,0.48733378212145834,0.7188060064350817,0.0,13.006794878384714
13154,0.5369120881323588,0.6219209071258229,0.2,5.289437238000824
12251,0.47942323159156186,0.7351714984322457,0.2,12.814039091473493
6770,0.4830254564619234,0.7276859218283077,0.0,37.87605167598312
11957,0.6552484085828327,0.42274086549910944,0.2,3.668333763610817
97,0.46853098951230493,0.7581530332536489,0.0,51.88420097975391
6104,0.46050490673408734,0.775431768112082,0.0,54.06698180643739
19358,0.3953142702821899,0.9280742094520286,0.8,27.72853680346755
9900,0.5514356879943737,0.5952300599725727,0.0,19.871754553110446
17457,0.5063937317040283,0.6804407863803834,0.0,29.26235674507756
17181,0.5375452552712735,0.620742326671059,0.2,23.684734693021564
20333,0.4550801722937893,0.7872816727095915,0.0,53.23992161536551
20947,0.594506056659888,0.5200243750816855,0.2,2.3307493076363137
3073,0.49843688069608266,0.6962783160602627,0.0,16.880223849439904
8242,0.4668043459001366,0.7618450686299191,0.0,50.148453676910236
6642,0.470758400141522,0.7534102674372787,0.0,42.4998730711756
8954,0.540188188426923,0.6158377030479277,0.0,37.83091204809875
20015,0.3983571269971057,0.9204063720214559,0.8,5.185109168628756
8567,0.4922345170845746,0.7088000153154675,0.2,49.01352214060758
18869,0.5033495533249241,0.6864704132116397,0.2,56.58232590391084
5660,0.5211109881857524,0.6517922307689394,0.0,52.143378461515155
6230,0.5561928276238131,0.5866402325839849,0.0,44.148786203525006
7648,0.400016881293666,0.9162485295305214,0.0,78.01398496151228
16598,0.4201384453356691,0.8671709902697399,0.0,5.533851472618663
20459,0.5158918165320485,0.6618581933654877,0.0,10.23563674579023
8396,0.4360065191186379,0.8300980836379167,0.0,23.867397176405845
8171,0.48308471804667547,0.7275632410277323,0.0,36.27266782381908
6667,0.45945900707915516,0.77770555318092,0.0,24.342767663336243
10062,0.5157459427400414,0.6621409937800097,0.0,35.44440911463377
1957,0.44555777045292855,0.8084283649387366,0.0,71.97033642223481
13173,0.46937832741937274,0.7563461674462599,0.0,6.420319908486793
5544,0.4767027403940602,0.740862168111438,0.2,48.619078369230664
15439,0.5731668724318616,0.5565783787808488,0.0,3.7975342529435947
12066,0.5859468167911839,0.534526249852767,0.0,4.320842636865525
15088,0.4965917450941425,0.699987028893307,0.0,12.348821501330864
14856,0.4432673346983632,0.8135822266179882,0.0,26.37226862067886
18088,0.430466424073217,0.8428859510172375,0.0,6.550487859656407
3008,0.4790687014280763,0.7359112650749066,0.8,26.18004381649554
12463,0.4634120640017532,0.7691386336547269,0.0,4.1158146445303485
12365,0.45150176122320496,0.7951760053061161,0.2,12.66436976580134
14935,0.531125975725001,0.6327560434577668,0.0,7.7776792190675295
15583,0.40694842065244924,0.8990688321542039,0.0,12.347811097298882
6079,0.515482649559559,0.6626516335899794,0.0,13.9819497215301
12227,0.4510931740812478,0.7960813664019625,0.0,8.68146637865438
11960,0.4655487792099474,0.7645383989043981,0.0,5.355591389539627
19770,0.5036768004389551,0.6858204855819862,0.2,14.433435220298112
12528,0.5160151584357773,0.6616191371185426,0.0,5.872299531937497
18364,0.4892835069339248,0.7148131887272211,0.0,26.097828320640637
6237,0.5656648675459617,0.5697534829526723,0.2,42.710147421933044
13799,0.5572826777196594,0.5846826673952631,0.0,3.5621794131761564
16449,0.398480061483872,0.9200978159211162,0.0,2.2375213929776736
20368,0.5512865329170474,0.5955005815516384,0.2,9.950814172530812
16584,0.510992559860169,0.6714002488449602,0.0,9.433173944479712
12973,0.4758628159893995,0.7426256679917511,0.0,11.871798820052263
2209,0.4117010196240411,0.8874578735903478,0.2,74.1426664241217
9812,0.5257923544215105,0.6428489076412376,0.0,16.063508756723465
20505,0.44684487202399614,0.8055437870536462,0.0,5.025828181410547
4979,0.4313576989809044,0.8408176050482885,0.0,53.24056728759584
13058,0.47046112324961253,0.754041951958066,0.0,20.845489387943303
8206,0.5506923415964011,0.5965789894811805,0.8,18.136001052651068
4868,0.5653661735146128,0.5702816630422528,0.2,48.27634179927821
15981,0.5148199311261267,0.6639380877584029,0.8,10.852399691799178
9453,0.538078498052459,0.6197508223030627,0.0,18.468575213879795
10034,0.4827547816866992,0.7282464526232433,0.0,9.125291780113907
18279,0.48075511075139155,0.7323972637816284,0.0,12.150654065862886
2095,0.4934479471813026,0.7063379025079397,0.0,52.34670238597785
16170,0.5004647891936206,0.6922180339631252,0.0,4.805723614969424
3601,0.573206541332824,0.5565091711378558,0.0,17.474388822894277
7139,0.4785909661632555,0.7369089792329055,0.0,51.141484283197514
20138,0.4340994064003382,0.8344817241036052,0.8,23.290387975694966
15110,0.5646530485604678,0.5715438098002587,0.0,16.26899354304172
4119,0.4896617733997995,0.7140403845832108,0.0,43.38866625723104
8631,0.4747221837627611,0.7450255223432773,0.0,29.689267349584288
11834,0.4916530184822146,0.7099820582808398,0.0,12.118009542843641
17908,0.45351693339487686,0.7907226707748096,0.0,25.666856415330187
2120,0.3768345817716208,0.9759489629656956,0.0,37.26856517829832
7463,0.3860222347496263,0.9518603081979875,0.0,76.94838382890873
19734,0.3695771776296953,0.9953956899585504,0.0,6.981257246895571
1460,0.4352418533137092,0.8318534177664259,0.2,52.76030556045073
9968,0.4873319369719616,0.7188097926552403,0.0,31.44325598952383
4809,0.5039483781456867,0.6852814404706103,0.0,51.60306175461699
7600,0.4615048449359079,0.7732627268583495,0.0,35.481155974236344
17976,0.49047376533107484,0.712383486970681,0.0,47.80449356706427
11932,0.4836607609054616,0.7263715252359304,0.0,5.63954813123663
14657,0.4016939128438469,0.9120648912197742,0.0,32.15028915512276
9958,0.48323474926076654,0.7272527200864236,0.0,56.45298962245967
16825,0.5323187376234298,0.630512838176629,0.2,2.8173615443152
19548,0.47770277610025014,0.7387665472146829,0.0,22.53976752461022
7910,0.5380044595001613,0.6198884298209495,0.2,46.37385428619245
8528,0.5013370241867834,0.6904767010928606,0.0,56.10675801100139
12710,0.532778686553392,0.6296491632711927,0.0,12.022835688674325
4160,0.48483195966817005,0.7239529229919431,0.0,41.3377135598367
20093,0.47655351718142275,0.7411752491170344,0.0,24.262370818543996
6359,0.4486693101560958,0.8014691655845597,0.0,56.83618661119599
16444,0.4344709427049594,0.8336262117604436,0.0,1.9818045938913995
2121,0.4062606607770136,0.9007603037698538,0.0,34.39733568552455
19647,0.45445139331158024,0.7886643164927359,0.0,33.150716192341285
17291,0.503380394063182,0.6864091440731831,0.0,4.729359074671416
16606,0.503514381959696,0.6861430032598717,0.0,12.557446066846
4876,0.4579227587852976,0.7810547580311821,0.0,45.13324907365236
775,0.5077392405498267,0.6777872691945602,0.8,53.91797933286986
19499,0.4866849805173161,0.7201382224559358,0.0,4.905221554453684
20327,0.39112124000706916,0.9387376903162072,0.0,32.79855538846195
19479,0.4863910497949491,0.7207423494144681,0.2,15.680110067211078
16673,0.6310164737729237,0.46042330937613196,0.0,3.8760736053937093
12147,0.5045663462048148,0.6840559390048434,0.0,11.697528064156709
616,0.435933224503099,0.830266202171904,0.0,12.352705522105467
17744,0.47076728685579583,0.7533913901737119,0.0,36.31986589025428
17703,0.5230180471359238,0.6481393085605122,0.0,7.173281562610219
124,0.515482649559559,0.6626516335899794,0.0,13.9819497215301
15789,0.46329238921887217,0.7693969140226056,0.0,13.157072010424024
18670,0.4893066990776241,0.7147657896350145,0.0,21.08916470497956
19446,0.5862427838150933,0.5340212683548151,0.0,8.60895676732863
12718,0.42144901584374583,0.864056467708662,0.0,14.856414482771404
7078,0.4297503355590392,0.8445508538956573,0.0,65.49491807526707
1427,0.4332980310748707,0.836329494269513,0.0,21.042053138551026
16414,0.46205970902984256,0.7720611559268749,0.0,11.41476945064369
14071,0.3768345817716208,0.9759489629656956,0.0,37.26856517829832
5510,0.4615464279085181,0.7731726279139861,0.0,45.19967111999094
7498,0.5108167435592383,0.6717443762708456,0.0,48.125446425734026
20471,0.6180579900063247,0.4811729909649805,0.8,16.504233222992973
11928,0.470455950930764,0.7540529461657184,0.2,5.264043397131876
1003,0.43636689250748817,0.8292718929160388,0.0,64.15247414213216
14575,0.5108733890946925,0.6716334903305752,0.0,13.204314637675775
15726,0.5517753447529107,0.5946142996888433,0.2,1.669676899371241
16670,0.43494288841186346,0.8325405475200821,0.0,6.857220835771845
3404,0.4516378334446785,0.7948746737659942,0.0,59.42880146675532
10930,0.5498981388596839,0.5980222199809443,0.0,5.626791019893957
12129,0.5438915478624965,0.6090054125480313,0.0,7.054718475931951
19303,0.5623974242364427,0.5755465184455961,0.0,20.22125182695686
7247,0.4727094561837791,0.749274336763237,0.2,40.086177016833176
18747,0.4571127394762574,0.7828252238156597,0.8,16.204481983672093
17666,0.4301126952670236,0.8437080226156872,0.0,7.940979858972243
13258,0.3691252623860653,0.9966192280857522,0.0,10.75950119021558
8163,0.5662793589521216,0.5686677554898896,0.0,40.949766287632336
21160,0.43947060906953445,0.8221844376549656,0.0,12.507481228283874
1421,0.43623541563749546,0.8295732372277841,0.0,60.30167747484216
11680,0.5231462484507212,0.6478942202584549,0.0,4.58565577181418
6858,0.517412097732983,0.6589156277235365,0.0,37.06400405944892
18094,0.5179405984943011,0.6578947180197291,0.0,14.858847745118442
4603,0.43695902761703725,0.8279158465955482,0.0,65.36395672036821
3649,0.47430874218169783,0.7458968145128284,0.0,49.87439033167804
5105,0.47839110264135515,0.7373266746763654,0.0,42.027620456552825
17215,0.3691252623860653,0.9966192280857522,0.0,10.75950119021558
7209,0.46549934482234173,0.7646445897368076,0.0,50.46654292262931
11666,0.5026024594613446,0.6879557604080074,0.8,4.889817514050527
13025,0.5816801197179033,0.5418346048263296,0.0,9.270790419288097
12810,0.5431320406653131,0.610402819796214,0.0,4.089698848975223
4087,0.46949285429337506,0.7561022002720594,0.0,63.13453372271697
18972,0.6068754204931395,0.49943174705416865,0.0,1.9382945717373148
9752,0.4258577369314612,0.8536499393518889,0.0,23.577813669518758
16301,0.4443547209171833,0.8111321145327598,0.0,51.55555908717852
1197,0.47871357847989643,0.7366528176634292,0.0,22.89517092183098
19489,0.4158931558489672,0.8773268886106405,0.0,8.570167999212378
19844,0.35675353419034916,1.0307101160439907,0.0,6.599121675245533
20185,0.5337601666504824,0.6278086670319799,0.0,14.8354326057134
10938,0.5736475702262471,0.55574006038398,0.0,5.120032811681033
8763,0.508633863110224,0.6760268471837488,0.0,43.96540590344161
19545,0.47350468698085424,0.7475934678181855,0.0,22.809076874243406
8848,0.39868591855275287,0.9195813436214645,0.0,27.276115084291177
992,0.4190045200297527,0.8698735714576781,0.0,57.746555581164046
130,0.45227410985162475,0.7934668452341207,0.2,42.91068844314243
11270,0.5218069883614729,0.650457513572195,0.0,10.590424228061257
13636,0.568876999040174,0.5640910386279078,0.0,7.268877211984517
11854,0.3744731517526377,0.9822351695089644,0.0,9.378528795196669
3458,0.45742135932252864,0.7821503012329112,0.8,31.44635130956256
4289,0.4669904910835315,0.7614463832260421,0.0,50.343026000364816
19875,0.479226344149696,0.7355822584213312,0.0,31.140874236821382
21023,0.41825341795510035,0.8716677671101001,0.2,15.59413665286307
9282,0.522066055141169,0.6499611566892819,0.2,21.156236394057643
3072,0.49846960216090264,0.6962126700535521,0.0,16.465430045142593
11544,0.3734522695779148,0.9849650748701356,0.0,10.435705466097112
3789,0.47166347286443905,0.7514895289079775,0.0,63.125120428270115
6702,0.4663540780476106,0.7628101092402064,0.0,50.57049479533246
19288,0.43550304849585225,0.8312534827236034,0.8,24.561877393818214
11822,0.5063827413582285,0.680462489779095,0.0,9.533959726251194
18489,0.38462615347056833,0.9554834463959241,0.8,34.89425681098478
7257,0.4655764451411669,0.7644789741771884,0.2,64.15507119689099
19035,0.4311336806666426,0.8413370730095588,0.0,67.41212976544467
15332,0.4724866343408035,0.749745819557838,0.0,10.620149684189574
5376,0.462350934378471,0.7714310780273185,0.0,57.64133109188956
13571,0.5645720840571317,0.5716872081379971,0.0,8.105095262527636
1284,0.47782030668330777,0.738520544609894,0.0,44.64356748511455
8181,0.48925154920654396,0.7148785062182842,0.0,17.5545564241653
12174,0.46019424551084864,0.776106605781414,0.0,10.7102713078141
12401,0.4182663104164323,0.871636943064006,0.0,11.941861532794626
10585,0.5679019230926168,0.5658065457818622,0.8,4.6848781828859645
11840,0.45141098585961026,0.7953770775895539,0.0,13.865808284138172
20827,0.5311692492907839,0.6326745716318791,0.2,10.464437088973916
19411,0.4179133521770212,0.8724811593877544,0.0,70.31980343887597
5738,0.49402510030090896,0.7051689527592888,0.0,55.09132712432552
11799,0.5401135132055911,0.615975951874784,0.0,10.920021482155708
18647,0.5216167265478363,0.6508222011157626,0.0,8.936049205812115
15754,0.5197657089108705,0.6543771287260111,0.2,11.15320450342257
19569,0.5105007964442491,0.6723630812527787,0.0,5.035663488124876
772,0.48296646403684357,0.727808060376056,0.0,53.806850125711215
15881,0.5340719038373247,0.6272247977058678,0.0,7.675977470311745
15684,0.4325705588236263,0.8380098241276461,0.0,1.822319397393547
16591,0.49939729752794104,0.6943533125889494,0.0,9.068254553773924
14212,0.3880781474625987,0.946548548653254,0.8,35.91915126666713
14374,0.543870259838771,0.6090445535135947,0.0,6.77257507495648
12444,0.44047977151149553,0.8198907563141469,0.2,6.450490384557975
7221,0.3978534849625752,0.9216714697082675,0.0,53.4569452430795
5599,0.46258515272992623,0.7709246249659102,0.2,40.89562451341416
11995,0.5307647016645213,0.6334364789905595,0.0,1.7898253241557018
3451,0.44935102827152557,0.7999508965271392,0.8,45.23322197937325
4769,0.5027192222398416,0.6877234710201482,0.0,51.73056032964175
2401,0.4638849009283537,0.768118815871507,0.0,56.57194903085204
12786,0.4405948228867777,0.8196295948264192,0.0,14.269751120862407
11871,0.5411590429458836,0.6140420637719289,0.8,10.577489073066472
17897,0.47049562503262343,0.7539686185490877,0.0,28.94259270447889
5656,0.5063888385473405,0.6804504491783651,0.8,63.634023531267275
16225,0.46710558860875906,0.7611999470653251,0.0,11.879666361184306
4,0.47580640673849617,0.742744216011635,0.0,22.148632294799413
8021,0.515482649559559,0.6626516335899794,0.0,13.9819497215301
2282,0.43680551822272407,0.828267221337459,0.0,35.61962957871355
16485,0.6104409536226395,0.4935737081717057,0.0,4.605042659585329
10847,0.6314653408071511,0.459712222613602,0.0,4.1638435133167455
10001,0.5858230913650878,0.5347374268520988,0.2,46.44328285523865
4787,0.5143585655968382,0.664834658298232,0.0,37.89557552299922
2464,0.5076506904765119,0.6779616850929919,0.2,17.321922476546167
3739,0.471125732415713,0.7526302727858831,0.0,51.99922566161894
14006,0.3529807702421754,1.0413416987673003,0.8,39.966693524760245
13403,0.49442354144850165,0.7043627577738456,0.0,27.49867503214051
15659,0.5001672143555834,0.6928128077575952,0.0,5.27299848730844
11801,0.380673054789565,0.9658143961664329,0.0,13.671585392032924
19582,0.5199270053088116,0.6540668516662046,0.8,4.962405133729617
2506,0.4582626560073746,0.7803127745152191,0.0,45.923358276554616
5158,0.4698177325580097,0.7554104625611535,0.0,51.14128601006031
18974,0.6080250346363024,0.4975392224749978,0.2,1.9304520622079453
14898,0.5120846333301121,0.6692653681302065,0.0,7.4489236238805425
6281,0.485718073485566,0.7221269191109687,0.0,22.96363547678969
7817,0.4552301673052364,0.7869521257270301,0.0,50.37909940761841
10349,0.44059296823842176,0.8196338042545901,0.0,37.707250913540946
5507,0.4663778560821565,0.7627591234560149,0.0,46.684670638083915
4020,0.508633863110224,0.6760268471837488,0.0,43.96540590344161
8420,0.47966280846891235,0.7346719042929785,0.0,35.26425140606297
2643,0.5191934606599612,0.6554787087024663,0.0,20.793424487022293
208,0.4792215048817701,0.7355923565564166,0.8,23.995019079110747
87,0.46225159480943956,0.7716459586193086,0.8,60.99745266342022
4862,0.509679956199686,0.6739722871107978,0.0,54.729918237912216
7597,0.42470137361537824,0.856369007348909,0.0,28.178824408232032
4409,0.4346239774175651,0.833274041449367,0.0,25.181536192403684
18969,0.5716337053420923,0.5592568680062258,0.0,2.327627051574279
5758,0.5394163005978587,0.6172676488631543,0.8,17.669286448707794
2305,0.491414195871515,0.710467930684905,0.0,16.137924115086925
19351,0.558001407164066,0.5833937948046044,0.2,22.282142741197188
15675,0.5458555547033437,0.6054008900626171,0.0,1.7038402213153028
20341,0.5294916079513716,0.6358379630721809,0.0,3.4761578324436635
16304,0.47503667799705557,0.7443632610926558,0.0,8.642057560668952
1400,0.45843831674268937,0.7799295290672781,0.0,60.83840672314268
20201,0.4697473053328143,0.7555603770907222,0.2,10.895180335013634
6441,0.43268821185845024,0.8377378753429923,0.0,23.38713130827231
5389,0.45428501139899785,0.7890304994993352,0.0,48.497762782035636
13540,0.4715243977179455,0.7517844333524454,0.8,8.706039725076385
10455,0.42294213438358225,0.8605199074411388,0.0,31.279898963747694
1163,0.43038292670434497,0.8430799393592359,0.0,18.969298635582803
14142,0.36092271681648685,1.019091424408587,0.0,38.9089128386845
11740,0.5236461741287282,0.6469390629507951,0.0,4.077333296174785
14492,0.3556654239233589,1.0337648104782373,0.0,11.968411708820563
11787,0.380673054789565,0.9658143961664329,0.0,13.671585392032924
19128,0.44164094012464855,0.8172580797008305,0.0,9.563553774311009
6998,0.5309610294284126,0.6330666513403869,0.0,17.357421586518267
10135,0.5172327676772899,0.6592622781801023,0.0,17.088079558168978
15686,0.46573530745711744,0.7641378159838161,0.0,1.868760152941293
7204,0.5793266251774207,0.5458888409873088,0.2,44.51723456603491
11759,0.6029305469538162,0.5059532680696505,0.0,6.460897046021552
3104,0.4827819488701646,0.7281901788790908,0.0,33.431211001226046
20045,0.22351281700209724,1.4982865198072406,0.0,23.92763469252992
18572,0.4452072022803413,0.8092154820828048,0.0,23.325638431875312
8386,0.5011090878259608,0.6909314614276445,0.0,50.245917822283374
2281,0.5196640589191642,0.654572716720845,0.8,55.92014988621828
15655,0.5032068908416725,0.6867538796481893,0.0,4.695679553853564
10322,0.49816886112977554,0.6968161808577855,0.2,49.369428008659774
10140,0.589249130951193,0.528906212005859,0.2,7.433248355476568
2966,0.45750353649056547,0.7819706642624147,0.0,53.21701081203579
6313,0.5338623185700403,0.6276173036590953,0.0,44.16543138229295
6918,0.44583492282756265,0.8078065236657392,0.0,62.64539529397061
4428,0.46595748337403725,0.7636608864136453,0.2,54.52156933507841
13377,0.5672700845138062,0.5669197491375225,0.0,7.923837467778041
19929,0.4386077531101062,0.8241497662049582,0.0,30.538871410176206
8666,0.436180072685763,0.8297001101514023,0.0,55.382482352606104
20260,0.5243459701501236,0.645603564151064,0.0,14.3078647652278
14779,0.3782884800965999,0.9720981995736699,0.0,37.30912808382018
19603,0.49673008454987566,0.6997084898488622,0.0,10.884315435197387
9305,0.5069889353531913,0.6792660993900594,0.0,47.06295418378703
18396,0.4766695758372897,0.7409317412597648,0.0,7.558986082213828
5579,0.5100543620497678,0.6732379666898696,0.0,48.97469516775883
10284,0.5660638201767786,0.5690484506394148,0.0,7.48782387710342
18236,0.5852024936450878,0.535797348660886,0.0,16.36057349253248
18973,0.6075377967406154,0.4983408888458419,0.0,1.934061010521928
15543,0.5610228209970105,0.5779936951477583,0.2,8.962947661799578
20460,0.4729173082774368,0.7488347297114558,0.0,52.31359753127255
15433,0.5600726605040758,0.5796887527697268,0.0,4.476066519864797
635,0.4370906292147772,0.8276147158812787,0.0,59.58825954345206
18312,0.4192360227276707,0.8693212175878872,0.0,26.735540553608114
14165,0.4062606607770136,0.9007603037698538,0.0,34.39733568552455
2732,0.43589131269775444,0.8303623495125408,0.0,23.25845118369162
19893,0.49429843894453374,0.7046158167876359,0.0,28.357262794007514
798,0.4594656563983309,0.7776910812237724,0.0,60.7022919169687
7571,0.4709973499655207,0.752902811381716,0.2,43.013338418424404
1412,0.4896303563203482,0.7141045474177903,0.0,44.29340348754995
17693,0.5253577984876535,0.6436757275915761,0.0,13.549695849647055
13682,0.567792451725117,0.5659993289289238,0.0,7.794376706861424
18388,0.4637464272376201,0.7684173691599905,0.0,14.816624128384646
12416,0.47080373492776945,0.7533139704758908,0.0,6.1700186298000785
19018,0.44449705357231256,0.8108118526838648,0.0,68.26630368927786
19260,0.446220854829233,0.8069412593282054,0.2,23.31374454514134
19015,0.42209437939616196,0.8625263420933756,0.8,70.15788950720938
17937,0.4597102119061469,0.7771589621331405,0.0,22.72412935720854
8052,0.5477926302560779,0.6018584755914513,0.0,16.896875249525202
21094,0.5859601971601858,0.534503414646828,0.0,2.239997011642569
4739,0.5360109790728366,0.6236006347762716,0.0,39.70776756476192
16955,0.27374479518025807,1.2955590110723298,0.0,9.484723091521069
2073,0.4751219869231303,0.7441836933437028,0.2,67.73187839546344
6509,0.47378602041489365,0.7469994929377938,0.8,32.50455974594807
20286,0.4342637078440031,0.8341033076487134,0.8,23.27565496359644
3827,0.4106613578599929,0.8899863509293181,0.0,83.69431725619991
1032,0.47378602041489365,0.7469994929377938,0.8,32.50455974594807
1671,0.43666631737111034,0.8285859513688573,0.0,56.700136905035265
2500,0.513212723450909,0.6670648541650727,0.0,15.97120225567462
3145,0.4670337824758428,0.7613536845809045,0.8,40.16140686164271
9623,0.4606394858523903,0.775139568278172,0.0,60.519022384702836
2662,0.42659473331495495,0.8519208187431894,0.0,19.16821842172176
5889,0.4515860452397386,0.7949893478932374,0.2,69.05675407175298
8855,0.4493830097187289,0.7998797265349836,0.0,13.462774986191084
11498,0.45300031474832414,0.7918624586906818,0.8,5.794849723417801
18228,0.5126185814278506,0.6682232163376206,0.0,21.483711352957393
5800,0.47839108158924176,0.7373267186824385,0.0,27.030397394391073
7079,0.4279621272623742,0.8487205750203414,0.0,65.81827994530505
15637,0.6312426498007522,0.4600649423403545,0.0,7.871711444244821
5819,0.3593649686376329,1.0234167811762591,0.8,28.186945043764894
16720,0.4415685246290948,0.8174220623088209,0.0,6.8058558756262215
18064,0.4998280744199457,0.6934910908504192,0.2,25.02809357460997
21138,0.44917350156378466,0.8003460481432747,0.0,26.971662433043935
3530,0.48187502650797936,0.7300704796544707,0.0,34.568836097640045
13814,0.517865512907993,0.6580396980224787,0.2,10.983340903430083
6271,0.4508740468058364,0.796567253859174,0.0,57.71647603145426
7395,0.4767097695765419,0.7408474227993967,0.0,48.525506193360485
7483,0.4735569564188051,0.7474830854827414,0.0,49.10963928650045
2076,0.49070892610060207,0.7119041455063777,0.2,23.154683418874452
5720,0.4827095982880972,0.7283400519306278,0.0,35.3536267875279
16239,0.4561603694741396,0.7849108438519956,0.0,8.80277523356802
20270,0.4353141700183567,0.8316872786487225,0.0,14.381121844635825
7984,0.48377066696215193,0.72614431314834,0.0,33.87463331637835
3118,0.49815387169079106,0.6968462703829802,0.0,28.992290089421765
11597,0.5556606483982671,0.5875975156750811,0.0,10.337014939862382
3358,0.43540805473670297,0.8314716307278566,0.0,52.736090716364345
6637,0.46911775331107264,0.7569014688915109,0.0,38.3332723511426
11018,0.43802093990314805,0.825488561750402,0.0,5.983966643959453
10082,0.3517246215515807,1.0449067346976018,0.0,7.136974499702492
11823,0.5076694588662547,0.6779247147053619,0.0,9.576703246952235
1312,0.46909932519209074,0.7569407521648738,0.0,53.59897858779446
3673,0.39107004827991454,0.9388685834314702,0.0,58.397623024237916
1964,0.49666328206208016,0.6998429833740687,0.0,52.64568735643867
19910,0.4134972121908674,0.8831045065220919,0.0,5.507039546023665
7134,0.48098169347991987,0.7319260688939551,0.0,50.87251940817936
14943,0.46903016579857065,0.7570881932043242,0.0,5.258242250471447
3732,0.4656063133984708,0.7644148229522215,0.0,57.17058239242819
5349,0.5472156777190804,0.6029122622818097,0.0,17.315639758746578
14208,0.4853556430920749,0.7228733720406124,0.0,7.521497587747441
1112,0.4691360126012829,0.7568625470328924,0.0,15.413505597092763
16900,0.26330527593158426,1.3344411749609741,0.0,6.5057343140486665
19952,0.410858368793276,0.8895067253508493,0.0,10.58157192333693
11193,0.526630788516329,0.6412555670199773,0.0,18.54767771814575
15860,0.5909798928173875,0.5259732844604156,0.0,8.410839385709444
16416,0.4108189457700695,0.8896026827845961,0.0,2.2013930375574655
9639,0.47910592527848067,0.7358335676502711,0.0,43.04626370754085
18112,0.5225591110773897,0.6490171702934353,0.0,13.17504806179593
5224,0.47979788949344787,0.7343903273076682,0.0,30.11367615566442
16192,0.501727798953961,0.6896975395114111,0.0,10.704105800062164
2317,0.45576386662884594,0.7857804399315435,0.0,60.076844973773106
14115,0.4504101164929242,0.7975967412789656,0.0,7.881252723698026
19184,0.4044752990000357,0.9051646098610557,0.8,25.258620786164457
19023,0.44907878638479687,0.8005569358428877,0.0,56.631392877469395
11800,0.5290729258839665,0.6366290005117603,0.0,10.575681252784085
16357,0.5059198106048376,0.6813770993190269,0.0,7.563285737460014
19950,0.44920532393989815,0.8002752041402251,0.0,13.966802511808059
14416,0.5151078722446536,0.6633789395829938,0.0,4.139318756609762
14796,0.5308703930852657,0.6332373683514778,0.8,16.410346980574676
2968,0.4604913570691097,0.7754611920424739,0.0,49.07506142008198
20339,0.5190912803120559,0.6556755339936471,0.0,3.7391865366827792
12226,0.3829302386855547,0.9599024508159404,0.0,11.633057761159272
6117,0.4146849669536187,0.8802361628001292,0.0,53.9144649715079
7101,0.43589131269775444,0.8303623495125408,0.0,23.25845118369162
11526,0.4852541336638625,0.7230825383420725,0.0,5.166786410123646
11831,0.4528255075627428,0.7922484207232178,0.2,11.417091812733206
14739,0.53448383737248,0.6264537877535087,0.0,23.91800700247326
4329,0.4766220990398205,0.7410313472854118,0.8,39.55996288465571
14172,0.3951799643891578,0.9284140117894365,0.0,35.44684902425935
21262,0.5191772848901465,0.6555098647609076,0.0,13.39010003747792
17521,0.4739228723048596,0.7467106871832664,0.0,5.869893469642065
8755,0.508633863110224,0.6760268471837488,0.0,43.96540590344161
7087,0.4681822170976762,0.7588977060697998,0.0,43.23819564534084
1084,0.43660852334830613,0.8287183129581158,0.0,21.090884858355423
11266,0.48942865098344357,0.7145165866069579,0.0,17.505657053286587
20051,0.5275140344281353,0.6395798084348695,0.0,9.320276904805336
17545,0.4587182042973513,0.7793191914489335,0.0,22.8262583445939
6975,0.48985270205765974,0.7136505411147125,0.0,34.46932331372922
7088,0.4691360126012829,0.7568625470328924,0.0,15.413505597092763
20854,0.4871243740546388,0.7192358003030191,0.0,4.3755433752479265
8739,0.4966595931457592,0.6998504108005643,0.0,45.45563444842588
14312,0.6495300249626782,0.43150621612982704,0.8,13.06881341645601
7076,0.4315592802043445,0.840350396192815,0.0,65.16917258361633
9613,0.4887974428505093,0.7158071026226639,0.0,17.401449135949232
15371,0.49608707836885146,0.7010038064387553,0.2,5.000715932560574
19522,0.482705536850875,0.7283484657975215,0.0,26.7096316081362
12998,0.46055111123615555,0.7753314387049548,0.0,12.669302170392843
2232,0.5116854880983109,0.670045123748525,0.0,16.528340339363723
19293,0.4688264326554183,0.7575226586581962,0.8,13.1543807942164
14391,0.5180556966659178,0.6576725199817092,0.0,4.003581371307846
13190,0.4811160986546299,0.7316466686569247,0.2,12.757284973667781
9686,0.4778634303605032,0.7384302978565944,0.0,25.69737450625389
15459,0.33679884646913266,1.0882694215927147,0.0,8.186506246518082
10360,0.4939805898500109,0.7052590543677549,0.0,15.333742768996897
13904,0.5379102221836821,0.6200636060097764,0.0,10.220508294860686
19543,0.5861208186471741,0.5342293354904768,0.0,16.02661309677703
9697,0.49474641347809617,0.7037099436857248,0.0,58.57189094542324
2045,0.403347482576462,0.907956848906688,0.0,61.78646287538402
4262,0.4664645648793212,0.7625732211096679,0.0,48.19081156632059
2788,0.4942332804113494,0.7047476457052171,0.0,50.512789656640564
20321,0.5316653140547865,0.6317410965321184,0.0,10.092064258090694
17015,0.43218462994316953,0.8389023979129026,0.0,42.39393255052218
11196,0.5070758942327319,0.6790945938270685,0.8,21.690281689512208
10711,0.5483888823081418,0.6007706044605605,0.0,9.249163378037448
4814,0.47814373811714644,0.73784388433603,0.0,36.86637260808682
9040,0.49062382266184534,0.7120775901184675,0.8,14.817977747767632
9794,0.45873031943152115,0.7792927809553587,0.8,17.96269800646781
1816,0.4994135359568541,0.6943207970647478,0.0,50.75658405447176
5687,0.4666345145737321,0.7622089517624303,0.0,63.94552326461706
10995,0.4080548322561916,0.8963537208230933,0.0,11.62929272602814
13811,0.49668252016193926,0.6998042494310281,0.0,10.64752109448941
11386,0.4764185286755617,0.7414585491515961,0.0,10.303308107905515
5617,0.48591450049032237,0.7217225954752788,0.0,54.264520400450735
14673,0.5705547627651244,0.5611461234627743,0.0,7.230367929254001
12763,0.43344964296141253,0.8359796533812598,0.0,5.359465469332248
10446,0.4734905269657169,0.7476233729643358,0.0,39.71749168873034
8957,0.522066055141169,0.6499611566892819,0.2,21.156236394057643
4240,0.47384265586983576,0.7468799620362352,0.0,35.60750162025333
20420,0.5361918365085878,0.6232632780097377,0.2,8.094943996874317
9676,0.47901636009904525,0.7360205274591873,0.0,22.52590790596497
18203,0.46422824019514614,0.7673789507252409,0.2,28.127124065966505
15621,0.6171943858518893,0.4825712546915182,0.0,5.266299923884803
13510,0.5528093756246076,0.5927420464253809,0.0,16.919822325717995
17305,0.5168735178962268,0.659957080640018,0.0,5.908595788285738
13457,0.5597341770536403,0.5802932917837633,0.0,20.270514820889048
2559,0.46900378688288413,0.7571444361913037,0.0,65.95485229874875
4005,0.5609009987925581,0.5782108617731252,0.0,42.4984983403247
20587,0.38665477343977916,0.9502230423682827,0.0,12.41998532875227
15851,0.3529807702421754,1.0413416987673003,0.0,39.966693524760245
13399,0.5440836106502608,0.6086523478879484,0.0,7.263352969979491
13837,0.49108928102123384,0.7111293326438137,0.0,17.287554374972856
14919,0.44127462167031484,0.8180878724719721,0.0,3.110779142876568
16399,0.4469083036890897,0.8054018425729467,0.2,6.503136307852703
19843,0.46674734531283646,0.7619671841761871,0.0,13.952228410231207
10310,0.4823692407860068,0.7290453984835125,0.0,12.19765800163852
1764,0.4854583304876877,0.7226618229719126,0.0,60.363941190688315
7419,0.4365313570184597,0.8288950688978741,0.2,64.59164444948634
12056,0.46728423499528526,0.7608175662127301,0.0,6.043553824956868
16090,0.5594005115976071,0.5808895836676686,0.2,3.7668948703439975
20410,0.4710496240412275,0.752791831617006,0.0,26.73690619703173
9096,0.5461634790452077,0.6048369358814008,0.2,16.34420612292785
18937,0.5495416303784744,0.5986707475377595,0.2,28.257259740531786
3874,0.4327309144441332,0.8376391888582134,0.0,42.807547167818285
10531,0.40797656223375717,0.8965455517335288,0.2,34.206800088937214
3914,0.4854240037461845,0.7227325354368678,0.0,48.16289709889485
16614,0.5611356798954319,0.5777925490552729,0.0,4.1979518048349505
5945,0.4790207342624215,0.7360113959476791,0.8,41.507360203727984
3693,0.3961894900213957,0.9258626720220924,0.0,42.635978872126
14764,0.5560909936121645,0.5868233405461594,0.0,12.567995936664879
14139,0.3645742991306806,1.0090249098127162,0.0,38.52457328914175
13533,0.565608517112239,0.5698531059695902,0.0,12.747613915325218
12321,0.6065947616790623,0.4998943193088559,0.2,6.016353080718143
7673,0.4702174603445707,0.7545600096979594,0.0,47.9107898882329
20011,0.4172663063804175,0.8740306366036575,0.0,16.45878326609131
2433,0.42701075936159516,0.8509460685028274,0.0,23.503132749241274
17780,0.4999422515450765,0.6932626841400741,0.0,54.736556495681434
12999,0.5148199311261267,0.6639380877584029,0.8,10.852399691799178
1582,0.4678250501129849,0.7596608774992077,0.0,53.9625074193649
4565,0.42239615375857253,0.86181165231674,0.0,71.5734603549457
5479,0.4104683437510098,0.8904564693823694,0.0,41.89597960189796
9152,0.48285952575361596,0.7280295045798671,0.0,47.13626671919194
346,0.42927079512668853,0.8456673351207031,0.0,35.51802807506952
759,0.4218051977343083,0.8632116882672793,0.0,66.63994299281222
4920,0.4750606257633439,0.7443128499059307,0.8,61.70725591286617
21043,0.551713087003192,0.5947271377540065,0.0,27.562627656490726
15303,0.5705289616726188,0.5611913455476353,0.0,6.120689662291972
20998,0.3912432160802703,0.9384258763700588,0.8,7.357258566457359
11714,0.5627345405045917,0.5749472709105485,0.2,7.7333282739620826
7855,0.4627778170797959,0.7705082167910874,0.0,17.760214543997343
4829,0.47814373811714644,0.73784388433603,0.0,36.86637260808682
1827,0.5030969308717916,0.6869724219371995,0.0,48.6943224883162
1768,0.45035540327543233,0.797718222877358,0.0,55.54113126783606
3559,0.46654536546131764,0.7624000169891737,0.8,49.86096227442206
5801,0.47350826980376054,0.7475859012418664,0.0,34.41885557761087
18483,0.48064806226657036,0.7326199559637804,0.0,32.57191646265818
18319,0.5214853623264761,0.6510740733408417,0.0,4.111695644737246
8986,0.4734690198917647,0.7476687963914025,0.0,52.33681574739818
15116,0.5081473705075943,0.6769837740499587,0.0,9.017423986557416
12697,0.40677124276255455,0.8995043086473025,0.0,14.267037894356251
13894,0.46538582518996535,0.7648884858404218,0.0,13.37981207198902
1169,0.5147289131962652,0.6641148990492911,0.0,14.012824623279776
18444,0.5024749822700251,0.6882094268156098,0.0,7.780551367702536
7426,0.3699019823296091,0.9945172210620922,0.0,13.073426548684656
13438,0.5777959237128147,0.5485345458159837,0.0,15.526544603334273
12150,0.5643516629974071,0.5720777058365363,0.8,5.977639744240612
15377,0.46781692798571983,0.7596782391128493,0.2,3.5435948536407658
18739,0.574525439042545,0.5542109023559251,0.0,7.455522354216296
4388,0.4696561254686933,0.7557545000019608,0.0,62.37242084558457
4666,0.5220752547763072,0.6499435352523153,0.0,53.998609271865725
4902,0.4102565228591892,0.8909726494206293,0.0,54.35823984568458
8759,0.518096276263165,0.6575941924808634,0.0,17.88327511809664
18230,0.5276438886710467,0.6393336760963365,0.0,20.99891537182079
17537,0.5199388080153765,0.6540441512246395,0.0,4.481837677253315
11165,0.5362795261860398,0.6230997497688958,0.8,4.1843953933311875
18802,0.5055342858098162,0.6821394172829522,0.0,24.406947517694313
12196,0.5209331522766646,0.6521335520314637,0.0,14.710177259579813
19024,0.45083685875315854,0.79664973717499,0.0,56.35499766695377
20103,0.5333215474434181,0.6286307582101416,0.0,30.69321139193788
15448,0.5405276170959589,0.6152095477485192,0.0,7.926359265205207
20324,0.5081707725984529,0.6769377213625764,0.8,26.44457180097467
18786,0.49990028778541307,0.6933466248768148,0.0,32.03954557832608
17322,0.49220326466151926,0.7088635082525436,0.0,22.371733293926162
3223,0.43724507376027827,0.82726143156135,0.0,63.83562912381203
3657,0.47220119199867044,0.7503501299826391,0.0,48.097443618123016
9767,0.4987572826872959,0.6956357090053802,0.0,20.55603599720088
13317,0.4913542132836106,0.7105899992972456,0.0,8.804565773920581
11743,0.38730292238389064,0.9485481469595839,0.0,7.897137382215787
13489,0.4265284533088474,0.8520762007730769,0.0,14.216039346699665
1606,0.47809875105549265,0.7379379756616014,0.0,46.862751932592786
16174,0.4116247767867202,0.8876430805591351,0.0,6.098107756043268
18672,0.3943640171715278,0.9304808947678734,0.0,75.46199914587336
16058,0.5583770434374502,0.5827208397016858,0.0,6.069620062937079
459,0.43660852334830613,0.8287183129581158,0.0,21.090884858355423
493,0.43592492061676874,0.8302852508815526,0.0,13.151721667942141
16696,0.5034575372968745,0.6862559054407465,0.0,9.480969294095644
4045,0.48628332560464865,0.7209638504500983,0.0,46.74729892345355
15816,0.5770571681083029,0.5498139392046546,0.2,7.2066859879007685
14016,0.5673489519873254,0.5667807289534625,0.0,14.264170501791142
1452,0.435250610351534,0.8318332980337673,0.0,49.66045170044655
15235,0.5676735557646612,0.5662087512455871,0.0,4.230145555716759
4488,0.4486154221088028,0.8015892791793197,0.0,56.49200322703439
14219,0.5243681147120433,0.6455613323125818,0.8,24.64753309601458
3598,0.43200343253598683,0.8393217450844388,0.0,70.872327002297
17600,0.5366496638714744,0.6224097924006968,0.8,19.61057634412056
11769,0.49201388425164194,0.7092483428643438,0.0,5.094176310554099
14439,0.5953065272665644,0.5186788342154014,0.0,3.288942467479182
12497,0.5584103424715907,0.5826612060873192,0.0,10.069347626522513
14741,0.3529807702421754,1.0413416987673003,0.0,39.966693524760245
8055,0.5470886290217516,0.6031444622231187,0.0,16.28489932961744
11321,0.5643076228061521,0.57215574566987,0.0,19.80545638048182
5619,0.48591450049032237,0.7217225954752788,0.0,54.264520400450735
7470,0.41436662934689605,0.8810041189171871,0.8,47.41564141126189
3819,0.46482794763259977,0.7660879469547375,0.0,46.0572094750422
13560,0.5713048852881619,0.5598322621099828,0.2,15.830376580972484
14509,0.4425128500048042,0.815285775396913,0.0,10.806612657429582
2821,0.4734558766909108,0.7476965561448996,0.8,52.37427497291761
2012,0.4889505679162417,0.7154938827228572,0.0,24.756088615150112
715,0.4627492795805036,0.7705698843519925,0.2,54.3829672365492
2009,0.49150013663905445,0.7102930613907745,0.0,22.551806053933596
13539,0.4711946678092823,0.7524839629030113,0.0,8.750636145253546
13951,0.5347251955298161,0.6260023172664317,0.0,10.204776378509187
11662,0.5236858876508594,0.6468632254516874,0.0,4.397958465940896
14761,0.4392901653668263,0.8225951153057972,0.0,26.775471944589103
19568,0.5129815320208528,0.6675154344187328,0.0,4.828139004739491
9198,0.4917733488235293,0.7097373417551992,0.0,72.50676943284691
13981,0.39673086067713736,0.9244971609984804,0.0,10.896631613746827
18169,0.4972615418850267,0.6986391500845021,0.0,28.116731848923667
4374,0.4808970500918814,0.7321020648577345,0.0,60.61805320441862
17811,0.5341166161430204,0.6271410815735832,0.0,2.55980165744323
21088,0.43807533225322737,0.8253643919487994,0.0,12.926444208832825
5949,0.43603816140407314,0.8300255133071622,0.0,22.48124660060556
2912,0.46387203128217336,0.7681465594447089,0.0,38.25753669731688
5974,0.41460040413214483,0.8804401042290159,0.0,44.154072570530126
19007,0.5432229379908908,0.6102354761054762,0.0,20.159128860029867
1593,0.43620117107838113,0.8296517404901491,0.0,58.20007086133205
20065,0.47458601333987305,0.745312405832196,0.0,3.9736330426501674
18653,0.4710781568087546,0.7527312607090766,0.0,25.23154933209939
1462,0.5100812806632601,0.6731851921128987,0.0,22.0501804026985
16979,0.526739919481251,0.6410483636783924,0.0,16.558280407607487
9599,0.4684301097446207,0.7583683672054086,0.0,16.232875420762003
11038,0.5379942854975445,0.6199073406285399,0.0,16.15788634692855
19573,0.5461243547973474,0.6049085731306033,0.0,4.152092639802079
18803,0.5052661952607668,0.6826698692571177,0.0,23.695471839001065
10565,0.48960491239442544,0.7141565143490097,0.0,8.289571794791947
21005,0.4491225260239698,0.8004595419989838,0.0,7.053009039207622
20399,0.44038615233075273,0.8201033180186273,0.0,30.74813372749996
7359,0.466449075119572,0.7626064283843532,0.2,63.997927164528186
19341,0.41738558522077873,0.873744819624451,0.8,20.71212004926818
6211,0.5012491124224275,0.6906520710912499,0.0,18.25738713044919
13668,0.3556654239233589,1.0337648104782373,0.0,11.968411708820563
18193,0.4587182042973513,0.7793191914489335,0.0,22.8262583445939
11882,0.5091966450239159,0.6749210010403165,0.0,11.54452373566771
1195,0.43589131269775444,0.8303623495125408,0.0,23.25845118369162
3127,0.45597613303045686,0.7853148106830178,0.0,59.27556155086559
732,0.5504667478963976,0.5969887281017164,0.8,18.091744725974653
6472,0.4863091040454616,0.7209108407000053,0.0,36.1464691126892
16326,0.46937832741937274,0.7563461674462599,0.0,6.420319908486793
19840,0.3743836058447056,0.9824743231453585,0.0,22.136375061849126
20493,0.4990827562968515,0.6949833526989936,0.8,27.96960428704869
18924,0.48907398309021144,0.7152415062881392,0.2,16.46807730302777
4004,0.5472968927449768,0.6027638582739672,0.0,52.95793045640414
16299,0.4668314555620936,0.7617869953171302,0.0,11.705999787985025
10260,0.4199270686125842,0.8676742289434769,0.0,9.292791438823096
5380,0.459064278135425,0.778565039215479,0.0,58.17438068057737
7439,0.4759680964975641,0.742404451161718,0.0,54.96391059642763
15347,0.4682476906223014,0.7587578696032535,0.2,9.794425745585663
9129,0.4446231408527479,0.8105282301048903,0.0,20.349932364455114
20980,0.38819914459377036,0.9462368117690512,0.0,6.845550149770275
6358,0.44891876623017907,0.8009133291445077,0.2,57.037039801993906
1278,0.4814330953272857,0.7309880079129377,0.0,40.86588369005344
13624,0.5728903895579819,0.5570608727860147,0.2,7.314487700865985
21075,0.5506457509250829,0.5966635968722483,0.0,21.52165575709472
15240,0.5645936997399582,0.5716489220277742,0.2,5.774225938036621
1058,0.5036579847345442,0.6858578429823065,0.0,51.53192526494594
16992,0.518206373970958,0.6573817107156524,0.0,17.15569058479317
12916,0.5513285892229636,0.59542429689874,0.0,11.013266084513859
729,0.4363895043207282,0.8292200759065564,0.0,64.14846557824697
3244,0.539141509138444,0.6177772023852367,0.2,17.211272646355724
1795,0.47841020638930426,0.7372867421474875,0.0,42.836358593758725
5293,0.4528629924873535,0.7921656440850469,0.0,48.98356187674956
19865,0.45494615963323537,0.7875761975091956,0.0,25.806902991795276
16406,0.575317997933852,0.5528323511700243,0.0,4.726440311806962
20147,0.4271130022155481,0.8507066585741011,0.0,26.52886319622543
6930,0.4616605238068937,0.7729254549507745,0.0,54.69220684346371
3341,0.4912802088260151,0.710740623895917,0.0,33.17737254036223
19997,0.5150532255119952,0.6634850331499683,0.0,19.061262210857944
16760,0.545542468539466,0.6059746242380477,0.2,4.493302104560245
16915,0.4326069378463298,0.8379257280366937,0.0,5.866401667841423
2651,0.5191934606599612,0.6554787087024663,0.0,20.793424487022293
20356,0.5007437070582342,0.6916608715481573,0.0,5.542451226958733
11807,0.46571910960686724,0.7641725956787858,0.0,17.455994553534023
15905,0.4911168133529778,0.71107327041429,0.0,8.26729313163158
1009,0.4361146418343863,0.8298501302086381,0.0,42.65429795897481
4181,0.39005090798568465,0.9414780150805471,0.0,26.926270243653903
4882,0.4661696588351242,0.7632056363621372,0.0,54.29826243695362
16176,0.4457775184292187,0.8079352890255908,0.8,9.607763973981445
12623,0.4683759769802678,0.7584839359771752,0.2,7.114579406267502
21197,0.4525933563008024,0.7927612248546386,0.0,25.06314821043881
3844,0.48287140092431385,0.7280049114548663,0.0,33.3681044500254
5346,0.515482649559559,0.6626516335899794,0.0,13.9819497215301
1928,0.49378907050246534,0.7056468357658537,0.0,24.697639251804883
4307,0.4867894016599734,0.719923689552,0.0,35.477838542309456
3440,0.4106135197902373,0.8901028480269685,0.0,85.07158037927209
1950,0.4497533199488197,0.7990560244137154,0.8,60.540482250156884
10741,0.4545706336902329,0.7884019677799554,0.0,5.781036360973255
6387,0.5088196075902015,0.6756617307683256,0.0,16.921948098641614
7572,0.46795387478017564,0.759385546083683,0.2,49.876442898522384
659,0.4772188715190217,0.7397800431886323,0.0,66.23065510741485
6806,0.5135928245643137,0.6663244975678544,0.0,15.29548006174669
9635,0.48931776353972245,0.714743177361315,0.0,37.97073129731986
15786,0.45381305207788436,0.7900699453094064,0.0,7.74268523799136
162,0.482775188910641,0.7282041810738015,0.0,50.12229511669143
56,0.43515977047329574,0.8320420268829843,0.8,64.52485854997775
10070,0.6245003005112781,0.470803468213613,0.0,7.939393668405653
10165,0.49988596800335017,0.6933752705637923,0.0,4.838025923908693
68,0.515482649559559,0.6626516335899794,0.0,13.9819497215301
104,0.4197394149522672,0.868121200847475,0.0,67.32279846339779
15252,0.5867743642323106,0.5331149210699665,0.0,7.8846628945064205
12876,0.5744848893320752,0.5542814843332761,0.0,10.64968678331988
13499,0.5601902848159097,0.5794787586558313,0.0,7.29911455676619
1986,0.4609400147941761,0.7744873642041273,0.0,54.98860285849304
12254,0.3691252623860653,0.9966192280857522,0.0,10.75950119021558
14496,0.3672076192858348,1.001827870761981,0.0,15.533892526717773
11648,0.46198334759620596,0.7722264327140611,0.0,12.578023482076794
14327,0.4150188362211485,0.8794313712967697,0.0,33.181824184740606
4271,0.4656205515233385,0.7643842436693311,0.2,58.368381313133234
12948,0.5602146220664143,0.579435314985853,0.2,9.976051341793728
13877,0.495418723601515,0.7023519677248281,0.0,11.350358339432434
19911,0.4130405894481352,0.8842094113147851,0.0,5.069614663146313
14543,0.3529807702421754,1.0413416987673003,0.0,39.966693524760245
7850,0.46570387167541505,0.7642053153598755,0.0,53.59027963237369
1915,0.49942519634620597,0.6942974491728904,0.0,51.433556306024315
9050,0.47524261404761814,0.7439298389282238,0.0,14.582884639211835
17732,0.5048200351089468,0.6835532793411705,0.0,14.718611169942172
11081,0.48821948136079507,0.7169902173524278,0.0,7.315200462340388
5642,0.475463079628778,0.7434660453765954,0.0,41.03189002333906
2066,0.4745260947754564,0.7454386681862087,0.0,49.64993930968484
5375,0.45550431949621795,0.7863500793496603,0.0,41.912460129243144
18140,0.5292224470418689,0.6363464307061606,0.0,13.001225327496414
13962,0.48967497303267626,0.7140134283132136,0.0,17.35766674190618
7265,0.43603189397123837,0.8300398869983496,0.0,22.00642997096304
19675,0.47772603831929095,0.7387178523905489,0.8,22.538281845514746
15774,0.587566577754554,0.5317657155469453,0.0,4.942150639442388
773,0.4838438624738195,0.7259930225060843,0.0,52.583674841671176
3091,0.4828287919546574,0.7280931561709766,0.0,33.426756688711336
2141,0.4817530300176156,0.7303236821015963,0.2,47.8581099966092
5958,0.48100290460832146,0.7318819702078697,0.0,47.34910383924547
16133,0.4853735629628862,0.7228364516086289,0.2,13.519752722959247
9771,0.49754843047335506,0.6980623794363322,0.0,21.098937681925293
21187,0.45802099050462824,0.7808402651220194,0.0,5.848103015208569
765,0.5177936439698568,0.6581784868079092,0.2,48.297133043471504
4097,0.39588830858371615,0.926623156541985,0.0,56.27753893356976
8648,0.5191011669273061,0.6556564881697695,0.0,17.64699372879528
21178,0.5282421638238669,0.6382004568148976,0.0,9.863387402748026
10312,0.38412448741713656,0.956788592949205,0.0,11.593885838934522
11313,0.5008518065394488,0.6914450169837812,0.0,9.507714186417761
6841,0.4979137453798556,0.6973284190071738,0.0,49.25927909305127
1253,0.4998597384986037,0.6934277429166754,0.0,43.42833806406768
6572,0.4411307863668684,0.818413879777481,0.2,59.43730489683837
18628,0.43458359703606997,0.8333669545410403,0.0,50.9395487382358
676,0.4783121619542822,0.7374917011588149,0.0,20.214647416230815
5045,0.5038982670870267,0.6853808823032311,0.0,56.550778062971126
8580,0.5041535650052189,0.68487436484942,0.0,21.91597967518144
10109,0.3791272112301833,0.9698834805336033,0.2,16.41721725691356
18503,0.46755753124272464,0.7602328763430743,0.2,10.572331006029568
11765,0.4115338662504893,0.8878639627362694,0.2,5.143040928055563
2175,0.46260375163161205,0.7708844193352533,0.0,62.09474233000721
16097,0.5642771020863827,0.5722098323841479,0.0,5.960137414386418
5597,0.46250012977983135,0.7711084414246557,0.0,41.68033738284085
15717,0.4320172303719921,0.8392898064130649,0.2,1.98758518728781
1263,0.4864112028863058,0.7207009163456116,0.0,43.70582694415506
16012,0.49831281894135504,0.696527248676773,0.0,3.2648323156714216
4474,0.456666169659867,0.7838026371647261,0.0,40.06798997466926
9847,0.4302873029778748,0.8433021469448263,0.0,8.46928344729065
14555,0.5480283513530746,0.601428257326628,0.0,9.388684915728536
12593,0.48960491239442544,0.7141565143490097,0.0,8.289571794791947
9315,0.45386268762375487,0.7899605768560063,0.2,22.304538876413236
20649,0.43605375963938786,0.8299897413089588,0.0,25.327136449457342
17401,0.44585313658025616,0.8077656713687865,0.0,17.669874061192203
19668,0.48585736520960016,0.7218401853804917,0.0,20.228488754428014
15900,0.541727835840082,0.6129915515574954,0.0,6.431507129780277
2087,0.47003376611750186,0.754950744055408,0.2,58.93900147810447
18089,0.4285674354978168,0.8473071776023695,0.0,6.5767981816446675
6536,0.4168491392993196,0.875030898900779,0.0,67.45175270267386
14567,0.4855786121747813,0.7224140843279451,0.0,16.883539774268524
9820,0.5095700805732665,0.6741878880386978,0.0,32.563277049727255
1597,0.478057958808268,0.7380233011042376,0.0,60.54743229827218
5166,0.4742241923330146,0.7460750895011405,0.2,41.69813629685065
14885,0.5933994399085473,0.521887514994167,0.0,5.927337242507749
8925,0.5033062635617455,0.6865564202906814,0.2,53.280208063372854
10943,0.5680653682465877,0.565518781941574,0.0,4.991551494290775
614,0.43589131269775444,0.8303623495125408,0.0,23.25845118369162
15540,0.5234523578181488,0.6473092598460815,0.0,12.078790689956328
342,0.4275607571379177,0.8496588787436498,0.2,63.83869383220632
10620,0.5803395652193932,0.5441418894801053,0.0,3.745328698980213
9836,0.5509922501861497,0.596034534926049,0.2,17.776731595753326
2552,0.45820833044827225,0.7804313283155442,0.0,60.13223622840008
8787,0.5418191975313241,0.6128229170845194,0.0,37.81791472294643
5424,0.3961117933183495,0.9260588012091303,0.0,34.31048141090545
12285,0.6308542903980682,0.4606803616517747,0.0,7.78019994682891
6646,0.48827702449220833,0.7168723610546633,0.0,50.22049620710756
19759,0.44279320407385414,0.8146524258854534,0.0,13.345227359706117
5566,0.43768087831783503,0.8262652224705948,0.0,84.2129499612662
12567,0.4617062497327199,0.772826413210972,0.0,7.803498876595729
8453,0.5065641288422111,0.6801043515760804,0.8,21.72253335255492
12199,0.45476896248148824,0.7879657637584104,0.8,13.23388506243952
1696,0.4011737490340828,0.9133606561564944,0.0,65.76196724326758
13826,0.4729577801214501,0.7487491542596135,0.0,12.996787671113301
7554,0.4767755974418659,0.7407093444025894,0.0,32.59121115371393
3611,0.4625388204418289,0.7710247894616528,0.0,40.11063640387455
6439,0.43010122606875406,0.8437346885367698,0.0,23.303954414772118
2375,0.4487898534906696,0.8012005331159605,0.2,41.31150058041271
15845,0.3805252136997186,0.9662028392247671,0.0,16.19887238520247
21181,0.519158218117613,0.6555465904097568,0.0,10.200305221854112
8834,0.3927843866091174,0.9344944522502957,0.0,72.39995982697972
7448,0.43622355915857347,0.8296004166809509,0.2,67.61242763014862
16840,0.49774736644146145,0.6976626269780736,0.0,9.684604592066847
13745,0.49964392425906584,0.693859585742136,0.0,12.0056098746299
4736,0.5358586712613879,0.6238848256989762,0.8,39.70402754676202
6909,0.48377066696215193,0.72614431314834,0.0,33.87463331637835
19733,0.42375050331847863,0.8586104325159615,0.0,8.09240349022988
3605,0.4166272817578959,0.875563265602604,0.0,40.31969105300695
16285,0.459877490308339,0.7767951503865624,0.0,9.387957606276021
10311,0.3768858654603974,0.9758128815072609,0.0,12.628580302232008
16340,0.4387335299612968,0.8238630434564014,0.0,12.201412412144506
16236,0.4818888521620449,0.7300417886973338,0.0,11.529439779217071
15331,0.4749375086121396,0.7445720444189273,0.0,11.4701323229712
7688,0.45177136149598934,0.7945790645270557,0.0,54.6670420643243
20686,0.4611436566132511,0.7740456649772558,0.0,5.55416478863067
15396,0.5827454029128376,0.540004889706845,0.2,3.7626731832173927
3996,0.4268944637182341,0.8512184538705164,0.0,72.41741061246233
15245,0.5134591363394614,0.6665848314763543,0.0,5.3860724543324885
7531,0.4882638626371764,0.7168993171303509,0.8,31.581211105930343
19084,0.3953142702821899,0.9280742094520286,0.8,27.72853680346755
13008,0.4876840100666878,0.718087603215985,0.0,17.456709935502143
9188,0.5069372526526402,0.6793680450764561,0.0,51.17679089640263
14826,0.589249130951193,0.528906212005859,0.2,7.433248355476568
21012,0.47735658438364903,0.7394915110150233,0.0,12.834245083035539
10441,0.5276551932767295,0.6393122516378553,0.0,23.16228380357692
15987,0.5617154646212736,0.5767598480063404,0.0,7.972551352589672
15264,0.6392613628831542,0.4474418896334209,0.8,4.013554082848579
8002,0.4577474851774718,0.7814375893203324,0.8,55.33750479552595
20137,0.4019268598556491,0.9114851475739146,0.8,25.738060289950457
5606,0.4803415010758103,0.7332579674736928,0.0,30.694178965993927
18414,0.5328143785990915,0.6295821732599397,0.0,8.203455549460438
9338,0.5143888507624623,0.664775780550106,0.0,48.80451453770643
13740,0.5007455658118272,0.6916571595691211,0.8,11.525428302772022
16790,0.423776894662725,0.8585481540708805,0.2,5.066721612745701
8953,0.5433716262700712,0.609961798535205,0.0,48.408095097705896
18274,0.4556815657258693,0.7859610341838789,0.0,16.819565831714666
14681,0.5656997183106253,0.5696918745814888,0.0,7.229959571620867
19317,0.40696704388436966,0.8990230700751303,0.0,27.795545357507738
9636,0.48571301925992627,0.722137324842631,0.0,41.92007115616768
5751,0.5386226336944182,0.618740076289634,0.0,18.890132593671545
10529,0.4258798462386765,0.8535980235795733,0.0,13.442888363631496
11403,0.5098447201870777,0.6736490698456502,0.0,10.301475502147113
19661,0.4201384453356691,0.8671709902697399,0.0,5.533851472618663
2513,0.4768458336894339,0.7405620401466191,0.8,56.56783584363068
20490,0.41518384084083737,0.8790338668646098,0.2,20.147455457289798
15298,0.4720064956330633,0.75076253155682,0.0,6.896128536963766
13507,0.5691574776507617,0.5635981210195024,0.2,7.3155033528383955
9119,0.45380346229756363,0.7900910770983706,0.0,33.18382523813156
11609,0.495418723601515,0.7023519677248281,0.0,11.350358339432434
18192,0.49673008454987566,0.6997084898488622,0.0,10.884315435197387
17472,0.587096481161648,0.5325661095227909,0.2,51.925195678472114
9961,0.5010425320950194,0.6910642870993617,0.0,55.454452980152
21202,0.45386388327819266,0.7899579424626193,0.0,25.863224362144333
358,0.46785752901488475,0.7595914545931125,0.0,30.524180748352904
9440,0.47923389143115386,0.735566509658518,0.0,34.42818509711691
15902,0.5432985268195948,0.610096336969667,0.0,6.40113053940713
14834,0.5232370480781309,0.6477206707992104,0.0,4.796307151993007
18663,0.4862608034490601,0.7210101664061968,0.0,24.308857870402342
3485,0.4338660495445638,0.8350194341237417,0.0,70.99752866050967
18699,0.36661887311586916,1.0034324634071987,0.0,15.608391317574494
17452,0.4972615418850267,0.6986391500845021,0.0,28.116731848923667
20994,0.4508648577038545,0.7965876347076354,0.0,12.382157932563786
2609,0.41942701141344246,0.8688657576920805,0.0,67.65205939540766
12387,0.6230698171444773,0.47309670043111407,0.0,4.426765991968237
17790,0.45625724985407246,0.7846984841205642,0.0,16.255029218292975
4699,0.5643670953170387,0.5720503609917398,0.0,50.80379225416855
10020,0.27374479518025807,1.2955590110723298,0.0,9.484723091521069
5272,0.46520208980860844,0.7652833660678202,0.8,33.07172370071819
20366,0.4398152959762532,0.8214004220750575,0.0,8.07169682636383
11520,0.4371336432924737,0.8275163107486739,0.0,6.355822308559967
13616,0.5791227751331219,0.5462407770258587,0.2,7.151384256990029
14851,0.4223793695322652,0.8618513888522972,0.0,11.299734022808469
13422,0.5953359381587808,0.5186294308166878,0.8,6.200214805845217
5469,0.5167441870093629,0.660207329618775,0.0,63.9047697800647
14270,0.583822548906624,0.5381581969390213,0.0,2.106620132584431
16637,0.5617520856315626,0.5766946551838263,0.0,9.826877452312127
7317,0.46531377614004565,0.7650433135634823,0.0,44.01676692913861
9442,0.4768773488859702,0.74049595137553,0.0,36.665656580396515
1982,0.45519087123712154,0.7870384507711047,0.0,58.94917816136769
8331,0.4682538079159709,0.7587448054625573,0.0,30.539478419867933
8645,0.39009647800829267,0.9413611909432674,0.0,76.29732380775022
10594,0.4325224652627985,0.8381210111550255,0.0,22.09287036559494
12221,0.5308922739730365,0.6331961521956405,0.2,9.98455312976289
13162,0.48631360346525454,0.7209015885619291,0.0,6.565539084768581
13758,0.4925245235869613,0.7082110255244771,0.0,18.702082845650374
7862,0.4915250358655402,0.7102424030206991,0.0,43.768688086150576
13395,0.4866849805173161,0.7201382224559358,0.0,4.905221554453684
8762,0.508633863110224,0.6760268471837488,0.0,43.96540590344161
17368,0.44288281193339263,0.814450076813728,0.0,8.17952210745931
10484,0.43636110400020184,0.8292851582342355,0.0,64.15350034715595
8823,0.4762598289870186,0.7417917144612406,0.0,51.257806337387386
8859,0.44449609840021764,0.8108140015690228,0.0,53.36372549279161
19454,0.4475525440109006,0.8039613313759026,0.0,17.71729776352473
17489,0.48169840026514443,0.7304370863704833,0.0,16.873461991720447
357,0.4675803621095751,0.7601840474654997,0.0,34.51235401501049
9179,0.4745395240083626,0.7454103682823005,0.0,49.2939856071778
12946,0.539987882119905,0.6162085801943036,0.0,6.270846960717437
7080,0.4315592802043445,0.840350396192815,0.0,65.16917258361633
18596,0.6124296941119458,0.49032112827492524,0.2,17.28382070690445
11490,0.4939117468649716,0.705398427824947,0.0,5.447086409412266
12618,0.5663659276600229,0.5685148943795435,0.0,8.911328756095973
12624,0.5411157909295337,0.6141219917440468,0.0,4.054740573481267
11091,0.4823692407860068,0.7290453984835125,0.0,12.19765800163852
17947,0.4465599767440766,0.8061815612720631,0.0,14.126315669308461
20141,0.44869961916028345,0.8014016147630213,0.0,7.52836662081425
482,0.43597430010841537,0.8301719820758795,0.0,14.992910303212895
10982,0.4537833655667071,0.7901353631771078,0.0,2.709255589091076
140,0.4264976438200452,0.8521484365204224,0.0,21.90618048176266
18644,0.41129295024520796,0.8884495440696336,0.0,14.004185345293543
18508,0.45687192402516646,0.783352181140613,0.8,22.86996519521437
1850,0.45205944832398576,0.7939415849575999,0.0,49.18865234979856
3790,0.4969034751430915,0.6993594867515245,0.0,58.518904520364856
18321,0.5462840809667446,0.6046161437327587,0.2,4.041556672172135
5065,0.4361146418343863,0.8298501302086381,0.0,42.65429795897481
20363,0.49071005994197747,0.7119018348900323,0.0,5.493390200698121
5118,0.482845812648531,0.7280579047647695,0.0,33.42513829665775
19112,0.6164853344177273,0.4837207451153069,0.0,14.161651195206002
19646,0.40885376148047897,0.8943977382685473,0.0,77.94676084298993
9865,0.5012323509527518,0.6906855110505703,0.0,49.66028666368233
14710,0.556238629899979,0.5865578863398508,0.0,11.464274492648393
11756,0.47972649093946573,0.7345391480267033,0.0,8.299374142725823
1541,0.45530644890959104,0.7867845726529974,0.0,55.10639218893873
9009,0.40166330760783286,0.9121410845625356,0.0,69.85633108521587
9464,0.45697431838149505,0.7831280857687538,0.0,64.27915471384966
16635,0.503514381959696,0.6861430032598717,0.0,12.557446066846
10505,0.46246039626799484,0.7711943553869104,0.0,41.875852909134636
9345,0.4724092644635854,0.749909583370315,0.0,55.898261030986006
6988,0.48907002684796835,0.7152495955719316,0.0,17.31172215326268
19494,0.47410169765010796,0.7463334282956031,0.0,24.43868731236942
1937,0.45869823593153985,0.7793627231864062,0.0,42.65452148322807
7185,0.4752044747173102,0.7440100944853806,0.0,54.428060392035846
14210,0.39193962665356497,0.9366474646918578,0.8,35.76120227429051
11066,0.5041899908892379,0.6848021158945438,0.0,9.140053924438483
3480,0.4488316407339058,0.8011074265147142,0.0,56.15762937628855
3479,0.4487041285586289,0.801391564886682,0.0,55.035568164245845
4864,0.5360425060675738,0.623541818690725,0.2,42.91807054395003
2657,0.47173578599943694,0.7513362255542594,0.0,37.41654632549832
5121,0.4827436457335754,0.7282695204042111,0.0,35.142643706853235
13607,0.5801099654192485,0.5445375978622085,0.0,7.321035717840494
5249,0.45076692258136164,0.7968048744390188,0.0,66.25432804521685
7646,0.4727395712494985,0.7492106314446935,0.0,52.991664761110016
18770,0.515482649559559,0.6626516335899794,0.0,13.9819497215301
17267,0.46492076800128257,0.765888279308135,0.8,7.036215101953353
8113,0.47243733300557506,0.7498501694039142,0.0,30.44391573361836
1501,0.47834724829381314,0.737418349369932,0.2,52.692232317509585
7675,0.47727856873196295,0.7396549570218148,0.0,38.52493058086663
5238,0.42748936104800567,0.8498258773524083,0.0,49.12843189497252
20920,0.5213098854949625,0.651410624228538,0.0,22.108876312973806
17423,0.44652144338311295,0.8062678543246765,0.0,40.353705493816506
16714,0.4965774552811973,0.7000158050835892,0.0,12.054972649325805
5858,0.4840578427716163,0.7255508695475282,0.0,43.67816013255566
8621,0.4905497212725526,0.7122286365666555,0.8,23.378906897156114
4216,0.42389748753869305,0.8582636276552811,0.0,56.64539942524855
3389,0.4798806971187891,0.7342177536424808,0.0,35.24245217483907
7682,0.4784659237050327,0.7371702854525422,0.8,39.99001445510898
4676,0.41012372688397336,0.8912963919203231,0.2,54.58299253721199
3766,0.46648883826111437,0.7625211855380799,0.8,37.500792137465766
5598,0.46253414427588524,0.771034899293249,0.0,40.901474290860975
14324,0.5387229817369574,0.6185537887299278,0.0,14.013335918504835
4832,0.4577651496086747,0.7813990001615728,0.0,74.23290501534942
9487,0.5124269548120173,0.6685971053236037,0.0,50.05786456143946
6801,0.5191934606599612,0.6554787087024663,0.0,20.793424487022293
4222,0.47044530867078627,0.7540755675829385,0.0,57.08351960305744
5453,0.49982224869557024,0.6935027463748377,0.0,48.096149852881666
14148,0.4439878761583199,0.8119580228724564,0.0,6.838310219293217
9447,0.4767873315456747,0.7406847333287887,0.0,36.61019589982344
18304,0.4708994307369697,0.7531107306164132,0.0,58.95991074390065
15036,0.42994089484785286,0.8441075335843767,0.2,33.1333314128228
20008,0.4439878761583199,0.8119580228724564,0.0,6.838310219293217
17914,0.44816585285212557,0.8025919078177424,0.0,13.629616060232255
3743,0.47990178200044137,0.734173816850313,0.0,62.09274831959454
10019,0.27374479518025807,1.2955590110723298,0.0,9.484723091521069
2613,0.4840867713190866,0.7254911087492799,0.8,23.07061670472131
10313,0.3838615441501735,0.9574733535214798,0.0,9.509146798600831
1185,0.49476001509765566,0.703682451960219,0.8,69.45345586100518
16042,0.6007881647726089,0.5095128778397426,0.0,8.046482375956995
6103,0.4600726065484997,0.7763709616316441,0.0,54.1324670767385
13744,0.500885758729975,0.6913772303863404,0.0,12.361478141009428
20563,0.4992221275908089,0.6947041368059086,0.2,5.064045803921628
2210,0.4117010196240411,0.8874578735903478,0.8,74.1426664241217
20252,0.5407992685917513,0.6147071067103784,0.2,10.259769124004235
20312,0.49429843894453374,0.7046158167876359,0.0,28.357262794007514
14693,0.5689591588383764,0.5639466245173588,0.2,7.320026928081039
16753,0.5199270053088116,0.6540668516662046,0.8,4.962405133729617
18941,0.5116254649270126,0.6701624354438406,0.0,4.893860871661461
1342,0.51543931165684,0.662735709600337,0.8,47.75342428563928
7384,0.538081807870239,0.6197446711418244,0.0,9.133796911277166
7214,0.4664226309321732,0.7626631225411904,0.0,51.86109233280095
17607,0.5394287268201634,0.6172446127050604,0.0,15.844668077930256
13695,0.4383914471672601,0.8246430527374062,0.0,9.041180764907505
10387,0.51311929763115,0.6672469118580957,0.0,2.165750038726663
15406,0.565659962493669,0.5697621542947351,0.2,16.512276419819603
10696,0.4505410302692003,0.797306128901884,0.0,68.71183939060138
83,0.47871357847989643,0.7366528176634292,0.0,22.89517092183098
8616,0.5082320306744709,0.6768171823874871,0.0,21.681838334509045
16767,0.506046807852683,0.6811261083353408,0.0,5.353992328005696
15514,0.6405046610818285,0.4454988804168257,0.2,3.6994226587957932
198,0.4960424440978063,0.7010937831405156,0.8,53.836989574770186
17203,0.5795216885001558,0.5455521906728974,0.2,7.361408351653289
12120,0.5567281528937772,0.5856782140388744,0.0,5.911250176313214
1045,0.5071125413542007,0.6790223249661768,0.0,47.083068792101855
17324,0.4861244066840202,0.7212907070078289,0.0,22.937043932547823
16966,0.41503496537711837,0.8793925083798338,0.0,33.575207915619444
377,0.4313576989809044,0.8408176050482885,0.2,53.24056728759584
8820,0.4723417173145369,0.7500525779804639,0.0,48.75716577153912
21079,0.4244212102713274,0.8570288964144782,0.0,82.82841791371611
475,0.47539829190689153,0.7436023170223394,0.0,53.54568680990075
5077,0.4287948024843603,0.8467767903709266,0.8,66.26451540473494
17604,0.5248560474466932,0.6446312493285604,0.0,18.014220065760775
6544,0.49424542783625847,0.7047230676848545,0.0,45.29959793052478
20627,0.5413042934681385,0.6137736934387445,0.0,20.171673465063105
11906,0.4310938926081234,0.8414293643251712,0.0,5.592181606872555
19822,0.5179405984943011,0.6578947180197291,0.0,14.858847745118442
13956,0.5374277148714657,0.6209610119841616,0.0,10.097447409091647
1927,0.49369065528280576,0.7058461618227146,0.0,24.63756076308795
16784,0.4069226630530516,0.8991321286637418,0.2,4.588316417716452
5901,0.46597445952110056,0.7636244542531327,0.0,72.73522926761089
12727,0.44220486731983066,0.8159820035641203,0.0,13.565700809253501
3524,0.43597916321164126,0.8301608275741073,0.0,21.39739659744751
14699,0.5871095495367342,0.5325438504392144,0.0,2.2164474740398603
19727,0.5249825100283945,0.6443903311770742,0.0,3.021030595023209
2419,0.4893240062449161,0.7147304194648375,0.0,48.33364461630964
10791,0.44998029722935834,0.7985514811110753,0.0,48.63577698227576
11149,0.4520423469436687,0.7939794156098752,0.0,8.785382089855691
18588,0.4814872481878888,0.730875531608901,0.2,16.832063297788167
10211,0.45763605121459844,0.7816810587711006,0.0,10.911485985860216
10604,0.41407328022431666,0.8817123154476798,0.2,50.53533678557061
10825,0.4634359605447893,0.7690870684737943,0.0,12.485359628030631
10365,0.4628827975252334,0.7702813940350335,0.0,48.65096979132677
15763,0.5568987806479164,0.5853717779239868,0.0,6.564944578738157
13825,0.4697400997821579,0.7555757164143092,0.0,13.115283135640361
21192,0.47916414287461195,0.7357120620369003,0.0,7.7448406651702815
11599,0.5903811596474694,0.5269869173712568,0.0,14.523495812593055
6561,0.5013370241867834,0.6904767010928606,0.0,56.10675801100139
7406,0.4587702919122585,0.7792056475403649,0.0,48.42763069739032
2228,0.4117010196240411,0.8874578735903478,0.0,74.1426664241217
8886,0.48377066696215193,0.72614431314834,0.0,33.87463331637835
3797,0.4767518122861206,0.7407592331745482,0.0,58.77998720018571
10386,0.5131940273246103,0.6671012844131914,0.0,2.165277361163326
13899,0.45141098585961026,0.7953770775895539,0.0,13.865808284138172
5398,0.4730494172436792,0.7485554197451808,0.0,48.89189335715973
16015,0.5353530624379306,0.6248288199535162,0.0,2.7383121872490617
18614,0.4625642575998677,0.7709697963292139,0.8,56.01095393870756
15748,0.5095235218725618,0.6742792608048996,0.2,3.776975382928539
15337,0.46813321703228655,0.7590023717917312,0.0,12.333029413295495
10646,0.5365867488960235,0.6225270358612698,0.0,3.8245880354325044
9717,0.4819052860294735,0.7300076862541274,0.2,47.486999433879326
1434,0.43038292670434497,0.8430799393592359,0.8,18.969298635582803
8845,0.44976397218426023,0.7990323400764954,0.0,13.448512625440436
79,0.5179499738350486,0.6578766169943926,0.8,19.328415082583255
13174,0.4582275672428938,0.7803893465584505,0.2,11.042508956107163
15148,0.5135934465967223,0.666323286429376,0.0,8.460306467858835
20510,0.5154540714768366,0.6627070745926065,0.0,5.002776196536798
3420,0.45388588658048246,0.789909463679094,0.2,49.79984069128106
3027,0.4650707134088493,0.7655658131095442,0.0,35.11420759379654
4714,0.5119694035449422,0.6694904144295363,0.2,56.079530871691034
9435,0.47419198083846564,0.7461430164207199,0.0,38.98970696634116
14613,0.42375050331847863,0.8586104325159615,0.0,8.09240349022988
16500,0.5598717151335576,0.5800476016144476,0.0,4.300182935503768
18858,0.43321762400098096,0.8365150813934144,0.0,32.359331393602076
19330,0.4351401046372473,0.8320872201241055,0.0,22.713068181982123
17424,0.44998029722935834,0.7985514811110753,0.0,48.63577698227576
9460,0.4557014430834049,0.785917413977343,0.0,60.727841935830746
17579,0.5276438886710467,0.6393336760963365,0.0,20.99891537182079
5221,0.46324465620562244,0.769499949327082,0.0,58.43582215974188
18237,0.5857867515319695,0.5347994608702497,0.0,16.39427835021966
11314,0.5028462290249401,0.68747086332442,0.0,9.387071400225757
3307,0.4728776114508696,0.7489186735469797,0.2,52.60592015517557
6508,0.4749271428378373,0.7445938702112376,0.0,33.26547192805937
12610,0.4510194242378072,0.7962448711434822,0.0,7.127187821861994
743,0.47510904876783283,0.744210924942782,0.0,46.814587325065105
9461,0.4559916870093925,0.7852806998764841,0.0,63.59203371213284
642,0.5157459427400414,0.6621409937800097,0.0,35.44440911463377
420,0.5266263741951064,0.6412639492487036,0.0,19.54251787486311
3433,0.4765540996408728,0.7411740268847495,0.0,39.48975690237508
5009,0.49394374483262904,0.7053336451357024,0.0,52.68842113912951
18154,0.49201405499953227,0.7092479958256399,0.0,14.75235777206003
8028,0.5113227425752717,0.670754297980688,0.2,18.325007855815574
1339,0.4690360820511578,0.7570755794841294,0.0,54.50944461087146
16919,0.45964248304430005,0.7773063024571345,0.0,5.691397663927719
5693,0.49083213647902857,0.7116530905403229,0.2,55.87544196941487
14178,0.41926992758753684,0.8692403478937082,0.8,33.113279390609655
18087,0.43082409589164933,0.8420554023679677,0.0,6.534770710768723
18071,0.4681555771917797,0.7589546084101009,0.2,29.5548306633681
2459,0.4403922489480839,0.8200894743155519,0.0,66.93570201768529
20317,0.5182579373326959,0.6572822121391592,0.0,10.500083589656334
8330,0.435933224503099,0.830266202171904,0.0,12.352705522105467
19945,0.45375130243214046,0.7902060230333328,0.0,8.312572461263727
14621,0.5174498495115114,0.6588426676951084,0.0,9.039650502923497
12921,0.5601283079544715,0.5795894001499587,0.0,9.244740733724791
4557,0.41342354420468286,0.883282680756587,0.0,60.12284144639065
500,0.4676082355279762,0.7601244372040407,0.0,51.58964764078235
17427,0.4925147658744762,0.7082308373484112,0.0,21.678946363504664
6748,0.45647676773259377,0.7842174723942034,0.2,59.800501203502364
10414,0.5332849733254916,0.628699338548305,0.0,10.535743750425665
8940,0.4758974521741229,0.7425528845695024,0.0,43.93685282032253
1587,0.47069853860579347,0.7535374353051767,0.0,43.70517124770025
14954,0.46514879931362235,0.7653979260594694,0.0,5.535358069880129
15487,0.6236315884549574,0.4721954880863157,0.2,4.344718070428508
7664,0.4699375395461782,0.7551554876918999,0.0,47.04618630706746
19199,0.47219117474540495,0.7503713441593279,0.2,11.501316677416716
11789,0.380673054789565,0.9658143961664329,0.0,13.671585392032924
20120,0.6384175526757173,0.44876273843172265,0.2,1.7566817387350313
4220,0.47835309019710015,0.7374061367615488,0.0,53.79746324468858
16381,0.5224476619111983,0.6492304687513873,0.0,9.542064653493366
8928,0.5158726424107924,0.6618953609982591,0.0,52.673631515277634
10102,0.44018081810110204,0.8205696862569719,0.0,62.3304726168256
8196,0.5394691989667061,0.6171695877270817,0.0,16.34295881577848
18164,0.4363009012607678,0.8294231331642006,0.0,10.498422738506202
15059,0.46233580703306704,0.7714637968816674,0.0,8.34743117469497
7481,0.4785556874634078,0.7369826956267936,0.0,49.89372905620711
18171,0.5030078812212605,0.687149440573217,0.8,27.650894642023772
20264,0.5202605799669342,0.6534254776019889,0.0,5.177416655872511
9069,0.440290331743723,0.820320924799643,0.0,64.76433763878701
11949,0.4898824791012555,0.7135897552122002,0.0,4.292598966277728
16902,0.29408957950352393,1.2238708658638366,0.0,7.72262494767358
5683,0.45958557794678456,0.7774301130760723,0.8,55.34913666319813
16286,0.3258517713154881,1.1213126902342105,0.0,15.642929374401763
132,0.43589131269775444,0.8303623495125408,0.0,23.25845118369162
14605,0.5052424004483577,0.6827169639825155,0.0,4.7769708268203015
1046,0.5167370705772075,0.6602211013869677,0.2,45.62457890912116
13349,0.5853710829799076,0.5355093029722562,0.0,8.464794871828097
10450,0.503514381959696,0.6861430032598717,0.0,12.557446066846
13947,0.5445176150813265,0.6078549862025094,0.0,9.634806683120171
14649,0.5161047683635599,0.6614454946460333,0.0,10.153188595138044
3788,0.4802374542150222,0.7334746011207698,0.0,58.762318899903235
672,0.5389069293786266,0.618212395749725,0.0,17.294490827781303
5298,0.4908692510180793,0.7115774778549562,0.0,52.74567783154597
3988,0.42717775721885975,0.8505550591269092,0.0,72.05902889211703
13294,0.5744125951999378,0.554407333912035,0.8,6.341366581218038
1552,0.43660852334830613,0.8287183129581158,0.0,21.090884858355423
17613,0.5287117604884046,0.637311871826215,0.0,18.115590686005717
16407,0.5994991329040595,0.5116607508808192,0.2,8.718699907427425
12097,0.5910065538353731,0.5259281722375713,0.0,7.1380282012967875
4911,0.436180072685763,0.8297001101514023,0.0,55.382482352606104
14443,0.5022617695403508,0.6886338419322869,0.0,4.132147754016612
10139,0.5247181538214039,0.6448940104099897,0.0,58.044975175291356
6327,0.45508089348210795,0.7872800879608128,0.0,38.6869430418767
21000,0.46126013521646425,0.7737931104997828,0.0,6.341621726376044
11447,0.5408772700273405,0.6145628834921805,0.2,23.467698775416615
3472,0.4854144127343865,0.7227522936409839,0.0,50.646864771226994
17774,0.4571416532943181,0.782761972671779,0.0,16.203172685005832
9805,0.5486664553374961,0.6002645715819034,0.0,47.95633841680627
12903,0.5556478388225936,0.5876205688161691,0.0,19.984387821755746
1895,0.4689351092630531,0.7572908798887257,0.0,64.585555464592
10858,0.5685125606983681,0.5647318715793929,0.0,9.63009011085073
17342,0.4592114208830751,0.778244563025013,0.0,60.41123420481664
14493,0.3592364302403016,1.0237745272059855,0.0,17.189685878810128
19594,0.45525618784401495,0.7868949682778527,0.0,19.908442472297217
5058,0.4824559433704524,0.7288656714488065,0.0,52.55121657970009
5276,0.46482173494097667,0.7661013126165339,0.0,36.37257577113819
15311,0.5150636432383987,0.6634648068499825,0.2,6.667157860486438
14536,0.443711450857802,0.8125808132724036,0.0,6.843555359850324
1787,0.4768944993687845,0.7404599878841616,0.0,48.50012920641258
5691,0.4945035662298842,0.7042009161559227,0.2,61.34294223615256
6477,0.4610627007627419,0.7742212349027277,0.0,48.11785240728219
12286,0.5148199311261267,0.6639380877584029,0.8,10.852399691799178
17272,0.40180045965155325,0.9117996826209885,0.0,12.82674300917789
5093,0.4373313926368904,0.8270640357241443,0.0,42.755078229358645
19321,0.5011700312659553,0.6908098517105333,0.0,14.43274477415771
20552,0.5416919935743225,0.6130577166115205,0.0,9.471741750880861
7863,0.4915250358655402,0.7102424030206991,0.0,43.768688086150576
15878,0.5709761325498205,0.5604078695871002,0.0,6.124137183883326
21018,0.4745584308041457,0.7453705266712428,0.0,4.7699985169633665
10979,0.4789695454706764,0.7361182629856371,0.0,2.512923671126023
9039,0.46338831324080315,0.7691898868944503,0.0,19.275898154783206
8478,0.45974907432684914,0.7770744289269241,0.0,42.15628776928563
7663,0.4703690739249254,0.7542376287661815,0.0,46.22533752213205
18337,0.44397860843768405,0.8119788969049723,0.0,14.401664305861054
9985,0.5209968735071762,0.6520112381926949,0.0,21.503331580740763
18546,0.35074918126568855,1.0476838942412403,0.0,13.265249103381272
21027,0.5158583999379744,0.6619229698851382,0.0,14.562305337473042
3979,0.39268823646811923,0.9347392733647523,0.0,34.58535311449583
17536,0.4223793695322652,0.8618513888522972,0.0,11.299734022808469
861,0.4696759184105162,0.755712357413608,0.0,48.4581637932532
13348,0.5750778979449869,0.5532497726737196,0.0,8.688233636527464
13111,0.533311556253868,0.6286494922800215,0.0,8.435218726740125
10885,0.5996171045280264,0.5114639865961488,0.0,8.982330916964377
6160,0.43060334919476445,0.8425679161100733,0.0,65.39379853212323
12431,0.4143157376180726,0.8811269445761276,0.0,4.9629474565034695
19758,0.43981973252652196,0.8213903348226742,0.0,13.456836595790975
11562,0.409800021388765,0.8920859909841595,0.0,6.643363973300554
15627,0.616011870744123,0.48448904494578326,0.0,5.287228768219967
19468,0.4833562609528213,0.7270012969065867,0.0,25.288740001964022
17508,0.45519087123712154,0.7870384507711047,0.0,58.94917816136769
12641,0.4373032959357807,0.8271282835786748,0.0,7.732367160298323
6537,0.4168491392993196,0.875030898900779,0.0,67.45175270267386
13211,0.4861251762198904,0.7212891240071597,0.0,2.9731536680399007
9715,0.4895729277595654,0.7142218439215547,0.0,49.941961891306704
21222,0.42337058862138943,0.8595073874523336,0.0,5.098683720154005
21032,0.5468156220137463,0.6036436046543049,0.0,20.680828882260737
9364,0.5215211999254338,0.6510053535450728,0.0,18.98592108440963
10087,0.4363009012607678,0.8294231331642006,0.0,10.498422738506202
17074,0.534275393500527,0.6268438547930713,0.0,43.91667893642207
17066,0.46499550335986045,0.7657275436353859,0.0,7.367639264628518
17812,0.532369568850312,0.6304173525277087,0.0,2.573174412099265
17429,0.45771023699558605,0.7815189654035838,0.0,74.00984661997104
3332,0.4694883936355124,0.7561117013305151,0.0,15.424678418708785
17142,0.5806954937719907,0.5435287666273696,0.0,12.987619609019298
5393,0.4547413196217877,0.7880265500084462,0.2,56.86793670281937
3488,0.48321547740503235,0.7272926018210542,0.8,64.62722104172305
18898,0.5001515880074935,0.6928440504935196,0.0,22.12251206519246
14576,0.521396218769571,0.6512450295812013,0.0,12.803477492732146
10785,0.4117010196240411,0.8874578735903478,0.0,74.1426664241217
16366,0.4138486198194694,0.8822550246340162,0.0,11.163173560381017
12028,0.626954695042173,0.466880997670906,0.0,4.781094844181846
8559,0.5010657621419389,0.6910179247509863,0.0,45.95442122780794
12154,0.3556654239233589,1.0337648104782373,0.0,11.968411708820563
16722,0.38764382193095825,0.9476683456788947,0.0,29.889932256682652
11012,0.42334786703561406,0.8595610572067344,0.0,14.82570882943178
7002,0.5409944049975868,0.6143463421529293,0.0,15.605931878508942
19588,0.46955590186560786,0.7559679206153025,0.2,22.093160965993118
7158,0.4768166218766936,0.7406233025200699,0.0,50.43644718414213
14259,0.3670856387106972,1.0021601101634223,0.2,28.54302428244843
12580,0.3605316651600806,1.0201754893320871,0.0,12.270160853608104
15930,0.471567073082583,0.7516939323438203,0.0,13.305735173868309
1944,0.47191826541260345,0.7509494748903525,0.0,62.869485225216856
12594,0.4505043718348082,0.7973874975750423,0.2,6.365145380004625
4759,0.4360768806375455,0.8299367194402265,0.0,35.782719885729264
10058,0.48377066696215193,0.72614431314834,0.0,33.87463331637835
898,0.42479444727596055,0.8561498805241129,0.0,34.47287441675098
3489,0.48975212307166766,0.7138558871558209,0.0,63.433234568369315
15922,0.5415325144768393,0.6133521691418136,0.0,8.931020855322352
21172,0.47686286859434596,0.740526316649763,0.2,56.461429634435596
10654,0.5173104906911643,0.6591120224737469,0.0,5.351660486365831
10663,0.48160741381661826,0.7306259909685179,0.0,5.312381513441286
12054,0.5739957105219455,0.5551333556487764,0.0,3.9361731228164527
3040,0.45710661526517665,0.7828386214998131,0.0,47.16602694536374
6808,0.5107084304241108,0.6719564378789037,0.0,21.008718901809452
6961,0.46595816146093577,0.7636594311598307,0.0,47.423252422903204
16776,0.4091749590771596,0.893612441603246,0.2,87.73218701575776
14007,0.4705386824270389,0.7538771077633402,0.2,5.74529747708789
18301,0.4575119818303664,0.7819522048163571,0.0,59.91513388738926
12198,0.510652519083315,0.6720659218784216,0.0,10.993989424213876
18888,0.4452159821330113,0.8091957614537287,0.0,6.868251560421906
5230,0.527166281950768,0.6402392546852054,0.0,34.953860448761915
14114,0.4158806825783671,0.877356880586884,0.0,8.203287168172455
7199,0.47639949206645765,0.7414985076928752,0.0,42.787058278763766
17844,0.5030078812212605,0.687149440573217,0.0,27.650894642023772
4704,0.4705021039013582,0.7539548483378838,0.0,40.42894201428809
8431,0.5359856911276699,0.6236478139250027,0.0,39.68894411851515
8872,0.45285082240447483,0.7921925180990661,0.0,55.758472078708564
12504,0.5466267703150428,0.6039890306262742,0.0,4.880623871394439
10362,0.4951017175454085,0.7029920475328988,0.0,15.331202272430565
16166,0.5417363584644669,0.6129758193820717,0.0,15.977216228716696
18822,0.454660221201417,0.7882049055905409,0.0,17.499726552707585
20984,0.5842209308833121,0.5374760613866577,0.0,2.2364378986059625
6940,0.4661168686494802,0.7633188852060153,0.0,52.36558452118497
779,0.43011564423998316,0.8437011663594489,0.8,43.12156390912123
16675,0.503148366237531,0.6868701896764736,0.0,7.734158492969204
14069,0.3768345817716208,0.9759489629656956,0.0,37.26856517829832
10177,0.48323474926076654,0.7272527200864236,0.0,56.45298962245967
6377,0.4893515040996551,0.7146742254465841,0.2,24.055934319481388
3747,0.4780672567527441,0.7380038518849826,0.0,58.50156286149265
7375,0.46709136120905365,0.7612304061665014,0.0,52.66610710214518
5777,0.43010122606875406,0.8437346885367698,0.0,23.303954414772118
3452,0.4494848637961991,0.7996530990607857,0.0,45.59621702406364
9086,0.5510454685338647,0.5959379532086497,0.8,18.116513550210662
2917,0.45816799462521474,0.7805193616310716,0.0,43.919821858828726
7732,0.5297402791956043,0.6353684317980215,0.0,17.977749826199783
12717,0.164359206045725,1.805700965559485,0.0,12.84241560834398
308,0.43660852334830613,0.8287183129581158,0.0,21.090884858355423
10258,0.45529378312030994,0.7868123912035235,0.0,8.126984998149052
20014,0.3912013905341404,0.9385327862926685,0.8,4.329920896784345
15008,0.5067972729686705,0.6796442114322849,0.0,17.616379308496022
19578,0.5159199225577437,0.6618037143851906,0.0,31.389349112965647
5730,0.43605375963938786,0.8299897413089588,0.0,25.327136449457342
11956,0.550747432820937,0.5964789545526055,0.2,4.956740078201352
6970,0.458681433995454,0.7793993534642257,0.0,18.00412387575458
1890,0.4418832274642901,0.8167096230663592,0.0,65.58300650061526
408,0.47458104118459615,0.7453228827134852,0.0,43.99268428943593
6455,0.45945900707915516,0.77770555318092,0.0,24.342767663336243
10496,0.495418723601515,0.7023519677248281,0.0,11.350358339432434
10184,0.5137634774024252,0.6659922801290662,0.0,11.047480140944547
12979,0.465030824150724,0.7656515870955853,0.0,12.487777706809188
4804,0.41386126188129757,0.8822244775495639,0.0,60.37943866652191
11082,0.5402295222716365,0.6157611884844874,0.2,19.524246991273724
858,0.4897549684336278,0.7138500773725436,0.0,17.39028014292944
10819,0.4068408235928973,0.899333266861199,0.0,8.94386949331541
11331,0.4558178107914966,0.7856620870421649,0.0,17.537431118578425
20474,0.6220864936883452,0.4746761385337776,0.8,16.515644653410995
3919,0.46968491523512634,0.7556932022087322,0.0,61.02978318334165
1570,0.49289289674283276,0.7074633765273495,0.0,54.26244286877873
21055,0.4826507951766647,0.728461878166515,0.2,44.873254057089625
16904,0.3137926556985066,1.1590228433595566,0.0,7.265334521167851
10732,0.48767690054585416,0.7181021814521157,0.0,2.753167889258974
18247,0.462541966230559,0.7710179883502787,0.0,15.958530287579666
15198,0.5316402543314341,0.6317882320387912,0.8,10.361957904348383
17163,0.5688180847490322,0.5641946064327334,0.2,17.749561801838208
4779,0.5143585655968382,0.664834658298232,0.0,37.89557552299922
11836,0.41046159969361257,0.8904728996696339,0.0,5.6594893483255095
11129,0.3529807702421754,1.0413416987673003,0.0,39.966693524760245
16190,0.5229410329112115,0.6482865690534332,0.0,5.115045550845178
16339,0.4717568513764641,0.7512915715184012,0.0,16.994214903524
16189,0.4622769113328325,0.7715911922746668,0.2,8.814657983639483
12428,0.5053787995477753,0.6824470327753602,0.0,5.256889214912414
19858,0.444924550662824,0.8098505602632713,0.0,4.99718281800082
1313,0.46784061208161337,0.7596276135476518,0.2,54.04750586301519
489,0.4323346209132696,0.8385554051271285,0.0,72.03190898053683
18740,0.5715421314272051,0.5594170776820039,0.0,7.221235189341643
9709,0.3638105230492282,1.011122087947484,0.0,11.268955650889087
13030,0.5116924417096727,0.670031534220826,0.0,7.184480117589971
11167,0.5174938643106222,0.6587576103174955,0.0,11.271672312478062
19591,0.43696131826092155,0.8279106043697662,0.0,8.164854370819949
2523,0.4897224561286877,0.7139164644155458,0.0,51.569756242796984
17699,0.44858479621776604,0.8016575490937112,0.0,14.047043670055148
17483,0.5528476546866522,0.5926728042263798,0.8,21.328812089923378
15648,0.5007377339991504,0.6916727999950341,0.0,5.018086078211996
13119,0.5483888823081418,0.6007706044605605,0.8,9.249163378037448
5982,0.43038292670434497,0.8430799393592359,0.0,18.969298635582803
17377,0.6006204863194713,0.5097920142586022,0.2,9.392662231610183
11563,0.43255544782347666,0.8380447577674514,0.0,8.5895401747188
4188,0.43623541563749546,0.8295732372277841,0.0,60.30167747484216
16108,0.5060608383124163,0.6810983831031732,0.0,5.878627888317652
20791,0.4982006630883748,0.6967523451867075,0.0,7.629438379136891
13288,0.5942667563841059,0.5204269756061738,0.0,4.758263903481202
1454,0.43525573010800916,0.8318215353245548,0.0,49.659749466652734
18881,0.36157939690507857,1.0172736296729128,0.0,29.928188322293444
9441,0.4779942935725361,0.7381564846947108,0.0,35.13624754513083
11537,0.46071631369767,0.7749727969928655,0.0,6.133134372472291
9938,0.479359626493576,0.735304177270927,0.0,51.47643951576609
12415,0.381063206817386,0.9647900204563545,0.0,9.71784793189341
3149,0.46786139038384533,0.7595832013262809,0.8,30.523849090845417
946,0.43589131269775444,0.8303623495125408,0.0,23.25845118369162
4068,0.4832024187996192,0.7273196265801468,0.0,46.99939626725211
5115,0.4361441302661144,0.8297825162558008,0.0,55.63691708187762
4074,0.4693501061691859,0.7564062939944406,0.0,50.254504918965296
2724,0.5227726962764555,0.648608524539933,0.2,21.112208216048366
21104,0.38819914459377036,0.9462368117690512,0.0,6.845550149770275
4356,0.46233403397748374,0.7714676318841833,0.0,51.09430384945507
8185,0.45897998063760687,0.7787486850413735,0.0,21.913987521753775
9122,0.4536142575616645,0.7905080950483185,0.0,40.007615172883256
16006,0.4171391752314348,0.8743353593140618,0.0,4.968410475013519
647,0.45543960382947785,0.7864921642029468,0.0,39.32854151103261
15010,0.5870262840800254,0.5326856831888237,0.0,17.75388087896394
5481,0.4104394934871962,0.8905267580616018,0.0,41.89928668447035
7342,0.46622229811795646,0.7630927240134288,0.0,49.749829909178075
2512,0.48027605322902195,0.7333942294992957,0.8,56.19633563306049
1711,0.43680551822272407,0.828267221337459,0.0,35.61962957871355
20822,0.5241144433863938,0.646045215098499,0.0,12.835012084914021
19368,0.46619215669051917,0.7631573764376642,0.0,12.946583638632763
3268,0.5056879350059074,0.6818355291877131,0.0,22.23124841754391
2742,0.4929793271666886,0.7072880385434178,0.0,49.79307899269251
5000,0.44575194561233156,0.807992657442285,0.8,67.66413291125417
6501,0.5143342403702456,0.6648819517690449,0.0,31.648379889677187
4819,0.4327309144441332,0.8376391888582134,0.0,42.807547167818285
11963,0.6340223883150481,0.45567101236863294,0.0,7.393034639153363
20671,0.5142832527149702,0.6649810899922617,0.0,19.231253807485626
6664,0.46263551714821916,0.7708157548985147,0.0,58.620537571946294
20385,0.5180020857084208,0.6577760102666275,0.0,23.763803162197874
18836,0.4115630286411919,0.887793102571699,0.0,9.025304794197066
4885,0.45901626079904656,0.7786696429716548,0.2,56.90517596376627
2913,0.4656424389891306,0.7643372376870917,0.0,33.630838458232034
20738,0.4030756651443555,0.9086309799585279,0.0,14.823860857357651
19289,0.4341863935807288,0.8342813587845281,0.0,23.284795778905767
6603,0.4282619357357518,0.8480202712129931,0.0,18.66068373888467
15039,0.4542630136351156,0.7890789234973637,0.2,30.973320865993877
10151,0.6486861576670737,0.43280625756475555,0.0,6.287592766434873
3134,0.4885488863468658,0.7163157381013612,0.0,24.79168813289254
12575,0.37999371244509456,0.967600572595715,0.0,6.691925683723924
5983,0.49727934446089395,0.6986033494932673,0.8,18.830853232291815
16343,0.43696855273973484,0.8278940481698844,0.0,8.871298177332466
20037,0.5152749086967597,0.6630547174460191,0.0,5.063749407034704
19297,0.5062602419766072,0.6807044297011302,0.0,21.105241569954316
11933,0.4880336569507327,0.7173709063459156,0.0,5.344412944414877
19380,0.5227178612298174,0.6487134227550237,0.0,14.448112146808985
897,0.4247160002825552,0.8563345680552759,0.0,28.177691183185715
15773,0.5974269382895175,0.5151232816665191,0.0,4.750209177807017
2674,0.5257582758372868,0.6429137235107829,0.2,57.119991830402526
1022,0.4743017830245967,0.7459114868296884,0.8,60.083169695046095
3088,0.403347482576462,0.907956848906688,0.0,61.78646287538402
3251,0.5426362918974955,0.6113159958161803,0.2,18.6209901629793
15,0.46302739144527183,0.7699690658569094,0.0,66.60232419662266
6761,0.4642921273180232,0.7672413401240884,0.8,52.99719322763664
11010,0.4710729341957308,0.7527423472812277,0.2,7.843575495567835
13978,0.4586343680016106,0.7795019702376035,0.8,5.27255118618625
14088,0.535489045139656,0.6245748465591304,0.0,7.317831366019785
21151,0.5320647443930105,0.6309900970584734,0.8,50.2378542451159
3055,0.4538322179288924,0.7900277132796825,0.0,50.374144177597344
8719,0.43597430010841537,0.8301719820758795,0.0,14.992910303212895
12892,0.5312814203305737,0.6324634163407887,0.0,8.065489753075754
7719,0.5036330935140639,0.6859072650828746,0.0,44.813750536222756
6315,0.4940782067497978,0.7050614610657361,0.0,14.478437667800055
8850,0.3969376079665672,0.9239761694200708,0.0,27.258682200813315
21006,0.4430229064308263,0.8141338027549938,0.0,8.508675400290098
4075,0.597324626398781,0.5152945505629333,0.8,14.923960595508483
8215,0.5249978890515691,0.6443610372527511,0.0,18.119432908316668
10481,0.4550617242587013,0.7873222115204305,0.0,12.156254240077413
10572,0.4898183057680493,0.7137207611974746,0.0,11.396728803017439
18063,0.45696247264383355,0.783154008212797,0.0,16.211287820630126
30,0.509450901199562,0.6744217975977345,0.8,59.5109754065887
2049,0.47553937175298616,0.7433055996821369,0.8,45.419691163804515
1024,0.4340746916362574,0.8345386591449601,0.0,46.344015924179104
17003,0.4025144737368758,0.9100242231753272,0.0,65.93352947417569
8764,0.5100974316638877,0.6731535290318449,0.0,54.66343098973496
18566,0.47369971220712703,0.7471816765950959,0.0,30.036703969177236
18696,0.543309393005144,0.6100763367739178,0.0,21.53294805995821
20013,0.3800725255784906,0.9673931876870433,0.0,4.488704492351466
14218,0.45387438370059796,0.7899348071100893,0.8,30.159712683213257
15134,0.5152340727095649,0.6631339714611767,0.0,11.86213954046574
19796,0.5098334042021799,0.6736712650553494,0.0,24.94840524672122
9035,0.4771498957000834,0.7399245907082653,0.0,31.158224966339183
10129,0.503514381959696,0.6861430032598717,0.0,12.557446066846
13402,0.5476995239481365,0.6020284563764497,0.0,8.312507842521141
9977,0.4363009012607678,0.8294231331642006,0.0,10.498422738506202
15075,0.4245451706761446,0.8567368697607023,0.0,8.126149119804987
16394,0.4487670629972512,0.801251316510316,0.2,6.489017278965221
10545,0.40028568992256713,0.9155767620048932,0.0,12.383175793432384
7306,0.5184653943929105,0.6568819953086218,0.0,18.809817338913717
7130,0.43525107354231574,0.8318322338410372,0.8,49.6603881681357
11511,0.43774613473142343,0.826116137709132,0.0,10.89605926944635
6812,0.4476581455992934,0.8037254057103398,0.2,58.33720291179319
2164,0.5050223956395471,0.6831525028890285,0.0,51.36281926185882
5992,0.45532532078877713,0.7867431247707319,0.0,37.92101921418664
2605,0.42428283296845404,0.8573549872472056,0.0,19.11901883205246
767,0.4866000469837721,0.7203127520774952,0.8,61.10413207766595
8321,0.4718136462730553,0.7511711885755237,0.0,53.08526652119673
3616,0.43660852334830613,0.8287183129581158,0.0,21.090884858355423
12189,0.43778419366924365,0.8260291985441262,0.0,13.670782605695022
5980,0.48377066696215193,0.72614431314834,0.0,33.87463331637835
14313,0.6460571149627863,0.43686736585266955,0.8,13.307635754877019
1637,0.5163121417011133,0.6610437706170667,0.0,13.901750949979649
14349,0.3591229746271175,1.0240904014420815,0.0,26.89261612956218
9284,0.5078223844345294,0.6776235294808037,0.0,21.091032355090015
5185,0.4499948530471621,0.7985191339561555,0.0,61.96508357655417
19176,0.44185197952997746,0.8167803409331553,0.0,28.922191747812242
9583,0.4701042423065256,0.7548008167287298,0.0,34.89443853251217
8375,0.5445582773537369,0.6077803132201917,0.0,42.666178451757034
3896,0.4655571530629428,0.7645204120079444,0.0,49.61737007305332
177,0.45264115854986453,0.7926556118928649,0.0,45.86702133636795
16335,0.4377365930275411,0.8261379352925227,0.0,18.710784999109503
2261,0.4727094561837791,0.749274336763237,0.0,40.086177016833176
7998,0.46543375358870454,0.764785504768957,0.0,49.73208661063519
4750,0.5646371181718347,0.5715720229010249,0.0,48.05205979085923
1057,0.5090608525443585,0.6751877164451855,0.0,59.11943737916966
19337,0.4696157185962908,0.7558405387194688,0.0,22.76705224022311
14244,0.5833785529741529,0.5389189843528972,0.0,2.0915445366433856
13754,0.48659313177776536,0.7203269634512651,0.0,18.805936940217816
10725,0.3831083951118997,0.9594373138849899,0.2,36.08203794013829
6541,0.45579460824186474,0.7857129914597714,0.0,71.97130881881219
2531,0.4624832940297627,0.7711448436987661,0.8,52.55545201953164
20487,0.3638105230492282,1.011122087947484,0.0,11.268955650889087
12962,0.46219592816017907,0.7717663908730485,0.0,12.348261517954992
19824,0.42109492308642527,0.8648970002003377,0.0,19.505588986643872
5255,0.48409799251381563,0.725467928887029,0.8,54.21058987910703
6727,0.45544210396236295,0.7864866747242061,0.0,45.43808975030739
21085,0.43807533225322737,0.8253643919487994,0.2,12.926444208832825
558,0.44896859790095395,0.8008023315454397,0.2,67.36749614126012
15530,0.5179387933018621,0.6578982033529701,0.0,5.539173683455655
4372,0.4707786062489101,0.7533673459009947,0.0,58.95551541167435
11898,0.5963422585928982,0.5169405173565519,0.2,3.378464715195263
4104,0.41017995248191874,0.8911593070834566,0.0,83.76897486584491
14241,0.455959660704893,0.785350936747328,0.2,11.435495262602567
12089,0.5803888266152829,0.5440570093371437,0.2,6.785751225367611
9501,0.4620174473038374,0.7721526238865467,0.8,52.22840300840146
14498,0.4053121002945258,0.9030978906380264,0.0,11.33613563490049
6076,0.4282619357357518,0.8480202712129931,0.8,18.66068373888467
13223,0.5218717662950368,0.6503333797171019,0.8,5.1190992083664675
9195,0.4889557102333267,0.7154833657291535,0.0,56.88808393756236
12936,0.5357269819872039,0.6241306096443802,0.0,10.823673632431912
20856,0.4834310913909476,0.7268464946367921,0.0,4.5177142986886025
6525,0.4656242497501572,0.7643763011244413,0.0,45.34280194943272
21049,0.4452159821330113,0.8091957614537287,0.0,6.868251560421906
14411,0.444410130424654,0.8110074257414359,0.8,5.652721587261679
16573,0.5733812312436495,0.5562044584654284,0.2,9.547444444272276
16589,0.5261611816169627,0.6421476842545959,0.0,14.669220386126916
17591,0.49015109877520946,0.7130415705647662,0.0,23.744285115818037
3035,0.45449155106310624,0.7885759550575091,0.0,40.70628995777864
5868,0.4558691636564629,0.78554943244369,0.2,53.45270969224691
6513,0.4362685801372439,0.8294972157999739,0.0,62.461139716881874
6661,0.4641873284572361,0.7674670831075875,0.0,59.133338167908704
4648,0.518698575750323,0.6564323434347544,0.0,60.03237848731237
165,0.47510904876783283,0.744210924942782,0.0,46.814587325065105
8257,0.5063219840583131,0.6805824799370619,0.0,23.83876281553167
16423,0.4778949672402188,0.7383643044427648,0.2,3.7277060847282906
7450,0.4854837384472794,0.7226094862560356,0.0,65.90198294132131
18930,0.4611436566132511,0.7740456649772558,0.0,5.55416478863067
1687,0.5173767714375803,0.6589839050242863,0.8,47.48308799145498
10250,0.5117430502748206,0.6699326348459547,0.0,2.5117785097346035
13262,0.49340956608891695,0.7064156869740635,0.0,7.894195436673259
12091,0.579528822797124,0.5455398800843618,0.8,9.883545283276202
20364,0.4889411129472645,0.7155132201794743,0.0,5.519468629728042
10424,0.6013344558930837,0.508604000244913,0.2,2.3815382942023398
18658,0.4670425818293248,0.761334843822657,0.0,24.922297303282072
13222,0.5344079441355974,0.6265957913469931,0.0,4.19317913010987
7430,0.5411892482982249,0.6139862492941061,0.0,52.704582075264604
730,0.47156315546164934,0.7517022400426197,0.0,50.585800867260176
1951,0.42347384701663965,0.8592635211850087,0.0,66.59292289183817
13271,0.586226834623395,0.5340484745040381,0.0,9.003789455268162
18711,0.5008034231379525,0.6915416238802472,0.0,5.193823334496334
15271,0.5583262903531842,0.5828117377634453,0.0,5.189355877566243
8101,0.4841195879414925,0.72542332026162,0.0,49.750617401811304
11099,0.44152537703170947,0.8175197814694639,0.0,13.040665964565086
9046,0.4797181722349489,0.7345564886922703,0.0,19.263743495638195
16542,0.6003807757726172,0.5101911987683998,0.0,4.318768575423503
12881,0.5494845831607761,0.5987745616543779,0.0,10.181262678917719
7040,0.44563969628441247,0.8082445093180185,0.0,63.25725602846141
17720,0.5419156490410851,0.6126449187294407,0.0,11.012292647867184
13576,0.5645720840571317,0.5716872081379971,0.0,8.105095262527636
8961,0.5205663803954231,0.6528378670789456,0.0,20.486379205869646
8866,0.4399070536555089,0.8211918160765243,0.0,51.90753080977536
10096,0.4201384453356691,0.8671709902697399,0.0,5.533851472618663
7658,0.47101675612274063,0.7528616099663714,0.0,47.54735028243103
17667,0.380673054789565,0.9658143961664329,0.0,13.671585392032924
8776,0.5275890208489603,0.6394376679670237,0.0,21.01991561837999
4954,0.48973429554088654,0.7138922889485244,0.0,43.565278022396896
7616,0.4740084651891548,0.7465300983976817,0.0,38.074903166111014
8172,0.43680551822272407,0.828267221337459,0.0,35.61962957871355
13485,0.589435105068344,0.5285906497661835,0.0,18.62515601728073
6932,0.46101954837999587,0.7743148325895234,0.2,54.651142301981366
16625,0.43989085220544466,0.8212286460120314,0.0,5.942410728463045
9077,0.5264376233193878,0.641622428653916,0.0,19.44116032249225
13334,0.44220486731983066,0.8159820035641203,0.0,13.565700809253501
439,0.42445370786177716,0.856952330150659,0.0,23.29196459501601
9484,0.4648485494882371,0.7660436264718501,0.0,51.658153003130046
10813,0.47641294116610994,0.7414702773734878,0.0,54.66489789645117
5547,0.4936187086812328,0.7059919045945879,0.2,46.63076475984345
14778,0.3716749366043131,0.9897356330502676,0.0,37.986052765850076
16557,0.47942323159156186,0.7351714984322457,0.0,12.814039091473493
13920,0.47723631497068153,0.7397434915476362,0.0,18.169210174000504
3916,0.46726747710720695,0.7608534291572051,0.0,61.44652311288141
6876,0.48127897820176085,0.7313081807477426,0.0,33.84311723586174
9397,0.4691360126012829,0.7568625470328924,0.0,15.413505597092763
18202,0.46083911701444924,0.7747062838490794,0.0,29.170402751563238
6600,0.5291703167285894,0.6364449391523749,0.0,43.53283480916035
12637,0.42144901584374583,0.864056467708662,0.0,14.856414482771404
13394,0.48160741381661826,0.7306259909685179,0.0,5.312381513441286
16679,0.4691132479647341,0.756911072808526,0.0,10.222462372545312
14544,0.49522432907856606,0.7027444290153367,0.0,11.156067140429158
7686,0.43666631737111034,0.8285859513688573,0.0,56.700136905035265
9126,0.45077337026961123,0.7967905707228105,0.0,20.005021328742643
13087,0.38477083583076555,0.9551073535234162,0.0,14.668777647058487
4288,0.46699964906958125,0.7614267727705215,0.0,49.31760951628756
3410,0.5657310512926177,0.5696364881047512,0.8,48.92038437986419
7534,0.4843015771467049,0.7250474730292061,0.0,34.83853605755925
12589,0.4747160386156949,0.7450384671498408,0.2,8.810079731942057
10909,0.5529733574221543,0.5924454568805307,0.0,5.574319256328913
96,0.4329736825400452,0.8370783321800312,0.0,49.90033143844203
11510,0.43774613473142343,0.826116137709132,0.0,10.89605926944635
13583,0.599239509034065,0.512093912647648,0.2,6.830308270895211
10903,0.5958535034054753,0.5177604417857165,0.0,5.439332114781964
19149,0.5284763302216168,0.6377572613888643,0.0,9.691677806678376
9037,0.47453001108032455,0.7454304151338464,0.0,37.41128895952991
8294,0.47637004713185604,0.7415603168364289,0.0,45.31304564965872
2518,0.4626295996509857,0.7708285458210862,0.0,59.762336216555994
16724,0.42369687992976923,0.8587369852432244,0.0,11.954907731174472
7568,0.47508666294786556,0.7442580432778689,0.0,33.56975586223487
11538,0.43687049228326075,0.8281184841399735,0.8,6.3852073761019446
519,0.4840940410178333,0.7254760915156099,0.8,59.21698873743332
15561,0.5934017394803787,0.5218836397505772,0.0,7.739012740723991
14532,0.4703162049034708,0.7543500341002505,0.0,8.208497489250524
7452,0.47565117747164354,0.7430705138325909,0.0,69.17986370397858
6034,0.5127575275896806,0.6679522013189194,0.0,52.126990402456975
18552,0.5758822973270377,0.5518519840858507,0.0,8.472582812760844
11485,0.47839090565307835,0.737327086448901,0.0,27.865065819238154
16729,0.43725070625669,0.8272485498607393,0.0,13.69096286905468
19137,0.44164094012464855,0.8172580797008305,0.0,9.563553774311009
4543,0.4897443147235945,0.7138718307524938,0.0,49.69261857439388
6705,0.4783930760139963,0.7373225496653438,0.0,56.379368872667015
10239,0.5082551575161789,0.6767716789281604,0.0,5.416542121974816
2514,0.47071778924040464,0.7534965381291996,0.8,58.04183741229667
394,0.5221130400044377,0.649871162810801,0.2,21.153307093210096
11079,0.4709306157229056,0.753044508507521,0.0,5.139528986011593
7702,0.43674131146534334,0.8284142237769716,0.0,56.70495108941414
18541,0.446220854829233,0.8069412593282054,0.0,23.31374454514134
10601,0.419356238397838,0.8690345093112584,0.0,87.9897440677649
12048,0.5352258277031146,0.625066513292301,0.0,5.702482040401835
7912,0.5360174742482446,0.6235885172333313,0.0,44.3963819153215
20340,0.5119909720847001,0.6694482867451563,0.2,3.932004345565974
20221,0.4178599527730169,0.8726089438091057,0.0,70.3301025442438
8413,0.47072332682838847,0.7534847740626226,0.0,58.9647048699516
1775,0.48835236845211655,0.716718067193344,0.0,51.730916763772605
11934,0.5186689998252825,0.6564893645442336,0.0,4.684543706320461
4059,0.47559175197081016,0.7431954566817232,0.0,42.7523197796424
11629,0.47357814388452085,0.7474383453697153,0.0,10.561303905611606
2457,0.4405416932994521,0.8197501881429236,0.0,66.90800948063776
2926,0.5077355484738278,0.6777945408196931,0.0,57.41936204338257
6325,0.5185646096548412,0.6566906502909344,0.0,18.229733228649906
4912,0.43628153957616067,0.8294675110560861,0.0,62.45890294968979
18982,0.3349444354249352,1.0937906253172704,0.0,12.030602645581766
12629,0.5129734965657742,0.6675310987604534,0.0,10.777289895059006
15597,0.5211102535622504,0.6517936404955361,0.0,4.651036195419328
13113,0.5554564563774718,0.5879650593340103,0.0,8.421717338966364
14137,0.4432673346983632,0.8135822266179882,0.0,26.37226862067886
10640,0.4866849805173161,0.7201382224559358,0.0,4.905221554453684
3756,0.4201678916075229,0.8671009056575663,0.0,70.0964340379393
5447,0.4575511373047645,0.7818666249834402,0.0,64.58217904801388
18445,0.5340253878567363,0.6273118983491885,0.0,7.349900034090636
18953,0.454831626108667,0.7878279810259365,0.0,30.475943932421533
19478,0.5126995829106938,0.6680652137081362,0.2,15.935693182723181
12602,0.5864176373686986,0.533723051493834,0.0,10.215725594767619
18713,0.5199270053088116,0.6540668516662046,0.8,4.962405133729617
2173,0.48494779701016466,0.7237140288683078,0.0,44.700196551331054
7172,0.4587628879133173,0.7792217864639572,0.8,17.22080029185537
885,0.4327819242339942,0.8375213170309209,0.0,50.36015449274828
18470,0.4533625475477518,0.791063147876477,0.0,20.437114946732237
9577,0.46542357074999235,0.7648073831781317,0.0,39.999425556714556
3116,0.5091113689098774,0.6750884869347041,0.0,23.76986629453807
19931,0.5211141220751112,0.6517862169254273,0.2,19.850148565144767
13755,0.48848576376003816,0.716444950687442,0.0,18.704587287987952
1658,0.44915262491025937,0.8003925271510955,0.0,59.277071659982
14757,0.541255704150824,0.6138634608741826,0.0,16.06173801578177
15906,0.5609903260223106,0.5780516177751274,0.0,6.37301845200685
4023,0.5629698097457025,0.5745292761777681,0.0,38.223434234432474
21071,0.5215996117944506,0.6508550126290763,0.0,7.33350942584553
18285,0.4483404936023517,0.8022023048815762,0.0,61.834556890790175
20570,0.49250275491739537,0.7082552246447341,0.0,5.534306079512039
14094,0.44516441274972973,0.8093115981986426,0.0,8.672178331704636
1838,0.4936644909143021,0.7058991607230811,0.0,50.31649131464791
6277,0.49150013663905445,0.7102930613907745,0.0,22.551806053933596
2689,0.43680551822272407,0.828267221337459,0.0,35.61962957871355
17448,0.5020673271461036,0.6890210504624753,0.0,7.3794158052880165
19735,0.4226476883236626,0.8612163351036141,0.0,6.5331866778685495
3125,0.4545877692528274,0.7883642723408744,0.0,58.693720677252294
5582,0.40983453065718795,0.8920017845085851,0.8,54.62619078050113
4519,0.4129396484960932,0.8844538262484782,0.0,66.42248100169127
18599,0.42456516439972547,0.8566897764142699,0.2,28.617724203366947
1404,0.42923785014263666,0.8457440844563088,0.0,55.58652866038783
15319,0.5038592569003965,0.6854583020906724,0.2,3.15903734189367
2907,0.482914015099526,0.7279166637457318,0.0,33.88452291878917
8690,0.5235967419976292,0.6470334672773834,0.0,20.39772980909583
11363,0.34704649725836906,1.0582965101494546,0.0,3.029902819742111
7099,0.4752997257683763,0.7438096723276747,0.0,42.9587284197593
4384,0.46101374042945986,0.7743274307258522,0.0,62.81731281763476
907,0.43011564423998316,0.8437011663594489,0.0,43.12156390912123
16206,0.5411643183986562,0.6140323153862596,0.0,6.363830674230238
6716,0.4708917140179971,0.7531271179418106,0.0,58.7823294400847
3781,0.48377066696215193,0.72614431314834,0.0,33.87463331637835
5365,0.46264490946326114,0.7707954533450134,0.0,38.655393161392944
7520,0.5080689952966981,0.6771380231128332,0.0,21.668416739610663
2646,0.4575119818303664,0.7819522048163571,0.0,59.91513388738926
2593,0.4697717952881241,0.7555082441318516,0.0,32.6379538408678
21145,0.444410130424654,0.8110074257414359,0.8,5.652721587261679
3586,0.49109372574184496,0.7111202819463763,0.0,23.612748907775252
11120,0.5221934331970252,0.6497171980603963,0.0,4.150100931211482
8946,0.4768507437550555,0.7405517432330352,0.0,41.93744601028138
6409,0.505569380338594,0.6820699990225564,0.2,21.85011231461197
15234,0.5045928073026851,0.684003497132252,0.0,4.64024550467038
10176,0.5040988366551732,0.6849829256621874,0.0,55.10344863285198
10341,0.47800287357714555,0.7381385348410826,0.0,17.22446203473065
16458,0.5067711761650548,0.6796957063335789,0.8,6.879234309743152
832,0.4941460808948918,0.7049240951943456,0.0,56.457370891678025
15447,0.547126367943226,0.6030754832352706,0.0,7.733236893919269
978,0.5116854880983109,0.670045123748525,0.8,16.528340339363723
12087,0.5407992685917513,0.6147071067103784,0.2,10.259769124004235
10218,0.47617155510253956,0.7419770798034718,0.0,2.8447030568132017
11310,0.44322248092433036,0.8136834207282434,0.0,14.245562240083247
12508,0.6420585162957736,0.44307583256764815,0.2,4.304703197224581
3883,0.47622269307163273,0.7418696915674754,0.0,63.86792693131291
807,0.4682268836187929,0.7588023064819137,0.0,60.996322132924156
1102,0.4940800628366547,0.7050577044066785,0.8,54.74067973980145
19682,0.48874665053687955,0.7159110208275183,0.0,20.062332808954086
19626,0.43212042109221116,0.8390509770540278,0.2,40.622653822244864
16185,0.5606236239232993,0.5787055007124691,0.2,17.28159257350885
12259,0.49717023566233526,0.6988227850507402,0.0,10.954747060769135
14399,0.4686064644683492,0.7579919577232944,0.0,9.409332678532952
1553,0.4330952165426177,0.836797675517498,0.0,71.27842944808067
2424,0.4882623656346213,0.7169023831054611,0.0,48.19376024297563
10264,0.3884545655778301,0.9455790643330365,0.0,9.526708892800448
9463,0.45704262173873456,0.7829786282382234,0.8,60.50076194921313
11,0.4800576309723141,0.7338491177617144,0.0,43.649347987949525
18744,0.4965526348052462,0.7000657894234134,0.8,28.07263842293278
7034,0.43177369850196723,0.839853674053571,0.0,67.95256063952293
6746,0.4362685801372439,0.8294972157999739,0.0,62.461139716881874
12320,0.5494252105400074,0.5988826189693037,0.0,8.93472931036175
19652,0.5172327676772899,0.6592622781801023,0.0,17.088079558168978
20392,0.4747151751246855,0.745040286114705,0.0,28.926189676824052
18593,0.49113718503432663,0.7110317909570718,0.0,8.603840262422436
17778,0.4697807007148984,0.7554892873906106,0.0,53.55285975058267
10138,0.5189801768715099,0.6558895913982725,0.0,58.390569373019076
16104,0.5487978103499306,0.600025192465574,0.8,5.408537494483765
11641,0.5002126798507825,0.6927219112981727,0.8,3.0258785307978378
9091,0.5484306694998702,0.6006944074385805,0.0,16.249082299404556
14518,0.40250900228389147,0.9100378164509207,0.0,12.021599590031851
15846,0.3862522339512149,0.9512646670944416,0.0,15.948426480695
18026,0.4915048432696279,0.7102834853852208,0.0,8.768804763404209
535,0.46785067410077946,0.759606106413162,0.0,30.524769531705815
1750,0.5392449727397123,0.6175853164457812,0.2,17.175047909506283
17860,0.34173696426279354,1.0737139481793387,0.0,8.945647304611963
6415,0.5158583768921349,0.6619230145598786,0.0,17.90667188424947
4598,0.47399778369406,0.7465526330489203,0.0,43.60240562190306
13992,0.5192890234979293,0.6552946654668881,0.0,25.019151777381232
18249,0.407966044795586,0.8965713315814767,0.0,5.155912967548742
12608,0.4510194242378072,0.7962448711434822,0.0,7.127187821861994
5602,0.47979788949344787,0.7343903273076682,0.0,30.11367615566442
9115,0.4266187075509027,0.8518646212319787,0.0,18.996583653157643
12679,0.4594374902364446,0.7777523850989377,0.0,10.192833313271269
12616,0.532778686553392,0.6296491632711927,0.0,12.022835688674325
10680,0.4990045969361119,0.6951399709762339,0.2,21.250777405537455
12368,0.41129295024520796,0.8884495440696336,0.0,14.004185345293543
16937,0.4481463867331371,0.8026353438395477,0.0,56.18447406876834
18303,0.45817482873448023,0.7805044455776222,0.2,56.58266894848103
3273,0.5170151261475103,0.6596831473629967,0.0,46.115149611133006
9890,0.48129423649233016,0.7312764776204632,0.0,37.88378093589434
14728,0.5494253269074794,0.5988824071707596,0.0,13.747944164344924
21193,0.4524962776098343,0.7929757421526016,0.2,25.069930175378556
20559,0.4965394487046615,0.7000923450687647,0.0,4.985357458373296
21117,0.39967335231647017,0.9171076846980825,0.0,6.393524315089781
2865,0.42723479790692526,0.8504215388788556,0.0,57.960478944176174
6266,0.451537972651214,0.7950958063366353,0.0,57.90682903136106
114,0.4300328627695943,0.8438936481692059,0.0,41.51956491456589
17231,0.5206578756129709,0.6526621216192038,0.2,7.712834696926192
6084,0.49078656043346713,0.7117459495001971,0.2,54.09624893689384
14300,0.37287641490047824,0.9865082415839157,0.0,23.14594971224338
19104,0.470723709616637,0.7534839608713675,0.8,16.77443689447231
16571,0.5872905389349463,0.5322356260079978,0.2,5.851930266363817
13503,0.5861947898438066,0.534103138762915,0.8,7.4750407800977605
4811,0.44469186243037867,0.8103736806426326,0.0,59.39228779621781
7986,0.510147725626478,0.6730549371154378,0.0,20.63418127246639
5546,0.4902363373016754,0.7128676831330346,0.2,48.51991292128878
8563,0.4789823920924758,0.7360914419703096,0.0,48.96848430026126
9521,0.4953386559709199,0.7025135968631424,0.0,20.68902495864112
18529,0.4993555212271753,0.6944369695258924,0.0,22.090042278816092
16947,0.4813460920351444,0.7311687415505571,0.0,42.59057919531995
5630,0.4865939650976226,0.7203252508928889,0.0,41.72483686058328
19066,0.45064589189058596,0.7970734099857958,0.0,21.71068623444848
13690,0.4405948228867777,0.8196295948264192,0.0,14.269751120862407
347,0.4677045641253644,0.7599184556377359,0.0,53.297260810594125
12005,0.4367271654540499,0.8284466142104412,0.0,5.1968454150051695
15454,0.5122450443905613,0.6689521661108774,0.0,11.920726757985335
13970,0.4911902870482463,0.710923676269291,0.0,17.275445468941697
14501,0.41194934804867067,0.8868548788199924,0.0,11.508271519684655
20576,0.5370037086168024,0.6217502783205792,0.0,17.707448234902678
9992,0.4691677838872055,0.75679482635212,0.0,51.238789330016694
8545,0.486724470655281,0.7200570846820238,0.0,31.72031867834656
1331,0.47007335627959906,0.754866519266174,0.8,38.35477176015296
16663,0.4586348084224232,0.7795010099506476,0.0,5.469446703457381
8726,0.4817657512535461,0.7302972763144367,0.0,42.229437774191894
2842,0.5075275779927946,0.6782042286701048,0.0,45.460028619871096
5016,0.4516887969257605,0.7947618386531509,0.2,73.34459312705917
3309,0.4752438042207834,0.7439273345827806,0.0,62.59032788432249
16960,0.4677222050466157,0.7598807382624483,0.0,16.597314366247083
3386,0.4582987497805428,0.7802340154207189,0.8,32.028605737749196
4114,0.4838666029714915,0.7259460239492056,0.2,40.652977341155506
12324,0.5361089656981959,0.6234178443597513,0.0,8.977216720965385
5938,0.47599666796321355,0.7423444248525002,0.0,55.267542996632486
15809,0.4136604473167097,0.8827098172483239,0.0,33.56460103531067
3335,0.5055355475014661,0.6821369215272519,0.0,35.73374669355262
15593,0.5245648008631046,0.6451863108971109,0.0,4.65921304628289
7667,0.4695297489203787,0.7560236193584663,0.0,45.07412737863142
9629,0.45919257496892246,0.7782856036002728,0.0,51.36684983761799
4673,0.47669693445522476,0.740874347555146,0.0,67.14544573647342
19507,0.4309235841725592,0.8418245035012728,0.0,12.272117669845056
2033,0.43495475897449865,0.8325132556595475,0.0,67.35864738838255
16202,0.46957433538095433,0.7559286640465802,0.8,7.347626636160053
17236,0.3482984363589072,1.054695590971659,0.0,94.92260318744933
14283,0.49750643350754625,0.6981467907936432,0.0,13.4148906916286
51,0.43465138391712715,0.8332109854816261,0.0,64.61551128841057
8332,0.46751637796699363,0.7603208977825612,0.0,32.77362905047596
9365,0.5227318565999024,0.6486866488799209,0.0,18.918298378158596
17005,0.40316231094856864,0.9084160414239613,0.0,72.3757776148037
18854,0.44971876842241637,0.799132850647385,0.0,31.461859476421576
10080,0.4683006784740849,0.7586447139914592,0.2,73.96785961416728
2908,0.51355721238255,0.6663938393007988,0.0,32.18682447190118
19517,0.4838567291119813,0.7259664303178095,0.2,26.505034537063757
11465,0.40949428696030254,0.892832327043225,0.0,15.109400493063493
5163,0.4685923848648714,0.7580220038623584,0.0,45.75042058774217
18446,0.5351539507040124,0.6252008151553596,0.0,7.325165527254207
1889,0.4353947241172401,0.8315022475788534,0.0,66.74468262185673
3590,0.48716610731329585,0.7191501312762132,0.2,23.918933530847255
11248,0.5783929373872206,0.5475018188151394,0.0,4.214942315640629
4120,0.43594975157867355,0.8302282909475084,0.0,12.352141478682142
18488,0.38524484403941206,0.9538761882863647,0.8,34.83555974255513
3051,0.4811881878918033,0.7314968423736667,0.0,41.13938085244917
11027,0.164359206045725,1.805700965559485,0.0,12.84241560834398
14223,0.35792659930541854,1.0274273434760672,0.0,14.604879844285266
3087,0.41893896972038,0.8700300266609424,0.0,57.75694185957015
5294,0.45281542611119685,0.7922706844066966,0.0,54.40126727013129
20174,0.46039240050197944,0.775676108565211,0.2,22.928985354931903
8657,0.4798821387577937,0.7342147494857231,0.0,50.831522699786454
18423,0.5204244737099071,0.6531105047987401,0.0,7.987541486145687
20357,0.4967160323936456,0.6997367795688407,0.0,5.457946346780162
18716,0.5157435381327454,0.662145656178106,0.0,4.9727138715828625
16594,0.5555290126185548,0.5878344433300913,0.8,9.86683019293493
19753,0.42663385690505057,0.8518291115721651,0.0,12.718362524212417
6795,0.5080817893223937,0.6771128417600462,0.2,52.18847279525166
16804,0.4050838635365777,0.9036611628510409,0.2,3.679256319839502
3758,0.4282441736033655,0.848061746999786,0.8,65.32619533616187
3751,0.46923692064799977,0.7566474767904965,0.0,63.248162700372845
15632,0.4599179490307502,0.7767071770813974,0.0,11.095456531765688
10327,0.5379942854975445,0.6199073406285399,0.0,16.15788634692855
16317,0.4208900792300567,0.8653835738562732,0.0,14.549693789560823
19728,0.40904333031446816,0.8939341864616379,0.0,17.39864218961182
13425,0.5370037086168024,0.6217502783205792,0.0,17.707448234902678
19238,0.4039607686907125,0.9064375129374032,0.8,27.555700047518584
2587,0.48303527407124797,0.727665596792801,0.0,39.83241598980047
20726,0.5413140189942036,0.6137557267630409,0.0,27.76262725615225
12280,0.41340630054952976,0.8833243910438123,0.8,14.986041533233681
14953,0.4951962930226185,0.7028010434583915,0.0,5.216540671343147
6601,0.4117010196240411,0.8874578735903478,0.0,74.1426664241217
7757,0.506270755786695,0.6806836623169981,0.0,15.318785898342107
7038,0.44664981165527634,0.8059804105174041,0.0,63.34200058554564
18195,0.49852299199880057,0.6961055682791524,0.0,28.014767851873525
19246,0.43726676368116224,0.8272118269248894,0.0,17.79167149385499
19760,0.44795029915963974,0.8030729920971837,0.0,13.155539267297627
10391,0.46499550335986045,0.7657275436353859,0.0,7.367639264628518
5146,0.494173632287228,0.7048683411868604,0.0,24.70563482082759
10267,0.44123280189083236,0.8181826473790093,0.0,10.620010193375302
18594,0.49113718503432663,0.7110317909570718,0.0,8.603840262422436
768,0.48508102636104816,0.7234393373364454,0.0,58.479218171263064
17128,0.5580291299199189,0.5833441138058549,0.0,9.920058512023806
11501,0.46948670489799293,0.7561152983109295,0.0,5.441761461590346
20548,0.48010091800750715,0.7337589513297883,0.0,22.665815658027437
2544,0.4558658148527173,0.7855567784462555,0.0,40.15766167510742
3024,0.4102565228591892,0.8909726494206293,0.0,54.35823984568458
19136,0.5422113290267685,0.6120994475826168,0.2,13.111170797662655
20580,0.27379648377778876,1.2953702085119727,0.0,8.853207323172771
3585,0.5034882721375609,0.686194859770944,0.0,22.303735922907205
16115,0.5801949718223786,0.5443910736157734,0.8,4.773493567180895
8996,0.44255889459331316,0.815181728264392,0.0,61.240527335862446
4610,0.47085610647059506,0.7532027380741738,0.0,59.36066448422406
5366,0.46222898089880426,0.7716948810331137,0.0,25.090694497066046
18060,0.46458699105716905,0.7666064593452719,0.0,16.881823863732237
20595,0.4747512757212987,0.7449642421500162,0.0,28.92323726983699
11947,0.4743344247409368,0.7458426686334488,0.0,5.6759743027450895
14027,0.47049562503262343,0.7539686185490877,0.8,28.94259270447889
6131,0.435933224503099,0.830266202171904,0.0,12.352705522105467
3688,0.47437633929762596,0.7457543075474251,0.0,33.31731562054138
7248,0.47405320322505584,0.7464357204950098,0.2,53.48958361677535
10525,0.5833785529741529,0.5389189843528972,0.0,2.0915445366433856
14064,0.41901134575311105,0.8698572812568902,0.0,29.96223420221449
10788,0.46969652097638465,0.7556684928823361,0.0,10.15354011971461
7363,0.48262880117622636,0.7285074483837355,0.0,33.72807403619165
2692,0.4365220881167958,0.8289163021951387,0.0,71.9499343981251
14488,0.4572340407504166,0.782559894998423,0.0,12.575736527499057
6148,0.43666631737111034,0.8285859513688573,0.0,56.700136905035265
6924,0.44673502885118016,0.8057896367493738,0.8,52.585833415616506
6161,0.43333457195019814,0.8362451658580926,0.0,65.22712293693122
11364,0.4999848568508706,0.6931774673168434,0.0,4.229075694385719
9084,0.48265204415502544,0.7284592904224209,0.0,51.558891568594845
5478,0.4105146073689899,0.8903437663890468,0.0,41.97970994380032
4944,0.5030856552223084,0.6869948346675321,0.0,22.37988718961602
7182,0.4757681834054707,0.742824553030807,0.8,54.31904544037776
5264,0.6189334757459954,0.4797574825963437,0.0,41.80966294520421
5192,0.4263036111280645,0.8526034843858026,0.0,50.26097930745208
19650,0.4457475900097423,0.8080024288497064,0.0,31.86357689131065
5550,0.43013105344923536,0.843665341265798,0.0,53.99458184101107
9702,0.47579846924429686,0.7427608983435562,0.0,51.28763946394096
13686,0.44138448821943244,0.81783892800756,0.0,14.318314782507722
19348,0.4318858021031509,0.8395940726672962,0.0,7.644504548086783
1622,0.48292255267624806,0.7278989846124143,0.0,33.88369995507931
17915,0.5319448617188799,0.6312154383974036,0.0,19.624487474117156
28,0.5124984370352871,0.6684576176614688,0.8,58.84432581671425
4060,0.4728502332644197,0.7489765722048451,0.0,42.99499921314109
6276,0.4918911325947347,0.709497862188755,0.0,23.2005806348762
9171,0.5204519255398283,0.6530577572680104,0.0,40.61040002376723
4155,0.4900887722785289,0.7131687363710246,0.0,52.532011732791595
12839,0.40828871040706805,0.8957807312787348,0.0,5.340913509802457
8831,0.39302887168521194,0.933872204963418,0.0,72.17898357660812
13501,0.5658801490501179,0.5693729739961638,0.0,7.171822091226941
15460,0.4755075762377423,0.7433724639212218,0.0,5.490920262378523
3685,0.412277897989089,0.8860576473297709,0.8,86.83364943831755
4838,0.45349948239234417,0.7907611507895725,0.0,61.03885516001632
274,0.46528203492861,0.7651115305295818,0.0,28.882960277491705
7493,0.4811098331053177,0.73165969168843,0.2,26.800695288044057
19065,0.4506218782627987,0.7971266985390719,0.2,19.216332081036217
1546,0.4691360126012829,0.7568625470328924,0.0,15.413505597092763
8146,0.5392286218569224,0.6176156387139814,0.0,17.058543870599664
11819,0.4816435669078822,0.7305509262304499,0.8,13.999546780677715
16623,0.4713024655668605,0.7522552136490754,0.0,11.733677577209892
16748,0.4596134004787812,0.7773695766032126,0.0,12.290251882878824
10066,0.5633308036117803,0.5738882503731862,0.0,15.929702934596921
17140,0.5989544208162755,0.5125697758882587,0.0,6.261039646274706
20173,0.4767914067050123,0.7406761862436364,0.0,17.492920054645516
12787,0.434226239165952,0.8341895923045194,0.0,8.846581040072927
3184,0.5220476878481275,0.6499963392413108,0.0,54.06799497502655
17210,0.42862967273111147,0.847161966581925,0.0,78.11680416291935
16288,0.4184179909869625,0.8712743676650474,0.0,11.851509552927329
259,0.4763912407080567,0.7415158280930791,0.8,50.026362626787524
10186,0.45179400346609827,0.794528947577045,0.0,46.4918639134162
7472,0.4102565228591892,0.8909726494206293,0.0,54.35823984568458
15246,0.5002513143550593,0.6926446781253255,0.0,5.521417326467927
712,0.46427201787998507,0.7672846530996007,0.0,41.26456770706975
16970,0.4971412033405616,0.6988811818882764,0.0,15.589244139079637
13498,0.5611718680370906,0.5777280602407088,0.0,7.268396639937908
178,0.45688673540890345,0.7833197625504625,0.0,47.63759028378038
16794,0.3391017139143539,1.0814551755597077,0.0,2.35171078797987
5489,0.5083193416844792,0.6766454035426651,0.0,53.10651491003765
11849,0.46533069848057673,0.765006946634984,0.0,13.381884247474051
13157,0.45620228450332767,0.7848189614650198,0.2,11.42774917033221
5181,0.4315893343905597,0.8402807576955292,0.0,50.370206648619614
20154,0.5331153253774361,0.6290175079068339,0.0,13.759757985461992
5659,0.5191840168665885,0.6554968982213595,0.0,54.307917017430746
18961,0.4224641026883387,0.8616507998458273,0.0,27.353107007700387
10409,0.4956593285665119,0.7018664258057079,0.0,11.24460127422347
1441,0.47174650775992083,0.7513134974955449,0.0,36.8331453611325
17680,0.4622576497321444,0.7716328599450862,0.0,58.447330152347746
10478,0.4423340584654337,0.8156898939853203,0.0,13.009438411663215
8360,0.4757426020172297,0.7428783230744873,0.0,56.161602924744784
9205,0.4484676305331098,0.8019187728122555,0.0,52.36128480241909
17238,0.34632360096232306,1.060381678113363,0.0,95.43435103020266
21245,0.413401804795664,0.8833352660070275,0.0,5.125552889429919
8915,0.5249650409723601,0.6444236072317102,0.0,21.256635112670306
10238,0.5005062996856035,0.6921350935216523,0.0,7.6989651180719765
4439,0.46891278873145614,0.7573384793590638,0.0,46.43242032053331
16323,0.4510194242378072,0.7962448711434822,0.0,7.127187821861994
1477,0.42701075936159516,0.8509460685028274,0.0,23.503132749241274
6371,0.5235225996129966,0.6471750793779534,0.0,59.87987520695594
10958,0.5137529808924207,0.6660127109648356,0.0,10.47071814692107
8277,0.45772703082581434,0.7814822751118062,0.2,56.09870499965628
4151,0.48561177852750304,0.7223457839142422,0.0,58.51723074245935
7191,0.4692329813353859,0.7566558719720694,0.0,43.88604057438003
16466,0.5491613528526395,0.5993629774612675,0.2,3.065741635430354
19550,0.4923821220512139,0.7085001931067456,0.0,7.39656485990494
2982,0.4488316407339058,0.8011074265147142,0.2,56.15762937628855
14875,0.07414853310186348,2.6016849934413036,0.0,38.30980879914702
4261,0.4663631481552132,0.7627906604569138,0.0,45.06185593863984
11406,0.5223022863481431,0.6495087660879618,0.0,9.438661740620724
8883,0.44998029722935834,0.7985514811110753,0.0,48.63577698227576
4597,0.4742469620862276,0.7460270759097705,0.0,50.3568276239095
3911,0.4450077259440642,0.8096636352945545,0.0,60.400905957525104
19347,0.4764196080724037,0.7414562835058367,0.2,21.289805013415428
6884,0.48377066696215193,0.72614431314834,0.0,33.87463331637835
9725,0.45771023699558605,0.7815189654035838,0.0,74.00984661997104
5978,0.5384361421058801,0.6190863741790195,0.2,48.59828037305303
9998,0.531484308351403,0.6320816049635143,0.0,54.272107529539724
13185,0.5362923471995872,0.6230758427210491,0.0,5.653167389591644
11197,0.5058421744515319,0.6815305665467044,0.0,21.764678278692415
3913,0.439365489846705,0.822423661381575,0.2,60.777109831017306
1088,0.4380433030222104,0.825437508145035,0.0,39.70767095146161
11634,0.532429180234599,0.630305385107761,0.0,9.123985669451274
10018,0.27374479518025807,1.2955590110723298,0.0,9.484723091521069
15350,0.493714654672493,0.7057975508025996,0.2,3.0935106345416985
5220,0.46513443115475084,0.76542881591839,0.0,58.60123119786845
17781,0.4995211780641591,0.6941052832654759,0.0,55.49718919443586
19651,0.4771203223439696,0.7399865718024337,0.0,12.345194983745687
9114,0.42429613103974945,0.8573236452699459,0.0,18.303865059201613
8115,0.47258207709462347,0.7495438389970818,0.0,36.36037037166399
11720,0.5044182579069584,0.6843494782686067,0.0,5.99490158626816
20692,0.5618110385234166,0.5765897160119352,0.0,17.34756823720817
4749,0.5648084267135925,0.5712686730957204,0.0,48.02655717281985
6800,0.5201343807436444,0.6536680762855168,0.0,21.56124314201802
12081,0.42789139734190074,0.8488858601271994,0.0,5.990587650923834
7907,0.535007622160023,0.6254742851595382,0.0,50.757236809099496
19985,0.48511218055286104,0.7233751146814081,0.0,5.662942281204856
5383,0.45868359489046195,0.7793946423733515,0.0,41.541735330446016
5876,0.4665881285242477,0.7623083622297302,0.0,32.93171892194384
19188,0.4332686990557719,0.8363971913506265,0.8,23.34384867357398
6336,0.43615863064689214,0.8297492700449007,0.0,53.684778404953526
17962,0.49047376533107484,0.712383486970681,0.0,47.80449356706427
10456,0.41548320708708975,0.8783130816596111,0.0,31.926680853376713
16254,0.47673390054055276,0.740796804257846,0.8,8.754032861060418
2453,0.524000379063876,0.6462628712570131,0.8,19.326491608694475
14032,0.383247032800499,0.9590755034637097,0.0,9.525058551066842
12287,0.47556419334082756,0.7432534043403088,0.0,12.122462627850293
20078,0.4138938549924079,0.8821457269373049,0.0,11.44804529639796
2701,0.539141509138444,0.6177772023852367,0.2,17.211272646355724
14230,0.4550912378199972,0.7872573574518597,0.8,8.42995211544242
13169,0.5772530328401727,0.5494745768156041,0.0,4.314026339186413
14449,0.557191493252555,0.5848463041482411,0.0,3.6143502683979456
19171,0.36890430299607485,0.9972180100504773,0.0,7.892481463131858
16814,0.40533617547103035,0.9030384932958464,0.2,3.651188072484375
3217,0.5165683440319065,0.6605476777203828,0.0,48.53208663072983
15124,0.5316619299201338,0.6317474617121169,0.0,11.280798342808838
19294,0.513212723450909,0.6670648541650727,0.8,15.97120225567462
15359,0.4787253754855454,0.7366281748272447,0.2,3.5705473658696487
20805,0.5004818624476576,0.6921839197493244,0.0,4.148673301390636
11536,0.46071631369767,0.7749727969928655,0.0,6.133134372472291
10724,0.396916215280411,0.9240300652017246,0.0,34.18911241246383
2658,0.4717480115405779,0.751310309812678,0.0,36.83674357298876
15935,0.5074381992198846,0.6783803504175521,0.8,10.763860766469364
14608,0.5863764017482065,0.5337933718043638,0.0,6.97667946111474
12166,0.43290603642275577,0.8372345804809109,0.2,4.1581257802993825
2501,0.513265935518721,0.6669611753064919,0.0,18.708260458496106
8317,0.484522460526762,0.7245914905694507,0.0,51.17064752597022
20886,0.5257281664614645,0.6429709936278656,0.0,20.861193692036927
17082,0.3691252623860653,0.9966192280857522,0.0,10.75950119021558
1004,0.4363130914263726,0.8293951937414827,0.0,64.14127654866358
15126,0.534392483809006,0.6266247215872668,0.0,10.871938560981537
8342,0.4550468037576316,0.7873549999200811,0.0,38.694558827973935
15804,0.4827796856680876,0.7281948667249953,0.0,18.943989013395882
13689,0.44138448821943244,0.81783892800756,0.2,14.318314782507722
3980,0.3951300835398687,0.9285402428793386,0.0,34.355988986535536
6223,0.4953681197807073,0.7024541164790021,0.0,16.525232822203545
11722,0.5234477092695836,0.6473181404426376,0.0,6.710747074307866
10616,0.5803571502999227,0.5441115885749752,0.8,3.7679728546627524
10262,0.47527668857013294,0.7438581422831677,0.0,9.289672675218345
13059,0.4897799992845241,0.7137989697516283,0.2,13.127655057381205
3453,0.44952247069289103,0.7995694359019413,0.0,50.05704416862719
18118,0.5157879397554589,0.6620595674378345,0.8,22.178995509167457
2422,0.4886274569574202,0.7161549265727929,0.0,47.42736165143175
19437,0.4406475907769992,0.8195098368813488,0.0,30.704574283140378
10146,0.5900469405736865,0.5275531849527405,0.2,7.492046523907053
17077,0.46555224315492244,0.7645309583691784,0.0,39.10575968716513
2579,0.46391415599212105,0.7680557525097611,0.0,48.26078250577479
1619,0.509684425794211,0.673963517735285,0.0,20.579474625724863
16903,0.31033267396371406,1.1701104150895698,0.0,7.3348369629079055
3762,0.4338427240024179,0.8350731976510049,0.0,65.17495859611591
6144,0.45290257072945894,0.7920782522835965,0.0,54.673199550952006
2556,0.4703143344538071,0.7543540111126595,0.0,36.710635763797114
7635,0.5061263503186635,0.6809689366784911,0.2,32.805680602638574
7525,0.4126964893047821,0.8850428489116313,0.0,25.42728402026124
13079,0.6241458604317107,0.47137118723630167,0.2,13.099404825780844
1745,0.5395009020093792,0.6171108223495174,0.0,17.40869691054354
13122,0.40797656223375717,0.8965455517335288,0.2,34.206800088937214
19390,0.472663581025753,0.7493713887337426,0.8,53.242839456432414
13024,0.597566718203951,0.5148893391442113,0.0,8.809756907020969
11684,0.36928841527191386,0.9961773270391165,0.0,7.42650237208868
15560,0.5405580423622252,0.615153261244285,0.0,7.090563617527169
12636,0.5224638604345155,0.649199464167799,0.0,10.724125673696435
13195,0.47136709033376034,0.7521181035311204,0.0,5.60403179144228
15023,0.5776365793986659,0.5488103634249396,0.0,7.071421396649896
5466,0.45797890280219766,0.7809321596795794,0.0,54.778486698206464
10430,0.6102378164245055,0.493906534800617,0.0,14.753976350470944
16036,0.5904258275062216,0.5269112608765723,0.0,3.9243824098317264
3769,0.4575482504962088,0.7818729342621791,0.0,35.383657492556765
18587,0.48101098614783844,0.7318651689130135,0.0,17.26872458750332
11021,0.164359206045725,1.805700965559485,0.0,12.84241560834398
20796,0.36316151682116077,1.012907593757595,0.0,13.557767408297604
14850,0.5921388887237483,0.5240140622839408,0.0,8.272347982251702
13213,0.4986472606154225,0.69585632575123,0.0,9.850541745180507
16951,0.5264035923375584,0.6416870746448503,0.0,16.62932112690336
11202,0.5618294518963399,0.5765569415203039,0.0,3.832950548326675
2747,0.403347482576462,0.907956848906688,0.0,61.78646287538402
7100,0.4359661545211097,0.8301906658914144,0.0,13.401772378517009
5829,0.4553986828625594,0.7865820176215916,0.0,39.080149400831985
10180,0.49522432907856606,0.7027444290153367,0.0,11.156067140429158
1759,0.5221638241820027,0.6497739009076666,0.2,20.12349850429147
13611,0.5755998145914137,0.5523426260825729,0.0,7.262200190343458
13836,0.49138938526893483,0.7105184201276818,0.0,17.265597744623303
9207,0.4794692522544771,0.7350755113143448,0.0,29.035482696916617
955,0.4362685801372439,0.8294972157999739,0.0,62.461139716881874
3260,0.4248925814249598,0.8559188915926105,0.0,58.42074159480217
14394,0.5284154196069069,0.6378725250661278,0.2,7.483839753165478
17200,0.5858231904345925,0.5347372577404714,0.0,7.215477056769963
10576,0.4208900792300567,0.8653835738562732,0.0,14.549693789560823
7271,0.4362381217748942,0.8295670338593547,0.0,59.828373595863475
9659,0.4909362386051344,0.7114410198948673,0.0,37.06607605094974
8786,0.5497592450389317,0.5982748328829708,0.2,18.09751529217386
13606,0.5811145572524392,0.5428073690146481,0.0,7.327899999359196
12223,0.5730153844509391,0.5568427136733056,0.0,9.190689318426799
6364,0.4481493142122452,0.8026288114438105,0.2,53.464709995986496
5927,0.4860045999118521,0.7215371902872328,0.0,43.12266698467917
18875,0.5113227425752717,0.670754297980688,0.0,18.325007855815574
21004,0.45140013405458995,0.7954011176235798,0.0,6.975031549541364
11944,0.47465435956666485,0.7451684038936762,0.0,4.884206380071081
12548,0.42922986231367677,0.8457626939598328,0.0,8.428067114989608
14957,0.4313722188785028,0.8407839446934099,0.0,5.834620463238169
7035,0.4312898753364084,0.840974850362957,0.0,73.92168902609748
6983,0.5015787979184169,0.6899945594594591,0.0,48.989613721621595
17302,0.5130015317177804,0.6674764480111849,0.0,2.1664950671765624
12581,0.383247032800499,0.9590755034637097,0.0,9.525058551066842
7934,0.43589131269775444,0.8303623495125408,0.2,23.25845118369162
18403,0.5054445107513109,0.6823170175630898,0.8,6.748797805517654
758,0.4246349502497823,0.8565254197473074,0.0,28.449498482372576
18906,0.48186017888656185,0.7301012923120048,0.0,16.870085271287415
20480,0.5237477419414698,0.6467451190840193,0.2,14.333163903134945
3757,0.38584654959167203,0.9523155284751958,0.0,64.20511118605592
18191,0.4338799617864965,0.8349873688840236,0.8,43.60930357284411
6465,0.5395354282408316,0.6170468277823351,0.0,26.71812776066745
7802,0.41094419375676644,0.8892978553187673,0.0,44.72723400490439
18725,0.5218383813541243,0.6503973533040199,0.0,13.203065775857805
10994,0.4880414429799221,0.7173549525956558,0.0,5.301611655384302
18505,0.47036529095347457,0.7542456713584201,0.0,10.134422377526935
8428,0.455937383179594,0.7853997964852839,0.0,54.6481222736185
19316,0.5284233018804253,0.6378576083652948,0.0,22.00800001027082
1993,0.5111384181667751,0.6711148484202951,0.0,18.978120974802916
13864,0.5167400916191403,0.6602152550227842,0.0,11.227621284251533
20481,0.4431318573384697,0.8138879068626579,0.0,6.259937294400911
19947,0.5257930057173352,0.6428476689480237,0.0,8.710586190126012
4914,0.49748671901272795,0.6981864181916226,0.0,15.63832879681596
18385,0.49673008454987566,0.6997084898488622,0.0,10.884315435197387
1664,0.44777791572870906,0.8034578932986723,0.0,58.8713677511393
5762,0.45740750044086004,0.7821805995373902,0.2,65.8596040940225
7796,0.41038087918843547,0.8906695768824099,0.0,44.667080639706775
433,0.4327180915886961,0.8376688216970026,0.0,62.033564846407764
4509,0.49521065907826817,0.7027720330488416,0.0,22.509788701109656
21171,0.43966890044241586,0.8217333343338236,0.2,11.393333276124604
17151,0.4638046974400814,0.7682917260531307,0.0,8.158221088962613
3749,0.4780672567527441,0.7380038518849826,0.0,58.50156286149265
3085,0.48308471804667547,0.7275632410277323,0.0,36.27266782381908
17868,0.5323433564583833,0.6304665909492793,0.0,20.720285569765302
11177,0.3561458146507482,1.0324150402743104,0.0,39.417608521916655
10191,0.4494656324075441,0.7996958853738011,0.0,75.21140045988416
2803,0.4102565228591893,0.8909726494206289,0.0,54.358239845684565
4655,0.5204909846486656,0.6529827116368363,0.0,47.61876623886138
5292,0.45345779391827606,0.7908530811928811,0.0,43.92002272650696
14434,0.48110852215267585,0.731662416543209,0.0,6.22278893643211
7386,0.5070758942327319,0.6790945938270685,0.8,21.690281689512208
4760,0.4359985161807502,0.830116438894054,0.0,23.907355973463083
3584,0.4809234867323744,0.7320470927720127,0.0,23.886696022792407
10293,0.620105215664812,0.4778661126556909,0.0,14.105173686320947
4889,0.45047209005642563,0.7974591571128035,0.0,56.145107941000774
14191,0.5688287159776816,0.5641759165746106,0.2,18.060680883696627
8316,0.4884215158356613,0.7165764839983537,0.0,50.64045607855057
3048,0.4800634102595636,0.7338370790978347,0.0,36.55609028812047
8853,0.4496692631231912,0.7992429372786027,0.0,13.469640590840234
7109,0.42886237075261013,0.8466192256224511,0.0,64.85949939167133
10546,0.4028868678292206,0.9090994814356168,0.0,12.186478305888691
17014,0.4300325528663274,0.8438943688196616,0.8,42.646201799533536
15640,0.6064948507048158,0.5000590408157463,0.0,8.556010493569234
11587,0.47665645543788454,0.7409592667840357,0.0,2.0853556848978343
15476,0.5917272912069416,0.5247094069780767,0.0,5.762148972990369
886,0.43494219971290016,0.8325421309452327,0.0,50.06075604709159
4551,0.38326225256170543,0.9590357915867656,0.0,43.156610621404454
12758,0.43371517325526066,0.8353672431515518,0.0,5.3559569607626
4635,0.4752214342268271,0.7439744062547482,0.0,39.162812291164016
9074,0.5250415980384981,0.6442777851703453,0.0,20.059588988742185
18467,0.5360602379768055,0.623508739940891,0.0,7.305340327526233
16258,0.4715232672251373,0.7517868308830268,0.0,7.541173445349956
2799,0.4759520860000652,0.7424380894809696,0.0,36.97341912189353
14336,0.4613421620397105,0.7736152942864343,0.2,8.097045249363745
17697,0.4252817987456454,0.855003273910037,0.0,42.51076219172288
9547,0.4739909536097241,0.746567042680738,0.0,44.842548393364716
15592,0.498789714222506,0.6955706864343695,0.0,11.647678990714741
6328,0.4553073565944636,0.7867825790858737,0.0,40.07870649949031
15045,0.5560227466615749,0.5869460743065721,0.0,8.751365878350127
18524,0.48735200163817693,0.7187686210191367,0.0,23.687021221790303
17083,0.46551537372236707,0.7646101565539425,0.0,7.3488213910123985
2933,0.5116854880983109,0.670045123748525,0.0,16.528340339363723
6893,0.4528404851010083,0.7922153455312857,0.0,70.27742559884726
949,0.43589131269775444,0.8303623495125408,0.0,23.25845118369162
9941,0.4807027504472744,0.7325061823443278,0.0,51.28056028502505
20650,0.4367862091940976,0.8283114274076943,0.8,58.11847206240263
4064,0.4748625004992407,0.7447299894859631,0.0,48.22126966013556
10582,0.563711185011992,0.5732132419555865,0.0,9.807678919721683
3001,0.4036546093859,0.9071956939423456,0.8,78.97592487368198
4317,0.4830073424700012,0.7277234236438659,0.0,45.2134543122413
13373,0.5935745413889812,0.5215924765443557,0.0,6.613270958373233
19434,0.49099220490352913,0.7113270272738667,0.0,18.430839993016463
1476,0.5943779590464809,0.5202398672780822,0.0,16.92860575752262
5987,0.4886843590597328,0.7160384804162147,0.0,17.4774257299779
11047,0.3866866609694861,0.9501405754828781,0.0,12.505227590926058
20884,0.5126185814278506,0.6682232163376206,0.0,21.483711352957393
6920,0.4771760996723772,0.7398696745214961,0.0,32.090001296618794
11242,0.45905976798234066,0.7785748639294781,0.2,47.960212657565435
17220,0.5148179777908068,0.6639418819763564,0.0,21.518356293544215
8568,0.4365313570184597,0.8288950688978741,0.8,64.59164444948634
18834,0.4256727551784893,0.8540844082466512,0.0,12.35988203826269
14894,0.5386038172681262,0.6187750112399911,0.0,3.9742062940785603
13022,0.6052799749600141,0.5020641594666791,0.0,8.590318074910524
621,0.5078898565853694,0.6774906726573563,0.0,50.151248077229525
849,0.5008204936927513,0.691507538123081,0.0,63.456186175909906
235,0.4573516896918005,0.7823026223598571,0.8,51.86548747202528
17095,0.48164551567805247,0.7305468801549664,0.0,20.141177262927208
3192,0.45771023699558605,0.7815189654035838,0.0,74.00984661997104
18484,0.4829842723665514,0.7277711882478228,0.0,32.11326875525436
14545,0.5057370441034879,0.6817384204576867,0.0,12.18764276804946
16364,0.40960548095184723,0.8925608241162711,0.0,13.12242914933376
2811,0.4826153603336543,0.7285352980058495,0.0,52.63667806006424
14722,0.5528093756246076,0.5927420464253809,0.0,16.919822325717995
18876,0.4044752990000357,0.9051646098610557,0.0,25.258620786164457
20497,0.5196923208575108,0.6545183331832953,0.0,10.891184352585086
9381,0.4751730630624851,0.7440761980149525,0.0,17.377899264028162
14072,0.39420240557139885,0.930890781868644,0.0,35.541412111363414
20265,0.45835233886023796,0.7801170918051353,0.2,75.24229112387687
5575,0.48292744427975204,0.7278888554960518,0.0,68.13039576376019
4971,0.49830636013032736,0.6965402101191441,0.0,50.83350421564434
3498,0.44277451316184624,0.8146946381559481,0.0,72.82555631532345
4512,0.49521065907826817,0.7027720330488416,0.0,22.509788701109656
12996,0.46151255791150686,0.7732460143335903,0.8,12.383534447600535
12168,0.5602933351139353,0.5792948196914713,0.8,7.407153198725991
14076,0.4965199402524121,0.7001316346670886,0.0,7.18562557751214
11213,0.48037083447999473,0.7331969015268783,0.0,5.622520400201927
13808,0.5566290268972183,0.585856280877837,0.0,3.5168954060804323
17977,0.4937237883616245,0.7057790510384955,0.2,47.428350075920164
18468,0.44755136772660165,0.8039639596390206,0.0,23.22772665364333
6372,0.49367712078269466,0.7058735771393576,0.0,21.638553645544924
1946,0.45919687181540875,0.7782762462486582,0.0,24.017605434255717
2277,0.45500610077090226,0.7874444518333796,0.0,41.191217352932284
19327,0.5197850376801277,0.6543399419521612,0.0,11.78220882938698
4755,0.4362488239778225,0.8295425012219761,0.0,62.30693777309519
13680,0.5665718712543995,0.5681513376214545,0.2,7.758390824960911
21168,0.47686286859434596,0.740526316649763,0.2,56.461429634435596
11005,0.40229695264870774,0.9105647748780821,0.0,7.022275880792078
9971,0.4873319369719616,0.7188097926552403,0.8,31.44325598952383
12096,0.5925011678383336,0.523402434939631,0.0,7.050361217975249
12633,0.5346548661697903,0.6261338502221059,0.0,10.353623809518556
8747,0.43394838883539366,0.8348296716873604,0.0,61.90262142946676
3043,0.4792951357992113,0.7354387214196626,0.0,40.140243956237626
6732,0.4555763476290027,0.7861919635306471,0.0,46.38925764786945
12468,0.5366705945721301,0.6223707906200192,0.2,8.673359405744037
4674,0.47702387680389063,0.7401887331539224,0.0,70.31792964962263
5150,0.49245383963161843,0.7083545493989168,0.0,24.870328661741276
9815,0.5503423804153398,0.5972146845884285,0.2,18.936184315422476
3938,0.4661965891462551,0.7631478686958435,0.0,51.592611313841125
16576,0.5215466852614098,0.650956487433206,0.0,9.1459384621964
468,0.43605375963938786,0.8299897413089588,0.0,25.327136449457342
2086,0.4713318932033998,0.7521927766367279,0.2,61.100616032487146
6197,0.45882803958799795,0.7790797805377053,0.0,17.957788347003405
2473,0.4698239856725807,0.7553971529891117,0.0,56.53769795597428
15058,0.4600288890515352,0.7764659891850313,0.0,8.632361056847119
9389,0.3853598134765646,0.9535778006841507,0.8,28.857172848435184
4284,0.43524965114429337,0.8318355018406656,0.8,49.028386509337224
12353,0.5806980520627216,0.543524361073817,0.2,4.797417869430257
20000,0.5316903248372273,0.6316940552948677,0.0,9.759673184427225
295,0.455046010803388,0.7873567424989277,0.2,48.449997029530415
6432,0.4612707817782888,0.7737700292964782,0.0,63.035178506403945
5199,0.4282619357357518,0.8480202712129931,0.0,18.66068373888467
5866,0.4439345738981968,0.8120780834930292,0.0,53.61096364579465
6431,0.4640909658501953,0.7676746988796632,0.0,62.757406633412465
8727,0.47831366977166795,0.7374885487927889,0.0,43.71463485501079
7324,0.4096267509416784,0.8925088974732317,0.0,51.89939374992893
15464,0.4825532754935652,0.7286639487677374,0.0,5.657346506304549
1491,0.4126964893047821,0.8850428489116313,0.0,25.42728402026124
10701,0.3599738133864711,1.0217239907708424,0.0,15.841829619437014
19249,0.4495781304835011,0.7994456237487555,0.0,31.09443790166501
9028,0.48377066696215193,0.72614431314834,0.0,33.87463331637835
19473,0.4467832885881655,0.8056816149302564,0.0,23.277351527220866
5205,0.5409727977653928,0.614386282794645,0.0,49.4196977941431
2751,0.5206382225089635,0.6526998690073774,0.0,20.482048757275304
4617,0.4767679649754096,0.7407253530397556,0.0,61.37465523446888
8615,0.5082320306744709,0.6768171823874871,0.0,21.681838334509045
13076,0.3528845504528839,1.041614328083592,0.0,2.476073483588623
10166,0.42037377475691295,0.8666110235690364,0.0,7.9427928972552
11818,0.5138137234163214,0.665894485016648,0.0,11.57983800813065
2389,0.41251461999945516,0.8854836314125476,0.0,67.78686879933267
17264,0.40026630660623364,0.9156251868827808,0.0,14.42338624536761
17251,0.4265324766288263,0.8520667681057544,0.0,66.67422460427528
8073,0.4769855992410835,0.7402689788197964,0.2,53.38634830594882
2855,0.4674875726420991,0.7603825131904637,0.0,61.12334704653862
19629,0.4956361814431595,0.7019131265586577,0.0,7.898277831463347
2298,0.42923785014263666,0.8457440844563088,0.0,55.58652866038783
11703,0.6352079182177587,0.453802903418849,0.0,5.8772011745351405
7848,0.46621222156377856,0.7631143374435745,0.0,58.87846712149603
14783,0.43892699766155524,0.8234221720777691,0.8,31.138942761101717
10534,0.41858240739330044,0.870881497103048,0.0,11.883178011360343
17669,0.37045620128914974,0.9930200563779517,0.0,7.360810791630275
19130,0.510068842866047,0.6732095763617005,0.0,10.145941913128889
1061,0.42758796488675865,0.849595245955225,0.0,68.97014232592106
12854,0.45032410108690757,0.7977877308174982,0.0,8.700074709320578
9666,0.5376752749209193,0.6205004792609166,0.8,17.315065116329002
5888,0.47036341602159565,0.754249657485058,0.0,68.35765014073047
6915,0.45462296166708926,0.7882868592328178,0.0,46.05960142553961
8678,0.47649790000783687,0.7412919630165069,0.0,52.307415554254476
9519,0.44794372075630756,0.8030876777702345,0.0,23.038578521917692
3190,0.45771023699558605,0.7815189654035838,0.0,74.00984661997104
12369,0.4765724681866649,0.7411354831143535,0.0,12.045675552708635
18077,0.46551537372236707,0.7646101565539425,0.0,7.3488213910123985
17307,0.5160004232325709,0.6616476932827501,0.2,5.923731843392202
20910,0.44268374545778233,0.8148996567516826,0.2,13.876518481702096
5882,0.4632648265366658,0.7694564088530291,0.0,58.6518165259681
7876,0.4922498845691798,0.7087687959592632,0.8,67.33303561613
6784,0.48714221502170413,0.7191991758980208,0.0,35.8556773286997
8981,0.49857481173622686,0.6960016271466399,0.0,46.10662439188371
9225,0.460369111323378,0.7757266953421501,0.0,57.05469785058264
1366,0.5499644564500594,0.5979016274801379,0.0,46.651275396463234
15807,0.41909068686258893,0.869667946052757,0.0,10.524287093705109
13050,0.48947755923999403,0.7144166623116978,0.0,15.771818720598842
12856,0.47331180081817914,0.7480009093188966,0.0,3.2799842477358396
902,0.42509245295827586,0.8554485973429122,0.0,61.41052140299819
14985,0.530509867011885,0.6339167216441679,0.0,19.061240848783118
16402,0.47540317823783174,0.7435920386811846,0.2,45.805270575563455
16147,0.47515464185211603,0.7441149661373089,0.2,10.805293709975768
13280,0.42897730275491625,0.8463512687849598,0.0,5.823827765194796
10692,0.46524265533368847,0.7651961700783377,0.8,60.60353433501096
11665,0.4322759325748635,0.8386911618288236,0.0,5.013695703025327
84,0.4777366676148424,0.7386956028658194,0.2,26.41944496773192
11723,0.5553023320494537,0.5882425711225517,0.0,5.768306789309749
5258,0.5106006416747961,0.6721675174681477,0.0,16.525238442595565
4741,0.48257357794211597,0.7286218766847122,0.0,39.28364914852951
14674,0.5614998437698282,0.5771437830408493,0.0,15.98976736429975
13319,0.5610350656836955,0.5779718697378025,0.2,4.683884085270057
5454,0.49818846016205565,0.69677683948524,0.0,48.90154245092761
19873,0.47049562503262343,0.7539686185490877,0.2,28.94259270447889
10686,0.4993127785311435,0.6945225689107297,0.2,21.821897843466324
11115,0.5351401179034212,0.6252266637534183,0.0,2.5519875785173194
15738,0.518723847332853,0.6563836234881391,0.2,1.8432399629220275
6686,0.4424775391029988,0.8153655749117072,0.0,58.02141418630217
14666,0.5017374535915716,0.6896782969166398,0.8,9.365831219509692
15848,0.4075122563980055,0.8976842697032049,0.0,15.319431137478816
11737,0.543757193186458,0.6092524678180853,0.0,5.977985526824349
11433,0.4715645823340054,0.7516992142120797,0.0,8.598686871209972
8137,0.4813693644691324,0.7311203940687849,0.0,33.834426937081275
17159,0.4462480816903649,0.8068802446306037,0.0,39.35155066949598
6274,0.49444643554330187,0.7043164542246693,0.0,22.559256512431883
2976,0.4373313926368904,0.8270640357241443,0.0,42.755078229358645
17692,0.5310210997657198,0.6329535226243381,0.0,13.095839506338624
4791,0.43680551822272407,0.828267221337459,0.0,35.61962957871355
11259,0.4817205807029497,0.7303910411124027,0.0,17.939499957498064
5555,0.538206360571322,0.6195132225292853,0.0,48.065242389210184
11554,0.381141663593165,0.9645841525090301,0.0,7.9004267513377755
20445,0.48137941781429255,0.731099509399086,0.0,10.23685592185774
10756,0.5073602427734518,0.6785339896888798,0.0,5.460502372615322
19373,0.4294414974904197,0.845269757567785,0.0,9.882893729792217
12622,0.5199388080153765,0.6540441512246395,0.0,4.481837677253315
15702,0.49211680347006964,0.7090391852390672,0.0,1.548952811486622
6955,0.4570284544443389,0.7830096264718749,0.0,54.25552031460937
17801,0.501117248110376,0.6909151771131683,0.0,15.409480847251537
9739,0.4659882231411699,0.7635949174050886,0.2,56.50602388797656
1093,0.4772013437156345,0.7398167729290746,0.0,33.99828397677761
2029,0.48172238520627464,0.730387295165027,0.0,37.35857848988584
3355,0.4747315265191249,0.7450058420655282,0.0,56.9426639118649
985,0.4682089376699222,0.7588406346800985,0.0,63.43528378240197
14993,0.5750269606492481,0.5533383511983497,0.0,7.443784359469447
9053,0.45000819896756317,0.7984894764558343,0.0,18.103752380805297
5422,0.4625643635749384,0.7709695672257827,0.0,62.46858090693624
2068,0.46378063257502344,0.7683436131718347,0.2,70.54162524946724
9095,0.5466013560426092,0.6040355246229534,0.2,16.322549987165885
1290,0.4372530200636531,0.8272432581578146,0.0,66.8164414957712
21141,0.4600534445560858,0.7764126124302355,0.2,10.774665888316088
4421,0.46525991422792984,0.7651590742232419,0.0,41.356847377996175
7104,0.4362421504041243,0.8295577989703639,0.0,61.29602209508643
13957,0.5339040950236924,0.627539053485384,0.0,10.204412946108498
14782,0.36790185046536333,0.9999390870787755,0.8,35.19485416738047
12241,0.3285317151525993,1.1131219003520765,0.0,11.667186567976163
4703,0.49309280812923695,0.7070578708731483,0.0,61.53171229162043
8978,0.49062339577013303,0.7120784602186916,0.0,47.17163412024162
6142,0.4709880645721949,0.7529225258978492,0.0,38.775510083739235
8417,0.4818856353262276,0.730048464192191,0.0,60.44801506304453
14827,0.5861947898438066,0.534103138762915,0.8,7.4750407800977605
20802,0.5037467646183964,0.6856815883356233,0.0,5.19746671422913
1641,0.5399900748466979,0.616204519506252,0.0,15.425139211426185
16654,0.45452230019140655,0.7885083012406402,0.2,5.421428087565795
3255,0.46102420088239743,0.7743047408722804,0.8,72.20778648335302
7773,0.40288838584774944,0.9090957135896277,0.0,38.877477636792435
10937,0.570972927808934,0.5604134823433915,0.0,5.136189277073134
2608,0.4198292295129597,0.8679072467851665,0.0,62.12480231406785
18936,0.5493840799676938,0.5989574828655013,0.2,28.292355697192285
15287,0.5028059443818519,0.6875509797785482,0.0,5.43821881879787
4248,0.46880917156125673,0.7575594770001745,0.0,45.99522087179992
214,0.45330579149693917,0.7911883448166206,0.8,42.80724503412597
7774,0.40283479719753723,0.9092287335930703,0.0,38.88316623715848
14405,0.5120846333301121,0.6692653681302065,0.0,7.4489236238805425
4687,0.47625667726091064,0.7417983321441621,0.0,27.123854996146306
8570,0.43615863064689214,0.8297492700449007,0.0,53.684778404953526
18212,0.5085469372279287,0.6761977624870616,0.2,23.69397086149662
14891,0.42766739362530537,0.8494095032107112,0.8,11.306914258523928
11024,0.3242276308885865,1.126309445401746,0.0,16.793555618831334
19304,0.5548724005735702,0.5890171005452498,0.0,21.019076041849132
12479,0.5942667563841059,0.5204269756061738,0.0,4.758263903481202
4485,0.4479765621547621,0.8030143645545484,0.0,62.064980971602665
13591,0.5800527135731529,0.5446362941005529,0.0,7.130378366519683
14677,0.5695429777358049,0.562921033207783,0.0,7.253237641724683
18797,0.4724849723391148,0.7497493371274178,0.2,10.82105752929781
10303,0.5343716070483714,0.6266637886944345,0.0,21.547835712956406
20985,0.6412448106263505,0.4443439751203895,0.0,2.780482500592536
18464,0.5348634811143953,0.6257437401360463,0.0,7.331526707943683
4511,0.49290327842983206,0.7074423139846837,0.0,21.686643271623435
20845,0.5334637074978431,0.6283642377373322,0.0,26.869798176579586
20043,0.47695578765740787,0.7403314807388761,0.0,5.248579995984436
8592,0.3521208826477303,1.043780745725158,0.0,38.619887591830846
17431,0.45701657380362604,0.7830356222168249,0.0,74.15347402134208
10128,0.5428888572631924,0.6108506627551277,0.0,45.66261332872696
13299,0.5819530059587489,0.5413655802861604,0.0,7.225606724307275
15194,0.471567073082583,0.7516939323438203,0.0,13.305735173868309
2326,0.4062606607770136,0.9007603037698538,0.0,34.39733568552455
2675,0.45871795522202025,0.7793197344302155,0.8,55.47197596170339
7346,0.47817274723806197,0.7377832158829213,0.0,31.875922378723416
12613,0.5401750383153866,0.6158620469189732,0.0,11.655497117279825
9153,0.48004070785450537,0.7338843706459786,0.0,47.761196185422705
15291,0.4924156100210326,0.7084321832632194,0.0,11.267471806778303
12435,0.642697866787579,0.4420805457521833,0.0,6.5910230892953665
5173,0.44560914764203496,0.8083130617601285,0.0,54.28024608665544
5834,0.45391412760427075,0.789847245077296,0.0,46.00070186600597
1691,0.451964553584213,0.7941515234988797,0.0,60.633470636808056
15477,0.5908213829444317,0.5262415357767025,0.2,6.8958693839282805
16112,0.5601903977874216,0.5794785569895341,0.0,7.513780135825934
16451,0.5041899908892379,0.6848021158945438,0.0,9.140053924438483
19750,0.4613073304368822,0.7736907977211164,0.2,24.294665494798195
20933,0.5126185814278506,0.6682232163376206,0.0,21.483711352957393
11992,0.662577182650218,0.4116182257940673,0.0,7.065571092078988
3878,0.4507652681719891,0.7968085446559884,0.2,64.91200517240006
9393,0.5199178193485707,0.6540845196105426,0.0,19.99863593368644
1729,0.5462505232395389,0.6046775746972097,0.2,16.33989978532197
15112,0.5553180893502452,0.5882141954498395,0.0,20.739843653183605
4067,0.4561229023810738,0.784992983016974,0.0,55.361631325076324
17876,0.46201530331262003,0.7721572643956974,0.2,25.728278341247837
18643,0.4547462010797505,0.7880158154841087,0.0,29.780694305995873
11671,0.5627399748318297,0.5749376139575674,0.2,4.829475874998081
12399,0.5518414946615247,0.5944944212920469,0.0,4.555908181264716
10471,0.4702731117189395,0.7544416642810317,0.0,24.907514072145066
17519,0.45802099050462824,0.7808402651220194,0.0,5.848103015208569
8682,0.547498469199856,0.6023956132773881,0.0,15.924330013230689
57,0.4644957095648965,0.7668029574449678,0.8,61.46309011796263
19739,0.5141584393952013,0.6652238131749937,0.0,15.621116657617176
16961,0.33679884646913266,1.0882694215927147,0.0,8.186506246518082
15480,0.5527106220882883,0.5929207017853677,0.0,10.083210044895152
16508,0.41943863840307805,0.868838036948863,0.0,13.849277737238797
5658,0.508633863110224,0.6760268471837488,0.0,43.96540590344161
6883,0.43589131269775444,0.8303623495125408,0.0,23.25845118369162
15931,0.4233675273651489,0.8595146181560961,0.8,6.329122060621515
15716,0.42936904365934764,0.8454384882197097,0.2,2.0050801175774136
20258,0.5273477177030548,0.6398951421288301,0.0,14.18135472895752
7791,0.3927477941616534,0.9345876182551679,0.0,34.579741875441215
5551,0.5050768180423231,0.6830447463397876,0.0,50.61190929049252
19243,0.46372228571440316,0.7684694281090101,0.0,16.933608487640086
19743,0.4689627892621201,0.7572318542759835,0.0,22.468204397982227
2879,0.4709487849974162,0.7530059276138334,0.0,55.466416513135385
21223,0.41270211606434853,0.8850292148697758,0.0,5.0620131694493
11540,0.4268058497462467,0.8514260535888439,0.8,6.957001881130797
8456,0.44998029722935834,0.7985514811110753,0.0,48.63577698227576
5246,0.5315110809159357,0.6320312330337606,0.0,50.929075504136364
5444,0.4569553717526969,0.7831695476645766,0.0,54.684815756967375
13750,0.4150162494753637,0.8794376041556677,0.0,22.510084667714146
11833,0.4646109869699177,0.7665548106905796,0.8,10.501801125774032
17702,0.5348410785632938,0.625785625628451,0.0,9.512879851398136
3993,0.46686367926120886,0.7617179712900656,0.0,54.969378095521215
3955,0.47316855803996766,0.748303594478635,0.0,53.15200340236092
21156,0.5111451796002353,0.6711016203229744,0.0,7.551571341091202
10428,0.4547462010797505,0.7880158154841087,0.0,29.780694305995873
21042,0.5537272718456285,0.5910830025362223,0.0,27.566336347785423
5591,0.40974596914097694,0.8922178987684474,0.0,51.88247217480169
20678,0.4983796290172151,0.6963931851026043,0.8,29.948389669165667
1778,0.46470193920815583,0.7663590698675125,0.0,45.215185122183236
11367,0.5167400916191403,0.6602152550227842,0.2,11.227621284251533
9335,0.36718601701522485,1.0018867009847616,0.0,83.44213756053455
20059,0.48690659849042145,0.7196829638409036,0.0,4.907842174312921
17724,0.5495877060646578,0.5985869072021726,0.0,15.530635682875975
10009,0.5759936692417141,0.551658609246448,0.0,48.61905221105974
7262,0.43592323996434074,0.8302891062602847,0.0,13.151782737156552
20658,0.33761998000934984,1.0858343355193996,0.8,33.3659510102266
4506,0.41427805969200965,0.8812178888390735,0.0,61.729312440861214
14552,0.5385913088190395,0.6187982353500607,0.0,9.387168982404988
1082,0.5145849604478843,0.664394605274973,0.0,51.25139691093285
17170,0.6245003005112781,0.470803468213613,0.0,7.939393668405653
18964,0.39906074747114184,0.9186416243799148,0.8,27.423749056758012
20207,0.5683971636276471,0.564934872870785,0.0,9.890314802108389
4024,0.5672965976008392,0.5668730121982914,0.0,38.8279685274852
19639,0.5252479770853123,0.6438847906013073,0.2,21.566920373447637
6229,0.5676228667824388,0.5662980477169745,0.2,39.81075448270779
18938,0.5651586751223584,0.5706487463395985,0.0,16.08202251655731
7292,0.45977731099105873,0.7770130132575767,0.0,36.77602734023442
5235,0.616889480330707,0.48306539538283066,0.0,42.81166882305513
15458,0.46888851619188254,0.7573902441400502,0.0,10.198259933490261
15897,0.5898761897985247,0.5278426119026127,0.0,5.696925891440518
18957,0.4610586858501305,0.7742299428942562,0.2,10.007850835910206
13916,0.471567073082583,0.7516939323438203,0.0,13.305735173868309
19037,0.43208201769959714,0.8391398529722512,0.0,64.04315012169255
4740,0.5361102445092923,0.6234154590059277,0.0,42.11171615836341
9907,0.4646917569207607,0.7663809815448521,0.0,57.48623613933432
6960,0.4564844057380918,0.7842007400167044,0.0,42.76050896240881
201,0.4414707194932838,0.8176435816509383,0.0,67.87259545951952
11584,0.4860129275886711,0.7215200554587269,0.0,11.657238332885647
7578,0.47562220661106014,0.7431314234745028,0.2,48.623089264722424
3165,0.4147255579824329,0.8801382835771722,0.0,68.72559706733283
2794,0.47473351679702636,0.7450016496459854,0.0,42.576842572094606
3992,0.46871436471919264,0.7577617265197191,0.0,64.63328507599627
4396,0.41679046002956194,0.8751716774096259,0.0,64.8064653829948
14380,0.5290467056222964,0.6366785606198894,0.0,6.846713547684232
19830,0.434221639938629,0.8342001841372216,0.0,23.27835830225956
14207,0.4850402853688807,0.723523328877913,0.0,7.442522188438305
13093,0.4959035601793607,0.7013738062844251,0.0,5.047085310704285
3380,0.41315467864932787,0.8839332315632826,0.0,64.2752016960639
13324,0.495418723601515,0.7023519677248281,0.0,11.350358339432434
20186,0.5318541891100255,0.6313859078277032,0.2,14.856510242587628
906,0.42923785014263666,0.8457440844563088,0.0,55.58652866038783
15554,0.6069599134290287,0.49929253058276696,0.0,4.5021208473066014
14236,0.4648154750637385,0.7661147799716933,0.0,9.544640185513448
8006,0.4359661545211097,0.8301906658914144,0.0,13.401772378517009
18796,0.45546268460903644,0.7864414874621888,0.0,28.123146271631946
13708,0.41436251906795624,0.8810140383919581,0.0,11.143065769312003
19748,0.5126995829106938,0.6680652137081362,0.2,15.935693182723181
9813,0.5508189129027874,0.5963491755661137,0.2,18.908741188526648
218,0.47205484072618203,0.7506601121666829,0.0,44.45408989530303
16801,0.46785936628610514,0.7595875276121429,0.0,2.132921617804892
1777,0.46652448194377416,0.7624447800208054,0.0,44.98424202122752
14590,0.3529807702421754,1.0413416987673003,0.8,39.966693524760245
671,0.539017295554455,0.6180076203607668,0.0,17.984021988249513
824,0.5301368313030556,0.634620133486779,0.2,49.60793632643239
4432,0.4554403619683884,0.7864904995732722,0.0,40.97615382767822
5308,0.5009493031843577,0.6912503742662391,0.0,49.45896638827814
19470,0.44884979452558577,0.8010669805592352,0.8,27.680869757690616
17376,0.6009629599904821,0.5092219769776523,0.0,8.102485475024748
13952,0.5313788241088887,0.6322800956997889,0.0,10.463603168666207
244,0.43011564423998316,0.8437011663594489,0.0,43.12156390912123
8121,0.510147725626478,0.6730549371154378,0.0,20.63418127246639
4780,0.5121166416199044,0.6692028642248012,0.0,38.14790998992057
9792,0.48924333869718245,0.714895288133986,0.0,48.05525668682324
17504,0.267196564611094,1.319770694396707,0.0,9.966907715182531
13732,0.4908921689099587,0.7115307905612445,0.0,13.648937951375556
20083,0.5853471896113033,0.5355501212787045,0.0,16.353024403747963
5086,0.4362580828152942,0.8295212776937725,0.0,62.462951577466555
6847,0.5116854880983109,0.670045123748525,0.0,16.528340339363723
3258,0.42816766787005994,0.84824041275335,0.0,44.32056156636253
9983,0.5184653943929105,0.6568819953086218,0.0,18.809817338913717
995,0.403347482576462,0.907956848906688,0.0,61.78646287538402
19001,0.45781433064275073,0.7812915686710596,0.0,3.841923254857535
15151,0.5135128809750832,0.666480165263907,0.0,8.363326394492857
16472,0.6324546226664587,0.4581468037739291,0.0,5.745389521724137
14329,0.44013600227456007,0.820671503751636,0.0,29.1580466334983
4116,0.4873557935260912,0.7187608404557041,0.2,40.4590511091518
18499,0.5601769888140303,0.5795024937330564,0.0,7.354466415452034
17695,0.46978578531366105,0.7554784641038325,0.0,25.459623375722664
11788,0.380673054789565,0.9658143961664329,0.0,13.671585392032924
17288,0.4712550972592263,0.7523557238132124,0.0,11.924837612562435
14187,0.5614998437698282,0.5771437830408493,0.0,15.98976736429975
9513,0.43666631737111034,0.8285859513688573,0.0,56.700136905035265
3378,0.4967974180124942,0.6995729456137042,0.2,48.97325521058252
215,0.4509195185001207,0.7964664066230166,0.0,55.41813403120303
19356,0.4866503978871014,0.7202092825057328,0.0,19.277482100864862
6349,0.4485472860612034,0.8017411714662145,0.0,60.71265028668103
13447,0.5796207734663399,0.5453812281386506,0.0,15.658167101369873
16741,0.4944836265609121,0.7042412395678337,0.0,27.493929221440922
3511,0.4389622514617287,0.8233418571628124,0.0,68.37030857259191
10584,0.5060140174716022,0.6811909075653312,0.2,11.355044185944159
12283,0.43278266640166413,0.8375196021556176,0.8,14.650311896297842
2496,0.4910398629689809,0.7112299671735943,0.0,50.99874067222953
18734,0.556578784563631,0.5859465467439299,0.0,13.066608104150069
11366,0.5167400916191403,0.6602152550227842,0.0,11.227621284251533
7024,0.4448510590907952,0.8100157515123689,0.0,61.609799172418136
9237,0.3699019823296091,0.9945172210620922,0.0,13.073426548684656
20533,0.44505063433386005,0.809567218269011,0.0,22.757339560917373
9933,0.48217658403551783,0.7294448751036857,0.0,49.328708287581065
19006,0.5399313098496097,0.616313351497134,0.0,20.54203253354094
11815,0.5188579878871811,0.6561250596804045,0.0,3.9308453476795524
802,0.47591725427852444,0.7425112754111858,0.0,59.44545656155932
10895,0.5998885796840528,0.511011341537047,0.0,5.7759611797477675
2088,0.4648195484665818,0.7661060165263837,0.0,44.434148958530244
19901,0.4782173141035929,0.7376900177886192,0.0,22.506922611574616
18480,0.5164651418916218,0.6607474817771425,0.0,4.020648215517714
14557,0.5117500397028062,0.6699189768583158,0.0,15.689503128017042
14631,0.151723830996007,1.8856933120451678,0.0,72.09854620492253
13529,0.570295876926007,0.5615999705038404,0.0,17.3371533878249
13684,0.5629002767875754,0.5746527947951419,0.0,12.998646700533925
4309,0.48754275796129065,0.718377283751868,0.0,39.3886223027193
9651,0.45970434344989036,0.7771717277701917,0.2,59.8810810317583
3286,0.5033160525651421,0.6865369710826913,0.2,58.865393833641406
15562,0.5873430364965978,0.5321462405812835,0.0,7.891196853296976
8193,0.515482649559559,0.6626516335899794,0.0,13.9819497215301
10435,0.4550046619055469,0.787447614137419,0.0,39.490496046667005
9044,0.4836565427972547,0.7263802464863223,0.0,18.18492866721806
4928,0.48187108209746776,0.7300786652346279,0.0,23.31871295749809
8308,0.43959842089389983,0.8218936486022075,0.8,37.97559440332175
20749,0.5182579373326959,0.6572822121391592,0.0,10.500083589656334
11649,0.4632685948477992,0.7694482746377996,0.8,10.395246366469406
1072,0.48377066696215193,0.72614431314834,0.0,33.87463331637835
13040,0.4870586926862189,0.7193706442984895,0.0,15.147428284507804
10912,0.58336597158161,0.5389405510151417,0.0,6.445998589937991
8625,0.4889505679162417,0.7154938827228572,0.8,24.756088615150112
21173,0.4452159821330113,0.8091957614537287,0.0,6.868251560421906
2774,0.4635947385664631,0.7687445166610472,0.0,38.87540704041933
16196,0.5147762485241621,0.6640229416124752,0.0,6.9157992281942775
17689,0.5305236324266452,0.6338907744619756,0.0,16.267221636915238
15701,0.4480044288461632,0.8029521607986877,0.2,1.7541132420011853
12443,0.42929233899808683,0.8456171492449148,0.0,6.512097443756723
19379,0.5189033891085184,0.65603756129711,0.0,19.997335922403952
16968,0.46493825317442306,0.7658506710842121,0.8,9.553220888389475
8270,0.46203134029081655,0.7721225540738557,0.2,51.365454087928775
6207,0.5152131577418861,0.6631745654228345,0.0,16.244460271685472
1663,0.4475843677066844,0.8038902278488764,0.0,59.534099690270764
18873,0.46453143393875185,0.766726050383376,0.0,30.596203567017618
17287,0.4418599382952145,0.8167623288070841,0.2,12.158732311199927
20101,0.472082318358808,0.7506019053005103,0.0,21.747938871167314
12895,0.5600346856706583,0.57975655847346,0.0,10.17298773882614
1327,0.47741452195359935,0.7393701467013425,0.0,36.34817244254434
21011,0.4814040629830036,0.7310483137373242,0.0,10.027679570356195
18691,0.5358045801055485,0.6239857737455128,0.8,17.977030403443074
11015,0.37045620128914974,0.9930200563779517,0.0,7.360810791630275
8390,0.4682538079159709,0.7587448054625573,0.0,30.539478419867933
1445,0.4526396546545977,0.7926589343873769,0.0,40.46920213704783
6257,0.46796266615204823,0.7593667594259237,0.0,31.168207250194982
17887,0.5477032484755507,0.6020216560879932,0.2,23.21275020706215
3121,0.48544454982635366,0.722690210283588,0.0,25.344745454097882
3532,0.4742278660883413,0.7460673426565972,0.0,30.350019726952063
2069,0.4574531774968506,0.7820807437732721,0.2,73.51558991468758
10843,0.6289493460752376,0.46370455640645736,0.0,4.2000039665847115
9218,0.47717738323544395,0.7398669846102844,0.0,20.342641951596576
18093,0.42549844890416577,0.8544939763239641,0.0,11.203057680772194
242,0.42456516439972547,0.8566897764142699,0.0,28.617724203366947
10776,0.4270651669496537,0.8508186615909685,0.8,32.41151439906629
6685,0.3699019823296091,0.9945172210620922,0.0,13.073426548684656
16730,0.43996125744868014,0.821068607199569,0.0,13.650265594692835
6985,0.4031752183134072,0.9083840266302272,0.0,39.06051314509976
20522,0.48630067435388835,0.7209281748699071,0.8,20.265651701691322
4425,0.47362739903868334,0.7473343443858215,0.0,32.785556889966784
2336,0.40191845609722215,0.911506056468351,0.0,70.68729398369669
17344,0.5076792918631826,0.6779053459969823,0.0,9.009362345690315
9226,0.4602716069216176,0.7759385139163075,0.0,49.76869580899668
11312,0.46441869663223245,0.7669687702094738,0.2,4.941426427229492
11565,0.5207167402305602,0.6525490698571261,0.0,4.391981347891819
745,0.47059807355898137,0.7537508962820787,0.2,63.254770960501446
4939,0.5035823587657872,0.6860080076761397,0.8,22.449613621349396
7069,0.48907002684796835,0.7152495955719316,0.0,17.31172215326268
2062,0.4697984002923107,0.7554516118454747,0.0,54.43406035843282
6917,0.4813293280776113,0.7312035694004939,0.0,60.550971375530445
9854,0.356700564225475,1.030858604825789,0.0,15.983461802692888
9020,0.4543017435796961,0.7889936682763211,0.0,50.86247694582393
14130,0.4406010759052947,0.8196154027074462,0.2,7.7494639608902895
9658,0.4915952056726544,0.7100996538344478,0.0,36.99619088124865
20952,0.4639349877003968,0.7680108492872472,0.0,16.933102730469145
16519,0.5998123572942837,0.5111384105215285,0.0,4.244493310274978
2450,0.5072263303578003,0.6787979640405526,0.0,23.434819729765657
1012,0.4119194327229882,0.8869275003985588,0.0,72.81674642937773
3484,0.49382966798214256,0.7055646229075551,0.0,58.57950389350593
19995,0.443919044076642,0.8121130663353401,0.0,8.156051511264977
6239,0.5206382225089635,0.6526998690073774,0.0,20.482048757275304
4875,0.43592492061676874,0.8302852508815526,0.0,13.151721667942141
20164,0.5257930057173352,0.6428476689480237,0.0,8.710586190126012
14480,0.4166989583967381,0.8753912402047102,0.0,12.892325291559485
18675,0.5393407163396612,0.617407780991399,0.0,20.250975923085022
9215,0.4774678388757625,0.739258474469441,0.0,20.263074672405487
16129,0.5698397585904159,0.5624000829566322,0.0,14.035537163996082
18069,0.48444330329355034,0.7247548755647588,0.0,26.161839010110064
14263,0.44642498634240857,0.8064838964921986,0.2,11.56417277331466
1589,0.4633955058214527,0.7691743653013845,0.8,34.71129948976059
16409,0.5625288038209884,0.5753129394217167,0.0,9.803332740130193
18244,0.3691252623860653,0.9966192280857522,0.0,10.75950119021558
15651,0.4972788744905491,0.6986042945768952,0.2,5.435141225260772
8995,0.4449452265605449,0.809804090772445,0.0,60.83653231927993
15184,0.45790958123295045,0.7810835352467754,0.8,12.4973358190491
17875,0.4685711685248408,0.7580672816368889,0.0,25.546867969522594
600,0.5149913410237886,0.6636051920057916,0.0,32.234622707971916
4645,0.5229555861096141,0.6482587399197715,0.0,50.82186396936167
8701,0.5240032669973427,0.6462573599527776,0.0,18.24384497563377
5342,0.44382949233376323,0.8123148165821941,0.0,52.71922663820823
19973,0.44920532393989815,0.8002752041402251,0.0,13.966802511808059
67,0.48814649280197336,0.717139728009065,0.0,24.820206424101094
6368,0.49214361974997084,0.7089846950263649,0.0,51.558785078253294
4249,0.4689813715230247,0.7571922308918121,0.0,46.50674543491471
5381,0.4589519377661838,0.7788097851532,0.0,52.55408543108888
1108,0.4616188447234124,0.7730157398308015,0.0,44.11213918304809
12824,0.5583611865709369,0.5827492382396569,0.8,4.220852611415685
17393,0.5257281664614646,0.6429709936278654,0.0,20.861193692036913
12499,0.5503826223147634,0.597141565690717,0.0,4.629638144219726
8988,0.5261193968383544,0.6422271018158163,0.0,11.75115017498372
